# SOCRATES band-resolved flux diagnostic (appended time series)
# source (sw/lw) = lw
# n_profile      = 1
# n_layer        = 60
# n_band         = 17
# Profile 1 only. Level 0 = TOA, level n_layer = surface.
# call_index increments once per logged call to this routine for this source (sw/lw), throttled by SOCRATES_BAND_FLUX_STRIDE (currently every 100 call(s)).
# column_absorption = net_down(TOA) - net_down(surface), i.e. net energy this band deposits in the column.
#call_index  band  wl_short_um  wl_long_um  down_toa  up_toa  down_surf  up_surf  net_toa  net_surf  column_absorption
   15001       1    40.000000 10000.000000  -8.882850E-011   2.523546E+001   1.402242E+001   2.523546E+001  -2.523546E+001  -1.121303E+001  -1.402242E+001
   15001       2    29.411765    40.000000  -8.638992E-010   2.765283E+001   4.238123E+000   2.765283E+001  -2.765283E+001  -2.341471E+001  -4.238123E+000
   15001       3    25.000000    29.411765  -1.329393E-009   2.318048E+001   1.823111E+000   2.318048E+001  -2.318048E+001  -2.135737E+001  -1.823111E+000
   15001       4    20.833333    25.000000  -2.073456E-009   3.507765E+001   1.415441E+000   3.507765E+001  -3.507765E+001  -3.366221E+001  -1.415441E+000
   15001       5    19.230769    20.833333  -2.618350E-012   1.869638E+001   4.570210E-001   1.869638E+001  -1.869638E+001  -1.823935E+001  -4.570210E-001
   15001       6    17.543860    19.230769  -1.138396E-010   2.391694E+001   2.174309E+000   2.391694E+001  -2.391694E+001  -2.174263E+001  -2.174309E+000
   15001       7    13.333333    17.543860   1.777835E-009   8.466639E+001   8.266120E+001   8.466639E+001  -8.466639E+001  -2.005183E+000  -8.266120E+001
   15001       8    11.627907    13.333333  -5.053806E-010   4.611109E+001   6.920785E+000   4.611109E+001  -4.611109E+001  -3.919030E+001  -6.920785E+000
   15001       9     9.009009    11.627907   1.636664E-009   8.014973E+001   3.413992E+000   8.014973E+001  -8.014973E+001  -7.673574E+001  -3.413992E+000
   15001      10     8.695652     9.009009   3.642491E-010   9.610818E+000   3.336250E-005   9.610818E+000  -9.610818E+000  -9.610785E+000  -3.336214E-005
   15001      11     8.333333     8.695652  -1.139771E-009   1.087567E+001   1.050873E-005   1.087567E+001  -1.087567E+001  -1.087566E+001  -1.050987E-005
   15001      12     7.633588     8.333333  -8.718040E-010   1.987768E+001   1.217065E-005   1.987768E+001  -1.987768E+001  -1.987767E+001  -1.217152E-005
   15001      13     7.042254     7.633588   2.609788E-010   1.508527E+001   1.947353E-005   1.508527E+001  -1.508527E+001  -1.508525E+001  -1.947327E-005
   15001      14     6.451613     7.042254   1.513616E-010   1.292597E+001   2.363809E-005   1.292597E+001  -1.292597E+001  -1.292595E+001  -2.363794E-005
   15001      15     5.464481     6.451613  -1.193333E-009   1.568115E+001   8.294163E-005   1.568115E+001  -1.568115E+001  -1.568107E+001  -8.294282E-005
   15001      16     4.950495     5.464481   3.615117E-010   5.034998E+000   1.317785E-001   5.034998E+000  -5.034998E+000  -4.903220E+000  -1.317785E-001
   15001      17     3.333333     4.950495   1.283595E-010   5.359434E+000   5.126606E+000   5.359434E+000  -5.359434E+000  -2.328276E-001  -5.126606E+000
   15101       1    40.000000 10000.000000  -6.279421E-011   2.507377E+001   1.391756E+001   2.515003E+001  -2.507377E+001  -1.123247E+001  -1.384130E+001
   15101       2    29.411765    40.000000  -5.541523E-010   2.751184E+001   4.181144E+000   2.753616E+001  -2.751184E+001  -2.335502E+001  -4.156826E+000
   15101       3    25.000000    29.411765  -7.975061E-010   2.305697E+001   1.797634E+000   2.306880E+001  -2.305697E+001  -2.127116E+001  -1.785811E+000
   15101       4    20.833333    25.000000  -1.162213E-009   3.487769E+001   1.391225E+000   3.488793E+001  -3.487769E+001  -3.349670E+001  -1.380986E+000
   15101       5    19.230769    20.833333  -1.378453E-012   1.858154E+001   4.434916E-001   1.858556E+001  -1.858154E+001  -1.814206E+001  -4.394743E-001
   15101       6    17.543860    19.230769  -5.736922E-011   2.373283E+001   2.077434E+000   2.376610E+001  -2.373283E+001  -2.168866E+001  -2.044171E+000
   15101       7    13.333333    17.543860   7.936833E-010   5.838087E+001   7.885654E+001   8.404056E+001  -5.838087E+001  -5.184017E+000  -5.319686E+001
   15101       8    11.627907    13.333333  -1.917684E-010   4.552254E+001   6.641336E+000   4.570538E+001  -4.552254E+001  -3.906404E+001  -6.458495E+000
   15101       9     9.009009    11.627907   5.109619E-010   7.922068E+001   3.234542E+000   7.930893E+001  -7.922068E+001  -7.607439E+001  -3.146292E+000
   15101      10     8.695652     9.009009   9.469892E-011   9.495125E+000   3.130408E-005   9.495126E+000  -9.495125E+000  -9.495095E+000  -3.077447E-005
   15101      11     8.333333     8.695652  -2.811542E-010   1.074009E+001   9.737555E-006   1.074009E+001  -1.074009E+001  -1.074008E+001  -9.526680E-006
   15101      12     7.633588     8.333333  -1.962324E-010   1.961362E+001   1.186556E-005   1.961362E+001  -1.961362E+001  -1.961361E+001  -1.161276E-005
   15101      13     7.042254     7.633588   5.159295E-011   1.486822E+001   1.888007E-005   1.486822E+001  -1.486822E+001  -1.486820E+001  -1.844088E-005
   15101      14     6.451613     7.042254   2.600364E-011   1.272481E+001   2.234569E-005   1.272481E+001  -1.272481E+001  -1.272479E+001  -2.145101E-005
   15101      15     5.464481     6.451613  -1.642890E-010   1.540740E+001   7.636613E-005   1.540740E+001  -1.540740E+001  -1.540732E+001  -7.356398E-005
   15101      16     4.950495     5.464481   3.712741E-011   4.927933E+000   1.240744E-001   4.934919E+000  -4.927933E+000  -4.810845E+000  -1.170877E-001
   15101      17     3.333333     4.950495   8.883116E-012   3.944159E+000   2.107425E+000   5.234486E+000  -3.944159E+000  -3.127061E+000  -8.170979E-001
   15201       1    40.000000 10000.000000  -6.170708E-011   2.490702E+001   1.380801E+001   2.506461E+001  -2.490702E+001  -1.125660E+001  -1.365042E+001
   15201       2    29.411765    40.000000  -5.416823E-010   2.736940E+001   4.121995E+000   2.741950E+001  -2.736940E+001  -2.329750E+001  -4.071892E+000
   15201       3    25.000000    29.411765  -7.766392E-010   2.293276E+001   1.771028E+000   2.295712E+001  -2.293276E+001  -2.118609E+001  -1.746669E+000
   15201       4    20.833333    25.000000  -1.127649E-009   3.467719E+001   1.366003E+000   3.469822E+001  -3.467719E+001  -3.333222E+001  -1.344973E+000
   15201       5    19.230769    20.833333  -1.337597E-012   1.846677E+001   4.300113E-001   1.847474E+001  -1.846677E+001  -1.804473E+001  -4.220387E-001
   15201       6    17.543860    19.230769  -5.533352E-011   2.355589E+001   1.982038E+000   2.361526E+001  -2.355589E+001  -2.163322E+001  -1.922675E+000
   15201       7    13.333333    17.543860   7.605365E-010   5.592082E+001   7.793159E+001   8.341477E+001  -5.592082E+001  -5.483182E+000  -5.043763E+001
   15201       8    11.627907    13.333333  -1.821299E-010   4.497573E+001   6.373065E+000   4.529969E+001  -4.497573E+001  -3.892663E+001  -6.049104E+000
   15201       9     9.009009    11.627907   4.802772E-010   7.830818E+001   3.055804E+000   7.846818E+001  -7.830818E+001  -7.541237E+001  -2.895803E+000
   15201      10     8.695652     9.009009   8.812595E-011   9.379441E+000   2.920975E-005   9.379442E+000  -9.379441E+000  -9.379412E+000  -2.811685E-005
   15201      11     8.333333     8.695652  -2.609060E-010   1.060452E+001   9.029659E-006   1.060452E+001  -1.060452E+001  -1.060451E+001  -8.651295E-006
   15201      12     7.633588     8.333333  -1.812079E-010   1.934959E+001   1.166844E-005   1.934959E+001  -1.934959E+001  -1.934957E+001  -1.121352E-005
   15201      13     7.042254     7.633588   4.731149E-011   1.465118E+001   1.830235E-005   1.465118E+001  -1.465118E+001  -1.465116E+001  -1.741772E-005
   15201      14     6.451613     7.042254   2.367084E-011   1.252366E+001   2.116214E-005   1.252367E+001  -1.252366E+001  -1.252364E+001  -1.947926E-005
   15201      15     5.464481     6.451613  -1.478215E-010   1.513366E+001   7.020928E-005   1.513367E+001  -1.513366E+001  -1.513360E+001  -6.501224E-005
   15201      16     4.950495     5.464481   3.288536E-011   4.822094E+000   1.165191E-001   4.834847E+000  -4.822094E+000  -4.718328E+000  -1.037662E-001
   15201      17     3.333333     4.950495   7.716161E-012   3.821157E+000   1.993803E+000   5.109546E+000  -3.821157E+000  -3.115743E+000  -7.054138E-001
   15301       1    40.000000 10000.000000  -6.070877E-011   2.474142E+001   1.369865E+001   2.498017E+001  -2.474142E+001  -1.128153E+001  -1.345990E+001
   15301       2    29.411765    40.000000  -5.301253E-010   2.722847E+001   4.063278E+000   2.730418E+001  -2.722847E+001  -2.324090E+001  -3.987566E+000
   15301       3    25.000000    29.411765  -7.573551E-010   2.281004E+001   1.744351E+000   2.284672E+001  -2.281004E+001  -2.110237E+001  -1.707664E+000
   15301       4    20.833333    25.000000  -1.095739E-009   3.447898E+001   1.340591E+000   3.451070E+001  -3.447898E+001  -3.317011E+001  -1.308873E+000
   15301       5    19.230769    20.833333  -1.289635E-012   1.835357E+001   4.170202E-001   1.836521E+001  -1.835357E+001  -1.794819E+001  -4.053801E-001
   15301       6    17.543860    19.230769  -5.346834E-011   2.338464E+001   1.890083E+000   2.346616E+001  -2.338464E+001  -2.157607E+001  -1.808568E+000
   15301       7    13.333333    17.543860   7.303385E-010   5.373916E+001   7.683763E+001   8.279618E+001  -5.373916E+001  -5.958553E+000  -4.778061E+001
   15301       8    11.627907    13.333333  -1.734133E-010   4.445940E+001   6.114882E+000   4.489868E+001  -4.445940E+001  -3.878380E+001  -5.675604E+000
   15301       9     9.009009    11.627907   4.528040E-010   7.741921E+001   2.886645E+000   7.763711E+001  -7.741921E+001  -7.475046E+001  -2.668745E+000
   15301      10     8.695652     9.009009   8.229062E-011   9.265087E+000   2.727234E-005   9.265089E+000  -9.265087E+000  -9.265061E+000  -2.573531E-005
   15301      11     8.333333     8.695652  -2.429754E-010   1.047050E+001   8.314612E-006   1.047050E+001  -1.047050E+001  -1.047050E+001  -7.749760E-006
   15301      12     7.633588     8.333333  -1.679750E-010   1.908859E+001   1.133220E-005   1.908859E+001  -1.908859E+001  -1.908858E+001  -1.059051E-005
   15301      13     7.042254     7.633588   4.356737E-011   1.443664E+001   1.774510E-005   1.443664E+001  -1.443664E+001  -1.443662E+001  -1.641971E-005
   15301      14     6.451613     7.042254   2.164202E-011   1.232483E+001   2.008645E-005   1.232483E+001  -1.232483E+001  -1.232481E+001  -1.772022E-005
   15301      15     5.464481     6.451613  -1.336633E-010   1.486308E+001   6.467152E-005   1.486308E+001  -1.486308E+001  -1.486302E+001  -5.750546E-005
   15301      16     4.950495     5.464481   2.929196E-011   4.718459E+000   1.096130E-001   4.735926E+000  -4.718459E+000  -4.626313E+000  -9.214568E-002
   15301      17     3.333333     4.950495   6.746215E-012   3.711492E+000   1.881239E+000   4.986044E+000  -3.711492E+000  -3.104805E+000  -6.066867E-001
   15401       1    40.000000 10000.000000  -5.979928E-011   2.457843E+001   1.359119E+001   2.489667E+001  -2.457843E+001  -1.130548E+001  -1.327295E+001
   15401       2    29.411765    40.000000  -5.197478E-010   2.708952E+001   4.005817E+000   2.719012E+001  -2.708952E+001  -2.318431E+001  -3.905215E+000
   15401       3    25.000000    29.411765  -7.401173E-010   2.268897E+001   1.717972E+000   2.273754E+001  -2.268897E+001  -2.101957E+001  -1.669404E+000
   15401       4    20.833333    25.000000  -1.067235E-009   3.428331E+001   1.315514E+000   3.432523E+001  -3.428331E+001  -3.300972E+001  -1.273592E+000
   15401       5    19.230769    20.833333  -1.257661E-012   1.824186E+001   4.045989E-001   1.825687E+001  -1.824186E+001  -1.785227E+001  -3.895835E-001
   15401       6    17.543860    19.230769  -5.180922E-011   2.321858E+001   1.802746E+000   2.331869E+001  -2.321858E+001  -2.151595E+001  -1.702637E+000
   15401       7    13.333333    17.543860   7.036292E-010   5.183361E+001   7.570734E+001   8.218439E+001  -5.183361E+001  -6.477046E+000  -4.535657E+001
   15401       8    11.627907    13.333333  -1.657590E-010   4.396659E+001   5.867486E+000   4.450207E+001  -4.396659E+001  -3.863458E+001  -5.332007E+000
   15401       9     9.009009    11.627907   4.288481E-010   7.654985E+001   2.727447E+000   7.681516E+001  -7.654985E+001  -7.408771E+001  -2.462145E+000
   15401      10     8.695652     9.009009   7.724354E-011   9.151989E+000   2.547174E-005   9.151991E+000  -9.151989E+000  -9.151966E+000  -2.355577E-005
   15401      11     8.333333     8.695652  -2.275091E-010   1.033796E+001   7.717787E-006   1.033796E+001  -1.033796E+001  -1.033795E+001  -7.049124E-006
   15401      12     7.633588     8.333333  -1.566081E-010   1.883045E+001   1.115597E-005   1.883045E+001  -1.883045E+001  -1.883044E+001  -1.026195E-005
   15401      13     7.042254     7.633588   4.037037E-011   1.422445E+001   1.720745E-005   1.422445E+001  -1.422445E+001  -1.422444E+001  -1.548343E-005
   15401      14     6.451613     7.042254   1.991918E-011   1.212818E+001   1.913164E-005   1.212818E+001  -1.212818E+001  -1.212816E+001  -1.618873E-005
   15401      15     5.464481     6.451613  -1.217619E-010   1.459546E+001   5.965926E-005   1.459547E+001  -1.459546E+001  -1.459541E+001  -5.088700E-005
   15401      16     4.950495     5.464481   2.631029E-011   4.616692E+000   1.032785E-001   4.638091E+000  -4.616692E+000  -4.534813E+000  -8.187874E-002
   15401      17     3.333333     4.950495   5.955014E-012   3.609161E+000   1.774582E+000   4.863898E+000  -3.609161E+000  -3.089316E+000  -5.198451E-001
   15501       1    40.000000 10000.000000  -5.897505E-011   2.441884E+001   1.348610E+001   2.481407E+001  -2.441884E+001  -1.132797E+001  -1.309087E+001
   15501       2    29.411765    40.000000  -5.104006E-010   2.695277E+001   3.949993E+000   2.707732E+001  -2.695277E+001  -2.312732E+001  -3.825448E+000
   15501       3    25.000000    29.411765  -7.246452E-010   2.256957E+001   1.691768E+000   2.262955E+001  -2.256957E+001  -2.093779E+001  -1.631788E+000
   15501       4    20.833333    25.000000  -1.041773E-009   3.409020E+001   1.290669E+000   3.414179E+001  -3.409020E+001  -3.285112E+001  -1.239077E+000
   15501       5    19.230769    20.833333  -1.220357E-012   1.813158E+001   3.927148E-001   1.814972E+001  -1.813158E+001  -1.775701E+001  -3.745769E-001
   15501       6    17.543860    19.230769  -5.032952E-011   2.305701E+001   1.720282E+000   2.317284E+001  -2.305701E+001  -2.145255E+001  -1.604457E+000
   15501       7    13.333333    17.543860   6.799610E-010   5.015647E+001   7.456841E+001   8.157928E+001  -5.015647E+001  -7.010865E+000  -4.314561E+001
   15501       8    11.627907    13.333333  -1.590248E-010   4.349293E+001   5.630535E+000   4.410979E+001  -4.349293E+001  -3.847925E+001  -5.013676E+000
   15501       9     9.009009    11.627907   4.080043E-010   7.569756E+001   2.577764E+000   7.600218E+001  -7.569756E+001  -7.342442E+001  -2.273139E+000
   15501      10     8.695652     9.009009   7.288503E-011   9.040127E+000   2.377413E-005   9.040129E+000  -9.040127E+000  -9.040105E+000  -2.151105E-005
   15501      11     8.333333     8.695652  -2.142007E-010   1.020687E+001   7.124936E-006   1.020687E+001  -1.020687E+001  -1.020686E+001  -6.343322E-006
   15501      12     7.633588     8.333333  -1.468621E-010   1.857514E+001   1.088325E-005   1.857514E+001  -1.857514E+001  -1.857513E+001  -9.758008E-006
   15501      13     7.042254     7.633588   3.764411E-011   1.401458E+001   1.669568E-005   1.401458E+001  -1.401458E+001  -1.401457E+001  -1.457997E-005
   15501      14     6.451613     7.042254   1.846256E-011   1.193368E+001   1.824796E-005   1.193368E+001  -1.193368E+001  -1.193366E+001  -1.478139E-005
   15501      15     5.464481     6.451613  -1.118037E-010   1.433077E+001   5.510947E-005   1.433078E+001  -1.433077E+001  -1.433073E+001  -4.500601E-005
   15501      16     4.950495     5.464481   2.385109E-011   4.516595E+000   9.739400E-002   4.541325E+000  -4.516595E+000  -4.443931E+000  -7.266372E-002
   15501      17     3.333333     4.950495   5.314416E-012   3.509637E+000   1.668225E+000   4.743086E+000  -3.509637E+000  -3.074861E+000  -4.347753E-001
   15601       1    40.000000 10000.000000  -5.824674E-011   2.426308E+001   1.338372E+001   2.473245E+001  -2.426308E+001  -1.134874E+001  -1.291435E+001
   15601       2    29.411765    40.000000  -5.020162E-010   2.681835E+001   3.896137E+000   2.696576E+001  -2.681835E+001  -2.306963E+001  -3.748721E+000
   15601       3    25.000000    29.411765  -7.107772E-010   2.245246E+001   1.665327E+000   2.252335E+001  -2.245246E+001  -2.085802E+001  -1.594437E+000
   15601       4    20.833333    25.000000  -1.018961E-009   3.390031E+001   1.265662E+000   3.396093E+001  -3.390031E+001  -3.269527E+001  -1.205036E+000
   15601       5    19.230769    20.833333  -1.190159E-012   1.802335E+001   3.813075E-001   1.804436E+001  -1.802335E+001  -1.766306E+001  -3.602943E-001
   15601       6    17.543860    19.230769  -4.901501E-011   2.290009E+001   1.642533E+000   2.302926E+001  -2.290009E+001  -2.138673E+001  -1.513364E+000
   15601       7    13.333333    17.543860   6.589786E-010   4.866787E+001   7.346485E+001   8.098654E+001  -4.866787E+001  -7.521686E+000  -4.114619E+001
   15601       8    11.627907    13.333333  -1.531042E-010   4.304091E+001   5.404999E+000   4.372721E+001  -4.304091E+001  -3.832221E+001  -4.718698E+000
   15601       9     9.009009    11.627907   3.898464E-010   7.487523E+001   2.437786E+000   7.521260E+001  -7.487523E+001  -7.277481E+001  -2.100423E+000
   15601      10     8.695652     9.009009   6.912582E-011   8.931977E+000   2.222015E-005   8.931980E+000  -8.931977E+000  -8.931957E+000  -1.969749E-005
   15601      11     8.333333     8.695652  -2.027254E-010   1.008017E+001   6.596232E-006   1.008017E+001  -1.008017E+001  -1.008016E+001  -5.744078E-006
   15601      12     7.633588     8.333333  -1.385083E-010   1.832931E+001   1.063614E-005   1.832931E+001  -1.832931E+001  -1.832930E+001  -9.281949E-006
   15601      13     7.042254     7.633588   3.532374E-011   1.381317E+001   1.621865E-005   1.381317E+001  -1.381317E+001  -1.381315E+001  -1.374172E-005
   15601      14     6.451613     7.042254   1.723088E-011   1.174752E+001   1.738551E-005   1.174753E+001  -1.174752E+001  -1.174751E+001  -1.340925E-005
   15601      15     5.464481     6.451613  -1.034675E-010   1.407902E+001   5.098999E-005   1.407903E+001  -1.407902E+001  -1.407898E+001  -3.977662E-005
   15601      16     4.950495     5.464481   2.182104E-011   4.422389E+000   9.201908E-002   4.449989E+000  -4.422389E+000  -4.357970E+000  -6.441914E-002
   15601      17     3.333333     4.950495   4.795192E-012   3.416510E+000   1.569855E+000   4.630296E+000  -3.416510E+000  -3.060441E+000  -3.560698E-001
   15701       1    40.000000 10000.000000  -5.757883E-011   2.411121E+001   1.328391E+001   2.465178E+001  -2.411121E+001  -1.136787E+001  -1.274334E+001
   15701       2    29.411765    40.000000  -4.943921E-010   2.668619E+001   3.844546E+000   2.685543E+001  -2.668619E+001  -2.301089E+001  -3.675304E+000
   15701       3    25.000000    29.411765  -6.981988E-010   2.233764E+001   1.637694E+000   2.241883E+001  -2.233764E+001  -2.078113E+001  -1.556502E+000
   15701       4    20.833333    25.000000  -9.982593E-010   3.371353E+001   1.239394E+000   3.378254E+001  -3.371353E+001  -3.254314E+001  -1.170392E+000
   15701       5    19.230769    20.833333  -1.165290E-012   1.791705E+001   3.702363E-001   1.794069E+001  -1.791705E+001  -1.757046E+001  -3.465934E-001
   15701       6    17.543860    19.230769  -4.782130E-011   2.274742E+001   1.569210E+000   2.288784E+001  -2.274742E+001  -2.131863E+001  -1.428790E+000
   15701       7    13.333333    17.543860   6.400320E-010   4.732971E+001   7.240943E+001   8.040536E+001  -4.732971E+001  -7.995931E+000  -3.933377E+001
   15701       8    11.627907    13.333333  -1.477716E-010   4.260783E+001   5.190250E+000   4.335362E+001  -4.260783E+001  -3.816337E+001  -4.444455E+000
   15701       9     9.009009    11.627907   3.735501E-010   7.407987E+001   2.306579E+000   7.444459E+001  -7.407987E+001  -7.213801E+001  -1.941862E+000
   15701      10     8.695652     9.009009   6.576295E-011   8.827239E+000   2.074065E-005   8.827242E+000  -8.827239E+000  -8.827221E+000  -1.795564E-005
   15701      11     8.333333     8.695652  -1.924692E-010   9.957511E+000   6.100520E-006   9.957512E+000  -9.957511E+000  -9.957506E+000  -5.163402E-006
   15701      12     7.633588     8.333333  -1.310547E-010   1.809216E+001   1.042119E-005   1.809216E+001  -1.809216E+001  -1.809215E+001  -8.883473E-006
   15701      13     7.042254     7.633588   3.325806E-011   1.361948E+001   1.580164E-005   1.361949E+001  -1.361948E+001  -1.361947E+001  -1.301622E-005
   15701      14     6.451613     7.042254   1.613643E-011   1.156899E+001   1.661608E-005   1.156900E+001  -1.156899E+001  -1.156898E+001  -1.221524E-005
   15701      15     5.464481     6.451613  -9.609735E-011   1.383905E+001   4.728580E-005   1.383906E+001  -1.383905E+001  -1.383902E+001  -3.517494E-005
   15701      16     4.950495     5.464481   2.003642E-011   4.333469E+000   8.705086E-002   4.363587E+000  -4.333469E+000  -4.276536E+000  -5.693267E-002
   15701      17     3.333333     4.950495   4.341943E-012   3.329405E+000   1.485362E+000   4.524774E+000  -3.329405E+000  -3.039411E+000  -2.899932E-001
   15801       1    40.000000 10000.000000  -5.695000E-011   2.396317E+001   1.318644E+001   2.457200E+001  -2.396317E+001  -1.138556E+001  -1.257761E+001
   15801       2    29.411765    40.000000  -4.873595E-010   2.655626E+001   3.795544E+000   2.674631E+001  -2.655626E+001  -2.295076E+001  -3.605493E+000
   15801       3    25.000000    29.411765  -6.866205E-010   2.222470E+001   1.607873E+000   2.231545E+001  -2.222470E+001  -2.070758E+001  -1.517117E+000
   15801       4    20.833333    25.000000  -9.794334E-010   3.352941E+001   1.210739E+000   3.360609E+001  -3.352941E+001  -3.239535E+001  -1.134063E+000
   15801       5    19.230769    20.833333  -1.145750E-012   1.781214E+001   3.593587E-001   1.783816E+001  -1.781214E+001  -1.747880E+001  -3.333359E-001
   15801       6    17.543860    19.230769  -4.674128E-011   2.259808E+001   1.499893E+000   2.274797E+001  -2.259808E+001  -2.124808E+001  -1.350004E+000
   15801       7    13.333333    17.543860   6.229861E-010   4.612025E+001   7.138338E+001   7.983056E+001  -4.612025E+001  -8.447177E+000  -3.767308E+001
   15801       8    11.627907    13.333333  -1.430269E-010   4.218801E+001   4.985525E+000   4.298413E+001  -4.218801E+001  -3.799860E+001  -4.189411E+000
   15801       9     9.009009    11.627907   3.592042E-010   7.329799E+001   2.183527E+000   7.368499E+001  -7.329799E+001  -7.150147E+001  -1.796519E+000
   15801      10     8.695652     9.009009   6.284373E-011   8.723649E+000   1.944835E-005   8.723652E+000  -8.723649E+000  -8.723632E+000  -1.653070E-005
   15801      11     8.333333     8.695652  -1.835914E-010   9.836196E+000   5.658438E-006   9.836197E+000  -9.836196E+000  -9.836191E+000  -4.692790E-006
   15801      12     7.633588     8.333333  -1.246367E-010   1.785761E+001   1.020058E-005   1.785761E+001  -1.785761E+001  -1.785760E+001  -8.471644E-006
   15801      13     7.042254     7.633588   3.149325E-011   1.342792E+001   1.535301E-005   1.342792E+001  -1.342792E+001  -1.342791E+001  -1.225713E-005
   15801      14     6.451613     7.042254   1.521050E-011   1.139242E+001   1.593312E-005   1.139242E+001  -1.139242E+001  -1.139241E+001  -1.117155E-005
   15801      15     5.464481     6.451613  -8.994339E-011   1.360171E+001   4.392599E-005   1.360173E+001  -1.360171E+001  -1.360168E+001  -3.109833E-005
   15801      16     4.950495     5.464481   1.857370E-011   4.245878E+000   8.243232E-002   4.278131E+000  -4.245878E+000  -4.195699E+000  -5.017915E-002
   15801      17     3.333333     4.950495   3.979289E-012   3.241633E+000   1.406530E+000   4.420408E+000  -3.241633E+000  -3.013878E+000  -2.277544E-001
   15901       1    40.000000 10000.000000  -5.639933E-011   2.381903E+001   1.309136E+001   2.449310E+001  -2.381903E+001  -1.140174E+001  -1.241728E+001
   15901       2    29.411765    40.000000  -4.809326E-010   2.642858E+001   3.748898E+000   2.663840E+001  -2.642858E+001  -2.288951E+001  -3.539073E+000
   15901       3    25.000000    29.411765  -6.760175E-010   2.211364E+001   1.576922E+000   2.221323E+001  -2.211364E+001  -2.063631E+001  -1.477331E+000
   15901       4    20.833333    25.000000  -9.621957E-010   3.334794E+001   1.180803E+000   3.343162E+001  -3.334794E+001  -3.225081E+001  -1.097127E+000
   15901       5    19.230769    20.833333  -1.120881E-012   1.770861E+001   3.487844E-001   1.773677E+001  -1.770861E+001  -1.738799E+001  -3.206263E-001
   15901       6    17.543860    19.230769  -4.574829E-011   2.245192E+001   1.434526E+000   2.260967E+001  -2.245192E+001  -2.117514E+001  -1.276781E+000
   15901       7    13.333333    17.543860   6.074004E-010   4.501735E+001   7.039036E+001   7.926217E+001  -4.501735E+001  -8.871806E+000  -3.614555E+001
   15901       8    11.627907    13.333333  -1.386891E-010   4.178042E+001   4.791071E+000   4.261876E+001  -4.178042E+001  -3.782769E+001  -3.952737E+000
   15901       9     9.009009    11.627907   3.460983E-010   7.252908E+001   2.068443E+000   7.293388E+001  -7.252908E+001  -7.086543E+001  -1.663644E+000
   15901      10     8.695652     9.009009   6.017675E-011   8.621214E+000   1.820245E-005   8.621217E+000  -8.621214E+000  -8.621199E+000  -1.513437E-005
   15901      11     8.333333     8.695652  -1.754830E-010   9.716234E+000   5.236334E-006   9.716235E+000  -9.716234E+000  -9.716230E+000  -4.228519E-006
   15901      12     7.633588     8.333333  -1.187743E-010   1.762568E+001   9.979459E-006   1.762568E+001  -1.762568E+001  -1.762567E+001  -8.058754E-006
   15901      13     7.042254     7.633588   2.988298E-011   1.323850E+001   1.494894E-005   1.323850E+001  -1.323850E+001  -1.323849E+001  -1.155160E-005
   15901      14     6.451613     7.042254   1.436407E-011   1.121782E+001   1.527219E-005   1.121782E+001  -1.121782E+001  -1.121781E+001  -1.017770E-005
   15901      15     5.464481     6.451613  -8.432766E-011   1.336702E+001   4.085296E-005   1.336704E+001  -1.336702E+001  -1.336700E+001  -2.745440E-005
   15901      16     4.950495     5.464481   1.724035E-011   4.159607E+000   7.818523E-002   4.193629E+000  -4.159607E+000  -4.115443E+000  -4.416389E-002
   15901      17     3.333333     4.950495   3.648970E-012   3.158310E+000   1.331201E+000   4.317208E+000  -3.158310E+000  -2.986007E+000  -1.723026E-001
   16001       1    40.000000 10000.000000  -5.586998E-011   2.367880E+001   1.299884E+001   2.441511E+001  -2.367880E+001  -1.141627E+001  -1.226253E+001
   16001       2    29.411765    40.000000  -4.749587E-010   2.630313E+001   3.703821E+000   2.653174E+001  -2.630313E+001  -2.282792E+001  -3.475207E+000
   16001       3    25.000000    29.411765  -6.662138E-010   2.200432E+001   1.547401E+000   2.211219E+001  -2.200432E+001  -2.056479E+001  -1.439531E+000
   16001       4    20.833333    25.000000  -9.462440E-010   3.316898E+001   1.152316E+000   3.325915E+001  -3.316898E+001  -3.210683E+001  -1.062150E+000
   16001       5    19.230769    20.833333  -1.098677E-012   1.760645E+001   3.387595E-001   1.763655E+001  -1.760645E+001  -1.729779E+001  -3.086620E-001
   16001       6    17.543860    19.230769  -4.484058E-011   2.230870E+001   1.372864E+000   2.247295E+001  -2.230870E+001  -2.110009E+001  -1.208612E+000
   16001       7    13.333333    17.543860   5.931931E-010   4.400606E+001   6.944440E+001   7.870031E+001  -4.400606E+001  -9.255914E+000  -3.475015E+001
   16001       8    11.627907    13.333333  -1.347740E-010   4.138391E+001   4.606197E+000   4.225759E+001  -4.138391E+001  -3.765140E+001  -3.732518E+000
   16001       9     9.009009    11.627907   3.344383E-010   7.177255E+001   1.960621E+000   7.219140E+001  -7.177255E+001  -7.023078E+001  -1.541774E+000
   16001      10     8.695652     9.009009   5.782619E-011   8.519959E+000   1.705849E-005   8.519962E+000  -8.519959E+000  -8.519945E+000  -1.389406E-005
   16001      11     8.333333     8.695652  -1.683722E-010   9.597653E+000   4.886846E-006   9.597654E+000  -9.597653E+000  -9.597649E+000  -3.889118E-006
   16001      12     7.633588     8.333333  -1.136629E-010   1.739641E+001   9.776901E-006   1.739641E+001  -1.739641E+001  -1.739640E+001  -7.690539E-006
   16001      13     7.042254     7.633588   2.848966E-011   1.305125E+001   1.455574E-005   1.305126E+001  -1.305125E+001  -1.305124E+001  -1.088564E-005
   16001      14     6.451613     7.042254   1.363976E-011   1.104522E+001   1.467356E-005   1.104523E+001  -1.104522E+001  -1.104521E+001  -9.314355E-006
   16001      15     5.464481     6.451613  -7.958612E-011   1.313503E+001   3.805358E-005   1.313505E+001  -1.313503E+001  -1.313501E+001  -2.421551E-005
   16001      16     4.950495     5.464481   1.613548E-011   4.074614E+000   7.425434E-002   4.110099E+000  -4.074614E+000  -4.035844E+000  -3.876968E-002
   16001      17     3.333333     4.950495   3.381739E-012   3.074043E+000   1.266742E+000   4.215194E+000  -3.074043E+000  -2.948452E+000  -1.255909E-001
   16101       1    40.000000 10000.000000  -5.537437E-011   2.354245E+001   1.290902E+001   2.433804E+001  -2.354245E+001  -1.142902E+001  -1.211343E+001
   16101       2    29.411765    40.000000  -4.694272E-010   2.617986E+001   3.660300E+000   2.642633E+001  -2.617986E+001  -2.276603E+001  -3.413829E+000
   16101       3    25.000000    29.411765  -6.571401E-010   2.189666E+001   1.519357E+000   2.201234E+001  -2.189666E+001  -2.049298E+001  -1.403679E+000
   16101       4    20.833333    25.000000  -9.314736E-010   3.299251E+001   1.125348E+000   3.308872E+001  -3.299251E+001  -3.196337E+001  -1.029145E+000
   16101       5    19.230769    20.833333  -1.077360E-012   1.750563E+001   3.292598E-001   1.753751E+001  -1.750563E+001  -1.720825E+001  -2.973798E-001
   16101       6    17.543860    19.230769  -4.400569E-011   2.216820E+001   1.314706E+000   2.233785E+001  -2.216820E+001  -2.102314E+001  -1.145061E+000
   16101       7    13.333333    17.543860   5.800480E-010   4.307270E+001   6.852687E+001   7.814509E+001  -4.307270E+001  -9.618224E+000  -3.345447E+001
   16101       8    11.627907    13.333333  -1.311466E-010   4.099754E+001   4.430228E+000   4.190069E+001  -4.099754E+001  -3.747046E+001  -3.527076E+000
   16101       9     9.009009    11.627907   3.236327E-010   7.102794E+001   1.859569E+000   7.145769E+001  -7.102794E+001  -6.959812E+001  -1.429819E+000
   16101      10     8.695652     9.009009   5.565015E-011   8.419898E+000   1.599737E-005   8.419901E+000  -8.419898E+000  -8.419885E+000  -1.275747E-005
   16101      11     8.333333     8.695652  -1.617890E-010   9.480471E+000   4.511410E-006   9.480472E+000  -9.480471E+000  -9.480468E+000  -3.477942E-006
   16101      12     7.633588     8.333333  -1.089306E-010   1.716985E+001   9.602465E-006   1.716986E+001  -1.716985E+001  -1.716985E+001  -7.379145E-006
   16101      13     7.042254     7.633588   2.720002E-011   1.286622E+001   1.419700E-005   1.286622E+001  -1.286622E+001  -1.286621E+001  -1.029457E-005
   16101      14     6.451613     7.042254   1.296940E-011   1.087467E+001   1.410464E-005   1.087467E+001  -1.087467E+001  -1.087466E+001  -8.493607E-006
   16101      15     5.464481     6.451613  -7.519685E-011   1.290578E+001   3.548775E-005   1.290580E+001  -1.290578E+001  -1.290576E+001  -2.131953E-005
   16101      16     4.950495     5.464481   1.511283E-011   3.990856E+000   7.058765E-002   4.027554E+000  -3.990856E+000  -3.956967E+000  -3.388963E-002
   16101      17     3.333333     4.950495   3.134298E-012   2.992610E+000   1.206039E+000   4.114385E+000  -2.992610E+000  -2.908346E+000  -8.426392E-002
   16201       1    40.000000 10000.000000  -5.491252E-011   2.341000E+001   1.282199E+001   2.426216E+001  -2.341000E+001  -1.144017E+001  -1.196982E+001
   16201       2    29.411765    40.000000  -4.642633E-010   2.605902E+001   3.618368E+000   2.632249E+001  -2.605902E+001  -2.270412E+001  -3.354901E+000
   16201       3    25.000000    29.411765  -6.486935E-010   2.179048E+001   1.492891E+000   2.191351E+001  -2.179048E+001  -2.042062E+001  -1.369854E+000
   16201       4    20.833333    25.000000  -9.177228E-010   3.282011E+001   1.099993E+000   3.292199E+001  -3.282011E+001  -3.182200E+001  -9.981054E-001
   16201       5    19.230769    20.833333  -1.063150E-012   1.740656E+001   3.203001E-001   1.744007E+001  -1.740656E+001  -1.711977E+001  -2.867876E-001
   16201       6    17.543860    19.230769  -4.322764E-011   2.203115E+001   1.259927E+000   2.220523E+001  -2.203115E+001  -2.094530E+001  -1.085853E+000
   16201       7    13.333333    17.543860   5.679404E-010   4.220780E+001   6.763643E+001   7.760372E+001  -4.220780E+001  -9.967289E+000  -3.224052E+001
   16201       8    11.627907    13.333333  -1.278355E-010   4.062615E+001   4.263114E+000   4.155422E+001  -4.062615E+001  -3.729111E+001  -3.335040E+000
   16201       9     9.009009    11.627907   3.138538E-010   7.031170E+001   1.764986E+000   7.075010E+001  -7.031170E+001  -6.898511E+001  -1.326590E+000
   16201      10     8.695652     9.009009   5.369638E-011   8.323816E+000   1.501442E-005   8.323820E+000  -8.323816E+000  -8.323805E+000  -1.171494E-005
   16201      11     8.333333     8.695652  -1.558957E-010   9.368189E+000   4.188534E-006   9.368190E+000  -9.368189E+000  -9.368186E+000  -3.152229E-006
   16201      12     7.633588     8.333333  -1.047118E-010   1.695369E+001   9.405653E-006   1.695369E+001  -1.695369E+001  -1.695368E+001  -7.033592E-006
   16201      13     7.042254     7.633588   2.605827E-011   1.269044E+001   1.381985E-005   1.269044E+001  -1.269044E+001  -1.269043E+001  -9.655312E-006
   16201      14     6.451613     7.042254   1.237921E-011   1.071347E+001   1.354695E-005   1.071347E+001  -1.071347E+001  -1.071346E+001  -7.678008E-006
   16201      15     5.464481     6.451613  -7.137146E-011   1.269073E+001   3.317952E-005   1.269074E+001  -1.269073E+001  -1.269071E+001  -1.877415E-005
   16201      16     4.950495     5.464481   1.423353E-011   3.913049E+000   6.718516E-002   3.950844E+000  -3.913049E+000  -3.883659E+000  -2.938966E-002
   16201      17     3.333333     4.950495   2.925160E-012   2.916852E+000   1.148504E+000   4.022101E+000  -2.916852E+000  -2.873597E+000  -4.325536E-002
   16301       1    40.000000 10000.000000  -5.447731E-011   2.328125E+001   1.273779E+001   2.418729E+001  -2.328125E+001  -1.144950E+001  -1.183175E+001
   16301       2    29.411765    40.000000  -4.594121E-010   2.594038E+001   3.578067E+000   2.621999E+001  -2.594038E+001  -2.264192E+001  -3.298463E+000
   16301       3    25.000000    29.411765  -6.407639E-010   2.168577E+001   1.468163E+000   2.181577E+001  -2.168577E+001  -2.034760E+001  -1.338167E+000
   16301       4    20.833333    25.000000  -9.048104E-010   3.265077E+001   1.076401E+000   3.275800E+001  -3.265077E+001  -3.168160E+001  -9.691687E-001
   16301       5    19.230769    20.833333  -1.044498E-012   1.730896E+001   3.118864E-001   1.734397E+001  -1.730896E+001  -1.703209E+001  -2.768721E-001
   16301       6    17.543860    19.230769  -4.249934E-011   2.189688E+001   1.208418E+000   2.207455E+001  -2.189688E+001  -2.086614E+001  -1.030741E+000
   16301       7    13.333333    17.543860   5.566250E-010   4.140214E+001   6.678676E+001   7.707205E+001  -4.140214E+001  -1.028529E+001  -3.111685E+001
   16301       8    11.627907    13.333333  -1.247535E-010   4.026686E+001   4.105465E+000   4.121469E+001  -4.026686E+001  -3.710923E+001  -3.157639E+000
   16301       9     9.009009    11.627907   3.047855E-010   6.961412E+001   1.676634E+000   7.005892E+001  -6.961412E+001  -6.838229E+001  -1.231827E+000
   16301      10     8.695652     9.009009   5.189049E-011   8.230165E+000   1.410200E-005   8.230169E+000  -8.230165E+000  -8.230155E+000  -1.075982E-005
   16301      11     8.333333     8.695652  -1.504565E-010   9.258863E+000   3.922183E-006   9.258864E+000  -9.258863E+000  -9.258860E+000  -2.912562E-006
   16301      12     7.633588     8.333333  -1.008242E-010   1.674366E+001   9.214090E-006   1.674366E+001  -1.674366E+001  -1.674365E+001  -6.688880E-006
   16301      13     7.042254     7.633588   2.500800E-011   1.252003E+001   1.351014E-005   1.252004E+001  -1.252003E+001  -1.252002E+001  -9.152835E-006
   16301      14     6.451613     7.042254   1.183897E-011   1.055760E+001   1.304777E-005   1.055760E+001  -1.055760E+001  -1.055759E+001  -6.963874E-006
   16301      15     5.464481     6.451613  -6.788514E-011   1.248358E+001   3.106179E-005   1.248359E+001  -1.248358E+001  -1.248356E+001  -1.646458E-005
   16301      16     4.950495     5.464481   1.343714E-011   3.838583E+000   6.403641E-002   3.877312E+000  -3.838583E+000  -3.813275E+000  -2.530731E-002
   16301      17     3.333333     4.950495   2.737297E-012   2.845051E+000   1.097064E+000   3.934343E+000  -2.845051E+000  -2.837278E+000  -7.772836E-003
   16401       1    40.000000 10000.000000  -5.407941E-011   2.315593E+001   1.265627E+001   2.411331E+001  -2.315593E+001  -1.145704E+001  -1.169889E+001
   16401       2    29.411765    40.000000  -4.548877E-010   2.582378E+001   3.539400E+000   2.611871E+001  -2.582378E+001  -2.257931E+001  -3.244476E+000
   16401       3    25.000000    29.411765  -6.333618E-010   2.158256E+001   1.445305E+000   2.171918E+001  -2.158256E+001  -2.027387E+001  -1.308683E+000
   16401       4    20.833333    25.000000  -8.927703E-010   3.248367E+001   1.054680E+000   3.259596E+001  -3.248367E+001  -3.154128E+001  -9.423929E-001
   16401       5    19.230769    20.833333  -1.030287E-012   1.721261E+001   3.040280E-001   1.724901E+001  -1.721261E+001  -1.694498E+001  -2.676288E-001
   16401       6    17.543860    19.230769  -4.181366E-011   2.176485E+001   1.160068E+000   2.194543E+001  -2.176485E+001  -2.078537E+001  -9.794883E-001
   16401       7    13.333333    17.543860   5.460770E-010   4.064905E+001   6.596950E+001   7.654669E+001  -4.064905E+001  -1.057720E+001  -3.007185E+001
   16401       8    11.627907    13.333333  -1.218723E-010   3.991457E+001   3.955081E+000   4.087920E+001  -3.991457E+001  -3.692412E+001  -2.990450E+000
   16401       9     9.009009    11.627907   2.963283E-010   6.892668E+001   1.594004E+000   6.937596E+001  -6.892668E+001  -6.778196E+001  -1.144725E+000
   16401      10     8.695652     9.009009   5.020628E-011   8.137627E+000   1.326734E-005   8.137631E+000  -8.137627E+000  -8.137617E+000  -9.910115E-006
   16401      11     8.333333     8.695652  -1.453861E-010   9.150836E+000   3.623237E-006   9.150837E+000  -9.150836E+000  -9.150834E+000  -2.591454E-006
   16401      12     7.633588     8.333333  -9.720136E-011   1.653612E+001   8.990747E-006   1.653612E+001  -1.653612E+001  -1.653612E+001  -6.284243E-006
   16401      13     7.042254     7.633588   2.402945E-011   1.235165E+001   1.318700E-005   1.235165E+001  -1.235165E+001  -1.235164E+001  -8.628131E-006
   16401      14     6.451613     7.042254   1.133549E-011   1.040358E+001   1.260500E-005   1.040359E+001  -1.040358E+001  -1.040357E+001  -6.372015E-006
   16401      15     5.464481     6.451613  -6.463641E-011   1.227889E+001   2.913192E-005   1.227890E+001  -1.227889E+001  -1.227887E+001  -1.442115E-005
   16401      16     4.950495     5.464481   1.269526E-011   3.765168E+000   6.108929E-002   3.804653E+000  -3.765168E+000  -3.743564E+000  -2.160425E-002
   16401      17     3.333333     4.950495   2.562242E-012   2.775132E+000   1.049685E+000   3.847627E+000  -2.775132E+000  -2.797942E+000   2.281013E-002
   16501       1    40.000000 10000.000000  -5.368861E-011   2.303389E+001   1.257744E+001   2.404023E+001  -2.303389E+001  -1.146278E+001  -1.157111E+001
   16501       2    29.411765    40.000000  -4.505551E-010   2.570918E+001   3.502347E+000   2.601865E+001  -2.570918E+001  -2.251631E+001  -3.192874E+000
   16501       3    25.000000    29.411765  -6.262901E-010   2.148082E+001   1.424350E+000   2.162376E+001  -2.148082E+001  -2.019941E+001  -1.281405E+000
   16501       4    20.833333    25.000000  -8.813821E-010   3.231880E+001   1.034849E+000   3.243588E+001  -3.231880E+001  -3.140104E+001  -9.177649E-001
   16501       5    19.230769    20.833333  -1.018741E-012   1.711753E+001   2.967189E-001   1.715521E+001  -1.711753E+001  -1.685849E+001  -2.590396E-001
   16501       6    17.543860    19.230769  -4.117950E-011   2.163498E+001   1.114784E+000   2.181788E+001  -2.163498E+001  -2.070310E+001  -9.318793E-001
   16501       7    13.333333    17.543860   5.362395E-010   3.994209E+001   6.517814E+001   7.602771E+001  -3.994209E+001  -1.084957E+001  -2.909251E+001
   16501       8    11.627907    13.333333  -1.192184E-010   3.956965E+001   3.812603E+000   4.054777E+001  -3.956965E+001  -3.673517E+001  -2.834475E+000
   16501       9     9.009009    11.627907   2.886225E-010   6.824915E+001   1.516837E+000   6.870129E+001  -6.824915E+001  -6.718445E+001  -1.064704E+000
   16501      10     8.695652     9.009009   4.869372E-011   8.046212E+000   1.250296E-005   8.046215E+000  -8.046212E+000  -8.046203E+000  -9.151832E-006
   16501      11     8.333333     8.695652  -1.408438E-010   9.044120E+000   3.380651E-006   9.044121E+000  -9.044120E+000  -9.044118E+000  -2.359090E-006
   16501      12     7.633588     8.333333  -9.397461E-011   1.633111E+001   8.864323E-006   1.633111E+001  -1.633111E+001  -1.633110E+001  -6.085426E-006
   16501      13     7.042254     7.633588   2.316547E-011   1.218531E+001   1.289130E-005   1.218531E+001  -1.218531E+001  -1.218530E+001  -8.158840E-006
   16501      14     6.451613     7.042254   1.089429E-011   1.025143E+001   1.215111E-005   1.025144E+001  -1.025143E+001  -1.025143E+001  -5.743214E-006
   16501      15     5.464481     6.451613  -6.183543E-011   1.207668E+001   2.736668E-005   1.207670E+001  -1.207668E+001  -1.207667E+001  -1.259258E-005
   16501      16     4.950495     5.464481   1.206843E-011   3.692797E+000   5.833251E-002   3.732876E+000  -3.692797E+000  -3.674544E+000  -1.825339E-002
   16501      17     3.333333     4.950495   2.418024E-012   2.705410E+000   1.005009E+000   3.761963E+000  -2.705410E+000  -2.756954E+000   5.154402E-002
   16601       1    40.000000 10000.000000  -5.333156E-011   2.291502E+001   1.250126E+001   2.396805E+001  -2.291502E+001  -1.146679E+001  -1.144823E+001
   16601       2    29.411765    40.000000  -4.464713E-010   2.559655E+001   3.466886E+000   2.591984E+001  -2.559655E+001  -2.245295E+001  -3.143595E+000
   16601       3    25.000000    29.411765  -6.196110E-010   2.138053E+001   1.405304E+000   2.152953E+001  -2.138053E+001  -2.012422E+001  -1.256309E+000
   16601       4    20.833333    25.000000  -8.706333E-010   3.215613E+001   1.016911E+000   3.227779E+001  -3.215613E+001  -3.126088E+001  -8.952576E-001
   16601       5    19.230769    20.833333  -1.000977E-012   1.702369E+001   2.899476E-001   1.706256E+001  -1.702369E+001  -1.677261E+001  -2.510827E-001
   16601       6    17.543860    19.230769  -4.057377E-011   2.150717E+001   1.072466E+000   2.169191E+001  -2.150717E+001  -2.061944E+001  -8.877291E-001
   16601       7    13.333333    17.543860   5.269385E-010   3.927660E+001   6.441485E+001   7.551515E+001  -3.927660E+001  -1.110030E+001  -2.817630E+001
   16601       8    11.627907    13.333333  -1.167137E-010   3.923171E+001   3.677988E+000   4.022045E+001  -3.923171E+001  -3.654246E+001  -2.689252E+000
   16601       9     9.009009    11.627907   2.813483E-010   6.758139E+001   1.444957E+000   6.803495E+001  -6.758139E+001  -6.658999E+001  -9.914002E-001
   16601      10     8.695652     9.009009   4.726597E-011   7.955926E+000   1.175957E-005   7.955930E+000  -7.955926E+000  -7.955918E+000  -8.386513E-006
   16601      11     8.333333     8.695652  -1.365574E-010   8.938723E+000   3.154838E-006   8.938724E+000  -8.938723E+000  -8.938721E+000  -2.145824E-006
   16601      12     7.633588     8.333333  -9.092815E-011   1.612862E+001   8.698886E-006   1.612863E+001  -1.612862E+001  -1.612862E+001  -5.808379E-006
   16601      13     7.042254     7.633588   2.235057E-011   1.202102E+001   1.258280E-005   1.202103E+001  -1.202102E+001  -1.202102E+001  -7.671316E-006
   16601      14     6.451613     7.042254   1.047828E-011   1.010116E+001   1.173644E-005   1.010117E+001  -1.010116E+001  -1.010116E+001  -5.198044E-006
   16601      15     5.464481     6.451613  -5.919221E-011   1.187697E+001   2.574076E-005   1.187699E+001  -1.187697E+001  -1.187696E+001  -1.094310E-005
   16601      16     4.950495     5.464481   1.147685E-011   3.621466E+000   5.576385E-002   3.661986E+000  -3.621466E+000  -3.606222E+000  -1.524342E-002
   16601      17     3.333333     4.950495   2.281855E-012   2.637806E+000   9.633426E-001   3.677358E+000  -2.637806E+000  -2.714015E+000   7.620914E-002
   16701       1    40.000000 10000.000000  -5.298695E-011   2.279915E+001   1.242759E+001   2.389678E+001  -2.279915E+001  -1.146919E+001  -1.132997E+001
   16701       2    29.411765    40.000000  -4.426113E-010   2.548582E+001   3.432895E+000   2.582227E+001  -2.548582E+001  -2.238937E+001  -3.096446E+000
   16701       3    25.000000    29.411765  -6.133103E-010   2.128168E+001   1.388028E+000   2.143648E+001  -2.128168E+001  -2.004845E+001  -1.233230E+000
   16701       4    20.833333    25.000000  -8.604761E-010   3.199567E+001   1.000716E+000   3.212169E+001  -3.199567E+001  -3.112097E+001  -8.746989E-001
   16701       5    19.230769    20.833333  -9.876544E-013   1.693111E+001   2.836749E-001   1.697108E+001  -1.693111E+001  -1.668741E+001  -2.437065E-001
   16701       6    17.543860    19.230769  -4.000889E-011   2.138135E+001   1.032991E+000   2.156752E+001  -2.138135E+001  -2.053453E+001  -8.468223E-001
   16701       7    13.333333    17.543860   5.181455E-010   3.864724E+001   6.368497E+001   7.500906E+001  -3.864724E+001  -1.132409E+001  -2.732315E+001
   16701       8    11.627907    13.333333  -1.143476E-010   3.890032E+001   3.550906E+000   3.989726E+001  -3.890032E+001  -3.634635E+001  -2.553968E+000
   16701       9     9.009009    11.627907   2.744773E-010   6.692319E+001   1.378030E+000   6.737703E+001  -6.692319E+001  -6.599900E+001  -9.241855E-001
   16701      10     8.695652     9.009009   4.591638E-011   7.866781E+000   1.112762E-005   7.866785E+000  -7.866781E+000  -7.866774E+000  -7.785361E-006
   16701      11     8.333333     8.695652  -1.325071E-010   8.834657E+000   2.953105E-006   8.834658E+000  -8.834657E+000  -8.834655E+000  -1.967301E-006
   16701      12     7.633588     8.333333  -8.805090E-011   1.592870E+001   8.549530E-006   1.592870E+001  -1.592870E+001  -1.592869E+001  -5.565571E-006
   16701      13     7.042254     7.633588   2.157940E-011   1.185881E+001   1.228911E-005   1.185882E+001  -1.185881E+001  -1.185881E+001  -7.204776E-006
   16701      14     6.451613     7.042254   1.008527E-011   9.952792E+000   1.135604E-005   9.952799E+000  -9.952792E+000  -9.952787E+000  -4.708850E-006
   16701      15     5.464481     6.451613  -5.669509E-011   1.167979E+001   2.428025E-005   1.167980E+001  -1.167979E+001  -1.167978E+001  -9.515763E-006
   16701      16     4.950495     5.464481   1.091791E-011   3.551161E+000   5.335976E-002   3.591992E+000  -3.551161E+000  -3.538632E+000  -1.252916E-002
   16701      17     3.333333     4.950495   2.153222E-012   2.571841E+000   9.249911E-001   3.593822E+000  -2.571841E+000  -2.668831E+000   9.698954E-002
   16801       1    40.000000 10000.000000  -5.264766E-011   2.268607E+001   1.235631E+001   2.382625E+001  -2.268607E+001  -1.146994E+001  -1.121612E+001
   16801       2    29.411765    40.000000  -4.388987E-010   2.537711E+001   3.400297E+000   2.572616E+001  -2.537711E+001  -2.232586E+001  -3.051254E+000
   16801       3    25.000000    29.411765  -6.072831E-010   2.118487E+001   1.372472E+000   2.134530E+001  -2.118487E+001  -1.997282E+001  -1.212045E+000
   16801       4    20.833333    25.000000  -8.507861E-010   3.183783E+001   9.862115E-001   3.196805E+001  -3.183783E+001  -3.098184E+001  -8.559946E-001
   16801       5    19.230769    20.833333  -9.761081E-013   1.684068E+001   2.778758E-001   1.688170E+001  -1.684068E+001  -1.660383E+001  -2.368569E-001
   16801       6    17.543860    19.230769  -3.946710E-011   2.125862E+001   9.961981E-001   2.144595E+001  -2.125862E+001  -2.044976E+001  -8.088678E-001
   16801       7    13.333333    17.543860   5.098855E-010   3.805182E+001   6.298041E+001   7.451381E+001  -3.805182E+001  -1.153340E+001  -2.651841E+001
   16801       8    11.627907    13.333333  -1.121379E-010   3.857885E+001   3.430942E+000   3.958239E+001  -3.857885E+001  -3.615145E+001  -2.427405E+000
   16801       9     9.009009    11.627907   2.681535E-010   6.628521E+001   1.315689E+000   6.673873E+001  -6.628521E+001  -6.542304E+001  -8.621680E-001
   16801      10     8.695652     9.009009   4.468848E-011   7.780832E+000   1.052961E-005   7.780836E+000  -7.780832E+000  -7.780825E+000  -7.206384E-006
   16801      11     8.333333     8.695652  -1.288296E-010   8.734397E+000   2.749965E-006   8.734398E+000  -8.734397E+000  -8.734395E+000  -1.759915E-006
   16801      12     7.633588     8.333333  -8.545364E-011   1.573626E+001   8.363128E-006   1.573626E+001  -1.573626E+001  -1.573625E+001  -5.243856E-006
   16801      13     7.042254     7.633588   2.088951E-011   1.170316E+001   1.202770E-005   1.170316E+001  -1.170316E+001  -1.170315E+001  -6.812452E-006
   16801      14     6.451613     7.042254   9.736545E-012   9.810882E+000   1.099060E-005   9.810888E+000  -9.810882E+000  -9.810877E+000  -4.245218E-006
   16801      15     5.464481     6.451613  -5.450806E-011   1.149218E+001   2.292265E-005   1.149220E+001  -1.149218E+001  -1.149217E+001  -8.164387E-006
   16801      16     4.950495     5.464481   1.043721E-011   3.484757E+000   5.109699E-002   3.525861E+000  -3.484757E+000  -3.474764E+000  -9.993115E-003
   16801      17     3.333333     4.950495   2.045031E-012   2.508987E+000   8.897526E-001   3.515685E+000  -2.508987E+000  -2.625933E+000   1.169451E-001
   16901       1    40.000000 10000.000000  -5.233503E-011   2.257565E+001   1.228723E+001   2.375641E+001  -2.257565E+001  -1.146917E+001  -1.110648E+001
   16901       2    29.411765    40.000000  -4.353584E-010   2.527038E+001   3.368893E+000   2.563146E+001  -2.527038E+001  -2.226257E+001  -3.007814E+000
   16901       3    25.000000    29.411765  -6.015402E-010   2.109011E+001   1.358161E+000   2.125597E+001  -2.109011E+001  -1.989781E+001  -1.192301E+000
   16901       4    20.833333    25.000000  -8.415615E-010   3.168261E+001   9.729207E-001   3.181683E+001  -3.168261E+001  -3.084391E+001  -8.386963E-001
   16901       5    19.230769    20.833333  -9.618972E-013   1.675242E+001   2.724623E-001   1.679444E+001  -1.675242E+001  -1.652197E+001  -2.304497E-001
   16901       6    17.543860    19.230769  -3.895195E-011   2.113896E+001   9.619441E-001   2.132722E+001  -2.113896E+001  -2.036528E+001  -7.736749E-001
   16901       7    13.333333    17.543860   5.020304E-010   3.748753E+001   6.229309E+001   7.402945E+001  -3.748753E+001  -1.173636E+001  -2.575117E+001
   16901       8    11.627907    13.333333  -1.100489E-010   3.826721E+001   3.317940E+000   3.927597E+001  -3.826721E+001  -3.595803E+001  -2.309176E+000
   16901       9     9.009009    11.627907   2.621583E-010   6.566782E+001   1.257739E+000   6.612049E+001  -6.566782E+001  -6.486276E+001  -8.050671E-001
   16901      10     8.695652     9.009009   4.352563E-011   7.698177E+000   9.969287E-006   7.698180E+000  -7.698177E+000  -7.698170E+000  -6.649647E-006
   16901      11     8.333333     8.695652  -1.253488E-010   8.638061E+000   2.591474E-006   8.638062E+000  -8.638061E+000  -8.638060E+000  -1.628920E-006
   16901      12     7.633588     8.333333  -8.299939E-011   1.555154E+001   8.206230E-006   1.555154E+001  -1.555154E+001  -1.555154E+001  -4.993909E-006
   16901      13     7.042254     7.633588   2.023892E-011   1.155428E+001   1.175205E-005   1.155428E+001  -1.155428E+001  -1.155427E+001  -6.370949E-006
   16901      14     6.451613     7.042254   9.407475E-012   9.675673E+000   1.062848E-005   9.675680E+000  -9.675673E+000  -9.675669E+000  -3.766931E-006
   16901      15     5.464481     6.451613  -5.244882E-011   1.131454E+001   2.170310E-005   1.131456E+001  -1.131454E+001  -1.131454E+001  -6.989026E-006
   16901      16     4.950495     5.464481   9.985540E-012   3.422413E+000   4.897133E-002   3.463764E+000  -3.422413E+000  -3.414792E+000  -7.620426E-003
   16901      17     3.333333     4.950495   1.943681E-012   2.450650E+000   8.564413E-001   3.443207E+000  -2.450650E+000  -2.586766E+000   1.361164E-001
   17001       1    40.000000 10000.000000  -5.203837E-011   2.246791E+001   1.222004E+001   2.368744E+001  -2.246791E+001  -1.146740E+001  -1.100051E+001
   17001       2    29.411765    40.000000  -4.320029E-010   2.516542E+001   3.338319E+000   2.553794E+001  -2.516542E+001  -2.219963E+001  -2.965790E+000
   17001       3    25.000000    29.411765  -5.960921E-010   2.099677E+001   1.344180E+000   2.116776E+001  -2.099677E+001  -1.982358E+001  -1.173189E+000
   17001       4    20.833333    25.000000  -8.328147E-010   3.152954E+001   9.599327E-001   3.166750E+001  -3.152954E+001  -3.070757E+001  -8.219731E-001
   17001       5    19.230769    20.833333  -9.547918E-013   1.666534E+001   2.672668E-001   1.670826E+001  -1.666534E+001  -1.644099E+001  -2.243427E-001
   17001       6    17.543860    19.230769  -3.846701E-011   2.102058E+001   9.295044E-001   2.120998E+001  -2.102058E+001  -2.028047E+001  -7.401062E-001
   17001       7    13.333333    17.543860   4.945768E-010   3.695123E+001   6.162418E+001   7.355114E+001  -3.695123E+001  -1.192695E+001  -2.502427E+001
   17001       8    11.627907    13.333333  -1.080593E-010   3.796108E+001   3.211536E+000   3.897339E+001  -3.796108E+001  -3.576185E+001  -2.199234E+000
   17001       9     9.009009    11.627907   2.564651E-010   6.505891E+001   1.203845E+000   6.550998E+001  -6.505891E+001  -6.430613E+001  -7.527737E-001
   17001      10     8.695652     9.009009   4.242207E-011   7.616554E+000   9.473516E-006   7.616557E+000  -7.616554E+000  -7.616548E+000  -6.182705E-006
   17001      11     8.333333     8.695652  -1.220450E-010   8.542929E+000   2.442242E-006   8.542929E+000  -8.542929E+000  -8.542927E+000  -1.497104E-006
   17001      12     7.633588     8.333333  -8.066858E-011   1.536913E+001   8.070835E-006   1.536913E+001  -1.536913E+001  -1.536913E+001  -4.774506E-006
   17001      13     7.042254     7.633588   1.962097E-011   1.140725E+001   1.149786E-005   1.140726E+001  -1.140725E+001  -1.140725E+001  -5.986194E-006
   17001      14     6.451613     7.042254   9.094947E-012   9.542152E+000   1.029069E-005   9.542159E+000  -9.542152E+000  -9.542149E+000  -3.339962E-006
   17001      15     5.464481     6.451613  -5.049394E-011   1.113912E+001   2.060513E-005   1.113914E+001  -1.113912E+001  -1.113912E+001  -5.961852E-006
   17001      16     4.950495     5.464481   9.556911E-012   3.360943E+000   4.697808E-002   3.402442E+000  -3.360943E+000  -3.355464E+000  -5.479318E-003
   17001      17     3.333333     4.950495   1.847467E-012   2.393852E+000   8.249666E-001   3.371634E+000  -2.393852E+000  -2.546668E+000   1.528153E-001
   17101       1    40.000000 10000.000000  -5.173817E-011   2.236279E+001   1.215467E+001   2.361935E+001  -2.236279E+001  -1.146467E+001  -1.089811E+001
   17101       2    29.411765    40.000000  -4.287859E-010   2.506219E+001   3.308525E+000   2.544561E+001  -2.506219E+001  -2.213709E+001  -2.925104E+000
   17101       3    25.000000    29.411765  -5.908749E-010   2.090484E+001   1.330457E+000   2.108067E+001  -2.090484E+001  -1.975021E+001  -1.154627E+000
   17101       4    20.833333    25.000000  -8.244303E-010   3.137863E+001   9.471748E-001   3.152006E+001  -3.137863E+001  -3.057289E+001  -8.057415E-001
   17101       5    19.230769    20.833333  -9.441337E-013   1.657941E+001   2.622679E-001   1.662317E+001  -1.657941E+001  -1.636090E+001  -2.185091E-001
   17101       6    17.543860    19.230769  -3.799805E-011   2.090437E+001   8.997064E-001   2.109421E+001  -2.090437E+001  -2.019451E+001  -7.098665E-001
   17101       7    13.333333    17.543860   4.874856E-010   3.643926E+001   6.097291E+001   7.307887E+001  -3.643926E+001  -1.210596E+001  -2.433330E+001
   17101       8    11.627907    13.333333  -1.061746E-010   3.766020E+001   3.111325E+000   3.867462E+001  -3.766020E+001  -3.556330E+001  -2.096901E+000
   17101       9     9.009009    11.627907   2.510827E-010   6.445830E+001   1.153692E+000   6.490718E+001  -6.445830E+001  -6.375348E+001  -7.048187E-001
   17101      10     8.695652     9.009009   4.138290E-011   7.535962E+000   9.010262E-006   7.535965E+000  -7.535962E+000  -7.535956E+000  -5.737066E-006
   17101      11     8.333333     8.695652  -1.189375E-010   8.448998E+000   2.306748E-006   8.448999E+000  -8.448998E+000  -8.448997E+000  -1.375732E-006
   17101      12     7.633588     8.333333  -7.847989E-011   1.518903E+001   7.924604E-006   1.518903E+001  -1.518903E+001  -1.518902E+001  -4.536609E-006
   17101      13     7.042254     7.633588   1.904144E-011   1.126209E+001   1.125809E-005   1.126210E+001  -1.126209E+001  -1.126209E+001  -5.627283E-006
   17101      14     6.451613     7.042254   8.803624E-012   9.410319E+000   9.955658E-006   9.410326E+000  -9.410319E+000  -9.410316E+000  -2.912494E-006
   17101      15     5.464481     6.451613  -4.867540E-011   1.096592E+001   1.956619E-005   1.096594E+001  -1.096592E+001  -1.096592E+001  -4.990933E-006
   17101      16     4.950495     5.464481   9.160450E-012   3.300334E+000   4.510166E-002   3.341895E+000  -3.300334E+000  -3.296794E+000  -3.540203E-003
   17101      17     3.333333     4.950495   1.759107E-012   2.338173E+000   7.951271E-001   3.300966E+000  -2.338173E+000  -2.505839E+000   1.676657E-001
   17201       1    40.000000 10000.000000  -5.146106E-011   2.226012E+001   1.209110E+001   2.355212E+001  -2.226012E+001  -1.146102E+001  -1.079911E+001
   17201       2    29.411765    40.000000  -4.256719E-010   2.496068E+001   3.279456E+000   2.535446E+001  -2.496068E+001  -2.207500E+001  -2.885679E+000
   17201       3    25.000000    29.411765  -5.858372E-010   2.081430E+001   1.316903E+000   2.099469E+001  -2.081430E+001  -1.967778E+001  -1.136517E+000
   17201       4    20.833333    25.000000  -8.163763E-010   3.122985E+001   9.345568E-001   3.137450E+001  -3.122985E+001  -3.043995E+001  -7.899069E-001
   17201       5    19.230769    20.833333  -9.308110E-013   1.649465E+001   2.574369E-001   1.653917E+001  -1.649465E+001  -1.628174E+001  -2.129175E-001
   17201       6    17.543860    19.230769  -3.755396E-011   2.078985E+001   8.718561E-001   2.097993E+001  -2.078985E+001  -2.010807E+001  -6.817792E-001
   17201       7    13.333333    17.543860   4.807319E-010   3.595182E+001   6.033755E+001   7.261263E+001  -3.595182E+001  -1.227509E+001  -2.367673E+001
   17201       8    11.627907    13.333333  -1.043929E-010   3.736433E+001   3.016762E+000   3.837967E+001  -3.736433E+001  -3.536291E+001  -2.001422E+000
   17201       9     9.009009    11.627907   2.460521E-010   6.386589E+001   1.106915E+000   6.431207E+001  -6.386589E+001  -6.320516E+001  -6.607330E-001
   17201      10     8.695652     9.009009   4.042189E-011   7.456400E+000   8.600086E-006   7.456403E+000  -7.456400E+000  -7.456394E+000  -5.364481E-006
   17201      11     8.333333     8.695652  -1.160663E-010   8.356267E+000   2.180660E-006   8.356268E+000  -8.356267E+000  -8.356266E+000  -1.257139E-006
   17201      12     7.633588     8.333333  -7.646883E-011   1.501122E+001   7.760360E-006   1.501122E+001  -1.501122E+001  -1.501122E+001  -4.265655E-006
   17201      13     7.042254     7.633588   1.851275E-011   1.111878E+001   1.103807E-005   1.111879E+001  -1.111878E+001  -1.111878E+001  -5.312993E-006
   17201      14     6.451613     7.042254   8.538503E-012   9.280170E+000   9.681699E-006   9.280177E+000  -9.280170E+000  -9.280167E+000  -2.605072E-006
   17201      15     5.464481     6.451613  -4.704503E-011   1.079493E+001   1.861664E-005   1.079495E+001  -1.079493E+001  -1.079493E+001  -4.125427E-006
   17201      16     4.950495     5.464481   8.810147E-012   3.240574E+000   4.333148E-002   3.282122E+000  -3.240574E+000  -3.238791E+000  -1.783155E-003
   17201      17     3.333333     4.950495   1.682390E-012   2.283207E+000   7.667741E-001   3.231200E+000  -2.283207E+000  -2.464426E+000   1.812189E-001
   17301       1    40.000000 10000.000000  -5.119460E-011   2.215986E+001   1.202933E+001   2.348576E+001  -2.215986E+001  -1.145643E+001  -1.070343E+001
   17301       2    29.411765    40.000000  -4.227001E-010   2.486085E+001   3.251079E+000   2.526448E+001  -2.486085E+001  -2.201340E+001  -2.847454E+000
   17301       3    25.000000    29.411765  -5.810374E-010   2.072515E+001   1.303493E+000   2.090981E+001  -2.072515E+001  -1.960632E+001  -1.118826E+000
   17301       4    20.833333    25.000000  -8.086900E-010   3.108320E+001   9.220542E-001   3.123082E+001  -3.108320E+001  -3.030877E+001  -7.744352E-001
   17301       5    19.230769    20.833333  -9.228174E-013   1.641105E+001   2.527578E-001   1.645625E+001  -1.641105E+001  -1.620350E+001  -2.075487E-001
   17301       6    17.543860    19.230769  -3.712763E-011   2.067699E+001   8.457800E-001   2.086711E+001  -2.067699E+001  -2.002133E+001  -6.556607E-001
   17301       7    13.333333    17.543860   4.742802E-010   3.548636E+001   5.971781E+001   7.215241E+001  -3.548636E+001  -1.243459E+001  -2.305176E+001
   17301       8    11.627907    13.333333  -1.026912E-010   3.707355E+001   2.927631E+000   3.808853E+001  -3.707355E+001  -3.516089E+001  -1.912650E+000
   17301       9     9.009009    11.627907   2.412559E-010   6.328166E+001   1.063287E+000   6.372464E+001  -6.328166E+001  -6.266136E+001  -6.203031E-001
   17301      10     8.695652     9.009009   3.950418E-011   7.377863E+000   8.202146E-006   7.377866E+000  -7.377863E+000  -7.377858E+000  -4.976595E-006
   17301      11     8.333333     8.695652  -1.133258E-010   8.264732E+000   2.045455E-006   8.264733E+000  -8.264732E+000  -8.264731E+000  -1.115343E-006
   17301      12     7.633588     8.333333  -7.454748E-011   1.483571E+001   7.637661E-006   1.483571E+001  -1.483571E+001  -1.483571E+001  -4.083314E-006
   17301      13     7.042254     7.633588   1.800760E-011   1.097732E+001   1.078703E-005   1.097733E+001  -1.097732E+001  -1.097732E+001  -4.937035E-006
   17301      14     6.451613     7.042254   8.286372E-012   9.151699E+000   9.379272E-006   9.151706E+000  -9.151699E+000  -9.151696E+000  -2.243268E-006
   17301      15     5.464481     6.451613  -4.548750E-011   1.062614E+001   1.776837E-005   1.062616E+001  -1.062614E+001  -1.062614E+001  -3.393180E-006
   17301      16     4.950495     5.464481   8.475776E-012   3.181653E+000   4.166106E-002   3.223119E+000  -3.181653E+000  -3.181458E+000  -1.944615E-004
   17301      17     3.333333     4.950495   1.609254E-012   2.229635E+000   7.402125E-001   3.162334E+000  -2.229635E+000  -2.422121E+000   1.924857E-001
   17401       1    40.000000 10000.000000  -5.094059E-011   2.206191E+001   1.196928E+001   2.342026E+001  -2.206191E+001  -1.145098E+001  -1.061093E+001
   17401       2    29.411765    40.000000  -4.198526E-010   2.476268E+001   3.223369E+000   2.517567E+001  -2.476268E+001  -2.195230E+001  -2.810377E+000
   17401       3    25.000000    29.411765  -5.764402E-010   2.063736E+001   1.290213E+000   2.082604E+001  -2.063736E+001  -1.953583E+001  -1.101526E+000
   17401       4    20.833333    25.000000  -8.013270E-010   3.093865E+001   9.096553E-001   3.108901E+001  -3.093865E+001  -3.017935E+001  -7.593018E-001
   17401       5    19.230769    20.833333  -9.148238E-013   1.632858E+001   2.482204E-001   1.637442E+001  -1.632858E+001  -1.612620E+001  -2.023877E-001
   17401       6    17.543860    19.230769  -3.671996E-011   2.056576E+001   8.213362E-001   2.075577E+001  -2.056576E+001  -1.993443E+001  -6.313345E-001
   17401       7    13.333333    17.543860   4.681162E-010   3.504071E+001   5.911181E+001   7.169817E+001  -3.504071E+001  -1.258636E+001  -2.245434E+001
   17401       8    11.627907    13.333333  -1.010676E-010   3.678757E+001   2.843472E+000   3.780117E+001  -3.678757E+001  -3.495769E+001  -1.829873E+000
   17401       9     9.009009    11.627907   2.366658E-010   6.270547E+001   1.022531E+000   6.314485E+001  -6.270547E+001  -6.212232E+001  -5.831470E-001
   17401      10     8.695652     9.009009   3.862599E-011   7.300348E+000   7.867936E-006   7.300351E+000  -7.300348E+000  -7.300343E+000  -4.689997E-006
   17401      11     8.333333     8.695652  -1.107037E-010   8.174387E+000   1.960688E-006   8.174388E+000  -8.174387E+000  -8.174386E+000  -1.066166E-006
   17401      12     7.633588     8.333333  -7.270984E-011   1.466248E+001   7.480895E-006   1.466248E+001  -1.466248E+001  -1.466248E+001  -3.829481E-006
   17401      13     7.042254     7.633588   1.752443E-011   1.083770E+001   1.058862E-005   1.083771E+001  -1.083770E+001  -1.083770E+001  -4.657301E-006
   17401      14     6.451613     7.042254   8.044565E-012   9.024898E+000   9.123698E-006   9.024906E+000  -9.024898E+000  -9.024896E+000  -1.964692E-006
   17401      15     5.464481     6.451613  -4.399792E-011   1.045955E+001   1.695562E-005   1.045957E+001  -1.045955E+001  -1.045955E+001  -2.679880E-006
   17401      16     4.950495     5.464481   8.155865E-012   3.123564E+000   4.008599E-002   3.164884E+000  -3.123564E+000  -3.124798E+000   1.234286E-003
   17401      17     3.333333     4.950495   1.539227E-012   2.177355E+000   7.149488E-001   3.094363E+000  -2.177355E+000  -2.379414E+000   2.020597E-001
   17501       1    40.000000 10000.000000  -5.069367E-011   2.196633E+001   1.191096E+001   2.335590E+001  -2.196633E+001  -1.144494E+001  -1.052138E+001
   17501       2    29.411765    40.000000  -4.171223E-010   2.466618E+001   3.196300E+000   2.508809E+001  -2.466618E+001  -2.189179E+001  -2.774388E+000
   17501       3    25.000000    29.411765  -5.720242E-010   2.055106E+001   1.277047E+000   2.074353E+001  -2.055106E+001  -1.946648E+001  -1.084579E+000
   17501       4    20.833333    25.000000  -7.942571E-010   3.079723E+001   8.973490E-001   3.095013E+001  -3.079723E+001  -3.005279E+001  -7.444488E-001
   17501       5    19.230769    20.833333  -9.023893E-013   1.624738E+001   2.438076E-001   1.629378E+001  -1.624738E+001  -1.604997E+001  -1.974125E-001
   17501       6    17.543860    19.230769  -3.632827E-011   2.045703E+001   7.982555E-001   2.064679E+001  -2.045703E+001  -1.984854E+001  -6.084875E-001
   17501       7    13.333333    17.543860   4.621974E-010   3.461321E+001   5.852186E+001   7.125685E+001  -3.461321E+001  -1.273499E+001  -2.187822E+001
   17501       8    11.627907    13.333333  -9.950440E-011   3.651166E+001   2.763610E+000   3.752344E+001  -3.651166E+001  -3.475983E+001  -1.751837E+000
   17501       9     9.009009    11.627907   2.322746E-010   6.215441E+001   9.842421E-001   6.259020E+001  -6.215441E+001  -6.160595E+001  -5.484605E-001
   17501      10     8.695652     9.009009   3.778855E-011   7.226473E+000   7.532881E-006   7.226476E+000  -7.226473E+000  -7.226469E+000  -4.372760E-006
   17501      11     8.333333     8.695652  -1.082052E-010   8.088670E+000   1.864127E-006   8.088671E+000  -8.088670E+000  -8.088669E+000  -9.819325E-007
   17501      12     7.633588     8.333333  -7.096035E-011   1.449884E+001   7.405535E-006   1.449885E+001  -1.449884E+001  -1.449884E+001  -3.736937E-006
   17501      13     7.042254     7.633588   1.706502E-011   1.070657E+001   1.037465E-005   1.070657E+001  -1.070657E+001  -1.070656E+001  -4.346368E-006
   17501      14     6.451613     7.042254   7.814971E-012   8.906603E+000   8.855245E-006   8.906610E+000  -8.906603E+000  -8.906601E+000  -1.641144E-006
   17501      15     5.464481     6.451613  -4.258638E-011   1.030569E+001   1.622996E-005   1.030571E+001  -1.030569E+001  -1.030569E+001  -2.063824E-006
   17501      16     4.950495     5.464481   7.853523E-012   3.070549E+000   3.859693E-002   3.111774E+000  -3.070549E+000  -3.073177E+000   2.627901E-003
   17501      17     3.333333     4.950495   1.473301E-012   2.130072E+000   6.910655E-001   3.033539E+000  -2.130072E+000  -2.342473E+000   2.124014E-001
   17601       1    40.000000 10000.000000  -5.045031E-011   2.187291E+001   1.185428E+001   2.329241E+001  -2.187291E+001  -1.143813E+001  -1.043478E+001
   17601       2    29.411765    40.000000  -4.144560E-010   2.457123E+001   3.169853E+000   2.500163E+001  -2.457123E+001  -2.183178E+001  -2.739456E+000
   17601       3    25.000000    29.411765  -5.677485E-010   2.046607E+001   1.263992E+000   2.066208E+001  -2.046607E+001  -1.939809E+001  -1.067979E+000
   17601       4    20.833333    25.000000  -7.874288E-010   3.065798E+001   8.851397E-001   3.081322E+001  -3.065798E+001  -2.992808E+001  -7.298976E-001
   17601       5    19.230769    20.833333  -8.970602E-013   1.616729E+001   2.395011E-001   1.621419E+001  -1.616729E+001  -1.597468E+001  -1.926054E-001
   17601       6    17.543860    19.230769  -3.595080E-011   2.035002E+001   7.761995E-001   2.053937E+001  -2.035002E+001  -1.976317E+001  -5.868562E-001
   17601       7    13.333333    17.543860   4.565592E-010   3.420445E+001   5.794699E+001   7.082243E+001  -3.420445E+001  -1.287544E+001  -2.132901E+001
   17601       8    11.627907    13.333333  -9.804069E-011   3.624134E+001   2.687014E+000   3.725032E+001  -3.624134E+001  -3.456331E+001  -1.678035E+000
   17601       9     9.009009    11.627907   2.281890E-010   6.161405E+001   9.478953E-001   6.204587E+001  -6.161405E+001  -6.109797E+001  -5.160793E-001
   17601      10     8.695652     9.009009   3.701617E-011   7.154029E+000   7.224928E-006   7.154032E+000  -7.154029E+000  -7.154025E+000  -4.094640E-006
   17601      11     8.333333     8.695652  -1.059113E-010   8.004690E+000   1.803896E-006   8.004690E+000  -8.004690E+000  -8.004689E+000  -9.556148E-007
   17601      12     7.633588     8.333333  -6.936340E-011   1.433867E+001   7.258480E-006   1.433867E+001  -1.433867E+001  -1.433866E+001  -3.497158E-006
   17601      13     7.042254     7.633588   1.664935E-011   1.057835E+001   1.016506E-005   1.057836E+001  -1.057835E+001  -1.057835E+001  -4.038672E-006
   17601      14     6.451613     7.042254   7.608802E-012   8.791101E+000   8.601750E-006   8.791108E+000  -8.791101E+000  -8.791099E+000  -1.353701E-006
   17601      15     5.464481     6.451613  -4.133549E-011   1.015577E+001   1.554269E-005   1.015579E+001  -1.015577E+001  -1.015577E+001  -1.494490E-006
   17601      16     4.950495     5.464481   7.590484E-012   3.019066E+000   3.718752E-002   3.060162E+000  -3.019066E+000  -3.022975E+000   3.908840E-003
   17601      17     3.333333     4.950495   1.417172E-012   2.083965E+000   6.685071E-001   2.974671E+000  -2.083965E+000  -2.306164E+000   2.221993E-001
   17701       1    40.000000 10000.000000  -5.021228E-011   2.178157E+001   1.179914E+001   2.322972E+001  -2.178157E+001  -1.143058E+001  -1.035099E+001
   17701       2    29.411765    40.000000  -4.118963E-010   2.447779E+001   3.144013E+000   2.491626E+001  -2.447779E+001  -2.177224E+001  -2.705544E+000
   17701       3    25.000000    29.411765  -5.636451E-010   2.038233E+001   1.251054E+000   2.058166E+001  -2.038233E+001  -1.933060E+001  -1.051722E+000
   17701       4    20.833333    25.000000  -7.808758E-010   3.052065E+001   8.730390E-001   3.067803E+001  -3.052065E+001  -2.980499E+001  -7.156535E-001
   17701       5    19.230769    20.833333  -8.890666E-013   1.608826E+001   2.352998E-001   1.613560E+001  -1.608826E+001  -1.590030E+001  -1.879605E-001
   17701       6    17.543860    19.230769  -3.559375E-011   2.024454E+001   7.551128E-001   2.043330E+001  -2.024454E+001  -1.967819E+001  -5.663505E-001
   17701       7    13.333333    17.543860   4.511413E-010   3.381198E+001   5.738508E+001   7.039349E+001  -3.381198E+001  -1.300841E+001  -2.080356E+001
   17701       8    11.627907    13.333333  -9.663204E-011   3.597539E+001   2.613500E+000   3.698066E+001  -3.597539E+001  -3.436716E+001  -1.608228E+000
   17701       9     9.009009    11.627907   2.242597E-010   6.108092E+001   9.133766E-001   6.150842E+001  -6.108092E+001  -6.059504E+001  -4.858859E-001
   17701      10     8.695652     9.009009   3.627443E-011   7.082500E+000   6.919728E-006   7.082504E+000  -7.082500E+000  -7.082497E+000  -3.814568E-006
   17701      11     8.333333     8.695652  -1.037064E-010   7.921770E+000   1.709692E-006   7.921771E+000  -7.921770E+000  -7.921769E+000  -8.738599E-007
   17701      12     7.633588     8.333333  -6.782774E-011   1.418051E+001   7.150173E-006   1.418051E+001  -1.418051E+001  -1.418051E+001  -3.330968E-006
   17701      13     7.042254     7.633588   1.624922E-011   1.045176E+001   9.971146E-006   1.045176E+001  -1.045176E+001  -1.045175E+001  -3.771765E-006
   17701      14     6.451613     7.042254   7.410739E-012   8.677059E+000   8.377096E-006   8.677066E+000  -8.677059E+000  -8.677057E+000  -1.112147E-006
   17701      15     5.464481     6.451613  -4.013367E-011   1.000775E+001   1.488211E-005   1.000777E+001  -1.000775E+001  -1.000775E+001  -9.405516E-007
   17701      16     4.950495     5.464481   7.337728E-012   2.968284E+000   3.585330E-002   3.009204E+000  -2.968284E+000  -2.973350E+000   5.066084E-003
   17701      17     3.333333     4.950495   1.363250E-012   2.038915E+000   6.469587E-001   2.916548E+000  -2.038915E+000  -2.269590E+000   2.306748E-001
   17801       1    40.000000 10000.000000  -4.999912E-011   2.169225E+001   1.174548E+001   2.316782E+001  -2.169225E+001  -1.142234E+001  -1.026991E+001
   17801       2    29.411765    40.000000  -4.094360E-010   2.438582E+001   3.118767E+000   2.483197E+001  -2.438582E+001  -2.171321E+001  -2.672618E+000
   17801       3    25.000000    29.411765  -5.597016E-010   2.029983E+001   1.238239E+000   2.050226E+001  -2.029983E+001  -1.926402E+001  -1.035802E+000
   17801       4    20.833333    25.000000  -7.745751E-010   3.038522E+001   8.610613E-001   3.054457E+001  -3.038522E+001  -2.968350E+001  -7.017192E-001
   17801       5    19.230769    20.833333  -8.792966E-013   1.601028E+001   2.311982E-001   1.605801E+001  -1.601028E+001  -1.582681E+001  -1.834683E-001
   17801       6    17.543860    19.230769  -3.524736E-011   2.014055E+001   7.348911E-001   2.032858E+001  -2.014055E+001  -1.959369E+001  -5.468601E-001
   17801       7    13.333333    17.543860   4.459579E-010   3.343489E+001   5.683587E+001   6.997001E+001  -3.343489E+001  -1.313414E+001  -2.030075E+001
   17801       8    11.627907    13.333333  -9.527490E-011   3.571372E+001   2.542792E+000   3.671443E+001  -3.571372E+001  -3.417164E+001  -1.542085E+000
   17801       9     9.009009    11.627907   2.204850E-010   6.055496E+001   8.805073E-001   6.097780E+001  -6.055496E+001  -6.009730E+001  -4.576687E-001
   17801      10     8.695652     9.009009   3.556178E-011   7.011882E+000   6.670617E-006   7.011885E+000  -7.011882E+000  -7.011878E+000  -3.621571E-006
   17801      11     8.333333     8.695652  -1.015888E-010   7.839906E+000   1.623804E-006   7.839906E+000  -7.839906E+000  -7.839905E+000  -7.886273E-007
   17801      12     7.633588     8.333333  -6.635359E-011   1.402437E+001   7.006330E-006   1.402437E+001  -1.402437E+001  -1.402436E+001  -3.095564E-006
   17801      13     7.042254     7.633588   1.586564E-011   1.032677E+001   9.801744E-006   1.032678E+001  -1.032677E+001  -1.032677E+001  -3.544177E-006
   17801      14     6.451613     7.042254   7.220780E-012   8.564467E+000   8.146532E-006   8.564474E+000  -8.564467E+000  -8.564466E+000  -8.541605E-007
   17801      15     5.464481     6.451613  -3.897915E-011   9.861613E+000   1.428302E-005   9.861627E+000  -9.861613E+000  -9.861612E+000  -4.929083E-007
   17801      16     4.950495     5.464481   7.094991E-012   2.918193E+000   3.458837E-002   2.958893E+000  -2.918193E+000  -2.924305E+000   6.111831E-003
   17801      17     3.333333     4.950495   1.311423E-012   1.994870E+000   6.266105E-001   2.859165E+000  -1.994870E+000  -2.232554E+000   2.376838E-001
   17901       1    40.000000 10000.000000  -4.977529E-011   2.160487E+001   1.169328E+001   2.310672E+001  -2.160487E+001  -1.141345E+001  -1.019143E+001
   17901       2    29.411765    40.000000  -4.070646E-010   2.429531E+001   3.094102E+000   2.474877E+001  -2.429531E+001  -2.165466E+001  -2.640647E+000
   17901       3    25.000000    29.411765  -5.558931E-010   2.021854E+001   1.225544E+000   2.042388E+001  -2.021854E+001  -1.919834E+001  -1.020206E+000
   17901       4    20.833333    25.000000  -7.684982E-010   3.025168E+001   8.492096E-001   3.041281E+001  -3.025168E+001  -2.956360E+001  -6.880842E-001
   17901       5    19.230769    20.833333  -8.748557E-013   1.593334E+001   2.271915E-001   1.598141E+001  -1.593334E+001  -1.575422E+001  -1.791213E-001
   17901       6    17.543860    19.230769  -3.491518E-011   2.003804E+001   7.154886E-001   2.022520E+001  -2.003804E+001  -1.950972E+001  -5.283282E-001
   17901       7    13.333333    17.543860   4.409380E-010   3.307112E+001   5.629780E+001   6.955195E+001  -3.307112E+001  -1.325415E+001  -1.981696E+001
   17901       8    11.627907    13.333333  -9.396750E-011   3.545625E+001   2.474771E+000   3.645160E+001  -3.545625E+001  -3.397683E+001  -1.479417E+000
   17901       9     9.009009    11.627907   2.168470E-010   6.003610E+001   8.492096E-001   6.045398E+001  -6.003610E+001  -5.960477E+001  -4.313275E-001
   17901      10     8.695652     9.009009   3.487377E-011   6.942167E+000   6.411006E-006   6.942170E+000  -6.942167E+000  -6.942163E+000  -3.395648E-006
   17901      11     8.333333     8.695652  -9.954593E-011   7.759089E+000   1.563700E-006   7.759089E+000  -7.759089E+000  -7.759088E+000  -7.613521E-007
   17901      12     7.633588     8.333333  -6.493139E-011   1.387022E+001   6.915264E-006   1.387023E+001  -1.387022E+001  -1.387022E+001  -2.977283E-006
   17901      13     7.042254     7.633588   1.549483E-011   1.020339E+001   9.600697E-006   1.020339E+001  -1.020339E+001  -1.020338E+001  -3.254572E-006
   17901      14     6.451613     7.042254   7.036816E-012   8.453316E+000   7.940419E-006   8.453324E+000  -8.453316E+000  -8.453316E+000  -6.458143E-007
   17901      15     5.464481     6.451613  -3.786554E-011   9.717344E+000   1.371565E-005   9.717358E+000  -9.717344E+000  -9.717344E+000  -7.495373E-008
   17901      16     4.950495     5.464481   6.860845E-012   2.868785E+000   3.338972E-002   2.909226E+000  -2.868785E+000  -2.875836E+000   7.051610E-003
   17901      17     3.333333     4.950495   1.261470E-012   1.951883E+000   6.073054E-001   2.802515E+000  -1.951883E+000  -2.195210E+000   2.433263E-001
   18001       1    40.000000 10000.000000  -4.957279E-011   2.151939E+001   1.164244E+001   2.304641E+001  -2.151939E+001  -1.140397E+001  -1.011543E+001
   18001       2    29.411765    40.000000  -4.047749E-010   2.420622E+001   3.070024E+000   2.466663E+001  -2.420622E+001  -2.159661E+001  -2.609615E+000
   18001       3    25.000000    29.411765  -5.522178E-010   2.013846E+001   1.212992E+000   2.034651E+001  -2.013846E+001  -1.913352E+001  -1.004943E+000
   18001       4    20.833333    25.000000  -7.626397E-010   3.011999E+001   8.375211E-001   3.028274E+001  -3.011999E+001  -2.944522E+001  -6.747716E-001
   18001       5    19.230769    20.833333  -8.641976E-013   1.585744E+001   2.232818E-001   1.590580E+001  -1.585744E+001  -1.568252E+001  -1.749170E-001
   18001       6    17.543860    19.230769  -3.459188E-011   1.993698E+001   6.968580E-001   2.012316E+001  -1.993698E+001  -1.942630E+001  -5.106844E-001
   18001       7    13.333333    17.543860   4.361098E-010   3.272102E+001   5.577075E+001   6.913927E+001  -3.272102E+001  -1.336852E+001  -1.935250E+001
   18001       8    11.627907    13.333333  -9.272227E-011   3.520283E+001   2.409270E+000   3.619216E+001  -3.520283E+001  -3.378289E+001  -1.419946E+000
   18001       9     9.009009    11.627907   2.133831E-010   5.952420E+001   8.193693E-001   5.993689E+001  -5.952420E+001  -5.911752E+001  -4.066791E-001
   18001      10     8.695652     9.009009   3.422251E-011   6.873349E+000   6.168470E-006   6.873351E+000  -6.873349E+000  -6.873345E+000  -3.199268E-006
   18001      11     8.333333     8.695652  -9.761347E-011   7.679311E+000   1.491953E-006   7.679312E+000  -7.679311E+000  -7.679310E+000  -6.974931E-007
   18001      12     7.633588     8.333333  -6.358780E-011   1.371806E+001   6.813278E-006   1.371806E+001  -1.371806E+001  -1.371806E+001  -2.826810E-006
   18001      13     7.042254     7.633588   1.514644E-011   1.008159E+001   9.438530E-006   1.008160E+001  -1.008159E+001  -1.008159E+001  -3.041913E-006
   18001      14     6.451613     7.042254   6.864731E-012   8.343595E+000   7.747651E-006   8.343602E+000  -8.343595E+000  -8.343595E+000  -4.638795E-007
   18001      15     5.464481     6.451613  -3.682504E-011   9.574930E+000   1.316261E-005   9.574944E+000  -9.574930E+000  -9.574931E+000   3.502521E-007
   18001      16     4.950495     5.464481   6.643394E-012   2.820050E+000   3.225220E-002   2.860198E+000  -2.820050E+000  -2.827946E+000   7.895881E-003
   18001      17     3.333333     4.950495   1.215437E-012   1.909644E+000   5.887922E-001   2.746594E+000  -1.909644E+000  -2.157802E+000   2.481576E-001
   18101       1    40.000000 10000.000000  -4.937206E-011   2.143576E+001   1.159283E+001   2.298687E+001  -2.143576E+001  -1.139403E+001  -1.004173E+001
   18101       2    29.411765    40.000000  -4.025349E-010   2.411853E+001   3.046530E+000   2.458556E+001  -2.411853E+001  -2.153903E+001  -2.579504E+000
   18101       3    25.000000    29.411765  -5.486314E-010   2.005956E+001   1.200618E+000   2.027014E+001  -2.005956E+001  -1.906952E+001  -9.900363E-001
   18101       4    20.833333    25.000000  -7.569554E-010   2.999013E+001   8.260356E-001   3.015436E+001  -2.999013E+001  -2.932833E+001  -6.618037E-001
   18101       5    19.230769    20.833333  -8.588685E-013   1.578255E+001   2.194749E-001   1.583117E+001  -1.578255E+001  -1.561169E+001  -1.708552E-001
   18101       6    17.543860    19.230769  -3.428102E-011   1.983733E+001   6.789781E-001   2.002243E+001  -1.983733E+001  -1.934345E+001  -4.938769E-001
   18101       7    13.333333    17.543860   4.314842E-010   3.238413E+001   5.525500E+001   6.873192E+001  -3.238413E+001  -1.347692E+001  -1.890721E+001
   18101       8    11.627907    13.333333  -9.153034E-011   3.495333E+001   2.346210E+000   3.593607E+001  -3.495333E+001  -3.358986E+001  -1.363479E+000
   18101       9     9.009009    11.627907   2.101146E-010   5.901918E+001   7.909308E-001   5.942649E+001  -5.901918E+001  -5.863556E+001  -3.836140E-001
   18101      10     8.695652     9.009009   3.361189E-011   6.805420E+000   5.932675E-006   6.805423E+000  -6.805420E+000  -6.805417E+000  -3.005468E-006
   18101      11     8.333333     8.695652  -9.580747E-011   7.600565E+000   1.424734E-006   7.600565E+000  -7.600565E+000  -7.600564E+000  -6.393434E-007
   18101      12     7.633588     8.333333  -6.233947E-011   1.356787E+001   6.706750E-006   1.356787E+001  -1.356787E+001  -1.356786E+001  -2.680479E-006
   18101      13     7.042254     7.633588   1.482381E-011   9.961365E+000   9.247377E-006   9.961372E+000  -9.961365E+000  -9.961362E+000  -2.776534E-006
   18101      14     6.451613     7.042254   6.706746E-012   8.235292E+000   7.539248E-006   8.235300E+000  -8.235292E+000  -8.235292E+000  -2.461292E-007
   18101      15     5.464481     6.451613  -3.588080E-011   9.434358E+000   1.267528E-005   9.434371E+000  -9.434358E+000  -9.434359E+000   6.466871E-007
   18101      16     4.950495     5.464481   6.449036E-012   2.771980E+000   3.117201E-002   2.811804E+000  -2.771980E+000  -2.780632E+000   8.651696E-003
   18101      17     3.333333     4.950495   1.175011E-012   1.867980E+000   5.710361E-001   2.691396E+000  -1.867980E+000  -2.120360E+000   2.523802E-001
   18201       1    40.000000 10000.000000  -4.917844E-011   2.135402E+001   1.154443E+001   2.292830E+001  -2.135402E+001  -1.138387E+001  -9.970144E+000
   18201       2    29.411765    40.000000  -4.003873E-010   2.403273E+001   3.023633E+000   2.450614E+001  -2.403273E+001  -2.148251E+001  -2.550220E+000
   18201       3    25.000000    29.411765  -5.451621E-010   1.998213E+001   1.188459E+000   2.019510E+001  -1.998213E+001  -1.900664E+001  -9.754844E-001
   18201       4    20.833333    25.000000  -7.514664E-010   2.986284E+001   8.148054E-001   3.002846E+001  -2.986284E+001  -2.921365E+001  -6.491936E-001
   18201       5    19.230769    20.833333  -8.517631E-013   1.570949E+001   2.157722E-001   1.575834E+001  -1.570949E+001  -1.554257E+001  -1.669214E-001
   18201       6    17.543860    19.230769  -3.397993E-011   1.973976E+001   6.618005E-001   1.992372E+001  -1.973976E+001  -1.926192E+001  -4.778383E-001
   18201       7    13.333333    17.543860   4.270291E-010   3.205950E+001   5.475128E+001   6.833542E+001  -3.205950E+001  -1.358413E+001  -1.847537E+001
   18201       8    11.627907    13.333333  -9.038281E-011   3.471227E+001   2.285460E+000   3.568830E+001  -3.471227E+001  -3.340284E+001  -1.309426E+000
   18201       9     9.009009    11.627907   2.069473E-010   5.853323E+001   7.637899E-001   5.893526E+001  -5.853323E+001  -5.817147E+001  -3.617649E-001
   18201      10     8.695652     9.009009   3.302325E-011   6.740547E+000   5.703951E-006   6.740550E+000  -6.740547E+000  -6.740545E+000  -2.807151E-006
   18201      11     8.333333     8.695652  -9.406687E-011   7.525309E+000   1.358735E-006   7.525310E+000  -7.525309E+000  -7.525309E+000  -5.919052E-007
   18201      12     7.633588     8.333333  -6.113576E-011   1.342506E+001   6.617120E-006   1.342506E+001  -1.342506E+001  -1.342505E+001  -2.552155E-006
   18201      13     7.042254     7.633588   1.451350E-011   9.847563E+000   9.110753E-006   9.847569E+000  -9.847563E+000  -9.847560E+000  -2.615480E-006
   18201      14     6.451613     7.042254   6.554535E-012   8.133172E+000   7.370390E-006   8.133179E+000  -8.133172E+000  -8.133172E+000  -9.410287E-008
   18201      15     5.464481     6.451613  -3.497053E-011   9.302913E+000   1.221053E-005   9.302926E+000  -9.302913E+000  -9.302914E+000   9.494366E-007
   18201      16     4.950495     5.464481   6.261602E-012   2.727450E+000   3.014618E-002   2.766993E+000  -2.727450E+000  -2.736847E+000   9.396538E-003
   18201      17     3.333333     4.950495   1.136022E-012   1.829734E+000   5.541061E-001   2.641044E+000  -1.829734E+000  -2.086938E+000   2.572048E-001
   18301       1    40.000000 10000.000000  -4.898304E-011   2.127406E+001   1.149710E+001   2.287057E+001  -2.127406E+001  -1.137346E+001  -9.900601E+000
   18301       2    29.411765    40.000000  -3.983089E-010   2.394849E+001   3.001352E+000   2.442802E+001  -2.394849E+001  -2.142666E+001  -2.521825E+000
   18301       3    25.000000    29.411765  -5.418261E-010   1.990595E+001   1.176568E+000   2.012117E+001  -1.990595E+001  -1.894461E+001  -9.613463E-001
   18301       4    20.833333    25.000000  -7.461782E-010   2.973762E+001   8.039020E-001   2.990451E+001  -2.973762E+001  -2.910061E+001  -6.370117E-001
   18301       5    19.230769    20.833333  -8.437695E-013   1.563777E+001   2.121841E-001   1.568682E+001  -1.563777E+001  -1.547464E+001  -1.631296E-001
   18301       6    17.543860    19.230769  -3.369305E-011   1.964383E+001   6.453039E-001   1.982659E+001  -1.964383E+001  -1.918128E+001  -4.625461E-001
   18301       7    13.333333    17.543860   4.227267E-010   3.174636E+001   5.425956E+001   6.794654E+001  -3.174636E+001  -1.368698E+001  -1.805937E+001
   18301       8    11.627907    13.333333  -8.927081E-011   3.447706E+001   2.227032E+000   3.544604E+001  -3.447706E+001  -3.321900E+001  -1.258057E+000
   18301       9     9.009009    11.627907   2.039116E-010   5.805950E+001   7.379118E-001   5.845619E+001  -5.805950E+001  -5.771828E+001  -3.412199E-001
   18301      10     8.695652     9.009009   3.245537E-011   6.677531E+000   5.500740E-006   6.677534E+000  -6.677531E+000  -6.677528E+000  -2.655777E-006
   18301      11     8.333333     8.695652  -9.238865E-011   7.452181E+000   1.294777E-006   7.452182E+000  -7.452181E+000  -7.452180E+000  -5.398280E-007
   18301      12     7.633588     8.333333  -5.997558E-011   1.328665E+001   6.525013E-006   1.328665E+001  -1.328665E+001  -1.328664E+001  -2.427597E-006
   18301      13     7.042254     7.633588   1.421385E-011   9.737518E+000   8.949574E-006   9.737524E+000  -9.737518E+000  -9.737515E+000  -2.394662E-006
   18301      14     6.451613     7.042254   6.407430E-012   8.034624E+000   7.170756E-006   8.034631E+000  -8.034624E+000  -8.034624E+000   1.249477E-007
   18301      15     5.464481     6.451613  -3.409328E-011   9.176620E+000   1.172541E-005   9.176633E+000  -9.176620E+000  -9.176621E+000   1.321228E-006
   18301      16     4.950495     5.464481   6.080969E-012   2.684893E+000   2.917261E-002   2.724162E+000  -2.684893E+000  -2.694989E+000   1.009612E-002
   18301      17     3.333333     4.950495   1.098448E-012   1.793560E+000   5.378648E-001   2.593307E+000  -1.793560E+000  -2.055442E+000   2.618815E-001
   18401       1    40.000000 10000.000000  -4.879830E-011   2.119580E+001   1.145079E+001   2.281355E+001  -2.119580E+001  -1.136276E+001  -9.833041E+000
   18401       2    29.411765    40.000000  -3.962910E-010   2.386551E+001   2.979672E+000   2.435086E+001  -2.386551E+001  -2.137119E+001  -2.494324E+000
   18401       3    25.000000    29.411765  -5.385932E-010   1.983084E+001   1.164956E+000   2.004816E+001  -1.983084E+001  -1.888321E+001  -9.476325E-001
   18401       4    20.833333    25.000000  -7.410623E-010   2.961405E+001   7.933292E-001   2.978212E+001  -2.961405E+001  -2.898879E+001  -6.252671E-001
   18401       5    19.230769    20.833333  -8.366641E-013   1.556697E+001   2.087080E-001   1.561619E+001  -1.556697E+001  -1.540748E+001  -1.594809E-001
   18401       6    17.543860    19.230769  -3.341238E-011   1.954918E+001   6.294596E-001   1.973067E+001  -1.954918E+001  -1.910121E+001  -4.479745E-001
   18401       7    13.333333    17.543860   4.185630E-010   3.144322E+001   5.377913E+001   6.756252E+001  -3.144322E+001  -1.378339E+001  -1.765983E+001
   18401       8    11.627907    13.333333  -8.820145E-011   3.424523E+001   2.170692E+000   3.520679E+001  -3.424523E+001  -3.303610E+001  -1.209129E+000
   18401       9     9.009009    11.627907   2.009664E-010   5.759185E+001   7.132119E-001   5.798309E+001  -5.759185E+001  -5.726988E+001  -3.219633E-001
   18401      10     8.695652     9.009009   3.190614E-011   6.615300E+000   5.304068E-006   6.615303E+000  -6.615300E+000  -6.615297E+000  -2.505762E-006
   18401      11     8.333333     8.695652  -9.076440E-011   7.379964E+000   1.266144E-006   7.379965E+000  -7.379964E+000  -7.379964E+000  -5.516527E-007
   18401      12     7.633588     8.333333  -5.885203E-011   1.314996E+001   6.426372E-006   1.314997E+001  -1.314996E+001  -1.314996E+001  -2.281662E-006
   18401      13     7.042254     7.633588   1.392420E-011   9.628845E+000   8.818576E-006   9.628852E+000  -9.628845E+000  -9.628843E+000  -2.241786E-006
   18401      14     6.451613     7.042254   6.265211E-012   7.937304E+000   7.018853E-006   7.937311E+000  -7.937304E+000  -7.937304E+000   2.492199E-007
   18401      15     5.464481     6.451613  -3.324357E-011   9.051901E+000   1.130499E-005   9.051914E+000  -9.051901E+000  -9.051903E+000   1.583489E-006
   18401      16     4.950495     5.464481   5.906053E-012   2.642894E+000   2.824727E-002   2.681865E+000  -2.642894E+000  -2.653618E+000   1.072383E-002
   18401      17     3.333333     4.950495   1.062074E-012   1.758070E+000   5.225844E-001   2.546164E+000  -1.758070E+000  -2.023580E+000   2.655103E-001
   18501       1    40.000000 10000.000000  -4.862777E-011   2.111918E+001   1.140540E+001   2.275724E+001  -2.111918E+001  -1.135184E+001  -9.767345E+000
   18501       2    29.411765    40.000000  -3.943370E-010   2.378378E+001   2.958573E+000   2.427468E+001  -2.378378E+001  -2.131610E+001  -2.467680E+000
   18501       3    25.000000    29.411765  -5.354543E-010   1.975678E+001   1.153616E+000   1.997607E+001  -1.975678E+001  -1.882245E+001  -9.343279E-001
   18501       4    20.833333    25.000000  -7.360921E-010   2.949211E+001   7.830861E-001   2.966125E+001  -2.949211E+001  -2.887817E+001  -6.139459E-001
   18501       5    19.230769    20.833333  -8.304468E-013   1.549708E+001   2.053442E-001   1.554645E+001  -1.549708E+001  -1.534111E+001  -1.559727E-001
   18501       6    17.543860    19.230769  -3.314060E-011   1.945579E+001   6.142502E-001   1.963595E+001  -1.945579E+001  -1.902170E+001  -4.340881E-001
   18501       7    13.333333    17.543860   4.145235E-010   3.114962E+001   5.330850E+001   6.718331E+001  -3.114962E+001  -1.387481E+001  -1.727481E+001
   18501       8    11.627907    13.333333  -8.716317E-011   3.401674E+001   2.116438E+000   3.497055E+001  -3.401674E+001  -3.285411E+001  -1.162636E+000
   18501       9     9.009009    11.627907   1.981117E-010   5.713021E+001   6.896553E-001   5.751593E+001  -5.713021E+001  -5.682628E+001  -3.039351E-001
   18501      10     8.695652     9.009009   3.137290E-011   6.553849E+000   5.123541E-006   6.553852E+000  -6.553849E+000  -6.553847E+000  -2.375539E-006
   18501      11     8.333333     8.695652  -8.918810E-011   7.308653E+000   1.212359E-006   7.308654E+000  -7.308653E+000  -7.308652E+000  -5.082180E-007
   18501      12     7.633588     8.333333  -5.776157E-011   1.301499E+001   6.358661E-006   1.301499E+001  -1.301499E+001  -1.301499E+001  -2.195734E-006
   18501      13     7.042254     7.633588   1.364286E-011   9.521535E+000   8.658150E-006   9.521542E+000  -9.521535E+000  -9.521533E+000  -2.022684E-006
   18501      14     6.451613     7.042254   6.127432E-012   7.841205E+000   6.854817E-006   7.841212E+000  -7.841205E+000  -7.841205E+000   4.025891E-007
   18501      15     5.464481     6.451613  -3.241923E-011   8.928747E+000   1.090886E-005   8.928760E+000  -8.928747E+000  -8.928749E+000   1.813536E-006
   18501      16     4.950495     5.464481   5.736467E-012   2.601447E+000   2.736769E-002   2.640098E+000  -2.601447E+000  -2.612731E+000   1.128402E-002
   18501      17     3.333333     4.950495   1.026776E-012   1.723380E+000   5.080100E-001   2.499613E+000  -1.723380E+000  -1.991603E+000   2.682228E-001
   18601       1    40.000000 10000.000000  -4.845724E-011   2.104417E+001   1.136090E+001   2.270165E+001  -2.104417E+001  -1.134075E+001  -9.703422E+000
   18601       2    29.411765    40.000000  -3.924345E-010   2.370327E+001   2.938048E+000   2.419945E+001  -2.370327E+001  -2.126140E+001  -2.441870E+000
   18601       3    25.000000    29.411765  -5.324079E-010   1.968376E+001   1.142558E+000   1.990489E+001  -1.968376E+001  -1.876233E+001  -9.214298E-001
   18601       4    20.833333    25.000000  -7.312746E-010   2.937178E+001   7.731822E-001   2.954191E+001  -2.937178E+001  -2.876873E+001  -6.030499E-001
   18601       5    19.230769    20.833333  -8.260059E-013   1.542810E+001   2.020899E-001   1.547759E+001  -1.542810E+001  -1.527550E+001  -1.525980E-001
   18601       6    17.543860    19.230769  -3.288125E-011   1.936362E+001   5.996566E-001   1.954242E+001  -1.936362E+001  -1.894277E+001  -4.208571E-001
   18601       7    13.333333    17.543860   4.106582E-010   3.086641E+001   5.284732E+001   6.680887E+001  -3.086641E+001  -1.396155E+001  -1.690486E+001
   18601       8    11.627907    13.333333  -8.617462E-011   3.379152E+001   2.064200E+000   3.473728E+001  -3.379152E+001  -3.267308E+001  -1.118441E+000
   18601       9     9.009009    11.627907   1.954241E-010   5.667450E+001   6.671788E-001   5.705465E+001  -5.667450E+001  -5.638747E+001  -2.870286E-001
   18601      10     8.695652     9.009009   3.087797E-011   6.493173E+000   4.934708E-006   6.493175E+000  -6.493173E+000  -6.493170E+000  -2.220576E-006
   18601      11     8.333333     8.695652  -8.772449E-011   7.238240E+000   1.150495E-006   7.238241E+000  -7.238240E+000  -7.238240E+000  -4.467187E-007
   18601      12     7.633588     8.333333  -5.675505E-011   1.288172E+001   6.223503E-006   1.288172E+001  -1.288172E+001  -1.288172E+001  -1.980158E-006
   18601      13     7.042254     7.633588   1.338529E-011   9.415577E+000   8.518748E-006   9.415584E+000  -9.415577E+000  -9.415575E+000  -1.845926E-006
   18601      14     6.451613     7.042254   6.001866E-012   7.746316E+000   6.683250E-006   7.746323E+000  -7.746316E+000  -7.746317E+000   5.698473E-007
   18601      15     5.464481     6.451613  -3.167649E-011   8.807144E+000   1.051511E-005   8.807156E+000  -8.807144E+000  -8.807146E+000   2.065763E-006
   18601      16     4.950495     5.464481   5.585810E-012   2.560544E+000   2.653036E-002   2.598858E+000  -2.560544E+000  -2.572328E+000   1.178323E-002
   18601      17     3.333333     4.950495   9.959811E-013   1.689103E+000   4.939752E-001   2.453648E+000  -1.689103E+000  -1.959673E+000   2.705697E-001
   18701       1    40.000000 10000.000000  -4.828316E-011   2.097073E+001   1.131720E+001   2.264676E+001  -2.097073E+001  -1.132956E+001  -9.641162E+000
   18701       2    29.411765    40.000000  -3.905747E-010   2.362396E+001   2.918073E+000   2.412518E+001  -2.362396E+001  -2.120710E+001  -2.416856E+000
   18701       3    25.000000    29.411765  -5.294307E-010   1.961175E+001   1.131782E+000   1.983460E+001  -1.961175E+001  -1.870282E+001  -9.089323E-001
   18701       4    20.833333    25.000000  -7.265708E-010   2.925304E+001   7.636118E-001   2.942409E+001  -2.925304E+001  -2.866047E+001  -5.925651E-001
   18701       5    19.230769    20.833333  -8.189005E-013   1.536001E+001   1.989439E-001   1.540960E+001  -1.536001E+001  -1.521065E+001  -1.493532E-001
   18701       6    17.543860    19.230769  -3.262368E-011   1.927268E+001   5.856460E-001   1.945008E+001  -1.927268E+001  -1.886443E+001  -4.082417E-001
   18701       7    13.333333    17.543860   4.069065E-010   3.059228E+001   5.239570E+001   6.643918E+001  -3.059228E+001  -1.404348E+001  -1.654880E+001
   18701       8    11.627907    13.333333  -8.521894E-011   3.356949E+001   2.013884E+000   3.450696E+001  -3.356949E+001  -3.249308E+001  -1.076412E+000
   18701       9     9.009009    11.627907   1.928360E-010   5.622465E+001   6.457085E-001   5.659921E+001  -5.622465E+001  -5.595351E+001  -2.711437E-001
   18701      10     8.695652     9.009009   3.040290E-011   6.433264E+000   4.744793E-006   6.433267E+000  -6.433264E+000  -6.433262E+000  -2.057573E-006
   18701      11     8.333333     8.695652  -8.632128E-011   7.168718E+000   1.095274E-006   7.168719E+000  -7.168718E+000  -7.168718E+000  -3.988628E-007
   18701      12     7.633588     8.333333  -5.579115E-011   1.275014E+001   6.145935E-006   1.275014E+001  -1.275014E+001  -1.275013E+001  -1.883578E-006
   18701      13     7.042254     7.633588   1.313838E-011   9.310960E+000   8.378353E-006   9.310967E+000  -9.310960E+000  -9.310958E+000  -1.669263E-006
   18701      14     6.451613     7.042254   5.882295E-012   7.652628E+000   6.546431E-006   7.652636E+000  -7.652628E+000  -7.652629E+000   6.711133E-007
   18701      15     5.464481     6.451613  -3.097361E-011   8.687080E+000   1.012687E-005   8.687092E+000  -8.687080E+000  -8.687082E+000   2.322294E-006
   18701      16     4.950495     5.464481   5.444187E-012   2.520182E+000   2.573333E-002   2.558140E+000  -2.520182E+000  -2.532406E+000   1.222474E-002
   18701      17     3.333333     4.950495   9.672957E-013   1.655409E+000   4.804605E-001   2.408265E+000  -1.655409E+000  -1.927804E+000   2.723954E-001
   18801       1    40.000000 10000.000000  -4.811440E-011   2.089878E+001   1.127430E+001   2.259257E+001  -2.089878E+001  -1.131827E+001  -9.580518E+000
   18801       2    29.411765    40.000000  -3.887664E-010   2.354583E+001   2.898633E+000   2.405185E+001  -2.354583E+001  -2.115322E+001  -2.392610E+000
   18801       3    25.000000    29.411765  -5.265370E-010   1.954075E+001   1.121270E+000   1.976521E+001  -1.954075E+001  -1.864394E+001  -8.968101E-001
   18801       4    20.833333    25.000000  -7.220127E-010   2.913587E+001   7.543511E-001   2.930775E+001  -2.913587E+001  -2.855340E+001  -5.824634E-001
   18801       5    19.230769    20.833333  -8.135714E-013   1.529280E+001   1.959003E-001   1.534247E+001  -1.529280E+001  -1.514657E+001  -1.462317E-001
   18801       6    17.543860    19.230769  -3.237588E-011   1.918293E+001   5.721917E-001   1.935891E+001  -1.918293E+001  -1.878672E+001  -3.962048E-001
   18801       7    13.333333    17.543860   4.032685E-010   3.032674E+001   5.195364E+001   6.607419E+001  -3.032674E+001  -1.412054E+001  -1.620619E+001
   18801       8    11.627907    13.333333  -8.429435E-011   3.335059E+001   1.965428E+000   3.427957E+001  -3.335059E+001  -3.231414E+001  -1.036451E+000
   18801       9     9.009009    11.627907   1.903313E-010   5.578062E+001   6.252348E-001   5.614957E+001  -5.578062E+001  -5.552433E+001  -2.562891E-001
   18801      10     8.695652     9.009009   2.994283E-011   6.374117E+000   4.592501E-006   6.374120E+000  -6.374117E+000  -6.374115E+000  -1.961998E-006
   18801      11     8.333333     8.695652  -8.496270E-011   7.100081E+000   1.050571E-006   7.100082E+000  -7.100081E+000  -7.100081E+000  -3.741669E-007
   18801      12     7.633588     8.333333  -5.485812E-011   1.262023E+001   6.073364E-006   1.262023E+001  -1.262023E+001  -1.262022E+001  -1.783932E-006
   18801      13     7.042254     7.633588   1.290001E-011   9.207674E+000   8.241034E-006   9.207680E+000  -9.207674E+000  -9.207672E+000  -1.501669E-006
   18801      14     6.451613     7.042254   5.766498E-012   7.560132E+000   6.418861E-006   7.560140E+000  -7.560132E+000  -7.560133E+000   7.634076E-007
   18801      15     5.464481     6.451613  -3.029316E-011   8.568543E+000   9.832666E-006   8.568555E+000  -8.568543E+000  -8.568545E+000   2.401143E-006
   18801      16     4.950495     5.464481   5.307102E-012   2.480353E+000   2.497507E-002   2.517939E+000  -2.480353E+000  -2.492964E+000   1.261120E-002
   18801      17     3.333333     4.950495   9.394915E-013   1.622367E+000   4.674748E-001   2.363459E+000  -1.622367E+000  -1.895984E+000   2.736177E-001
   18901       1    40.000000 10000.000000  -4.795453E-011   2.082831E+001   1.123213E+001   2.253907E+001  -2.082831E+001  -1.130694E+001  -9.521377E+000
   18901       2    29.411765    40.000000  -3.870149E-010   2.346885E+001   2.879712E+000   2.397946E+001  -2.346885E+001  -2.109974E+001  -2.369103E+000
   18901       3    25.000000    29.411765  -5.237357E-010   1.947074E+001   1.111024E+000   1.969671E+001  -1.947074E+001  -1.858568E+001  -8.850563E-001
   18901       4    20.833333    25.000000  -7.176002E-010   2.902025E+001   7.454093E-001   2.919291E+001  -2.902025E+001  -2.844750E+001  -5.727452E-001
   18901       5    19.230769    20.833333  -8.082424E-013   1.522647E+001   1.929592E-001   1.527620E+001  -1.522647E+001  -1.508324E+001  -1.432304E-001
   18901       6    17.543860    19.230769  -3.213874E-011   1.909436E+001   5.592788E-001   1.926891E+001  -1.909436E+001  -1.870963E+001  -3.847292E-001
   18901       7    13.333333    17.543860   3.997478E-010   3.006932E+001   5.152034E+001   6.571386E+001  -3.006932E+001  -1.419352E+001  -1.587580E+001
   18901       8    11.627907    13.333333  -8.339729E-011   3.313476E+001   1.918752E+000   3.405509E+001  -3.313476E+001  -3.213634E+001  -9.984228E-001
   18901       9     9.009009    11.627907   1.879048E-010   5.534233E+001   6.056869E-001   5.570566E+001  -5.534233E+001  -5.509998E+001  -2.423516E-001
   18901      10     8.695652     9.009009   2.949752E-011   6.315726E+000   4.439350E-006   6.315729E+000  -6.315726E+000  -6.315724E+000  -1.856080E-006
   18901      11     8.333333     8.695652  -8.364642E-011   7.032320E+000   1.017728E-006   7.032321E+000  -7.032320E+000  -7.032320E+000  -3.622203E-007
   18901      12     7.633588     8.333333  -5.395506E-011   1.249197E+001   6.003661E-006   1.249198E+001  -1.249197E+001  -1.249197E+001  -1.701805E-006
   18901      13     7.042254     7.633588   1.266931E-011   9.105707E+000   8.133407E-006   9.105713E+000  -9.105707E+000  -9.105705E+000  -1.390442E-006
   18901      14     6.451613     7.042254   5.654366E-012   7.468818E+000   6.255135E-006   7.468825E+000  -7.468818E+000  -7.468819E+000   9.191676E-007
   18901      15     5.464481     6.451613  -2.963346E-011   8.451520E+000   9.481736E-006   8.451532E+000  -8.451520E+000  -8.451523E+000   2.627187E-006
   18901      16     4.950495     5.464481   5.174278E-012   2.441051E+000   2.425213E-002   2.478252E+000  -2.441051E+000  -2.454000E+000   1.294887E-002
   18901      17     3.333333     4.950495   9.125548E-013   1.590026E+000   4.548184E-001   2.319225E+000  -1.590026E+000  -1.864407E+000   2.743811E-001
   19001       1    40.000000 10000.000000  -4.780709E-011   2.075918E+001   1.119065E+001   2.248603E+001  -2.075918E+001  -1.129538E+001  -9.463799E+000
   19001       2    29.411765    40.000000  -3.853131E-010   2.339288E+001   2.861300E+000   2.390785E+001  -2.339288E+001  -2.104655E+001  -2.346335E+000
   19001       3    25.000000    29.411765  -5.210214E-010   1.940187E+001   1.101046E+000   1.962926E+001  -1.940187E+001  -1.852822E+001  -8.736542E-001
   19001       4    20.833333    25.000000  -7.133174E-010   2.890686E+001   7.367721E-001   2.908026E+001  -2.890686E+001  -2.834349E+001  -5.633711E-001
   19001       5    19.230769    20.833333  -8.038015E-013   1.516171E+001   1.901167E-001   1.521149E+001  -1.516171E+001  -1.502138E+001  -1.403323E-001
   19001       6    17.543860    19.230769  -3.190692E-011   1.900856E+001   5.468869E-001   1.918173E+001  -1.900856E+001  -1.863484E+001  -3.737222E-001
   19001       7    13.333333    17.543860   3.963265E-010   2.981954E+001   5.109771E+001   6.536451E+001  -2.981954E+001  -1.426680E+001  -1.555274E+001
   19001       8    11.627907    13.333333  -8.252865E-011   3.292662E+001   1.873815E+000   3.383858E+001  -3.292662E+001  -3.196477E+001  -9.618534E-001
   19001       9     9.009009    11.627907   1.855547E-010   5.492434E+001   5.870271E-001   5.528234E+001  -5.492434E+001  -5.469532E+001  -2.290272E-001
   19001      10     8.695652     9.009009   2.906486E-011   6.260482E+000   4.283081E-006   6.260485E+000  -6.260482E+000  -6.260481E+000  -1.734725E-006
   19001      11     8.333333     8.695652  -8.236867E-011   6.968551E+000   9.775483E-007   6.968552E+000  -6.968551E+000  -6.968551E+000  -3.389864E-007
   19001      12     7.633588     8.333333  -5.307776E-011   1.237133E+001   5.894922E-006   1.237134E+001  -1.237133E+001  -1.237133E+001  -1.537173E-006
   19001      13     7.042254     7.633588   1.244460E-011   9.010387E+000   8.002029E-006   9.010394E+000  -9.010387E+000  -9.010386E+000  -1.222339E-006
   19001      14     6.451613     7.042254   5.545675E-012   7.384143E+000   6.131818E-006   7.384150E+000  -7.384143E+000  -7.384144E+000   1.011224E-006
   19001      15     5.464481     6.451613  -2.899370E-011   8.344100E+000   9.190310E-006   8.344112E+000  -8.344100E+000  -8.344103E+000   2.749386E-006
   19001      16     4.950495     5.464481   5.045353E-012   2.405458E+000   2.356182E-002   2.442340E+000  -2.405458E+000  -2.418778E+000   1.331992E-002
   19001      17     3.333333     4.950495   8.864159E-013   1.560939E+000   4.429741E-001   2.279987E+000  -1.560939E+000  -1.837012E+000   2.760735E-001
   19101       1    40.000000 10000.000000  -4.764722E-011   2.069143E+001   1.114981E+001   2.243361E+001  -2.069143E+001  -1.128380E+001  -9.407626E+000
   19101       2    29.411765    40.000000  -3.836593E-010   2.331800E+001   2.843377E+000   2.383711E+001  -2.331800E+001  -2.099373E+001  -2.324269E+000
   19101       3    25.000000    29.411765  -5.183836E-010   1.933395E+001   1.091330E+000   1.956267E+001  -1.933395E+001  -1.847134E+001  -8.626057E-001
   19101       4    20.833333    25.000000  -7.091412E-010   2.879500E+001   7.284312E-001   2.896908E+001  -2.879500E+001  -2.824065E+001  -5.543499E-001
   19101       5    19.230769    20.833333  -7.975842E-013   1.509784E+001   1.873730E-001   1.514767E+001  -1.509784E+001  -1.496029E+001  -1.375472E-001
   19101       6    17.543860    19.230769  -3.167955E-011   1.892404E+001   5.350003E-001   1.909582E+001  -1.892404E+001  -1.856082E+001  -3.632207E-001
   19101       7    13.333333    17.543860   3.930083E-010   2.957662E+001   5.068453E+001   6.502024E+001  -2.957662E+001  -1.433571E+001  -1.524090E+001
   19101       8    11.627907    13.333333  -8.167955E-011   3.272183E+001   1.830560E+000   3.362537E+001  -3.272183E+001  -3.179481E+001  -9.270262E-001
   19101       9     9.009009    11.627907   1.832525E-010   5.451335E+001   5.692129E-001   5.486607E+001  -5.451335E+001  -5.429686E+001  -2.164900E-001
   19101      10     8.695652     9.009009   2.864342E-011   6.206214E+000   4.147310E-006   6.206217E+000  -6.206214E+000  -6.206213E+000  -1.646081E-006
   19101      11     8.333333     8.695652  -8.112344E-011   6.905952E+000   9.510820E-007   6.905953E+000  -6.905952E+000  -6.905952E+000  -3.291407E-007
   19101      12     7.633588     8.333333  -5.222178E-011   1.225291E+001   5.836181E-006   1.225292E+001  -1.225291E+001  -1.225291E+001  -1.470450E-006
   19101      13     7.042254     7.633588   1.222633E-011   8.916899E+000   7.884095E-006   8.916906E+000  -8.916899E+000  -8.916898E+000  -1.081868E-006
   19101      14     6.451613     7.042254   5.439427E-012   7.301185E+000   5.988302E-006   7.301192E+000  -7.301185E+000  -7.301186E+000   1.146624E-006
   19101      15     5.464481     6.451613  -2.836981E-011   8.239002E+000   8.878474E-006   8.239014E+000  -8.239002E+000  -8.239005E+000   2.942535E-006
   19101      16     4.950495     5.464481   4.919704E-012   2.370714E+000   2.290338E-002   2.407273E+000  -2.370714E+000  -2.384370E+000   1.365581E-002
   19101      17     3.333333     4.950495   8.609294E-013   1.532777E+000   4.317092E-001   2.241777E+000  -1.532777E+000  -1.810068E+000   2.772908E-001
   19201       1    40.000000 10000.000000  -4.750333E-011   2.062502E+001   1.110960E+001   2.238183E+001  -2.062502E+001  -1.127223E+001  -9.352792E+000
   19201       2    29.411765    40.000000  -3.820588E-010   2.324418E+001   2.825938E+000   2.376723E+001  -2.324418E+001  -2.094129E+001  -2.302882E+000
   19201       3    25.000000    29.411765  -5.158096E-010   1.926693E+001   1.081866E+000   1.949690E+001  -1.926693E+001  -1.841503E+001  -8.518976E-001
   19201       4    20.833333    25.000000  -7.050964E-010   2.868456E+001   7.203794E-001   2.885927E+001  -2.868456E+001  -2.813889E+001  -5.456723E-001
   19201       5    19.230769    20.833333  -7.931433E-013   1.503477E+001   1.847227E-001   1.508463E+001  -1.503477E+001  -1.489990E+001  -1.348692E-001
   19201       6    17.543860    19.230769  -3.146194E-011   1.884058E+001   5.235968E-001   1.901097E+001  -1.884058E+001  -1.848738E+001  -3.532035E-001
   19201       7    13.333333    17.543860   3.898002E-010   2.934109E+001   5.027937E+001   6.468022E+001  -2.934109E+001  -1.440085E+001  -1.494024E+001
   19201       8    11.627907    13.333333  -8.086420E-011   3.251975E+001   1.788916E+000   3.341478E+001  -3.251975E+001  -3.162586E+001  -8.938873E-001
   19201       9     9.009009    11.627907   1.810427E-010   5.410745E+001   5.522129E-001   5.445493E+001  -5.410745E+001  -5.390272E+001  -2.047365E-001
   19201      10     8.695652     9.009009   2.823830E-011   6.152615E+000   3.996468E-006   6.152618E+000  -6.152615E+000  -6.152614E+000  -1.515962E-006
   19201      11     8.333333     8.695652  -7.992840E-011   6.844124E+000   9.224903E-007   6.844125E+000  -6.844124E+000  -6.844124E+000  -3.227229E-007
   19201      12     7.633588     8.333333  -5.140266E-011   1.213595E+001   5.745423E-006   1.213595E+001  -1.213595E+001  -1.213595E+001  -1.334985E-006
   19201      13     7.042254     7.633588   1.201717E-011   8.824563E+000   7.766889E-006   8.824570E+000  -8.824563E+000  -8.824562E+000  -9.336452E-007
   19201      14     6.451613     7.042254   5.338230E-012   7.219250E+000   5.862544E-006   7.219257E+000  -7.219250E+000  -7.219251E+000   1.253771E-006
   19201      15     5.464481     6.451613  -2.777462E-011   8.135199E+000   8.612460E-006   8.135211E+000  -8.135199E+000  -8.135202E+000   3.059648E-006
   19201      16     4.950495     5.464481   4.800174E-012   2.336413E+000   2.227468E-002   2.372639E+000  -2.336413E+000  -2.350364E+000   1.395080E-002
   19201      17     3.333333     4.950495   8.367820E-013   1.505122E+000   4.208719E-001   2.204039E+000  -1.505122E+000  -1.783167E+000   2.780451E-001
   19301       1    40.000000 10000.000000  -4.735412E-011   2.055994E+001   1.106997E+001   2.233070E+001  -2.055994E+001  -1.126073E+001  -9.299206E+000
   19301       2    29.411765    40.000000  -3.804743E-010   2.317141E+001   2.808954E+000   2.369823E+001  -2.317141E+001  -2.088927E+001  -2.282138E+000
   19301       3    25.000000    29.411765  -5.133103E-010   1.920081E+001   1.072651E+000   1.943194E+001  -1.920081E+001  -1.835929E+001  -8.415189E-001
   19301       4    20.833333    25.000000  -7.011458E-010   2.857554E+001   7.126024E-001   2.875082E+001  -2.857554E+001  -2.803822E+001  -5.373203E-001
   19301       5    19.230769    20.833333  -7.869261E-013   1.497250E+001   1.821646E-001   1.502237E+001  -1.497250E+001  -1.484020E+001  -1.322954E-001
   19301       6    17.543860    19.230769  -3.124967E-011   1.875817E+001   5.126562E-001   1.892717E+001  -1.875817E+001  -1.841452E+001  -3.436480E-001
   19301       7    13.333333    17.543860   3.866774E-010   2.911282E+001   4.988239E+001   6.434441E+001  -2.911282E+001  -1.446202E+001  -1.465080E+001
   19301       8    11.627907    13.333333  -8.007905E-011   3.232033E+001   1.748823E+000   3.320680E+001  -3.232033E+001  -3.145798E+001  -8.623543E-001
   19301       9     9.009009    11.627907   1.789555E-010   5.370660E+001   5.359751E-001   5.404888E+001  -5.370660E+001  -5.351290E+001  -1.936972E-001
   19301      10     8.695652     9.009009   2.786016E-011   6.099679E+000   3.894397E-006   6.099682E+000  -6.099679E+000  -6.099678E+000  -1.484585E-006
   19301      11     8.333333     8.695652  -7.881873E-011   6.783062E+000   8.848457E-007   6.783062E+000  -6.783062E+000  -6.783062E+000  -2.891360E-007
   19301      12     7.633588     8.333333  -5.064460E-011   1.202044E+001   5.680186E-006   1.202044E+001  -1.202044E+001  -1.202043E+001  -1.254290E-006
   19301      13     7.042254     7.633588   1.182487E-011   8.733370E+000   7.663832E-006   8.733377E+000  -8.733370E+000  -8.733370E+000  -8.289733E-007
   19301      14     6.451613     7.042254   5.246026E-012   7.138328E+000   5.739004E-006   7.138335E+000  -7.138328E+000  -7.138329E+000   1.348581E-006
   19301      15     5.464481     6.451613  -2.724154E-011   8.032681E+000   8.340349E-006   8.032692E+000  -8.032681E+000  -8.032684E+000   3.196277E-006
   19301      16     4.950495     5.464481   4.695133E-012   2.302552E+000   2.167424E-002   2.338433E+000  -2.302552E+000  -2.316759E+000   1.420716E-002
   19301      17     3.333333     4.950495   8.160139E-013   1.477747E+000   4.104121E-001   2.166768E+000  -1.477747E+000  -1.756356E+000   2.786090E-001
   19401       1    40.000000 10000.000000  -4.721379E-011   2.049614E+001   1.103090E+001   2.228021E+001  -2.049614E+001  -1.124931E+001  -9.246825E+000
   19401       2    29.411765    40.000000  -3.789449E-010   2.309967E+001   2.792415E+000   2.363008E+001  -2.309967E+001  -2.083766E+001  -2.262014E+000
   19401       3    25.000000    29.411765  -5.108642E-010   1.913557E+001   1.063680E+000   1.936779E+001  -1.913557E+001  -1.830411E+001  -8.314587E-001
   19401       4    20.833333    25.000000  -6.973053E-010   2.846791E+001   7.050866E-001   2.864372E+001  -2.846791E+001  -2.793864E+001  -5.292768E-001
   19401       5    19.230769    20.833333  -7.807088E-013   1.491101E+001   1.796939E-001   1.496088E+001  -1.491101E+001  -1.478119E+001  -1.298207E-001
   19401       6    17.543860    19.230769  -3.104361E-011   1.867679E+001   5.021594E-001   1.884442E+001  -1.867679E+001  -1.834226E+001  -3.345287E-001
   19401       7    13.333333    17.543860   3.836504E-010   2.889087E+001   4.949366E+001   6.401277E+001  -2.889087E+001  -1.451911E+001  -1.437176E+001
   19401       8    11.627907    13.333333  -7.931966E-011   3.212351E+001   1.710212E+000   3.300140E+001  -3.212351E+001  -3.129119E+001  -8.323200E-001
   19401       9     9.009009    11.627907   1.769251E-010   5.331073E+001   5.204677E-001   5.364787E+001  -5.331073E+001  -5.312740E+001  -1.833325E-001
   19401      10     8.695652     9.009009   2.749179E-011   6.047401E+000   3.773381E-006   6.047404E+000  -6.047401E+000  -6.047400E+000  -1.400878E-006
   19401      11     8.333333     8.695652  -7.773793E-011   6.722758E+000   8.692437E-007   6.722759E+000  -6.722758E+000  -6.722758E+000  -3.118703E-007
   19401      12     7.633588     8.333333  -4.990652E-011   1.190636E+001   5.626472E-006   1.190636E+001  -1.190636E+001  -1.190636E+001  -1.195945E-006
   19401      13     7.042254     7.633588   1.163836E-011   8.643311E+000   7.547290E-006   8.643318E+000  -8.643311E+000  -8.643310E+000  -6.871629E-007
   19401      14     6.451613     7.042254   5.156320E-012   7.058412E+000   5.656900E-006   7.058419E+000  -7.058412E+000  -7.058414E+000   1.362366E-006
   19401      15     5.464481     6.451613  -2.672207E-011   7.931437E+000   8.094890E-006   7.931448E+000  -7.931437E+000  -7.931440E+000   3.296872E-006
   19401      16     4.950495     5.464481   4.592812E-012   2.269124E+000   2.110017E-002   2.304652E+000  -2.269124E+000  -2.283552E+000   1.442836E-002
   19401      17     3.333333     4.950495   7.957662E-013   1.450866E+000   4.003239E-001   2.129960E+000  -1.450866E+000  -1.729636E+000   2.787702E-001
   19501       1    40.000000 10000.000000  -4.708056E-011   2.043358E+001   1.099232E+001   2.223034E+001  -2.043358E+001  -1.123802E+001  -9.195562E+000
   19501       2    29.411765    40.000000  -3.774474E-010   2.302896E+001   2.776294E+000   2.356278E+001  -2.302896E+001  -2.078648E+001  -2.242475E+000
   19501       3    25.000000    29.411765  -5.084910E-010   1.907120E+001   1.054943E+000   1.930444E+001  -1.907120E+001  -1.824950E+001  -8.217037E-001
   19501       4    20.833333    25.000000  -6.935679E-010   2.836166E+001   6.978222E-001   2.853796E+001  -2.836166E+001  -2.784014E+001  -5.215281E-001
   19501       5    19.230769    20.833333  -7.789325E-013   1.485029E+001   1.773093E-001   1.490016E+001  -1.485029E+001  -1.472285E+001  -1.274414E-001
   19501       6    17.543860    19.230769  -3.084200E-011   1.859643E+001   4.920840E-001   1.876269E+001  -1.859643E+001  -1.827061E+001  -3.258234E-001
   19501       7    13.333333    17.543860   3.807088E-010   2.867501E+001   4.911272E+001   6.368526E+001  -2.867501E+001  -1.457254E+001  -1.410247E+001
   19501       8    11.627907    13.333333  -7.858159E-011   3.192927E+001   1.673027E+000   3.279857E+001  -3.192927E+001  -3.112554E+001  -8.037285E-001
   19501       9     9.009009    11.627907   1.749516E-010   5.291982E+001   5.056502E-001   5.325187E+001  -5.291982E+001  -5.274622E+001  -1.736007E-001
   19501      10     8.695652     9.009009   2.713385E-011   5.995775E+000   3.647119E-006   5.995778E+000  -5.995775E+000  -5.995774E+000  -1.304478E-006
   19501      11     8.333333     8.695652  -7.668699E-011   6.663207E+000   8.085943E-007   6.663208E+000  -6.663207E+000  -6.663207E+000  -2.270292E-007
   19501      12     7.633588     8.333333  -4.918843E-011   1.179370E+001   5.554251E-006   1.179371E+001  -1.179370E+001  -1.179370E+001  -1.099477E-006
   19501      13     7.042254     7.633588   1.145661E-011   8.554375E+000   7.459672E-006   8.554382E+000  -8.554375E+000  -8.554374E+000  -6.055064E-007
   19501      14     6.451613     7.042254   5.069112E-012   6.979494E+000   5.529019E-006   6.979501E+000  -6.979494E+000  -6.979495E+000   1.477555E-006
   19501      15     5.464481     6.451613  -2.621720E-011   7.831456E+000   7.867357E-006   7.831467E+000  -7.831456E+000  -7.831459E+000   3.367159E-006
   19501      16     4.950495     5.464481   4.493295E-012   2.236126E+000   2.055150E-002   2.271293E+000  -2.236126E+000  -2.250741E+000   1.461555E-002
   19501      17     3.333333     4.950495   7.761361E-013   1.424470E+000   3.905798E-001   2.093611E+000  -1.424470E+000  -1.703031E+000   2.785609E-001
   19601       1    40.000000 10000.000000  -4.694201E-011   2.037223E+001   1.095426E+001   2.218110E+001  -2.037223E+001  -1.122684E+001  -9.145392E+000
   19601       2    29.411765    40.000000  -3.759979E-010   2.295924E+001   2.760587E+000   2.349632E+001  -2.295924E+001  -2.073573E+001  -2.223506E+000
   19601       3    25.000000    29.411765  -5.061818E-010   1.900769E+001   1.046438E+000   1.924189E+001  -1.900769E+001  -1.819545E+001  -8.122441E-001
   19601       4    20.833333    25.000000  -6.899405E-010   2.825678E+001   6.907982E-001   2.843352E+001  -2.825678E+001  -2.774272E+001  -5.140602E-001
   19601       5    19.230769    20.833333  -7.727152E-013   1.479035E+001   1.750058E-001   1.484020E+001  -1.479035E+001  -1.466520E+001  -1.251526E-001
   19601       6    17.543860    19.230769  -3.064393E-011   1.851709E+001   4.824063E-001   1.868199E+001  -1.851709E+001  -1.819959E+001  -3.175040E-001
   19601       7    13.333333    17.543860   3.778524E-010   2.846497E+001   4.873900E+001   6.336186E+001  -2.846497E+001  -1.462286E+001  -1.384211E+001
   19601       8    11.627907    13.333333  -7.786038E-011   3.173756E+001   1.637205E+000   3.259828E+001  -3.173756E+001  -3.096107E+001  -7.764921E-001
   19601       9     9.009009    11.627907   1.730367E-010   5.253379E+001   4.914850E-001   5.286082E+001  -5.253379E+001  -5.236934E+001  -1.644579E-001
   19601      10     8.695652     9.009009   2.678535E-011   5.944796E+000   3.536653E-006   5.944799E+000  -5.944796E+000  -5.944795E+000  -1.233127E-006
   19601      11     8.333333     8.695652  -7.566503E-011   6.604402E+000   7.900926E-007   6.604402E+000  -6.604402E+000  -6.604402E+000  -2.253177E-007
   19601      12     7.633588     8.333333  -4.849166E-011   1.168246E+001   5.495320E-006   1.168246E+001  -1.168246E+001  -1.168246E+001  -1.027519E-006
   19601      13     7.042254     7.633588   1.127998E-011   8.466553E+000   7.335210E-006   8.466560E+000  -8.466553E+000  -8.466553E+000  -4.485650E-007
   19601      14     6.451613     7.042254   4.984346E-012   6.901564E+000   5.442069E-006   6.901571E+000  -6.901564E+000  -6.901565E+000   1.506842E-006
   19601      15     5.464481     6.451613  -2.572653E-011   7.732727E+000   7.626075E-006   7.732738E+000  -7.732727E+000  -7.732731E+000   3.485467E-006
   19601      16     4.950495     5.464481   4.396566E-012   2.203552E+000   2.002582E-002   2.238351E+000  -2.203552E+000  -2.218326E+000   1.477354E-002
   19601      17     3.333333     4.950495   7.569986E-013   1.398637E+000   3.809621E-001   2.057717E+000  -1.398637E+000  -1.676755E+000   2.781182E-001
   19701       1    40.000000 10000.000000  -4.681056E-011   2.031206E+001   1.091666E+001   2.213248E+001  -2.031206E+001  -1.121581E+001  -9.096246E+000
   19701       2    29.411765    40.000000  -3.745821E-010   2.289050E+001   2.745268E+000   2.343070E+001  -2.289050E+001  -2.068543E+001  -2.205075E+000
   19701       3    25.000000    29.411765  -5.039329E-010   1.894503E+001   1.038156E+000   1.918012E+001  -1.894503E+001  -1.814196E+001  -8.030683E-001
   19701       4    20.833333    25.000000  -6.863932E-010   2.815325E+001   6.840026E-001   2.833039E+001  -2.815325E+001  -2.764639E+001  -5.068587E-001
   19701       5    19.230769    20.833333  -7.664980E-013   1.473117E+001   1.727806E-001   1.478100E+001  -1.473117E+001  -1.460822E+001  -1.229494E-001
   19701       6    17.543860    19.230769  -3.045564E-011   1.843876E+001   4.731132E-001   1.860231E+001  -1.843876E+001  -1.812919E+001  -3.095612E-001
   19701       7    13.333333    17.543860   3.750564E-010   2.826028E+001   4.837316E+001   6.304253E+001  -2.826028E+001  -1.466937E+001  -1.359091E+001
   19701       8    11.627907    13.333333  -7.716139E-011   3.154836E+001   1.602685E+000   3.240050E+001  -3.154836E+001  -3.079782E+001  -7.505410E-001
   19701       9     9.009009    11.627907   1.711626E-010   5.215262E+001   4.779354E-001   5.247469E+001  -5.215262E+001  -5.199676E+001  -1.558622E-001
   19701      10     8.695652     9.009009   2.644607E-011   5.894458E+000   3.447879E-006   5.894460E+000  -5.894458E+000  -5.894457E+000  -1.195139E-006
   19701      11     8.333333     8.695652  -7.467005E-011   6.546336E+000   7.783702E-007   6.546336E+000  -6.546336E+000  -6.546335E+000  -2.454871E-007
   19701      12     7.633588     8.333333  -4.781153E-011   1.157261E+001   5.422879E-006   1.157262E+001  -1.157261E+001  -1.157261E+001  -9.378598E-007
   19701      13     7.042254     7.633588   1.110789E-011   8.379835E+000   7.250769E-006   8.379842E+000  -8.379835E+000  -8.379835E+000  -3.742790E-007
   19701      14     6.451613     7.042254   4.901690E-012   6.824613E+000   5.325303E-006   6.824620E+000  -6.824613E+000  -6.824615E+000   1.609301E-006
   19701      15     5.464481     6.451613  -2.524819E-011   7.635239E+000   7.393387E-006   7.635250E+000  -7.635239E+000  -7.635243E+000   3.597544E-006
   19701      16     4.950495     5.464481   4.302329E-012   2.171398E+000   1.952176E-002   2.205824E+000  -2.171398E+000  -2.186302E+000   1.490423E-002
   19701      17     3.333333     4.950495   7.383746E-013   1.373128E+000   3.719795E-001   2.022275E+000  -1.373128E+000  -1.650296E+000   2.771674E-001
   19801       1    40.000000 10000.000000  -4.668621E-011   2.025310E+001   1.087953E+001   2.208461E+001  -2.025310E+001  -1.120508E+001  -9.048012E+000
   19801       2    29.411765    40.000000  -3.731984E-010   2.282297E+001   2.730325E+000   2.336618E+001  -2.282297E+001  -2.063585E+001  -2.187122E+000
   19801       3    25.000000    29.411765  -5.017284E-010   1.888352E+001   1.030094E+000   1.911946E+001  -1.888352E+001  -1.808937E+001  -7.941463E-001
   19801       4    20.833333    25.000000  -6.829328E-010   2.805160E+001   6.774213E-001   2.822913E+001  -2.805160E+001  -2.755171E+001  -4.998896E-001
   19801       5    19.230769    20.833333  -7.638334E-013   1.467301E+001   1.706295E-001   1.472281E+001  -1.467301E+001  -1.455218E+001  -1.208217E-001
   19801       6    17.543860    19.230769  -3.027090E-011   1.836164E+001   4.641827E-001   1.852386E+001  -1.836164E+001  -1.805968E+001  -3.019605E-001
   19801       7    13.333333    17.543860   3.723208E-010   2.806043E+001   4.801491E+001   6.272963E+001  -2.806043E+001  -1.471472E+001  -1.334570E+001
   19801       8    11.627907    13.333333  -7.647394E-011   3.136360E+001   1.569414E+000   3.220735E+001  -3.136360E+001  -3.063794E+001  -7.256584E-001
   19801       9     9.009009    11.627907   1.693348E-010   5.178160E+001   4.649491E-001   5.209889E+001  -5.178160E+001  -5.163394E+001  -1.476588E-001
   19801      10     8.695652     9.009009   2.611367E-011   5.845631E+000   3.325699E-006   5.845633E+000  -5.845631E+000  -5.845630E+000  -1.088896E-006
   19801      11     8.333333     8.695652  -7.369549E-011   6.490008E+000   7.314078E-007   6.490008E+000  -6.490008E+000  -6.490007E+000  -1.889121E-007
   19801      12     7.633588     8.333333  -4.714629E-011   1.146639E+001   5.363880E-006   1.146639E+001  -1.146639E+001  -1.146639E+001  -8.661674E-007
   19801      13     7.042254     7.633588   1.093980E-011   8.296183E+000   7.134820E-006   8.296190E+000  -8.296183E+000  -8.296182E+000  -2.294523E-007
   19801      14     6.451613     7.042254   4.820810E-012   6.750568E+000   5.226095E-006   6.750575E+000  -6.750568E+000  -6.750570E+000   1.671532E-006
   19801      15     5.464481     6.451613  -2.478001E-011   7.541846E+000   7.206581E-006   7.541857E+000  -7.541846E+000  -7.541850E+000   3.632309E-006
   19801      16     4.950495     5.464481   4.210077E-012   2.140754E+000   1.903862E-002   2.174827E+000  -2.140754E+000  -2.155789E+000   1.503494E-002
   19801      17     3.333333     4.950495   7.201531E-013   1.349015E+000   3.633681E-001   1.988772E+000  -1.349015E+000  -1.625404E+000   2.763891E-001
   19901       1    40.000000 10000.000000  -4.656187E-011   2.019536E+001   1.084288E+001   2.203759E+001  -2.019536E+001  -1.119471E+001  -9.000645E+000
   19901       2    29.411765    40.000000  -3.718466E-010   2.275677E+001   2.715753E+000   2.330290E+001  -2.275677E+001  -2.058715E+001  -2.169617E+000
   19901       3    25.000000    29.411765  -4.995897E-010   1.882334E+001   1.022251E+000   1.906013E+001  -1.882334E+001  -1.803788E+001  -7.854613E-001
   19901       4    20.833333    25.000000  -6.795595E-010   2.795217E+001   6.710468E-001   2.813008E+001  -2.795217E+001  -2.745903E+001  -4.931356E-001
   19901       5    19.230769    20.833333  -7.602807E-013   1.461602E+001   1.685525E-001   1.466580E+001  -1.461602E+001  -1.449725E+001  -1.187710E-001
   19901       6    17.543860    19.230769  -3.008704E-011   1.828585E+001   4.556018E-001   1.844677E+001  -1.828585E+001  -1.799117E+001  -2.946837E-001
   19901       7    13.333333    17.543860   3.696812E-010   2.786618E+001   4.766448E+001   6.242463E+001  -2.786618E+001  -1.476015E+001  -1.310603E+001
   19901       8    11.627907    13.333333  -7.580603E-011   3.118452E+001   1.537348E+000   3.202017E+001  -3.118452E+001  -3.048282E+001  -7.017022E-001
   19901       9     9.009009    11.627907   1.675531E-010   5.142421E+001   4.525446E-001   5.173690E+001  -5.142421E+001  -5.128435E+001  -1.398581E-001
   19901      10     8.695652     9.009009   2.579092E-011   5.798883E+000   3.245855E-006   5.798885E+000  -5.798883E+000  -5.798882E+000  -1.062929E-006
   19901      11     8.333333     8.695652  -7.274814E-011   6.436069E+000   7.163525E-007   6.436070E+000  -6.436069E+000  -6.436069E+000  -1.970293E-007
   19901      12     7.633588     8.333333  -4.649969E-011   1.136524E+001   5.328048E-006   1.136524E+001  -1.136524E+001  -1.136524E+001  -8.374931E-007
   19901      13     7.042254     7.633588   1.077582E-011   8.216889E+000   7.050451E-006   8.216896E+000  -8.216889E+000  -8.216888E+000  -1.391199E-007
   19901      14     6.451613     7.042254   4.742373E-012   6.680703E+000   5.126335E-006   6.680710E+000  -6.680703E+000  -6.680705E+000   1.736550E-006
   19901      15     5.464481     6.451613  -2.432493E-011   7.454442E+000   7.009670E-006   7.454452E+000  -7.454442E+000  -7.454445E+000   3.708892E-006
   19901      16     4.950495     5.464481   4.120385E-012   2.112346E+000   1.857520E-002   2.146106E+000  -2.112346E+000  -2.127530E+000   1.518473E-002
   19901      17     3.333333     4.950495   7.024208E-013   1.326908E+000   3.551454E-001   1.958203E+000  -1.326908E+000  -1.603058E+000   2.761499E-001
   20001       1    40.000000 10000.000000  -4.644285E-011   2.013870E+001   1.080667E+001   2.199113E+001  -2.013870E+001  -1.118446E+001  -8.954235E+000
   20001       2    29.411765    40.000000  -3.705320E-010   2.269146E+001   2.701532E+000   2.324039E+001  -2.269146E+001  -2.053886E+001  -2.152603E+000
   20001       3    25.000000    29.411765  -4.974989E-010   1.876394E+001   1.014619E+000   1.900151E+001  -1.876394E+001  -1.798689E+001  -7.770414E-001
   20001       4    20.833333    25.000000  -6.762857E-010   2.785396E+001   6.648706E-001   2.803222E+001  -2.785396E+001  -2.736735E+001  -4.866157E-001
   20001       5    19.230769    20.833333  -7.558398E-013   1.455973E+001   1.665468E-001   1.460948E+001  -1.455973E+001  -1.444293E+001  -1.167986E-001
   20001       6    17.543860    19.230769  -2.991296E-011   1.821098E+001   4.473596E-001   1.837061E+001  -1.821098E+001  -1.792325E+001  -2.877282E-001
   20001       7    13.333333    17.543860   3.671161E-010   2.767729E+001   4.732116E+001   6.212331E+001  -2.767729E+001  -1.480215E+001  -1.287514E+001
   20001       8    11.627907    13.333333  -7.516743E-011   3.100767E+001   1.506439E+000   3.183525E+001  -3.100767E+001  -3.032881E+001  -6.788641E-001
   20001       9     9.009009    11.627907   1.658531E-010   5.107113E+001   4.406740E-001   5.137928E+001  -5.107113E+001  -5.093861E+001  -1.325200E-001
   20001      10     8.695652     9.009009   2.548428E-011   5.752700E+000   3.146284E-006   5.752702E+000  -5.752700E+000  -5.752699E+000  -9.839925E-007
   20001      11     8.333333     8.695652  -7.184975E-011   6.382783E+000   6.894387E-007   6.382783E+000  -6.382783E+000  -6.382782E+000  -1.722767E-007
   20001      12     7.633588     8.333333  -4.588752E-011   1.126531E+001   5.270829E-006   1.126532E+001  -1.126531E+001  -1.126531E+001  -7.651694E-007
   20001      13     7.042254     7.633588   1.062161E-011   8.138553E+000   6.960224E-006   8.138560E+000  -8.138553E+000  -8.138553E+000  -4.066087E-008
   20001      14     6.451613     7.042254   4.668654E-012   6.611681E+000   5.042595E-006   6.611688E+000  -6.611681E+000  -6.611683E+000   1.782864E-006
   20001      15     5.464481     6.451613  -2.390005E-011   7.368093E+000   6.850478E-006   7.368104E+000  -7.368093E+000  -7.368097E+000   3.717823E-006
   20001      16     4.950495     5.464481   4.037388E-012   2.084290E+000   1.813097E-002   2.117731E+000  -2.084290E+000  -2.099600E+000   1.530960E-002
   20001      17     3.333333     4.950495   6.861699E-013   1.305090E+000   3.471877E-001   1.928004E+000  -1.305090E+000  -1.580816E+000   2.757258E-001
   20101       1    40.000000 10000.000000  -4.632739E-011   2.008309E+001   1.077086E+001   2.194524E+001  -2.008309E+001  -1.117438E+001  -8.908708E+000
   20101       2    29.411765    40.000000  -3.692282E-010   2.262705E+001   2.687658E+000   2.317864E+001  -2.262705E+001  -2.049098E+001  -2.136065E+000
   20101       3    25.000000    29.411765  -4.954295E-010   1.870529E+001   1.007198E+000   1.894361E+001  -1.870529E+001  -1.793641E+001  -7.688817E-001
   20101       4    20.833333    25.000000  -6.730563E-010   2.775698E+001   6.588890E-001   2.793555E+001  -2.775698E+001  -2.727666E+001  -4.803225E-001
   20101       5    19.230769    20.833333  -7.505108E-013   1.450413E+001   1.646114E-001   1.455384E+001  -1.450413E+001  -1.438922E+001  -1.149018E-001
   20101       6    17.543860    19.230769  -2.974065E-011   1.813701E+001   4.394517E-001   1.829538E+001  -1.813701E+001  -1.785593E+001  -2.810848E-001
   20101       7    13.333333    17.543860   3.646292E-010   2.749338E+001   4.698471E+001   6.182565E+001  -2.749338E+001  -1.484094E+001  -1.265244E+001
   20101       8    11.627907    13.333333  -7.454481E-011   3.083300E+001   1.476670E+000   3.165257E+001  -3.083300E+001  -3.017590E+001  -6.571019E-001
   20101       9     9.009009    11.627907   1.642206E-010   5.072230E+001   4.293196E-001   5.102600E+001  -5.072230E+001  -5.059668E+001  -1.256138E-001
   20101      10     8.695652     9.009009   2.519229E-011   5.707076E+000   3.027023E-006   5.707079E+000  -5.707076E+000  -5.707076E+000  -8.634124E-007
   20101      11     8.333333     8.695652  -7.099699E-011   6.330142E+000   6.856962E-007   6.330143E+000  -6.330142E+000  -6.330142E+000  -1.952719E-007
   20101      12     7.633588     8.333333  -4.530931E-011   1.116660E+001   5.178600E-006   1.116660E+001  -1.116660E+001  -1.116660E+001  -6.200250E-007
   20101      13     7.042254     7.633588   1.047629E-011   8.061167E+000   6.892603E-006   8.061174E+000  -8.061167E+000  -8.061167E+000   1.281956E-008
   20101      14     6.451613     7.042254   4.599543E-012   6.543497E+000   4.964112E-006   6.543504E+000  -6.543497E+000  -6.543499E+000   1.810745E-006
   20101      15     5.464481     6.451613  -2.350758E-011   7.282792E+000   6.630923E-006   7.282802E+000  -7.282792E+000  -7.282795E+000   3.860060E-006
   20101      16     4.950495     5.464481   3.961713E-012   2.056584E+000   1.770445E-002   2.089700E+000  -2.056584E+000  -2.071996E+000   1.541202E-002
   20101      17     3.333333     4.950495   6.715982E-013   1.283529E+000   3.394922E-001   1.898170E+000  -1.283529E+000  -1.558678E+000   2.751490E-001
   20201       1    40.000000 10000.000000  -4.620127E-011   2.002850E+001   1.073548E+001   2.189991E+001  -2.002850E+001  -1.116442E+001  -8.864078E+000
   20201       2    29.411765    40.000000  -3.679439E-010   2.256351E+001   2.674114E+000   2.311764E+001  -2.256351E+001  -2.044353E+001  -2.119980E+000
   20201       3    25.000000    29.411765  -4.934062E-010   1.864740E+001   9.999781E-001   1.888641E+001  -1.864740E+001  -1.788643E+001  -7.609694E-001
   20201       4    20.833333    25.000000  -6.698961E-010   2.766121E+001   6.530844E-001   2.784005E+001  -2.766121E+001  -2.718697E+001  -4.742387E-001
   20201       5    19.230769    20.833333  -7.487344E-013   1.444921E+001   1.627396E-001   1.449887E+001  -1.444921E+001  -1.433613E+001  -1.130751E-001
   20201       6    17.543860    19.230769  -2.957368E-011   1.806394E+001   4.318523E-001   1.822106E+001  -1.806394E+001  -1.778921E+001  -2.747282E-001
   20201       7    13.333333    17.543860   3.621814E-010   2.731395E+001   4.665488E+001   6.153161E+001  -2.731395E+001  -1.487673E+001  -1.243722E+001
   20201       8    11.627907    13.333333  -7.394085E-011   3.066049E+001   1.447959E+000   3.147211E+001  -3.066049E+001  -3.002415E+001  -6.363326E-001
   20201       9     9.009009    11.627907   1.626255E-010   5.037769E+001   4.184481E-001   5.067702E+001  -5.037769E+001  -5.025857E+001  -1.191126E-001
   20201      10     8.695652     9.009009   2.490763E-011   5.662009E+000   2.977143E-006   5.662011E+000  -5.662009E+000  -5.662008E+000  -8.780142E-007
   20201      11     8.333333     8.695652  -7.016487E-011   6.278142E+000   6.609763E-007   6.278143E+000  -6.278142E+000  -6.278142E+000  -1.729675E-007
   20201      12     7.633588     8.333333  -4.474487E-011   1.106909E+001   5.113440E-006   1.106909E+001  -1.106909E+001  -1.106909E+001  -5.309823E-007
   20201      13     7.042254     7.633588   1.033507E-011   7.984723E+000   6.793006E-006   7.984729E+000  -7.984723E+000  -7.984723E+000   1.287496E-007
   20201      14     6.451613     7.042254   4.532374E-012   6.476142E+000   4.857071E-006   6.476149E+000  -6.476142E+000  -6.476144E+000   1.909892E-006
   20201      15     5.464481     6.451613  -2.312434E-011   7.198528E+000   6.487855E-006   7.198539E+000  -7.198528E+000  -7.198532E+000   3.855816E-006
   20201      16     4.950495     5.464481   3.887876E-012   2.029223E+000   1.729511E-002   2.062011E+000  -2.029223E+000  -2.044716E+000   1.549292E-002
   20201      17     3.333333     4.950495   6.573700E-013   1.262336E+000   3.320464E-001   1.868700E+000  -1.262336E+000  -1.536654E+000   2.743175E-001
   20301       1    40.000000 10000.000000  -4.608580E-011   1.997490E+001   1.070053E+001   2.185513E+001  -1.997490E+001  -1.115459E+001  -8.820307E+000
   20301       2    29.411765    40.000000  -3.666987E-010   2.250082E+001   2.660886E+000   2.305739E+001  -2.250082E+001  -2.039650E+001  -2.104325E+000
   20301       3    25.000000    29.411765  -4.914327E-010   1.859024E+001   9.929513E-001   1.882990E+001  -1.859024E+001  -1.783695E+001  -7.532937E-001
   20301       4    20.833333    25.000000  -6.668159E-010   2.756663E+001   6.474488E-001   2.774572E+001  -2.756663E+001  -2.709827E+001  -4.683541E-001
   20301       5    19.230769    20.833333  -7.442935E-013   1.439496E+001   1.609287E-001   1.444458E+001  -1.439496E+001  -1.428365E+001  -1.113144E-001
   20301       6    17.543860    19.230769  -2.940581E-011   1.799175E+001   4.245401E-001   1.814765E+001  -1.799175E+001  -1.772311E+001  -2.686422E-001
   20301       7    13.333333    17.543860   3.598082E-010   2.713880E+001   4.633092E+001   6.124116E+001  -2.713880E+001  -1.491024E+001  -1.222856E+001
   20301       8    11.627907    13.333333  -7.335110E-011   3.049012E+001   1.420245E+000   3.129386E+001  -3.049012E+001  -2.987362E+001  -6.165002E-001
   20301       9     9.009009    11.627907   1.610720E-010   5.003727E+001   4.080260E-001   5.033230E+001  -5.003727E+001  -4.992428E+001  -1.129894E-001
   20301      10     8.695652     9.009009   2.463030E-011   5.617491E+000   2.900250E-006   5.617493E+000  -5.617491E+000  -5.617490E+000  -8.370239E-007
   20301      11     8.333333     8.695652  -6.935297E-011   6.226777E+000   6.052302E-007   6.226778E+000  -6.226777E+000  -6.226777E+000  -8.839687E-008
   20301      12     7.633588     8.333333  -4.419354E-011   1.097277E+001   5.102895E-006   1.097277E+001  -1.097277E+001  -1.097276E+001  -5.579409E-007
   20301      13     7.042254     7.633588   1.019695E-011   7.909212E+000   6.722708E-006   7.909219E+000  -7.909212E+000  -7.909212E+000   1.888618E-007
   20301      14     6.451613     7.042254   4.466594E-012   6.409610E+000   4.778620E-006   6.409617E+000  -6.409610E+000  -6.409612E+000   1.943902E-006
   20301      15     5.464481     6.451613  -2.275047E-011   7.115294E+000   6.309343E-006   7.115304E+000  -7.115294E+000  -7.115298E+000   3.935463E-006
   20301      16     4.950495     5.464481   3.815816E-012   2.002203E+000   1.690156E-002   2.034659E+000  -2.002203E+000  -2.017758E+000   1.555447E-002
   20301      17     3.333333     4.950495   6.435061E-013   1.241527E+000   3.247537E-001   1.839589E+000  -1.241527E+000  -1.514836E+000   2.733085E-001
   20401       1    40.000000 10000.000000  -4.597744E-011   1.992226E+001   1.066601E+001   2.181089E+001  -1.992226E+001  -1.114488E+001  -8.777375E+000
   20401       2    29.411765    40.000000  -3.654925E-010   2.243899E+001   2.647965E+000   2.299787E+001  -2.243899E+001  -2.034990E+001  -2.089088E+000
   20401       3    25.000000    29.411765  -4.895124E-010   1.853383E+001   9.861098E-001   1.877409E+001  -1.853383E+001  -1.778798E+001  -7.458445E-001
   20401       4    20.833333    25.000000  -6.638192E-010   2.747323E+001   6.419755E-001   2.765255E+001  -2.747323E+001  -2.701057E+001  -4.626599E-001
   20401       5    19.230769    20.833333  -7.416290E-013   1.434139E+001   1.591759E-001   1.439095E+001  -1.434139E+001  -1.423177E+001  -1.096172E-001
   20401       6    17.543860    19.230769  -2.924594E-011   1.792044E+001   4.175017E-001   1.807514E+001  -1.792044E+001  -1.765763E+001  -2.628112E-001
   20401       7    13.333333    17.543860   3.574883E-010   2.696787E+001   4.601316E+001   6.095427E+001  -2.696787E+001  -1.494111E+001  -1.202676E+001
   20401       8    11.627907    13.333333  -7.277468E-011   3.032186E+001   1.393492E+000   3.111779E+001  -3.032186E+001  -2.972430E+001  -5.975654E-001
   20401       9     9.009009    11.627907   1.595568E-010   4.970099E+001   3.980267E-001   4.999180E+001  -4.970099E+001  -4.959378E+001  -1.072105E-001
   20401      10     8.695652     9.009009   2.435918E-011   5.573518E+000   2.811252E-006   5.573520E+000  -5.573518E+000  -5.573518E+000  -7.620217E-007
   20401      11     8.333333     8.695652  -6.856093E-011   6.176041E+000   6.149043E-007   6.176042E+000  -6.176041E+000  -6.176041E+000  -1.358497E-007
   20401      12     7.633588     8.333333  -4.365641E-011   1.087762E+001   5.033211E-006   1.087763E+001  -1.087762E+001  -1.087762E+001  -4.585967E-007
   20401      13     7.042254     7.633588   1.006228E-011   7.834625E+000   6.639150E-006   7.834632E+000  -7.834625E+000  -7.834625E+000   2.785217E-007
   20401      14     6.451613     7.042254   4.402645E-012   6.343893E+000   4.700755E-006   6.343899E+000  -6.343893E+000  -6.343895E+000   1.978055E-006
   20401      15     5.464481     6.451613  -2.238582E-011   7.033078E+000   6.153781E-006   7.033088E+000  -7.033078E+000  -7.033082E+000   3.973281E-006
   20401      16     4.950495     5.464481   3.745539E-012   1.975521E+000   1.652279E-002   2.007643E+000  -1.975521E+000  -1.991120E+000   1.559866E-002
   20401      17     3.333333     4.950495   6.299579E-013   1.221099E+000   3.176473E-001   1.810835E+000  -1.221099E+000  -1.493188E+000   2.720889E-001
   20501       1    40.000000 10000.000000  -4.586553E-011   1.987054E+001   1.063193E+001   2.176720E+001  -1.987054E+001  -1.113527E+001  -8.735266E+000
   20501       2    29.411765    40.000000  -3.643077E-010   2.237799E+001   2.635340E+000   2.293908E+001  -2.237799E+001  -2.030374E+001  -2.074249E+000
   20501       3    25.000000    29.411765  -4.876348E-010   1.847813E+001   9.794488E-001   1.871896E+001  -1.847813E+001  -1.773952E+001  -7.386140E-001
   20501       4    20.833333    25.000000  -6.608900E-010   2.738101E+001   6.366536E-001   2.756052E+001  -2.738101E+001  -2.692386E+001  -4.571443E-001
   20501       5    19.230769    20.833333  -7.371881E-013   1.428848E+001   1.574763E-001   1.433798E+001  -1.428848E+001  -1.418050E+001  -1.079785E-001
   20501       6    17.543860    19.230769  -2.909495E-011   1.785002E+001   4.107168E-001   1.800351E+001  -1.785002E+001  -1.759280E+001  -2.572185E-001
   20501       7    13.333333    17.543860   3.552252E-010   2.680087E+001   4.570163E+001   6.067090E+001  -2.680087E+001  -1.496927E+001  -1.183160E+001
   20501       8    11.627907    13.333333  -7.220891E-011   3.015571E+001   1.367642E+000   3.094388E+001  -3.015571E+001  -2.957624E+001  -5.794727E-001
   20501       9     9.009009    11.627907   1.580762E-010   4.936883E+001   3.884278E-001   4.965549E+001  -4.936883E+001  -4.926706E+001  -1.017663E-001
   20501      10     8.695652     9.009009   2.409450E-011   5.530086E+000   2.753795E-006   5.530088E+000  -5.530086E+000  -5.530085E+000  -7.451609E-007
   20501      11     8.333333     8.695652  -6.778766E-011   6.125929E+000   6.100104E-007   6.125929E+000  -6.125929E+000  -6.125928E+000  -1.596656E-007
   20501      12     7.633588     8.333333  -4.313183E-011   1.078365E+001   5.007458E-006   1.078365E+001  -1.078365E+001  -1.078365E+001  -4.498639E-007
   20501      13     7.042254     7.633588   9.930834E-012   7.760955E+000   6.555106E-006   7.760962E+000  -7.760955E+000  -7.760955E+000   3.639392E-007
   20501      14     6.451613     7.042254   4.340084E-012   6.278982E+000   4.615843E-006   6.278989E+000  -6.278982E+000  -6.278984E+000   2.026004E-006
   20501      15     5.464481     6.451613  -2.202971E-011   6.951873E+000   6.018102E-006   6.951883E+000  -6.951873E+000  -6.951877E+000   3.979796E-006
   20501      16     4.950495     5.464481   3.676899E-012   1.949173E+000   1.615805E-002   1.980958E+000  -1.949173E+000  -1.964800E+000   1.562664E-002
   20501      17     3.333333     4.950495   6.167393E-013   1.200906E+000   3.109496E-001   1.782434E+000  -1.200906E+000  -1.471485E+000   2.705790E-001
   20601       1    40.000000 10000.000000  -4.576073E-011   1.981972E+001   1.059830E+001   2.172405E+001  -1.981972E+001  -1.112575E+001  -8.693971E+000
   20601       2    29.411765    40.000000  -3.631477E-010   2.231781E+001   2.623013E+000   2.288102E+001  -2.231781E+001  -2.025801E+001  -2.059802E+000
   20601       3    25.000000    29.411765  -4.857963E-010   1.842315E+001   9.729591E-001   1.866452E+001  -1.842315E+001  -1.769156E+001  -7.315898E-001
   20601       4    20.833333    25.000000  -6.580176E-010   2.728994E+001   6.314843E-001   2.746962E+001  -2.728994E+001  -2.683814E+001  -4.518067E-001
   20601       5    19.230769    20.833333  -7.336354E-013   1.423623E+001   1.558288E-001   1.428566E+001  -1.423623E+001  -1.412984E+001  -1.063967E-001
   20601       6    17.543860    19.230769  -2.893863E-011   1.778045E+001   4.041790E-001   1.793277E+001  -1.778045E+001  -1.752859E+001  -2.518537E-001
   20601       7    13.333333    17.543860   3.530047E-010   2.663732E+001   4.539596E+001   6.039102E+001  -2.663732E+001  -1.499506E+001  -1.164226E+001
   20601       8    11.627907    13.333333  -7.166001E-011   2.999163E+001   1.342661E+000   3.077212E+001  -2.999163E+001  -2.942946E+001  -5.621687E-001
   20601       9     9.009009    11.627907   1.566267E-010   4.904074E+001   3.792141E-001   4.932332E+001  -4.904074E+001  -4.894410E+001  -9.663294E-002
   20601      10     8.695652     9.009009   2.383538E-011   5.487189E+000   2.682549E-006   5.487191E+000  -5.487189E+000  -5.487188E+000  -7.061708E-007
   20601      11     8.333333     8.695652  -6.703083E-011   6.076433E+000   5.588384E-007   6.076434E+000  -6.076433E+000  -6.076433E+000  -7.228801E-008
   20601      12     7.633588     8.333333  -4.261802E-011   1.069083E+001   4.938603E-006   1.069084E+001  -1.069083E+001  -1.069083E+001  -3.568140E-007
   20601      13     7.042254     7.633588   9.802159E-012   7.688193E+000   6.469427E-006   7.688200E+000  -7.688193E+000  -7.688193E+000   4.618151E-007
   20601      14     6.451613     7.042254   4.278855E-012   6.214872E+000   4.542409E-006   6.214878E+000  -6.214872E+000  -6.214874E+000   2.053447E-006
   20601      15     5.464481     6.451613  -2.168105E-011   6.871668E+000   5.888022E-006   6.871678E+000  -6.871668E+000  -6.871672E+000   3.981198E-006
   20601      16     4.950495     5.464481   3.609682E-012   1.923156E+000   1.580687E-002   1.954602E+000  -1.923156E+000  -1.938795E+000   1.563920E-002
   20601      17     3.333333     4.950495   6.037948E-013   1.181074E+000   3.045057E-001   1.754383E+000  -1.181074E+000  -1.449878E+000   2.688040E-001
   20701       1    40.000000 10000.000000  -4.565948E-011   1.976979E+001   1.056501E+001   2.168143E+001  -1.976979E+001  -1.111642E+001  -8.653370E+000
   20701       2    29.411765    40.000000  -3.620126E-010   2.225843E+001   2.610964E+000   2.282367E+001  -2.225843E+001  -2.021271E+001  -2.045724E+000
   20701       3    25.000000    29.411765  -4.839933E-010   1.836887E+001   9.666466E-001   1.861074E+001  -1.836887E+001  -1.764410E+001  -7.247740E-001
   20701       4    20.833333    25.000000  -6.552003E-010   2.720002E+001   6.264611E-001   2.737985E+001  -2.720002E+001  -2.675339E+001  -4.466352E-001
   20701       5    19.230769    20.833333  -7.283063E-013   1.418463E+001   1.542355E-001   1.423399E+001  -1.418463E+001  -1.407976E+001  -1.048723E-001
   20701       6    17.543860    19.230769  -2.879030E-011   1.771174E+001   3.978875E-001   1.786291E+001  -1.771174E+001  -1.746502E+001  -2.467173E-001
   20701       7    13.333333    17.543860   3.508305E-010   2.647733E+001   4.509542E+001   6.011460E+001  -2.647733E+001  -1.501918E+001  -1.145815E+001
   20701       8    11.627907    13.333333  -7.111911E-011   2.982958E+001   1.318555E+000   3.060248E+001  -2.982958E+001  -2.928392E+001  -5.456585E-001
   20701       9     9.009009    11.627907   1.552065E-010   4.871667E+001   3.703758E-001   4.899525E+001  -4.871667E+001  -4.862487E+001  -9.180151E-002
   20701      10     8.695652     9.009009   2.358147E-011   5.444821E+000   2.614678E-006   5.444823E+000  -5.444821E+000  -5.444821E+000  -6.634369E-007
   20701      11     8.333333     8.695652  -6.628864E-011   6.027549E+000   5.500354E-007   6.027550E+000  -6.027549E+000  -6.027549E+000  -8.660956E-008
   20701      12     7.633588     8.333333  -4.211465E-011   1.059916E+001   4.895414E-006   1.059917E+001  -1.059916E+001  -1.059916E+001  -3.106299E-007
   20701      13     7.042254     7.633588   9.675816E-012   7.616329E+000   6.414324E-006   7.616336E+000  -7.616329E+000  -7.616330E+000   4.904576E-007
   20701      14     6.451613     7.042254   4.218959E-012   6.151553E+000   4.458054E-006   6.151560E+000  -6.151553E+000  -6.151555E+000   2.112476E-006
   20701      15     5.464481     6.451613  -2.133904E-011   6.792454E+000   5.750194E-006   6.792463E+000  -6.792454E+000  -6.792458E+000   4.001267E-006
   20701      16     4.950495     5.464481   3.543832E-012   1.897466E+000   1.546866E-002   1.928572E+000  -1.897466E+000  -1.913103E+000   1.563720E-002
   20701      17     3.333333     4.950495   5.911209E-013   1.161579E+000   2.982675E-001   1.726679E+000  -1.161579E+000  -1.428412E+000   2.668323E-001
   20801       1    40.000000 10000.000000  -4.555822E-011   1.972070E+001   1.053215E+001   2.163929E+001  -1.972070E+001  -1.110714E+001  -8.613566E+000
   20801       2    29.411765    40.000000  -3.609060E-010   2.219978E+001   2.599183E+000   2.276694E+001  -2.219978E+001  -2.016776E+001  -2.032018E+000
   20801       3    25.000000    29.411765  -4.822418E-010   1.831545E+001   9.604966E-001   1.855780E+001  -1.831545E+001  -1.759731E+001  -7.181434E-001
   20801       4    20.833333    25.000000  -6.524612E-010   2.711166E+001   6.215713E-001   2.729162E+001  -2.711166E+001  -2.667005E+001  -4.416080E-001
   20801       5    19.230769    20.833333  -7.265299E-013   1.413429E+001   1.526896E-001   1.418359E+001  -1.413429E+001  -1.403090E+001  -1.033907E-001
   20801       6    17.543860    19.230769  -2.864464E-011   1.764526E+001   3.918193E-001   1.779534E+001  -1.764526E+001  -1.740352E+001  -2.417432E-001
   20801       7    13.333333    17.543860   3.487202E-010   2.632151E+001   4.480142E+001   5.984714E+001  -2.632151E+001  -1.504572E+001  -1.127579E+001
   20801       8    11.627907    13.333333  -7.059331E-011   2.967409E+001   1.295248E+000   3.043978E+001  -2.967409E+001  -2.914453E+001  -5.295615E-001
   20801       9     9.009009    11.627907   1.538218E-010   4.840876E+001   3.618687E-001   4.868357E+001  -4.840876E+001  -4.832170E+001  -8.705674E-002
   20801      10     8.695652     9.009009   2.333433E-011   5.404943E+000   2.554437E-006   5.404945E+000  -5.404943E+000  -5.404942E+000  -6.334372E-007
   20801      11     8.333333     8.695652  -6.556555E-011   5.981799E+000   5.287521E-007   5.981800E+000  -5.981799E+000  -5.981799E+000  -6.240015E-008
   20801      12     7.633588     8.333333  -4.162426E-011   1.051359E+001   4.847333E-006   1.051359E+001  -1.051359E+001  -1.051359E+001  -2.458002E-007
   20801      13     7.042254     7.633588   9.552803E-012   7.549700E+000   6.334260E-006   7.549707E+000  -7.549700E+000  -7.549700E+000   5.793975E-007
   20801      14     6.451613     7.042254   4.160450E-012   6.093257E+000   4.391515E-006   6.093264E+000  -6.093257E+000  -6.093259E+000   2.138722E-006
   20801      15     5.464481     6.451613  -2.100625E-011   6.720387E+000   5.604730E-006   6.720397E+000  -6.720387E+000  -6.720391E+000   4.065738E-006
   20801      16     4.950495     5.464481   3.479668E-012   1.874443E+000   1.514321E-002   1.905262E+000  -1.874443E+000  -1.890119E+000   1.567594E-002
   20801      17     3.333333     4.950495   5.787523E-013   1.144307E+000   2.922747E-001   1.702415E+000  -1.144307E+000  -1.410141E+000   2.658334E-001
   20901       1    40.000000 10000.000000  -4.545697E-011   1.967243E+001   1.049978E+001   2.159763E+001  -1.967243E+001  -1.109785E+001  -8.574577E+000
   20901       2    29.411765    40.000000  -3.598188E-010   2.214188E+001   2.587679E+000   2.271088E+001  -2.214188E+001  -2.012320E+001  -2.018678E+000
   20901       3    25.000000    29.411765  -4.805276E-010   1.826269E+001   9.545108E-001   1.850549E+001  -1.826269E+001  -1.755098E+001  -7.117085E-001
   20901       4    20.833333    25.000000  -6.497931E-010   2.702438E+001   6.168086E-001   2.720446E+001  -2.702438E+001  -2.658765E+001  -4.367330E-001
   20901       5    19.230769    20.833333  -7.212009E-013   1.408458E+001   1.511878E-001   1.413381E+001  -1.408458E+001  -1.398262E+001  -1.019587E-001
   20901       6    17.543860    19.230769  -2.850165E-011   1.757962E+001   3.859593E-001   1.772861E+001  -1.757962E+001  -1.734265E+001  -2.369648E-001
   20901       7    13.333333    17.543860   3.466560E-010   2.616953E+001   4.451354E+001   5.958304E+001  -2.616953E+001  -1.506950E+001  -1.110003E+001
   20901       8    11.627907    13.333333  -7.008438E-011   2.952063E+001   1.272707E+000   3.027917E+001  -2.952063E+001  -2.900646E+001  -5.141699E-001
   20901       9     9.009009    11.627907   1.524851E-010   4.810489E+001   3.536969E-001   4.837599E+001  -4.810489E+001  -4.802230E+001  -8.259592E-002
   20901      10     8.695652     9.009009   2.309652E-011   5.365601E+000   2.488516E-006   5.365603E+000  -5.365601E+000  -5.365600E+000  -5.880834E-007
   20901      11     8.333333     8.695652  -6.487011E-011   5.936674E+000   5.282430E-007   5.936674E+000  -5.936674E+000  -5.936674E+000  -8.559103E-008
   20901      12     7.633588     8.333333  -4.115308E-011   1.042918E+001   4.792971E-006   1.042919E+001  -1.042918E+001  -1.042918E+001  -1.834630E-007
   20901      13     7.042254     7.633588   9.435008E-012   7.484002E+000   6.269281E-006   7.484009E+000  -7.484002E+000  -7.484003E+000   6.389803E-007
   20901      14     6.451613     7.042254   4.104495E-012   6.035791E+000   4.337512E-006   6.035798E+000  -6.035791E+000  -6.035793E+000   2.143979E-006
   20901      15     5.464481     6.451613  -2.068867E-011   6.649377E+000   5.485666E-006   6.649387E+000  -6.649377E+000  -6.649381E+000   4.078051E-006
   20901      16     4.950495     5.464481   3.418717E-012   1.851775E+000   1.482921E-002   1.882308E+000  -1.851775E+000  -1.867479E+000   1.570342E-002
   20901      17     3.333333     4.950495   5.670707E-013   1.127331E+000   2.864773E-001   1.678540E+000  -1.127331E+000  -1.392063E+000   2.647317E-001
   21001       1    40.000000 10000.000000  -4.535750E-011   1.962497E+001   1.046786E+001   2.155648E+001  -1.962497E+001  -1.108861E+001  -8.536354E+000
   21001       2    29.411765    40.000000  -3.587495E-010   2.208473E+001   2.576433E+000   2.265549E+001  -2.208473E+001  -2.007905E+001  -2.005682E+000
   21001       3    25.000000    29.411765  -4.788383E-010   1.821059E+001   9.486764E-001   1.845381E+001  -1.821059E+001  -1.750513E+001  -7.054570E-001
   21001       4    20.833333    25.000000  -6.471570E-010   2.693817E+001   6.121692E-001   2.711833E+001  -2.693817E+001  -2.650616E+001  -4.320045E-001
   21001       5    19.230769    20.833333  -7.194245E-013   1.403546E+001   1.497281E-001   1.408462E+001  -1.403546E+001  -1.393489E+001  -1.005740E-001
   21001       6    17.543860    19.230769  -2.836487E-011   1.751476E+001   3.802935E-001   1.766268E+001  -1.751476E+001  -1.728238E+001  -2.323735E-001
   21001       7    13.333333    17.543860   3.446523E-010   2.602125E+001   4.423113E+001   5.932206E+001  -2.602125E+001  -1.509094E+001  -1.093031E+001
   21001       8    11.627907    13.333333  -6.959500E-011   2.936904E+001   1.250881E+000   3.012047E+001  -2.936904E+001  -2.886959E+001  -4.994511E-001
   21001       9     9.009009    11.627907   1.512142E-010   4.780463E+001   3.458315E-001   4.807207E+001  -4.780463E+001  -4.772624E+001  -7.839540E-002
   21001      10     8.695652     9.009009   2.287248E-011   5.326726E+000   2.433853E-006   5.326728E+000  -5.326726E+000  -5.326726E+000  -5.604776E-007
   21001      11     8.333333     8.695652  -6.421685E-011   5.892085E+000   5.223512E-007   5.892085E+000  -5.892085E+000  -5.892085E+000  -8.623396E-008
   21001      12     7.633588     8.333333  -4.071354E-011   1.034579E+001   4.772095E-006   1.034579E+001  -1.034579E+001  -1.034579E+001  -1.782038E-007
   21001      13     7.042254     7.633588   9.325873E-012   7.419085E+000   6.203087E-006   7.419091E+000  -7.419085E+000  -7.419085E+000   7.013107E-007
   21001      14     6.451613     7.042254   4.053036E-012   5.979007E+000   4.263269E-006   5.979014E+000  -5.979007E+000  -5.979010E+000   2.186036E-006
   21001      15     5.464481     6.451613  -2.040113E-011   6.579210E+000   5.354997E-006   6.579219E+000  -6.579210E+000  -6.579214E+000   4.125554E-006
   21001      16     4.950495     5.464481   3.364545E-012   1.829382E+000   1.452717E-002   1.859626E+000  -1.829382E+000  -1.845099E+000   1.571642E-002
   21001      17     3.333333     4.950495   5.568983E-013   1.110521E+000   2.808561E-001   1.654949E+000  -1.110521E+000  -1.374093E+000   2.635720E-001
   21101       1    40.000000 10000.000000  -4.525802E-011   1.957830E+001   1.043632E+001   2.151581E+001  -1.957830E+001  -1.107949E+001  -8.498807E+000
   21101       2    29.411765    40.000000  -3.576996E-010   2.202833E+001   2.565439E+000   2.260075E+001  -2.202833E+001  -2.003531E+001  -1.993017E+000
   21101       3    25.000000    29.411765  -4.771881E-010   1.815913E+001   9.429936E-001   1.840274E+001  -1.815913E+001  -1.745974E+001  -6.993855E-001
   21101       4    20.833333    25.000000  -6.445795E-010   2.685299E+001   6.076582E-001   2.703323E+001  -2.685299E+001  -2.642557E+001  -4.274233E-001
   21101       5    19.230769    20.833333  -7.158718E-013   1.398693E+001   1.483134E-001   1.403601E+001  -1.398693E+001  -1.388770E+001  -9.923772E-002
   21101       6    17.543860    19.230769  -2.822542E-011   1.745066E+001   3.748353E-001   1.759753E+001  -1.745066E+001  -1.722269E+001  -2.279693E-001
   21101       7    13.333333    17.543860   3.426948E-010   2.587610E+001   4.395364E+001   5.906420E+001  -2.587610E+001  -1.511056E+001  -1.076554E+001
   21101       8    11.627907    13.333333  -6.911005E-011   2.921924E+001   1.229802E+000   2.996365E+001  -2.921924E+001  -2.873385E+001  -4.853914E-001
   21101       9     9.009009    11.627907   1.499645E-010   4.750792E+001   3.382828E-001   4.777176E+001  -4.750792E+001  -4.743348E+001  -7.444373E-002
   21101      10     8.695652     9.009009   2.265255E-011   5.288314E+000   2.388834E-006   5.288316E+000  -5.288314E+000  -5.288314E+000  -5.552057E-007
   21101      11     8.333333     8.695652  -6.357614E-011   5.848026E+000   5.115734E-007   5.848027E+000  -5.848026E+000  -5.848026E+000  -8.824577E-008
   21101      12     7.633588     8.333333  -4.028256E-011   1.026338E+001   4.725270E-006   1.026338E+001  -1.026338E+001  -1.026338E+001  -1.125002E-007
   21101      13     7.042254     7.633588   9.218737E-012   7.354940E+000   6.136592E-006   7.354947E+000  -7.354940E+000  -7.354941E+000   7.663640E-007
   21101      14     6.451613     7.042254   4.002909E-012   5.922900E+000   4.191833E-006   5.922906E+000  -5.922900E+000  -5.922902E+000   2.232672E-006
   21101      15     5.464481     6.451613  -2.011913E-011   6.509878E+000   5.243599E-006   6.509888E+000  -6.509878E+000  -6.509882E+000   4.131263E-006
   21101      16     4.950495     5.464481   3.311393E-012   1.807260E+000   1.423554E-002   1.837214E+000  -1.807260E+000  -1.822978E+000   1.571802E-002
   21101      17     3.333333     4.950495   5.469167E-013   1.093978E+000   2.753735E-001   1.631639E+000  -1.093978E+000  -1.356265E+000   2.622869E-001
   21201       1    40.000000 10000.000000  -4.515854E-011   1.953239E+001   1.040521E+001   2.147563E+001  -1.953239E+001  -1.107041E+001  -8.461981E+000
   21201       2    29.411765    40.000000  -3.566658E-010   2.197265E+001   2.554692E+000   2.254667E+001  -2.197265E+001  -1.999198E+001  -1.980674E+000
   21201       3    25.000000    29.411765  -4.755698E-010   1.810830E+001   9.374569E-001   1.835227E+001  -1.810830E+001  -1.741482E+001  -6.934859E-001
   21201       4    20.833333    25.000000  -6.420571E-010   2.676885E+001   6.032611E-001   2.694914E+001  -2.676885E+001  -2.634588E+001  -4.229768E-001
   21201       5    19.230769    20.833333  -7.114309E-013   1.393899E+001   1.469382E-001   1.398798E+001  -1.393899E+001  -1.384105E+001  -9.794468E-002
   21201       6    17.543860    19.230769  -2.809308E-011   1.738733E+001   3.695586E-001   1.753316E+001  -1.738733E+001  -1.716360E+001  -2.237341E-001
   21201       7    13.333333    17.543860   3.407870E-010   2.573409E+001   4.368080E+001   5.880941E+001  -2.573409E+001  -1.512861E+001  -1.060548E+001
   21201       8    11.627907    13.333333  -6.864198E-011   2.907125E+001   1.209390E+000   2.980871E+001  -2.907125E+001  -2.859932E+001  -4.719331E-001
   21201       9     9.009009    11.627907   1.487459E-010   4.721473E+001   3.310101E-001   4.747504E+001  -4.721473E+001  -4.714403E+001  -7.070730E-002
   21201      10     8.695652     9.009009   2.243783E-011   5.250361E+000   2.321579E-006   5.250363E+000  -5.250361E+000  -5.250360E+000  -4.985312E-007
   21201      11     8.333333     8.695652  -6.294965E-011   5.804493E+000   4.990072E-007   5.804494E+000  -5.804493E+000  -5.804493E+000  -8.335444E-008
   21201      12     7.633588     8.333333  -3.986111E-011   1.018196E+001   4.680531E-006   1.018196E+001  -1.018196E+001  -1.018196E+001  -6.758754E-008
   21201      13     7.042254     7.633588   9.114376E-012   7.291561E+000   6.077399E-006   7.291568E+000  -7.291561E+000  -7.291562E+000   8.139045E-007
   21201      14     6.451613     7.042254   3.953726E-012   5.867462E+000   4.143346E-006   5.867468E+000  -5.867462E+000  -5.867464E+000   2.224652E-006
   21201      15     5.464481     6.451613  -1.984335E-011   6.441374E+000   5.153656E-006   6.441383E+000  -6.441374E+000  -6.441378E+000   4.104196E-006
   21201      16     4.950495     5.464481   3.259427E-012   1.785407E+000   1.395397E-002   1.815069E+000  -1.785407E+000  -1.801115E+000   1.570865E-002
   21201      17     3.333333     4.950495   5.371675E-013   1.077807E+000   2.698504E-001   1.608606E+000  -1.077807E+000  -1.338756E+000   2.609492E-001
   21301       1    40.000000 10000.000000  -4.507505E-011   1.948722E+001   1.037459E+001   2.143593E+001  -1.948722E+001  -1.106134E+001  -8.425887E+000
   21301       2    29.411765    40.000000  -3.556622E-010   2.191769E+001   2.544183E+000   2.249323E+001  -2.191769E+001  -1.994905E+001  -1.968638E+000
   21301       3    25.000000    29.411765  -4.739817E-010   1.805811E+001   9.320557E-001   1.830241E+001  -1.805811E+001  -1.737036E+001  -6.877479E-001
   21301       4    20.833333    25.000000  -6.395862E-010   2.668574E+001   5.989683E-001   2.686606E+001  -2.668574E+001  -2.626709E+001  -4.186543E-001
   21301       5    19.230769    20.833333  -7.105427E-013   1.389162E+001   1.455963E-001   1.394053E+001  -1.389162E+001  -1.379494E+001  -9.668963E-002
   21301       6    17.543860    19.230769  -2.796252E-011   1.732477E+001   3.644436E-001   1.746956E+001  -1.732477E+001  -1.710511E+001  -2.196544E-001
   21301       7    13.333333    17.543860   3.389040E-010   2.559509E+001   4.341358E+001   5.855767E+001  -2.559509E+001  -1.514410E+001  -1.045099E+001
   21301       8    11.627907    13.333333  -6.818368E-011   2.892507E+001   1.189590E+000   2.965562E+001  -2.892507E+001  -2.846603E+001  -4.590410E-001
   21301       9     9.009009    11.627907   1.475513E-010   4.692504E+001   3.239855E-001   4.718186E+001  -4.692504E+001  -4.685788E+001  -6.716590E-002
   21301      10     8.695652     9.009009   2.222766E-011   5.212861E+000   2.265416E-006   5.212863E+000  -5.212861E+000  -5.212861E+000  -4.605267E-007
   21301      11     8.333333     8.695652  -6.233636E-011   5.761481E+000   4.762789E-007   5.761482E+000  -5.761481E+000  -5.761481E+000  -5.762155E-008
   21301      12     7.633588     8.333333  -3.944844E-011   1.010151E+001   4.637773E-006   1.010151E+001  -1.010151E+001  -1.010151E+001  -1.820971E-008
   21301      13     7.042254     7.633588   9.011791E-012   7.228940E+000   6.020894E-006   7.228947E+000  -7.228940E+000  -7.228941E+000   8.561746E-007
   21301      14     6.451613     7.042254   3.905543E-012   5.812687E+000   4.075252E-006   5.812693E+000  -5.812687E+000  -5.812689E+000   2.258125E-006
   21301      15     5.464481     6.451613  -1.957345E-011   6.373689E+000   5.049459E-006   6.373699E+000  -6.373689E+000  -6.373694E+000   4.104463E-006
   21301      16     4.950495     5.464481   3.208579E-012   1.763818E+000   1.368171E-002   1.793190E+000  -1.763818E+000  -1.779508E+000   1.568950E-002
   21301      17     3.333333     4.950495   5.276161E-013   1.061743E+000   2.647645E-001   1.585849E+000  -1.061743E+000  -1.321085E+000   2.593417E-001
   21401       1    40.000000 10000.000000  -4.497913E-011   1.944278E+001   1.034439E+001   2.139670E+001  -1.944278E+001  -1.105231E+001  -8.390467E+000
   21401       2    29.411765    40.000000  -3.546763E-010   2.186343E+001   2.533898E+000   2.244044E+001  -2.186343E+001  -1.990654E+001  -1.956894E+000
   21401       3    25.000000    29.411765  -4.724328E-010   1.800853E+001   9.267855E-001   1.825315E+001  -1.800853E+001  -1.732637E+001  -6.821648E-001
   21401       4    20.833333    25.000000  -6.371632E-010   2.660365E+001   5.947790E-001   2.678397E+001  -2.660365E+001  -2.618919E+001  -4.144530E-001
   21401       5    19.230769    20.833333  -7.078782E-013   1.384483E+001   1.442903E-001   1.389365E+001  -1.384483E+001  -1.374936E+001  -9.547427E-002
   21401       6    17.543860    19.230769  -2.783374E-011   1.726295E+001   3.594914E-001   1.740672E+001  -1.726295E+001  -1.704723E+001  -2.157227E-001
   21401       7    13.333333    17.543860   3.370673E-010   2.545897E+001   4.315094E+001   5.830896E+001  -2.545897E+001  -1.515802E+001  -1.030095E+001
   21401       8    11.627907    13.333333  -6.773337E-011   2.878066E+001   1.170394E+000   2.950437E+001  -2.878066E+001  -2.833398E+001  -4.466822E-001
   21401       9     9.009009    11.627907   1.463833E-010   4.663882E+001   3.172175E-001   4.689221E+001  -4.663882E+001  -4.657499E+001  -6.382832E-002
   21401      10     8.695652     9.009009   2.202172E-011   5.175812E+000   2.220808E-006   5.175814E+000  -5.175812E+000  -5.175812E+000  -4.404571E-007
   21401      11     8.333333     8.695652  -6.173628E-011   5.718986E+000   4.625698E-007   5.718986E+000  -5.718986E+000  -5.718986E+000  -4.894939E-008
   21401      12     7.633588     8.333333  -3.904477E-011   1.002202E+001   4.599701E-006   1.002203E+001  -1.002202E+001  -1.002202E+001   1.687280E-008
   21401      13     7.042254     7.633588   8.911427E-012   7.167071E+000   5.946501E-006   7.167077E+000  -7.167071E+000  -7.167071E+000   9.368708E-007
   21401      14     6.451613     7.042254   3.858358E-012   5.758569E+000   4.030440E-006   5.758576E+000  -5.758569E+000  -5.758572E+000   2.253384E-006
   21401      15     5.464481     6.451613  -1.930933E-011   6.306817E+000   4.944995E-006   6.306826E+000  -6.306817E+000  -6.306821E+000   4.123940E-006
   21401      16     4.950495     5.464481   3.158813E-012   1.742493E+000   1.341851E-002   1.771573E+000  -1.742493E+000  -1.758154E+000   1.566104E-002
   21401      17     3.333333     4.950495   5.182833E-013   1.045920E+000   2.598099E-001   1.563366E+000  -1.045920E+000  -1.303556E+000   2.576357E-001
   21501       1    40.000000 10000.000000  -4.488676E-011   1.939904E+001   1.031456E+001   2.135795E+001  -1.939904E+001  -1.104339E+001  -8.355650E+000
   21501       2    29.411765    40.000000  -3.537153E-010   2.180987E+001   2.523834E+000   2.238828E+001  -2.180987E+001  -1.986444E+001  -1.945432E+000
   21501       3    25.000000    29.411765  -4.709158E-010   1.795957E+001   9.216483E-001   1.820449E+001  -1.795957E+001  -1.728284E+001  -6.767352E-001
   21501       4    20.833333    25.000000  -6.347918E-010   2.652255E+001   5.906955E-001   2.670287E+001  -2.652255E+001  -2.611218E+001  -4.103726E-001
   21501       5    19.230769    20.833333  -7.016610E-013   1.379861E+001   1.430217E-001   1.384733E+001  -1.379861E+001  -1.370431E+001  -9.429851E-002
   21501       6    17.543860    19.230769  -2.770673E-011   1.720187E+001   3.547098E-001   1.734464E+001  -1.720187E+001  -1.698993E+001  -2.119441E-001
   21501       7    13.333333    17.543860   3.352607E-010   2.532564E+001   4.289297E+001   5.806323E+001  -2.532564E+001  -1.517026E+001  -1.015538E+001
   21501       8    11.627907    13.333333  -6.729017E-011   2.863797E+001   1.151817E+000   2.935494E+001  -2.863797E+001  -2.820312E+001  -4.348518E-001
   21501       9     9.009009    11.627907   1.452412E-010   4.635600E+001   3.106924E-001   4.660603E+001  -4.635600E+001  -4.629534E+001  -6.065748E-002
   21501      10     8.695652     9.009009   2.181999E-011   5.139208E+000   2.173986E-006   5.139210E+000  -5.139208E+000  -5.139208E+000  -4.170166E-007
   21501      11     8.333333     8.695652  -6.114853E-011   5.677001E+000   4.565282E-007   5.677002E+000  -5.677001E+000  -5.677001E+000  -5.503641E-008
   21501      12     7.633588     8.333333  -3.864931E-011   9.943497E+000   4.557631E-006   9.943502E+000  -9.943497E+000  -9.943497E+000   6.881414E-008
   21501      13     7.042254     7.633588   8.813505E-012   7.105945E+000   5.892058E-006   7.105952E+000  -7.105945E+000  -7.105946E+000   9.726432E-007
   21501      14     6.451613     7.042254   3.812339E-012   5.705103E+000   3.951757E-006   5.705109E+000  -5.705103E+000  -5.705105E+000   2.319603E-006
   21501      15     5.464481     6.451613  -1.905059E-011   6.240749E+000   4.823539E-006   6.240758E+000  -6.240749E+000  -6.240753E+000   4.168507E-006
   21501      16     4.950495     5.464481   3.110089E-012   1.721428E+000   1.316422E-002   1.750216E+000  -1.721428E+000  -1.737051E+000   1.562319E-002
   21501      17     3.333333     4.950495   5.091309E-013   1.030376E+000   2.550482E-001   1.541153E+000  -1.030376E+000  -1.286104E+000   2.557285E-001
   21601       1    40.000000 10000.000000  -4.480327E-011   1.935598E+001   1.028522E+001   2.131966E+001  -1.935598E+001  -1.103444E+001  -8.321537E+000
   21601       2    29.411765    40.000000  -3.527685E-010   2.175700E+001   2.513988E+000   2.233675E+001  -2.175700E+001  -1.982276E+001  -1.934247E+000
   21601       3    25.000000    29.411765  -4.694307E-010   1.791122E+001   9.166305E-001   1.815640E+001  -1.791122E+001  -1.723977E+001  -6.714466E-001
   21601       4    20.833333    25.000000  -6.324683E-010   2.644245E+001   5.867008E-001   2.662275E+001  -2.644245E+001  -2.603605E+001  -4.063978E-001
   21601       5    19.230769    20.833333  -6.989964E-013   1.375294E+001   1.417802E-001   1.380157E+001  -1.375294E+001  -1.365979E+001  -9.315474E-002
   21601       6    17.543860    19.230769  -2.758505E-011   1.714154E+001   3.500622E-001   1.728331E+001  -1.714154E+001  -1.693324E+001  -2.082940E-001
   21601       7    13.333333    17.543860   3.334950E-010   2.519489E+001   4.263907E+001   5.782047E+001  -2.519489E+001  -1.518140E+001  -1.001349E+001
   21601       8    11.627907    13.333333  -6.685941E-011   2.849705E+001   1.133760E+000   2.920731E+001  -2.849705E+001  -2.807355E+001  -4.234969E-001
   21601       9     9.009009    11.627907   1.441212E-010   4.607660E+001   3.043876E-001   4.632331E+001  -4.607660E+001  -4.601892E+001  -5.767030E-002
   21601      10     8.695652     9.009009   2.162248E-011   5.103046E+000   2.103339E-006   5.103048E+000  -5.103046E+000  -5.103046E+000  -3.439944E-007
   21601      11     8.333333     8.695652  -6.057210E-011   5.635523E+000   4.418431E-007   5.635523E+000  -5.635523E+000  -5.635523E+000  -3.814819E-008
   21601      12     7.633588     8.333333  -3.826162E-011   9.865916E+000   4.510069E-006   9.865921E+000  -9.865916E+000  -9.865917E+000   1.284716E-007
   21601      13     7.042254     7.633588   8.717360E-012   7.045557E+000   5.833250E-006   7.045564E+000  -7.045557E+000  -7.045558E+000   1.026043E-006
   21601      14     6.451613     7.042254   3.767042E-012   5.652281E+000   3.905199E-006   5.652287E+000  -5.652281E+000  -5.652283E+000   2.310317E-006
   21601      15     5.464481     6.451613  -1.879699E-011   6.175477E+000   4.756019E-006   6.175486E+000  -6.175477E+000  -6.175481E+000   4.113053E-006
   21601      16     4.950495     5.464481   3.062293E-012   1.700621E+000   1.291848E-002   1.729116E+000  -1.700621E+000  -1.716198E+000   1.557660E-002
   21601      17     3.333333     4.950495   5.001694E-013   1.015078E+000   2.504186E-001   1.519207E+000  -1.015078E+000  -1.268789E+000   2.537101E-001
   21701       1    40.000000 10000.000000  -4.471623E-011   1.931358E+001   1.025632E+001   2.128184E+001  -1.931358E+001  -1.102552E+001  -8.288065E+000
   21701       2    29.411765    40.000000  -3.518323E-010   2.170481E+001   2.504348E+000   2.228584E+001  -2.170481E+001  -1.978149E+001  -1.923322E+000
   21701       3    25.000000    29.411765  -4.679670E-010   1.786347E+001   9.117298E-001   1.810890E+001  -1.786347E+001  -1.719717E+001  -6.662941E-001
   21701       4    20.833333    25.000000  -6.301857E-010   2.636333E+001   5.827964E-001   2.654360E+001  -2.636333E+001  -2.596081E+001  -4.025285E-001
   21701       5    19.230769    20.833333  -6.981082E-013   1.370784E+001   1.405696E-001   1.375636E+001  -1.370784E+001  -1.361579E+001  -9.204493E-002
   21701       6    17.543860    19.230769  -2.746159E-011   1.708193E+001   3.455498E-001   1.722271E+001  -1.708193E+001  -1.687716E+001  -2.047700E-001
   21701       7    13.333333    17.543860   3.317613E-010   2.506644E+001   4.238940E+001   5.758063E+001  -2.506644E+001  -1.519123E+001  -9.875212E+000
   21701       8    11.627907    13.333333  -6.643130E-011   2.835784E+001   1.116216E+000   2.906146E+001  -2.835784E+001  -2.794524E+001  -4.125973E-001
   21701       9     9.009009    11.627907   1.430163E-010   4.580056E+001   2.982977E-001   4.604400E+001  -4.580056E+001  -4.574571E+001  -5.485559E-002
   21701      10     8.695652     9.009009   2.142808E-011   5.067320E+000   2.084526E-006   5.067322E+000  -5.067320E+000  -5.067320E+000  -3.784270E-007
   21701      11     8.333333     8.695652  -6.000511E-011   5.594545E+000   4.230352E-007   5.594545E+000  -5.594545E+000  -5.594545E+000  -1.720415E-008
   21701      12     7.633588     8.333333  -3.787959E-011   9.789273E+000   4.483375E-006   9.789277E+000  -9.789273E+000  -9.789273E+000   1.418212E-007
   21701      13     7.042254     7.633588   8.622492E-012   6.985898E+000   5.750224E-006   6.985905E+000  -6.985898E+000  -6.985899E+000   1.127205E-006
   21701      14     6.451613     7.042254   3.722356E-012   5.600096E+000   3.846891E-006   5.600103E+000  -5.600096E+000  -5.600099E+000   2.336791E-006
   21701      15     5.464481     6.451613  -1.854725E-011   6.110994E+000   4.642178E-006   6.111003E+000  -6.110994E+000  -6.110998E+000   4.157009E-006
   21701      16     4.950495     5.464481   3.015241E-012   1.680069E+000   1.268103E-002   1.708271E+000  -1.680069E+000  -1.695590E+000   1.552164E-002
   21701      17     3.333333     4.950495   4.913431E-013   1.000008E+000   2.459094E-001   1.497527E+000  -1.000008E+000  -1.251617E+000   2.516096E-001
   21801       1    40.000000 10000.000000  -4.462741E-011   1.927184E+001   1.022779E+001   2.124446E+001  -1.927184E+001  -1.101666E+001  -8.255176E+000
   21801       2    29.411765    40.000000  -3.509246E-010   2.165353E+001   2.494908E+000   2.223582E+001  -2.165353E+001  -1.974091E+001  -1.912614E+000
   21801       3    25.000000    29.411765  -4.665264E-010   1.781639E+001   9.069466E-001   1.806207E+001  -1.781639E+001  -1.715512E+001  -6.612717E-001
   21801       4    20.833333    25.000000  -6.279492E-010   2.628567E+001   5.789855E-001   2.646590E+001  -2.628567E+001  -2.588692E+001  -3.987514E-001
   21801       5    19.230769    20.833333  -6.954437E-013   1.366365E+001   1.393908E-001   1.371208E+001  -1.366365E+001  -1.357269E+001  -9.096350E-002
   21801       6    17.543860    19.230769  -2.734524E-011   1.702330E+001   3.411888E-001   1.716312E+001  -1.702330E+001  -1.682193E+001  -2.013694E-001
   21801       7    13.333333    17.543860   3.300595E-010   2.494085E+001   4.214451E+001   5.734627E+001  -2.494085E+001  -1.520177E+001  -9.739080E+000
   21801       8    11.627907    13.333333  -6.601475E-011   2.822221E+001   1.099223E+000   2.891940E+001  -2.822221E+001  -2.782018E+001  -4.020275E-001
   21801       9     9.009009    11.627907   1.419336E-010   4.553319E+001   2.924254E-001   4.577349E+001  -4.553319E+001  -4.548107E+001  -5.212142E-002
   21801      10     8.695652     9.009009   2.123746E-011   5.032911E+000   2.042718E-006   5.032912E+000  -5.032911E+000  -5.032910E+000  -3.562095E-007
   21801      11     8.333333     8.695652  -5.944956E-011   5.555042E+000   4.247509E-007   5.555043E+000  -5.555042E+000  -5.555042E+000  -3.586092E-008
   21801      12     7.633588     8.333333  -3.750644E-011   9.715650E+000   4.448934E-006   9.715654E+000  -9.715650E+000  -9.715650E+000   1.774417E-007
   21801      13     7.042254     7.633588   8.529843E-012   6.928788E+000   5.709111E-006   6.928795E+000  -6.928788E+000  -6.928789E+000   1.138435E-006
   21801      14     6.451613     7.042254   3.678668E-012   5.550348E+000   3.797193E-006   5.550355E+000  -5.550348E+000  -5.550351E+000   2.340991E-006
   21801      15     5.464481     6.451613  -1.830283E-011   6.049870E+000   4.561207E-006   6.049879E+000  -6.049870E+000  -6.049874E+000   4.146563E-006
   21801      16     4.950495     5.464481   2.969208E-012   1.660729E+000   1.245100E-002   1.688663E+000  -1.660729E+000  -1.676212E+000   1.548238E-002
   21801      17     3.333333     4.950495   4.826833E-013   9.859146E-001   2.415427E-001   1.477350E+000  -9.859146E-001  -1.235807E+000   2.498926E-001
   21901       1    40.000000 10000.000000  -4.455103E-011   1.923072E+001   1.019979E+001   2.120749E+001  -1.923072E+001  -1.100770E+001  -8.223012E+000
   21901       2    29.411765    40.000000  -3.500347E-010   2.160313E+001   2.485673E+000   2.218668E+001  -2.160313E+001  -1.970100E+001  -1.902127E+000
   21901       3    25.000000    29.411765  -4.651319E-010   1.776997E+001   9.022723E-001   1.801587E+001  -1.776997E+001  -1.711360E+001  -6.563734E-001
   21901       4    20.833333    25.000000  -6.257626E-010   2.620943E+001   5.752531E-001   2.638963E+001  -2.620943E+001  -2.581438E+001  -3.950548E-001
   21901       5    19.230769    20.833333  -6.910028E-013   1.362038E+001   1.382356E-001   1.366871E+001  -1.362038E+001  -1.353047E+001  -8.990504E-002
   21901       6    17.543860    19.230769  -2.723066E-011   1.696563E+001   3.369414E-001   1.710450E+001  -1.696563E+001  -1.676755E+001  -1.980712E-001
   21901       7    13.333333    17.543860   3.283951E-010   2.481817E+001   4.190470E+001   5.711731E+001  -2.481817E+001  -1.521261E+001  -9.605552E+000
   21901       8    11.627907    13.333333  -6.560974E-011   2.809017E+001   1.082683E+000   2.878110E+001  -2.809017E+001  -2.769842E+001  -3.917541E-001
   21901       9     9.009009    11.627907   1.408766E-010   4.527449E+001   2.867365E-001   4.551175E+001  -4.527449E+001  -4.522502E+001  -4.947196E-002
   21901      10     8.695652     9.009009   2.105160E-011   4.999818E+000   1.986748E-006   4.999819E+000  -4.999818E+000  -4.999817E+000  -3.024313E-007
   21901      11     8.333333     8.695652  -5.890755E-011   5.517014E+000   4.286772E-007   5.517015E+000  -5.517014E+000  -5.517014E+000  -5.917646E-008
   21901      12     7.633588     8.333333  -3.714151E-011   9.645053E+000   4.401511E-006   9.645058E+000  -9.645053E+000  -9.645053E+000   2.488865E-007
   21901      13     7.042254     7.633588   8.439360E-012   6.874235E+000   5.661424E-006   6.874242E+000  -6.874235E+000  -6.874236E+000   1.178249E-006
   21901      14     6.451613     7.042254   3.636202E-012   5.503049E+000   3.752389E-006   5.503055E+000  -5.503049E+000  -5.503051E+000   2.346999E-006
   21901      15     5.464481     6.451613  -1.806416E-011   5.992128E+000   4.486292E-006   5.992136E+000  -5.992128E+000  -5.992132E+000   4.128547E-006
   21901      16     4.950495     5.464481   2.924216E-012   1.642614E+000   1.222883E-002   1.670301E+000  -1.642614E+000  -1.658072E+000   1.545803E-002
   21901      17     3.333333     4.950495   4.742491E-013   9.728266E-001   2.373303E-001   1.458692E+000  -9.728266E-001  -1.221362E+000   2.485353E-001
   22001       1    40.000000 10000.000000  -4.446932E-011   1.919022E+001   1.017216E+001   2.117095E+001  -1.919022E+001  -1.099879E+001  -8.191426E+000
   22001       2    29.411765    40.000000  -3.491607E-010   2.155336E+001   2.476624E+000   2.213810E+001  -2.155336E+001  -1.966148E+001  -1.891883E+000
   22001       3    25.000000    29.411765  -4.637677E-010   1.772411E+001   8.977067E-001   1.797021E+001  -1.772411E+001  -1.707251E+001  -6.516029E-001
   22001       4    20.833333    25.000000  -6.236327E-010   2.613409E+001   5.716079E-001   2.631424E+001  -2.613409E+001  -2.574263E+001  -3.914595E-001
   22001       5    19.230769    20.833333  -6.892265E-013   1.357761E+001   1.371109E-001   1.362584E+001  -1.357761E+001  -1.348873E+001  -8.887954E-002
   22001       6    17.543860    19.230769  -2.711520E-011   1.690862E+001   3.328198E-001   1.704655E+001  -1.690862E+001  -1.671373E+001  -1.948902E-001
   22001       7    13.333333    17.543860   3.267751E-010   2.469814E+001   4.166900E+001   5.689101E+001  -2.469814E+001  -1.522201E+001  -9.476134E+000
   22001       8    11.627907    13.333333  -6.521184E-011   2.795968E+001   1.066622E+000   2.864440E+001  -2.795968E+001  -2.757778E+001  -3.819071E-001
   22001       9     9.009009    11.627907   1.398526E-010   4.501878E+001   2.812412E-001   4.525305E+001  -4.501878E+001  -4.497180E+001  -4.697745E-002
   22001      10     8.695652     9.009009   2.087119E-011   4.967108E+000   1.957371E-006   4.967110E+000  -4.967108E+000  -4.967108E+000  -2.988799E-007
   22001      11     8.333333     8.695652  -5.838185E-011   5.479427E+000   3.896162E-007   5.479427E+000  -5.479427E+000  -5.479427E+000   1.119029E-008
   22001      12     7.633588     8.333333  -3.678813E-011   9.575274E+000   4.357917E-006   9.575279E+000  -9.575274E+000  -9.575275E+000   2.959258E-007
   22001      13     7.042254     7.633588   8.351486E-012   6.820315E+000   5.612347E-006   6.820322E+000  -6.820315E+000  -6.820316E+000   1.216452E-006
   22001      14     6.451613     7.042254   3.594958E-012   5.456297E+000   3.693462E-006   5.456303E+000  -5.456297E+000  -5.456299E+000   2.378577E-006
   22001      15     5.464481     6.451613  -1.783357E-011   5.935055E+000   4.400391E-006   5.935064E+000  -5.935055E+000  -5.935059E+000   4.137290E-006
   22001      16     4.950495     5.464481   2.880883E-012   1.624712E+000   1.201368E-002   1.652152E+000  -1.624712E+000  -1.640138E+000   1.542648E-002
   22001      17     3.333333     4.950495   4.661375E-013   9.599100E-001   2.332176E-001   1.440251E+000  -9.599100E-001  -1.207033E+000   2.471233E-001
   22101       1    40.000000 10000.000000  -4.438760E-011   1.915029E+001   1.014502E+001   2.113484E+001  -1.915029E+001  -1.098983E+001  -8.160460E+000
   22101       2    29.411765    40.000000  -3.482974E-010   2.150421E+001   2.467772E+000   2.209009E+001  -2.150421E+001  -1.962232E+001  -1.881887E+000
   22101       3    25.000000    29.411765  -4.623963E-010   1.767879E+001   8.932453E-001   1.792509E+001  -1.767879E+001  -1.703184E+001  -6.469550E-001
   22101       4    20.833333    25.000000  -6.215224E-010   2.605964E+001   5.680379E-001   2.623973E+001  -2.605964E+001  -2.567169E+001  -3.879546E-001
   22101       5    19.230769    20.833333  -6.892265E-013   1.353534E+001   1.360083E-001   1.358346E+001  -1.353534E+001  -1.344746E+001  -8.787996E-002
   22101       6    17.543860    19.230769  -2.700506E-011   1.685228E+001   3.288139E-001   1.698928E+001  -1.685228E+001  -1.666047E+001  -1.918133E-001
   22101       7    13.333333    17.543860   3.252119E-010   2.458073E+001   4.143710E+001   5.666733E+001  -2.458073E+001  -1.523023E+001  -9.350501E+000
   22101       8    11.627907    13.333333  -6.482992E-011   2.783072E+001   1.051007E+000   2.850929E+001  -2.783072E+001  -2.745828E+001  -3.724434E-001
   22101       9     9.009009    11.627907   1.388800E-010   4.476602E+001   2.759136E-001   4.499734E+001  -4.476602E+001  -4.472143E+001  -4.459160E-002
   22101      10     8.695652     9.009009   2.070244E-011   4.934779E+000   1.942987E-006   4.934781E+000  -4.934779E+000  -4.934779E+000  -3.329762E-007
   22101      11     8.333333     8.695652  -5.789069E-011   5.442276E+000   4.086100E-007   5.442277E+000  -5.442276E+000  -5.442276E+000  -4.002348E-008
   22101      12     7.633588     8.333333  -3.646006E-011   9.506306E+000   4.347009E-006   9.506311E+000  -9.506306E+000  -9.506306E+000   2.859634E-007
   22101      13     7.042254     7.633588   8.270828E-012   6.767021E+000   5.559556E-006   6.767028E+000  -6.767021E+000  -6.767022E+000   1.259399E-006
   22101      14     6.451613     7.042254   3.557599E-012   5.410088E+000   3.641371E-006   5.410094E+000  -5.410088E+000  -5.410090E+000   2.397571E-006
   22101      15     5.464481     6.451613  -1.762684E-011   5.878645E+000   4.316320E-006   5.878654E+000  -5.878645E+000  -5.878649E+000   4.141413E-006
   22101      16     4.950495     5.464481   2.842782E-012   1.607020E+000   1.180498E-002   1.634214E+000  -1.607020E+000  -1.622409E+000   1.538878E-002
   22101      17     3.333333     4.950495   4.591674E-013   9.472121E-001   2.290529E-001   1.422024E+000  -9.472121E-001  -1.192971E+000   2.457586E-001
   22201       1    40.000000 10000.000000  -4.430412E-011   1.911098E+001   1.011831E+001   2.109915E+001  -1.911098E+001  -1.098084E+001  -8.130140E+000
   22201       2    29.411765    40.000000  -3.474412E-010   2.145566E+001   2.459098E+000   2.204264E+001  -2.145566E+001  -1.958354E+001  -1.872118E+000
   22201       3    25.000000    29.411765  -4.610570E-010   1.763402E+001   8.888825E-001   1.788048E+001  -1.763402E+001  -1.699160E+001  -6.424226E-001
   22201       4    20.833333    25.000000  -6.194441E-010   2.598608E+001   5.645422E-001   2.616608E+001  -2.598608E+001  -2.560154E+001  -3.845374E-001
   22201       5    19.230769    20.833333  -6.847856E-013   1.349356E+001   1.349304E-001   1.354158E+001  -1.349356E+001  -1.340665E+001  -8.690750E-002
   22201       6    17.543860    19.230769  -2.689582E-011   1.679659E+001   3.249193E-001   1.693268E+001  -1.679659E+001  -1.660776E+001  -1.888374E-001
   22201       7    13.333333    17.543860   3.236433E-010   2.446548E+001   4.120952E+001   5.644625E+001  -2.446548E+001  -1.523673E+001  -9.228755E+000
   22201       8    11.627907    13.333333  -6.445600E-011   2.770327E+001   1.035815E+000   2.837575E+001  -2.770327E+001  -2.733993E+001  -3.633409E-001
   22201       9     9.009009    11.627907   1.379199E-010   4.451619E+001   2.707586E-001   4.474461E+001  -4.451619E+001  -4.447386E+001  -4.233696E-002
   22201      10     8.695652     9.009009   2.053546E-011   4.902826E+000   1.880481E-006   4.902827E+000  -4.902826E+000  -4.902825E+000  -2.631589E-007
   22201      11     8.333333     8.695652  -5.740708E-011   5.405558E+000   3.880504E-007   5.405558E+000  -5.405558E+000  -5.405558E+000  -2.017701E-008
   22201      12     7.633588     8.333333  -3.613654E-011   9.438140E+000   4.316418E-006   9.438145E+000  -9.438140E+000  -9.438141E+000   3.128063E-007
   22201      13     7.042254     7.633588   8.191448E-012   6.714347E+000   5.504839E-006   6.714354E+000  -6.714347E+000  -6.714348E+000   1.307192E-006
   22201      14     6.451613     7.042254   3.520406E-012   5.364417E+000   3.608003E-006   5.364423E+000  -5.364417E+000  -5.364419E+000   2.387915E-006
   22201      15     5.464481     6.451613  -1.742279E-011   5.822891E+000   4.235696E-006   5.822900E+000  -5.822891E+000  -5.822896E+000   4.145893E-006
   22201      16     4.950495     5.464481   2.805235E-012   1.589537E+000   1.160271E-002   1.616484E+000  -1.589537E+000  -1.604882E+000   1.534477E-002
   22201      17     3.333333     4.950495   4.522875E-013   9.346117E-001   2.251426E-001   1.404008E+000  -9.346117E-001  -1.178866E+000   2.442542E-001
   22301       1    40.000000 10000.000000  -4.422773E-011   1.907224E+001   1.009203E+001   2.106387E+001  -1.907224E+001  -1.097185E+001  -8.100392E+000
   22301       2    29.411765    40.000000  -3.466045E-010   2.140772E+001   2.450600E+000   2.199575E+001  -2.140772E+001  -1.954515E+001  -1.862570E+000
   22301       3    25.000000    29.411765  -4.597371E-010   1.758978E+001   8.846159E-001   1.783640E+001  -1.758978E+001  -1.695178E+001  -6.380021E-001
   22301       4    20.833333    25.000000  -6.173995E-010   2.591338E+001   5.611196E-001   2.609329E+001  -2.591338E+001  -2.553217E+001  -3.812051E-001
   22301       5    19.230769    20.833333  -6.838974E-013   1.345228E+001   1.338757E-001   1.350019E+001  -1.345228E+001  -1.336632E+001  -8.596102E-002
   22301       6    17.543860    19.230769  -2.678835E-011   1.674167E+001   3.212397E-001   1.687673E+001  -1.674167E+001  -1.655549E+001  -1.861785E-001
   22301       7    13.333333    17.543860   3.221299E-010   2.435244E+001   4.098583E+001   5.622776E+001  -2.435244E+001  -1.524193E+001  -9.110515E+000
   22301       8    11.627907    13.333333  -6.408651E-011   2.757733E+001   1.021029E+000   2.824376E+001  -2.757733E+001  -2.722274E+001  -3.545965E-001
   22301       9     9.009009    11.627907   1.369767E-010   4.426928E+001   2.657644E-001   4.449484E+001  -4.426928E+001  -4.422907E+001  -4.020651E-002
   22301      10     8.695652     9.009009   2.037237E-011   4.871245E+000   1.855763E-006   4.871247E+000  -4.871245E+000  -4.871245E+000  -2.721720E-007
   22301      11     8.333333     8.695652  -5.693246E-011   5.369268E+000   3.895606E-007   5.369268E+000  -5.369268E+000  -5.369268E+000  -3.486488E-008
   22301      12     7.633588     8.333333  -3.581946E-011   9.370770E+000   4.285855E-006   9.370775E+000  -9.370770E+000  -9.370770E+000   3.409154E-007
   22301      13     7.042254     7.633588   8.113454E-012   6.662288E+000   5.470310E-006   6.662295E+000  -6.662288E+000  -6.662289E+000   1.316262E-006
   22301      14     6.451613     7.042254   3.484268E-012   5.319279E+000   3.548247E-006   5.319285E+000  -5.319279E+000  -5.319281E+000   2.418859E-006
   22301      15     5.464481     6.451613  -1.722281E-011   5.767789E+000   4.179485E-006   5.767797E+000  -5.767789E+000  -5.767793E+000   4.109471E-006
   22301      16     4.950495     5.464481   2.768397E-012   1.572260E+000   1.140644E-002   1.598962E+000  -1.572260E+000  -1.587555E+000   1.529521E-002
   22301      17     3.333333     4.950495   4.455672E-013   9.221549E-001   2.214017E-001   1.386204E+000  -9.221549E-001  -1.164802E+000   2.426470E-001
   22401       1    40.000000 10000.000000  -4.414424E-011   1.903406E+001   1.006620E+001   2.102901E+001  -1.903406E+001  -1.096281E+001  -8.071251E+000
   22401       2    29.411765    40.000000  -3.457767E-010   2.136036E+001   2.442277E+000   2.194940E+001  -2.136036E+001  -1.950712E+001  -1.853238E+000
   22401       3    25.000000    29.411765  -4.584395E-010   1.754608E+001   8.804413E-001   1.779283E+001  -1.754608E+001  -1.691239E+001  -6.336879E-001
   22401       4    20.833333    25.000000  -6.154046E-010   2.584155E+001   5.577624E-001   2.602136E+001  -2.584155E+001  -2.546359E+001  -3.779510E-001
   22401       5    19.230769    20.833333  -6.794565E-013   1.341148E+001   1.328407E-001   1.345929E+001  -1.341148E+001  -1.332645E+001  -8.503685E-002
   22401       6    17.543860    19.230769  -2.668532E-011   1.668729E+001   3.175418E-001   1.682144E+001  -1.668729E+001  -1.650390E+001  -1.833857E-001
   22401       7    13.333333    17.543860   3.206395E-010   2.424153E+001   4.076575E+001   5.601182E+001  -2.424153E+001  -1.524606E+001  -8.995465E+000
   22401       8    11.627907    13.333333  -6.372503E-011   2.745289E+001   1.006611E+000   2.811333E+001  -2.745289E+001  -2.710671E+001  -3.461730E-001
   22401       9     9.009009    11.627907   1.360547E-010   4.402524E+001   2.609154E-001   4.424798E+001  -4.402524E+001  -4.398706E+001  -3.818296E-002
   22401      10     8.695652     9.009009   2.021194E-011   4.840034E+000   1.810601E-006   4.840036E+000  -4.840034E+000  -4.840034E+000  -2.356248E-007
   22401      11     8.333333     8.695652  -5.646728E-011   5.333402E+000   3.807459E-007   5.333403E+000  -5.333402E+000  -5.333402E+000  -2.585549E-008
   22401      12     7.633588     8.333333  -3.550860E-011   9.304187E+000   4.249471E-006   9.304192E+000  -9.304187E+000  -9.304188E+000   3.786722E-007
   22401      13     7.042254     7.633588   8.037015E-012   6.610837E+000   5.398146E-006   6.610844E+000  -6.610837E+000  -6.610839E+000   1.402733E-006
   22401      14     6.451613     7.042254   3.448519E-012   5.274669E+000   3.509170E-006   5.274674E+000  -5.274669E+000  -5.274671E+000   2.425777E-006
   22401      15     5.464481     6.451613  -1.702677E-011   5.713330E+000   4.101102E-006   5.713338E+000  -5.713330E+000  -5.713334E+000   4.110679E-006
   22401      16     4.950495     5.464481   2.732266E-012   1.555188E+000   1.121598E-002   1.581644E+000  -1.555188E+000  -1.570428E+000   1.524032E-002
   22401      17     3.333333     4.950495   4.389579E-013   9.098767E-001   2.177515E-001   1.368607E+000  -9.098767E-001  -1.150855E+000   2.409786E-001
   22501       1    40.000000 10000.000000  -4.407497E-011   1.899643E+001   1.004077E+001   2.099456E+001  -1.899643E+001  -1.095379E+001  -8.042637E+000
   22501       2    29.411765    40.000000  -3.449756E-010   2.131358E+001   2.434114E+000   2.190359E+001  -2.131358E+001  -1.946948E+001  -1.844108E+000
   22501       3    25.000000    29.411765  -4.571676E-010   1.750289E+001   8.763555E-001   1.774977E+001  -1.750289E+001  -1.687342E+001  -6.294760E-001
   22501       4    20.833333    25.000000  -6.134400E-010   2.577057E+001   5.544729E-001   2.595026E+001  -2.577057E+001  -2.539579E+001  -3.747750E-001
   22501       5    19.230769    20.833333  -6.776801E-013   1.337117E+001   1.318286E-001   1.341886E+001  -1.337117E+001  -1.328703E+001  -8.413756E-002
   22501       6    17.543860    19.230769  -2.658407E-011   1.663353E+001   3.139506E-001   1.676680E+001  -1.663353E+001  -1.645285E+001  -1.806833E-001
   22501       7    13.333333    17.543860   3.191740E-010   2.413266E+001   4.054934E+001   5.579840E+001  -2.413266E+001  -1.524907E+001  -8.883594E+000
   22501       8    11.627907    13.333333  -6.337064E-011   2.732989E+001   9.925883E-001   2.798442E+001  -2.732989E+001  -2.699183E+001  -3.380581E-001
   22501       9     9.009009    11.627907   1.351461E-010   4.378405E+001   2.562252E-001   4.400401E+001  -4.378405E+001  -4.374778E+001  -3.626531E-002
   22501      10     8.695652     9.009009   2.005496E-011   4.809188E+000   1.797851E-006   4.809190E+000  -4.809188E+000  -4.809188E+000  -2.605950E-007
   22501      11     8.333333     8.695652  -5.601020E-011   5.297957E+000   3.660884E-007   5.297957E+000  -5.297957E+000  -5.297957E+000  -4.998764E-009
   22501      12     7.633588     8.333333  -3.520306E-011   9.238385E+000   4.220190E-006   9.238389E+000  -9.238385E+000  -9.238385E+000   4.127581E-007
   22501      13     7.042254     7.633588   7.962075E-012   6.559989E+000   5.365731E-006   6.559996E+000  -6.559989E+000  -6.559991E+000   1.410076E-006
   22501      14     6.451613     7.042254   3.413769E-012   5.230581E+000   3.445760E-006   5.230587E+000  -5.230581E+000  -5.230583E+000   2.469633E-006
   22501      15     5.464481     6.451613  -1.683426E-011   5.659509E+000   4.034535E-006   5.659517E+000  -5.659509E+000  -5.659513E+000   4.100466E-006
   22501      16     4.950495     5.464481   2.696801E-012   1.538318E+000   1.103147E-002   1.564529E+000  -1.538318E+000  -1.553498E+000   1.517965E-002
   22501      17     3.333333     4.950495   4.324770E-013   8.978078E-001   2.142426E-001   1.351216E+000  -8.978078E-001  -1.136974E+000   2.391659E-001
   22601       1    40.000000 10000.000000  -4.399858E-011   1.895932E+001   1.001579E+001   2.096051E+001  -1.895932E+001  -1.094471E+001  -8.014606E+000
   22601       2    29.411765    40.000000  -3.441798E-010   2.126738E+001   2.426120E+000   2.185832E+001  -2.126738E+001  -1.943220E+001  -1.835182E+000
   22601       3    25.000000    29.411765  -4.559233E-010   1.746023E+001   8.723566E-001   1.770722E+001  -1.746023E+001  -1.683486E+001  -6.253632E-001
   22601       4    20.833333    25.000000  -6.115091E-010   2.570043E+001   5.512441E-001   2.588000E+001  -2.570043E+001  -2.532876E+001  -3.716700E-001
   22601       5    19.230769    20.833333  -6.794565E-013   1.333133E+001   1.308346E-001   1.337891E+001  -1.333133E+001  -1.324807E+001  -8.325936E-002
   22601       6    17.543860    19.230769  -2.648015E-011   1.658041E+001   3.104430E-001   1.671280E+001  -1.658041E+001  -1.640236E+001  -1.780584E-001
   22601       7    13.333333    17.543860   3.177316E-010   2.402579E+001   4.033608E+001   5.558749E+001  -2.402579E+001  -1.525142E+001  -8.774371E+000
   22601       8    11.627907    13.333333  -6.302159E-011   2.720835E+001   9.789024E-001   2.785702E+001  -2.720835E+001  -2.687811E+001  -3.302357E-001
   22601       9     9.009009    11.627907   1.342544E-010   4.354568E+001   2.516635E-001   4.376291E+001  -4.354568E+001  -4.351124E+001  -3.443765E-002
   22601      10     8.695652     9.009009   1.990041E-011   4.778705E+000   1.772908E-006   4.778706E+000  -4.778705E+000  -4.778704E+000  -2.627801E-007
   22601      11     8.333333     8.695652  -5.556211E-011   5.262927E+000   3.646296E-007   5.262927E+000  -5.262927E+000  -5.262927E+000  -1.249396E-008
   22601      12     7.633588     8.333333  -3.490352E-011   9.173354E+000   4.174872E-006   9.173358E+000  -9.173354E+000  -9.173354E+000   4.673469E-007
   22601      13     7.042254     7.633588   7.888523E-012   6.509738E+000   5.315764E-006   6.509745E+000  -6.509738E+000  -6.509740E+000   1.451965E-006
   22601      14     6.451613     7.042254   3.379519E-012   5.187010E+000   3.412005E-006   5.187016E+000  -5.187010E+000  -5.187012E+000   2.454616E-006
   22601      15     5.464481     6.451613  -1.664527E-011   5.606319E+000   3.966130E-006   5.606327E+000  -5.606319E+000  -5.606323E+000   4.092740E-006
   22601      16     4.950495     5.464481   2.662023E-012   1.521649E+000   1.085261E-002   1.547615E+000  -1.521649E+000  -1.536763E+000   1.511375E-002
   22601      17     3.333333     4.950495   4.261036E-013   8.859177E-001   2.108198E-001   1.334030E+000  -8.859177E-001  -1.123210E+000   2.372922E-001
   22701       1    40.000000 10000.000000  -4.392753E-011   1.892274E+001   9.991219E+000   2.092686E+001  -1.892274E+001  -1.093564E+001  -7.987100E+000
   22701       2    29.411765    40.000000  -3.434106E-010   2.122175E+001   2.418276E+000   2.181358E+001  -2.122175E+001  -1.939531E+001  -1.826442E+000
   22701       3    25.000000    29.411765  -4.547029E-010   1.741807E+001   8.684385E-001   1.766517E+001  -1.741807E+001  -1.679673E+001  -6.213429E-001
   22701       4    20.833333    25.000000  -6.096261E-010   2.563113E+001   5.480758E-001   2.581057E+001  -2.563113E+001  -2.526249E+001  -3.686357E-001
   22701       5    19.230769    20.833333  -6.741274E-013   1.329196E+001   1.298604E-001   1.333942E+001  -1.329196E+001  -1.320956E+001  -8.240238E-002
   22701       6    17.543860    19.230769  -2.638245E-011   1.652792E+001   3.070174E-001   1.665943E+001  -1.652792E+001  -1.635241E+001  -1.755094E-001
   22701       7    13.333333    17.543860   3.163247E-010   2.392093E+001   4.012609E+001   5.537906E+001  -2.392093E+001  -1.525298E+001  -8.667950E+000
   22701       8    11.627907    13.333333  -6.268053E-011   2.708827E+001   9.655412E-001   2.773111E+001  -2.708827E+001  -2.676557E+001  -3.226929E-001
   22701       9     9.009009    11.627907   1.333831E-010   4.331011E+001   2.472317E-001   4.352463E+001  -4.331011E+001  -4.327740E+001  -3.270909E-002
   22701      10     8.695652     9.009009   1.974920E-011   4.748579E+000   1.725471E-006   4.748581E+000  -4.748579E+000  -4.748579E+000  -2.138030E-007
   22701      11     8.333333     8.695652  -5.512257E-011   5.228309E+000   3.577575E-007   5.228309E+000  -5.228309E+000  -5.228309E+000  -1.860602E-008
   22701      12     7.633588     8.333333  -3.460976E-011   9.109087E+000   4.159855E-006   9.109092E+000  -9.109087E+000  -9.109087E+000   4.648722E-007
   22701      13     7.042254     7.633588   7.816359E-012   6.460077E+000   5.284604E-006   6.460084E+000  -6.460077E+000  -6.460078E+000   1.452680E-006
   22701      14     6.451613     7.042254   3.345713E-012   5.143951E+000   3.389950E-006   5.143957E+000  -5.143951E+000  -5.143954E+000   2.420296E-006
   22701      15     5.464481     6.451613  -1.646003E-011   5.553755E+000   3.891823E-006   5.553763E+000  -5.553755E+000  -5.553759E+000   4.094084E-006
   22701      16     4.950495     5.464481   2.627884E-012   1.505178E+000   1.067890E-002   1.530900E+000  -1.505178E+000  -1.520221E+000   1.504340E-002
   22701      17     3.333333     4.950495   4.198794E-013   8.741934E-001   2.074770E-001   1.317045E+000  -8.741934E-001  -1.109568E+000   2.353746E-001
   22801       1    40.000000 10000.000000  -4.386003E-011   1.888666E+001   9.967060E+000   2.089360E+001  -1.888666E+001  -1.092654E+001  -7.960121E+000
   22801       2    29.411765    40.000000  -3.426432E-010   2.117668E+001   2.410593E+000   2.176937E+001  -2.117668E+001  -1.935878E+001  -1.817896E+000
   22801       3    25.000000    29.411765  -4.535003E-010   1.737642E+001   8.646047E-001   1.762361E+001  -1.737642E+001  -1.675900E+001  -6.174173E-001
   22801       4    20.833333    25.000000  -6.077627E-010   2.556265E+001   5.449672E-001   2.574195E+001  -2.556265E+001  -2.519698E+001  -3.656704E-001
   22801       5    19.230769    20.833333  -6.705747E-013   1.325306E+001   1.289038E-001   1.330040E+001  -1.325306E+001  -1.317150E+001  -8.156534E-002
   22801       6    17.543860    19.230769  -2.628298E-011   1.647605E+001   3.036850E-001   1.660669E+001  -1.647605E+001  -1.630301E+001  -1.730389E-001
   22801       7    13.333333    17.543860   3.149410E-010   2.381784E+001   3.991951E+001   5.517309E+001  -2.381784E+001  -1.525357E+001  -8.564270E+000
   22801       8    11.627907    13.333333  -6.234480E-011   2.696958E+001   9.525327E-001   2.760669E+001  -2.696958E+001  -2.665416E+001  -3.154175E-001
   22801       9     9.009009    11.627907   1.325260E-010   4.307729E+001   2.429363E-001   4.328916E+001  -4.307729E+001  -4.304623E+001  -3.106378E-002
   22801      10     8.695652     9.009009   1.960032E-011   4.718808E+000   1.697243E-006   4.718809E+000  -4.718808E+000  -4.718808E+000  -2.120211E-007
   22801      11     8.333333     8.695652  -5.469070E-011   5.194098E+000   3.507312E-007   5.194098E+000  -5.194098E+000  -5.194098E+000  -1.563766E-008
   22801      12     7.633588     8.333333  -3.432099E-011   9.045576E+000   4.110424E-006   9.045581E+000  -9.045576E+000  -9.045577E+000   5.336568E-007
   22801      13     7.042254     7.633588   7.745138E-012   6.411000E+000   5.240777E-006   6.411007E+000  -6.411000E+000  -6.411002E+000   1.485277E-006
   22801      14     6.451613     7.042254   3.312850E-012   5.101399E+000   3.339496E-006   5.101405E+000  -5.101399E+000  -5.101402E+000   2.443697E-006
   22801      15     5.464481     6.451613  -1.627798E-011   5.501809E+000   3.831165E-006   5.501817E+000  -5.501809E+000  -5.501813E+000   4.072788E-006
   22801      16     4.950495     5.464481   2.594390E-012   1.488902E+000   1.051019E-002   1.514381E+000  -1.488902E+000  -1.503871E+000   1.496910E-002
   22801      17     3.333333     4.950495   4.137454E-013   8.626264E-001   2.042158E-001   1.300260E+000  -8.626264E-001  -1.096044E+000   2.334180E-001
   22901       1    40.000000 10000.000000  -4.378542E-011   1.885108E+001   9.943337E+000   2.086074E+001  -1.885108E+001  -1.091740E+001  -7.933678E+000
   22901       2    29.411765    40.000000  -3.418918E-010   2.113216E+001   2.403055E+000   2.172569E+001  -2.113216E+001  -1.932263E+001  -1.809525E+000
   22901       3    25.000000    29.411765  -4.523164E-010   1.733527E+001   8.608459E-001   1.758254E+001  -1.733527E+001  -1.672170E+001  -6.135762E-001
   22901       4    20.833333    25.000000  -6.059437E-010   2.549500E+001   5.419103E-001   2.567414E+001  -2.549500E+001  -2.513223E+001  -3.627655E-001
   22901       5    19.230769    20.833333  -6.670220E-013   1.321463E+001   1.279644E-001   1.326184E+001  -1.321463E+001  -1.313388E+001  -8.074650E-002
   22901       6    17.543860    19.230769  -2.618705E-011   1.642478E+001   3.004244E-001   1.655458E+001  -1.642478E+001  -1.625415E+001  -1.706318E-001
   22901       7    13.333333    17.543860   3.135714E-010   2.371639E+001   3.971605E+001   5.496954E+001  -2.371639E+001  -1.525349E+001  -8.462903E+000
   22901       8    11.627907    13.333333  -6.201173E-011   2.685231E+001   9.398073E-001   2.748374E+001  -2.685231E+001  -2.654393E+001  -3.083757E-001
   22901       9     9.009009    11.627907   1.316804E-010   4.284721E+001   2.387517E-001   4.305647E+001  -4.284721E+001  -4.281772E+001  -2.949146E-002
   22901      10     8.695652     9.009009   1.945433E-011   4.689388E+000   1.656627E-006   4.689389E+000  -4.689388E+000  -4.689388E+000  -1.753943E-007
   22901      11     8.333333     8.695652  -5.426515E-011   5.160290E+000   3.535935E-007   5.160290E+000  -5.160290E+000  -5.160290E+000  -2.918577E-008
   22901      12     7.633588     8.333333  -3.403666E-011   8.982815E+000   4.081112E-006   8.982819E+000  -8.982815E+000  -8.982815E+000   5.591067E-007
   22901      13     7.042254     7.633588   7.675416E-012   6.362502E+000   5.197870E-006   6.362509E+000  -6.362502E+000  -6.362504E+000   1.507192E-006
   22901      14     6.451613     7.042254   3.280043E-012   5.059349E+000   3.283252E-006   5.059354E+000  -5.059349E+000  -5.059351E+000   2.487829E-006
   22901      15     5.464481     6.451613  -1.609862E-011   5.450475E+000   3.758840E-006   5.450483E+000  -5.450475E+000  -5.450479E+000   4.083119E-006
   22901      16     4.950495     5.464481   2.561340E-012   1.472821E+000   1.034641E-002   1.498057E+000  -1.472821E+000  -1.487711E+000   1.489030E-002
   22901      17     3.333333     4.950495   4.077051E-013   8.512283E-001   2.010328E-001   1.283673E+000  -8.512283E-001  -1.082640E+000   2.314121E-001
   23001       1    40.000000 10000.000000  -4.371437E-011   1.881607E+001   9.920009E+000   2.082844E+001  -1.881607E+001  -1.090843E+001  -7.907635E+000
   23001       2    29.411765    40.000000  -3.411511E-010   2.108815E+001   2.395671E+000   2.168248E+001  -2.108815E+001  -1.928681E+001  -1.801342E+000
   23001       3    25.000000    29.411765  -4.511556E-010   1.729491E+001   8.571696E-001   1.754227E+001  -1.729491E+001  -1.668510E+001  -6.098069E-001
   23001       4    20.833333    25.000000  -6.041390E-010   2.542862E+001   5.389126E-001   2.560762E+001  -2.542862E+001  -2.506871E+001  -3.599137E-001
   23001       5    19.230769    20.833333  -6.661338E-013   1.317687E+001   1.270430E-001   1.322397E+001  -1.317687E+001  -1.309693E+001  -7.994454E-002
   23001       6    17.543860    19.230769  -2.609468E-011   1.637477E+001   2.972455E-001   1.650373E+001  -1.637477E+001  -1.620649E+001  -1.682814E-001
   23001       7    13.333333    17.543860   3.122267E-010   2.361686E+001   3.951602E+001   5.477128E+001  -2.361686E+001  -1.525526E+001  -8.361605E+000
   23001       8    11.627907    13.333333  -6.169110E-011   2.673872E+001   9.274088E-001   2.736465E+001  -2.673872E+001  -2.643724E+001  -3.014741E-001
   23001       9     9.009009    11.627907   1.308500E-010   4.262612E+001   2.346842E-001   4.283287E+001  -4.262612E+001  -4.259819E+001  -2.792841E-002
   23001      10     8.695652     9.009009   1.930966E-011   4.661266E+000   1.638994E-006   4.661268E+000  -4.661266E+000  -4.661266E+000  -1.828299E-007
   23001      11     8.333333     8.695652  -5.384659E-011   5.128114E+000   3.440756E-007   5.128114E+000  -5.128114E+000  -5.128114E+000  -2.170228E-008
   23001      12     7.633588     8.333333  -3.375622E-011   8.923206E+000   4.058030E-006   8.923211E+000  -8.923206E+000  -8.923207E+000   5.802657E-007
   23001      13     7.042254     7.633588   7.606471E-012   6.316666E+000   5.160429E-006   6.316673E+000  -6.316666E+000  -6.316667E+000   1.532033E-006
   23001      14     6.451613     7.042254   3.248235E-012   5.019808E+000   3.261602E-006   5.019813E+000  -5.019808E+000  -5.019810E+000   2.452584E-006
   23001      15     5.464481     6.451613  -1.592201E-011   5.402635E+000   3.728714E-006   5.402643E+000  -5.402635E+000  -5.402639E+000   4.015198E-006
   23001      16     4.950495     5.464481   2.528824E-012   1.457988E+000   1.018740E-002   1.483008E+000  -1.457988E+000  -1.472821E+000   1.483257E-002
   23001      17     3.333333     4.950495   4.017620E-013   8.408004E-001   1.979383E-001   1.268611E+000  -8.408004E-001  -1.070673E+000   2.298725E-001
   23101       1    40.000000 10000.000000  -4.365575E-011   1.878157E+001   9.897095E+000   2.079659E+001  -1.878157E+001  -1.089950E+001  -7.882071E+000
   23101       2    29.411765    40.000000  -3.404335E-010   2.104466E+001   2.388427E+000   2.163975E+001  -2.104466E+001  -1.925132E+001  -1.793335E+000
   23101       3    25.000000    29.411765  -4.500160E-010   1.725516E+001   8.535654E-001   1.750261E+001  -1.725516E+001  -1.664905E+001  -6.061122E-001
   23101       4    20.833333    25.000000  -6.023750E-010   2.536323E+001   5.359676E-001   2.554208E+001  -2.536323E+001  -2.500611E+001  -3.571181E-001
   23101       5    19.230769    20.833333  -6.616929E-013   1.313966E+001   1.261388E-001   1.318664E+001  -1.313966E+001  -1.306050E+001  -7.915961E-002
   23101       6    17.543860    19.230769  -2.600320E-011   1.632562E+001   2.941419E-001   1.645378E+001  -1.632562E+001  -1.615963E+001  -1.659887E-001
   23101       7    13.333333    17.543860   3.109140E-010   2.351938E+001   3.931948E+001   5.457665E+001  -2.351938E+001  -1.525716E+001  -8.262217E+000
   23101       8    11.627907    13.333333  -6.136780E-011   2.662751E+001   9.153009E-001   2.724806E+001  -2.662751E+001  -2.633276E+001  -2.947429E-001
   23101       9     9.009009    11.627907   1.300355E-010   4.241052E+001   2.307346E-001   4.261483E+001  -4.241052E+001  -4.238410E+001  -2.641945E-002
   23101      10     8.695652     9.009009   1.916878E-011   4.633915E+000   1.612143E-006   4.633917E+000  -4.633915E+000  -4.633915E+000  -1.724361E-007
   23101      11     8.333333     8.695652  -5.343681E-011   5.096888E+000   3.282090E-007   5.096888E+000  -5.096888E+000  -5.096888E+000  -3.571188E-010
   23101      12     7.633588     8.333333  -3.348266E-011   8.865421E+000   4.049459E-006   8.865425E+000  -8.865421E+000  -8.865421E+000   5.614639E-007
   23101      13     7.042254     7.633588   7.539247E-012   6.272342E+000   5.104574E-006   6.272349E+000  -6.272342E+000  -6.272344E+000   1.594189E-006
   23101      14     6.451613     7.042254   3.216871E-012   4.981671E+000   3.218840E-006   4.981677E+000  -4.981671E+000  -4.981673E+000   2.472984E-006
   23101      15     5.464481     6.451613  -1.574926E-011   5.356709E+000   3.645747E-006   5.356717E+000  -5.356709E+000  -5.356713E+000   4.062975E-006
   23101      16     4.950495     5.464481   2.497010E-012   1.443828E+000   1.003266E-002   1.468644E+000  -1.443828E+000  -1.458611E+000   1.478296E-002
   23101      17     3.333333     4.950495   3.959368E-013   8.309653E-001   1.948404E-001   1.254351E+000  -8.309653E-001  -1.059511E+000   2.285455E-001
   23201       1    40.000000 10000.000000  -4.358114E-011   1.874753E+001   9.874657E+000   2.076511E+001  -1.874753E+001  -1.089045E+001  -7.857083E+000
   23201       2    29.411765    40.000000  -3.397123E-010   2.100167E+001   2.381336E+000   2.159750E+001  -2.100167E+001  -1.921616E+001  -1.785511E+000
   23201       3    25.000000    29.411765  -4.488996E-010   1.721587E+001   8.500363E-001   1.746340E+001  -1.721587E+001  -1.661336E+001  -6.025026E-001
   23201       4    20.833333    25.000000  -6.006484E-010   2.529859E+001   5.330697E-001   2.547728E+001  -2.529859E+001  -2.494421E+001  -3.543799E-001
   23201       5    19.230769    20.833333  -6.625811E-013   1.310288E+001   1.252475E-001   1.314973E+001  -1.310288E+001  -1.302449E+001  -7.839021E-002
   23201       6    17.543860    19.230769  -2.590994E-011   1.627703E+001   2.911072E-001   1.640438E+001  -1.627703E+001  -1.611328E+001  -1.637562E-001
   23201       7    13.333333    17.543860   3.096190E-010   2.342374E+001   3.912603E+001   5.438421E+001  -2.342374E+001  -1.525818E+001  -8.165558E+000
   23201       8    11.627907    13.333333  -6.105871E-011   2.651755E+001   9.034662E-001   2.713279E+001  -2.651755E+001  -2.622932E+001  -2.882290E-001
   23201       9     9.009009    11.627907   1.292388E-010   4.219734E+001   2.268904E-001   4.239925E+001  -4.219734E+001  -4.217236E+001  -2.497806E-002
   23201      10     8.695652     9.009009   1.903044E-011   4.606874E+000   1.554185E-006   4.606875E+000  -4.606874E+000  -4.606874E+000  -9.567907E-008
   23201      11     8.333333     8.695652  -5.303480E-011   5.066015E+000   3.263343E-007   5.066015E+000  -5.066015E+000  -5.066015E+000  -9.818457E-010
   23201      12     7.633588     8.333333  -3.321410E-011   8.808288E+000   4.023648E-006   8.808292E+000  -8.808288E+000  -8.808288E+000   5.819212E-007
   23201      13     7.042254     7.633588   7.473189E-012   6.228519E+000   5.077843E-006   6.228525E+000  -6.228519E+000  -6.228520E+000   1.590425E-006
   23201      14     6.451613     7.042254   3.186063E-012   4.943965E+000   3.190165E-006   4.943971E+000  -4.943965E+000  -4.943968E+000   2.458689E-006
   23201      15     5.464481     6.451613  -1.557998E-011   5.311302E+000   3.585026E-006   5.311310E+000  -5.311302E+000  -5.311306E+000   4.059145E-006
   23201      16     4.950495     5.464481   2.465854E-012   1.429830E+000   9.882222E-003   1.454442E+000  -1.429830E+000  -1.444559E+000   1.472956E-002
   23201      17     3.333333     4.950495   3.902399E-013   8.212851E-001   1.917832E-001   1.240252E+000  -8.212851E-001  -1.048469E+000   2.271839E-001
   23301       1    40.000000 10000.000000  -4.352430E-011   1.871396E+001   9.852541E+000   2.073398E+001  -1.871396E+001  -1.088144E+001  -7.832527E+000
   23301       2    29.411765    40.000000  -3.390248E-010   2.095920E+001   2.374373E+000   2.155573E+001  -2.095920E+001  -1.918136E+001  -1.777848E+000
   23301       3    25.000000    29.411765  -4.478018E-010   1.717703E+001   8.465775E-001   1.742463E+001  -1.717703E+001  -1.657805E+001  -5.989740E-001
   23301       4    20.833333    25.000000  -5.989591E-010   2.523470E+001   5.302271E-001   2.541322E+001  -2.523470E+001  -2.488299E+001  -3.517045E-001
   23301       5    19.230769    20.833333  -6.581402E-013   1.306651E+001   1.243748E-001   1.311324E+001  -1.306651E+001  -1.298887E+001  -7.764019E-002
   23301       6    17.543860    19.230769  -2.582201E-011   1.622900E+001   2.881449E-001   1.635555E+001  -1.622900E+001  -1.606741E+001  -1.615892E-001
   23301       7    13.333333    17.543860   3.083631E-010   2.332986E+001   3.893636E+001   5.419396E+001  -2.332986E+001  -1.525760E+001  -8.072267E+000
   23301       8    11.627907    13.333333  -6.075140E-011   2.640886E+001   8.919197E-001   2.701882E+001  -2.640886E+001  -2.612690E+001  -2.819594E-001
   23301       9     9.009009    11.627907   1.284564E-010   4.198657E+001   2.231527E-001   4.218611E+001  -4.198657E+001  -4.196296E+001  -2.361138E-002
   23301      10     8.695652     9.009009   1.889477E-011   4.580138E+000   1.555135E-006   4.580139E+000  -4.580138E+000  -4.580138E+000  -1.405566E-007
   23301      11     8.333333     8.695652  -5.264067E-011   5.035491E+000   3.281944E-007   5.035491E+000  -5.035491E+000  -5.035491E+000  -2.192937E-008
   23301      12     7.633588     8.333333  -3.295031E-011   8.751801E+000   4.001410E-006   8.751806E+000  -8.751801E+000  -8.751802E+000   5.920381E-007
   23301      13     7.042254     7.633588   7.408352E-012   6.185191E+000   5.040718E-006   6.185198E+000  -6.185191E+000  -6.185193E+000   1.612214E-006
   23301      14     6.451613     7.042254   3.155920E-012   4.906686E+000   3.162679E-006   4.906692E+000  -4.906686E+000  -4.906689E+000   2.444492E-006
   23301      15     5.464481     6.451613  -1.541384E-011   5.266409E+000   3.514298E-006   5.266417E+000  -5.266409E+000  -5.266413E+000   4.085719E-006
   23301      16     4.950495     5.464481   2.435246E-012   1.415992E+000   9.735881E-003   1.440400E+000  -1.415992E+000  -1.430664E+000   1.467262E-002
   23301      17     3.333333     4.950495   3.846472E-013   8.116386E-001   1.889689E-001   1.226313E+000  -8.116386E-001  -1.037344E+000   2.257055E-001
   23401       1    40.000000 10000.000000  -4.345679E-011   1.868082E+001   9.830877E+000   2.070320E+001  -1.868082E+001  -1.087232E+001  -7.808502E+000
   23401       2    29.411765    40.000000  -3.383303E-010   2.091723E+001   2.367557E+000   2.151443E+001  -2.091723E+001  -1.914688E+001  -1.770355E+000
   23401       3    25.000000    29.411765  -4.467235E-010   1.713864E+001   8.431934E-001   1.738630E+001  -1.713864E+001  -1.654311E+001  -5.955270E-001
   23401       4    20.833333    25.000000  -5.972947E-010   2.517153E+001   5.274313E-001   2.534988E+001  -2.517153E+001  -2.482245E+001  -3.490839E-001
   23401       5    19.230769    20.833333  -6.590284E-013   1.303056E+001   1.235165E-001   1.307717E+001  -1.303056E+001  -1.295365E+001  -7.690567E-002
   23401       6    17.543860    19.230769  -2.573408E-011   1.618150E+001   2.852510E-001   1.630727E+001  -1.618150E+001  -1.602202E+001  -1.594802E-001
   23401       7    13.333333    17.543860   3.071285E-010   2.323778E+001   3.874958E+001   5.400586E+001  -2.323778E+001  -1.525628E+001  -7.981495E+000
   23401       8    11.627907    13.333333  -6.045564E-011   2.630140E+001   8.806393E-001   2.690615E+001  -2.630140E+001  -2.602551E+001  -2.758942E-001
   23401       9     9.009009    11.627907   1.277067E-010   4.177818E+001   2.195161E-001   4.197539E+001  -4.177818E+001  -4.175587E+001  -2.230714E-002
   23401      10     8.695652     9.009009   1.876554E-011   4.553706E+000   1.530222E-006   4.553707E+000  -4.553706E+000  -4.553706E+000  -1.309425E-007
   23401      11     8.333333     8.695652  -5.226708E-011   5.005313E+000   3.124937E-007   5.005314E+000  -5.005313E+000  -5.005313E+000   2.929109E-009
   23401      12     7.633588     8.333333  -3.270129E-011   8.695956E+000   3.938037E-006   8.695960E+000  -8.695956E+000  -8.695956E+000   7.055339E-007
   23401      13     7.042254     7.633588   7.347567E-012   6.142356E+000   4.996212E-006   6.142362E+000  -6.142356E+000  -6.142357E+000   1.655188E-006
   23401      14     6.451613     7.042254   3.127942E-012   4.869830E+000   3.098003E-006   4.869836E+000  -4.869830E+000  -4.869832E+000   2.509492E-006
   23401      15     5.464481     6.451613  -1.525988E-011   5.222025E+000   3.483963E-006   5.222033E+000  -5.222025E+000  -5.222029E+000   4.020892E-006
   23401      16     4.950495     5.464481   2.407220E-012   1.402312E+000   9.593329E-003   1.426518E+000  -1.402312E+000  -1.416925E+000   1.461272E-002
   23401      17     3.333333     4.950495   3.795818E-013   8.020889E-001   1.862199E-001   1.212532E+000  -8.020889E-001  -1.026312E+000   2.242229E-001
   23501       1    40.000000 10000.000000  -4.338929E-011   1.864813E+001   9.809562E+000   2.067277E+001  -1.864813E+001  -1.086321E+001  -7.784919E+000
   23501       2    29.411765    40.000000  -3.376499E-010   2.087575E+001   2.360863E+000   2.147361E+001  -2.087575E+001  -1.911274E+001  -1.763012E+000
   23501       3    25.000000    29.411765  -4.456515E-010   1.710069E+001   8.398721E-001   1.734841E+001  -1.710069E+001  -1.650854E+001  -5.921521E-001
   23501       4    20.833333    25.000000  -5.956373E-010   2.510910E+001   5.246830E-001   2.528726E+001  -2.510910E+001  -2.476258E+001  -3.465177E-001
   23501       5    19.230769    20.833333  -6.563639E-013   1.299502E+001   1.226731E-001   1.304150E+001  -1.299502E+001  -1.291883E+001  -7.618720E-002
   23501       6    17.543860    19.230769  -2.564793E-011   1.613455E+001   2.824246E-001   1.625955E+001  -1.613455E+001  -1.597712E+001  -1.574275E-001
   23501       7    13.333333    17.543860   3.059224E-010   2.314728E+001   3.856550E+001   5.381990E+001  -2.314728E+001  -1.525440E+001  -7.892882E+000
   23501       8    11.627907    13.333333  -6.016609E-011   2.619516E+001   8.696175E-001   2.679475E+001  -2.619516E+001  -2.592514E+001  -2.700208E-001
   23501       9     9.009009    11.627907   1.269775E-010   4.157214E+001   2.159798E-001   4.176706E+001  -4.157214E+001  -4.155108E+001  -2.106474E-002
   23501      10     8.695652     9.009009   1.864037E-011   4.527574E+000   1.505796E-006   4.527575E+000  -4.527574E+000  -4.527574E+000  -1.268891E-007
   23501      11     8.333333     8.695652  -5.190648E-011   4.975479E+000   3.136905E-007   4.975479E+000  -4.975479E+000  -4.975479E+000  -9.612505E-009
   23501      12     7.633588     8.333333  -3.246203E-011   8.640745E+000   3.947136E-006   8.640749E+000  -8.640745E+000  -8.640745E+000   6.508416E-007
   23501      13     7.042254     7.633588   7.289058E-012   6.100006E+000   4.949628E-006   6.100013E+000  -6.100006E+000  -6.100008E+000   1.694568E-006
   23501      14     6.451613     7.042254   3.101075E-012   4.833393E+000   3.098356E-006   4.833398E+000  -4.833393E+000  -4.833395E+000   2.439038E-006
   23501      15     5.464481     6.451613  -1.511438E-011   5.178146E+000   3.440623E-006   5.178153E+000  -5.178146E+000  -5.178150E+000   3.993948E-006
   23501      16     4.950495     5.464481   2.381026E-012   1.388789E+000   9.454442E-003   1.412794E+000  -1.388789E+000  -1.403339E+000   1.455004E-002
   23501      17     3.333333     4.950495   3.749258E-013   7.926408E-001   1.835243E-001   1.198907E+000  -7.926408E-001  -1.015383E+000   2.227420E-001
   23601       1    40.000000 10000.000000  -4.332712E-011   1.861586E+001   9.788583E+000   2.064269E+001  -1.861586E+001  -1.085411E+001  -7.761757E+000
   23601       2    29.411765    40.000000  -3.369696E-010   2.083477E+001   2.354304E+000   2.143324E+001  -2.083477E+001  -1.907894E+001  -1.755826E+000
   23601       3    25.000000    29.411765  -4.445972E-010   1.706318E+001   8.366240E-001   1.731095E+001  -1.706318E+001  -1.647432E+001  -5.888562E-001
   23601       4    20.833333    25.000000  -5.940102E-010   2.504738E+001   5.219847E-001   2.522536E+001  -2.504738E+001  -2.470337E+001  -3.440075E-001
   23601       5    19.230769    20.833333  -6.528111E-013   1.295988E+001   1.218468E-001   1.300624E+001  -1.295988E+001  -1.288440E+001  -7.548645E-002
   23601       6    17.543860    19.230769  -2.556444E-011   1.608813E+001   2.796655E-001   1.621236E+001  -1.608813E+001  -1.593269E+001  -1.554349E-001
   23601       7    13.333333    17.543860   3.047251E-010   2.305831E+001   3.838432E+001   5.363606E+001  -2.305831E+001  -1.525174E+001  -7.806570E+000
   23601       8    11.627907    13.333333  -5.988010E-011   2.609013E+001   8.588629E-001   2.668463E+001  -2.609013E+001  -2.582576E+001  -2.643652E-001
   23601       9     9.009009    11.627907   1.262599E-010   4.136844E+001   2.125378E-001   4.156110E+001  -4.136844E+001  -4.134856E+001  -1.988169E-002
   23601      10     8.695652     9.009009   1.851763E-011   4.501739E+000   1.489895E-006   4.501740E+000  -4.501739E+000  -4.501739E+000  -1.336680E-007
   23601      11     8.333333     8.695652  -5.155176E-011   4.945984E+000   2.909422E-007   4.945984E+000  -4.945984E+000  -4.945984E+000   3.260544E-008
   23601      12     7.633588     8.333333  -3.222600E-011   8.586162E+000   3.943941E-006   8.586166E+000  -8.586162E+000  -8.586162E+000   6.278962E-007
   23601      13     7.042254     7.633588   7.231771E-012   6.058139E+000   4.900351E-006   6.058146E+000  -6.058139E+000  -6.058141E+000   1.742311E-006
   23601      14     6.451613     7.042254   3.074707E-012   4.797370E+000   3.057179E-006   4.797375E+000  -4.797370E+000  -4.797372E+000   2.460660E-006
   23601      15     5.464481     6.451613  -1.497130E-011   5.134765E+000   3.390273E-006   5.134773E+000  -5.134765E+000  -5.134769E+000   3.979467E-006
   23601      16     4.950495     5.464481   2.355297E-012   1.375422E+000   9.319512E-003   1.399226E+000  -1.375422E+000  -1.389906E+000   1.448397E-002
   23601      17     3.333333     4.950495   3.703340E-013   7.833430E-001   1.809230E-001   1.185438E+000  -7.833430E-001  -1.004515E+000   2.211716E-001
   23701       1    40.000000 10000.000000  -4.326850E-011   1.858402E+001   9.767992E+000   2.061295E+001  -1.858402E+001  -1.084496E+001  -7.739056E+000
   23701       2    29.411765    40.000000  -3.363123E-010   2.079426E+001   2.347870E+000   2.139334E+001  -2.079426E+001  -1.904547E+001  -1.748787E+000
   23701       3    25.000000    29.411765  -4.435590E-010   1.702610E+001   8.334378E-001   1.727391E+001  -1.702610E+001  -1.644047E+001  -5.856288E-001
   23701       4    20.833333    25.000000  -5.924115E-010   2.498637E+001   5.193279E-001   2.516416E+001  -2.498637E+001  -2.464483E+001  -3.415451E-001
   23701       5    19.230769    20.833333  -6.510348E-013   1.292515E+001   1.210326E-001   1.297138E+001  -1.292515E+001  -1.285035E+001  -7.479881E-002
   23701       6    17.543860    19.230769  -2.548273E-011   1.604223E+001   2.769696E-001   1.616571E+001  -1.604223E+001  -1.588874E+001  -1.534928E-001
   23701       7    13.333333    17.543860   3.035527E-010   2.297079E+001   3.820557E+001   5.345431E+001  -2.297079E+001  -1.524874E+001  -7.722056E+000
   23701       8    11.627907    13.333333  -5.960032E-011   2.598628E+001   8.483494E-001   2.657576E+001  -2.598628E+001  -2.572741E+001  -2.588779E-001
   23701       9     9.009009    11.627907   1.255520E-010   4.116705E+001   2.091938E-001   4.135749E+001  -4.116705E+001  -4.114829E+001  -1.876036E-002
   23701      10     8.695652     9.009009   1.839684E-011   4.476199E+000   1.458288E-006   4.476200E+000  -4.476199E+000  -4.476198E+000  -1.026532E-007
   23701      11     8.333333     8.695652  -5.120288E-011   4.916825E+000   2.947424E-007   4.916825E+000  -4.916825E+000  -4.916825E+000   8.054151E-009
   23701      12     7.633588     8.333333  -3.199452E-011   8.532201E+000   3.902565E-006   8.532206E+000  -8.532201E+000  -8.532202E+000   6.817147E-007
   23701      13     7.042254     7.633588   7.175482E-012   6.016749E+000   4.890980E-006   6.016756E+000  -6.016749E+000  -6.016751E+000   1.710349E-006
   23701      14     6.451613     7.042254   3.048672E-012   4.761758E+000   3.018388E-006   4.761763E+000  -4.761758E+000  -4.761760E+000   2.471119E-006
   23701      15     5.464481     6.451613  -1.483061E-011   5.091879E+000   3.347791E-006   5.091887E+000  -5.091879E+000  -5.091883E+000   3.955553E-006
   23701      16     4.950495     5.464481   2.329976E-012   1.362209E+000   9.188504E-003   1.385812E+000  -1.362209E+000  -1.376624E+000   1.441443E-002
   23701      17     3.333333     4.950495   3.658272E-013   7.741836E-001   1.783904E-001   1.172121E+000  -7.741836E-001  -9.937310E-001   2.195474E-001
   23801       1    40.000000 10000.000000  -4.320455E-011   1.855258E+001   9.747748E+000   2.058355E+001  -1.855258E+001  -1.083580E+001  -7.716777E+000
   23801       2    29.411765    40.000000  -3.356515E-010   2.075423E+001   2.341545E+000   2.135389E+001  -2.075423E+001  -1.901235E+001  -1.741881E+000
   23801       3    25.000000    29.411765  -4.425385E-010   1.698946E+001   8.303083E-001   1.723730E+001  -1.698946E+001  -1.640699E+001  -5.824658E-001
   23801       4    20.833333    25.000000  -5.908358E-010   2.492607E+001   5.167141E-001   2.510365E+001  -2.492607E+001  -2.458694E+001  -3.391309E-001
   23801       5    19.230769    20.833333  -6.519230E-013   1.289082E+001   1.202329E-001   1.293692E+001  -1.289082E+001  -1.281669E+001  -7.412584E-002
   23801       6    17.543860    19.230769  -2.539657E-011   1.599686E+001   2.743297E-001   1.611959E+001  -1.599686E+001  -1.584526E+001  -1.515979E-001
   23801       7    13.333333    17.543860   3.023910E-010   2.288472E+001   3.802927E+001   5.327463E+001  -2.288472E+001  -1.524536E+001  -7.639359E+000
   23801       8    11.627907    13.333333  -5.932410E-011   2.588363E+001   8.380554E-001   2.646813E+001  -2.588363E+001  -2.563007E+001  -2.535573E-001
   23801       9     9.009009    11.627907   1.248566E-010   4.096795E+001   2.059253E-001   4.115620E+001  -4.096795E+001  -4.095027E+001  -1.767463E-002
   23801      10     8.695652     9.009009   1.827782E-011   4.450950E+000   1.432873E-006   4.450951E+000  -4.450950E+000  -4.450949E+000  -9.419788E-008
   23801      11     8.333333     8.695652  -5.085987E-011   4.887998E+000   2.931139E-007   4.887999E+000  -4.887998E+000  -4.887998E+000   5.816397E-009
   23801      12     7.633588     8.333333  -3.176670E-011   8.478856E+000   3.873440E-006   8.478860E+000  -8.478856E+000  -8.478856E+000   7.203696E-007
   23801      13     7.042254     7.633588   7.120082E-012   5.975831E+000   4.839323E-006   5.975838E+000  -5.975831E+000  -5.975833E+000   1.764550E-006
   23801      14     6.451613     7.042254   3.023304E-012   4.726551E+000   2.955829E-006   4.726557E+000  -4.726551E+000  -4.726554E+000   2.537084E-006
   23801      15     5.464481     6.451613  -1.469230E-011   5.049483E+000   3.291378E-006   5.049490E+000  -5.049483E+000  -5.049487E+000   3.962187E-006
   23801      16     4.950495     5.464481   2.305087E-012   1.349148E+000   9.060817E-003   1.372551E+000  -1.349148E+000  -1.363491E+000   1.434241E-002
   23801      17     3.333333     4.950495   3.613828E-013   7.651450E-001   1.759076E-001   1.158957E+000  -7.651450E-001  -9.830496E-001   2.179046E-001
   23901       1    40.000000 10000.000000  -4.314415E-011   1.852154E+001   9.727918E+000   2.055449E+001  -1.852154E+001  -1.082657E+001  -7.694972E+000
   23901       2    29.411765    40.000000  -3.350173E-010   2.071467E+001   2.335350E+000   2.131490E+001  -2.071467E+001  -1.897954E+001  -1.735121E+000
   23901       3    25.000000    29.411765  -4.415330E-010   1.695323E+001   8.272415E-001   1.720110E+001  -1.695323E+001  -1.637386E+001  -5.793697E-001
   23901       4    20.833333    25.000000  -5.892886E-010   2.486647E+001   5.141387E-001   2.504384E+001  -2.486647E+001  -2.452970E+001  -3.367614E-001
   23901       5    19.230769    20.833333  -6.492584E-013   1.285688E+001   1.194433E-001   1.290286E+001  -1.285688E+001  -1.278341E+001  -7.346427E-002
   23901       6    17.543860    19.230769  -2.532019E-011   1.595201E+001   2.717415E-001   1.607400E+001  -1.595201E+001  -1.580226E+001  -1.497479E-001
   23901       7    13.333333    17.543860   3.012595E-010   2.280004E+001   3.785557E+001   5.309700E+001  -2.280004E+001  -1.524143E+001  -7.558605E+000
   23901       8    11.627907    13.333333  -5.905409E-011   2.578215E+001   8.279714E-001   2.636172E+001  -2.578215E+001  -2.553375E+001  -2.483954E-001
   23901       9     9.009009    11.627907   1.241753E-010   4.077111E+001   2.027351E-001   4.095721E+001  -4.077111E+001  -4.075447E+001  -1.663607E-002
   23901      10     8.695652     9.009009   1.816097E-011   4.425989E+000   1.416857E-006   4.425990E+000  -4.425989E+000  -4.425989E+000  -9.578578E-008
   23901      11     8.333333     8.695652  -5.052253E-011   4.859501E+000   3.072001E-007   4.859501E+000  -4.859501E+000  -4.859501E+000  -3.349885E-008
   23901      12     7.633588     8.333333  -3.154244E-011   8.426119E+000   3.830022E-006   8.426124E+000  -8.426119E+000  -8.426120E+000   7.715553E-007
   23901      13     7.042254     7.633588   7.065737E-012   5.935380E+000   4.800432E-006   5.935387E+000  -5.935380E+000  -5.935382E+000   1.793942E-006
   23901      14     6.451613     7.042254   2.998046E-012   4.691747E+000   2.962750E-006   4.691753E+000  -4.691747E+000  -4.691750E+000   2.451976E-006
   23901      15     5.464481     6.451613  -1.455622E-011   5.007570E+000   3.246513E-006   5.007577E+000  -5.007570E+000  -5.007574E+000   3.939425E-006
   23901      16     4.950495     5.464481   2.280599E-012   1.336237E+000   8.936264E-003   1.359442E+000  -1.336237E+000  -1.350506E+000   1.426857E-002
   23901      17     3.333333     4.950495   3.570217E-013   7.562194E-001   1.734777E-001   1.145943E+000  -7.562194E-001  -9.724656E-001   2.162462E-001
   24001       1    40.000000 10000.000000  -4.308021E-011   1.849091E+001   9.708392E+000   2.052576E+001  -1.849091E+001  -1.081737E+001  -7.673541E+000
   24001       2    29.411765    40.000000  -3.343832E-010   2.067557E+001   2.329256E+000   2.127634E+001  -2.067557E+001  -1.894709E+001  -1.728483E+000
   24001       3    25.000000    29.411765  -4.405480E-010   1.691743E+001   8.242271E-001   1.716532E+001  -1.691743E+001  -1.634110E+001  -5.763329E-001
   24001       4    20.833333    25.000000  -5.877681E-010   2.480755E+001   5.116039E-001   2.498472E+001  -2.480755E+001  -2.447311E+001  -3.344368E-001
   24001       5    19.230769    20.833333  -6.465939E-013   1.282333E+001   1.186677E-001   1.286918E+001  -1.282333E+001  -1.275051E+001  -7.281651E-002
   24001       6    17.543860    19.230769  -2.524025E-011   1.590767E+001   2.692146E-001   1.602894E+001  -1.590767E+001  -1.575972E+001  -1.479452E-001
   24001       7    13.333333    17.543860   3.001439E-010   2.271673E+001   3.768442E+001   5.292141E+001  -2.271673E+001  -1.523699E+001  -7.479734E+000
   24001       8    11.627907    13.333333  -5.878675E-011   2.568180E+001   8.181029E-001   2.625654E+001  -2.568180E+001  -2.543844E+001  -2.433593E-001
   24001       9     9.009009    11.627907   1.235039E-010   4.057651E+001   1.996353E-001   4.076049E+001  -4.057651E+001  -4.056086E+001  -1.564961E-002
   24001      10     8.695652     9.009009   1.804584E-011   4.401314E+000   1.386014E-006   4.401315E+000  -4.401314E+000  -4.401314E+000  -7.210272E-008
   24001      11     8.333333     8.695652  -5.019063E-011   4.831330E+000   2.826725E-007   4.831330E+000  -4.831330E+000  -4.831330E+000   1.214941E-008
   24001      12     7.633588     8.333333  -3.132195E-011   8.373986E+000   3.819874E-006   8.373991E+000  -8.373986E+000  -8.373987E+000   7.656781E-007
   24001      13     7.042254     7.633588   7.012002E-012   5.895392E+000   4.767788E-006   5.895399E+000  -5.895392E+000  -5.895394E+000   1.806882E-006
   24001      14     6.451613     7.042254   2.973455E-012   4.657341E+000   2.927778E-006   4.657347E+000  -4.657341E+000  -4.657344E+000   2.464055E-006
   24001      15     5.464481     6.451613  -1.442235E-011   4.966137E+000   3.208622E-006   4.966144E+000  -4.966137E+000  -4.966141E+000   3.910521E-006
   24001      16     4.950495     5.464481   2.256501E-012   1.323476E+000   8.815048E-003   1.346483E+000  -1.323476E+000  -1.337668E+000   1.419204E-002
   24001      17     3.333333     4.950495   3.527335E-013   7.474181E-001   1.711036E-001   1.133078E+000  -7.474181E-001  -9.619746E-001   2.145565E-001
   24101       1    40.000000 10000.000000  -4.302159E-011   1.846066E+001   9.689252E+000   2.049736E+001  -1.846066E+001  -1.080810E+001  -7.652552E+000
   24101       2    29.411765    40.000000  -3.337561E-010   2.063693E+001   2.323285E+000   2.123823E+001  -2.063693E+001  -1.891495E+001  -1.721983E+000
   24101       3    25.000000    29.411765  -4.395782E-010   1.688204E+001   8.212725E-001   1.712995E+001  -1.688204E+001  -1.630868E+001  -5.733595E-001
   24101       4    20.833333    25.000000  -5.862706E-010   2.474931E+001   5.091054E-001   2.492626E+001  -2.474931E+001  -2.441716E+001  -3.321535E-001
   24101       5    19.230769    20.833333  -6.421530E-013   1.279016E+001   1.179023E-001   1.283588E+001  -1.279016E+001  -1.271798E+001  -7.218017E-002
   24101       6    17.543860    19.230769  -2.516298E-011   1.586383E+001   2.667334E-001   1.598438E+001  -1.586383E+001  -1.571765E+001  -1.461830E-001
   24101       7    13.333333    17.543860   2.990426E-010   2.263475E+001   3.751550E+001   5.274783E+001  -2.263475E+001  -1.523232E+001  -7.402427E+000
   24101       8    11.627907    13.333333  -5.852652E-011   2.558262E+001   8.084351E-001   2.615256E+001  -2.558262E+001  -2.534412E+001  -2.384926E-001
   24101       9     9.009009    11.627907   1.228413E-010   4.038413E+001   1.966052E-001   4.056603E+001  -4.038413E+001  -4.036943E+001  -1.470581E-002
   24101      10     8.695652     9.009009   1.793277E-011   4.376921E+000   1.366910E-006   4.376922E+000  -4.376921E+000  -4.376921E+000  -6.390297E-008
   24101      11     8.333333     8.695652  -4.986417E-011   4.803481E+000   2.704615E-007   4.803481E+000  -4.803481E+000  -4.803481E+000   2.997673E-008
   24101      12     7.633588     8.333333  -3.110490E-011   8.322450E+000   3.776745E-006   8.322454E+000  -8.322450E+000  -8.322451E+000   8.265523E-007
   24101      13     7.042254     7.633588   6.959155E-012   5.855862E+000   4.742596E-006   5.855868E+000  -5.855862E+000  -5.855863E+000   1.808114E-006
   24101      14     6.451613     7.042254   2.949030E-012   4.623329E+000   2.891813E-006   4.623335E+000  -4.623329E+000  -4.623332E+000   2.473815E-006
   24101      15     5.464481     6.451613  -1.429062E-011   4.925178E+000   3.163502E-006   4.925185E+000  -4.925178E+000  -4.925181E+000   3.892841E-006
   24101      16     4.950495     5.464481   2.232818E-012   1.310862E+000   8.697069E-003   1.333672E+000  -1.310862E+000  -1.324975E+000   1.411324E-002
   24101      17     3.333333     4.950495   3.485164E-013   7.387317E-001   1.687721E-001   1.120360E+000  -7.387317E-001  -9.515882E-001   2.128565E-001
   24201       1    40.000000 10000.000000  -4.296474E-011   1.843079E+001   9.670428E+000   2.046928E+001  -1.843079E+001  -1.079885E+001  -7.631938E+000
   24201       2    29.411765    40.000000  -3.331451E-010   2.059875E+001   2.317414E+000   2.120056E+001  -2.059875E+001  -1.888315E+001  -1.715601E+000
   24201       3    25.000000    29.411765  -4.386207E-010   1.684706E+001   8.183690E-001   1.709499E+001  -1.684706E+001  -1.627662E+001  -5.704427E-001
   24201       4    20.833333    25.000000  -5.847962E-010   2.469175E+001   5.066455E-001   2.486848E+001  -2.469175E+001  -2.436184E+001  -3.299127E-001
   24201       5    19.230769    20.833333  -6.421530E-013   1.275738E+001   1.171496E-001   1.280297E+001  -1.275738E+001  -1.268582E+001  -7.155612E-002
   24201       6    17.543860    19.230769  -2.508482E-011   1.582049E+001   2.643128E-001   1.594034E+001  -1.582049E+001  -1.567603E+001  -1.444651E-001
   24201       7    13.333333    17.543860   2.979590E-010   2.255405E+001   3.734891E+001   5.257623E+001  -2.255405E+001  -1.522733E+001  -7.326729E+000
   24201       8    11.627907    13.333333  -5.826539E-011   2.548454E+001   7.989919E-001   2.604977E+001  -2.548454E+001  -2.525078E+001  -2.337634E-001
   24201       9     9.009009    11.627907   1.221929E-010   4.019394E+001   1.936571E-001   4.037380E+001  -4.019394E+001  -4.018014E+001  -1.379612E-002
   24201      10     8.695652     9.009009   1.782130E-011   4.352808E+000   1.349116E-006   4.352809E+000  -4.352808E+000  -4.352808E+000  -7.011815E-008
   24201      11     8.333333     8.695652  -4.954298E-011   4.775951E+000   2.637151E-007   4.775951E+000  -4.775951E+000  -4.775951E+000   3.387116E-008
   24201      12     7.633588     8.333333  -3.089129E-011   8.271504E+000   3.783573E-006   8.271509E+000  -8.271504E+000  -8.271505E+000   7.908420E-007
   24201      13     7.042254     7.633588   6.907142E-012   5.816784E+000   4.719805E-006   5.816791E+000  -5.816784E+000  -5.816786E+000   1.807578E-006
   24201      14     6.451613     7.042254   2.925243E-012   4.589707E+000   2.860910E-006   4.589712E+000  -4.589707E+000  -4.589709E+000   2.478269E-006
   24201      15     5.464481     6.451613  -1.416114E-011   4.884688E+000   3.135078E-006   4.884695E+000  -4.884688E+000  -4.884692E+000   3.846152E-006
   24201      16     4.950495     5.464481   2.209496E-012   1.298393E+000   8.581960E-003   1.321008E+000  -1.298393E+000  -1.312426E+000   1.403270E-002
   24201      17     3.333333     4.950495   3.443617E-013   7.301641E-001   1.664813E-001   1.107788E+000  -7.301641E-001  -9.413069E-001   2.111429E-001
   24301       1    40.000000 10000.000000  -4.291500E-011   1.840129E+001   9.651933E+000   2.044152E+001  -1.840129E+001  -1.078959E+001  -7.611708E+000
   24301       2    29.411765    40.000000  -3.325429E-010   2.056106E+001   2.311644E+000   2.116337E+001  -2.056106E+001  -1.885173E+001  -1.709331E+000
   24301       3    25.000000    29.411765  -4.376810E-010   1.681253E+001   8.155176E-001   1.706047E+001  -1.681253E+001  -1.624495E+001  -5.675797E-001
   24301       4    20.833333    25.000000  -5.833432E-010   2.463498E+001   5.042230E-001   2.481149E+001  -2.463498E+001  -2.430727E+001  -3.277091E-001
   24301       5    19.230769    20.833333  -6.412648E-013   1.272502E+001   1.164032E-001   1.277049E+001  -1.272502E+001  -1.265409E+001  -7.093196E-002
   24301       6    17.543860    19.230769  -2.501110E-011   1.577779E+001   2.619368E-001   1.589694E+001  -1.577779E+001  -1.563500E+001  -1.427823E-001
   24301       7    13.333333    17.543860   2.968985E-010   2.247468E+001   3.718444E+001   5.240724E+001  -2.247468E+001  -1.522281E+001  -7.251877E+000
   24301       8    11.627907    13.333333  -5.800960E-011   2.538812E+001   7.897305E-001   2.594870E+001  -2.538812E+001  -2.515897E+001  -2.291461E-001
   24301       9     9.009009    11.627907   1.215534E-010   4.000724E+001   1.907793E-001   4.018509E+001  -4.000724E+001  -3.999431E+001  -1.292189E-002
   24301      10     8.695652     9.009009   1.771167E-011   4.329168E+000   1.326577E-006   4.329169E+000  -4.329168E+000  -4.329168E+000  -5.433774E-008
   24301      11     8.333333     8.695652  -4.922684E-011   4.748988E+000   2.849102E-007   4.748988E+000  -4.748988E+000  -4.748988E+000  -1.722972E-008
   24301      12     7.633588     8.333333  -3.068179E-011   8.221643E+000   3.764708E-006   8.221647E+000  -8.221643E+000  -8.221644E+000   7.909088E-007
   24301      13     7.042254     7.633588   6.856016E-012   5.778583E+000   4.683506E-006   5.778590E+000  -5.778583E+000  -5.778585E+000   1.834142E-006
   24301      14     6.451613     7.042254   2.901762E-012   4.556881E+000   2.829011E-006   4.556886E+000  -4.556881E+000  -4.556883E+000   2.483916E-006
   24301      15     5.464481     6.451613  -1.403364E-011   4.845233E+000   3.088202E-006   4.845240E+000  -4.845233E+000  -4.845237E+000   3.840129E-006
   24301      16     4.950495     5.464481   2.186553E-012   1.286273E+000   8.469372E-003   1.308698E+000  -1.286273E+000  -1.300229E+000   1.395581E-002
   24301      17     3.333333     4.950495   3.402712E-013   7.219331E-001   1.641440E-001   1.095612E+000  -7.219331E-001  -9.314679E-001   2.095348E-001
   24401       1    40.000000 10000.000000  -4.285283E-011   1.837216E+001   9.633775E+000   2.041405E+001  -1.837216E+001  -1.078028E+001  -7.591885E+000
   24401       2    29.411765    40.000000  -3.319514E-010   2.052403E+001   2.305990E+000   2.112686E+001  -2.052403E+001  -1.882087E+001  -1.703158E+000
   24401       3    25.000000    29.411765  -4.367600E-010   1.677860E+001   8.127243E-001   1.702656E+001  -1.677860E+001  -1.621384E+001  -5.647654E-001
   24401       4    20.833333    25.000000  -5.819256E-010   2.457946E+001   5.018388E-001   2.475576E+001  -2.457946E+001  -2.425393E+001  -3.255315E-001
   24401       5    19.230769    20.833333  -6.394885E-013   1.269330E+001   1.156742E-001   1.273864E+001  -1.269330E+001  -1.262297E+001  -7.032788E-002
   24401       6    17.543860    19.230769  -2.493561E-011   1.573622E+001   2.596229E-001   1.585471E+001  -1.573622E+001  -1.559509E+001  -1.411308E-001
   24401       7    13.333333    17.543860   2.958540E-010   2.239681E+001   3.702301E+001   5.224329E+001  -2.239681E+001  -1.522028E+001  -7.176525E+000
   24401       8    11.627907    13.333333  -5.776357E-011   2.529527E+001   7.807035E-001   2.585143E+001  -2.529527E+001  -2.507073E+001  -2.245451E-001
   24401       9     9.009009    11.627907   1.209246E-010   3.982911E+001   1.879794E-001   4.000507E+001  -3.982911E+001  -3.981709E+001  -1.201528E-002
   24401      10     8.695652     9.009009   1.760414E-011   4.306769E+000   1.310920E-006   4.306770E+000  -4.306769E+000  -4.306769E+000  -5.520389E-008
   24401      11     8.333333     8.695652  -4.891665E-011   4.723570E+000   2.684026E-007   4.723570E+000  -4.723570E+000  -4.723570E+000   1.383271E-008
   24401      12     7.633588     8.333333  -3.047540E-011   8.174818E+000   3.743010E-006   8.174822E+000  -8.174818E+000  -8.174819E+000   8.113579E-007
   24401      13     7.042254     7.633588   6.806000E-012   5.742931E+000   4.650226E-006   5.742938E+000  -5.742931E+000  -5.742933E+000   1.850897E-006
   24401      14     6.451613     7.042254   2.878642E-012   4.526459E+000   2.817466E-006   4.526464E+000  -4.526459E+000  -4.526461E+000   2.450863E-006
   24401      15     5.464481     6.451613  -1.390846E-011   4.809044E+000   3.035026E-006   4.809051E+000  -4.809044E+000  -4.809048E+000   3.854976E-006
   24401      16     4.950495     5.464481   2.164043E-012   1.275302E+000   8.359873E-003   1.297563E+000  -1.275302E+000  -1.289203E+000   1.390029E-002
   24401      17     3.333333     4.950495   3.362623E-013   7.145631E-001   1.618747E-001   1.084818E+000  -7.145631E-001  -9.229430E-001   2.083799E-001
   24501       1    40.000000 10000.000000  -4.280132E-011   1.834340E+001   9.615876E+000   2.038688E+001  -1.834340E+001  -1.077101E+001  -7.572394E+000
   24501       2    29.411765    40.000000  -3.313669E-010   2.048741E+001   2.300427E+000   2.109074E+001  -2.048741E+001  -1.879032E+001  -1.697098E+000
   24501       3    25.000000    29.411765  -4.358442E-010   1.674506E+001   8.099794E-001   1.699303E+001  -1.674506E+001  -1.618305E+001  -5.620067E-001
   24501       4    20.833333    25.000000  -5.805152E-010   2.452455E+001   4.994942E-001   2.470065E+001  -2.452455E+001  -2.420115E+001  -3.233977E-001
   24501       5    19.230769    20.833333  -6.359357E-013   1.266192E+001   1.149590E-001   1.270714E+001  -1.266192E+001  -1.259218E+001  -6.973791E-002
   24501       6    17.543860    19.230769  -2.486189E-011   1.569511E+001   2.573572E-001   1.581295E+001  -1.569511E+001  -1.555559E+001  -1.395212E-001
   24501       7    13.333333    17.543860   2.948202E-010   2.231984E+001   3.686488E+001   5.208114E+001  -2.231984E+001  -1.521627E+001  -7.103578E+000
   24501       8    11.627907    13.333333  -5.751133E-011   2.520345E+001   7.718675E-001   2.575523E+001  -2.520345E+001  -2.498336E+001  -2.200912E-001
   24501       9     9.009009    11.627907   1.203055E-010   3.965293E+001   1.852513E-001   3.982703E+001  -3.965293E+001  -3.964177E+001  -1.115857E-002
   24501      10     8.695652     9.009009   1.749778E-011   4.284616E+000   1.298585E-006   4.284617E+000  -4.284616E+000  -4.284616E+000  -6.567339E-008
   24501      11     8.333333     8.695652  -4.860973E-011   4.698431E+000   2.581710E-007   4.698431E+000  -4.698431E+000  -4.698431E+000   2.446084E-008
   24501      12     7.633588     8.333333  -3.027134E-011   8.128507E+000   3.704522E-006   8.128511E+000  -8.128507E+000  -8.128507E+000   8.545616E-007
   24501      13     7.042254     7.633588   6.756262E-012   5.707670E+000   4.615058E-006   5.707677E+000  -5.707670E+000  -5.707672E+000   1.882938E-006
   24501      14     6.451613     7.042254   2.855799E-012   4.496370E+000   2.782599E-006   4.496376E+000  -4.496370E+000  -4.496373E+000   2.464619E-006
   24501      15     5.464481     6.451613  -1.378464E-011   4.773251E+000   3.009946E-006   4.773258E+000  -4.773251E+000  -4.773255E+000   3.810726E-006
   24501      16     4.950495     5.464481   2.141759E-012   1.264453E+000   8.252809E-003   1.286549E+000  -1.264453E+000  -1.278296E+000   1.384329E-002
   24501      17     3.333333     4.950495   3.322898E-013   7.072091E-001   1.597953E-001   1.074142E+000  -7.072091E-001  -9.143466E-001   2.071375E-001
   24601       1    40.000000 10000.000000  -4.274980E-011   1.831499E+001   9.598346E+000   2.036002E+001  -1.831499E+001  -1.076167E+001  -7.553321E+000
   24601       2    29.411765    40.000000  -3.307914E-010   2.045122E+001   2.294979E+000   2.105503E+001  -2.045122E+001  -1.876005E+001  -1.691169E+000
   24601       3    25.000000    29.411765  -4.349427E-010   1.671188E+001   8.072912E-001   1.695987E+001  -1.671188E+001  -1.615257E+001  -5.593081E-001
   24601       4    20.833333    25.000000  -5.791225E-010   2.447026E+001   4.971829E-001   2.464614E+001  -2.447026E+001  -2.414896E+001  -3.213024E-001
   24601       5    19.230769    20.833333  -6.332712E-013   1.263089E+001   1.142539E-001   1.267599E+001  -1.263089E+001  -1.256174E+001  -6.915850E-002
   24601       6    17.543860    19.230769  -2.478906E-011   1.565444E+001   2.551476E-001   1.577164E+001  -1.565444E+001  -1.551649E+001  -1.379528E-001
   24601       7    13.333333    17.543860   2.938005E-010   2.224406E+001   3.670910E+001   5.192077E+001  -2.224406E+001  -1.521167E+001  -7.032388E+000
   24601       8    11.627907    13.333333  -5.726797E-011   2.511260E+001   7.632435E-001   2.566008E+001  -2.511260E+001  -2.489684E+001  -2.157660E-001
   24601       9     9.009009    11.627907   1.196900E-010   3.947867E+001   1.825964E-001   3.965094E+001  -3.947867E+001  -3.946834E+001  -1.032845E-002
   24601      10     8.695652     9.009009   1.739286E-011   4.262706E+000   1.277392E-006   4.262708E+000  -4.262706E+000  -4.262706E+000  -5.239641E-008
   24601      11     8.333333     8.695652  -4.830691E-011   4.673568E+000   2.573431E-007   4.673568E+000  -4.673568E+000  -4.673568E+000   2.183558E-008
   24601      12     7.633588     8.333333  -3.007028E-011   8.082704E+000   3.666824E-006   8.082709E+000  -8.082704E+000  -8.082705E+000   9.171821E-007
   24601      13     7.042254     7.633588   6.707579E-012   5.672797E+000   4.583971E-006   5.672803E+000  -5.672797E+000  -5.672799E+000   1.902709E-006
   24601      14     6.451613     7.042254   2.833372E-012   4.466613E+000   2.746682E-006   4.466618E+000  -4.466613E+000  -4.466615E+000   2.482713E-006
   24601      15     5.464481     6.451613  -1.366257E-011   4.737853E+000   2.963257E-006   4.737859E+000  -4.737853E+000  -4.737857E+000   3.819626E-006
   24601      16     4.950495     5.464481   2.119773E-012   1.253724E+000   8.148308E-003   1.275656E+000  -1.253724E+000  -1.267508E+000   1.378450E-002
   24601      17     3.333333     4.950495   3.283814E-013   6.999510E-001   1.577646E-001   1.063583E+000  -6.999510E-001  -9.058188E-001   2.058678E-001
   24701       1    40.000000 10000.000000  -4.269651E-011   1.828694E+001   9.581079E+000   2.033344E+001  -1.828694E+001  -1.075237E+001  -7.534572E+000
   24701       2    29.411765    40.000000  -3.302265E-010   2.041543E+001   2.289609E+000   2.101970E+001  -2.041543E+001  -1.873009E+001  -1.685340E+000
   24701       3    25.000000    29.411765  -4.340572E-010   1.667908E+001   8.046428E-001   1.692707E+001  -1.667908E+001  -1.612242E+001  -5.566572E-001
   24701       4    20.833333    25.000000  -5.777618E-010   2.441657E+001   4.949083E-001   2.459223E+001  -2.441657E+001  -2.409732E+001  -3.192465E-001
   24701       5    19.230769    20.833333  -6.350476E-013   1.260021E+001   1.135597E-001   1.264518E+001  -1.260021E+001  -1.253162E+001  -6.858926E-002
   24701       6    17.543860    19.230769  -2.471978E-011   1.561423E+001   2.529817E-001   1.573079E+001  -1.561423E+001  -1.547780E+001  -1.364210E-001
   24701       7    13.333333    17.543860   2.928022E-010   2.216958E+001   3.655548E+001   5.176217E+001  -2.216958E+001  -1.520669E+001  -6.962887E+000
   24701       8    11.627907    13.333333  -5.702994E-011   2.502275E+001   7.547917E-001   2.556598E+001  -2.502275E+001  -2.481119E+001  -2.115657E-001
   24701       9     9.009009    11.627907   1.190896E-010   3.930632E+001   1.800024E-001   3.947679E+001  -3.930632E+001  -3.929678E+001  -9.531296E-003
   24701      10     8.695652     9.009009   1.728989E-011   4.241038E+000   1.261652E-006   4.241039E+000  -4.241038E+000  -4.241038E+000  -4.720955E-008
   24701      11     8.333333     8.695652  -4.800949E-011   4.648979E+000   2.384763E-007   4.648979E+000  -4.648979E+000  -4.648979E+000   4.802778E-008
   24701      12     7.633588     8.333333  -2.987288E-011   8.037406E+000   3.673896E-006   8.037411E+000  -8.037406E+000  -8.037407E+000   8.765835E-007
   24701      13     7.042254     7.633588   6.659451E-012   5.638307E+000   4.549874E-006   5.638314E+000  -5.638307E+000  -5.638309E+000   1.923969E-006
   24701      14     6.451613     7.042254   2.811196E-012   4.437182E+000   2.728991E-006   4.437188E+000  -4.437182E+000  -4.437185E+000   2.465589E-006
   24701      15     5.464481     6.451613  -1.354261E-011   4.702844E+000   2.909172E-006   4.702850E+000  -4.702844E+000  -4.702847E+000   3.837888E-006
   24701      16     4.950495     5.464481   2.098197E-012   1.243114E+000   8.046341E-003   1.264884E+000  -1.243114E+000  -1.256837E+000   1.372390E-002
   24701      17     3.333333     4.950495   3.245303E-013   6.927829E-001   1.557689E-001   1.053141E+000  -6.927829E-001  -8.973722E-001   2.045893E-001
   24801       1    40.000000 10000.000000  -4.264678E-011   1.825922E+001   9.564128E+000   2.030716E+001  -1.825922E+001  -1.074304E+001  -7.516186E+000
   24801       2    29.411765    40.000000  -3.296741E-010   2.038005E+001   2.284341E+000   2.098477E+001  -2.038005E+001  -1.870043E+001  -1.679627E+000
   24801       3    25.000000    29.411765  -4.331868E-010   1.664664E+001   8.020473E-001   1.689463E+001  -1.664664E+001  -1.609258E+001  -5.540616E-001
   24801       4    20.833333    25.000000  -5.764154E-010   2.436347E+001   4.926673E-001   2.453891E+001  -2.436347E+001  -2.404624E+001  -3.172282E-001
   24801       5    19.230769    20.833333  -6.314949E-013   1.256986E+001   1.128784E-001   1.261471E+001  -1.256986E+001  -1.250183E+001  -6.803279E-002
   24801       6    17.543860    19.230769  -2.465050E-011   1.557444E+001   2.508678E-001   1.569038E+001  -1.557444E+001  -1.543952E+001  -1.349278E-001
   24801       7    13.333333    17.543860   2.918092E-010   2.209632E+001   3.640406E+001   5.160531E+001  -2.209632E+001  -1.520125E+001  -6.895070E+000
   24801       8    11.627907    13.333333  -5.679546E-011   2.493387E+001   7.465346E-001   2.547292E+001  -2.493387E+001  -2.472638E+001  -2.074856E-001
   24801       9     9.009009    11.627907   1.184990E-010   3.913585E+001   1.774809E-001   3.930456E+001  -3.913585E+001  -3.912707E+001  -8.771830E-003
   24801      10     8.695652     9.009009   1.718842E-011   4.219608E+000   1.240628E-006   4.219610E+000  -4.219608E+000  -4.219608E+000  -4.095304E-008
   24801      11     8.333333     8.695652  -4.771700E-011   4.624661E+000   2.502293E-007   4.624661E+000  -4.624661E+000  -4.624661E+000   1.860875E-008
   24801      12     7.633588     8.333333  -2.967826E-011   7.992608E+000   3.668435E-006   7.992612E+000  -7.992608E+000  -7.992608E+000   8.583514E-007
   24801      13     7.042254     7.633588   6.612377E-012   5.604198E+000   4.526543E-006   5.604205E+000  -5.604198E+000  -5.604200E+000   1.929488E-006
   24801      14     6.451613     7.042254   2.789463E-012   4.408077E+000   2.698337E-006   4.408082E+000  -4.408077E+000  -4.408079E+000   2.475013E-006
   24801      15     5.464481     6.451613  -1.342459E-011   4.668220E+000   2.877531E-006   4.668227E+000  -4.668220E+000  -4.668224E+000   3.813943E-006
   24801      16     4.950495     5.464481   2.076957E-012   1.232621E+000   7.946789E-003   1.254230E+000  -1.232621E+000  -1.246283E+000   1.366162E-002
   24801      17     3.333333     4.950495   3.207452E-013   6.857054E-001   1.538102E-001   1.042814E+000  -6.857054E-001  -8.890038E-001   2.032983E-001
   24901       1    40.000000 10000.000000  -4.258638E-011   1.823185E+001   9.547477E+000   2.028117E+001  -1.823185E+001  -1.073370E+001  -7.498149E+000
   24901       2    29.411765    40.000000  -3.291216E-010   2.034507E+001   2.279168E+000   2.095022E+001  -2.034507E+001  -1.867105E+001  -1.674024E+000
   24901       3    25.000000    29.411765  -4.323306E-010   1.661457E+001   7.994966E-001   1.686255E+001  -1.661457E+001  -1.606305E+001  -5.515159E-001
   24901       4    20.833333    25.000000  -5.751044E-010   2.431097E+001   4.904577E-001   2.448618E+001  -2.431097E+001  -2.399573E+001  -3.152448E-001
   24901       5    19.230769    20.833333  -6.306067E-013   1.253985E+001   1.122048E-001   1.258457E+001  -1.253985E+001  -1.247237E+001  -6.748489E-002
   24901       6    17.543860    19.230769  -2.458300E-011   1.553510E+001   2.487973E-001   1.565043E+001  -1.553510E+001  -1.540163E+001  -1.334691E-001
   24901       7    13.333333    17.543860   2.908500E-010   2.202423E+001   3.625492E+001   5.145019E+001  -2.202423E+001  -1.519527E+001  -6.828962E+000
   24901       8    11.627907    13.333333  -5.656275E-011   2.484595E+001   7.384507E-001   2.538088E+001  -2.484595E+001  -2.464243E+001  -2.035186E-001
   24901       9     9.009009    11.627907   1.179137E-010   3.896725E+001   1.750200E-001   3.913423E+001  -3.896725E+001  -3.895921E+001  -8.040208E-003
   24901      10     8.695652     9.009009   1.708877E-011   4.198415E+000   1.221784E-006   4.198417E+000  -4.198415E+000  -4.198415E+000  -2.710694E-008
   24901      11     8.333333     8.695652  -4.742962E-011   4.600611E+000   2.712121E-007   4.600612E+000  -4.600611E+000  -4.600611E+000  -2.946400E-008
   24901      12     7.633588     8.333333  -2.948775E-011   7.948303E+000   3.653417E-006   7.948308E+000  -7.948303E+000  -7.948304E+000   8.626758E-007
   24901      13     7.042254     7.633588   6.565748E-012   5.570465E+000   4.494212E-006   5.570472E+000  -5.570465E+000  -5.570467E+000   1.954021E-006
   24901      14     6.451613     7.042254   2.768091E-012   4.379292E+000   2.672394E-006   4.379297E+000  -4.379292E+000  -4.379295E+000   2.476618E-006
   24901      15     5.464481     6.451613  -1.330872E-011   4.633979E+000   2.820156E-006   4.633986E+000  -4.633979E+000  -4.633983E+000   3.844081E-006
   24901      16     4.950495     5.464481   2.056102E-012   1.222246E+000   7.849812E-003   1.243694E+000  -1.222246E+000  -1.235844E+000   1.359752E-002
   24901      17     3.333333     4.950495   3.170346E-013   6.787455E-001   1.519304E-001   1.032601E+000  -6.787455E-001  -8.806704E-001   2.019249E-001
   25001       1    40.000000 10000.000000  -4.253842E-011   1.820481E+001   9.531076E+000   2.025547E+001  -1.820481E+001  -1.072440E+001  -7.480413E+000
   25001       2    29.411765    40.000000  -3.285816E-010   2.031049E+001   2.274077E+000   2.091605E+001  -2.031049E+001  -1.864197E+001  -1.668518E+000
   25001       3    25.000000    29.411765  -4.314886E-010   1.658285E+001   7.969881E-001   1.683083E+001  -1.658285E+001  -1.603384E+001  -5.490168E-001
   25001       4    20.833333    25.000000  -5.738041E-010   2.425905E+001   4.882809E-001   2.443404E+001  -2.425905E+001  -2.394576E+001  -3.132969E-001
   25001       5    19.230769    20.833333  -6.288303E-013   1.251017E+001   1.115428E-001   1.255477E+001  -1.251017E+001  -1.244322E+001  -6.694800E-002
   25001       6    17.543860    19.230769  -2.451284E-011   1.549619E+001   2.467725E-001   1.561091E+001  -1.549619E+001  -1.536414E+001  -1.320456E-001
   25001       7    13.333333    17.543860   2.898979E-010   2.195321E+001   3.610758E+001   5.129678E+001  -2.195321E+001  -1.518920E+001  -6.764008E+000
   25001       8    11.627907    13.333333  -5.633538E-011   2.475899E+001   7.305400E-001   2.528987E+001  -2.475899E+001  -2.455933E+001  -1.996605E-001
   25001       9     9.009009    11.627907   1.173426E-010   3.880050E+001   1.726266E-001   3.896578E+001  -3.880050E+001  -3.879315E+001  -7.349497E-003
   25001      10     8.695652     9.009009   1.699074E-011   4.177456E+000   1.205411E-006   4.177458E+000  -4.177456E+000  -4.177456E+000  -1.840489E-008
   25001      11     8.333333     8.695652  -4.714662E-011   4.576827E+000   2.466794E-007   4.576828E+000  -4.576827E+000  -4.576827E+000   1.640084E-008
   25001      12     7.633588     8.333333  -2.929956E-011   7.904488E+000   3.612614E-006   7.904493E+000  -7.904488E+000  -7.904489E+000   9.263709E-007
   25001      13     7.042254     7.633588   6.519896E-012   5.537105E+000   4.464985E-006   5.537111E+000  -5.537105E+000  -5.537107E+000   1.970482E-006
   25001      14     6.451613     7.042254   2.747025E-012   4.350826E+000   2.651783E-006   4.350831E+000  -4.350826E+000  -4.350828E+000   2.466244E-006
   25001      15     5.464481     6.451613  -1.319450E-011   4.600117E+000   2.814052E-006   4.600123E+000  -4.600117E+000  -4.600120E+000   3.767007E-006
   25001      16     4.950495     5.464481   2.035559E-012   1.211987E+000   7.755280E-003   1.233274E+000  -1.211987E+000  -1.225518E+000   1.353163E-002
   25001      17     3.333333     4.950495   3.133778E-013   6.718748E-001   1.500850E-001   1.022500E+000  -6.718748E-001  -8.724154E-001   2.005406E-001
   25101       1    40.000000 10000.000000  -4.249223E-011   1.817809E+001   9.514967E+000   2.023005E+001  -1.817809E+001  -1.071509E+001  -7.463008E+000
   25101       2    29.411765    40.000000  -3.280487E-010   2.027630E+001   2.269071E+000   2.088226E+001  -2.027630E+001  -1.861319E+001  -1.663112E+000
   25101       3    25.000000    29.411765  -4.306600E-010   1.655149E+001   7.945246E-001   1.679945E+001  -1.655149E+001  -1.600493E+001  -5.465658E-001
   25101       4    20.833333    25.000000  -5.725163E-010   2.420772E+001   4.861366E-001   2.438247E+001  -2.420772E+001  -2.389633E+001  -3.113834E-001
   25101       5    19.230769    20.833333  -6.279421E-013   1.248082E+001   1.108922E-001   1.252529E+001  -1.248082E+001  -1.241440E+001  -6.642167E-002
   25101       6    17.543860    19.230769  -2.444711E-011   1.545770E+001   2.447952E-001   1.557183E+001  -1.545770E+001  -1.532704E+001  -1.306575E-001
   25101       7    13.333333    17.543860   2.889653E-010   2.188338E+001   3.596225E+001   5.114507E+001  -2.188338E+001  -1.518281E+001  -6.700570E+000
   25101       8    11.627907    13.333333  -5.611600E-011   2.467296E+001   7.228068E-001   2.519986E+001  -2.467296E+001  -2.447705E+001  -1.959084E-001
   25101       9     9.009009    11.627907   1.167928E-010   3.863558E+001   1.702910E-001   3.879919E+001  -3.863558E+001  -3.862890E+001  -6.676418E-003
   25101      10     8.695652     9.009009   1.689771E-011   4.156729E+000   1.180362E-006   4.156730E+000  -4.156729E+000  -4.156729E+000   2.422607E-009
   25101      11     8.333333     8.695652  -4.687861E-011   4.553306E+000   2.265433E-007   4.553307E+000  -4.553306E+000  -4.553306E+000   5.073613E-008
   25101      12     7.633588     8.333333  -2.912215E-011   7.861158E+000   3.601923E-006   7.861163E+000  -7.861158E+000  -7.861159E+000   9.186821E-007
   25101      13     7.042254     7.633588   6.477152E-012   5.504114E+000   4.432177E-006   5.504120E+000  -5.504114E+000  -5.504116E+000   1.996413E-006
   25101      14     6.451613     7.042254   2.727457E-012   4.322674E+000   2.611838E-006   4.322679E+000  -4.322674E+000  -4.322676E+000   2.494414E-006
   25101      15     5.464481     6.451613  -1.308950E-011   4.566628E+000   2.804214E-006   4.566635E+000  -4.566628E+000  -4.566632E+000   3.708676E-006
   25101      16     4.950495     5.464481   2.016918E-012   1.201842E+000   7.662837E-003   1.222969E+000  -1.201842E+000  -1.215306E+000   1.346458E-002
   25101      17     3.333333     4.950495   3.101061E-013   6.650590E-001   1.482742E-001   1.012512E+000  -6.650590E-001  -8.642375E-001   1.991785E-001
   25201       1    40.000000 10000.000000  -4.244072E-011   1.815171E+001   9.499117E+000   2.020492E+001  -1.815171E+001  -1.070580E+001  -7.445906E+000
   25201       2    29.411765    40.000000  -3.275140E-010   2.024250E+001   2.264147E+000   2.084885E+001  -2.024250E+001  -1.858470E+001  -1.657803E+000
   25201       3    25.000000    29.411765  -4.298260E-010   1.652048E+001   7.921001E-001   1.676842E+001  -1.652048E+001  -1.597632E+001  -5.441590E-001
   25201       4    20.833333    25.000000  -5.712426E-010   2.415695E+001   4.840231E-001   2.433147E+001  -2.415695E+001  -2.384745E+001  -3.095032E-001
   25201       5    19.230769    20.833333  -6.261658E-013   1.245180E+001   1.102495E-001   1.249615E+001  -1.245180E+001  -1.238590E+001  -6.590341E-002
   25201       6    17.543860    19.230769  -2.438227E-011   1.541963E+001   2.428560E-001   1.553319E+001  -1.541963E+001  -1.529033E+001  -1.292995E-001
   25201       7    13.333333    17.543860   2.880505E-010   2.181459E+001   3.581899E+001   5.099503E+001  -2.181459E+001  -1.517604E+001  -6.638543E+000
   25201       8    11.627907    13.333333  -5.589840E-011   2.458787E+001   7.152290E-001   2.511084E+001  -2.458787E+001  -2.439561E+001  -1.922594E-001
   25201       9     9.009009    11.627907   1.162572E-010   3.847247E+001   1.680056E-001   3.863445E+001  -3.847247E+001  -3.846644E+001  -6.022100E-003
   25201      10     8.695652     9.009009   1.680717E-011   4.136232E+000   1.178263E-006   4.136233E+000  -4.136232E+000  -4.136232E+000  -2.574151E-008
   25201      11     8.333333     8.695652  -4.661782E-011   4.530046E+000   2.411999E-007   4.530046E+000  -4.530046E+000  -4.530046E+000   1.282337E-008
   25201      12     7.633588     8.333333  -2.895029E-011   7.818307E+000   3.565080E-006   7.818312E+000  -7.818307E+000  -7.818308E+000   9.758453E-007
   25201      13     7.042254     7.633588   6.435630E-012   5.471488E+000   4.409371E-006   5.471494E+000  -5.471488E+000  -5.471490E+000   1.998996E-006
   25201      14     6.451613     7.042254   2.708583E-012   4.294834E+000   2.600482E-006   4.294839E+000  -4.294834E+000  -4.294836E+000   2.467061E-006
   25201      15     5.464481     6.451613  -1.298911E-011   4.533511E+000   2.759216E-006   4.533517E+000  -4.533511E+000  -4.533514E+000   3.714001E-006
   25201      16     4.950495     5.464481   1.999272E-012   1.191810E+000   7.572568E-003   1.212778E+000  -1.191810E+000  -1.205206E+000   1.339637E-002
   25201      17     3.333333     4.950495   3.070409E-013   6.583156E-001   1.465023E-001   1.002634E+000  -6.583156E-001  -8.561313E-001   1.978157E-001
   25301       1    40.000000 10000.000000  -4.238920E-011   1.812563E+001   9.483534E+000   2.018006E+001  -1.812563E+001  -1.069652E+001  -7.429108E+000
   25301       2    29.411765    40.000000  -3.269864E-010   2.020908E+001   2.259310E+000   2.081580E+001  -2.020908E+001  -1.855649E+001  -1.652591E+000
   25301       3    25.000000    29.411765  -4.290035E-010   1.648982E+001   7.897202E-001   1.673774E+001  -1.648982E+001  -1.594802E+001  -5.417982E-001
   25301       4    20.833333    25.000000  -5.699796E-010   2.410675E+001   4.819394E-001   2.428104E+001  -2.410675E+001  -2.379910E+001  -3.076550E-001
   25301       5    19.230769    20.833333  -6.243894E-013   1.242310E+001   1.096181E-001   1.246732E+001  -1.242310E+001  -1.235771E+001  -6.539587E-002
   25301       6    17.543860    19.230769  -2.431744E-011   1.538198E+001   2.409644E-001   1.549497E+001  -1.538198E+001  -1.525401E+001  -1.279751E-001
   25301       7    13.333333    17.543860   2.871392E-010   2.174671E+001   3.567771E+001   5.084666E+001  -2.174671E+001  -1.516895E+001  -6.577766E+000
   25301       8    11.627907    13.333333  -5.568879E-011   2.450369E+001   7.078281E-001   2.502281E+001  -2.450369E+001  -2.431499E+001  -1.887066E-001
   25301       9     9.009009    11.627907   1.157252E-010   3.831115E+001   1.657907E-001   3.847153E+001  -3.831115E+001  -3.830574E+001  -5.408567E-003
   25301      10     8.695652     9.009009   1.671779E-011   4.115961E+000   1.151845E-006   4.115962E+000  -4.115961E+000  -4.115961E+000   4.546584E-009
   25301      11     8.333333     8.695652  -4.636047E-011   4.507043E+000   2.404805E-007   4.507043E+000  -4.507043E+000  -4.507043E+000   1.223198E-008
   25301      12     7.633588     8.333333  -2.878098E-011   7.775932E+000   3.570671E-006   7.775936E+000  -7.775932E+000  -7.775933E+000   9.364113E-007
   25301      13     7.042254     7.633588   6.394940E-012   5.439223E+000   4.376659E-006   5.439230E+000  -5.439223E+000  -5.439225E+000   2.022650E-006
   25301      14     6.451613     7.042254   2.689932E-012   4.267302E+000   2.574004E-006   4.267307E+000  -4.267302E+000  -4.267305E+000   2.473542E-006
   25301      15     5.464481     6.451613  -1.288999E-011   4.500760E+000   2.719595E-006   4.500767E+000  -4.500760E+000  -4.500764E+000   3.715276E-006
   25301      16     4.950495     5.464481   1.981856E-012   1.181890E+000   7.484503E-003   1.202701E+000  -1.181890E+000  -1.195216E+000   1.332671E-002
   25301      17     3.333333     4.950495   3.040190E-013   6.516592E-001   1.447664E-001   9.928651E-001  -6.516592E-001  -8.480987E-001   1.964395E-001
   25401       1    40.000000 10000.000000  -4.234302E-011   1.809987E+001   9.468186E+000   2.015548E+001  -1.809987E+001  -1.068729E+001  -7.412585E+000
   25401       2    29.411765    40.000000  -3.264713E-010   2.017604E+001   2.254548E+000   2.078312E+001  -2.017604E+001  -1.852858E+001  -1.647466E+000
   25401       3    25.000000    29.411765  -4.281935E-010   1.645950E+001   7.873787E-001   1.670740E+001  -1.645950E+001  -1.592002E+001  -5.394790E-001
   25401       4    20.833333    25.000000  -5.687397E-010   2.405712E+001   4.798854E-001   2.423117E+001  -2.405712E+001  -2.375128E+001  -3.058381E-001
   25401       5    19.230769    20.833333  -6.208367E-013   1.239472E+001   1.089963E-001   1.243882E+001  -1.239472E+001  -1.232982E+001  -6.489756E-002
   25401       6    17.543860    19.230769  -2.425438E-011   1.534475E+001   2.391077E-001   1.545718E+001  -1.534475E+001  -1.521807E+001  -1.266794E-001
   25401       7    13.333333    17.543860   2.862546E-010   2.167985E+001   3.553819E+001   5.069993E+001  -2.167985E+001  -1.516174E+001  -6.518109E+000
   25401       8    11.627907    13.333333  -5.547562E-011   2.442044E+001   7.005670E-001   2.493576E+001  -2.442044E+001  -2.423519E+001  -1.852500E-001
   25401       9     9.009009    11.627907   1.152047E-010   3.815162E+001   1.636182E-001   3.831043E+001  -3.815162E+001  -3.814681E+001  -4.808301E-003
   25401      10     8.695652     9.009009   1.662970E-011   4.095915E+000   1.144307E-006   4.095917E+000  -4.095915E+000  -4.095915E+000  -6.727099E-009
   25401      11     8.333333     8.695652  -4.610673E-011   4.484296E+000   2.312846E-007   4.484296E+000  -4.484296E+000  -4.484296E+000   2.494009E-008
   25401      12     7.633588     8.333333  -2.861389E-011   7.734026E+000   3.552710E-006   7.734031E+000  -7.734026E+000  -7.734027E+000   9.445027E-007
   25401      13     7.042254     7.633588   6.354639E-012   5.407317E+000   4.365694E-006   5.407323E+000  -5.407317E+000  -5.407319E+000   2.004577E-006
   25401      14     6.451613     7.042254   2.671752E-012   4.240076E+000   2.557644E-006   4.240081E+000  -4.240076E+000  -4.240079E+000   2.453459E-006
   25401      15     5.464481     6.451613  -1.279238E-011   4.468373E+000   2.701382E-006   4.468379E+000  -4.468373E+000  -4.468377E+000   3.676036E-006
   25401      16     4.950495     5.464481   1.964689E-012   1.172081E+000   7.398458E-003   1.192735E+000  -1.172081E+000  -1.185337E+000   1.325597E-002
   25401      17     3.333333     4.950495   3.010422E-013   6.450856E-001   1.430587E-001   9.832048E-001  -6.450856E-001  -8.401462E-001   1.950606E-001
   25501       1    40.000000 10000.000000  -4.229506E-011   1.807443E+001   9.453087E+000   2.013117E+001  -1.807443E+001  -1.067808E+001  -7.396345E+000
   25501       2    29.411765    40.000000  -3.259544E-010   2.014338E+001   2.249857E+000   2.075081E+001  -2.014338E+001  -1.850095E+001  -1.642428E+000
   25501       3    25.000000    29.411765  -4.273986E-010   1.642952E+001   7.850718E-001   1.667739E+001  -1.642952E+001  -1.589232E+001  -5.371992E-001
   25501       4    20.833333    25.000000  -5.675176E-010   2.400804E+001   4.778611E-001   2.418185E+001  -2.400804E+001  -2.370399E+001  -3.040515E-001
   25501       5    19.230769    20.833333  -6.217249E-013   1.236666E+001   1.083829E-001   1.241063E+001  -1.236666E+001  -1.230225E+001  -6.440700E-002
   25501       6    17.543860    19.230769  -2.418954E-011   1.530793E+001   2.372966E-001   1.541981E+001  -1.530793E+001  -1.518251E+001  -1.254153E-001
   25501       7    13.333333    17.543860   2.853699E-010   2.161388E+001   3.540052E+001   5.055484E+001  -2.161388E+001  -1.515432E+001  -6.459569E+000
   25501       8    11.627907    13.333333  -5.526690E-011   2.433808E+001   6.934789E-001   2.484968E+001  -2.433808E+001  -2.415620E+001  -1.818830E-001
   25501       9     9.009009    11.627907   1.146887E-010   3.799383E+001   1.615087E-001   3.815111E+001  -3.799383E+001  -3.798960E+001  -4.235523E-003
   25501      10     8.695652     9.009009   1.654288E-011   4.076092E+000   1.120423E-006   4.076093E+000  -4.076092E+000  -4.076092E+000   1.416941E-008
   25501      11     8.333333     8.695652  -4.585682E-011   4.461801E+000   2.286914E-007   4.461801E+000  -4.461801E+000  -4.461801E+000   2.394124E-008
   25501      12     7.633588     8.333333  -2.844935E-011   7.692586E+000   3.508653E-006   7.692590E+000  -7.692586E+000  -7.692587E+000   1.017036E-006
   25501      13     7.042254     7.633588   6.315115E-012   5.375765E+000   4.333021E-006   5.375771E+000  -5.375765E+000  -5.375767E+000   2.027751E-006
   25501      14     6.451613     7.042254   2.653655E-012   4.213153E+000   2.527624E-006   4.213158E+000  -4.213153E+000  -4.213155E+000   2.466883E-006
   25501      15     5.464481     6.451613  -1.269598E-011   4.436345E+000   2.660222E-006   4.436352E+000  -4.436345E+000  -4.436349E+000   3.675106E-006
   25501      16     4.950495     5.464481   1.947761E-012   1.162381E+000   7.314264E-003   1.182880E+000  -1.162381E+000  -1.175566E+000   1.318453E-002
   25501      17     3.333333     4.950495   2.981053E-013   6.385948E-001   1.413822E-001   9.736519E-001  -6.385948E-001  -8.322697E-001   1.936749E-001
   25601       1    40.000000 10000.000000  -4.224177E-011   1.804927E+001   9.438259E+000   2.010713E+001  -1.804927E+001  -1.066887E+001  -7.380403E+000
   25601       2    29.411765    40.000000  -3.254534E-010   2.011108E+001   2.245251E+000   2.071885E+001  -2.011108E+001  -1.847360E+001  -1.637482E+000
   25601       3    25.000000    29.411765  -4.266143E-010   1.639988E+001   7.828097E-001   1.664772E+001  -1.639988E+001  -1.586491E+001  -5.349641E-001
   25601       4    20.833333    25.000000  -5.663043E-010   2.395951E+001   4.758648E-001   2.413308E+001  -2.395951E+001  -2.365721E+001  -3.022944E-001
   25601       5    19.230769    20.833333  -6.172840E-013   1.233890E+001   1.077799E-001   1.238276E+001  -1.233890E+001  -1.227498E+001  -6.392581E-002
   25601       6    17.543860    19.230769  -2.412737E-011   1.527151E+001   2.355180E-001   1.538285E+001  -1.527151E+001  -1.514733E+001  -1.241775E-001
   25601       7    13.333333    17.543860   2.844960E-010   2.154887E+001   3.526451E+001   5.041135E+001  -2.154887E+001  -1.514684E+001  -6.402035E+000
   25601       8    11.627907    13.333333  -5.506084E-011   2.425663E+001   6.865205E-001   2.476455E+001  -2.425663E+001  -2.407803E+001  -1.786053E-001
   25601       9     9.009009    11.627907   1.141789E-010   3.783780E+001   1.594444E-001   3.799356E+001  -3.783780E+001  -3.783411E+001  -3.687299E-003
   25601      10     8.695652     9.009009   1.645734E-011   4.056490E+000   1.095055E-006   4.056491E+000  -4.056490E+000  -4.056490E+000   4.445798E-008
   25601      11     8.333333     8.695652  -4.561040E-011   4.439556E+000   2.357436E-007   4.439556E+000  -4.439556E+000  -4.439556E+000   3.980817E-009
   25601      12     7.633588     8.333333  -2.828682E-011   7.651606E+000   3.504403E-006   7.651610E+000  -7.651606E+000  -7.651607E+000   9.965202E-007
   25601      13     7.042254     7.633588   6.275869E-012   5.344563E+000   4.320078E-006   5.344569E+000  -5.344563E+000  -5.344565E+000   2.013089E-006
   25601      14     6.451613     7.042254   2.635892E-012   4.186528E+000   2.518084E-006   4.186533E+000  -4.186528E+000  -4.186530E+000   2.441194E-006
   25601      15     5.464481     6.451613  -1.260120E-011   4.404674E+000   2.622347E-006   4.404680E+000  -4.404674E+000  -4.404677E+000   3.676049E-006
   25601      16     4.950495     5.464481   1.931091E-012   1.152790E+000   7.231776E-003   1.173134E+000  -1.152790E+000  -1.165902E+000   1.311249E-002
   25601      17     3.333333     4.950495   2.952118E-013   6.322229E-001   1.396868E-001   9.642050E-001  -6.322229E-001  -8.245182E-001   1.922953E-001
   25701       1    40.000000 10000.000000  -4.220091E-011   1.802442E+001   9.423628E+000   2.008335E+001  -1.802442E+001  -1.065973E+001  -7.364698E+000
   25701       2    29.411765    40.000000  -3.249578E-010   2.007915E+001   2.240709E+000   2.068725E+001  -2.007915E+001  -1.844654E+001  -1.632612E+000
   25701       3    25.000000    29.411765  -4.258389E-010   1.637056E+001   7.805804E-001   1.661838E+001  -1.637056E+001  -1.583780E+001  -5.327657E-001
   25701       4    20.833333    25.000000  -5.651248E-010   2.391152E+001   4.738975E-001   2.408485E+001  -2.391152E+001  -2.361095E+001  -3.005673E-001
   25701       5    19.230769    20.833333  -6.172840E-013   1.231146E+001   1.071866E-001   1.235519E+001  -1.231146E+001  -1.224801E+001  -6.345375E-002
   25701       6    17.543860    19.230769  -2.406697E-011   1.523549E+001   2.337827E-001   1.534630E+001  -1.523549E+001  -1.511252E+001  -1.229700E-001
   25701       7    13.333333    17.543860   2.836451E-010   2.148474E+001   3.513023E+001   5.026946E+001  -2.148474E+001  -1.513924E+001  -6.345503E+000
   25701       8    11.627907    13.333333  -5.485923E-011   2.417605E+001   6.797259E-001   2.468037E+001  -2.417605E+001  -2.400064E+001  -1.754139E-001
   25701       9     9.009009    11.627907   1.136788E-010   3.768348E+001   1.574313E-001   3.783776E+001  -3.768348E+001  -3.768033E+001  -3.149564E-003
   25701      10     8.695652     9.009009   1.637301E-011   4.037105E+000   1.094943E-006   4.037106E+000  -4.037105E+000  -4.037105E+000   1.815669E-008
   25701      11     8.333333     8.695652  -4.536743E-011   4.417558E+000   2.264264E-007   4.417558E+000  -4.417558E+000  -4.417558E+000   1.685721E-008
   25701      12     7.633588     8.333333  -2.812661E-011   7.611082E+000   3.490488E-006   7.611086E+000  -7.611082E+000  -7.611083E+000   1.006099E-006
   25701      13     7.042254     7.633588   6.237177E-012   5.313708E+000   4.284901E-006   5.313714E+000  -5.313708E+000  -5.313710E+000   2.041125E-006
   25701      14     6.451613     7.042254   2.618350E-012   4.160199E+000   2.485258E-006   4.160204E+000  -4.160199E+000  -4.160202E+000   2.457804E-006
   25701      15     5.464481     6.451613  -1.250766E-011   4.373354E+000   2.611212E-006   4.373360E+000  -4.373354E+000  -4.373357E+000   3.624572E-006
   25701      16     4.950495     5.464481   1.914642E-012   1.143306E+000   7.151253E-003   1.163497E+000  -1.143306E+000  -1.156346E+000   1.303940E-002
   25701      17     3.333333     4.950495   2.923564E-013   6.259467E-001   1.379946E-001   9.548632E-001  -6.259467E-001  -8.168686E-001   1.909219E-001
   25801       1    40.000000 10000.000000  -4.215650E-011   1.799987E+001   9.409229E+000   2.005985E+001  -1.799987E+001  -1.065062E+001  -7.349257E+000
   25801       2    29.411765    40.000000  -3.244693E-010   2.004759E+001   2.236240E+000   2.065600E+001  -2.004759E+001  -1.841976E+001  -1.627826E+000
   25801       3    25.000000    29.411765  -4.250751E-010   1.634158E+001   7.783852E-001   1.658936E+001  -1.634158E+001  -1.581098E+001  -5.306048E-001
   25801       4    20.833333    25.000000  -5.639507E-010   2.386406E+001   4.719568E-001   2.403715E+001  -2.386406E+001  -2.356520E+001  -2.988677E-001
   25801       5    19.230769    20.833333  -6.172840E-013   1.228432E+001   1.065999E-001   1.232794E+001  -1.228432E+001  -1.222134E+001  -6.298808E-002
   25801       6    17.543860    19.230769  -2.400480E-011   1.519987E+001   2.320780E-001   1.531016E+001  -1.519987E+001  -1.507808E+001  -1.217870E-001
   25801       7    13.333333    17.543860   2.827996E-010   2.142150E+001   3.499769E+001   5.012915E+001  -2.142150E+001  -1.513146E+001  -6.290037E+000
   25801       8    11.627907    13.333333  -5.466028E-011   2.409637E+001   6.730588E-001   2.459712E+001  -2.409637E+001  -2.392406E+001  -1.723062E-001
   25801       9     9.009009    11.627907   1.131850E-010   3.753087E+001   1.554606E-001   3.768369E+001  -3.753087E+001  -3.752823E+001  -2.631220E-003
   25801      10     8.695652     9.009009   1.628980E-011   4.017935E+000   1.076207E-006   4.017936E+000  -4.017935E+000  -4.017935E+000   2.865274E-008
   25801      11     8.333333     8.695652  -4.512762E-011   4.395805E+000   2.221694E-007   4.395805E+000  -4.395805E+000  -4.395805E+000   2.623573E-008
   25801      12     7.633588     8.333333  -2.796896E-011   7.571008E+000   3.476607E-006   7.571012E+000  -7.571008E+000  -7.571009E+000   1.001726E-006
   25801      13     7.042254     7.633588   6.199319E-012   5.283197E+000   4.256776E-006   5.283203E+000  -5.283197E+000  -5.283199E+000   2.063839E-006
   25801      14     6.451613     7.042254   2.601031E-012   4.134163E+000   2.463599E-006   4.134168E+000  -4.134163E+000  -4.134166E+000   2.451936E-006
   25801      15     5.464481     6.451613  -1.241532E-011   4.342383E+000   2.572392E-006   4.342389E+000  -4.342383E+000  -4.342386E+000   3.628742E-006
   25801      16     4.950495     5.464481   1.898433E-012   1.133929E+000   7.072559E-003   1.153967E+000  -1.133929E+000  -1.146894E+000   1.296556E-002
   25801      17     3.333333     4.950495   2.895410E-013   6.197462E-001   1.363311E-001   9.456253E-001  -6.197462E-001  -8.092942E-001   1.895480E-001
   25901       1    40.000000 10000.000000  -4.210499E-011   1.797561E+001   9.395103E+000   2.003662E+001  -1.797561E+001  -1.064152E+001  -7.334093E+000
   25901       2    29.411765    40.000000  -3.239879E-010   2.001647E+001   2.231847E+000   2.062521E+001  -2.001647E+001  -1.839336E+001  -1.623109E+000
   25901       3    25.000000    29.411765  -4.243184E-010   1.631302E+001   7.762313E-001   1.656077E+001  -1.631302E+001  -1.578454E+001  -5.284791E-001
   25901       4    20.833333    25.000000  -5.627889E-010   2.381732E+001   4.700440E-001   2.399018E+001  -2.381732E+001  -2.352013E+001  -2.971914E-001
   25901       5    19.230769    20.833333  -6.146195E-013   1.225770E+001   1.060241E-001   1.230120E+001  -1.225770E+001  -1.219517E+001  -6.252918E-002
   25901       6    17.543860    19.230769  -2.394529E-011   1.516480E+001   2.304118E-001   1.527459E+001  -1.516480E+001  -1.504418E+001  -1.206279E-001
   25901       7    13.333333    17.543860   2.819665E-010   2.135922E+001   3.486776E+001   4.999180E+001  -2.135922E+001  -1.512404E+001  -6.235178E+000
   25901       8    11.627907    13.333333  -5.446310E-011   2.401863E+001   6.665375E-001   2.451594E+001  -2.401863E+001  -2.384940E+001  -1.692291E-001
   25901       9     9.009009    11.627907   1.126974E-010   3.738273E+001   1.535445E-001   3.753415E+001  -3.738273E+001  -3.738061E+001  -2.120344E-003
   25901      10     8.695652     9.009009   1.620770E-011   3.999427E+000   1.080000E-006   3.999428E+000  -3.999427E+000  -3.999427E+000  -2.984189E-009
   25901      11     8.333333     8.695652  -4.489137E-011   4.374788E+000   2.229603E-007   4.374788E+000  -4.374788E+000  -4.374788E+000   1.091367E-008
   25901      12     7.633588     8.333333  -2.781331E-011   7.532422E+000   3.454213E-006   7.532427E+000  -7.532422E+000  -7.532423E+000   1.026012E-006
   25901      13     7.042254     7.633588   6.161960E-012   5.253911E+000   4.223523E-006   5.253917E+000  -5.253911E+000  -5.253913E+000   2.089259E-006
   25901      14     6.451613     7.042254   2.583989E-012   4.109252E+000   2.460936E-006   4.109257E+000  -4.109252E+000  -4.109254E+000   2.411824E-006
   25901      15     5.464481     6.451613  -1.232439E-011   4.312915E+000   2.561646E-006   4.312921E+000  -4.312915E+000  -4.312919E+000   3.572229E-006
   25901      16     4.950495     5.464481   1.882432E-012   1.125068E+000   6.995246E-003   1.144965E+000  -1.125068E+000  -1.137969E+000   1.290124E-002
   25901      17     3.333333     4.950495   2.867689E-013   6.138619E-001   1.348141E-001   9.369819E-001  -6.138619E-001  -8.021678E-001   1.883059E-001
   26001       1    40.000000 10000.000000  -4.206235E-011   1.795166E+001   9.381166E+000   2.001368E+001  -1.795166E+001  -1.063251E+001  -7.319145E+000
   26001       2    29.411765    40.000000  -3.235030E-010   1.998583E+001   2.227516E+000   2.059489E+001  -1.998583E+001  -1.836738E+001  -1.618448E+000
   26001       3    25.000000    29.411765  -4.235803E-010   1.628489E+001   7.741086E-001   1.653262E+001  -1.628489E+001  -1.575851E+001  -5.263810E-001
   26001       4    20.833333    25.000000  -5.616485E-010   2.377132E+001   4.681590E-001   2.394394E+001  -2.377132E+001  -2.347578E+001  -2.955379E-001
   26001       5    19.230769    20.833333  -6.110668E-013   1.223164E+001   1.054575E-001   1.227502E+001  -1.223164E+001  -1.216956E+001  -6.207567E-002
   26001       6    17.543860    19.230769  -2.388756E-011   1.513032E+001   2.287804E-001   1.523961E+001  -1.513032E+001  -1.501083E+001  -1.194907E-001
   26001       7    13.333333    17.543860   2.811440E-010   2.129795E+001   3.474000E+001   4.985770E+001  -2.129795E+001  -1.511769E+001  -6.180262E+000
   26001       8    11.627907    13.333333  -5.426948E-011   2.394309E+001   6.601522E-001   2.443707E+001  -2.394309E+001  -2.377692E+001  -1.661700E-001
   26001       9     9.009009    11.627907   1.122205E-010   3.723974E+001   1.516763E-001   3.738981E+001  -3.723974E+001  -3.723813E+001  -1.605592E-003
   26001      10     8.695652     9.009009   1.612710E-011   3.981688E+000   1.063447E-006   3.981690E+000  -3.981688E+000  -3.981689E+000   1.044765E-008
   26001      11     8.333333     8.695652  -4.465905E-011   4.354627E+000   2.184212E-007   4.354627E+000  -4.354627E+000  -4.354627E+000   1.599784E-008
   26001      12     7.633588     8.333333  -2.765999E-011   7.495579E+000   3.455237E-006   7.495584E+000  -7.495579E+000  -7.495580E+000   1.000288E-006
   26001      13     7.042254     7.633588   6.124934E-012   5.226070E+000   4.209568E-006   5.226076E+000  -5.226070E+000  -5.226072E+000   2.079748E-006
   26001      14     6.451613     7.042254   2.567307E-012   4.085672E+000   2.431664E-006   4.085677E+000  -4.085672E+000  -4.085674E+000   2.426621E-006
   26001      15     5.464481     6.451613  -1.223491E-011   4.285242E+000   2.519809E-006   4.285249E+000  -4.285242E+000  -4.285246E+000   3.600385E-006
   26001      16     4.950495     5.464481   1.866719E-012   1.116829E+000   6.919531E-003   1.136597E+000  -1.116829E+000  -1.129678E+000   1.284846E-002
   26001      17     3.333333     4.950495   2.840384E-013   6.084316E-001   1.333354E-001   9.290580E-001  -6.084316E-001  -7.957225E-001   1.872910E-001
   26101       1    40.000000 10000.000000  -4.201794E-011   1.792799E+001   9.367437E+000   1.999098E+001  -1.792799E+001  -1.062354E+001  -7.304446E+000
   26101       2    29.411765    40.000000  -3.230376E-010   1.995552E+001   2.223250E+000   2.056490E+001  -1.995552E+001  -1.834165E+001  -1.613868E+000
   26101       3    25.000000    29.411765  -4.228502E-010   1.625707E+001   7.720178E-001   1.650477E+001  -1.625707E+001  -1.573275E+001  -5.243194E-001
   26101       4    20.833333    25.000000  -5.605330E-010   2.372581E+001   4.663005E-001   2.389820E+001  -2.372581E+001  -2.343190E+001  -2.939125E-001
   26101       5    19.230769    20.833333  -6.110668E-013   1.220585E+001   1.048981E-001   1.224912E+001  -1.220585E+001  -1.214423E+001  -6.162947E-002
   26101       6    17.543860    19.230769  -2.382805E-011   1.509620E+001   2.271780E-001   1.520500E+001  -1.509620E+001  -1.497783E+001  -1.183775E-001
   26101       7    13.333333    17.543860   2.803358E-010   2.123754E+001   3.461412E+001   4.972503E+001  -2.123754E+001  -1.511091E+001  -6.126631E+000
   26101       8    11.627907    13.333333  -5.408207E-011   2.386836E+001   6.538875E-001   2.435905E+001  -2.386836E+001  -2.370517E+001  -1.631940E-001
   26101       9     9.009009    11.627907   1.117488E-010   3.709825E+001   1.498380E-001   3.724700E+001  -3.709825E+001  -3.709716E+001  -1.091423E-003
   26101      10     8.695652     9.009009   1.604744E-011   3.964139E+000   1.045668E-006   3.964140E+000  -3.964139E+000  -3.964139E+000   2.370247E-008
   26101      11     8.333333     8.695652  -4.442996E-011   4.334680E+000   2.114474E-007   4.334681E+000  -4.334680E+000  -4.334680E+000   3.413340E-008
   26101      12     7.633588     8.333333  -2.750933E-011   7.459130E+000   3.416288E-006   7.459134E+000  -7.459130E+000  -7.459131E+000   1.060501E-006
   26101      13     7.042254     7.633588   6.088907E-012   5.198526E+000   4.179616E-006   5.198532E+000  -5.198526E+000  -5.198528E+000   2.104642E-006
   26101      14     6.451613     7.042254   2.550626E-012   4.062344E+000   2.419421E-006   4.062348E+000  -4.062344E+000  -4.062346E+000   2.409463E-006
   26101      15     5.464481     6.451613  -1.214676E-011   4.257865E+000   2.481577E-006   4.257871E+000  -4.257865E+000  -4.257868E+000   3.609342E-006
   26101      16     4.950495     5.464481   1.851214E-012   1.108679E+000   6.845570E-003   1.128319E+000  -1.108679E+000  -1.121473E+000   1.279464E-002
   26101      17     3.333333     4.950495   2.813496E-013   6.030655E-001   1.318838E-001   9.212186E-001  -6.030655E-001  -7.893348E-001   1.862693E-001
   26201       1    40.000000 10000.000000  -4.197531E-011   1.790458E+001   9.353976E+000   1.996852E+001  -1.790458E+001  -1.061455E+001  -7.290038E+000
   26201       2    29.411765    40.000000  -3.225757E-010   1.992554E+001   2.219059E+000   2.053523E+001  -1.992554E+001  -1.831617E+001  -1.609371E+000
   26201       3    25.000000    29.411765  -4.221281E-010   1.622955E+001   7.699657E-001   1.647722E+001  -1.622955E+001  -1.570725E+001  -5.222981E-001
   26201       4    20.833333    25.000000  -5.594210E-010   2.368079E+001   4.644688E-001   2.385294E+001  -2.368079E+001  -2.338848E+001  -2.923148E-001
   26201       5    19.230769    20.833333  -6.110668E-013   1.218035E+001   1.043484E-001   1.222350E+001  -1.218035E+001  -1.211915E+001  -6.119160E-002
   26201       6    17.543860    19.230769  -2.377121E-011   1.506245E+001   2.256160E-001   1.517077E+001  -1.506245E+001  -1.494515E+001  -1.172925E-001
   26201       7    13.333333    17.543860   2.795382E-010   2.117791E+001   3.448999E+001   4.959377E+001  -2.117791E+001  -1.510379E+001  -6.074125E+000
   26201       8    11.627907    13.333333  -5.389200E-011   2.379439E+001   6.477734E-001   2.428187E+001  -2.379439E+001  -2.363409E+001  -1.602960E-001
   26201       9     9.009009    11.627907   1.112834E-010   3.695826E+001   1.480521E-001   3.710572E+001  -3.695826E+001  -3.695766E+001  -5.998410E-004
   26201      10     8.695652     9.009009   1.596900E-011   3.946777E+000   1.036355E-006   3.946778E+000  -3.946777E+000  -3.946777E+000   1.733007E-008
   26201      11     8.333333     8.695652  -4.420408E-011   4.314947E+000   2.314630E-007   4.314948E+000  -4.314947E+000  -4.314947E+000  -1.850017E-008
   26201      12     7.633588     8.333333  -2.736067E-011   7.423069E+000   3.411119E-006   7.423074E+000  -7.423069E+000  -7.423071E+000   1.052549E-006
   26201      13     7.042254     7.633588   6.052825E-012   5.171276E+000   4.145767E-006   5.171283E+000  -5.171276E+000  -5.171278E+000   2.140151E-006
   26201      14     6.451613     7.042254   2.534417E-012   4.039264E+000   2.382850E-006   4.039269E+000  -4.039264E+000  -4.039267E+000   2.441678E-006
   26201      15     5.464481     6.451613  -1.205977E-011   4.230780E+000   2.465566E-006   4.230786E+000  -4.230780E+000  -4.230783E+000   3.575607E-006
   26201      16     4.950495     5.464481   1.835920E-012   1.100616E+000   6.773213E-003   1.120129E+000  -1.100616E+000  -1.113356E+000   1.273992E-002
   26201      17     3.333333     4.950495   2.786972E-013   5.977607E-001   1.304556E-001   9.134630E-001  -5.977607E-001  -7.830074E-001   1.852467E-001
   26301       1    40.000000 10000.000000  -4.192913E-011   1.788145E+001   9.340706E+000   1.994631E+001  -1.788145E+001  -1.060560E+001  -7.275855E+000
   26301       2    29.411765    40.000000  -3.221192E-010   1.989590E+001   2.214927E+000   2.050588E+001  -1.989590E+001  -1.829095E+001  -1.604947E+000
   26301       3    25.000000    29.411765  -4.214193E-010   1.620232E+001   7.679445E-001   1.644996E+001  -1.620232E+001  -1.568201E+001  -5.203113E-001
   26301       4    20.833333    25.000000  -5.583285E-010   2.363625E+001   4.626631E-001   2.380817E+001  -2.363625E+001  -2.334551E+001  -2.907439E-001
   26301       5    19.230769    20.833333  -6.092904E-013   1.215511E+001   1.038072E-001   1.219816E+001  -1.215511E+001  -1.209435E+001  -6.076169E-002
   26301       6    17.543860    19.230769  -2.371703E-011   1.502905E+001   2.240796E-001   1.513690E+001  -1.502905E+001  -1.491282E+001  -1.162290E-001
   26301       7    13.333333    17.543860   2.787566E-010   2.111910E+001   3.436757E+001   4.946393E+001  -2.111910E+001  -1.509636E+001  -6.022742E+000
   26301       8    11.627907    13.333333  -5.370637E-011   2.372122E+001   6.417642E-001   2.420551E+001  -2.372122E+001  -2.356374E+001  -1.574744E-001
   26301       9     9.009009    11.627907   1.108216E-010   3.681978E+001   1.463103E-001   3.696594E+001  -3.681978E+001  -3.681963E+001  -1.459611E-004
   26301      10     8.695652     9.009009   1.589173E-011   3.929601E+000   1.045871E-006   3.929602E+000  -3.929601E+000  -3.929601E+000  -1.832643E-008
   26301      11     8.333333     8.695652  -4.398110E-011   4.295425E+000   2.112997E-007   4.295426E+000  -4.295425E+000  -4.295425E+000   2.175527E-008
   26301      12     7.633588     8.333333  -2.721368E-011   7.387395E+000   3.394108E-006   7.387399E+000  -7.387395E+000  -7.387396E+000   1.066950E-006
   26301      13     7.042254     7.633588   6.017464E-012   5.144318E+000   4.142887E-006   5.144324E+000  -5.144318E+000  -5.144320E+000   2.111963E-006
   26301      14     6.451613     7.042254   2.518152E-012   4.016432E+000   2.365442E-006   4.016437E+000  -4.016432E+000  -4.016434E+000   2.435391E-006
   26301      15     5.464481     6.451613  -1.197389E-011   4.203984E+000   2.448307E-006   4.203990E+000  -4.203984E+000  -4.203988E+000   3.541956E-006
   26301      16     4.950495     5.464481   1.820825E-012   1.092640E+000   6.702351E-003   1.112027E+000  -1.092640E+000  -1.105325E+000   1.268449E-002
   26301      17     3.333333     4.950495   2.760795E-013   5.925239E-001   1.290567E-001   9.057903E-001  -5.925239E-001  -7.767336E-001   1.842096E-001
   26401       1    40.000000 10000.000000  -4.189538E-011   1.785860E+001   9.327597E+000   1.992433E+001  -1.785860E+001  -1.059673E+001  -7.261871E+000
   26401       2    29.411765    40.000000  -3.216680E-010   1.986658E+001   2.210849E+000   2.047683E+001  -1.986658E+001  -1.826599E+001  -1.600589E+000
   26401       3    25.000000    29.411765  -4.207168E-010   1.617540E+001   7.659504E-001   1.642299E+001  -1.617540E+001  -1.565704E+001  -5.183556E-001
   26401       4    20.833333    25.000000  -5.572538E-010   2.359220E+001   4.608831E-001   2.376388E+001  -2.359220E+001  -2.330300E+001  -2.891994E-001
   26401       5    19.230769    20.833333  -6.101786E-013   1.213015E+001   1.032747E-001   1.217308E+001  -1.213015E+001  -1.206981E+001  -6.034013E-002
   26401       6    17.543860    19.230769  -2.365841E-011   1.499601E+001   2.225764E-001   1.510339E+001  -1.499601E+001  -1.488082E+001  -1.151898E-001
   26401       7    13.333333    17.543860   2.779821E-010   2.106110E+001   3.424691E+001   4.933547E+001  -2.106110E+001  -1.508856E+001  -5.972542E+000
   26401       8    11.627907    13.333333  -5.352341E-011   2.364881E+001   6.358844E-001   2.412996E+001  -2.364881E+001  -2.349408E+001  -1.547282E-001
   26401       9     9.009009    11.627907   1.103695E-010   3.668275E+001   1.445988E-001   3.682767E+001  -3.668275E+001  -3.668307E+001   3.150416E-004
   26401      10     8.695652     9.009009   1.581535E-011   3.912609E+000   1.020797E-006   3.912610E+000  -3.912609E+000  -3.912609E+000   9.833309E-009
   26401      11     8.333333     8.695652  -4.376127E-011   4.276112E+000   2.076402E-007   4.276113E+000  -4.276112E+000  -4.276112E+000   2.138900E-008
   26401      12     7.633588     8.333333  -2.706857E-011   7.352102E+000   3.362871E-006   7.352106E+000  -7.352102E+000  -7.352103E+000   1.110132E-006
   26401      13     7.042254     7.633588   5.982714E-012   5.117648E+000   4.113020E-006   5.117655E+000  -5.117648E+000  -5.117650E+000   2.135733E-006
   26401      14     6.451613     7.042254   2.502359E-012   3.993844E+000   2.353165E-006   3.993849E+000  -3.993844E+000  -3.993846E+000   2.415501E-006
   26401      15     5.464481     6.451613  -1.188935E-011   4.177476E+000   2.421083E-006   4.177482E+000  -4.177476E+000  -4.177479E+000   3.538570E-006
   26401      16     4.950495     5.464481   1.805958E-012   1.084751E+000   6.633330E-003   1.104012E+000  -1.084751E+000  -1.097378E+000   1.262762E-002
   26401      17     3.333333     4.950495   2.734965E-013   5.873727E-001   1.277150E-001   8.981998E-001  -5.873727E-001  -7.704847E-001   1.831120E-001
   26501       1    40.000000 10000.000000  -4.183676E-011   1.783600E+001   9.314740E+000   1.990258E+001  -1.783600E+001  -1.058784E+001  -7.248157E+000
   26501       2    29.411765    40.000000  -3.212239E-010   1.983758E+001   2.206836E+000   2.044811E+001  -1.983758E+001  -1.824127E+001  -1.596307E+000
   26501       3    25.000000    29.411765  -4.200196E-010   1.614876E+001   7.639893E-001   1.639631E+001  -1.614876E+001  -1.563232E+001  -5.164350E-001
   26501       4    20.833333    25.000000  -5.561898E-010   2.354862E+001   4.591281E-001   2.372007E+001  -2.354862E+001  -2.326094E+001  -2.876797E-001
   26501       5    19.230769    20.833333  -6.075140E-013   1.210545E+001   1.027498E-001   1.214828E+001  -1.210545E+001  -1.204553E+001  -5.992502E-002
   26501       6    17.543860    19.230769  -2.360512E-011   1.496331E+001   2.211042E-001   1.507025E+001  -1.496331E+001  -1.484914E+001  -1.141732E-001
   26501       7    13.333333    17.543860   2.772129E-010   2.100365E+001   3.412758E+001   4.920838E+001  -2.100365E+001  -1.508081E+001  -5.922842E+000
   26501       8    11.627907    13.333333  -5.334400E-011   2.357715E+001   6.301258E-001   2.405523E+001  -2.357715E+001  -2.342510E+001  -1.520499E-001
   26501       9     9.009009    11.627907   1.099218E-010   3.654720E+001   1.429355E-001   3.669087E+001  -3.654720E+001  -3.654794E+001   7.435880E-004
   26501      10     8.695652     9.009009   1.573963E-011   3.895799E+000   9.773389E-007   3.895800E+000  -3.895799E+000  -3.895799E+000   8.135591E-008
   26501      11     8.333333     8.695652  -4.354322E-011   4.257006E+000   1.912976E-007   4.257007E+000  -4.257006E+000  -4.257006E+000   5.236824E-008
   26501      12     7.633588     8.333333  -2.692513E-011   7.317187E+000   3.348150E-006   7.317192E+000  -7.317187E+000  -7.317188E+000   1.121508E-006
   26501      13     7.042254     7.633588   5.948020E-012   5.091264E+000   4.089816E-006   5.091271E+000  -5.091264E+000  -5.091266E+000   2.151331E-006
   26501      14     6.451613     7.042254   2.486622E-012   3.971498E+000   2.338972E-006   3.971503E+000  -3.971498E+000  -3.971501E+000   2.405277E-006
   26501      15     5.464481     6.451613  -1.180536E-011   4.151251E+000   2.390455E-006   4.151257E+000  -4.151251E+000  -4.151255E+000   3.532776E-006
   26501      16     4.950495     5.464481   1.791192E-012   1.076946E+000   6.565744E-003   1.096082E+000  -1.076946E+000  -1.089516E+000   1.257017E-002
   26501      17     3.333333     4.950495   2.709395E-013   5.822788E-001   1.263893E-001   8.906905E-001  -5.822788E-001  -7.643012E-001   1.820223E-001
   26601       1    40.000000 10000.000000  -4.180301E-011   1.781366E+001   9.302085E+000   1.988107E+001  -1.781366E+001  -1.057899E+001  -7.234671E+000
   26601       2    29.411765    40.000000  -3.207852E-010   1.980889E+001   2.202889E+000   2.041968E+001  -1.980889E+001  -1.821680E+001  -1.592098E+000
   26601       3    25.000000    29.411765  -4.193348E-010   1.612241E+001   7.620616E-001   1.636992E+001  -1.612241E+001  -1.560786E+001  -5.145489E-001
   26601       4    20.833333    25.000000  -5.551328E-010   2.350551E+001   4.573971E-001   2.367672E+001  -2.350551E+001  -2.321932E+001  -2.861849E-001
   26601       5    19.230769    20.833333  -6.075140E-013   1.208102E+001   1.022332E-001   1.212373E+001  -1.208102E+001  -1.202150E+001  -5.951763E-002
   26601       6    17.543860    19.230769  -2.355005E-011   1.493097E+001   2.196560E-001   1.503745E+001  -1.493097E+001  -1.481780E+001  -1.131769E-001
   26601       7    13.333333    17.543860   2.764509E-010   2.094694E+001   3.400986E+001   4.908267E+001  -2.094694E+001  -1.507281E+001  -5.874134E+000
   26601       8    11.627907    13.333333  -5.316192E-011   2.350627E+001   6.244638E-001   2.398129E+001  -2.350627E+001  -2.335683E+001  -1.494396E-001
   26601       9     9.009009    11.627907   1.094786E-010   3.641308E+001   1.412998E-001   3.655555E+001  -3.641308E+001  -3.641425E+001   1.163479E-003
   26601      10     8.695652     9.009009   1.566480E-011   3.879169E+000   9.892986E-007   3.879170E+000  -3.879169E+000  -3.879169E+000   3.663801E-008
   26601      11     8.333333     8.695652  -4.332767E-011   4.238105E+000   2.203279E-007   4.238105E+000  -4.238105E+000  -4.238105E+000  -1.287391E-008
   26601      12     7.633588     8.333333  -2.678313E-011   7.282647E+000   3.319461E-006   7.282651E+000  -7.282647E+000  -7.282648E+000   1.153687E-006
   26601      13     7.042254     7.633588   5.913992E-012   5.065163E+000   4.075004E-006   5.065170E+000  -5.065163E+000  -5.065165E+000   2.143108E-006
   26601      14     6.451613     7.042254   2.471079E-012   3.949392E+000   2.322698E-006   3.949396E+000  -3.949392E+000  -3.949394E+000   2.401907E-006
   26601      15     5.464481     6.451613  -1.172229E-011   4.125308E+000   2.380556E-006   4.125314E+000  -4.125308E+000  -4.125311E+000   3.490514E-006
   26601      16     4.950495     5.464481   1.776607E-012   1.069226E+000   6.499456E-003   1.088238E+000  -1.069226E+000  -1.081738E+000   1.251237E-002
   26601      17     3.333333     4.950495   2.684051E-013   5.772444E-001   1.250897E-001   8.832618E-001  -5.772444E-001  -7.581721E-001   1.809277E-001
   26701       1    40.000000 10000.000000  -4.176570E-011   1.779158E+001   9.289593E+000   1.985979E+001  -1.779158E+001  -1.057020E+001  -7.221376E+000
   26701       2    29.411765    40.000000  -3.203446E-010   1.978053E+001   2.198987E+000   2.039157E+001  -1.978053E+001  -1.819258E+001  -1.587947E+000
   26701       3    25.000000    29.411765  -4.186553E-010   1.609634E+001   7.601582E-001   1.634381E+001  -1.609634E+001  -1.558365E+001  -5.126912E-001
   26701       4    20.833333    25.000000  -5.540848E-010   2.346286E+001   4.556915E-001   2.363384E+001  -2.346286E+001  -2.317815E+001  -2.847151E-001
   26701       5    19.230769    20.833333  -6.057377E-013   1.205685E+001   1.017250E-001   1.209946E+001  -1.205685E+001  -1.199773E+001  -5.911742E-002
   26701       6    17.543860    19.230769  -2.349587E-011   1.489898E+001   2.182415E-001   1.500501E+001  -1.489898E+001  -1.478677E+001  -1.122044E-001
   26701       7    13.333333    17.543860   2.757066E-010   2.089111E+001   3.389373E+001   4.895829E+001  -2.089111E+001  -1.506457E+001  -5.826540E+000
   26701       8    11.627907    13.333333  -5.298784E-011   2.343612E+001   6.189303E-001   2.390815E+001  -2.343612E+001  -2.328922E+001  -1.468981E-001
   26701       9     9.009009    11.627907   1.090381E-010   3.628040E+001   1.397073E-001   3.642167E+001  -3.628040E+001  -3.628197E+001   1.565745E-003
   26701      10     8.695652     9.009009   1.559097E-011   3.862717E+000   9.716605E-007   3.862718E+000  -3.862717E+000  -3.862717E+000   4.959819E-008
   26701      11     8.333333     8.695652  -4.311540E-011   4.219407E+000   1.934044E-007   4.219407E+000  -4.219407E+000  -4.219407E+000   3.812890E-008
   26701      12     7.633588     8.333333  -2.664291E-011   7.248477E+000   3.339155E-006   7.248482E+000  -7.248477E+000  -7.248478E+000   1.091054E-006
   26701      13     7.042254     7.633588   5.880130E-012   5.039342E+000   4.061651E-006   5.039349E+000  -5.039342E+000  -5.039345E+000   2.137924E-006
   26701      14     6.451613     7.042254   2.455702E-012   3.927523E+000   2.314486E-006   3.927527E+000  -3.927523E+000  -3.927525E+000   2.379359E-006
   26701      15     5.464481     6.451613  -1.164063E-011   4.099643E+000   2.336566E-006   4.099649E+000  -4.099643E+000  -4.099646E+000   3.521586E-006
   26701      16     4.950495     5.464481   1.762240E-012   1.061589E+000   6.434460E-003   1.080477E+000  -1.061589E+000  -1.074043E+000   1.245406E-002
   26701      17     3.333333     4.950495   2.659140E-013   5.722739E-001   1.238148E-001   8.759128E-001  -5.722739E-001  -7.520980E-001   1.798242E-001
   26801       1    40.000000 10000.000000  -4.172662E-011   1.776975E+001   9.277261E+000   1.983874E+001  -1.776975E+001  -1.056148E+001  -7.208270E+000
   26801       2    29.411765    40.000000  -3.199219E-010   1.975248E+001   2.195128E+000   2.036375E+001  -1.975248E+001  -1.816863E+001  -1.583852E+000
   26801       3    25.000000    29.411765  -4.179910E-010   1.607056E+001   7.582780E-001   1.631798E+001  -1.607056E+001  -1.555970E+001  -5.108603E-001
   26801       4    20.833333    25.000000  -5.530740E-010   2.342068E+001   4.540109E-001   2.359142E+001  -2.342068E+001  -2.313741E+001  -2.832695E-001
   26801       5    19.230769    20.833333  -6.048495E-013   1.203294E+001   1.012253E-001   1.207544E+001  -1.203294E+001  -1.197422E+001  -5.872466E-002
   26801       6    17.543860    19.230769  -2.344436E-011   1.486732E+001   2.168541E-001   1.497292E+001  -1.486732E+001  -1.475607E+001  -1.112523E-001
   26801       7    13.333333    17.543860   2.749641E-010   2.083611E+001   3.377914E+001   4.883526E+001  -2.083611E+001  -1.505612E+001  -5.779990E+000
   26801       8    11.627907    13.333333  -5.281464E-011   2.336672E+001   6.135029E-001   2.383580E+001  -2.336672E+001  -2.322230E+001  -1.444202E-001
   26801       9     9.009009    11.627907   1.086109E-010   3.614913E+001   1.381457E-001   3.628924E+001  -3.614913E+001  -3.615109E+001   1.960767E-003
   26801      10     8.695652     9.009009   1.551848E-011   3.846442E+000   9.692527E-007   3.846443E+000  -3.846442E+000  -3.846442E+000   3.887975E-008
   26801      11     8.333333     8.695652  -4.290635E-011   4.200909E+000   2.048110E-007   4.200909E+000  -4.200909E+000  -4.200909E+000   1.259084E-008
   26801      12     7.633588     8.333333  -2.650580E-011   7.214675E+000   3.320580E-006   7.214679E+000  -7.214675E+000  -7.214676E+000   1.120911E-006
   26801      13     7.042254     7.633588   5.847101E-012   5.013799E+000   4.032286E-006   5.013805E+000  -5.013799E+000  -5.013801E+000   2.161804E-006
   26801      14     6.451613     7.042254   2.440659E-012   3.905888E+000   2.277980E-006   3.905893E+000  -3.905888E+000  -3.905891E+000   2.412957E-006
   26801      15     5.464481     6.451613  -1.156009E-011   4.074253E+000   2.323857E-006   4.074259E+000  -4.074253E+000  -4.074257E+000   3.487451E-006
   26801      16     4.950495     5.464481   1.748102E-012   1.054035E+000   6.370996E-003   1.072800E+000  -1.054035E+000  -1.066429E+000   1.239480E-002
   26801      17     3.333333     4.950495   2.634577E-013   5.673627E-001   1.225637E-001   8.686428E-001  -5.673627E-001  -7.460791E-001   1.787164E-001
   26901       1    40.000000 10000.000000  -4.167866E-011   1.774816E+001   9.265184E+000   1.981792E+001  -1.774816E+001  -1.055273E+001  -7.195428E+000
   26901       2    29.411765    40.000000  -3.194955E-010   1.972473E+001   2.191346E+000   2.033624E+001  -1.972473E+001  -1.814489E+001  -1.579838E+000
   26901       3    25.000000    29.411765  -4.173346E-010   1.604506E+001   7.564360E-001   1.629243E+001  -1.604506E+001  -1.553600E+001  -5.090664E-001
   26901       4    20.833333    25.000000  -5.520562E-010   2.337895E+001   4.523513E-001   2.354945E+001  -2.337895E+001  -2.309710E+001  -2.818451E-001
   26901       5    19.230769    20.833333  -6.030731E-013   1.200929E+001   1.007326E-001   1.205168E+001  -1.200929E+001  -1.195095E+001  -5.833834E-002
   26901       6    17.543860    19.230769  -2.339018E-011   1.483600E+001   2.154882E-001   1.494117E+001  -1.483600E+001  -1.472569E+001  -1.103175E-001
   26901       7    13.333333    17.543860   2.742429E-010   2.078185E+001   3.366586E+001   4.871355E+001  -2.078185E+001  -1.504769E+001  -5.734165E+000
   26901       8    11.627907    13.333333  -5.264145E-011   2.329806E+001   6.081643E-001   2.376422E+001  -2.329806E+001  -2.315606E+001  -1.420020E-001
   26901       9     9.009009    11.627907   1.081846E-010   3.601928E+001   1.366213E-001   3.615822E+001  -3.601928E+001  -3.602160E+001   2.324342E-003
   26901      10     8.695652     9.009009   1.544698E-011   3.830343E+000   9.622840E-007   3.830344E+000  -3.830343E+000  -3.830343E+000   3.431896E-008
   26901      11     8.333333     8.695652  -4.270040E-011   4.182611E+000   1.884742E-007   4.182611E+000  -4.182611E+000  -4.182611E+000   3.968284E-008
   26901      12     7.633588     8.333333  -2.637024E-011   7.181236E+000   3.285807E-006   7.181240E+000  -7.181236E+000  -7.181237E+000   1.165303E-006
   26901      13     7.042254     7.633588   5.814349E-012   4.988530E+000   4.010892E-006   4.988536E+000  -4.988530E+000  -4.988532E+000   2.171588E-006
   26901      14     6.451613     7.042254   2.425754E-012   3.884487E+000   2.267864E-006   3.884492E+000  -3.884487E+000  -3.884489E+000   2.395836E-006
   26901      15     5.464481     6.451613  -1.148090E-011   4.049137E+000   2.286499E-006   4.049143E+000  -4.049137E+000  -4.049140E+000   3.510226E-006
   26901      16     4.950495     5.464481   1.734172E-012   1.046562E+000   6.308907E-003   1.065206E+000  -1.046562E+000  -1.058897E+000   1.233500E-002
   26901      17     3.333333     4.950495   2.610360E-013   5.625073E-001   1.213297E-001   8.614509E-001  -5.625073E-001  -7.401212E-001   1.776138E-001
   27001       1    40.000000 10000.000000  -4.164491E-011   1.772682E+001   9.253275E+000   1.979732E+001  -1.772682E+001  -1.054404E+001  -7.182774E+000
   27001       2    29.411765    40.000000  -3.190781E-010   1.969729E+001   2.187606E+000   2.030902E+001  -1.969729E+001  -1.812141E+001  -1.575876E+000
   27001       3    25.000000    29.411765  -4.166889E-010   1.601984E+001   7.546163E-001   1.626716E+001  -1.601984E+001  -1.551254E+001  -5.072981E-001
   27001       4    20.833333    25.000000  -5.510685E-010   2.333767E+001   4.507162E-001   2.350794E+001  -2.333767E+001  -2.305722E+001  -2.804440E-001
   27001       5    19.230769    20.833333  -5.986323E-013   1.198589E+001   1.002481E-001   1.202818E+001  -1.198589E+001  -1.192793E+001  -5.795869E-002
   27001       6    17.543860    19.230769  -2.333866E-011   1.480502E+001   2.141527E-001   1.490977E+001  -1.480502E+001  -1.469562E+001  -1.094036E-001
   27001       7    13.333333    17.543860   2.735181E-010   2.072834E+001   3.355401E+001   4.859315E+001  -2.072834E+001  -1.503913E+001  -5.689200E+000
   27001       8    11.627907    13.333333  -5.247180E-011   2.323012E+001   6.029416E-001   2.369342E+001  -2.323012E+001  -2.309048E+001  -1.396446E-001
   27001       9     9.009009    11.627907   1.077645E-010   3.589081E+001   1.351328E-001   3.602862E+001  -3.589081E+001  -3.589349E+001   2.677977E-003
   27001      10     8.695652     9.009009   1.537659E-011   3.814416E+000   9.464210E-007   3.814417E+000  -3.814416E+000  -3.814416E+000   4.693670E-008
   27001      11     8.333333     8.695652  -4.249734E-011   4.164509E+000   1.994903E-007   4.164509E+000  -4.164509E+000  -4.164509E+000   1.180495E-008
   27001      12     7.633588     8.333333  -2.623635E-011   7.148156E+000   3.290102E-006   7.148160E+000  -7.148156E+000  -7.148157E+000   1.134028E-006
   27001      13     7.042254     7.633588   5.782042E-012   4.963533E+000   3.992167E-006   4.963539E+000  -4.963533E+000  -4.963535E+000   2.170788E-006
   27001      14     6.451613     7.042254   2.411127E-012   3.863315E+000   2.249530E-006   3.863320E+000  -3.863315E+000  -3.863318E+000   2.392697E-006
   27001      15     5.464481     6.451613  -1.140268E-011   4.024291E+000   2.268431E-006   4.024297E+000  -4.024291E+000  -4.024294E+000   3.484235E-006
   27001      16     4.950495     5.464481   1.720422E-012   1.039170E+000   6.247925E-003   1.057693E+000  -1.039170E+000  -1.051445E+000   1.227501E-002
   27001      17     3.333333     4.950495   2.586559E-013   5.577117E-001   1.201170E-001   8.543364E-001  -5.577117E-001  -7.342194E-001   1.765077E-001
   27101       1    40.000000 10000.000000  -4.160405E-011   1.770572E+001   9.241513E+000   1.977694E+001  -1.770572E+001  -1.053542E+001  -7.170293E+000
   27101       2    29.411765    40.000000  -3.186766E-010   1.967015E+001   2.183908E+000   2.028209E+001  -1.967015E+001  -1.809819E+001  -1.571966E+000
   27101       3    25.000000    29.411765  -4.160450E-010   1.599489E+001   7.528187E-001   1.624215E+001  -1.599489E+001  -1.548933E+001  -5.055550E-001
   27101       4    20.833333    25.000000  -5.500826E-010   2.329683E+001   4.491045E-001   2.346687E+001  -2.329683E+001  -2.301777E+001  -2.790653E-001
   27101       5    19.230769    20.833333  -6.012968E-013   1.196275E+001   9.977133E-002   1.200493E+001  -1.196275E+001  -1.190516E+001  -5.758567E-002
   27101       6    17.543860    19.230769  -2.329070E-011   1.477437E+001   2.128433E-001   1.487870E+001  -1.477437E+001  -1.466586E+001  -1.085089E-001
   27101       7    13.333333    17.543860   2.728111E-010   2.067550E+001   3.344360E+001   4.847404E+001  -2.067550E+001  -1.503044E+001  -5.645067E+000
   27101       8    11.627907    13.333333  -5.230572E-011   2.316290E+001   5.978219E-001   2.362337E+001  -2.316290E+001  -2.302555E+001  -1.373463E-001
   27101       9     9.009009    11.627907   1.073515E-010   3.576372E+001   1.336812E-001   3.590041E+001  -3.576372E+001  -3.576673E+001   3.011075E-003
   27101      10     8.695652     9.009009   1.530692E-011   3.798661E+000   9.294894E-007   3.798662E+000  -3.798661E+000  -3.798661E+000   6.134369E-008
   27101      11     8.333333     8.695652  -4.229700E-011   4.146602E+000   1.934336E-007   4.146602E+000  -4.146602E+000  -4.146602E+000   2.296395E-008
   27101      12     7.633588     8.333333  -2.610423E-011   7.115433E+000   3.263771E-006   7.115437E+000  -7.115433E+000  -7.115434E+000   1.164321E-006
   27101      13     7.042254     7.633588   5.750456E-012   4.938805E+000   3.961179E-006   4.938811E+000  -4.938805E+000  -4.938807E+000   2.205189E-006
   27101      14     6.451613     7.042254   2.396722E-012   3.842372E+000   2.228352E-006   3.842377E+000  -3.842372E+000  -3.842374E+000   2.396286E-006
   27101      15     5.464481     6.451613  -1.132550E-011   3.999712E+000   2.259365E-006   3.999718E+000  -3.999712E+000  -3.999715E+000   3.441365E-006
   27101      16     4.950495     5.464481   1.706850E-012   1.031858E+000   6.188095E-003   1.050261E+000  -1.031858E+000  -1.044073E+000   1.221473E-002
   27101      17     3.333333     4.950495   2.563002E-013   5.529766E-001   1.189266E-001   8.472984E-001  -5.529766E-001  -7.283718E-001   1.753952E-001
   27201       1    40.000000 10000.000000  -4.157030E-011   1.768485E+001   9.229928E+000   1.975678E+001  -1.768485E+001  -1.052685E+001  -7.158003E+000
   27201       2    29.411765    40.000000  -3.182716E-010   1.964331E+001   2.180255E+000   2.025546E+001  -1.964331E+001  -1.807520E+001  -1.568111E+000
   27201       3    25.000000    29.411765  -4.154197E-010   1.597021E+001   7.510455E-001   1.621742E+001  -1.597021E+001  -1.546637E+001  -5.038386E-001
   27201       4    20.833333    25.000000  -5.491199E-010   2.325644E+001   4.475161E-001   2.342625E+001  -2.325644E+001  -2.297873E+001  -2.777085E-001
   27201       5    19.230769    20.833333  -5.977441E-013   1.193985E+001   9.930253E-002   1.198193E+001  -1.193985E+001  -1.188263E+001  -5.721902E-002
   27201       6    17.543860    19.230769  -2.324008E-011   1.474404E+001   2.115546E-001   1.484797E+001  -1.474404E+001  -1.463641E+001  -1.076306E-001
   27201       7    13.333333    17.543860   2.721201E-010   2.062343E+001   3.333436E+001   4.835621E+001  -2.062343E+001  -1.502185E+001  -5.601580E+000
   27201       8    11.627907    13.333333  -5.214051E-011   2.309640E+001   5.927848E-001   2.355408E+001  -2.309640E+001  -2.296130E+001  -1.351034E-001
   27201       9     9.009009    11.627907   1.069491E-010   3.563799E+001   1.322559E-001   3.577358E+001  -3.563799E+001  -3.564133E+001   3.331639E-003
   27201      10     8.695652     9.009009   1.523870E-011   3.783075E+000   9.369323E-007   3.783076E+000  -3.783075E+000  -3.783075E+000   2.654212E-008
   27201      11     8.333333     8.695652  -4.210093E-011   4.128888E+000   1.806803E-007   4.128888E+000  -4.128888E+000  -4.128888E+000   4.275373E-008
   27201      12     7.633588     8.333333  -2.597511E-011   7.083062E+000   3.249647E-006   7.083066E+000  -7.083062E+000  -7.083063E+000   1.179799E-006
   27201      13     7.042254     7.633588   5.719314E-012   4.914343E+000   3.945131E-006   4.914349E+000  -4.914343E+000  -4.914345E+000   2.203337E-006
   27201      14     6.451613     7.042254   2.382483E-012   3.821654E+000   2.224111E-006   3.821659E+000  -3.821654E+000  -3.821656E+000   2.367873E-006
   27201      15     5.464481     6.451613  -1.125047E-011   3.975398E+000   2.234296E-006   3.975404E+000  -3.975398E+000  -3.975401E+000   3.436980E-006
   27201      16     4.950495     5.464481   1.693683E-012   1.024626E+000   6.129451E-003   1.042909E+000  -1.024626E+000  -1.036780E+000   1.215408E-002
   27201      17     3.333333     4.950495   2.540225E-013   5.483349E-001   1.177004E-001   8.403363E-001  -5.483349E-001  -7.226359E-001   1.743010E-001
   27301       1    40.000000 10000.000000  -4.152945E-011   1.766422E+001   9.218553E+000   1.973684E+001  -1.766422E+001  -1.051828E+001  -7.145933E+000
   27301       2    29.411765    40.000000  -3.178577E-010   1.961677E+001   2.176658E+000   2.022911E+001  -1.961677E+001  -1.805245E+001  -1.564319E+000
   27301       3    25.000000    29.411765  -4.147882E-010   1.594580E+001   7.493021E-001   1.619295E+001  -1.594580E+001  -1.544365E+001  -5.021520E-001
   27301       4    20.833333    25.000000  -5.481553E-010   2.321649E+001   4.459496E-001   2.338606E+001  -2.321649E+001  -2.294011E+001  -2.763727E-001
   27301       5    19.230769    20.833333  -5.977441E-013   1.191720E+001   9.884198E-002   1.195918E+001  -1.191720E+001  -1.186034E+001  -5.685955E-002
   27301       6    17.543860    19.230769  -2.319123E-011   1.471405E+001   2.102905E-001   1.481757E+001  -1.471405E+001  -1.460728E+001  -1.067707E-001
   27301       7    13.333333    17.543860   2.714415E-010   2.057212E+001   3.322643E+001   4.823966E+001  -2.057212E+001  -1.501323E+001  -5.558891E+000
   27301       8    11.627907    13.333333  -5.198508E-011   2.303061E+001   5.878429E-001   2.348554E+001  -2.303061E+001  -2.289770E+001  -1.329144E-001
   27301       9     9.009009    11.627907   1.065610E-010   3.551361E+001   1.308567E-001   3.564812E+001  -3.551361E+001  -3.551726E+001   3.648502E-003
   27301      10     8.695652     9.009009   1.517453E-011   3.767657E+000   9.326402E-007   3.767658E+000  -3.767657E+000  -3.767657E+000   1.935246E-008
   27301      11     8.333333     8.695652  -4.191725E-011   4.111364E+000   1.663078E-007   4.111364E+000  -4.111364E+000  -4.111364E+000   7.255167E-008
   27301      12     7.633588     8.333333  -2.585510E-011   7.051039E+000   3.253897E-006   7.051044E+000  -7.051039E+000  -7.051040E+000   1.153422E-006
   27301      13     7.042254     7.633588   5.690559E-012   4.890144E+000   3.932441E-006   4.890151E+000  -4.890144E+000  -4.890147E+000   2.197919E-006
   27301      14     6.451613     7.042254   2.369632E-012   3.801159E+000   2.201677E-006   3.801164E+000  -3.801159E+000  -3.801162E+000   2.376465E-006
   27301      15     5.464481     6.451613  -1.118275E-011   3.951346E+000   2.211265E-006   3.951351E+000  -3.951346E+000  -3.951349E+000   3.430179E-006
   27301      16     4.950495     5.464481   1.682064E-012   1.017472E+000   6.072086E-003   1.035637E+000  -1.017472E+000  -1.029565E+000   1.209299E-002
   27301      17     3.333333     4.950495   2.520571E-013   5.437198E-001   1.164908E-001   8.334491E-001  -5.437198E-001  -7.169584E-001   1.732386E-001
   27401       1    40.000000 10000.000000  -4.148504E-011   1.764381E+001   9.207343E+000   1.971711E+001  -1.764381E+001  -1.050977E+001  -7.134045E+000
   27401       2    29.411765    40.000000  -3.174545E-010   1.959052E+001   2.173105E+000   2.020304E+001  -1.959052E+001  -1.802994E+001  -1.560579E+000
   27401       3    25.000000    29.411765  -4.141665E-010   1.592165E+001   7.475804E-001   1.616874E+001  -1.592165E+001  -1.542116E+001  -5.004897E-001
   27401       4    20.833333    25.000000  -5.472032E-010   2.317696E+001   4.444051E-001   2.334631E+001  -2.317696E+001  -2.290190E+001  -2.750575E-001
   27401       5    19.230769    20.833333  -5.977441E-013   1.189479E+001   9.838803E-002   1.193667E+001  -1.189479E+001  -1.183829E+001  -5.650546E-002
   27401       6    17.543860    19.230769  -2.314149E-011   1.468437E+001   2.090548E-001   1.478749E+001  -1.468437E+001  -1.457844E+001  -1.059298E-001
   27401       7    13.333333    17.543860   2.707630E-010   2.052142E+001   3.311990E+001   4.812436E+001  -2.052142E+001  -1.500446E+001  -5.516960E+000
   27401       8    11.627907    13.333333  -5.182699E-011   2.296550E+001   5.830119E-001   2.341773E+001  -2.296550E+001  -2.283472E+001  -1.307801E-001
   27401       9     9.009009    11.627907   1.061773E-010   3.539056E+001   1.294935E-001   3.552401E+001  -3.539056E+001  -3.539452E+001   3.952748E-003
   27401      10     8.695652     9.009009   1.511086E-011   3.752406E+000   8.974653E-007   3.752407E+000  -3.752406E+000  -3.752406E+000   7.905328E-008
   27401      11     8.333333     8.695652  -4.173456E-011   4.094030E+000   1.916960E-007   4.094030E+000  -4.094030E+000  -4.094030E+000   1.128961E-008
   27401      12     7.633588     8.333333  -2.573508E-011   7.019362E+000   3.222824E-006   7.019367E+000  -7.019362E+000  -7.019363E+000   1.197678E-006
   27401      13     7.042254     7.633588   5.662137E-012   4.866207E+000   3.908739E-006   4.866213E+000  -4.866207E+000  -4.866209E+000   2.211049E-006
   27401      14     6.451613     7.042254   2.356809E-012   3.780885E+000   2.187757E-006   3.780890E+000  -3.780885E+000  -3.780888E+000   2.368760E-006
   27401      15     5.464481     6.451613  -1.111550E-011   3.927553E+000   2.207461E-006   3.927559E+000  -3.927553E+000  -3.927556E+000   3.380114E-006
   27401      16     4.950495     5.464481   1.670521E-012   1.010395E+000   6.015705E-003   1.028442E+000  -1.010395E+000  -1.022427E+000   1.203191E-002
   27401      17     3.333333     4.950495   2.501072E-013   5.391612E-001   1.153021E-001   8.266362E-001  -5.391612E-001  -7.113341E-001   1.721729E-001
   27501       1    40.000000 10000.000000  -4.144951E-011   1.762363E+001   9.196285E+000   1.969759E+001  -1.762363E+001  -1.050131E+001  -7.122322E+000
   27501       2    29.411765    40.000000  -3.170531E-010   1.956456E+001   2.169584E+000   2.017726E+001  -1.956456E+001  -1.800768E+001  -1.556883E+000
   27501       3    25.000000    29.411765  -4.135483E-010   1.589777E+001   7.458775E-001   1.614480E+001  -1.589777E+001  -1.539892E+001  -4.988495E-001
   27501       4    20.833333    25.000000  -5.462599E-010   2.313787E+001   4.428843E-001   2.330699E+001  -2.313787E+001  -2.286410E+001  -2.737642E-001
   27501       5    19.230769    20.833333  -5.950795E-013   1.187263E+001   9.794207E-002   1.191441E+001  -1.187263E+001  -1.181647E+001  -5.615778E-002
   27501       6    17.543860    19.230769  -2.309353E-011   1.465501E+001   2.078382E-001   1.475774E+001  -1.465501E+001  -1.454990E+001  -1.051040E-001
   27501       7    13.333333    17.543860   2.700986E-010   2.047136E+001   3.301510E+001   4.801031E+001  -2.047136E+001  -1.499521E+001  -5.476147E+000
   27501       8    11.627907    13.333333  -5.167067E-011   2.290110E+001   5.782588E-001   2.335066E+001  -2.290110E+001  -2.277240E+001  -1.286994E-001
   27501       9     9.009009    11.627907   1.057971E-010   3.526885E+001   1.281600E-001   3.540124E+001  -3.526885E+001  -3.527308E+001   4.234812E-003
   27501      10     8.695652     9.009009   1.504802E-011   3.737319E+000   8.983867E-007   3.737320E+000  -3.737319E+000  -3.737319E+000   5.504425E-008
   27501      11     8.333333     8.695652  -4.155437E-011   4.076882E+000   1.858351E-007   4.076883E+000  -4.076882E+000  -4.076882E+000   2.375651E-008
   27501      12     7.633588     8.333333  -2.561729E-011   6.988027E+000   3.201317E-006   6.988031E+000  -6.988027E+000  -6.988028E+000   1.219903E-006
   27501      13     7.042254     7.633588   5.634049E-012   4.842528E+000   3.902577E-006   4.842534E+000  -4.842528E+000  -4.842530E+000   2.194680E-006
   27501      14     6.451613     7.042254   2.344208E-012   3.760830E+000   2.177682E-006   3.760835E+000  -3.760830E+000  -3.760833E+000   2.349531E-006
   27501      15     5.464481     6.451613  -1.104916E-011   3.904017E+000   2.176027E-006   3.904022E+000  -3.904017E+000  -3.904020E+000   3.393685E-006
   27501      16     4.950495     5.464481   1.659131E-012   1.003395E+000   5.960305E-003   1.021326E+000  -1.003395E+000  -1.015366E+000   1.197075E-002
   27501      17     3.333333     4.950495   2.481817E-013   5.346366E-001   1.141811E-001   8.198968E-001  -5.346366E-001  -7.057157E-001   1.710791E-001
   27601       1    40.000000 10000.000000  -4.141221E-011   1.760368E+001   9.185388E+000   1.967829E+001  -1.760368E+001  -1.049290E+001  -7.110773E+000
   27601       2    29.411765    40.000000  -3.166623E-010   1.953888E+001   2.166111E+000   2.015175E+001  -1.953888E+001  -1.798564E+001  -1.553239E+000
   27601       3    25.000000    29.411765  -4.129390E-010   1.587415E+001   7.441994E-001   1.612112E+001  -1.587415E+001  -1.537692E+001  -4.972343E-001
   27601       4    20.833333    25.000000  -5.453291E-010   2.309919E+001   4.413836E-001   2.326809E+001  -2.309919E+001  -2.282670E+001  -2.724896E-001
   27601       5    19.230769    20.833333  -5.924150E-013   1.185070E+001   9.750235E-002   1.189239E+001  -1.185070E+001  -1.179489E+001  -5.581453E-002
   27601       6    17.543860    19.230769  -2.304557E-011   1.462597E+001   2.066400E-001   1.472832E+001  -1.462597E+001  -1.452168E+001  -1.042924E-001
   27601       7    13.333333    17.543860   2.694378E-010   2.042192E+001   3.291167E+001   4.789749E+001  -2.042192E+001  -1.498582E+001  -5.436098E+000
   27601       8    11.627907    13.333333  -5.152057E-011   2.283740E+001   5.735779E-001   2.328431E+001  -2.283740E+001  -2.271074E+001  -1.266635E-001
   27601       9     9.009009    11.627907   1.054250E-010   3.514844E+001   1.268470E-001   3.527980E+001  -3.514844E+001  -3.515295E+001   4.511851E-003
   27601      10     8.695652     9.009009   1.498585E-011   3.722395E+000   8.812820E-007   3.722396E+000  -3.722395E+000  -3.722395E+000   7.728648E-008
   27601      11     8.333333     8.695652  -4.137640E-011   4.059920E+000   1.948647E-007   4.059921E+000  -4.059920E+000  -4.059920E+000  -1.344622E-010
   27601      12     7.633588     8.333333  -2.550071E-011   6.957030E+000   3.181863E-006   6.957035E+000  -6.957030E+000  -6.957031E+000   1.232312E-006
   27601      13     7.042254     7.633588   5.606182E-012   4.819105E+000   3.866546E-006   4.819111E+000  -4.819105E+000  -4.819107E+000   2.234643E-006
   27601      14     6.451613     7.042254   2.331663E-012   3.740992E+000   2.152338E-006   3.740996E+000  -3.740992E+000  -3.740994E+000   2.363157E-006
   27601      15     5.464481     6.451613  -1.098360E-011   3.880735E+000   2.150718E-006   3.880741E+000  -3.880735E+000  -3.880738E+000   3.389775E-006
   27601      16     4.950495     5.464481   1.647883E-012   9.964707E-001   5.905923E-003   1.014286E+000  -9.964707E-001  -1.008380E+000   1.190945E-002
   27601      17     3.333333     4.950495   2.462804E-013   5.301408E-001   1.131083E-001   8.132302E-001  -5.301408E-001  -7.001219E-001   1.699811E-001
   27701       1    40.000000 10000.000000  -4.137668E-011   1.758393E+001   9.174685E+000   1.965920E+001  -1.758393E+001  -1.048451E+001  -7.099419E+000
   27701       2    29.411765    40.000000  -3.162697E-010   1.951349E+001   2.162678E+000   2.012652E+001  -1.951349E+001  -1.796385E+001  -1.549644E+000
   27701       3    25.000000    29.411765  -4.123368E-010   1.585079E+001   7.425445E-001   1.609769E+001  -1.585079E+001  -1.535514E+001  -4.956435E-001
   27701       4    20.833333    25.000000  -5.444090E-010   2.306094E+001   4.399054E-001   2.322961E+001  -2.306094E+001  -2.278970E+001  -2.712350E-001
   27701       5    19.230769    20.833333  -5.924150E-013   1.182901E+001   9.707229E-002   1.187060E+001  -1.182901E+001  -1.177353E+001  -5.547946E-002
   27701       6    17.543860    19.230769  -2.299583E-011   1.459723E+001   2.054705E-001   1.469921E+001  -1.459723E+001  -1.449373E+001  -1.035000E-001
   27701       7    13.333333    17.543860   2.687841E-010   2.037305E+001   3.280944E+001   4.778588E+001  -2.037305E+001  -1.497645E+001  -5.396599E+000
   27701       8    11.627907    13.333333  -5.136602E-011   2.277436E+001   5.690036E-001   2.321868E+001  -2.277436E+001  -2.264968E+001  -1.246773E-001
   27701       9     9.009009    11.627907   1.050529E-010   3.502932E+001   1.255642E-001   3.515967E+001  -3.502932E+001  -3.503410E+001   4.785581E-003
   27701      10     8.695652     9.009009   1.492440E-011   3.707633E+000   8.836102E-007   3.707634E+000  -3.707633E+000  -3.707633E+000   5.735862E-008
   27701      11     8.333333     8.695652  -4.120049E-011   4.043142E+000   1.460923E-007   4.043142E+000  -4.043142E+000  -4.043142E+000   9.884110E-008
   27701      12     7.633588     8.333333  -2.538536E-011   6.926369E+000   3.190109E-006   6.926373E+000  -6.926369E+000  -6.926370E+000   1.201040E-006
   27701      13     7.042254     7.633588   5.578760E-012   4.795935E+000   3.842106E-006   4.795941E+000  -4.795935E+000  -4.795937E+000   2.252102E-006
   27701      14     6.451613     7.042254   2.319200E-012   3.721368E+000   2.142821E-006   3.721373E+000  -3.721368E+000  -3.721370E+000   2.350033E-006
   27701      15     5.464481     6.451613  -1.091874E-011   3.857705E+000   2.142556E-006   3.857711E+000  -3.857705E+000  -3.857708E+000   3.351689E-006
   27701      16     4.950495     5.464481   1.636771E-012   9.896220E-001   5.852675E-003   1.007323E+000  -9.896220E-001  -1.001470E+000   1.184784E-002
   27701      17     3.333333     4.950495   2.443965E-013   5.256941E-001   1.120495E-001   8.066358E-001  -5.256941E-001  -6.945863E-001   1.688921E-001
   27801       1    40.000000 10000.000000  -4.133582E-011   1.756442E+001   9.164122E+000   1.964034E+001  -1.756442E+001  -1.047621E+001  -7.088209E+000
   27801       2    29.411765    40.000000  -3.158824E-010   1.948837E+001   2.159288E+000   2.010156E+001  -1.948837E+001  -1.794227E+001  -1.546099E+000
   27801       3    25.000000    29.411765  -4.117453E-010   1.582780E+001   7.409106E-001   1.607464E+001  -1.582780E+001  -1.533373E+001  -4.940675E-001
   27801       4    20.833333    25.000000  -5.435012E-010   2.302333E+001   4.384488E-001   2.319179E+001  -2.302333E+001  -2.275334E+001  -2.699961E-001
   27801       5    19.230769    20.833333  -5.915268E-013   1.180777E+001   9.664859E-002   1.184927E+001  -1.180777E+001  -1.175262E+001  -5.514751E-002
   27801       6    17.543860    19.230769  -2.294964E-011   1.456925E+001   2.043223E-001   1.467085E+001  -1.456925E+001  -1.446653E+001  -1.027144E-001
   27801       7    13.333333    17.543860   2.681428E-010   2.032494E+001   3.270846E+001   4.767721E+001  -2.032494E+001  -1.496875E+001  -5.356192E+000
   27801       8    11.627907    13.333333  -5.121770E-011   2.271173E+001   5.628244E-001   2.315519E+001  -2.271173E+001  -2.259236E+001  -1.193717E-001
   27801       9     9.009009    11.627907   1.046905E-010   3.491494E+001   1.243090E-001   3.504432E+001  -3.491494E+001  -3.492001E+001   5.072036E-003
   27801      10     8.695652     9.009009   1.486372E-011   3.693560E+000   8.599446E-007   3.693561E+000  -3.693560E+000  -3.693560E+000   8.687354E-008
   27801      11     8.333333     8.695652  -4.102707E-011   4.027208E+000   1.737598E-007   4.027209E+000  -4.027208E+000  -4.027208E+000   3.078575E-008
   27801      12     7.633588     8.333333  -2.527156E-011   6.897306E+000   3.149300E-006   6.897310E+000  -6.897306E+000  -6.897307E+000   1.262177E-006
   27801      13     7.042254     7.633588   5.551726E-012   4.774085E+000   3.835221E-006   4.774091E+000  -4.774085E+000  -4.774087E+000   2.234999E-006
   27801      14     6.451613     7.042254   2.307182E-012   3.702969E+000   2.128256E-006   3.702973E+000  -3.702969E+000  -3.702971E+000   2.347578E-006
   27801      15     5.464481     6.451613  -1.085487E-011   3.836297E+000   2.123057E-006   3.836303E+000  -3.836297E+000  -3.836300E+000   3.343446E-006
   27801      16     4.950495     5.464481   1.625797E-012   9.833239E-001   5.800327E-003   1.000922E+000  -9.833239E-001  -9.951213E-001   1.179740E-002
   27801      17     3.333333     4.950495   2.425456E-013   5.216592E-001   1.109890E-001   8.006686E-001  -5.216592E-001  -6.896796E-001   1.680204E-001
   27901       1    40.000000 10000.000000  -4.130385E-011   1.754514E+001   9.153739E+000   1.962168E+001  -1.754514E+001  -1.046795E+001  -7.077192E+000
   27901       2    29.411765    40.000000  -3.155041E-010   1.946353E+001   2.155931E+000   2.007686E+001  -1.946353E+001  -1.792093E+001  -1.542605E+000
   27901       3    25.000000    29.411765  -4.111582E-010   1.580512E+001   7.392955E-001   1.605190E+001  -1.580512E+001  -1.531260E+001  -4.925124E-001
   27901       4    20.833333    25.000000  -5.426131E-010   2.298623E+001   4.370181E-001   2.315447E+001  -2.298623E+001  -2.271745E+001  -2.687797E-001
   27901       5    19.230769    20.833333  -5.879741E-013   1.178684E+001   9.623316E-002   1.182825E+001  -1.178684E+001  -1.173201E+001  -5.482124E-002
   27901       6    17.543860    19.230769  -2.290790E-011   1.454175E+001   2.031934E-001   1.464300E+001  -1.454175E+001  -1.443980E+001  -1.019408E-001
   27901       7    13.333333    17.543860   2.675140E-010   2.027760E+001   3.260882E+001   4.757045E+001  -2.027760E+001  -1.496163E+001  -5.315969E+000
   27901       8    11.627907    13.333333  -5.106848E-011   2.265200E+001   5.584169E-001   2.309300E+001  -2.265200E+001  -2.253458E+001  -1.174121E-001
   27901       9     9.009009    11.627907   1.043290E-010   3.480334E+001   1.230813E-001   3.493177E+001  -3.480334E+001  -3.480869E+001   5.349357E-003
   27901      10     8.695652     9.009009   1.480432E-011   3.679875E+000   8.682411E-007   3.679876E+000  -3.679875E+000  -3.679875E+000   5.653622E-008
   27901      11     8.333333     8.695652  -4.085648E-011   4.011744E+000   1.850856E-007   4.011744E+000  -4.011744E+000  -4.011744E+000   7.614757E-009
   27901      12     7.633588     8.333333  -2.515999E-011   6.869123E+000   3.177697E-006   6.869128E+000  -6.869123E+000  -6.869125E+000   1.189868E-006
   27901      13     7.042254     7.633588   5.525080E-012   4.752950E+000   3.820091E-006   4.752956E+000  -4.752950E+000  -4.752953E+000   2.237499E-006
   27901      14     6.451613     7.042254   2.295081E-012   3.685223E+000   2.120141E-006   3.685228E+000  -3.685223E+000  -3.685226E+000   2.330049E-006
   27901      15     5.464481     6.451613  -1.079209E-011   3.815739E+000   2.095993E-006   3.815744E+000  -3.815739E+000  -3.815742E+000   3.349276E-006
   27901      16     4.950495     5.464481   1.615024E-012   9.773092E-001   5.749099E-003   9.948097E-001  -9.773092E-001  -9.890606E-001   1.175140E-002
   27901      17     3.333333     4.950495   2.407241E-013   5.178452E-001   1.099348E-001   7.950174E-001  -5.178452E-001  -6.850826E-001   1.672373E-001
   28001       1    40.000000 10000.000000  -4.126655E-011   1.752606E+001   9.143518E+000   1.960323E+001  -1.752606E+001  -1.045971E+001  -7.066356E+000
   28001       2    29.411765    40.000000  -3.151328E-010   1.943895E+001   2.152624E+000   2.005241E+001  -1.943895E+001  -1.789978E+001  -1.539166E+000
   28001       3    25.000000    29.411765  -4.105845E-010   1.578267E+001   7.377052E-001   1.602939E+001  -1.578267E+001  -1.529168E+001  -4.909829E-001
   28001       4    20.833333    25.000000  -5.417355E-010   2.294952E+001   4.356053E-001   2.311754E+001  -2.294952E+001  -2.268194E+001  -2.675809E-001
   28001       5    19.230769    20.833333  -5.879741E-013   1.176612E+001   9.582314E-002   1.180745E+001  -1.176612E+001  -1.171162E+001  -5.449972E-002
   28001       6    17.543860    19.230769  -2.286082E-011   1.451453E+001   2.020810E-001   1.461543E+001  -1.451453E+001  -1.441335E+001  -1.011806E-001
   28001       7    13.333333    17.543860   2.668941E-010   2.023085E+001   3.251062E+001   4.746479E+001  -2.023085E+001  -1.495417E+001  -5.276676E+000
   28001       8    11.627907    13.333333  -5.092637E-011   2.259288E+001   5.540768E-001   2.303146E+001  -2.259288E+001  -2.247738E+001  -1.154954E-001
   28001       9     9.009009    11.627907   1.039755E-010   3.469289E+001   1.218745E-001   3.482038E+001  -3.469289E+001  -3.469851E+001   5.617412E-003
   28001      10     8.695652     9.009009   1.474548E-011   3.666332E+000   8.555518E-007   3.666333E+000  -3.666332E+000  -3.666332E+000   6.572894E-008
   28001      11     8.333333     8.695652  -4.068818E-011   3.996439E+000   1.775850E-007   3.996439E+000  -3.996439E+000  -3.996439E+000   2.246227E-008
   28001      12     7.633588     8.333333  -2.504985E-011   6.841232E+000   3.165325E-006   6.841237E+000  -6.841232E+000  -6.841233E+000   1.203955E-006
   28001      13     7.042254     7.633588   5.498824E-012   4.732034E+000   3.795167E-006   4.732040E+000  -4.732034E+000  -4.732037E+000   2.265690E-006
   28001      14     6.451613     7.042254   2.283285E-012   3.667661E+000   2.105509E-006   3.667665E+000  -3.667661E+000  -3.667663E+000   2.330606E-006
   28001      15     5.464481     6.451613  -1.073014E-011   3.795393E+000   2.073092E-006   3.795398E+000  -3.795393E+000  -3.795396E+000   3.351163E-006
   28001      16     4.950495     5.464481   1.604376E-012   9.713569E-001   5.698727E-003   9.887610E-001  -9.713569E-001  -9.830622E-001   1.170529E-002
   28001      17     3.333333     4.950495   2.389252E-013   5.140667E-001   1.089037E-001   7.894246E-001  -5.140667E-001  -6.805208E-001   1.664541E-001
   28101       1    40.000000 10000.000000  -4.123102E-011   1.750719E+001   9.133486E+000   1.958496E+001  -1.750719E+001  -1.045147E+001  -7.055716E+000
   28101       2    29.411765    40.000000  -3.147651E-010   1.941463E+001   2.149358E+000   2.002821E+001  -1.941463E+001  -1.787885E+001  -1.535779E+000
   28101       3    25.000000    29.411765  -4.100134E-010   1.576045E+001   7.361386E-001   1.600711E+001  -1.576045E+001  -1.527097E+001  -4.894790E-001
   28101       4    20.833333    25.000000  -5.408598E-010   2.291318E+001   4.342138E-001   2.308099E+001  -2.291318E+001  -2.264678E+001  -2.664016E-001
   28101       5    19.230769    20.833333  -5.888623E-013   1.174562E+001   9.542189E-002   1.178686E+001  -1.174562E+001  -1.169144E+001  -5.418539E-002
   28101       6    17.543860    19.230769  -2.281730E-011   1.448759E+001   2.009988E-001   1.458815E+001  -1.448759E+001  -1.438715E+001  -1.004419E-001
   28101       7    13.333333    17.543860   2.662706E-010   2.018461E+001   3.241398E+001   4.736023E+001  -2.018461E+001  -1.494625E+001  -5.238362E+000
   28101       8    11.627907    13.333333  -5.078160E-011   2.253434E+001   5.498464E-001   2.297055E+001  -2.253434E+001  -2.242071E+001  -1.136313E-001
   28101       9     9.009009    11.627907   1.036256E-010   3.458357E+001   1.206983E-001   3.471014E+001  -3.458357E+001  -3.458945E+001   5.881001E-003
   28101      10     8.695652     9.009009   1.468742E-011   3.652929E+000   8.552071E-007   3.652930E+000  -3.652929E+000  -3.652929E+000   5.467401E-008
   28101      11     8.333333     8.695652  -4.052181E-011   3.981293E+000   1.744266E-007   3.981293E+000  -3.981293E+000  -3.981293E+000   2.373973E-008
   28101      12     7.633588     8.333333  -2.494072E-011   6.813630E+000   3.136228E-006   6.813634E+000  -6.813630E+000  -6.813631E+000   1.245310E-006
   28101      13     7.042254     7.633588   5.472733E-012   4.711335E+000   3.789762E-006   4.711341E+000  -4.711335E+000  -4.711337E+000   2.246516E-006
   28101      14     6.451613     7.042254   2.271600E-012   3.650281E+000   2.084632E-006   3.650285E+000  -3.650281E+000  -3.650283E+000   2.339932E-006
   28101      15     5.464481     6.451613  -1.066883E-011   3.775257E+000   2.066517E-006   3.775263E+000  -3.775257E+000  -3.775261E+000   3.316456E-006
   28101      16     4.950495     5.464481   1.593860E-012   9.654670E-001   5.649672E-003   9.827749E-001  -9.654670E-001  -9.771252E-001   1.165820E-002
   28101      17     3.333333     4.950495   2.371488E-013   5.103321E-001   1.079096E-001   7.838897E-001  -5.103321E-001  -6.759800E-001   1.656480E-001
   28201       1    40.000000 10000.000000  -4.120082E-011   1.748852E+001   9.123576E+000   1.956688E+001  -1.748852E+001  -1.044330E+001  -7.045219E+000
   28201       2    29.411765    40.000000  -3.143956E-010   1.939057E+001   2.146127E+000   2.000426E+001  -1.939057E+001  -1.785814E+001  -1.532434E+000
   28201       3    25.000000    29.411765  -4.094476E-010   1.573847E+001   7.345895E-001   1.598507E+001  -1.573847E+001  -1.525048E+001  -4.879949E-001
   28201       4    20.833333    25.000000  -5.400018E-010   2.287722E+001   4.328413E-001   2.304482E+001  -2.287722E+001  -2.261198E+001  -2.652397E-001
   28201       5    19.230769    20.833333  -5.870859E-013   1.172534E+001   9.502693E-002   1.176649E+001  -1.172534E+001  -1.167146E+001  -5.387643E-002
   28201       6    17.543860    19.230769  -2.277289E-011   1.446093E+001   1.999326E-001   1.456115E+001  -1.446093E+001  -1.436122E+001  -9.971438E-002
   28201       7    13.333333    17.543860   2.656613E-010   2.013894E+001   3.231846E+001   4.725675E+001  -2.013894E+001  -1.493829E+001  -5.200652E+000
   28201       8    11.627907    13.333333  -5.063949E-011   2.247640E+001   5.456820E-001   2.291028E+001  -2.247640E+001  -2.236460E+001  -1.118063E-001
   28201       9     9.009009    11.627907   1.032783E-010   3.447537E+001   1.195426E-001   3.460105E+001  -3.447537E+001  -3.448151E+001   6.136596E-003
   28201      10     8.695652     9.009009   1.462996E-011   3.639664E+000   8.321614E-007   3.639665E+000  -3.639664E+000  -3.639665E+000   8.472889E-008
   28201      11     8.333333     8.695652  -4.035733E-011   3.966303E+000   1.763121E-007   3.966304E+000  -3.966303E+000  -3.966303E+000   1.982783E-008
   28201      12     7.633588     8.333333  -2.483291E-011   6.786314E+000   3.117745E-006   6.786318E+000  -6.786314E+000  -6.786315E+000   1.264104E-006
   28201      13     7.042254     7.633588   5.447254E-012   4.690850E+000   3.762222E-006   4.690856E+000  -4.690850E+000  -4.690852E+000   2.276965E-006
   28201      14     6.451613     7.042254   2.260109E-012   3.633080E+000   2.069721E-006   3.633085E+000  -3.633080E+000  -3.633083E+000   2.336810E-006
   28201      15     5.464481     6.451613  -1.060821E-011   3.755331E+000   2.037685E-006   3.755336E+000  -3.755331E+000  -3.755334E+000   3.328170E-006
   28201      16     4.950495     5.464481   1.583456E-012   9.596384E-001   5.601439E-003   9.768508E-001  -9.596384E-001  -9.712494E-001   1.161102E-002
   28201      17     3.333333     4.950495   2.353898E-013   5.066422E-001   1.069434E-001   7.784121E-001  -5.066422E-001  -6.714687E-001   1.648265E-001
   28301       1    40.000000 10000.000000  -4.116352E-011   1.747006E+001   9.113796E+000   1.954899E+001  -1.747006E+001  -1.043519E+001  -7.034870E+000
   28301       2    29.411765    40.000000  -3.140315E-010   1.936677E+001   2.142933E+000   1.998056E+001  -1.936677E+001  -1.783763E+001  -1.529135E+000
   28301       3    25.000000    29.411765  -4.088943E-010   1.571672E+001   7.330592E-001   1.596325E+001  -1.571672E+001  -1.523019E+001  -4.865326E-001
   28301       4    20.833333    25.000000  -5.391527E-010   2.284164E+001   4.314880E-001   2.300903E+001  -2.284164E+001  -2.257754E+001  -2.640963E-001
   28301       5    19.230769    20.833333  -5.870859E-013   1.170526E+001   9.463761E-002   1.174633E+001  -1.170526E+001  -1.165169E+001  -5.357214E-002
   28301       6    17.543860    19.230769  -2.272937E-011   1.443455E+001   1.988823E-001   1.453443E+001  -1.443455E+001  -1.433555E+001  -9.899984E-002
   28301       7    13.333333    17.543860   2.650644E-010   2.009386E+001   3.222426E+001   4.715435E+001  -2.009386E+001  -1.493009E+001  -5.163770E+000
   28301       8    11.627907    13.333333  -5.049738E-011   2.241907E+001   5.415833E-001   2.285063E+001  -2.241907E+001  -2.230905E+001  -1.100275E-001
   28301       9     9.009009    11.627907   1.029390E-010   3.436831E+001   1.184114E-001   3.449309E+001  -3.436831E+001  -3.437468E+001   6.373342E-003
   28301      10     8.695652     9.009009   1.457329E-011   3.626538E+000   8.122006E-007   3.626539E+000  -3.626538E+000  -3.626538E+000   1.085066E-007
   28301      11     8.333333     8.695652  -4.019501E-011   3.951469E+000   1.632565E-007   3.951470E+000  -3.951469E+000  -3.951470E+000   4.308910E-008
   28301      12     7.633588     8.333333  -2.472689E-011   6.759281E+000   3.114550E-006   6.759285E+000  -6.759281E+000  -6.759282E+000   1.256986E-006
   28301      13     7.042254     7.633588   5.421941E-012   4.670578E+000   3.753304E-006   4.670584E+000  -4.670578E+000  -4.670580E+000   2.266320E-006
   28301      14     6.451613     7.042254   2.248673E-012   3.616059E+000   2.055045E-006   3.616063E+000  -3.616059E+000  -3.616061E+000   2.337488E-006
   28301      15     5.464481     6.451613  -1.054845E-011   3.735611E+000   2.028028E-006   3.735616E+000  -3.735611E+000  -3.735614E+000   3.304007E-006
   28301      16     4.950495     5.464481   1.573200E-012   9.538706E-001   5.554141E-003   9.709882E-001  -9.538706E-001  -9.654341E-001   1.156349E-002
   28301      17     3.333333     4.950495   2.336586E-013   5.029965E-001   1.060021E-001   7.729914E-001  -5.029965E-001  -6.669893E-001   1.639928E-001
   28401       1    40.000000 10000.000000  -4.112799E-011   1.745180E+001   9.104157E+000   1.953129E+001  -1.745180E+001  -1.042713E+001  -7.024674E+000
   28401       2    29.411765    40.000000  -3.136797E-010   1.934322E+001   2.139765E+000   1.995711E+001  -1.934322E+001  -1.781735E+001  -1.525872E+000
   28401       3    25.000000    29.411765  -4.083436E-010   1.569520E+001   7.315442E-001   1.594166E+001  -1.569521E+001  -1.521012E+001  -4.850884E-001
   28401       4    20.833333    25.000000  -5.383178E-010   2.280642E+001   4.301556E-001   2.297361E+001  -2.280642E+001  -2.254345E+001  -2.629709E-001
   28401       5    19.230769    20.833333  -5.844214E-013   1.168539E+001   9.425535E-002   1.172638E+001  -1.168539E+001  -1.163212E+001  -5.327306E-002
   28401       6    17.543860    19.230769  -2.268852E-011   1.440844E+001   1.978478E-001   1.450799E+001  -1.440844E+001  -1.431014E+001  -9.829758E-002
   28401       7    13.333333    17.543860   2.644693E-010   2.004934E+001   3.213128E+001   4.705301E+001  -2.004934E+001  -1.492173E+001  -5.127606E+000
   28401       8    11.627907    13.333333  -5.036060E-011   2.236234E+001   5.375451E-001   2.279160E+001  -2.236234E+001  -2.225405E+001  -1.082862E-001
   28401       9     9.009009    11.627907   1.026006E-010   3.426235E+001   1.172991E-001   3.438625E+001  -3.426235E+001  -3.426895E+001   6.601966E-003
   28401      10     8.695652     9.009009   1.451733E-011   3.613548E+000   8.409342E-007   3.613549E+000  -3.613548E+000  -3.613548E+000   3.905022E-008
   28401      11     8.333333     8.695652  -4.003470E-011   3.936790E+000   1.769292E-007   3.936790E+000  -3.936790E+000  -3.936790E+000   1.042151E-008
   28401      12     7.633588     8.333333  -2.462164E-011   6.732529E+000   3.098124E-006   6.732533E+000  -6.732529E+000  -6.732530E+000   1.267856E-006
   28401      13     7.042254     7.633588   5.396628E-012   4.650516E+000   3.724242E-006   4.650522E+000  -4.650516E+000  -4.650518E+000   2.298843E-006
   28401      14     6.451613     7.042254   2.237294E-012   3.599214E+000   2.042474E-006   3.599218E+000  -3.599214E+000  -3.599216E+000   2.333658E-006
   28401      15     5.464481     6.451613  -1.048944E-011   3.716096E+000   2.007731E-006   3.716101E+000  -3.716096E+000  -3.716099E+000   3.299635E-006
   28401      16     4.950495     5.464481   1.563076E-012   9.481629E-001   5.507540E-003   9.651865E-001  -9.481629E-001  -9.596790E-001   1.151604E-002
   28401      17     3.333333     4.950495   2.319412E-013   4.993875E-001   1.050784E-001   7.676270E-001  -4.993875E-001  -6.625486E-001   1.631610E-001
   28501       1    40.000000 10000.000000  -4.109602E-011   1.743373E+001   9.094694E+000   1.951377E+001  -1.743373E+001  -1.041907E+001  -7.014662E+000
   28501       2    29.411765    40.000000  -3.133351E-010   1.931992E+001   2.136656E+000   1.993390E+001  -1.931992E+001  -1.779725E+001  -1.522668E+000
   28501       3    25.000000    29.411765  -4.078045E-010   1.567391E+001   7.300581E-001   1.592029E+001  -1.567391E+001  -1.519024E+001  -4.836716E-001
   28501       4    20.833333    25.000000  -5.374901E-010   2.277158E+001   4.288383E-001   2.293856E+001  -2.277158E+001  -2.250972E+001  -2.618606E-001
   28501       5    19.230769    20.833333  -5.844214E-013   1.166573E+001   9.387863E-002   1.170663E+001  -1.166573E+001  -1.161275E+001  -5.297895E-002
   28501       6    17.543860    19.230769  -2.264322E-011   1.438260E+001   1.968380E-001   1.448182E+001  -1.438260E+001  -1.428498E+001  -9.761208E-002
   28501       7    13.333333    17.543860   2.638867E-010   2.000532E+001   3.203949E+001   4.695272E+001  -2.000532E+001  -1.491323E+001  -5.092086E+000
   28501       8    11.627907    13.333333  -5.022383E-011   2.230617E+001   5.336033E-001   2.273318E+001  -2.230617E+001  -2.219958E+001  -1.065903E-001
   28501       9     9.009009    11.627907   1.022666E-010   3.415748E+001   1.162148E-001   3.428052E+001  -3.415748E+001  -3.416430E+001   6.824334E-003
   28501      10     8.695652     9.009009   1.446193E-011   3.600692E+000   8.155147E-007   3.600693E+000  -3.600692E+000  -3.600692E+000   8.342406E-008
   28501      11     8.333333     8.695652  -3.987644E-011   3.922262E+000   1.670497E-007   3.922263E+000  -3.922262E+000  -3.922262E+000   3.279683E-008
   28501      12     7.633588     8.333333  -2.451772E-011   6.706055E+000   3.067762E-006   6.706059E+000  -6.706055E+000  -6.706056E+000   1.313528E-006
   28501      13     7.042254     7.633588   5.371981E-012   4.630662E+000   3.714950E-006   4.630668E+000  -4.630662E+000  -4.630665E+000   2.292951E-006
   28501      14     6.451613     7.042254   2.226302E-012   3.582544E+000   2.024984E-006   3.582548E+000  -3.582544E+000  -3.582546E+000   2.337768E-006
   28501      15     5.464481     6.451613  -1.043104E-011   3.696783E+000   1.994211E-006   3.696789E+000  -3.696783E+000  -3.696787E+000   3.288012E-006
   28501      16     4.950495     5.464481   1.553056E-012   9.425149E-001   5.461899E-003   9.594450E-001  -9.425149E-001  -9.539832E-001   1.146829E-002
   28501      17     3.333333     4.950495   2.302533E-013   4.958140E-001   1.041712E-001   7.623183E-001  -4.958140E-001  -6.581470E-001   1.623330E-001
   28601       1    40.000000 10000.000000  -4.106404E-011   1.741586E+001   9.085355E+000   1.949643E+001  -1.741586E+001  -1.041107E+001  -7.004785E+000
   28601       2    29.411765    40.000000  -3.129834E-010   1.929686E+001   2.133574E+000   1.991094E+001  -1.929686E+001  -1.777736E+001  -1.519500E+000
   28601       3    25.000000    29.411765  -4.072680E-010   1.565284E+001   7.285870E-001   1.589915E+001  -1.565284E+001  -1.517056E+001  -4.822719E-001
   28601       4    20.833333    25.000000  -5.366676E-010   2.273709E+001   4.275402E-001   2.290387E+001  -2.273709E+001  -2.247633E+001  -2.607673E-001
   28601       5    19.230769    20.833333  -5.826450E-013   1.164627E+001   9.350861E-002   1.168709E+001  -1.164627E+001  -1.159358E+001  -5.269038E-002
   28601       6    17.543860    19.230769  -2.260414E-011   1.435702E+001   1.958451E-001   1.445593E+001  -1.435702E+001  -1.426008E+001  -9.693911E-002
   28601       7    13.333333    17.543860   2.633023E-010   1.996183E+001   3.194884E+001   4.685347E+001  -1.996183E+001  -1.490463E+001  -5.057191E+000
   28601       8    11.627907    13.333333  -5.008971E-011   2.225058E+001   5.297266E-001   2.267537E+001  -2.225058E+001  -2.214565E+001  -1.049311E-001
   28601       9     9.009009    11.627907   1.019380E-010   3.405370E+001   1.151478E-001   3.417589E+001  -3.405370E+001  -3.406074E+001   7.044163E-003
   28601      10     8.695652     9.009009   1.440736E-011   3.587971E+000   8.224995E-007   3.587972E+000  -3.587971E+000  -3.587971E+000   4.442337E-008
   28601      11     8.333333     8.695652  -3.971973E-011   3.907886E+000   1.472370E-007   3.907886E+000  -3.907886E+000  -3.907886E+000   6.572620E-008
   28601      12     7.633588     8.333333  -2.441547E-011   6.679856E+000   3.087350E-006   6.679860E+000  -6.679856E+000  -6.679857E+000   1.261512E-006
   28601      13     7.042254     7.633588   5.347667E-012   4.611015E+000   3.684742E-006   4.611021E+000  -4.611015E+000  -4.611018E+000   2.324918E-006
   28601      14     6.451613     7.042254   2.215145E-012   3.566047E+000   2.018628E-006   3.566051E+000  -3.566047E+000  -3.566049E+000   2.321414E-006
   28601      15     5.464481     6.451613  -1.037342E-011   3.677672E+000   1.985513E-006   3.677677E+000  -3.677672E+000  -3.677675E+000   3.260169E-006
   28601      16     4.950495     5.464481   1.543154E-012   9.369260E-001   5.417221E-003   9.537633E-001  -9.369260E-001  -9.483461E-001   1.142015E-002
   28601      17     3.333333     4.950495   2.285793E-013   4.922787E-001   1.032803E-001   7.570648E-001  -4.922787E-001  -6.537845E-001   1.615058E-001
   28701       1    40.000000 10000.000000  -4.103207E-011   1.739817E+001   9.076137E+000   1.947927E+001  -1.739817E+001  -1.040313E+001  -6.995040E+000
   28701       2    29.411765    40.000000  -3.126353E-010   1.927406E+001   2.130519E+000   1.988821E+001  -1.927406E+001  -1.775769E+001  -1.516366E+000
   28701       3    25.000000    29.411765  -4.067369E-010   1.563199E+001   7.271306E-001   1.587823E+001  -1.563199E+001  -1.515110E+001  -4.808892E-001
   28701       4    20.833333    25.000000  -5.358629E-010   2.270297E+001   4.262610E-001   2.286954E+001  -2.270297E+001  -2.244328E+001  -2.596906E-001
   28701       5    19.230769    20.833333  -5.808687E-013   1.162702E+001   9.314489E-002   1.166776E+001  -1.162702E+001  -1.157461E+001  -5.240664E-002
   28701       6    17.543860    19.230769  -2.256151E-011   1.433171E+001   1.948667E-001   1.443030E+001  -1.433171E+001  -1.423543E+001  -9.627727E-002
   28701       7    13.333333    17.543860   2.627303E-010   1.991886E+001   3.185923E+001   4.675526E+001  -1.991886E+001  -1.489603E+001  -5.022829E+000
   28701       8    11.627907    13.333333  -4.995471E-011   2.219557E+001   5.259064E-001   2.261817E+001  -2.219557E+001  -2.209226E+001  -1.033069E-001
   28701       9     9.009009    11.627907   1.016112E-010   3.395099E+001   1.140998E-001   3.407235E+001  -3.395099E+001  -3.395825E+001   7.253845E-003
   28701      10     8.695652     9.009009   1.435324E-011   3.575382E+000   7.964142E-007   3.575383E+000  -3.575382E+000  -3.575382E+000   8.768935E-008
   28701      11     8.333333     8.695652  -3.956496E-011   3.893660E+000   1.608211E-007   3.893660E+000  -3.893660E+000  -3.893660E+000   3.604086E-008
   28701      12     7.633588     8.333333  -2.431411E-011   6.653930E+000   3.084786E-006   6.653934E+000  -6.653930E+000  -6.653931E+000   1.248697E-006
   28701      13     7.042254     7.633588   5.323519E-012   4.591573E+000   3.686708E-006   4.591579E+000  -4.591573E+000  -4.591575E+000   2.297105E-006
   28701      14     6.451613     7.042254   2.204459E-012   3.549722E+000   2.014922E-006   3.549726E+000  -3.549722E+000  -3.549724E+000   2.296579E-006
   28701      15     5.464481     6.451613  -1.031647E-011   3.658759E+000   1.976216E-006   3.658764E+000  -3.658759E+000  -3.658762E+000   3.234854E-006
   28701      16     4.950495     5.464481   1.533385E-012   9.313955E-001   5.373259E-003   9.481407E-001  -9.313955E-001  -9.427675E-001   1.137199E-002
   28701      17     3.333333     4.950495   2.269244E-013   4.887839E-001   1.024045E-001   7.518660E-001  -4.887839E-001  -6.494614E-001   1.606775E-001
   28801       1    40.000000 10000.000000  -4.099654E-011   1.738068E+001   9.067019E+000   1.946229E+001  -1.738068E+001  -1.039527E+001  -6.985413E+000
   28801       2    29.411765    40.000000  -3.123013E-010   1.925149E+001   2.127500E+000   1.986572E+001  -1.925149E+001  -1.773822E+001  -1.513273E+000
   28801       3    25.000000    29.411765  -4.062120E-010   1.561136E+001   7.256918E-001   1.585752E+001  -1.561136E+001  -1.513183E+001  -4.795256E-001
   28801       4    20.833333    25.000000  -5.350600E-010   2.266920E+001   4.249980E-001   2.283557E+001  -2.266920E+001  -2.241057E+001  -2.586294E-001
   28801       5    19.230769    20.833333  -5.790923E-013   1.160796E+001   9.278580E-002   1.164862E+001  -1.160796E+001  -1.155583E+001  -5.212683E-002
   28801       6    17.543860    19.230769  -2.252154E-011   1.430667E+001   1.939020E-001   1.440494E+001  -1.430667E+001  -1.421104E+001  -9.562609E-002
   28801       7    13.333333    17.543860   2.621654E-010   1.987645E+001   3.177077E+001   4.665807E+001  -1.987645E+001  -1.488730E+001  -4.989150E+000
   28801       8    11.627907    13.333333  -4.982592E-011   2.214113E+001   5.221441E-001   2.256156E+001  -2.214113E+001  -2.203941E+001  -1.017214E-001
   28801       9     9.009009    11.627907   1.012896E-010   3.384936E+001   1.130736E-001   3.396988E+001  -3.384936E+001  -3.385681E+001   7.446782E-003
   28801      10     8.695652     9.009009   1.430006E-011   3.562924E+000   7.839068E-007   3.562924E+000  -3.562924E+000  -3.562924E+000   1.042942E-007
   28801      11     8.333333     8.695652  -3.941236E-011   3.879581E+000   1.595626E-007   3.879581E+000  -3.879581E+000  -3.879581E+000   3.648008E-008
   28801      12     7.633588     8.333333  -2.421419E-011   6.628273E+000   3.035159E-006   6.628278E+000  -6.628273E+000  -6.628275E+000   1.331254E-006
   28801      13     7.042254     7.633588   5.299650E-012   4.572333E+000   3.662699E-006   4.572339E+000  -4.572333E+000  -4.572335E+000   2.316999E-006
   28801      14     6.451613     7.042254   2.193579E-012   3.533567E+000   1.986161E-006   3.533571E+000  -3.533567E+000  -3.533569E+000   2.329024E-006
   28801      15     5.464481     6.451613  -1.026024E-011   3.640043E+000   1.973453E-006   3.640049E+000  -3.640043E+000  -3.640047E+000   3.197336E-006
   28801      16     4.950495     5.464481   1.523726E-012   9.259229E-001   5.330108E-003   9.425766E-001  -9.259229E-001  -9.372465E-001   1.132366E-002
   28801      17     3.333333     4.950495   2.252937E-013   4.853326E-001   1.015480E-001   7.467213E-001  -4.853326E-001  -6.451732E-001   1.598406E-001
   28901       1    40.000000 10000.000000  -4.097167E-011   1.736338E+001   9.058043E+000   1.944549E+001  -1.736338E+001  -1.038744E+001  -6.975932E+000
   28901       2    29.411765    40.000000  -3.119656E-010   1.922916E+001   2.124516E+000   1.984346E+001  -1.922916E+001  -1.771895E+001  -1.510219E+000
   28901       3    25.000000    29.411765  -4.057004E-010   1.559094E+001   7.242720E-001   1.583703E+001  -1.559094E+001  -1.511276E+001  -4.781811E-001
   28901       4    20.833333    25.000000  -5.342731E-010   2.263578E+001   4.237517E-001   2.280195E+001  -2.263578E+001  -2.237820E+001  -2.575826E-001
   28901       5    19.230769    20.833333  -5.799805E-013   1.158910E+001   9.243286E-002   1.162969E+001  -1.158910E+001  -1.153725E+001  -5.185168E-002
   28901       6    17.543860    19.230769  -2.247891E-011   1.428188E+001   1.929559E-001   1.437985E+001  -1.428188E+001  -1.418689E+001  -9.498762E-002
   28901       7    13.333333    17.543860   2.616041E-010   1.983452E+001   3.168332E+001   4.656189E+001  -1.983452E+001  -1.487857E+001  -4.955955E+000
   28901       8    11.627907    13.333333  -4.969269E-011   2.208725E+001   5.184519E-001   2.250553E+001  -2.208725E+001  -2.198708E+001  -1.001685E-001
   28901       9     9.009009    11.627907   1.009726E-010   3.374878E+001   1.120678E-001   3.386849E+001  -3.374878E+001  -3.375642E+001   7.635991E-003
   28901      10     8.695652     9.009009   1.424744E-011   3.550595E+000   7.865045E-007   3.550596E+000  -3.550595E+000  -3.550595E+000   8.672548E-008
   28901      11     8.333333     8.695652  -3.926165E-011   3.865649E+000   1.641120E-007   3.865650E+000  -3.865649E+000  -3.865649E+000   2.399635E-008
   28901      12     7.633588     8.333333  -2.411549E-011   6.602884E+000   3.070892E-006   6.602889E+000  -6.602884E+000  -6.602885E+000   1.243976E-006
   28901      13     7.042254     7.633588   5.276057E-012   4.553293E+000   3.644336E-006   4.553299E+000  -4.553293E+000  -4.553295E+000   2.328600E-006
   28901      14     6.451613     7.042254   2.183032E-012   3.517580E+000   1.999959E-006   3.517584E+000  -3.517580E+000  -3.517582E+000   2.271399E-006
   28901      15     5.464481     6.451613  -1.020464E-011   3.621523E+000   1.942118E-006   3.621528E+000  -3.621523E+000  -3.621526E+000   3.219270E-006
   28901      16     4.950495     5.464481   1.514209E-012   9.205074E-001   5.287524E-003   9.370705E-001  -9.205074E-001  -9.317830E-001   1.127557E-002
   28901      17     3.333333     4.950495   2.236804E-013   4.819173E-001   1.007029E-001   7.416302E-001  -4.819173E-001  -6.409272E-001   1.590099E-001
   29001       1    40.000000 10000.000000  -4.093614E-011   1.734624E+001   9.049217E+000   1.942886E+001  -1.734624E+001  -1.037964E+001  -6.966603E+000
   29001       2    29.411765    40.000000  -3.116369E-010   1.920708E+001   2.121564E+000   1.982144E+001  -1.920708E+001  -1.769987E+001  -1.507203E+000
   29001       3    25.000000    29.411765  -4.051879E-010   1.557074E+001   7.228704E-001   1.581675E+001  -1.557074E+001  -1.509388E+001  -4.768557E-001
   29001       4    20.833333    25.000000  -5.334950E-010   2.260271E+001   4.225236E-001   2.276868E+001  -2.260271E+001  -2.234616E+001  -2.565520E-001
   29001       5    19.230769    20.833333  -5.808687E-013   1.157044E+001   9.208712E-002   1.161095E+001  -1.157044E+001  -1.151886E+001  -5.158235E-002
   29001       6    17.543860    19.230769  -2.244160E-011   1.425735E+001   1.920302E-001   1.435502E+001  -1.425735E+001  -1.416298E+001  -9.436329E-002
   29001       7    13.333333    17.543860   2.610534E-010   1.979307E+001   3.159689E+001   4.646671E+001  -1.979307E+001  -1.486983E+001  -4.923238E+000
   29001       8    11.627907    13.333333  -4.956568E-011   2.203391E+001   5.148361E-001   2.245010E+001  -2.203391E+001  -2.193526E+001  -9.865339E-002
   29001       9     9.009009    11.627907   1.006626E-010   3.364924E+001   1.110812E-001   3.376815E+001  -3.364924E+001  -3.365707E+001   7.824956E-003
   29001      10     8.695652     9.009009   1.419531E-011   3.538395E+000   7.649605E-007   3.538396E+000  -3.538395E+000  -3.538395E+000   1.181575E-007
   29001      11     8.333333     8.695652  -3.911244E-011   3.851863E+000   1.458637E-007   3.851863E+000  -3.851863E+000  -3.851863E+000   6.104011E-008
   29001      12     7.633588     8.333333  -2.401723E-011   6.577760E+000   3.039156E-006   6.577764E+000  -6.577760E+000  -6.577761E+000   1.296006E-006
   29001      13     7.042254     7.633588   5.252798E-012   4.534452E+000   3.644835E-006   4.534458E+000  -4.534452E+000  -4.534454E+000   2.299716E-006
   29001      14     6.451613     7.042254   2.172568E-012   3.501760E+000   1.972813E-006   3.501764E+000  -3.501760E+000  -3.501762E+000   2.296824E-006
   29001      15     5.464481     6.451613  -1.014971E-011   3.603195E+000   1.911483E-006   3.603200E+000  -3.603195E+000  -3.603198E+000   3.245437E-006
   29001      16     4.950495     5.464481   1.504769E-012   9.151488E-001   5.245840E-003   9.316218E-001  -9.151488E-001  -9.263760E-001   1.122721E-002
   29001      17     3.333333     4.950495   2.220862E-013   4.785365E-001   9.987001E-002   7.365921E-001  -4.785365E-001  -6.367221E-001   1.581856E-001
   29101       1    40.000000 10000.000000  -4.090595E-011   1.732930E+001   9.040488E+000   1.941240E+001  -1.732930E+001  -1.037192E+001  -6.957384E+000
   29101       2    29.411765    40.000000  -3.113083E-010   1.918522E+001   2.118645E+000   1.979964E+001  -1.918522E+001  -1.768100E+001  -1.504224E+000
   29101       3    25.000000    29.411765  -4.046807E-010   1.555075E+001   7.214850E-001   1.579669E+001  -1.555075E+001  -1.507520E+001  -4.755469E-001
   29101       4    20.833333    25.000000  -5.327188E-010   2.256999E+001   4.213107E-001   2.273576E+001  -2.256999E+001  -2.231445E+001  -2.555354E-001
   29101       5    19.230769    20.833333  -5.799805E-013   1.155198E+001   9.174569E-002   1.159240E+001  -1.155198E+001  -1.150066E+001  -5.131669E-002
   29101       6    17.543860    19.230769  -2.240164E-011   1.423307E+001   1.911171E-001   1.433044E+001  -1.423307E+001  -1.413932E+001  -9.374884E-002
   29101       7    13.333333    17.543860   2.605081E-010   1.975203E+001   3.151139E+001   4.637253E+001  -1.975203E+001  -1.486114E+001  -4.890895E+000
   29101       8    11.627907    13.333333  -4.943690E-011   2.198113E+001   5.112717E-001   2.239524E+001  -2.198113E+001  -2.188396E+001  -9.716794E-002
   29101       9     9.009009    11.627907   1.003491E-010   3.355073E+001   1.101104E-001   3.366885E+001  -3.355073E+001  -3.355874E+001   8.007770E-003
   29101      10     8.695652     9.009009   1.414374E-011   3.526323E+000   7.803239E-007   3.526323E+000  -3.526323E+000  -3.526323E+000   7.725484E-008
   29101      11     8.333333     8.695652  -3.896461E-011   3.838220E+000   1.498268E-007   3.838220E+000  -3.838220E+000  -3.838220E+000   4.676368E-008
   29101      12     7.633588     8.333333  -2.392087E-011   6.552897E+000   3.038534E-006   6.552902E+000  -6.552897E+000  -6.552899E+000   1.284455E-006
   29101      13     7.042254     7.633588   5.229761E-012   4.515807E+000   3.621320E-006   4.515813E+000  -4.515807E+000  -4.515809E+000   2.323862E-006
   29101      14     6.451613     7.042254   2.162159E-012   3.486105E+000   1.940530E-006   3.486109E+000  -3.486105E+000  -3.486107E+000   2.333687E-006
   29101      15     5.464481     6.451613  -1.009531E-011   3.585058E+000   1.907194E-006   3.585063E+000  -3.585058E+000  -3.585061E+000   3.208681E-006
   29101      16     4.950495     5.464481   1.495429E-012   9.098461E-001   5.204824E-003   9.262299E-001  -9.098461E-001  -9.210251E-001   1.117896E-002
   29101      17     3.333333     4.950495   2.205059E-013   4.752053E-001   9.903115E-002   7.316066E-001  -4.752053E-001  -6.325755E-001   1.573701E-001
   29201       1    40.000000 10000.000000  -4.087752E-011   1.731254E+001   9.031854E+000   1.939612E+001  -1.731254E+001  -1.036427E+001  -6.948274E+000
   29201       2    29.411765    40.000000  -3.109726E-010   1.916360E+001   2.115760E+000   1.977807E+001  -1.916360E+001  -1.766231E+001  -1.501282E+000
   29201       3    25.000000    29.411765  -4.041807E-010   1.553097E+001   7.201164E-001   1.577683E+001  -1.553097E+001  -1.505672E+001  -4.742560E-001
   29201       4    20.833333    25.000000  -5.319514E-010   2.253761E+001   4.201130E-001   2.270319E+001  -2.253761E+001  -2.228307E+001  -2.545334E-001
   29201       5    19.230769    20.833333  -5.773160E-013   1.153370E+001   9.140861E-002   1.157406E+001  -1.153370E+001  -1.148265E+001  -5.105484E-002
   29201       6    17.543860    19.230769  -2.236167E-011   1.420905E+001   1.902166E-001   1.430612E+001  -1.420905E+001  -1.411591E+001  -9.314432E-002
   29201       7    13.333333    17.543860   2.599609E-010   1.971143E+001   3.142691E+001   4.627933E+001  -1.971143E+001  -1.485242E+001  -4.859010E+000
   29201       8    11.627907    13.333333  -4.931078E-011   2.192890E+001   5.077608E-001   2.234095E+001  -2.192890E+001  -2.183319E+001  -9.571768E-002
   29201       9     9.009009    11.627907   1.000391E-010   3.345326E+001   1.091592E-001   3.357059E+001  -3.345326E+001  -3.346144E+001   8.176399E-003
   29201      10     8.695652     9.009009   1.409245E-011   3.514376E+000   7.684276E-007   3.514377E+000  -3.514376E+000  -3.514376E+000   8.533865E-008
   29201      11     8.333333     8.695652  -3.881806E-011   3.824719E+000   1.517872E-007   3.824720E+000  -3.824719E+000  -3.824719E+000   3.969042E-008
   29201      12     7.633588     8.333333  -2.382483E-011   6.528294E+000   3.021820E-006   6.528298E+000  -6.528294E+000  -6.528295E+000   1.298148E-006
   29201      13     7.042254     7.633588   5.206835E-012   4.497357E+000   3.606386E-006   4.497363E+000  -4.497357E+000  -4.497359E+000   2.326625E-006
   29201      14     6.451613     7.042254   2.151890E-012   3.470613E+000   1.943444E-006   3.470617E+000  -3.470613E+000  -3.470615E+000   2.298056E-006
   29201      15     5.464481     6.451613  -1.004130E-011   3.567111E+000   1.891635E-006   3.567116E+000  -3.567111E+000  -3.567114E+000   3.199420E-006
   29201      16     4.950495     5.464481   1.486165E-012   9.045991E-001   5.164589E-003   9.208942E-001  -9.045991E-001  -9.157296E-001   1.113057E-002
   29201      17     3.333333     4.950495   2.189429E-013   4.719319E-001   9.818901E-002   7.266731E-001  -4.719319E-001  -6.284841E-001   1.565521E-001
   29301       1    40.000000 10000.000000  -4.084377E-011   1.729596E+001   9.023348E+000   1.938001E+001  -1.729596E+001  -1.035666E+001  -6.939294E+000
   29301       2    29.411765    40.000000  -3.106617E-010   1.914220E+001   2.112890E+000   1.975673E+001  -1.914220E+001  -1.764384E+001  -1.498365E+000
   29301       3    25.000000    29.411765  -4.036842E-010   1.551140E+001   7.187582E-001   1.575718E+001  -1.551140E+001  -1.503843E+001  -4.729782E-001
   29301       4    20.833333    25.000000  -5.311946E-010   2.250556E+001   4.189350E-001   2.267095E+001  -2.250556E+001  -2.225201E+001  -2.535474E-001
   29301       5    19.230769    20.833333  -5.773160E-013   1.151562E+001   9.107867E-002   1.155590E+001  -1.151562E+001  -1.146482E+001  -5.079793E-002
   29301       6    17.543860    19.230769  -2.232348E-011   1.418523E+001   1.892839E-001   1.428206E+001  -1.418523E+001  -1.409278E+001  -9.245889E-002
   29301       7    13.333333    17.543860   2.594263E-010   1.967141E+001   3.134344E+001   4.618710E+001  -1.967141E+001  -1.484366E+001  -4.827750E+000
   29301       8    11.627907    13.333333  -4.918643E-011   2.187722E+001   5.042993E-001   2.228723E+001  -2.187722E+001  -2.178293E+001  -9.429624E-002
   29301       9     9.009009    11.627907   9.973800E-011   3.335680E+001   1.082231E-001   3.347336E+001  -3.335680E+001  -3.336514E+001   8.339021E-003
   29301      10     8.695652     9.009009   1.404205E-011   3.502554E+000   7.589754E-007   3.502555E+000  -3.502554E+000  -3.502554E+000   9.042576E-008
   29301      11     8.333333     8.695652  -3.867356E-011   3.811360E+000   1.588807E-007   3.811360E+000  -3.811360E+000  -3.811360E+000   2.257659E-008
   29301      12     7.633588     8.333333  -2.373035E-011   6.503948E+000   2.993176E-006   6.503952E+000  -6.503948E+000  -6.503949E+000   1.339872E-006
   29301      13     7.042254     7.633588   5.184297E-012   4.479099E+000   3.595424E-006   4.479105E+000  -4.479099E+000  -4.479101E+000   2.326784E-006
   29301      14     6.451613     7.042254   2.141648E-012   3.455283E+000   1.946920E-006   3.455287E+000  -3.455283E+000  -3.455285E+000   2.263760E-006
   29301      15     5.464481     6.451613  -9.988121E-012   3.549350E+000   1.882249E-006   3.549355E+000  -3.549350E+000  -3.549353E+000   3.176719E-006
   29301      16     4.950495     5.464481   1.477044E-012   8.994070E-001   5.124959E-003   9.156142E-001  -8.994070E-001  -9.104892E-001   1.108222E-002
   29301      17     3.333333     4.950495   2.174008E-013   4.687017E-001   9.735971E-002   7.217910E-001  -4.687017E-001  -6.244313E-001   1.557296E-001
   29401       1    40.000000 10000.000000  -4.081713E-011   1.727954E+001   9.014969E+000   1.936407E+001  -1.727954E+001  -1.034910E+001  -6.930447E+000
   29401       2    29.411765    40.000000  -3.103455E-010   1.912104E+001   2.110062E+000   1.973561E+001  -1.912104E+001  -1.762555E+001  -1.495491E+000
   29401       3    25.000000    29.411765  -4.031975E-010   1.549204E+001   7.174211E-001   1.573774E+001  -1.549204E+001  -1.502032E+001  -4.717204E-001
   29401       4    20.833333    25.000000  -5.304575E-010   2.247385E+001   4.177706E-001   2.263905E+001  -2.247385E+001  -2.222128E+001  -2.525738E-001
   29401       5    19.230769    20.833333  -5.764278E-013   1.149772E+001   9.075379E-002   1.153793E+001  -1.149772E+001  -1.144718E+001  -5.054520E-002
   29401       6    17.543860    19.230769  -2.228440E-011   1.416171E+001   1.884169E-001   1.425825E+001  -1.416171E+001  -1.406983E+001  -9.187727E-002
   29401       7    13.333333    17.543860   2.589040E-010   1.963191E+001   3.126102E+001   4.609584E+001  -1.963191E+001  -1.483481E+001  -4.797095E+000
   29401       8    11.627907    13.333333  -4.906475E-011   2.182606E+001   5.009158E-001   2.223407E+001  -2.182606E+001  -2.173315E+001  -9.291039E-002
   29401       9     9.009009    11.627907   9.943868E-011   3.326134E+001   1.073096E-001   3.337714E+001  -3.326134E+001  -3.326983E+001   8.496813E-003
   29401      10     8.695652     9.009009   1.399231E-011   3.490855E+000   7.531397E-007   3.490856E+000  -3.490855E+000  -3.490855E+000   9.184218E-008
   29401      11     8.333333     8.695652  -3.853112E-011   3.798139E+000   1.575751E-007   3.798140E+000  -3.798139E+000  -3.798139E+000   2.617393E-008
   29401      12     7.633588     8.333333  -2.363709E-011   6.479855E+000   2.989789E-006   6.479860E+000  -6.479855E+000  -6.479857E+000   1.330929E-006
   29401      13     7.042254     7.633588   5.161982E-012   4.461032E+000   3.583111E-006   4.461038E+000  -4.461032E+000  -4.461034E+000   2.329266E-006
   29401      14     6.451613     7.042254   2.131711E-012   3.440113E+000   1.914578E-006   3.440117E+000  -3.440113E+000  -3.440115E+000   2.303744E-006
   29401      15     5.464481     6.451613  -9.935552E-012   3.531775E+000   1.855510E-006   3.531780E+000  -3.531775E+000  -3.531779E+000   3.193725E-006
   29401      16     4.950495     5.464481   1.468017E-012   8.942694E-001   5.085933E-003   9.103893E-001  -8.942694E-001  -9.053034E-001   1.103401E-002
   29401      17     3.333333     4.950495   2.158777E-013   4.655053E-001   9.654392E-002   7.169600E-001  -4.655053E-001  -6.204160E-001   1.549107E-001
   29501       1    40.000000 10000.000000  -4.078693E-011   1.726331E+001   9.006696E+000   1.934829E+001  -1.726331E+001  -1.034159E+001  -6.921714E+000
   29501       2    29.411765    40.000000  -3.100347E-010   1.910009E+001   2.107271E+000   1.971471E+001  -1.910009E+001  -1.760744E+001  -1.492655E+000
   29501       3    25.000000    29.411765  -4.027134E-010   1.547288E+001   7.161021E-001   1.571850E+001  -1.547288E+001  -1.500240E+001  -4.704805E-001
   29501       4    20.833333    25.000000  -5.297203E-010   2.244247E+001   4.166202E-001   2.260748E+001  -2.244247E+001  -2.219086E+001  -2.516135E-001
   29501       5    19.230769    20.833333  -5.737633E-013   1.148001E+001   9.043341E-002   1.152015E+001  -1.148001E+001  -1.142972E+001  -5.029656E-002
   29501       6    17.543860    19.230769  -2.224532E-011   1.413842E+001   1.875640E-001   1.423468E+001  -1.413842E+001  -1.404712E+001  -9.130598E-002
   29501       7    13.333333    17.543860   2.583782E-010   1.959287E+001   3.117982E+001   4.600552E+001  -1.959287E+001  -1.482570E+001  -4.767168E+000
   29501       8    11.627907    13.333333  -4.894130E-011   2.177543E+001   4.975900E-001   2.218146E+001  -2.177543E+001  -2.168387E+001  -9.155634E-002
   29501       9     9.009009    11.627907   9.914025E-011   3.316687E+001   1.064108E-001   3.328193E+001  -3.316687E+001  -3.317552E+001   8.653032E-003
   29501      10     8.695652     9.009009   1.394318E-011   3.479279E+000   7.375795E-007   3.479279E+000  -3.479279E+000  -3.479279E+000   1.149603E-007
   29501      11     8.333333     8.695652  -3.839024E-011   3.785057E+000   1.480661E-007   3.785057E+000  -3.785057E+000  -3.785057E+000   4.397218E-008
   29501      12     7.633588     8.333333  -2.354483E-011   6.456015E+000   2.983195E-006   6.456019E+000  -6.456015E+000  -6.456016E+000   1.330427E-006
   29501      13     7.042254     7.633588   5.140111E-012   4.443153E+000   3.566645E-006   4.443159E+000  -4.443153E+000  -4.443156E+000   2.334483E-006
   29501      14     6.451613     7.042254   2.121858E-012   3.425101E+000   1.902422E-006   3.425105E+000  -3.425101E+000  -3.425103E+000   2.300120E-006
   29501      15     5.464481     6.451613  -9.883760E-012   3.514384E+000   1.851289E-006   3.514389E+000  -3.514384E+000  -3.514387E+000   3.167463E-006
   29501      16     4.950495     5.464481   1.459121E-012   8.891856E-001   5.047696E-003   9.052190E-001  -8.891856E-001  -9.001713E-001   1.098570E-002
   29501      17     3.333333     4.950495   2.143719E-013   4.623137E-001   9.577810E-002   7.121794E-001  -4.623137E-001  -6.164013E-001   1.540875E-001
   29601       1    40.000000 10000.000000  -4.074785E-011   1.724724E+001   8.998512E+000   1.933267E+001  -1.724724E+001  -1.033416E+001  -6.913078E+000
   29601       2    29.411765    40.000000  -3.097202E-010   1.907937E+001   2.104509E+000   1.969403E+001  -1.907937E+001  -1.758952E+001  -1.489850E+000
   29601       3    25.000000    29.411765  -4.022400E-010   1.545392E+001   7.147976E-001   1.569946E+001  -1.545392E+001  -1.498466E+001  -4.692548E-001
   29601       4    20.833333    25.000000  -5.289902E-010   2.241143E+001   4.154837E-001   2.257624E+001  -2.241143E+001  -2.216076E+001  -2.506654E-001
   29601       5    19.230769    20.833333  -5.737633E-013   1.146249E+001   9.011706E-002   1.150255E+001  -1.146249E+001  -1.141244E+001  -5.005119E-002
   29601       6    17.543860    19.230769  -2.220979E-011   1.411539E+001   1.867221E-001   1.421137E+001  -1.411539E+001  -1.402464E+001  -9.074277E-002
   29601       7    13.333333    17.543860   2.578613E-010   1.955430E+001   3.109955E+001   4.591616E+001  -1.955430E+001  -1.481661E+001  -4.737695E+000
   29601       8    11.627907    13.333333  -4.882228E-011   2.172532E+001   4.943089E-001   2.212941E+001  -2.172532E+001  -2.163510E+001  -9.022614E-002
   29601       9     9.009009    11.627907   9.884804E-011   3.307338E+001   1.055251E-001   3.318772E+001  -3.307338E+001  -3.308219E+001   8.805648E-003
   29601      10     8.695652     9.009009   1.389450E-011   3.467823E+000   7.504408E-007   3.467824E+000  -3.467823E+000  -3.467823E+000   7.892564E-008
   29601      11     8.333333     8.695652  -3.825101E-011   3.772112E+000   1.523303E-007   3.772112E+000  -3.772112E+000  -3.772112E+000   3.091194E-008
   29601      12     7.633588     8.333333  -2.345324E-011   6.432424E+000   2.995246E-006   6.432428E+000  -6.432424E+000  -6.432425E+000   1.292264E-006
   29601      13     7.042254     7.633588   5.118350E-012   4.425462E+000   3.555339E-006   4.425468E+000  -4.425462E+000  -4.425464E+000   2.332258E-006
   29601      14     6.451613     7.042254   2.112088E-012   3.410246E+000   1.900149E-006   3.410250E+000  -3.410246E+000  -3.410248E+000   2.280902E-006
   29601      15     5.464481     6.451613  -9.832551E-012   3.497175E+000   1.841608E-006   3.497180E+000  -3.497175E+000  -3.497178E+000   3.146493E-006
   29601      16     4.950495     5.464481   1.450323E-012   8.841551E-001   5.009952E-003   9.001028E-001  -8.841551E-001  -8.950929E-001   1.093774E-002
   29601      17     3.333333     4.950495   2.128870E-013   4.591470E-001   9.503576E-002   7.074488E-001  -4.591470E-001  -6.124130E-001   1.532660E-001
   29701       1    40.000000 10000.000000  -4.073009E-011   1.723134E+001   8.990454E+000   1.931723E+001  -1.723134E+001  -1.032677E+001  -6.904566E+000
   29701       2    29.411765    40.000000  -3.094183E-010   1.905887E+001   2.101761E+000   1.967356E+001  -1.905887E+001  -1.757180E+001  -1.487068E+000
   29701       3    25.000000    29.411765  -4.017693E-010   1.543516E+001   7.135030E-001   1.568062E+001  -1.543516E+001  -1.496712E+001  -4.680419E-001
   29701       4    20.833333    25.000000  -5.282743E-010   2.238070E+001   4.143664E-001   2.254533E+001  -2.238070E+001  -2.213097E+001  -2.497332E-001
   29701       5    19.230769    20.833333  -5.710987E-013   1.144515E+001   8.980760E-002   1.148514E+001  -1.144515E+001  -1.139534E+001  -4.981065E-002
   29701       6    17.543860    19.230769  -2.217337E-011   1.409259E+001   1.858929E-001   1.418829E+001  -1.409259E+001  -1.400240E+001  -9.018891E-002
   29701       7    13.333333    17.543860   2.573568E-010   1.951623E+001   3.102024E+001   4.582772E+001  -1.951623E+001  -1.480748E+001  -4.708743E+000
   29701       8    11.627907    13.333333  -4.870504E-011   2.167575E+001   4.910754E-001   2.207790E+001  -2.167575E+001  -2.158682E+001  -8.892604E-002
   29701       9     9.009009    11.627907   9.855761E-011   3.298088E+001   1.046572E-001   3.309448E+001  -3.298088E+001  -3.298983E+001   8.945103E-003
   29701      10     8.695652     9.009009   1.384665E-011   3.456488E+000   7.349842E-007   3.456489E+000  -3.456488E+000  -3.456488E+000   9.358068E-008
   29701      11     8.333333     8.695652  -3.811379E-011   3.759302E+000   1.520415E-007   3.759302E+000  -3.759302E+000  -3.759302E+000   2.993383E-008
   29701      12     7.633588     8.333333  -2.336364E-011   6.409079E+000   2.966572E-006   6.409084E+000  -6.409079E+000  -6.409081E+000   1.338635E-006
   29701      13     7.042254     7.633588   5.096923E-012   4.407955E+000   3.539950E-006   4.407961E+000  -4.407955E+000  -4.407958E+000   2.341808E-006
   29701      14     6.451613     7.042254   2.102485E-012   3.395547E+000   1.888148E-006   3.395551E+000  -3.395547E+000  -3.395549E+000   2.276657E-006
   29701      15     5.464481     6.451613  -9.782009E-012   3.480146E+000   1.825046E-006   3.480151E+000  -3.480146E+000  -3.480149E+000   3.143802E-006
   29701      16     4.950495     5.464481   1.441656E-012   8.791776E-001   4.972901E-003   8.950402E-001  -8.791776E-001  -8.900673E-001   1.088963E-002
   29701      17     3.333333     4.950495   2.114177E-013   4.560197E-001   9.430739E-002   7.027677E-001  -4.560197E-001  -6.084603E-001   1.524406E-001
   29801       1    40.000000 10000.000000  -4.069634E-011   1.721560E+001   8.982480E+000   1.930194E+001  -1.721560E+001  -1.031946E+001  -6.896147E+000
   29801       2    29.411765    40.000000  -3.091163E-010   1.903859E+001   2.099042E+000   1.965331E+001  -1.903859E+001  -1.755427E+001  -1.484317E+000
   29801       3    25.000000    29.411765  -4.013083E-010   1.541660E+001   7.122228E-001   1.566198E+001  -1.541660E+001  -1.494976E+001  -4.668433E-001
   29801       4    20.833333    25.000000  -5.275673E-010   2.235030E+001   4.132622E-001   2.251475E+001  -2.235030E+001  -2.210149E+001  -2.488129E-001
   29801       5    19.230769    20.833333  -5.737633E-013   1.142799E+001   8.950174E-002   1.146792E+001  -1.142799E+001  -1.137841E+001  -4.957299E-002
   29801       6    17.543860    19.230769  -2.213785E-011   1.407003E+001   1.850746E-001   1.416546E+001  -1.407003E+001  -1.398039E+001  -8.964325E-002
   29801       7    13.333333    17.543860   2.568541E-010   1.947861E+001   3.094187E+001   4.574022E+001  -1.947861E+001  -1.479835E+001  -4.680261E+000
   29801       8    11.627907    13.333333  -4.858691E-011   2.162669E+001   4.878862E-001   2.202692E+001  -2.162669E+001  -2.153904E+001  -8.765040E-002
   29801       9     9.009009    11.627907   9.827161E-011   3.288935E+001   1.038028E-001   3.300223E+001  -3.288935E+001  -3.289843E+001   9.079444E-003
   29801      10     8.695652     9.009009   1.379935E-011   3.445271E+000   7.278545E-007   3.445272E+000  -3.445271E+000  -3.445271E+000   9.715298E-008
   29801      11     8.333333     8.695652  -3.797834E-011   3.746626E+000   1.520738E-007   3.746627E+000  -3.746626E+000  -3.746626E+000   2.987470E-008
   29801      12     7.633588     8.333333  -2.327460E-011   6.385979E+000   2.968305E-006   6.385984E+000  -6.385979E+000  -6.385981E+000   1.320997E-006
   29801      13     7.042254     7.633588   5.075829E-012   4.390632E+000   3.528847E-006   4.390638E+000  -4.390632E+000  -4.390635E+000   2.338219E-006
   29801      14     6.451613     7.042254   2.092854E-012   3.381002E+000   1.880447E-006   3.381006E+000  -3.381002E+000  -3.381004E+000   2.265800E-006
   29801      15     5.464481     6.451613  -9.732049E-012   3.463295E+000   1.814011E-006   3.463300E+000  -3.463295E+000  -3.463298E+000   3.127123E-006
   29801      16     4.950495     5.464481   1.433076E-012   8.742523E-001   4.936402E-003   8.900305E-001  -8.742523E-001  -8.850941E-001   1.084175E-002
   29801      17     3.333333     4.950495   2.099692E-013   4.529278E-001   9.358964E-002   6.981356E-001  -4.529278E-001  -6.045460E-001   1.516182E-001
   29901       1    40.000000 10000.000000  -4.066791E-011   1.720004E+001   8.974615E+000   1.928681E+001  -1.720004E+001  -1.031220E+001  -6.887840E+000
   29901       2    29.411765    40.000000  -3.088214E-010   1.901852E+001   2.096361E+000   1.963328E+001  -1.901852E+001  -1.753691E+001  -1.481603E+000
   29901       3    25.000000    29.411765  -4.008438E-010   1.539823E+001   7.109614E-001   1.564353E+001  -1.539823E+001  -1.493257E+001  -4.656621E-001
   29901       4    20.833333    25.000000  -5.268586E-010   2.232022E+001   4.121703E-001   2.248448E+001  -2.232022E+001  -2.207231E+001  -2.479037E-001
   29901       5    19.230769    20.833333  -5.728751E-013   1.141101E+001   8.919999E-002   1.145087E+001  -1.141101E+001  -1.136167E+001  -4.933861E-002
   29901       6    17.543860    19.230769  -2.209966E-011   1.404770E+001   1.842745E-001   1.414287E+001  -1.404770E+001  -1.395859E+001  -8.910951E-002
   29901       7    13.333333    17.543860   2.563638E-010   1.944140E+001   3.086440E+001   4.565363E+001  -1.944140E+001  -1.478922E+001  -4.652172E+000
   29901       8    11.627907    13.333333  -4.847234E-011   2.157812E+001   4.847684E-001   2.197649E+001  -2.157812E+001  -2.149172E+001  -8.640561E-002
   29901       9     9.009009    11.627907   9.799184E-011   3.279876E+001   1.029689E-001   3.291094E+001  -3.279876E+001  -3.280797E+001   9.209707E-003
   29901      10     8.695652     9.009009   1.375250E-011   3.434172E+000   7.224644E-007   3.434172E+000  -3.434172E+000  -3.434172E+000   1.019717E-007
   29901      11     8.333333     8.695652  -3.784428E-011   3.734083E+000   1.417486E-007   3.734084E+000  -3.734083E+000  -3.734084E+000   4.861803E-008
   29901      12     7.633588     8.333333  -2.318701E-011   6.363121E+000   2.959723E-006   6.363126E+000  -6.363121E+000  -6.363123E+000   1.323303E-006
   29901      13     7.042254     7.633588   5.054901E-012   4.373491E+000   3.512417E-006   4.373497E+000  -4.373491E+000  -4.373493E+000   2.349861E-006
   29901      14     6.451613     7.042254   2.083445E-012   3.366608E+000   1.865307E-006   3.366613E+000  -3.366608E+000  -3.366611E+000   2.269098E-006
   29901      15     5.464481     6.451613  -9.682644E-012   3.446620E+000   1.798490E-006   3.446625E+000  -3.446620E+000  -3.446623E+000   3.120039E-006
   29901      16     4.950495     5.464481   1.424614E-012   8.693788E-001   4.900471E-003   8.850733E-001  -8.693788E-001  -8.801728E-001   1.079404E-002
   29901      17     3.333333     4.950495   2.085380E-013   4.498690E-001   9.288079E-002   6.935520E-001  -4.498690E-001  -6.006712E-001   1.508022E-001
