# SOCRATES band-resolved flux diagnostic (appended time series)
# source (sw/lw) = sw
# n_profile      = 1
# n_layer        = 60
# n_band         = 42
# Profile 1 only. Level 0 = TOA, level n_layer = surface.
# call_index increments once per logged call to this routine for this source (sw/lw), throttled by SOCRATES_BAND_FLUX_STRIDE (currently every 100 call(s)).
# column_absorption = net_down(TOA) - net_down(surface), i.e. net energy this band deposits in the column.
#call_index  band  wl_short_um  wl_long_um  down_toa  up_toa  down_surf  up_surf  net_toa  net_surf  column_absorption
   30001       1     0.200000     0.300000   5.582456E-006   3.540013E-006   2.917776E-006   8.753329E-007   2.042443E-006   2.042443E-006  -9.500342E-015
   30001       2     0.300000     0.345000   2.557270E-003   1.374824E-003   1.689209E-003   5.067628E-004   1.182447E-003   1.182447E-003  -8.478979E-013
   30001       3     0.345000     0.385000   2.512764E-003   1.152240E-003   1.943607E-003   5.830820E-004   1.360525E-003   1.360525E-003   3.397626E-012
   30001       4     0.385000     0.420000   1.293223E-002   5.311610E-003   1.088660E-002   3.265979E-003   7.620618E-003   7.620618E-003   9.457400E-013
   30001       5     0.420000     0.450000   2.349464E-002   8.965829E-003   2.075544E-002   6.226633E-003   1.452881E-002   1.452881E-002  -5.487135E-012
   30001       6     0.450000     0.500000   1.310848E-001   4.710132E-002   1.199763E-001   3.599290E-002   8.398344E-002   8.398344E-002   9.747300E-012
   30001       7     0.500000     0.550000   1.748537E-001   5.938044E-002   1.649618E-001   4.948854E-002   1.154733E-001   1.154733E-001   2.706707E-011
   30001       8     0.550000     0.610000   2.295775E-001   7.513671E-002   2.206297E-001   6.618892E-002   1.544408E-001   1.544408E-001  -3.296219E-011
   30001       9     0.610000     0.690000   5.693172E-001   1.805662E-001   5.553585E-001   1.666076E-001   3.887510E-001   3.887510E-001   5.750500E-011
   30001      10     0.690000     0.780000   2.472789E+000   7.671523E-001   2.436624E+000   7.309872E-001   1.705637E+000   1.705637E+000  -9.971224E-011
   30001      11     0.780000     0.800000   1.063069E+000   3.228705E-001   1.046017E+000   3.138050E-001   7.401989E-001   7.322116E-001   7.987280E-003
   30001      12     0.800000     0.870000   5.878988E+000   1.800859E+000   5.823951E+000   1.747185E+000   4.078130E+000   4.076766E+000   1.364003E-003
   30001      13     0.870000     0.880000   8.736691E-001   2.591255E-001   8.566846E-001   2.570054E-001   6.145436E-001   5.996792E-001   1.486437E-002
   30001      14     0.880000     1.030000   2.249240E+001   6.829629E+000   2.237424E+001   6.712272E+000   1.566278E+001   1.566197E+001   8.082678E-004
   30001      15     1.030000     1.080000   9.248799E+000   2.402097E+000   8.547920E+000   2.564376E+000   6.846702E+000   5.983544E+000   8.631580E-001
   30001      16     1.080000     1.140000   1.173685E+001   3.466986E+000   1.161091E+001   3.483273E+000   8.269864E+000   8.127636E+000   1.422285E-001
   30001      17     1.140000     1.200000   1.143670E+001   3.434213E+000   1.139318E+001   3.417953E+000   8.002484E+000   7.975224E+000   2.725977E-002
   30001      18     1.200000     1.240000   8.097833E+000   6.815633E-001   3.785453E+000   1.135636E+000   7.416269E+000   2.649817E+000   4.766452E+000
   30001      19     1.240000     1.280000   7.733813E+000   2.105272E+000   7.423490E+000   2.227047E+000   5.628541E+000   5.196443E+000   4.320980E-001
   30001      20     1.280000     1.340000   1.109154E+001   2.023806E+000   8.804524E+000   2.641357E+000   9.067737E+000   6.163167E+000   2.904569E+000
   30001      21     1.340000     1.420000   1.012492E+001   2.682535E+000   9.594781E+000   2.878434E+000   7.442386E+000   6.716347E+000   7.260396E-001
   30001      22     1.420000     1.460000   4.444646E+000   2.286157E-001   1.311281E+000   3.933844E-001   4.216030E+000   9.178970E-001   3.298133E+000
   30001      23     1.460000     1.490000   3.316959E+000   3.875556E-001   2.128882E+000   6.386646E-001   2.929403E+000   1.490217E+000   1.439186E+000
   30001      24     1.490000     1.520000   3.416012E+000   6.680838E-001   2.829037E+000   8.487112E-001   2.747928E+000   1.980326E+000   7.676017E-001
   30001      25     1.520000     1.680000   2.089115E+001   1.082157E+000   6.765611E+000   2.029683E+000   1.980899E+001   4.735928E+000   1.507306E+001
   30001      26     1.680000     1.740000   7.400301E+000   1.926616E+000   7.034228E+000   2.110268E+000   5.473685E+000   4.923960E+000   5.497257E-001
   30001      27     1.740000     1.820000   6.859941E+000   1.749868E+000   6.443727E+000   1.933118E+000   5.110073E+000   4.510609E+000   5.994640E-001
   30001      28     1.820000     1.940000   7.844991E+000   1.102169E+000   5.164822E+000   1.549447E+000   6.742822E+000   3.615376E+000   3.127447E+000
   30001      29     1.940000     2.200000   1.524385E+001   3.426869E-001   2.201342E+000   6.604025E-001   1.490116E+001   1.540939E+000   1.336022E+001
   30001      30     2.200000     2.300000   5.897529E+000   1.605626E+000   5.699233E+000   1.709770E+000   4.291902E+000   3.989463E+000   3.024393E-001
   30001      31     2.300000     2.450000   6.412228E+000   1.914062E+000   6.399994E+000   1.919998E+000   4.498166E+000   4.479996E+000   1.817061E-002
   30001      32     2.450000     2.550000   2.808749E+000   4.663936E-001   2.180437E+000   6.541312E-001   2.342356E+000   1.526306E+000   8.160495E-001
   30001      33     2.550000     2.650000   2.466453E+000   1.168988E-001   8.290046E-001   2.487014E-001   2.349555E+000   5.803032E-001   1.769251E+000
   30001      34     2.650000     2.900000   5.107089E+000   7.426792E-006   1.138005E-006   3.414014E-007   5.107082E+000   7.966033E-007   5.107081E+000
   30001      35     2.900000     3.200000   4.829501E+000   2.586736E-001   2.068859E+000   6.206577E-001   4.570827E+000   1.448201E+000   3.122626E+000
   30001      36     3.200000     3.500000   4.479548E+000   1.268111E+000   4.386723E+000   1.316017E+000   3.211437E+000   3.070706E+000   1.407311E-001
   30001      37     3.500000     3.900000   5.317470E+000   7.351674E-001   3.343805E+000   1.003141E+000   4.582303E+000   2.340663E+000   2.241640E+000
   30001      38     3.900000     5.500000   8.889375E+000   3.963682E-002   3.641309E-001   1.092393E-001   8.849738E+000   2.548916E-001   8.594847E+000
   30001      39     5.500000     6.500000   2.171822E+000   6.362584E-001   2.154317E+000   6.462950E-001   1.535563E+000   1.508022E+000   2.754159E-002
   30001      40     6.500000     7.000000   6.459457E-001   5.159248E-002   3.905481E-001   1.171644E-001   5.943533E-001   2.733837E-001   3.209696E-001
   30001      41     7.000000     9.000000   1.525571E+000   2.296613E-002   2.558758E-001   7.676274E-002   1.502605E+000   1.791131E-001   1.323492E+000
   30001      42     9.000000    20.000000   1.633159E+000   5.560571E-003   7.392774E-002   2.217832E-002   1.627598E+000   5.174942E-002   1.575849E+000
   30101       1     0.200000     0.300000   5.582456E-006   3.540013E-006   2.917776E-006   8.753329E-007   2.042443E-006   2.042443E-006  -9.500342E-015
   30101       2     0.300000     0.345000   2.557270E-003   1.374824E-003   1.689209E-003   5.067628E-004   1.182447E-003   1.182447E-003  -8.478979E-013
   30101       3     0.345000     0.385000   2.512764E-003   1.152240E-003   1.943607E-003   5.830820E-004   1.360525E-003   1.360525E-003   3.397626E-012
   30101       4     0.385000     0.420000   1.293223E-002   5.311610E-003   1.088660E-002   3.265979E-003   7.620618E-003   7.620618E-003   7.016100E-012
   30101       5     0.420000     0.450000   2.349464E-002   8.965829E-003   2.075544E-002   6.226633E-003   1.452881E-002   1.452881E-002  -6.338315E-013
   30101       6     0.450000     0.500000   1.310848E-001   4.710132E-002   1.199763E-001   3.599290E-002   8.398344E-002   8.398344E-002  -4.929168E-012
   30101       7     0.500000     0.550000   1.748537E-001   5.938044E-002   1.649618E-001   4.948854E-002   1.154733E-001   1.154733E-001  -1.091488E-012
   30101       8     0.550000     0.610000   2.295775E-001   7.513671E-002   2.206297E-001   6.618892E-002   1.544408E-001   1.544408E-001  -4.211942E-011
   30101       9     0.610000     0.690000   5.693172E-001   1.805662E-001   5.553585E-001   1.666076E-001   3.887510E-001   3.887510E-001   1.620853E-011
   30101      10     0.690000     0.780000   2.472789E+000   7.671523E-001   2.436624E+000   7.309872E-001   1.705637E+000   1.705637E+000   2.365086E-010
   30101      11     0.780000     0.800000   1.063069E+000   3.228826E-001   1.046028E+000   3.138083E-001   7.401868E-001   7.322194E-001   7.967344E-003
   30101      12     0.800000     0.870000   5.878988E+000   1.800856E+000   5.823948E+000   1.747184E+000   4.078132E+000   4.076763E+000   1.368812E-003
   30101      13     0.870000     0.880000   8.736691E-001   2.591882E-001   8.567623E-001   2.570287E-001   6.144809E-001   5.997336E-001   1.474724E-002
   30101      14     0.880000     1.030000   2.249240E+001   6.829639E+000   2.237425E+001   6.712275E+000   1.566277E+001   1.566198E+001   7.903332E-004
   30101      15     1.030000     1.080000   9.248799E+000   2.403651E+000   8.550315E+000   2.565095E+000   6.845147E+000   5.985221E+000   8.599267E-001
   30101      16     1.080000     1.140000   1.173685E+001   3.467307E+000   1.161122E+001   3.483365E+000   8.269543E+000   8.127852E+000   1.416915E-001
   30101      17     1.140000     1.200000   1.143670E+001   3.434365E+000   1.139335E+001   3.418005E+000   8.002331E+000   7.975344E+000   2.698715E-002
   30101      18     1.200000     1.240000   8.097833E+000   6.876023E-001   3.802926E+000   1.140878E+000   7.410230E+000   2.662048E+000   4.748182E+000
   30101      19     1.240000     1.280000   7.733813E+000   2.108926E+000   7.428455E+000   2.228536E+000   5.624887E+000   5.199918E+000   4.249691E-001
   30101      20     1.280000     1.340000   1.109154E+001   2.028538E+000   8.812441E+000   2.643732E+000   9.063005E+000   6.168709E+000   2.894296E+000
   30101      21     1.340000     1.420000   1.012492E+001   2.685997E+000   9.599961E+000   2.879988E+000   7.438924E+000   6.719973E+000   7.189510E-001
   30101      22     1.420000     1.460000   4.444646E+000   2.302467E-001   1.321909E+000   3.965726E-001   4.214399E+000   9.253360E-001   3.289063E+000
   30101      23     1.460000     1.490000   3.316959E+000   3.930073E-001   2.140137E+000   6.420412E-001   2.923952E+000   1.498096E+000   1.425856E+000
   30101      24     1.490000     1.520000   3.416012E+000   6.727932E-001   2.837206E+000   8.511617E-001   2.743218E+000   1.986044E+000   7.571743E-001
   30101      25     1.520000     1.680000   2.089115E+001   1.099180E+000   6.828389E+000   2.048517E+000   1.979197E+001   4.779872E+000   1.501210E+001
   30101      26     1.680000     1.740000   7.400301E+000   1.931759E+000   7.040773E+000   2.112232E+000   5.468542E+000   4.928541E+000   5.400012E-001
   30101      27     1.740000     1.820000   6.859941E+000   1.763141E+000   6.465997E+000   1.939799E+000   5.096801E+000   4.526198E+000   5.706029E-001
   30101      28     1.820000     1.940000   7.844991E+000   1.112183E+000   5.195189E+000   1.558557E+000   6.732808E+000   3.636632E+000   3.096176E+000
   30101      29     1.940000     2.200000   1.524385E+001   3.494655E-001   2.228978E+000   6.686935E-001   1.489438E+001   1.560285E+000   1.333410E+001
   30101      30     2.200000     2.300000   5.897529E+000   1.608327E+000   5.702712E+000   1.710814E+000   4.289201E+000   3.991898E+000   2.973031E-001
   30101      31     2.300000     2.450000   6.412228E+000   1.914222E+000   6.400172E+000   1.920052E+000   4.498006E+000   4.480121E+000   1.788569E-002
   30101      32     2.450000     2.550000   2.808749E+000   4.727591E-001   2.194412E+000   6.583236E-001   2.335990E+000   1.536088E+000   7.999017E-001
   30101      33     2.550000     2.650000   2.466453E+000   1.194461E-001   8.384312E-001   2.515293E-001   2.347007E+000   5.869018E-001   1.760105E+000
   30101      34     2.650000     2.900000   5.107089E+000   9.477355E-006   1.842683E-006   5.528049E-007   5.107080E+000   1.289878E-006   5.107078E+000
   30101      35     2.900000     3.200000   4.829501E+000   2.656385E-001   2.097432E+000   6.292295E-001   4.563862E+000   1.468202E+000   3.095660E+000
   30101      36     3.200000     3.500000   4.479548E+000   1.270981E+000   4.390777E+000   1.317233E+000   3.208567E+000   3.073544E+000   1.350227E-001
   30101      37     3.500000     3.900000   5.317470E+000   7.368458E-001   3.346891E+000   1.004067E+000   4.580625E+000   2.342824E+000   2.237801E+000
   30101      38     3.900000     5.500000   8.889375E+000   4.090667E-002   3.700561E-001   1.110168E-001   8.848469E+000   2.590393E-001   8.589429E+000
   30101      39     5.500000     6.500000   2.171822E+000   6.369926E-001   2.155179E+000   6.465538E-001   1.534829E+000   1.508626E+000   2.620339E-002
   30101      40     6.500000     7.000000   6.459457E-001   5.141964E-002   3.898501E-001   1.169550E-001   5.945261E-001   2.728951E-001   3.216310E-001
   30101      41     7.000000     9.000000   1.525571E+000   2.342293E-002   2.554486E-001   7.663459E-002   1.502148E+000   1.788140E-001   1.323334E+000
   30101      42     9.000000    20.000000   1.633159E+000   6.038005E-003   7.965570E-002   2.389671E-002   1.627121E+000   5.575899E-002   1.571362E+000
   30201       1     0.200000     0.300000   5.582456E-006   3.540013E-006   2.917776E-006   8.753329E-007   2.042443E-006   2.042443E-006  -9.500342E-015
   30201       2     0.300000     0.345000   2.557270E-003   1.374824E-003   1.689209E-003   5.067628E-004   1.182447E-003   1.182447E-003  -8.478979E-013
   30201       3     0.345000     0.385000   2.512764E-003   1.152240E-003   1.943607E-003   5.830820E-004   1.360525E-003   1.360525E-003   3.397626E-012
   30201       4     0.385000     0.420000   1.293223E-002   5.311610E-003   1.088660E-002   3.265979E-003   7.620618E-003   7.620618E-003   1.320218E-011
   30201       5     0.420000     0.450000   2.349464E-002   8.965829E-003   2.075544E-002   6.226633E-003   1.452881E-002   1.452881E-002  -4.492729E-012
   30201       6     0.450000     0.500000   1.310848E-001   4.710132E-002   1.199763E-001   3.599290E-002   8.398344E-002   8.398344E-002   5.347278E-012
   30201       7     0.500000     0.550000   1.748537E-001   5.938044E-002   1.649618E-001   4.948854E-002   1.154733E-001   1.154733E-001   2.541062E-011
   30201       8     0.550000     0.610000   2.295775E-001   7.513671E-002   2.206297E-001   6.618892E-002   1.544408E-001   1.544408E-001   7.469145E-011
   30201       9     0.610000     0.690000   5.693172E-001   1.805662E-001   5.553585E-001   1.666076E-001   3.887510E-001   3.887510E-001  -1.678535E-011
   30201      10     0.690000     0.780000   2.472789E+000   7.671523E-001   2.436624E+000   7.309872E-001   1.705637E+000   1.705637E+000   7.289458E-011
   30201      11     0.780000     0.800000   1.063069E+000   3.228893E-001   1.046034E+000   3.138102E-001   7.401801E-001   7.322237E-001   7.956362E-003
   30201      12     0.800000     0.870000   5.878988E+000   1.800854E+000   5.823945E+000   1.747184E+000   4.078135E+000   4.076762E+000   1.373161E-003
   30201      13     0.870000     0.880000   8.736691E-001   2.592370E-001   8.568200E-001   2.570460E-001   6.144321E-001   5.997740E-001   1.465809E-002
   30201      14     0.880000     1.030000   2.249240E+001   6.829646E+000   2.237426E+001   6.712278E+000   1.566276E+001   1.566198E+001   7.771846E-004
   30201      15     1.030000     1.080000   9.248799E+000   2.404956E+000   8.552059E+000   2.565618E+000   6.843842E+000   5.986442E+000   8.574007E-001
   30201      16     1.080000     1.140000   1.173685E+001   3.467545E+000   1.161146E+001   3.483437E+000   8.269305E+000   8.128019E+000   1.412860E-001
   30201      17     1.140000     1.200000   1.143670E+001   3.434469E+000   1.139346E+001   3.418039E+000   8.002228E+000   7.975425E+000   2.680326E-002
   30201      18     1.200000     1.240000   8.097833E+000   6.935500E-001   3.819899E+000   1.145970E+000   7.404283E+000   2.673930E+000   4.730353E+000
   30201      19     1.240000     1.280000   7.733813E+000   2.111774E+000   7.432251E+000   2.229675E+000   5.622040E+000   5.202576E+000   4.194640E-001
   30201      20     1.280000     1.340000   1.109154E+001   2.032901E+000   8.819383E+000   2.645815E+000   9.058642E+000   6.173568E+000   2.885074E+000
   30201      21     1.340000     1.420000   1.012492E+001   2.688992E+000   9.604238E+000   2.881271E+000   7.435929E+000   6.722966E+000   7.129625E-001
   30201      22     1.420000     1.460000   4.444646E+000   2.319849E-001   1.332644E+000   3.997932E-001   4.212661E+000   9.328508E-001   3.279810E+000
   30201      23     1.460000     1.490000   3.316959E+000   3.981704E-001   2.150423E+000   6.451269E-001   2.918788E+000   1.505296E+000   1.413492E+000
   30201      24     1.490000     1.520000   3.416012E+000   6.769849E-001   2.844140E+000   8.532419E-001   2.739027E+000   1.990898E+000   7.481289E-001
   30201      25     1.520000     1.680000   2.089115E+001   1.115717E+000   6.888906E+000   2.066672E+000   1.977543E+001   4.822234E+000   1.495320E+001
   30201      26     1.680000     1.740000   7.400301E+000   1.935837E+000   7.045903E+000   2.113771E+000   5.464464E+000   4.932132E+000   5.323321E-001
   30201      27     1.740000     1.820000   6.859941E+000   1.775840E+000   6.486336E+000   1.945901E+000   5.084101E+000   4.540435E+000   5.436662E-001
   30201      28     1.820000     1.940000   7.844991E+000   1.122010E+000   5.224552E+000   1.567366E+000   6.722981E+000   3.657187E+000   3.065794E+000
   30201      29     1.940000     2.200000   1.524385E+001   3.560009E-001   2.255091E+000   6.765273E-001   1.488785E+001   1.578564E+000   1.330929E+001
   30201      30     2.200000     2.300000   5.897529E+000   1.610461E+000   5.705415E+000   1.711625E+000   4.287068E+000   3.993791E+000   2.932769E-001
   30201      31     2.300000     2.450000   6.412228E+000   1.914351E+000   6.400317E+000   1.920095E+000   4.497877E+000   4.480222E+000   1.765513E-002
   30201      32     2.450000     2.550000   2.808749E+000   4.788647E-001   2.207532E+000   6.622597E-001   2.329885E+000   1.545273E+000   7.846120E-001
   30201      33     2.550000     2.650000   2.466453E+000   1.218804E-001   8.474463E-001   2.542339E-001   2.344573E+000   5.932124E-001   1.751361E+000
   30201      34     2.650000     2.900000   5.107089E+000   1.035069E-005   2.944787E-006   8.834360E-007   5.107079E+000   2.061351E-006   5.107077E+000
   30201      35     2.900000     3.200000   4.829501E+000   2.725303E-001   2.125058E+000   6.375174E-001   4.556971E+000   1.487541E+000   3.069430E+000
   30201      36     3.200000     3.500000   4.479548E+000   1.273454E+000   4.394164E+000   1.318249E+000   3.206094E+000   3.075915E+000   1.301792E-001
   30201      37     3.500000     3.900000   5.317470E+000   7.383995E-001   3.349513E+000   1.004854E+000   4.579071E+000   2.344659E+000   2.234412E+000
   30201      38     3.900000     5.500000   8.889375E+000   4.218267E-002   3.759811E-001   1.127943E-001   8.847193E+000   2.631868E-001   8.584006E+000
   30201      39     5.500000     6.500000   2.171822E+000   6.376285E-001   2.155924E+000   6.467771E-001   1.534193E+000   1.509147E+000   2.504639E-002
   30201      40     6.500000     7.000000   6.459457E-001   5.124318E-002   3.891376E-001   1.167413E-001   5.947026E-001   2.723963E-001   3.223062E-001
   30201      41     7.000000     9.000000   1.525571E+000   2.389105E-002   2.550077E-001   7.650231E-002   1.501680E+000   1.785054E-001   1.323175E+000
   30201      42     9.000000    20.000000   1.633159E+000   6.555718E-003   8.582881E-002   2.574864E-002   1.626603E+000   6.008017E-002   1.566523E+000
   30301       1     0.200000     0.300000   5.582456E-006   3.540013E-006   2.917776E-006   8.753329E-007   2.042443E-006   2.042443E-006  -9.500342E-015
   30301       2     0.300000     0.345000   2.557270E-003   1.374824E-003   1.689209E-003   5.067628E-004   1.182447E-003   1.182447E-003  -8.478979E-013
   30301       3     0.345000     0.385000   2.512764E-003   1.152240E-003   1.943607E-003   5.830820E-004   1.360525E-003   1.360525E-003   3.397626E-012
   30301       4     0.385000     0.420000   1.293223E-002   5.311610E-003   1.088660E-002   3.265979E-003   7.620618E-003   7.620618E-003   5.048645E-012
   30301       5     0.420000     0.450000   2.349464E-002   8.965829E-003   2.075544E-002   6.226633E-003   1.452881E-002   1.452881E-002   5.148729E-012
   30301       6     0.450000     0.500000   1.310848E-001   4.710132E-002   1.199763E-001   3.599290E-002   8.398344E-002   8.398344E-002   1.999154E-011
   30301       7     0.500000     0.550000   1.748537E-001   5.938044E-002   1.649618E-001   4.948854E-002   1.154733E-001   1.154733E-001   2.687159E-011
   30301       8     0.550000     0.610000   2.295775E-001   7.513671E-002   2.206297E-001   6.618892E-002   1.544408E-001   1.544408E-001   6.675666E-011
   30301       9     0.610000     0.690000   5.693172E-001   1.805662E-001   5.553585E-001   1.666076E-001   3.887510E-001   3.887510E-001   2.048262E-011
   30301      10     0.690000     0.780000   2.472789E+000   7.671523E-001   2.436624E+000   7.309872E-001   1.705637E+000   1.705637E+000  -3.834488E-011
   30301      11     0.780000     0.800000   1.063069E+000   3.228944E-001   1.046039E+000   3.138116E-001   7.401750E-001   7.322270E-001   7.948036E-003
   30301      12     0.800000     0.870000   5.878988E+000   1.800851E+000   5.823943E+000   1.747183E+000   4.078137E+000   4.076760E+000   1.377062E-003
   30301      13     0.870000     0.880000   8.736691E-001   2.592788E-001   8.568683E-001   2.570605E-001   6.143902E-001   5.998078E-001   1.458244E-002
   30301      14     0.880000     1.030000   2.249240E+001   6.829652E+000   2.237427E+001   6.712280E+000   1.566275E+001   1.566199E+001   7.664788E-004
   30301      15     1.030000     1.080000   9.248799E+000   2.406090E+000   8.553465E+000   2.566040E+000   6.842709E+000   5.987426E+000   8.552836E-001
   30301      16     1.080000     1.140000   1.173685E+001   3.467736E+000   1.161165E+001   3.483496E+000   8.269114E+000   8.128157E+000   1.409571E-001
   30301      17     1.140000     1.200000   1.143670E+001   3.434548E+000   1.139355E+001   3.418066E+000   8.002149E+000   7.975487E+000   2.666274E-002
   30301      18     1.200000     1.240000   8.097833E+000   6.992669E-001   3.836026E+000   1.150808E+000   7.398566E+000   2.685219E+000   4.713347E+000
   30301      19     1.240000     1.280000   7.733813E+000   2.114170E+000   7.435423E+000   2.230627E+000   5.619643E+000   5.204796E+000   4.148474E-001
   30301      20     1.280000     1.340000   1.109154E+001   2.036899E+000   8.825558E+000   2.647667E+000   9.054644E+000   6.177890E+000   2.876754E+000
   30301      21     1.340000     1.420000   1.012492E+001   2.691648E+000   9.607952E+000   2.882386E+000   7.433273E+000   6.725566E+000   7.077068E-001
   30301      22     1.420000     1.460000   4.444646E+000   2.337676E-001   1.343123E+000   4.029369E-001   4.210878E+000   9.401860E-001   3.270692E+000
   30301      23     1.460000     1.490000   3.316959E+000   4.029490E-001   2.159690E+000   6.479070E-001   2.914010E+000   1.511783E+000   1.402227E+000
   30301      24     1.490000     1.520000   3.416012E+000   6.807246E-001   2.850189E+000   8.550567E-001   2.735287E+000   1.995132E+000   7.401548E-001
   30301      25     1.520000     1.680000   2.089115E+001   1.131424E+000   6.946087E+000   2.083826E+000   1.975972E+001   4.862261E+000   1.489746E+001
   30301      26     1.680000     1.740000   7.400301E+000   1.939257E+000   7.050179E+000   2.115054E+000   5.461045E+000   4.935125E+000   5.259196E-001
   30301      27     1.740000     1.820000   6.859941E+000   1.787632E+000   6.504653E+000   1.951396E+000   5.072309E+000   4.553257E+000   5.190518E-001
   30301      28     1.820000     1.940000   7.844991E+000   1.131385E+000   5.252286E+000   1.575686E+000   6.713606E+000   3.676600E+000   3.037005E+000
   30301      29     1.940000     2.200000   1.524385E+001   3.621685E-001   2.279365E+000   6.838095E-001   1.488168E+001   1.595555E+000   1.328613E+001
   30301      30     2.200000     2.300000   5.897529E+000   1.612280E+000   5.707703E+000   1.712311E+000   4.285249E+000   3.995392E+000   2.898566E-001
   30301      31     2.300000     2.450000   6.412228E+000   1.914462E+000   6.400440E+000   1.920132E+000   4.497766E+000   4.480308E+000   1.745756E-002
   30301      32     2.450000     2.550000   2.808749E+000   4.845728E-001   2.219640E+000   6.658919E-001   2.324176E+000   1.553748E+000   7.704286E-001
   30301      33     2.550000     2.650000   2.466453E+000   1.241282E-001   8.558095E-001   2.567429E-001   2.342325E+000   5.990667E-001   1.743258E+000
   30301      34     2.650000     2.900000   5.107089E+000   1.090271E-005   4.574334E-006   1.372300E-006   5.107078E+000   3.202034E-006   5.107075E+000
   30301      35     2.900000     3.200000   4.829501E+000   2.791494E-001   2.151105E+000   6.453314E-001   4.550352E+000   1.505773E+000   3.044578E+000
   30301      36     3.200000     3.500000   4.479548E+000   1.275624E+000   4.397086E+000   1.319126E+000   3.203924E+000   3.077960E+000   1.259631E-001
   30301      37     3.500000     3.900000   5.317470E+000   7.398095E-001   3.351737E+000   1.005521E+000   4.577661E+000   2.346216E+000   2.231445E+000
   30301      38     3.900000     5.500000   8.889375E+000   4.342061E-002   3.817376E-001   1.145213E-001   8.845955E+000   2.672163E-001   8.578738E+000
   30301      39     5.500000     6.500000   2.171822E+000   6.381765E-001   2.156563E+000   6.469689E-001   1.533645E+000   1.509594E+000   2.405099E-002
   30301      40     6.500000     7.000000   6.459457E-001   5.106852E-002   3.884327E-001   1.165298E-001   5.948772E-001   2.719029E-001   3.229743E-001
   30301      41     7.000000     9.000000   1.525571E+000   2.435304E-002   2.545997E-001   7.637991E-002   1.501218E+000   1.782198E-001   1.322998E+000
   30301      42     9.000000    20.000000   1.633159E+000   7.096325E-003   9.218530E-002   2.765559E-002   1.626063E+000   6.452971E-002   1.561533E+000
   30401       1     0.200000     0.300000   5.582456E-006   3.540013E-006   2.917776E-006   8.753329E-007   2.042443E-006   2.042443E-006  -9.500342E-015
   30401       2     0.300000     0.345000   2.557270E-003   1.374824E-003   1.689209E-003   5.067628E-004   1.182447E-003   1.182447E-003  -8.478979E-013
   30401       3     0.345000     0.385000   2.512764E-003   1.152240E-003   1.943607E-003   5.830820E-004   1.360525E-003   1.360525E-003   3.397626E-012
   30401       4     0.385000     0.420000   1.293223E-002   5.311610E-003   1.088660E-002   3.265979E-003   7.620618E-003   7.620618E-003   7.335248E-012
   30401       5     0.420000     0.450000   2.349464E-002   8.965829E-003   2.075544E-002   6.226633E-003   1.452881E-002   1.452881E-002   1.434023E-012
   30401       6     0.450000     0.500000   1.310848E-001   4.710132E-002   1.199763E-001   3.599290E-002   8.398344E-002   8.398344E-002   2.765380E-011
   30401       7     0.500000     0.550000   1.748537E-001   5.938044E-002   1.649618E-001   4.948854E-002   1.154733E-001   1.154733E-001  -2.419503E-011
   30401       8     0.550000     0.610000   2.295775E-001   7.513671E-002   2.206297E-001   6.618892E-002   1.544408E-001   1.544408E-001   3.854558E-011
   30401       9     0.610000     0.690000   5.693172E-001   1.805662E-001   5.553585E-001   1.666076E-001   3.887510E-001   3.887510E-001  -4.753697E-011
   30401      10     0.690000     0.780000   2.472789E+000   7.671523E-001   2.436624E+000   7.309872E-001   1.705637E+000   1.705637E+000  -2.928324E-012
   30401      11     0.780000     0.800000   1.063069E+000   3.228978E-001   1.046042E+000   3.138125E-001   7.401716E-001   7.322292E-001   7.942405E-003
   30401      12     0.800000     0.870000   5.878988E+000   1.800849E+000   5.823940E+000   1.747182E+000   4.078139E+000   4.076758E+000   1.380573E-003
   30401      13     0.870000     0.880000   8.736691E-001   2.593157E-001   8.569101E-001   2.570730E-001   6.143533E-001   5.998371E-001   1.451625E-002
   30401      14     0.880000     1.030000   2.249240E+001   6.829657E+000   2.237427E+001   6.712281E+000   1.566275E+001   1.566199E+001   7.574805E-004
   30401      15     1.030000     1.080000   9.248799E+000   2.407085E+000   8.554634E+000   2.566390E+000   6.841714E+000   5.988244E+000   8.534700E-001
   30401      16     1.080000     1.140000   1.173685E+001   3.467894E+000   1.161182E+001   3.483545E+000   8.268956E+000   8.128272E+000   1.406847E-001
   30401      17     1.140000     1.200000   1.143670E+001   3.434610E+000   1.139362E+001   3.418087E+000   8.002087E+000   7.975535E+000   2.655157E-002
   30401      18     1.200000     1.240000   8.097833E+000   7.046879E-001   3.851153E+000   1.155346E+000   7.393145E+000   2.695807E+000   4.697338E+000
   30401      19     1.240000     1.280000   7.733813E+000   2.116229E+000   7.438137E+000   2.231441E+000   5.617585E+000   5.206696E+000   4.108890E-001
   30401      20     1.280000     1.340000   1.109154E+001   2.040551E+000   8.831075E+000   2.649323E+000   9.050991E+000   6.181753E+000   2.869238E+000
   30401      21     1.340000     1.420000   1.012492E+001   2.694014E+000   9.611215E+000   2.883365E+000   7.430907E+000   6.727851E+000   7.030558E-001
   30401      22     1.420000     1.460000   4.444646E+000   2.355500E-001   1.353165E+000   4.059494E-001   4.209096E+000   9.472153E-001   3.261880E+000
   30401      23     1.460000     1.490000   3.316959E+000   4.073216E-001   2.167982E+000   6.503945E-001   2.909637E+000   1.517587E+000   1.392050E+000
   30401      24     1.490000     1.520000   3.416012E+000   6.840625E-001   2.855507E+000   8.566521E-001   2.731949E+000   1.998855E+000   7.330940E-001
   30401      25     1.520000     1.680000   2.089115E+001   1.146174E+000   6.999550E+000   2.099865E+000   1.974497E+001   4.899685E+000   1.484529E+001
   30401      26     1.680000     1.740000   7.400301E+000   1.942182E+000   7.053826E+000   2.116148E+000   5.458120E+000   4.937678E+000   5.204417E-001
   30401      27     1.740000     1.820000   6.859941E+000   1.798453E+000   6.521082E+000   1.956325E+000   5.061489E+000   4.564757E+000   4.967314E-001
   30401      28     1.820000     1.940000   7.844991E+000   1.140217E+000   5.278192E+000   1.583458E+000   6.704774E+000   3.694735E+000   3.010039E+000
   30401      29     1.940000     2.200000   1.524385E+001   3.679348E-001   2.301779E+000   6.905336E-001   1.487592E+001   1.611245E+000   1.326467E+001
   30401      30     2.200000     2.300000   5.897529E+000   1.613862E+000   5.709682E+000   1.712905E+000   4.283667E+000   3.996777E+000   2.868895E-001
   30401      31     2.300000     2.450000   6.412228E+000   1.914559E+000   6.400548E+000   1.920164E+000   4.497669E+000   4.480384E+000   1.728561E-002
   30401      32     2.450000     2.550000   2.808749E+000   4.898474E-001   2.230724E+000   6.692171E-001   2.318902E+000   1.561506E+000   7.573954E-001
   30401      33     2.550000     2.650000   2.466453E+000   1.261741E-001   8.634743E-001   2.590423E-001   2.340279E+000   6.044320E-001   1.735847E+000
   30401      34     2.650000     2.900000   5.107089E+000   1.130299E-005   6.859261E-006   2.057778E-006   5.107078E+000   4.801483E-006   5.107073E+000
   30401      35     2.900000     3.200000   4.829501E+000   2.854105E-001   2.175374E+000   6.526121E-001   4.544090E+000   1.522761E+000   3.021329E+000
   30401      36     3.200000     3.500000   4.479548E+000   1.277541E+000   4.399633E+000   1.319890E+000   3.202007E+000   3.079743E+000   1.222635E-001
   30401      37     3.500000     3.900000   5.317470E+000   7.410843E-001   3.353637E+000   1.006091E+000   4.576386E+000   2.347546E+000   2.228840E+000
   30401      38     3.900000     5.500000   8.889375E+000   4.460179E-002   3.872517E-001   1.161755E-001   8.844773E+000   2.710762E-001   8.573697E+000
   30401      39     5.500000     6.500000   2.171822E+000   6.386520E-001   2.157116E+000   6.471348E-001   1.533170E+000   1.509981E+000   2.318835E-002
   30401      40     6.500000     7.000000   6.459457E-001   5.089499E-002   3.877355E-001   1.163207E-001   5.950507E-001   2.714149E-001   3.236359E-001
   30401      41     7.000000     9.000000   1.525571E+000   2.479919E-002   2.542524E-001   7.627571E-002   1.500772E+000   1.779767E-001   1.322795E+000
   30401      42     9.000000    20.000000   1.633159E+000   7.650372E-003   9.855818E-002   2.956745E-002   1.625509E+000   6.899073E-002   1.556518E+000
   30501       1     0.200000     0.300000   5.582456E-006   3.540013E-006   2.917776E-006   8.753329E-007   2.042443E-006   2.042443E-006  -9.500342E-015
   30501       2     0.300000     0.345000   2.557270E-003   1.374824E-003   1.689209E-003   5.067628E-004   1.182447E-003   1.182447E-003  -8.478979E-013
   30501       3     0.345000     0.385000   2.512764E-003   1.152240E-003   1.943607E-003   5.830820E-004   1.360525E-003   1.360525E-003   3.397626E-012
   30501       4     0.385000     0.420000   1.293223E-002   5.311610E-003   1.088660E-002   3.265979E-003   7.620618E-003   7.620618E-003   9.673711E-012
   30501       5     0.420000     0.450000   2.349464E-002   8.965829E-003   2.075544E-002   6.226633E-003   1.452881E-002   1.452881E-002  -1.863213E-012
   30501       6     0.450000     0.500000   1.310848E-001   4.710132E-002   1.199763E-001   3.599290E-002   8.398344E-002   8.398344E-002   1.192391E-011
   30501       7     0.500000     0.550000   1.748537E-001   5.938044E-002   1.649618E-001   4.948854E-002   1.154733E-001   1.154733E-001  -4.994699E-012
   30501       8     0.550000     0.610000   2.295775E-001   7.513671E-002   2.206297E-001   6.618892E-002   1.544408E-001   1.544408E-001   6.344159E-011
   30501       9     0.610000     0.690000   5.693172E-001   1.805662E-001   5.553585E-001   1.666076E-001   3.887510E-001   3.887510E-001  -3.859196E-011
   30501      10     0.690000     0.780000   2.472789E+000   7.671523E-001   2.436624E+000   7.309872E-001   1.705637E+000   1.705637E+000   3.733676E-010
   30501      11     0.780000     0.800000   1.063069E+000   3.229001E-001   1.046043E+000   3.138130E-001   7.401693E-001   7.322304E-001   7.938877E-003
   30501      12     0.800000     0.870000   5.878988E+000   1.800848E+000   5.823938E+000   1.747182E+000   4.078141E+000   4.076757E+000   1.383743E-003
   30501      13     0.870000     0.880000   8.736691E-001   2.593486E-001   8.569470E-001   2.570841E-001   6.143204E-001   5.998629E-001   1.445749E-002
   30501      14     0.880000     1.030000   2.249240E+001   6.829662E+000   2.237428E+001   6.712283E+000   1.566274E+001   1.566199E+001   7.497911E-004
   30501      15     1.030000     1.080000   9.248799E+000   2.407964E+000   8.555621E+000   2.566686E+000   6.840834E+000   5.988935E+000   8.518997E-001
   30501      16     1.080000     1.140000   1.173685E+001   3.468026E+000   1.161196E+001   3.483587E+000   8.268824E+000   8.128369E+000   1.404549E-001
   30501      17     1.140000     1.200000   1.143670E+001   3.434660E+000   1.139368E+001   3.418103E+000   8.002037E+000   7.975575E+000   2.646201E-002
   30501      18     1.200000     1.240000   8.097833E+000   7.097785E-001   3.865233E+000   1.159570E+000   7.388054E+000   2.705663E+000   4.682391E+000
   30501      19     1.240000     1.280000   7.733813E+000   2.118018E+000   7.440487E+000   2.232146E+000   5.615796E+000   5.208341E+000   4.074547E-001
   30501      20     1.280000     1.340000   1.109154E+001   2.043877E+000   8.836013E+000   2.650804E+000   9.047665E+000   6.185209E+000   2.862456E+000
   30501      21     1.340000     1.420000   1.012492E+001   2.696133E+000   9.614104E+000   2.884231E+000   7.428788E+000   6.729873E+000   6.989152E-001
   30501      22     1.420000     1.460000   4.444646E+000   2.373029E-001   1.362699E+000   4.088098E-001   4.207343E+000   9.538895E-001   3.253453E+000
   30501      23     1.460000     1.490000   3.316959E+000   4.112968E-001   2.175387E+000   6.526162E-001   2.905662E+000   1.522771E+000   1.382891E+000
   30501      24     1.490000     1.520000   3.416012E+000   6.870440E-001   2.860202E+000   8.580605E-001   2.728968E+000   2.002141E+000   7.268265E-001
   30501      25     1.520000     1.680000   2.089115E+001   1.159930E+000   7.049210E+000   2.114763E+000   1.973122E+001   4.934447E+000   1.479677E+001
   30501      26     1.680000     1.740000   7.400301E+000   1.944712E+000   7.056974E+000   2.117092E+000   5.455590E+000   4.939882E+000   5.157075E-001
   30501      27     1.740000     1.820000   6.859941E+000   1.808334E+000   6.535810E+000   1.960743E+000   5.051607E+000   4.575067E+000   4.765401E-001
   30501      28     1.820000     1.940000   7.844991E+000   1.148487E+000   5.302252E+000   1.590676E+000   6.696504E+000   3.711576E+000   2.984928E+000
   30501      29     1.940000     2.200000   1.524385E+001   3.732999E-001   2.322416E+000   6.967247E-001   1.487055E+001   1.625691E+000   1.324486E+001
   30501      30     2.200000     2.300000   5.897529E+000   1.615252E+000   5.711415E+000   1.713425E+000   4.282277E+000   3.997991E+000   2.842863E-001
   30501      31     2.300000     2.450000   6.412228E+000   1.914644E+000   6.400642E+000   1.920193E+000   4.497584E+000   4.480450E+000   1.713468E-002
   30501      32     2.450000     2.550000   2.808749E+000   4.946932E-001   2.240833E+000   6.722500E-001   2.314056E+000   1.568583E+000   7.454728E-001
   30501      33     2.550000     2.650000   2.466453E+000   1.280239E-001   8.704564E-001   2.611369E-001   2.338429E+000   6.093195E-001   1.729110E+000
   30501      34     2.650000     2.900000   5.107089E+000   1.160457E-005   9.919118E-006   2.975735E-006   5.107078E+000   6.943382E-006   5.107071E+000
   30501      35     2.900000     3.200000   4.829501E+000   2.912793E-001   2.197836E+000   6.593509E-001   4.538222E+000   1.538485E+000   2.999736E+000
   30501      36     3.200000     3.500000   4.479548E+000   1.279243E+000   4.401873E+000   1.320562E+000   3.200305E+000   3.081311E+000   1.189938E-001
   30501      37     3.500000     3.900000   5.317470E+000   7.422369E-001   3.355267E+000   1.006580E+000   4.575234E+000   2.348687E+000   2.226546E+000
   30501      38     3.900000     5.500000   8.889375E+000   4.571787E-002   3.924833E-001   1.177450E-001   8.843657E+000   2.747383E-001   8.568919E+000
   30501      39     5.500000     6.500000   2.171822E+000   6.390671E-001   2.157597E+000   6.472792E-001   1.532754E+000   1.510318E+000   2.243621E-002
   30501      40     6.500000     7.000000   6.459457E-001   5.072340E-002   3.870501E-001   1.161150E-001   5.952223E-001   2.709351E-001   3.242872E-001
   30501      41     7.000000     9.000000   1.525571E+000   2.522395E-002   2.539739E-001   7.619216E-002   1.500347E+000   1.777817E-001   1.322565E+000
   30501      42     9.000000    20.000000   1.633159E+000   8.211815E-003   1.048321E-001   3.144963E-002   1.624947E+000   7.338246E-002   1.551565E+000
   30601       1     0.200000     0.300000   5.582456E-006   3.540013E-006   2.917776E-006   8.753329E-007   2.042443E-006   2.042443E-006  -9.500342E-015
   30601       2     0.300000     0.345000   2.557270E-003   1.374824E-003   1.689209E-003   5.067628E-004   1.182447E-003   1.182447E-003  -8.478979E-013
   30601       3     0.345000     0.385000   2.512764E-003   1.152240E-003   1.943607E-003   5.830820E-004   1.360525E-003   1.360525E-003   3.397626E-012
   30601       4     0.385000     0.420000   1.293223E-002   5.311610E-003   1.088660E-002   3.265979E-003   7.620618E-003   7.620618E-003   4.994694E-012
   30601       5     0.420000     0.450000   2.349464E-002   8.965829E-003   2.075544E-002   6.226633E-003   1.452881E-002   1.452881E-002  -7.256079E-012
   30601       6     0.450000     0.500000   1.310848E-001   4.710132E-002   1.199763E-001   3.599290E-002   8.398344E-002   8.398344E-002   1.058527E-011
   30601       7     0.500000     0.550000   1.748537E-001   5.938044E-002   1.649618E-001   4.948854E-002   1.154733E-001   1.154733E-001  -1.811233E-011
   30601       8     0.550000     0.610000   2.295775E-001   7.513671E-002   2.206297E-001   6.618892E-002   1.544408E-001   1.544408E-001   5.420456E-011
   30601       9     0.610000     0.690000   5.693172E-001   1.805662E-001   5.553585E-001   1.666076E-001   3.887510E-001   3.887510E-001   1.911421E-011
   30601      10     0.690000     0.780000   2.472789E+000   7.671523E-001   2.436624E+000   7.309872E-001   1.705637E+000   1.705637E+000  -1.331513E-010
   30601      11     0.780000     0.800000   1.063069E+000   3.229018E-001   1.046045E+000   3.138134E-001   7.401676E-001   7.322314E-001   7.936264E-003
   30601      12     0.800000     0.870000   5.878988E+000   1.800846E+000   5.823937E+000   1.747181E+000   4.078142E+000   4.076756E+000   1.386612E-003
   30601      13     0.870000     0.880000   8.736691E-001   2.593784E-001   8.569803E-001   2.570941E-001   6.142907E-001   5.998862E-001   1.440448E-002
   30601      14     0.880000     1.030000   2.249240E+001   6.829666E+000   2.237428E+001   6.712284E+000   1.566274E+001   1.566200E+001   7.431302E-004
   30601      15     1.030000     1.080000   9.248799E+000   2.408744E+000   8.556467E+000   2.566940E+000   6.840055E+000   5.989527E+000   8.505277E-001
   30601      16     1.080000     1.140000   1.173685E+001   3.468139E+000   1.161207E+001   3.483622E+000   8.268711E+000   8.128452E+000   1.402588E-001
   30601      17     1.140000     1.200000   1.143670E+001   3.434701E+000   1.139372E+001   3.418117E+000   8.001995E+000   7.975607E+000   2.638867E-002
   30601      18     1.200000     1.240000   8.097833E+000   7.145276E-001   3.878279E+000   1.163484E+000   7.383305E+000   2.714795E+000   4.668510E+000
   30601      19     1.240000     1.280000   7.733813E+000   2.119588E+000   7.442545E+000   2.232763E+000   5.614226E+000   5.209781E+000   4.044444E-001
   30601      20     1.280000     1.340000   1.109154E+001   2.046900E+000   8.840441E+000   2.652132E+000   9.044642E+000   6.188308E+000   2.856334E+000
   30601      21     1.340000     1.420000   1.012492E+001   2.698043E+000   9.616681E+000   2.885004E+000   7.426878E+000   6.731677E+000   6.952007E-001
   30601      22     1.420000     1.460000   4.444646E+000   2.390050E-001   1.371698E+000   4.115094E-001   4.205641E+000   9.601885E-001   3.245452E+000
   30601      23     1.460000     1.490000   3.316959E+000   4.149013E-001   2.182014E+000   6.546043E-001   2.902058E+000   1.527410E+000   1.374648E+000
   30601      24     1.490000     1.520000   3.416012E+000   6.897140E-001   2.864369E+000   8.593107E-001   2.726298E+000   2.005058E+000   7.212393E-001
   30601      25     1.520000     1.680000   2.089115E+001   1.172710E+000   7.095178E+000   2.128554E+000   1.971844E+001   4.966625E+000   1.475181E+001
   30601      26     1.680000     1.740000   7.400301E+000   1.946920E+000   7.059720E+000   2.117916E+000   5.453381E+000   4.941804E+000   5.115773E-001
   30601      27     1.740000     1.820000   6.859941E+000   1.817344E+000   6.549040E+000   1.964712E+000   5.042597E+000   4.584328E+000   4.582690E-001
   30601      28     1.820000     1.940000   7.844991E+000   1.156201E+000   5.324523E+000   1.597357E+000   6.688790E+000   3.727166E+000   2.961624E+000
   30601      29     1.940000     2.200000   1.524385E+001   3.782768E-001   2.341395E+000   7.024185E-001   1.486557E+001   1.638977E+000   1.322660E+001
   30601      30     2.200000     2.300000   5.897529E+000   1.616483E+000   5.712946E+000   1.713884E+000   4.281046E+000   3.999062E+000   2.819838E-001
   30601      31     2.300000     2.450000   6.412228E+000   1.914719E+000   6.400726E+000   1.920218E+000   4.497509E+000   4.480508E+000   1.700124E-002
   30601      32     2.450000     2.550000   2.808749E+000   4.991361E-001   2.250047E+000   6.750141E-001   2.309613E+000   1.575033E+000   7.345802E-001
   30601      33     2.550000     2.650000   2.466453E+000   1.296923E-001   8.768001E-001   2.630400E-001   2.336761E+000   6.137601E-001   1.723001E+000
   30601      34     2.650000     2.900000   5.107089E+000   1.184828E-005   1.385723E-005   4.157170E-006   5.107077E+000   9.700062E-006   5.107068E+000
   30601      35     2.900000     3.200000   4.829501E+000   2.967514E-001   2.218554E+000   6.655663E-001   4.532750E+000   1.552988E+000   2.979761E+000
   30601      36     3.200000     3.500000   4.479548E+000   1.280762E+000   4.403856E+000   1.321157E+000   3.198786E+000   3.082699E+000   1.160870E-001
   30601      37     3.500000     3.900000   5.317470E+000   7.432783E-001   3.356675E+000   1.007002E+000   4.574192E+000   2.349672E+000   2.224520E+000
   30601      38     3.900000     5.500000   8.889375E+000   4.676583E-002   3.974135E-001   1.192241E-001   8.842609E+000   2.781895E-001   8.564420E+000
   30601      39     5.500000     6.500000   2.171822E+000   6.394313E-001   2.158019E+000   6.474057E-001   1.532390E+000   1.510613E+000   2.177699E-002
   30601      40     6.500000     7.000000   6.459457E-001   5.055380E-002   3.863773E-001   1.159132E-001   5.953919E-001   2.704641E-001   3.249278E-001
   30601      41     7.000000     9.000000   1.525571E+000   2.562428E-002   2.537623E-001   7.612869E-002   1.499947E+000   1.776336E-001   1.322313E+000
   30601      42     9.000000    20.000000   1.633159E+000   8.776614E-003   1.109295E-001   3.327886E-002   1.624382E+000   7.765068E-002   1.546732E+000
   30701       1     0.200000     0.300000   5.582456E-006   3.540013E-006   2.917776E-006   8.753329E-007   2.042443E-006   2.042443E-006  -9.500342E-015
   30701       2     0.300000     0.345000   2.557270E-003   1.374824E-003   1.689209E-003   5.067628E-004   1.182447E-003   1.182447E-003  -8.478979E-013
   30701       3     0.345000     0.385000   2.512764E-003   1.152240E-003   1.943607E-003   5.830820E-004   1.360525E-003   1.360525E-003   3.397626E-012
   30701       4     0.385000     0.420000   1.293223E-002   5.311610E-003   1.088660E-002   3.265979E-003   7.620618E-003   7.620618E-003   3.267084E-012
   30701       5     0.420000     0.450000   2.349464E-002   8.965829E-003   2.075544E-002   6.226633E-003   1.452881E-002   1.452881E-002   5.536356E-012
   30701       6     0.450000     0.500000   1.310848E-001   4.710132E-002   1.199763E-001   3.599290E-002   8.398344E-002   8.398344E-002   5.466433E-011
   30701       7     0.500000     0.550000   1.748537E-001   5.938044E-002   1.649618E-001   4.948854E-002   1.154733E-001   1.154733E-001  -1.190484E-011
   30701       8     0.550000     0.610000   2.295775E-001   7.513671E-002   2.206297E-001   6.618892E-002   1.544408E-001   1.544408E-001   6.531847E-011
   30701       9     0.610000     0.690000   5.693172E-001   1.805662E-001   5.553585E-001   1.666076E-001   3.887510E-001   3.887510E-001   5.001044E-011
   30701      10     0.690000     0.780000   2.472789E+000   7.671523E-001   2.436624E+000   7.309872E-001   1.705637E+000   1.705637E+000  -4.024425E-011
   30701      11     0.780000     0.800000   1.063069E+000   3.229032E-001   1.046046E+000   3.138138E-001   7.401662E-001   7.322321E-001   7.934117E-003
   30701      12     0.800000     0.870000   5.878988E+000   1.800845E+000   5.823935E+000   1.747181E+000   4.078144E+000   4.076755E+000   1.389214E-003
   30701      13     0.870000     0.880000   8.736691E-001   2.594054E-001   8.570106E-001   2.571032E-001   6.142637E-001   5.999074E-001   1.435626E-002
   30701      14     0.880000     1.030000   2.249240E+001   6.829669E+000   2.237428E+001   6.712285E+000   1.566274E+001   1.566200E+001   7.373194E-004
   30701      15     1.030000     1.080000   9.248799E+000   2.409436E+000   8.557198E+000   2.567159E+000   6.839363E+000   5.990039E+000   8.493244E-001
   30701      16     1.080000     1.140000   1.173685E+001   3.468236E+000   1.161218E+001   3.483653E+000   8.268614E+000   8.128524E+000   1.400901E-001
   30701      17     1.140000     1.200000   1.143670E+001   3.434735E+000   1.139376E+001   3.418129E+000   8.001961E+000   7.975633E+000   2.632807E-002
   30701      18     1.200000     1.240000   8.097833E+000   7.189380E-001   3.890327E+000   1.167098E+000   7.378895E+000   2.723229E+000   4.655666E+000
   30701      19     1.240000     1.280000   7.733813E+000   2.120973E+000   7.444357E+000   2.233307E+000   5.612840E+000   5.211050E+000   4.017903E-001
   30701      20     1.280000     1.340000   1.109154E+001   2.049645E+000   8.844414E+000   2.653324E+000   9.041897E+000   6.191090E+000   2.850808E+000
   30701      21     1.340000     1.420000   1.012492E+001   2.699767E+000   9.618986E+000   2.885696E+000   7.425154E+000   6.733290E+000   6.918642E-001
   30701      22     1.420000     1.460000   4.444646E+000   2.406388E-001   1.380141E+000   4.140424E-001   4.204007E+000   9.660989E-001   3.237908E+000
   30701      23     1.460000     1.490000   3.316959E+000   4.181625E-001   2.187948E+000   6.563843E-001   2.898796E+000   1.531563E+000   1.367233E+000
   30701      24     1.490000     1.520000   3.416012E+000   6.921104E-001   2.868084E+000   8.604251E-001   2.723901E+000   2.007659E+000   7.162425E-001
   30701      25     1.520000     1.680000   2.089115E+001   1.184546E+000   7.137609E+000   2.141283E+000   1.970660E+001   4.996326E+000   1.471028E+001
   30701      26     1.680000     1.740000   7.400301E+000   1.948860E+000   7.062128E+000   2.118638E+000   5.451442E+000   4.943489E+000   5.079522E-001
   30701      27     1.740000     1.820000   6.859941E+000   1.825542E+000   6.560925E+000   1.968277E+000   5.034399E+000   4.592647E+000   4.417522E-001
   30701      28     1.820000     1.940000   7.844991E+000   1.163371E+000   5.345075E+000   1.603523E+000   6.681620E+000   3.741553E+000   2.940067E+000
   30701      29     1.940000     2.200000   1.524385E+001   3.828803E-001   2.358824E+000   7.076471E-001   1.486097E+001   1.651176E+000   1.320979E+001
   30701      30     2.200000     2.300000   5.897529E+000   1.617577E+000   5.714305E+000   1.714291E+000   4.279951E+000   4.000013E+000   2.799382E-001
   30701      31     2.300000     2.450000   6.412228E+000   1.914785E+000   6.400800E+000   1.920240E+000   4.497443E+000   4.480560E+000   1.688277E-002
   30701      32     2.450000     2.550000   2.808749E+000   5.032006E-001   2.258434E+000   6.775301E-001   2.305549E+000   1.580904E+000   7.246450E-001
   30701      33     2.550000     2.650000   2.466453E+000   1.311923E-001   8.825488E-001   2.647646E-001   2.335261E+000   6.177841E-001   1.717477E+000
   30701      34     2.650000     2.900000   5.107089E+000   1.204974E-005   1.874396E-005   5.623188E-006   5.107077E+000   1.312077E-005   5.107064E+000
   30701      35     2.900000     3.200000   4.829501E+000   3.018319E-001   2.237610E+000   6.712829E-001   4.527669E+000   1.566327E+000   2.961342E+000
   30701      36     3.200000     3.500000   4.479548E+000   1.282120E+000   4.405617E+000   1.321685E+000   3.197428E+000   3.083932E+000   1.134961E-001
   30701      37     3.500000     3.900000   5.317470E+000   7.442182E-001   3.357895E+000   1.007369E+000   4.573252E+000   2.350527E+000   2.222726E+000
   30701      38     3.900000     5.500000   8.889375E+000   4.774500E-002   4.020392E-001   1.206118E-001   8.841630E+000   2.814275E-001   8.560203E+000
   30701      39     5.500000     6.500000   2.171822E+000   6.397518E-001   2.158389E+000   6.475167E-001   1.532070E+000   1.510872E+000   2.119752E-002
   30701      40     6.500000     7.000000   6.459457E-001   5.038774E-002   3.857223E-001   1.157167E-001   5.955580E-001   2.700056E-001   3.255524E-001
   30701      41     7.000000     9.000000   1.525571E+000   2.599874E-002   2.536101E-001   7.608302E-002   1.499572E+000   1.775270E-001   1.322045E+000
   30701      42     9.000000    20.000000   1.633159E+000   9.340517E-003   1.167877E-001   3.503632E-002   1.623818E+000   8.175142E-002   1.542067E+000
   30801       1     0.200000     0.300000   5.582456E-006   3.540013E-006   2.917776E-006   8.753329E-007   2.042443E-006   2.042443E-006  -9.500342E-015
   30801       2     0.300000     0.345000   2.557270E-003   1.374824E-003   1.689209E-003   5.067628E-004   1.182447E-003   1.182447E-003  -8.478979E-013
   30801       3     0.345000     0.385000   2.512764E-003   1.152240E-003   1.943607E-003   5.830820E-004   1.360525E-003   1.360525E-003   3.397626E-012
   30801       4     0.385000     0.420000   1.293223E-002   5.311610E-003   1.088660E-002   3.265979E-003   7.620618E-003   7.620618E-003   1.282814E-012
   30801       5     0.420000     0.450000   2.349464E-002   8.965829E-003   2.075544E-002   6.226633E-003   1.452881E-002   1.452881E-002  -3.495234E-012
   30801       6     0.450000     0.500000   1.310848E-001   4.710132E-002   1.199763E-001   3.599290E-002   8.398344E-002   8.398344E-002  -3.355882E-011
   30801       7     0.500000     0.550000   1.748537E-001   5.938044E-002   1.649618E-001   4.948854E-002   1.154733E-001   1.154733E-001  -5.448753E-012
   30801       8     0.550000     0.610000   2.295775E-001   7.513671E-002   2.206297E-001   6.618892E-002   1.544408E-001   1.544408E-001   4.115810E-011
   30801       9     0.610000     0.690000   5.693172E-001   1.805662E-001   5.553585E-001   1.666076E-001   3.887510E-001   3.887510E-001   5.688305E-011
   30801      10     0.690000     0.780000   2.472789E+000   7.671523E-001   2.436624E+000   7.309872E-001   1.705637E+000   1.705637E+000   2.302090E-010
   30801      11     0.780000     0.800000   1.063069E+000   3.229043E-001   1.046047E+000   3.138140E-001   7.401651E-001   7.322327E-001   7.932401E-003
   30801      12     0.800000     0.870000   5.878988E+000   1.800843E+000   5.823934E+000   1.747180E+000   4.078145E+000   4.076753E+000   1.391582E-003
   30801      13     0.870000     0.880000   8.736691E-001   2.594299E-001   8.570381E-001   2.571114E-001   6.142392E-001   5.999267E-001   1.431252E-002
   30801      14     0.880000     1.030000   2.249240E+001   6.829672E+000   2.237429E+001   6.712286E+000   1.566273E+001   1.566200E+001   7.322386E-004
   30801      15     1.030000     1.080000   9.248799E+000   2.410051E+000   8.557829E+000   2.567349E+000   6.838748E+000   5.990480E+000   8.482676E-001
   30801      16     1.080000     1.140000   1.173685E+001   3.468320E+000   1.161227E+001   3.483680E+000   8.268530E+000   8.128586E+000   1.399440E-001
   30801      17     1.140000     1.200000   1.143670E+001   3.434764E+000   1.139379E+001   3.418138E+000   8.001933E+000   7.975655E+000   2.627787E-002
   30801      18     1.200000     1.240000   8.097833E+000   7.230199E-001   3.901428E+000   1.170428E+000   7.374813E+000   2.730999E+000   4.643814E+000
   30801      19     1.240000     1.280000   7.733813E+000   2.122198E+000   7.445958E+000   2.233787E+000   5.611615E+000   5.212170E+000   3.994446E-001
   30801      20     1.280000     1.340000   1.109154E+001   2.052135E+000   8.847980E+000   2.654394E+000   9.039408E+000   6.193586E+000   2.845822E+000
   30801      21     1.340000     1.420000   1.012492E+001   2.701319E+000   9.621046E+000   2.886314E+000   7.423602E+000   6.734732E+000   6.888702E-001
   30801      22     1.420000     1.460000   4.444646E+000   2.421917E-001   1.388021E+000   4.164062E-001   4.202454E+000   9.716146E-001   3.230839E+000
   30801      23     1.460000     1.490000   3.316959E+000   4.211051E-001   2.193254E+000   6.579762E-001   2.895854E+000   1.535278E+000   1.360576E+000
   30801      24     1.490000     1.520000   3.416012E+000   6.942623E-001   2.871400E+000   8.614200E-001   2.721749E+000   2.009980E+000   7.117693E-001
   30801      25     1.520000     1.680000   2.089115E+001   1.195472E+000   7.176675E+000   2.153002E+000   1.969568E+001   5.023672E+000   1.467200E+001
   30801      26     1.680000     1.740000   7.400301E+000   1.950568E+000   7.064247E+000   2.119274E+000   5.449734E+000   4.944973E+000   5.047607E-001
   30801      27     1.740000     1.820000   6.859941E+000   1.832977E+000   6.571580E+000   1.971474E+000   5.026964E+000   4.600106E+000   4.268581E-001
   30801      28     1.820000     1.940000   7.844991E+000   1.170013E+000   5.363987E+000   1.609196E+000   6.674978E+000   3.754791E+000   2.920187E+000
   30801      29     1.940000     2.200000   1.524385E+001   3.871252E-001   2.374797E+000   7.124392E-001   1.485672E+001   1.662358E+000   1.319437E+001
   30801      30     2.200000     2.300000   5.897529E+000   1.618553E+000   5.715513E+000   1.714654E+000   4.278976E+000   4.000859E+000   2.781167E-001
   30801      31     2.300000     2.450000   6.412228E+000   1.914844E+000   6.400866E+000   1.920260E+000   4.497384E+000   4.480606E+000   1.677742E-002
   30801      32     2.450000     2.550000   2.808749E+000   5.069086E-001   2.266052E+000   6.798157E-001   2.301841E+000   1.586237E+000   7.156041E-001
   30801      33     2.550000     2.650000   2.466453E+000   1.325361E-001   8.877427E-001   2.663228E-001   2.333917E+000   6.214199E-001   1.712497E+000
   30801      34     2.650000     2.900000   5.107089E+000   1.221476E-005   2.460487E-005   7.381462E-006   5.107077E+000   1.722341E-005   5.107060E+000
   30801      35     2.900000     3.200000   4.829501E+000   3.065309E-001   2.255088E+000   6.765265E-001   4.522970E+000   1.578562E+000   2.944408E+000
   30801      36     3.200000     3.500000   4.479548E+000   1.283333E+000   4.407183E+000   1.322155E+000   3.196215E+000   3.085028E+000   1.111866E-001
   30801      37     3.500000     3.900000   5.317470E+000   7.450658E-001   3.358957E+000   1.007687E+000   4.572405E+000   2.351270E+000   2.221135E+000
   30801      38     3.900000     5.500000   8.889375E+000   4.865593E-002   4.063646E-001   1.219094E-001   8.840719E+000   2.844552E-001   8.556264E+000
   30801      39     5.500000     6.500000   2.171822E+000   6.400338E-001   2.158714E+000   6.476143E-001   1.531788E+000   1.511100E+000   2.068783E-002
   30801      40     6.500000     7.000000   6.459457E-001   5.022653E-002   3.850896E-001   1.155269E-001   5.957192E-001   2.695628E-001   3.261564E-001
   30801      41     7.000000     9.000000   1.525571E+000   2.634667E-002   2.535078E-001   7.605234E-002   1.499224E+000   1.774555E-001   1.321769E+000
   30801      42     9.000000    20.000000   1.633159E+000   9.898989E-003   1.223577E-001   3.670730E-002   1.623260E+000   8.565036E-002   1.537610E+000
   30901       1     0.200000     0.300000   5.582456E-006   3.540013E-006   2.917776E-006   8.753329E-007   2.042443E-006   2.042443E-006  -9.500342E-015
   30901       2     0.300000     0.345000   2.557270E-003   1.374824E-003   1.689209E-003   5.067628E-004   1.182447E-003   1.182447E-003  -8.478979E-013
   30901       3     0.345000     0.385000   2.512764E-003   1.152240E-003   1.943607E-003   5.830820E-004   1.360525E-003   1.360525E-003   3.397626E-012
   30901       4     0.385000     0.420000   1.293223E-002   5.311610E-003   1.088660E-002   3.265979E-003   7.620618E-003   7.620618E-003   7.578391E-013
   30901       5     0.420000     0.450000   2.349464E-002   8.965829E-003   2.075544E-002   6.226633E-003   1.452881E-002   1.452881E-002   8.870776E-012
   30901       6     0.450000     0.500000   1.310848E-001   4.710132E-002   1.199763E-001   3.599290E-002   8.398344E-002   8.398344E-002  -3.578945E-011
   30901       7     0.500000     0.550000   1.748537E-001   5.938044E-002   1.649618E-001   4.948854E-002   1.154733E-001   1.154733E-001   8.328990E-012
   30901       8     0.550000     0.610000   2.295775E-001   7.513671E-002   2.206297E-001   6.618892E-002   1.544408E-001   1.544408E-001   7.632248E-011
   30901       9     0.610000     0.690000   5.693172E-001   1.805662E-001   5.553585E-001   1.666076E-001   3.887510E-001   3.887510E-001  -6.282963E-011
   30901      10     0.690000     0.780000   2.472789E+000   7.671523E-001   2.436624E+000   7.309872E-001   1.705637E+000   1.705637E+000   1.338059E-010
   30901      11     0.780000     0.800000   1.063069E+000   3.229052E-001   1.046047E+000   3.138142E-001   7.401642E-001   7.322331E-001   7.931014E-003
   30901      12     0.800000     0.870000   5.878988E+000   1.800842E+000   5.823932E+000   1.747180E+000   4.078146E+000   4.076753E+000   1.393738E-003
   30901      13     0.870000     0.880000   8.736691E-001   2.594522E-001   8.570631E-001   2.571189E-001   6.142169E-001   5.999442E-001   1.427271E-002
   30901      14     0.880000     1.030000   2.249240E+001   6.829674E+000   2.237429E+001   6.712287E+000   1.566273E+001   1.566200E+001   7.277652E-004
   30901      15     1.030000     1.080000   9.248799E+000   2.410600E+000   8.558377E+000   2.567513E+000   6.838199E+000   5.990864E+000   8.473351E-001
   30901      16     1.080000     1.140000   1.173685E+001   3.468392E+000   1.161234E+001   3.483703E+000   8.268457E+000   8.128640E+000   1.398171E-001
   30901      17     1.140000     1.200000   1.143670E+001   3.434787E+000   1.139382E+001   3.418146E+000   8.001910E+000   7.975674E+000   2.623592E-002
   30901      18     1.200000     1.240000   8.097833E+000   7.267908E-001   3.911643E+000   1.173493E+000   7.371042E+000   2.738150E+000   4.632892E+000
   30901      19     1.240000     1.280000   7.733813E+000   2.123287E+000   7.447378E+000   2.234213E+000   5.610526E+000   5.213165E+000   3.973617E-001
   30901      20     1.280000     1.340000   1.109154E+001   2.054396E+000   8.851187E+000   2.655356E+000   9.037147E+000   6.195831E+000   2.841316E+000
   30901      21     1.340000     1.420000   1.012492E+001   2.702718E+000   9.622892E+000   2.886868E+000   7.422203E+000   6.736024E+000   6.861787E-001
   30901      22     1.420000     1.460000   4.444646E+000   2.436587E-001   1.395353E+000   4.186060E-001   4.200987E+000   9.767473E-001   3.224240E+000
   30901      23     1.460000     1.490000   3.316959E+000   4.237605E-001   2.198007E+000   6.594021E-001   2.893198E+000   1.538605E+000   1.354593E+000
   30901      24     1.490000     1.520000   3.416012E+000   6.961992E-001   2.874371E+000   8.623112E-001   2.719812E+000   2.012060E+000   7.077528E-001
   30901      25     1.520000     1.680000   2.089115E+001   1.205546E+000   7.212605E+000   2.163782E+000   1.968560E+001   5.048824E+000   1.463678E+001
   30901      26     1.680000     1.740000   7.400301E+000   1.952080E+000   7.066122E+000   2.119837E+000   5.448221E+000   4.946285E+000   5.019359E-001
   30901      27     1.740000     1.820000   6.859941E+000   1.839720E+000   6.581150E+000   1.974345E+000   5.020222E+000   4.606805E+000   4.134164E-001
   30901      28     1.820000     1.940000   7.844991E+000   1.176156E+000   5.381373E+000   1.614412E+000   6.668836E+000   3.766961E+000   2.901874E+000
   30901      29     1.940000     2.200000   1.524385E+001   3.910353E-001   2.389433E+000   7.168298E-001   1.485281E+001   1.672603E+000   1.318021E+001
   30901      30     2.200000     2.300000   5.897529E+000   1.619425E+000   5.716593E+000   1.714978E+000   4.278103E+000   4.001615E+000   2.764880E-001
   30901      31     2.300000     2.450000   6.412228E+000   1.914897E+000   6.400925E+000   1.920278E+000   4.497331E+000   4.480648E+000   1.668338E-002
   30901      32     2.450000     2.550000   2.808749E+000   5.102888E-001   2.272974E+000   6.818922E-001   2.298460E+000   1.591082E+000   7.073786E-001
   30901      33     2.550000     2.650000   2.466453E+000   1.337383E-001   8.924332E-001   2.677300E-001   2.332715E+000   6.247033E-001   1.708012E+000
   30901      34     2.650000     2.900000   5.107089E+000   1.235529E-005   3.143679E-005   9.431038E-006   5.107077E+000   2.200575E-005   5.107055E+000
   30901      35     2.900000     3.200000   4.829501E+000   3.108702E-001   2.271113E+000   6.813340E-001   4.518631E+000   1.589779E+000   2.928851E+000
   30901      36     3.200000     3.500000   4.479548E+000   1.284421E+000   4.408580E+000   1.322574E+000   3.195127E+000   3.086006E+000   1.091214E-001
   30901      37     3.500000     3.900000   5.317470E+000   7.458307E-001   3.359886E+000   1.007966E+000   4.571640E+000   2.351920E+000   2.219719E+000
   30901      38     3.900000     5.500000   8.889375E+000   4.950141E-002   4.103994E-001   1.231198E-001   8.839874E+000   2.872796E-001   8.552594E+000
   30901      39     5.500000     6.500000   2.171822E+000   6.402829E-001   2.159001E+000   6.477002E-001   1.531539E+000   1.511301E+000   2.023817E-002
   30901      40     6.500000     7.000000   6.459457E-001   5.007015E-002   3.844790E-001   1.153437E-001   5.958756E-001   2.691353E-001   3.267403E-001
   30901      41     7.000000     9.000000   1.525571E+000   2.666866E-002   2.534477E-001   7.603432E-002   1.498902E+000   1.774134E-001   1.321489E+000
   30901      42     9.000000    20.000000   1.633159E+000   1.044888E-002   1.276182E-001   3.828546E-002   1.622710E+000   8.933273E-002   1.533377E+000
   31001       1     0.200000     0.300000   5.582456E-006   3.540013E-006   2.917776E-006   8.753329E-007   2.042443E-006   2.042443E-006  -9.500342E-015
   31001       2     0.300000     0.345000   2.557270E-003   1.374824E-003   1.689209E-003   5.067628E-004   1.182447E-003   1.182447E-003  -8.478979E-013
   31001       3     0.345000     0.385000   2.512764E-003   1.152240E-003   1.943607E-003   5.830820E-004   1.360525E-003   1.360525E-003   3.397626E-012
   31001       4     0.385000     0.420000   1.293223E-002   5.311610E-003   1.088660E-002   3.265979E-003   7.620618E-003   7.620618E-003   5.381640E-012
   31001       5     0.420000     0.450000   2.349464E-002   8.965829E-003   2.075544E-002   6.226633E-003   1.452881E-002   1.452881E-002  -6.296363E-012
   31001       6     0.450000     0.500000   1.310848E-001   4.710132E-002   1.199763E-001   3.599290E-002   8.398344E-002   8.398344E-002   2.805685E-011
   31001       7     0.500000     0.550000   1.748537E-001   5.938044E-002   1.649618E-001   4.948854E-002   1.154733E-001   1.154733E-001  -1.937377E-011
   31001       8     0.550000     0.610000   2.295775E-001   7.513671E-002   2.206297E-001   6.618892E-002   1.544408E-001   1.544408E-001   7.990361E-011
   31001       9     0.610000     0.690000   5.693172E-001   1.805662E-001   5.553585E-001   1.666076E-001   3.887510E-001   3.887510E-001   2.877876E-011
   31001      10     0.690000     0.780000   2.472789E+000   7.671523E-001   2.436624E+000   7.309872E-001   1.705637E+000   1.705637E+000   1.665539E-010
   31001      11     0.780000     0.800000   1.063069E+000   3.229060E-001   1.046048E+000   3.138144E-001   7.401634E-001   7.322335E-001   7.929857E-003
   31001      12     0.800000     0.870000   5.878988E+000   1.800841E+000   5.823931E+000   1.747179E+000   4.078147E+000   4.076752E+000   1.395706E-003
   31001      13     0.870000     0.880000   8.736691E-001   2.594725E-001   8.570859E-001   2.571258E-001   6.141965E-001   5.999601E-001   1.423640E-002
   31001      14     0.880000     1.030000   2.249240E+001   6.829676E+000   2.237429E+001   6.712288E+000   1.566273E+001   1.566200E+001   7.238070E-004
   31001      15     1.030000     1.080000   9.248799E+000   2.411091E+000   8.558857E+000   2.567657E+000   6.837708E+000   5.991200E+000   8.465083E-001
   31001      16     1.080000     1.140000   1.173685E+001   3.468456E+000   1.161241E+001   3.483723E+000   8.268394E+000   8.128688E+000   1.397063E-001
   31001      17     1.140000     1.200000   1.143670E+001   3.434807E+000   1.139384E+001   3.418153E+000   8.001890E+000   7.975689E+000   2.620063E-002
   31001      18     1.200000     1.240000   8.097833E+000   7.302712E-001   3.921040E+000   1.176312E+000   7.367562E+000   2.744728E+000   4.622833E+000
   31001      19     1.240000     1.280000   7.733813E+000   2.124258E+000   7.448644E+000   2.234593E+000   5.609555E+000   5.214051E+000   3.955050E-001
   31001      20     1.280000     1.340000   1.109154E+001   2.056450E+000   8.854080E+000   2.656224E+000   9.035093E+000   6.197856E+000   2.837236E+000
   31001      21     1.340000     1.420000   1.012492E+001   2.703981E+000   9.624551E+000   2.887365E+000   7.420940E+000   6.737186E+000   6.837539E-001
   31001      22     1.420000     1.460000   4.444646E+000   2.450387E-001   1.402165E+000   4.206496E-001   4.199607E+000   9.815158E-001   3.218091E+000
   31001      23     1.460000     1.490000   3.316959E+000   4.261590E-001   2.202273E+000   6.606820E-001   2.890800E+000   1.541591E+000   1.349209E+000
   31001      24     1.490000     1.520000   3.416012E+000   6.979463E-001   2.877040E+000   8.631120E-001   2.718065E+000   2.013928E+000   7.041373E-001
   31001      25     1.520000     1.680000   2.089115E+001   1.214832E+000   7.245639E+000   2.173692E+000   1.967632E+001   5.071948E+000   1.460437E+001
   31001      26     1.680000     1.740000   7.400301E+000   1.953425E+000   7.067788E+000   2.120336E+000   5.446877E+000   4.947452E+000   4.994251E-001
   31001      27     1.740000     1.820000   6.859941E+000   1.845838E+000   6.589761E+000   1.976928E+000   5.014103E+000   4.612832E+000   4.012709E-001
   31001      28     1.820000     1.940000   7.844991E+000   1.181832E+000   5.397350E+000   1.619205E+000   6.663159E+000   3.778145E+000   2.885014E+000
   31001      29     1.940000     2.200000   1.524385E+001   3.946352E-001   2.402843E+000   7.208530E-001   1.484921E+001   1.681990E+000   1.316722E+001
   31001      30     2.200000     2.300000   5.897529E+000   1.620209E+000   5.717561E+000   1.715268E+000   4.277320E+000   4.002293E+000   2.750266E-001
   31001      31     2.300000     2.450000   6.412228E+000   1.914944E+000   6.400978E+000   1.920293E+000   4.497284E+000   4.480684E+000   1.659914E-002
   31001      32     2.450000     2.550000   2.808749E+000   5.133706E-001   2.279267E+000   6.837800E-001   2.295379E+000   1.595487E+000   6.998920E-001
   31001      33     2.550000     2.650000   2.466453E+000   1.348138E-001   8.966709E-001   2.690013E-001   2.331640E+000   6.276696E-001   1.703970E+000
   31001      34     2.650000     2.900000   5.107089E+000   1.247665E-005   3.920827E-005   1.176248E-005   5.107077E+000   2.744579E-005   5.107049E+000
   31001      35     2.900000     3.200000   4.829501E+000   3.148742E-001   2.285807E+000   6.857420E-001   4.514627E+000   1.600065E+000   2.914562E+000
   31001      36     3.200000     3.500000   4.479548E+000   1.285398E+000   4.409830E+000   1.322949E+000   3.194150E+000   3.086881E+000   1.072694E-001
   31001      37     3.500000     3.900000   5.317470E+000   7.465221E-001   3.360702E+000   1.008211E+000   4.570948E+000   2.352491E+000   2.218457E+000
   31001      38     3.900000     5.500000   8.889375E+000   5.028518E-002   4.141576E-001   1.242473E-001   8.839090E+000   2.899103E-001   8.549180E+000
   31001      39     5.500000     6.500000   2.171822E+000   6.405035E-001   2.159254E+000   6.477763E-001   1.531318E+000   1.511478E+000   1.983999E-002
   31001      40     6.500000     7.000000   6.459457E-001   4.991970E-002   3.838939E-001   1.151682E-001   5.960260E-001   2.687257E-001   3.273003E-001
   31001      41     7.000000     9.000000   1.525571E+000   2.696557E-002   2.534215E-001   7.602646E-002   1.498606E+000   1.773951E-001   1.321210E+000
   31001      42     9.000000    20.000000   1.633159E+000   1.098784E-002   1.325641E-001   3.976923E-002   1.622171E+000   9.279488E-002   1.529376E+000
   31101       1     0.200000     0.300000   5.582456E-006   3.540013E-006   2.917776E-006   8.753329E-007   2.042443E-006   2.042443E-006  -9.500342E-015
   31101       2     0.300000     0.345000   2.557270E-003   1.374824E-003   1.689209E-003   5.067628E-004   1.182447E-003   1.182447E-003  -8.478979E-013
   31101       3     0.345000     0.385000   2.512764E-003   1.152240E-003   1.943607E-003   5.830820E-004   1.360525E-003   1.360525E-003   3.397626E-012
   31101       4     0.385000     0.420000   1.293223E-002   5.311610E-003   1.088660E-002   3.265979E-003   7.620618E-003   7.620618E-003   2.286765E-012
   31101       5     0.420000     0.450000   2.349464E-002   8.965829E-003   2.075544E-002   6.226633E-003   1.452881E-002   1.452881E-002   6.478663E-012
   31101       6     0.450000     0.500000   1.310848E-001   4.710132E-002   1.199763E-001   3.599290E-002   8.398344E-002   8.398344E-002   6.272469E-012
   31101       7     0.500000     0.550000   1.748537E-001   5.938044E-002   1.649618E-001   4.948854E-002   1.154733E-001   1.154733E-001   1.147853E-011
   31101       8     0.550000     0.610000   2.295775E-001   7.513671E-002   2.206297E-001   6.618892E-002   1.544408E-001   1.544408E-001   3.710687E-011
   31101       9     0.610000     0.690000   5.693172E-001   1.805662E-001   5.553585E-001   1.666076E-001   3.887510E-001   3.887510E-001  -8.691386E-011
   31101      10     0.690000     0.780000   2.472789E+000   7.671523E-001   2.436624E+000   7.309872E-001   1.705637E+000   1.705637E+000   2.242428E-011
   31101      11     0.780000     0.800000   1.063069E+000   3.229067E-001   1.046048E+000   3.138145E-001   7.401627E-001   7.322339E-001   7.928785E-003
   31101      12     0.800000     0.870000   5.878988E+000   1.800840E+000   5.823930E+000   1.747179E+000   4.078148E+000   4.076751E+000   1.397505E-003
   31101      13     0.870000     0.880000   8.736691E-001   2.594911E-001   8.571068E-001   2.571320E-001   6.141780E-001   5.999747E-001   1.420326E-002
   31101      14     0.880000     1.030000   2.249240E+001   6.829678E+000   2.237429E+001   6.712288E+000   1.566273E+001   1.566201E+001   7.203033E-004
   31101      15     1.030000     1.080000   9.248799E+000   2.411531E+000   8.559277E+000   2.567783E+000   6.837268E+000   5.991494E+000   8.457740E-001
   31101      16     1.080000     1.140000   1.173685E+001   3.468511E+000   1.161247E+001   3.483741E+000   8.268339E+000   8.128729E+000   1.396098E-001
   31101      17     1.140000     1.200000   1.143670E+001   3.434824E+000   1.139386E+001   3.418158E+000   8.001873E+000   7.975702E+000   2.617103E-002
   31101      18     1.200000     1.240000   8.097833E+000   7.334806E-001   3.929683E+000   1.178905E+000   7.364352E+000   2.750778E+000   4.613574E+000
   31101      19     1.240000     1.280000   7.733813E+000   2.125124E+000   7.449771E+000   2.234931E+000   5.608689E+000   5.214840E+000   3.938493E-001
   31101      20     1.280000     1.340000   1.109154E+001   2.058319E+000   8.856691E+000   2.657007E+000   9.033224E+000   6.199684E+000   2.833540E+000
   31101      21     1.340000     1.420000   1.012492E+001   2.705123E+000   9.626044E+000   2.887813E+000   7.419798E+000   6.738231E+000   6.815671E-001
   31101      22     1.420000     1.460000   4.444646E+000   2.463302E-001   1.408471E+000   4.225412E-001   4.198315E+000   9.859294E-001   3.212386E+000
   31101      23     1.460000     1.490000   3.316959E+000   4.283200E-001   2.206096E+000   6.618287E-001   2.888639E+000   1.544267E+000   1.344372E+000
   31101      24     1.490000     1.520000   3.416012E+000   6.995216E-001   2.879439E+000   8.638317E-001   2.716490E+000   2.015607E+000   7.008827E-001
   31101      25     1.520000     1.680000   2.089115E+001   1.223376E+000   7.275982E+000   2.182795E+000   1.966777E+001   5.093187E+000   1.457458E+001
   31101      26     1.680000     1.740000   7.400301E+000   1.954621E+000   7.069269E+000   2.120781E+000   5.445681E+000   4.948488E+000   4.971924E-001
   31101      27     1.740000     1.820000   6.859941E+000   1.851368E+000   6.597486E+000   1.979246E+000   5.008573E+000   4.618240E+000   3.903328E-001
   31101      28     1.820000     1.940000   7.844991E+000   1.187063E+000   5.412000E+000   1.623600E+000   6.657929E+000   3.788400E+000   2.869529E+000
   31101      29     1.940000     2.200000   1.524385E+001   3.979433E-001   2.415114E+000   7.245343E-001   1.484591E+001   1.690580E+000   1.315533E+001
   31101      30     2.200000     2.300000   5.897529E+000   1.620913E+000   5.718431E+000   1.715529E+000   4.276615E+000   4.002902E+000   2.737136E-001
   31101      31     2.300000     2.450000   6.412228E+000   1.914987E+000   6.401025E+000   1.920308E+000   4.497241E+000   4.480718E+000   1.652364E-002
   31101      32     2.450000     2.550000   2.808749E+000   5.161722E-001   2.284975E+000   6.854924E-001   2.292577E+000   1.599482E+000   6.930946E-001
   31101      33     2.550000     2.650000   2.466453E+000   1.357693E-001   9.004802E-001   2.701440E-001   2.330684E+000   6.303361E-001   1.700348E+000
   31101      34     2.650000     2.900000   5.107089E+000   1.258243E-005   4.782878E-005   1.434863E-005   5.107077E+000   3.348014E-005   5.107043E+000
   31101      35     2.900000     3.200000   4.829501E+000   3.185589E-001   2.299253E+000   6.897759E-001   4.510942E+000   1.609477E+000   2.901465E+000
   31101      36     3.200000     3.500000   4.479548E+000   1.286274E+000   4.410948E+000   1.323284E+000   3.193274E+000   3.087664E+000   1.056099E-001
   31101      37     3.500000     3.900000   5.317470E+000   7.471467E-001   3.361417E+000   1.008425E+000   4.570324E+000   2.352992E+000   2.217332E+000
   31101      38     3.900000     5.500000   8.889375E+000   5.100934E-002   4.176546E-001   1.252964E-001   8.838366E+000   2.923582E-001   8.546008E+000
   31101      39     5.500000     6.500000   2.171822E+000   6.406985E-001   2.159478E+000   6.478434E-001   1.531123E+000   1.511635E+000   1.948847E-002
   31101      40     6.500000     7.000000   6.459457E-001   4.977482E-002   3.833327E-001   1.149998E-001   5.961709E-001   2.683329E-001   3.278380E-001
   31101      41     7.000000     9.000000   1.525571E+000   2.723885E-002   2.534235E-001   7.602704E-002   1.498332E+000   1.773964E-001   1.320936E+000
   31101      42     9.000000    20.000000   1.633159E+000   1.151006E-002   1.371662E-001   4.114986E-002   1.621649E+000   9.601633E-002   1.525633E+000
   31201       1     0.200000     0.300000   5.582456E-006   3.540013E-006   2.917776E-006   8.753329E-007   2.042443E-006   2.042443E-006  -9.500342E-015
   31201       2     0.300000     0.345000   2.557270E-003   1.374824E-003   1.689209E-003   5.067628E-004   1.182447E-003   1.182447E-003  -8.478979E-013
   31201       3     0.345000     0.385000   2.512764E-003   1.152240E-003   1.943607E-003   5.830820E-004   1.360525E-003   1.360525E-003   3.397626E-012
   31201       4     0.385000     0.420000   1.293223E-002   5.311610E-003   1.088660E-002   3.265979E-003   7.620618E-003   7.620618E-003   5.576929E-012
   31201       5     0.420000     0.450000   2.349464E-002   8.965829E-003   2.075544E-002   6.226633E-003   1.452881E-002   1.452881E-002   8.068593E-012
   31201       6     0.450000     0.500000   1.310848E-001   4.710132E-002   1.199763E-001   3.599290E-002   8.398344E-002   8.398344E-002  -1.341705E-013
   31201       7     0.500000     0.550000   1.748537E-001   5.938044E-002   1.649618E-001   4.948854E-002   1.154733E-001   1.154733E-001  -3.981622E-011
   31201       8     0.550000     0.610000   2.295775E-001   7.513671E-002   2.206297E-001   6.618892E-002   1.544408E-001   1.544408E-001   5.644929E-012
   31201       9     0.610000     0.690000   5.693172E-001   1.805662E-001   5.553585E-001   1.666076E-001   3.887510E-001   3.887510E-001  -7.738771E-011
   31201      10     0.690000     0.780000   2.472789E+000   7.671523E-001   2.436624E+000   7.309872E-001   1.705637E+000   1.705637E+000   5.015810E-011
   31201      11     0.780000     0.800000   1.063069E+000   3.229074E-001   1.046049E+000   3.138147E-001   7.401620E-001   7.322343E-001   7.927708E-003
   31201      12     0.800000     0.870000   5.878988E+000   1.800839E+000   5.823929E+000   1.747179E+000   4.078149E+000   4.076750E+000   1.399153E-003
   31201      13     0.870000     0.880000   8.736691E-001   2.595080E-001   8.571258E-001   2.571377E-001   6.141610E-001   5.999880E-001   1.417301E-002
   31201      14     0.880000     1.030000   2.249240E+001   6.829680E+000   2.237430E+001   6.712289E+000   1.566272E+001   1.566201E+001   7.171843E-004
   31201      15     1.030000     1.080000   9.248799E+000   2.411927E+000   8.559648E+000   2.567894E+000   6.836871E+000   5.991753E+000   8.451180E-001
   31201      16     1.080000     1.140000   1.173685E+001   3.468559E+000   1.161252E+001   3.483757E+000   8.268291E+000   8.128765E+000   1.395253E-001
   31201      17     1.140000     1.200000   1.143670E+001   3.434838E+000   1.139388E+001   3.418163E+000   8.001859E+000   7.975713E+000   2.614592E-002
   31201      18     1.200000     1.240000   8.097833E+000   7.364412E-001   3.937634E+000   1.181290E+000   7.361392E+000   2.756344E+000   4.605048E+000
   31201      19     1.240000     1.280000   7.733813E+000   2.125901E+000   7.450781E+000   2.235234E+000   5.607913E+000   5.215547E+000   3.923658E-001
   31201      20     1.280000     1.340000   1.109154E+001   2.060021E+000   8.859056E+000   2.657717E+000   9.031522E+000   6.201339E+000   2.830183E+000
   31201      21     1.340000     1.420000   1.012492E+001   2.706159E+000   9.627392E+000   2.888218E+000   7.418762E+000   6.739174E+000   6.795879E-001
   31201      22     1.420000     1.460000   4.444646E+000   2.475377E-001   1.414311E+000   4.242932E-001   4.197108E+000   9.900175E-001   3.207090E+000
   31201      23     1.460000     1.490000   3.316959E+000   4.302741E-001   2.209536E+000   6.628607E-001   2.886685E+000   1.546675E+000   1.340010E+000
   31201      24     1.490000     1.520000   3.416012E+000   7.009467E-001   2.881603E+000   8.644809E-001   2.715065E+000   2.017122E+000   6.979428E-001
   31201      25     1.520000     1.680000   2.089115E+001   1.231247E+000   7.303879E+000   2.191164E+000   1.965990E+001   5.112715E+000   1.454719E+001
   31201      26     1.680000     1.740000   7.400301E+000   1.955690E+000   7.070592E+000   2.121178E+000   5.444611E+000   4.949415E+000   4.951966E-001
   31201      27     1.740000     1.820000   6.859941E+000   1.856384E+000   6.604446E+000   1.981334E+000   5.003557E+000   4.623112E+000   3.804453E-001
   31201      28     1.820000     1.940000   7.844991E+000   1.191888E+000   5.425452E+000   1.627636E+000   6.653103E+000   3.797817E+000   2.855287E+000
   31201      29     1.940000     2.200000   1.524385E+001   4.009869E-001   2.426360E+000   7.279079E-001   1.484286E+001   1.698452E+000   1.314441E+001
   31201      30     2.200000     2.300000   5.897529E+000   1.621549E+000   5.719215E+000   1.715764E+000   4.275980E+000   4.003450E+000   2.725293E-001
   31201      31     2.300000     2.450000   6.412228E+000   1.915025E+000   6.401068E+000   1.920320E+000   4.497203E+000   4.480747E+000   1.645571E-002
   31201      32     2.450000     2.550000   2.808749E+000   5.187258E-001   2.290168E+000   6.870503E-001   2.290023E+000   1.603117E+000   6.869061E-001
   31201      33     2.550000     2.650000   2.466453E+000   1.366215E-001   9.039173E-001   2.711752E-001   2.329832E+000   6.327421E-001   1.697090E+000
   31201      34     2.650000     2.900000   5.107089E+000   1.267526E-005   5.722796E-005   1.716839E-005   5.107076E+000   4.005957E-005   5.107036E+000
   31201      35     2.900000     3.200000   4.829501E+000   3.219546E-001   2.311582E+000   6.934745E-001   4.507546E+000   1.618107E+000   2.889439E+000
   31201      36     3.200000     3.500000   4.479548E+000   1.287065E+000   4.411953E+000   1.323586E+000   3.192483E+000   3.088367E+000   1.041165E-001
   31201      37     3.500000     3.900000   5.317470E+000   7.477128E-001   3.362047E+000   1.008614E+000   4.569758E+000   2.353433E+000   2.216325E+000
   31201      38     3.900000     5.500000   8.889375E+000   5.167922E-002   4.209084E-001   1.262725E-001   8.837696E+000   2.946359E-001   8.543060E+000
   31201      39     5.500000     6.500000   2.171822E+000   6.408718E-001   2.159677E+000   6.479030E-001   1.530950E+000   1.511774E+000   1.917605E-002
   31201      40     6.500000     7.000000   6.459457E-001   4.963665E-002   3.827989E-001   1.148397E-001   5.963091E-001   2.679592E-001   3.283499E-001
   31201      41     7.000000     9.000000   1.525571E+000   2.749010E-002   2.534462E-001   7.603387E-002   1.498081E+000   1.774124E-001   1.320669E+000
   31201      42     9.000000    20.000000   1.633159E+000   1.201539E-002   1.414499E-001   4.243497E-002   1.621144E+000   9.901494E-002   1.522129E+000
   31301       1     0.200000     0.300000   5.582456E-006   3.540013E-006   2.917776E-006   8.753329E-007   2.042443E-006   2.042443E-006  -9.500342E-015
   31301       2     0.300000     0.345000   2.557270E-003   1.374824E-003   1.689209E-003   5.067628E-004   1.182447E-003   1.182447E-003  -8.478979E-013
   31301       3     0.345000     0.385000   2.512764E-003   1.152240E-003   1.943607E-003   5.830820E-004   1.360525E-003   1.360525E-003   3.397626E-012
   31301       4     0.385000     0.420000   1.293223E-002   5.311610E-003   1.088660E-002   3.265979E-003   7.620618E-003   7.620618E-003   6.863935E-012
   31301       5     0.420000     0.450000   2.349464E-002   8.965829E-003   2.075544E-002   6.226633E-003   1.452881E-002   1.452881E-002  -6.740337E-013
   31301       6     0.450000     0.500000   1.310848E-001   4.710132E-002   1.199763E-001   3.599290E-002   8.398344E-002   8.398344E-002   1.321281E-011
   31301       7     0.500000     0.550000   1.748537E-001   5.938044E-002   1.649618E-001   4.948854E-002   1.154733E-001   1.154733E-001   1.625948E-011
   31301       8     0.550000     0.610000   2.295775E-001   7.513671E-002   2.206297E-001   6.618892E-002   1.544408E-001   1.544408E-001   4.970135E-011
   31301       9     0.610000     0.690000   5.693172E-001   1.805662E-001   5.553585E-001   1.666076E-001   3.887510E-001   3.887510E-001   4.780076E-011
   31301      10     0.690000     0.780000   2.472789E+000   7.671523E-001   2.436624E+000   7.309872E-001   1.705637E+000   1.705637E+000  -2.559775E-011
   31301      11     0.780000     0.800000   1.063069E+000   3.229081E-001   1.046050E+000   3.138149E-001   7.401613E-001   7.322347E-001   7.926624E-003
   31301      12     0.800000     0.870000   5.878988E+000   1.800838E+000   5.823928E+000   1.747178E+000   4.078150E+000   4.076749E+000   1.400665E-003
   31301      13     0.870000     0.880000   8.736691E-001   2.595235E-001   8.571431E-001   2.571429E-001   6.141456E-001   6.000002E-001   1.414537E-002
   31301      14     0.880000     1.030000   2.249240E+001   6.829682E+000   2.237430E+001   6.712290E+000   1.566272E+001   1.566201E+001   7.144003E-004
   31301      15     1.030000     1.080000   9.248799E+000   2.412285E+000   8.559977E+000   2.567993E+000   6.836513E+000   5.991984E+000   8.445294E-001
   31301      16     1.080000     1.140000   1.173685E+001   3.468602E+000   1.161257E+001   3.483770E+000   8.268248E+000   8.128797E+000   1.394510E-001
   31301      17     1.140000     1.200000   1.143670E+001   3.434850E+000   1.139389E+001   3.418167E+000   8.001847E+000   7.975723E+000   2.612453E-002
   31301      18     1.200000     1.240000   8.097833E+000   7.391730E-001   3.944954E+000   1.183486E+000   7.358660E+000   2.761468E+000   4.597192E+000
   31301      19     1.240000     1.280000   7.733813E+000   2.126599E+000   7.451688E+000   2.235506E+000   5.607215E+000   5.216182E+000   3.910332E-001
   31301      20     1.280000     1.340000   1.109154E+001   2.061576E+000   8.861201E+000   2.658360E+000   9.029967E+000   6.202841E+000   2.827127E+000
   31301      21     1.340000     1.420000   1.012492E+001   2.707100E+000   9.628613E+000   2.888584E+000   7.417821E+000   6.740029E+000   6.777920E-001
   31301      22     1.420000     1.460000   4.444646E+000   2.486648E-001   1.419717E+000   4.259152E-001   4.195981E+000   9.938022E-001   3.202179E+000
   31301      23     1.460000     1.490000   3.316959E+000   4.320435E-001   2.212637E+000   6.637912E-001   2.884915E+000   1.548846E+000   1.336069E+000
   31301      24     1.490000     1.520000   3.416012E+000   7.022381E-001   2.883559E+000   8.650677E-001   2.713773E+000   2.018491E+000   6.952821E-001
   31301      25     1.520000     1.680000   2.089115E+001   1.238501E+000   7.329544E+000   2.198863E+000   1.965265E+001   5.130681E+000   1.452197E+001
   31301      26     1.680000     1.740000   7.400301E+000   1.956649E+000   7.071778E+000   2.121533E+000   5.443653E+000   4.950245E+000   4.934080E-001
   31301      27     1.740000     1.820000   6.859941E+000   1.860934E+000   6.610723E+000   1.983217E+000   4.999007E+000   4.627506E+000   3.715006E-001
   31301      28     1.820000     1.940000   7.844991E+000   1.196339E+000   5.437809E+000   1.631343E+000   6.648653E+000   3.806466E+000   2.842186E+000
   31301      29     1.940000     2.200000   1.524385E+001   4.037881E-001   2.436672E+000   7.310016E-001   1.484006E+001   1.705670E+000   1.313439E+001
   31301      30     2.200000     2.300000   5.897529E+000   1.622124E+000   5.719923E+000   1.715977E+000   4.275405E+000   4.003946E+000   2.714587E-001
   31301      31     2.300000     2.450000   6.412228E+000   1.915059E+000   6.401106E+000   1.920332E+000   4.497169E+000   4.480774E+000   1.639446E-002
   31301      32     2.450000     2.550000   2.808749E+000   5.210547E-001   2.294896E+000   6.884688E-001   2.287695E+000   1.606427E+000   6.812675E-001
   31301      33     2.550000     2.650000   2.466453E+000   1.373813E-001   9.070197E-001   2.721059E-001   2.329072E+000   6.349138E-001   1.694158E+000
   31301      34     2.650000     2.900000   5.107089E+000   1.275683E-005   6.730470E-005   2.019141E-005   5.107076E+000   4.711329E-005   5.107029E+000
   31301      35     2.900000     3.200000   4.829501E+000   3.250842E-001   2.322891E+000   6.968674E-001   4.504417E+000   1.626024E+000   2.878393E+000
   31301      36     3.200000     3.500000   4.479548E+000   1.287778E+000   4.412857E+000   1.323857E+000   3.191770E+000   3.089000E+000   1.027703E-001
   31301      37     3.500000     3.900000   5.317470E+000   7.482266E-001   3.362604E+000   1.008781E+000   4.569244E+000   2.353823E+000   2.215421E+000
   31301      38     3.900000     5.500000   8.889375E+000   5.229878E-002   4.239361E-001   1.271808E-001   8.837076E+000   2.967552E-001   8.540321E+000
   31301      39     5.500000     6.500000   2.171822E+000   6.410262E-001   2.159853E+000   6.479560E-001   1.530795E+000   1.511897E+000   1.889798E-002
   31301      40     6.500000     7.000000   6.459457E-001   4.950485E-002   3.822911E-001   1.146873E-001   5.964409E-001   2.676038E-001   3.288371E-001
   31301      41     7.000000     9.000000   1.525571E+000   2.772091E-002   2.534851E-001   7.604553E-002   1.497850E+000   1.774396E-001   1.320411E+000
   31301      42     9.000000    20.000000   1.633159E+000   1.250183E-002   1.454247E-001   4.362740E-002   1.620657E+000   1.017973E-001   1.518860E+000
   31401       1     0.200000     0.300000   5.582456E-006   3.540013E-006   2.917776E-006   8.753329E-007   2.042443E-006   2.042443E-006  -9.500342E-015
   31401       2     0.300000     0.345000   2.557270E-003   1.374824E-003   1.689209E-003   5.067628E-004   1.182447E-003   1.182447E-003  -8.478979E-013
   31401       3     0.345000     0.385000   2.512764E-003   1.152240E-003   1.943607E-003   5.830820E-004   1.360525E-003   1.360525E-003   3.397626E-012
   31401       4     0.385000     0.420000   1.293223E-002   5.311610E-003   1.088660E-002   3.265979E-003   7.620618E-003   7.620618E-003   1.627396E-013
   31401       5     0.420000     0.450000   2.349464E-002   8.965829E-003   2.075544E-002   6.226633E-003   1.452881E-002   1.452881E-002   3.014561E-012
   31401       6     0.450000     0.500000   1.310848E-001   4.710132E-002   1.199763E-001   3.599290E-002   8.398344E-002   8.398344E-002  -3.903174E-011
   31401       7     0.500000     0.550000   1.748537E-001   5.938044E-002   1.649618E-001   4.948854E-002   1.154733E-001   1.154733E-001   1.588760E-011
   31401       8     0.550000     0.610000   2.295775E-001   7.513671E-002   2.206297E-001   6.618892E-002   1.544408E-001   1.544408E-001   3.417536E-011
   31401       9     0.610000     0.690000   5.693172E-001   1.805662E-001   5.553585E-001   1.666076E-001   3.887510E-001   3.887510E-001   6.791184E-011
   31401      10     0.690000     0.780000   2.472789E+000   7.671523E-001   2.436624E+000   7.309872E-001   1.705637E+000   1.705637E+000  -5.342971E-011
   31401      11     0.780000     0.800000   1.063069E+000   3.229088E-001   1.046050E+000   3.138150E-001   7.401606E-001   7.322351E-001   7.925554E-003
   31401      12     0.800000     0.870000   5.878988E+000   1.800837E+000   5.823927E+000   1.747178E+000   4.078151E+000   4.076749E+000   1.402055E-003
   31401      13     0.870000     0.880000   8.736691E-001   2.595377E-001   8.571590E-001   2.571477E-001   6.141314E-001   6.000113E-001   1.412007E-002
   31401      14     0.880000     1.030000   2.249240E+001   6.829683E+000   2.237430E+001   6.712290E+000   1.566272E+001   1.566201E+001   7.119086E-004
   31401      15     1.030000     1.080000   9.248799E+000   2.412609E+000   8.560271E+000   2.568081E+000   6.836189E+000   5.992190E+000   8.439998E-001
   31401      16     1.080000     1.140000   1.173685E+001   3.468639E+000   1.161261E+001   3.483782E+000   8.268211E+000   8.128825E+000   1.393854E-001
   31401      17     1.140000     1.200000   1.143670E+001   3.434860E+000   1.139390E+001   3.418170E+000   8.001837E+000   7.975731E+000   2.610625E-002
   31401      18     1.200000     1.240000   8.097833E+000   7.416954E-001   3.951698E+000   1.185509E+000   7.356137E+000   2.766188E+000   4.589949E+000
   31401      19     1.240000     1.280000   7.733813E+000   2.127227E+000   7.452505E+000   2.235751E+000   5.606586E+000   5.216753E+000   3.898327E-001
   31401      20     1.280000     1.340000   1.109154E+001   2.062997E+000   8.863152E+000   2.658946E+000   9.028546E+000   6.204206E+000   2.824340E+000
   31401      21     1.340000     1.420000   1.012492E+001   2.707957E+000   9.629722E+000   2.888916E+000   7.416964E+000   6.740805E+000   6.761586E-001
   31401      22     1.420000     1.460000   4.444646E+000   2.497158E-001   1.424722E+000   4.274166E-001   4.194930E+000   9.973054E-001   3.197624E+000
   31401      23     1.460000     1.490000   3.316959E+000   4.336483E-001   2.215440E+000   6.646320E-001   2.883311E+000   1.550808E+000   1.332503E+000
   31401      24     1.490000     1.520000   3.416012E+000   7.034106E-001   2.885331E+000   8.655994E-001   2.712601E+000   2.019732E+000   6.928690E-001
   31401      25     1.520000     1.680000   2.089115E+001   1.245189E+000   7.353177E+000   2.205953E+000   1.964596E+001   5.147224E+000   1.449874E+001
   31401      26     1.680000     1.740000   7.400301E+000   1.957510E+000   7.072843E+000   2.121853E+000   5.442791E+000   4.950990E+000   4.918010E-001
   31401      27     1.740000     1.820000   6.859941E+000   1.865067E+000   6.616393E+000   1.984918E+000   4.994874E+000   4.631475E+000   3.633993E-001
   31401      28     1.820000     1.940000   7.844991E+000   1.200445E+000   5.449167E+000   1.634750E+000   6.644546E+000   3.814417E+000   2.830129E+000
   31401      29     1.940000     2.200000   1.524385E+001   4.063678E-001   2.446136E+000   7.338408E-001   1.483748E+001   1.712295E+000   1.312519E+001
   31401      30     2.200000     2.300000   5.897529E+000   1.622645E+000   5.720565E+000   1.716169E+000   4.274884E+000   4.004395E+000   2.704887E-001
   31401      31     2.300000     2.450000   6.412228E+000   1.915090E+000   6.401141E+000   1.920342E+000   4.497138E+000   4.480798E+000   1.633909E-002
   31401      32     2.450000     2.550000   2.808749E+000   5.231806E-001   2.299206E+000   6.897618E-001   2.285569E+000   1.609444E+000   6.761243E-001
   31401      33     2.550000     2.650000   2.466453E+000   1.380586E-001   9.098220E-001   2.729466E-001   2.328395E+000   6.368754E-001   1.691519E+000
   31401      34     2.650000     2.900000   5.107089E+000   1.282871E-005   7.795120E-005   2.338536E-005   5.107076E+000   5.456584E-005   5.107022E+000
   31401      35     2.900000     3.200000   4.829501E+000   3.279699E-001   2.333275E+000   6.999826E-001   4.501531E+000   1.633293E+000   2.868238E+000
   31401      36     3.200000     3.500000   4.479548E+000   1.288423E+000   4.413673E+000   1.324102E+000   3.191125E+000   3.089571E+000   1.015543E-001
   31401      37     3.500000     3.900000   5.317470E+000   7.486939E-001   3.363096E+000   1.008929E+000   4.568777E+000   2.354167E+000   2.214609E+000
   31401      38     3.900000     5.500000   8.889375E+000   5.287193E-002   4.267545E-001   1.280264E-001   8.836503E+000   2.987282E-001   8.537775E+000
   31401      39     5.500000     6.500000   2.171822E+000   6.411639E-001   2.160011E+000   6.480033E-001   1.530658E+000   1.512008E+000   1.864997E-002
   31401      40     6.500000     7.000000   6.459457E-001   4.937925E-002   3.818082E-001   1.145425E-001   5.965665E-001   2.672658E-001   3.293007E-001
   31401      41     7.000000     9.000000   1.525571E+000   2.793313E-002   2.535369E-001   7.606106E-002   1.497638E+000   1.774758E-001   1.320162E+000
   31401      42     9.000000    20.000000   1.633159E+000   1.296796E-002   1.491041E-001   4.473123E-002   1.620191E+000   1.043729E-001   1.515818E+000
   31501       1     0.200000     0.300000   5.582456E-006   3.540013E-006   2.917776E-006   8.753329E-007   2.042443E-006   2.042443E-006  -9.500342E-015
   31501       2     0.300000     0.345000   2.557270E-003   1.374824E-003   1.689209E-003   5.067628E-004   1.182447E-003   1.182447E-003  -8.478979E-013
   31501       3     0.345000     0.385000   2.512764E-003   1.152240E-003   1.943607E-003   5.830820E-004   1.360525E-003   1.360525E-003   3.397626E-012
   31501       4     0.385000     0.420000   1.293223E-002   5.311610E-003   1.088660E-002   3.265979E-003   7.620618E-003   7.620618E-003   2.284941E-012
   31501       5     0.420000     0.450000   2.349464E-002   8.965829E-003   2.075544E-002   6.226633E-003   1.452881E-002   1.452881E-002   6.107297E-012
   31501       6     0.450000     0.500000   1.310848E-001   4.710132E-002   1.199763E-001   3.599290E-002   8.398344E-002   8.398344E-002  -8.556392E-012
   31501       7     0.500000     0.550000   1.748537E-001   5.938044E-002   1.649618E-001   4.948854E-002   1.154733E-001   1.154733E-001  -5.404802E-012
   31501       8     0.550000     0.610000   2.295775E-001   7.513671E-002   2.206297E-001   6.618892E-002   1.544408E-001   1.544408E-001   4.867731E-011
   31501       9     0.610000     0.690000   5.693172E-001   1.805662E-001   5.553585E-001   1.666076E-001   3.887510E-001   3.887510E-001  -6.428746E-013
   31501      10     0.690000     0.780000   2.472789E+000   7.671523E-001   2.436624E+000   7.309872E-001   1.705637E+000   1.705637E+000  -2.239362E-010
   31501      11     0.780000     0.800000   1.063069E+000   3.229094E-001   1.046051E+000   3.138152E-001   7.401600E-001   7.322355E-001   7.924521E-003
   31501      12     0.800000     0.870000   5.878988E+000   1.800837E+000   5.823926E+000   1.747178E+000   4.078152E+000   4.076748E+000   1.403334E-003
   31501      13     0.870000     0.880000   8.736691E-001   2.595506E-001   8.571736E-001   2.571521E-001   6.141184E-001   6.000215E-001   1.409689E-002
   31501      14     0.880000     1.030000   2.249240E+001   6.829684E+000   2.237430E+001   6.712290E+000   1.566272E+001   1.566201E+001   7.096683E-004
   31501      15     1.030000     1.080000   9.248799E+000   2.412904E+000   8.560534E+000   2.568160E+000   6.835895E+000   5.992374E+000   8.435214E-001
   31501      16     1.080000     1.140000   1.173685E+001   3.468672E+000   1.161264E+001   3.483793E+000   8.268178E+000   8.128850E+000   1.393274E-001
   31501      17     1.140000     1.200000   1.143670E+001   3.434869E+000   1.139391E+001   3.418173E+000   8.001828E+000   7.975737E+000   2.609051E-002
   31501      18     1.200000     1.240000   8.097833E+000   7.440268E-001   3.957919E+000   1.187376E+000   7.353806E+000   2.770543E+000   4.583262E+000
   31501      19     1.240000     1.280000   7.733813E+000   2.127796E+000   7.453243E+000   2.235973E+000   5.606017E+000   5.217270E+000   3.887474E-001
   31501      20     1.280000     1.340000   1.109154E+001   2.064299E+000   8.864930E+000   2.659479E+000   9.027244E+000   6.205451E+000   2.821793E+000
   31501      21     1.340000     1.420000   1.012492E+001   2.708740E+000   9.630731E+000   2.889219E+000   7.416181E+000   6.741512E+000   6.746694E-001
   31501      22     1.420000     1.460000   4.444646E+000   2.506956E-001   1.429358E+000   4.288074E-001   4.193950E+000   1.000551E+000   3.193400E+000
   31501      23     1.460000     1.490000   3.316959E+000   4.351074E-001   2.217980E+000   6.653941E-001   2.881852E+000   1.552586E+000   1.329265E+000
   31501      24     1.490000     1.520000   3.416012E+000   7.044781E-001   2.886942E+000   8.660825E-001   2.711533E+000   2.020859E+000   6.906743E-001
   31501      25     1.520000     1.680000   2.089115E+001   1.251365E+000   7.374967E+000   2.212490E+000   1.963978E+001   5.162477E+000   1.447731E+001
   31501      26     1.680000     1.740000   7.400301E+000   1.958287E+000   7.073803E+000   2.122141E+000   5.442014E+000   4.951662E+000   4.903516E-001
   31501      27     1.740000     1.820000   6.859941E+000   1.868828E+000   6.621529E+000   1.986459E+000   4.991113E+000   4.635071E+000   3.560429E-001
   31501      28     1.820000     1.940000   7.844991E+000   1.204238E+000   5.459621E+000   1.637886E+000   6.640753E+000   3.821734E+000   2.819019E+000
   31501      29     1.940000     2.200000   1.524385E+001   4.087466E-001   2.454836E+000   7.364509E-001   1.483510E+001   1.718385E+000   1.311672E+001
   31501      30     2.200000     2.300000   5.897529E+000   1.623118E+000   5.721148E+000   1.716344E+000   4.274410E+000   4.004803E+000   2.696072E-001
   31501      31     2.300000     2.450000   6.412228E+000   1.915119E+000   6.401172E+000   1.920352E+000   4.497109E+000   4.480820E+000   1.628888E-002
   31501      32     2.450000     2.550000   2.808749E+000   5.251250E-001   2.303144E+000   6.909431E-001   2.283624E+000   1.612201E+000   6.714237E-001
   31501      33     2.550000     2.650000   2.466453E+000   1.386636E-001   9.123586E-001   2.737076E-001   2.327790E+000   6.386510E-001   1.689139E+000
   31501      34     2.650000     2.900000   5.107089E+000   1.289311E-005   8.906625E-005   2.671988E-005   5.107076E+000   6.234638E-005   5.107014E+000
   31501      35     2.900000     3.200000   4.829501E+000   3.306340E-001   2.342825E+000   7.028475E-001   4.498867E+000   1.639978E+000   2.858889E+000
   31501      36     3.200000     3.500000   4.479548E+000   1.289008E+000   4.414411E+000   1.324323E+000   3.190540E+000   3.090088E+000   1.004524E-001
   31501      37     3.500000     3.900000   5.317470E+000   7.491197E-001   3.363534E+000   1.009060E+000   4.568351E+000   2.354474E+000   2.213877E+000
   31501      38     3.900000     5.500000   8.889375E+000   5.340272E-002   4.293801E-001   1.288140E-001   8.835972E+000   3.005661E-001   8.535406E+000
   31501      39     5.500000     6.500000   2.171822E+000   6.412872E-001   2.160152E+000   6.480456E-001   1.530534E+000   1.512106E+000   1.842795E-002
   31501      40     6.500000     7.000000   6.459457E-001   4.925978E-002   3.813498E-001   1.144049E-001   5.966860E-001   2.669449E-001   3.297411E-001
   31501      41     7.000000     9.000000   1.525571E+000   2.812841E-002   2.535984E-001   7.607951E-002   1.497443E+000   1.775189E-001   1.319924E+000
   31501      42     9.000000    20.000000   1.633159E+000   1.341332E-002   1.525083E-001   4.575248E-002   1.619746E+000   1.067558E-001   1.512990E+000
   31601       1     0.200000     0.300000   5.582456E-006   3.540013E-006   2.917776E-006   8.753329E-007   2.042443E-006   2.042443E-006  -9.500342E-015
   31601       2     0.300000     0.345000   2.557270E-003   1.374824E-003   1.689209E-003   5.067628E-004   1.182447E-003   1.182447E-003  -8.478979E-013
   31601       3     0.345000     0.385000   2.512764E-003   1.152240E-003   1.943607E-003   5.830820E-004   1.360525E-003   1.360525E-003   3.397626E-012
   31601       4     0.385000     0.420000   1.293223E-002   5.311610E-003   1.088660E-002   3.265979E-003   7.620618E-003   7.620618E-003   5.554923E-013
   31601       5     0.420000     0.450000   2.349464E-002   8.965829E-003   2.075544E-002   6.226633E-003   1.452881E-002   1.452881E-002   5.033370E-012
   31601       6     0.450000     0.500000   1.310848E-001   4.710132E-002   1.199763E-001   3.599290E-002   8.398344E-002   8.398344E-002   1.501838E-011
   31601       7     0.500000     0.550000   1.748537E-001   5.938044E-002   1.649618E-001   4.948854E-002   1.154733E-001   1.154733E-001  -1.495687E-011
   31601       8     0.550000     0.610000   2.295775E-001   7.513671E-002   2.206297E-001   6.618892E-002   1.544408E-001   1.544408E-001   6.180934E-011
   31601       9     0.610000     0.690000   5.693172E-001   1.805662E-001   5.553585E-001   1.666076E-001   3.887510E-001   3.887510E-001   1.150036E-010
   31601      10     0.690000     0.780000   2.472789E+000   7.671523E-001   2.436624E+000   7.309872E-001   1.705637E+000   1.705637E+000   5.678080E-011
   31601      11     0.780000     0.800000   1.063069E+000   3.229100E-001   1.046051E+000   3.138154E-001   7.401594E-001   7.322358E-001   7.923550E-003
   31601      12     0.800000     0.870000   5.878988E+000   1.800836E+000   5.823925E+000   1.747178E+000   4.078152E+000   4.076748E+000   1.404514E-003
   31601      13     0.870000     0.880000   8.736691E-001   2.595626E-001   8.571870E-001   2.571561E-001   6.141065E-001   6.000309E-001   1.407561E-002
   31601      14     0.880000     1.030000   2.249240E+001   6.829685E+000   2.237430E+001   6.712291E+000   1.566272E+001   1.566201E+001   7.076452E-004
   31601      15     1.030000     1.080000   9.248799E+000   2.413172E+000   8.560771E+000   2.568231E+000   6.835627E+000   5.992539E+000   8.430877E-001
   31601      16     1.080000     1.140000   1.173685E+001   3.468702E+000   1.161267E+001   3.483802E+000   8.268148E+000   8.128872E+000   1.392756E-001
   31601      17     1.140000     1.200000   1.143670E+001   3.434877E+000   1.139392E+001   3.418176E+000   8.001820E+000   7.975743E+000   2.607689E-002
   31601      18     1.200000     1.240000   8.097833E+000   7.461847E-001   3.963667E+000   1.189100E+000   7.351648E+000   2.774567E+000   4.577081E+000
   31601      19     1.240000     1.280000   7.733813E+000   2.128312E+000   7.453912E+000   2.236174E+000   5.605501E+000   5.217739E+000   3.877624E-001
   31601      20     1.280000     1.340000   1.109154E+001   2.065495E+000   8.866556E+000   2.659967E+000   9.026048E+000   6.206589E+000   2.819459E+000
   31601      21     1.340000     1.420000   1.012492E+001   2.709457E+000   9.631652E+000   2.889496E+000   7.415464E+000   6.742156E+000   6.733080E-001
   31601      22     1.420000     1.460000   4.444646E+000   2.516098E-001   1.433658E+000   4.300974E-001   4.193036E+000   1.003561E+000   3.189475E+000
   31601      23     1.460000     1.490000   3.316959E+000   4.364381E-001   2.220291E+000   6.660872E-001   2.880521E+000   1.554204E+000   1.326317E+000
   31601      24     1.490000     1.520000   3.416012E+000   7.054528E-001   2.888410E+000   8.665229E-001   2.710559E+000   2.021887E+000   6.886720E-001
   31601      25     1.520000     1.680000   2.089115E+001   1.257075E+000   7.395092E+000   2.218528E+000   1.963407E+001   5.176564E+000   1.445751E+001
   31601      26     1.680000     1.740000   7.400301E+000   1.958991E+000   7.074673E+000   2.122402E+000   5.441310E+000   4.952271E+000   4.890391E-001
   31601      27     1.740000     1.820000   6.859941E+000   1.872261E+000   6.626198E+000   1.987860E+000   4.987680E+000   4.638339E+000   3.493413E-001
   31601      28     1.820000     1.940000   7.844991E+000   1.207747E+000   5.469261E+000   1.640778E+000   6.637244E+000   3.828483E+000   2.808761E+000
   31601      29     1.940000     2.200000   1.524385E+001   4.109441E-001   2.462850E+000   7.388549E-001   1.483291E+001   1.723995E+000   1.310891E+001
   31601      30     2.200000     2.300000   5.897529E+000   1.623550E+000   5.721679E+000   1.716504E+000   4.273979E+000   4.005175E+000   2.688035E-001
   31601      31     2.300000     2.450000   6.412228E+000   1.915144E+000   6.401201E+000   1.920360E+000   4.497084E+000   4.480840E+000   1.624320E-002
   31601      32     2.450000     2.550000   2.808749E+000   5.269079E-001   2.306750E+000   6.920251E-001   2.281841E+000   1.614725E+000   6.671160E-001
   31601      33     2.550000     2.650000   2.466453E+000   1.392059E-001   9.146624E-001   2.743987E-001   2.327247E+000   6.402637E-001   1.686984E+000
   31601      34     2.650000     2.900000   5.107089E+000   1.295115E-005   1.005604E-004   3.016812E-005   5.107076E+000   7.039229E-005   5.107006E+000
   31601      35     2.900000     3.200000   4.829501E+000   3.330979E-001   2.351626E+000   7.054877E-001   4.496403E+000   1.646138E+000   2.850265E+000
   31601      36     3.200000     3.500000   4.479548E+000   1.289540E+000   4.415082E+000   1.324525E+000   3.190008E+000   3.090557E+000   9.945036E-002
   31601      37     3.500000     3.900000   5.317470E+000   7.495088E-001   3.363924E+000   1.009177E+000   4.567962E+000   2.354747E+000   2.213215E+000
   31601      38     3.900000     5.500000   8.889375E+000   5.389511E-002   4.318285E-001   1.295485E-001   8.835480E+000   3.022799E-001   8.533200E+000
   31601      39     5.500000     6.500000   2.171822E+000   6.413982E-001   2.160279E+000   6.480836E-001   1.530423E+000   1.512195E+000   1.822832E-002
   31601      40     6.500000     7.000000   6.459457E-001   4.914642E-002   3.809154E-001   1.142746E-001   5.967993E-001   2.666408E-001   3.301585E-001
   31601      41     7.000000     9.000000   1.525571E+000   2.830827E-002   2.536666E-001   7.609997E-002   1.497263E+000   1.775666E-001   1.319696E+000
   31601      42     9.000000    20.000000   1.633159E+000   1.383836E-002   1.556615E-001   4.669845E-002   1.619321E+000   1.089631E-001   1.510357E+000
   31701       1     0.200000     0.300000   5.582456E-006   3.540013E-006   2.917776E-006   8.753329E-007   2.042443E-006   2.042443E-006  -9.500342E-015
   31701       2     0.300000     0.345000   2.557270E-003   1.374824E-003   1.689209E-003   5.067628E-004   1.182447E-003   1.182447E-003  -8.478979E-013
   31701       3     0.345000     0.385000   2.512764E-003   1.152240E-003   1.943607E-003   5.830820E-004   1.360525E-003   1.360525E-003   3.397626E-012
   31701       4     0.385000     0.420000   1.293223E-002   5.311610E-003   1.088660E-002   3.265979E-003   7.620618E-003   7.620618E-003  -2.785255E-012
   31701       5     0.420000     0.450000   2.349464E-002   8.965829E-003   2.075544E-002   6.226633E-003   1.452881E-002   1.452881E-002   3.651499E-012
   31701       6     0.450000     0.500000   1.310848E-001   4.710132E-002   1.199763E-001   3.599290E-002   8.398344E-002   8.398344E-002   6.195683E-012
   31701       7     0.500000     0.550000   1.748537E-001   5.938044E-002   1.649618E-001   4.948854E-002   1.154733E-001   1.154733E-001  -3.589998E-011
   31701       8     0.550000     0.610000   2.295775E-001   7.513671E-002   2.206297E-001   6.618892E-002   1.544408E-001   1.544408E-001   5.231038E-011
   31701       9     0.610000     0.690000   5.693172E-001   1.805662E-001   5.553585E-001   1.666076E-001   3.887510E-001   3.887510E-001   5.937628E-011
   31701      10     0.690000     0.780000   2.472789E+000   7.671523E-001   2.436624E+000   7.309872E-001   1.705637E+000   1.705637E+000   2.975931E-011
   31701      11     0.780000     0.800000   1.063069E+000   3.229106E-001   1.046052E+000   3.138155E-001   7.401588E-001   7.322362E-001   7.922653E-003
   31701      12     0.800000     0.870000   5.878988E+000   1.800835E+000   5.823925E+000   1.747177E+000   4.078153E+000   4.076747E+000   1.405602E-003
   31701      13     0.870000     0.880000   8.736691E-001   2.595735E-001   8.571993E-001   2.571598E-001   6.140956E-001   6.000395E-001   1.405605E-002
   31701      14     0.880000     1.030000   2.249240E+001   6.829686E+000   2.237430E+001   6.712291E+000   1.566272E+001   1.566201E+001   7.058122E-004
   31701      15     1.030000     1.080000   9.248799E+000   2.413416E+000   8.560984E+000   2.568295E+000   6.835382E+000   5.992689E+000   8.426935E-001
   31701      16     1.080000     1.140000   1.173685E+001   3.468728E+000   1.161270E+001   3.483811E+000   8.268122E+000   8.128892E+000   1.392293E-001
   31701      17     1.140000     1.200000   1.143670E+001   3.434883E+000   1.139393E+001   3.418178E+000   8.001814E+000   7.975749E+000   2.606507E-002
   31701      18     1.200000     1.240000   8.097833E+000   7.481845E-001   3.968985E+000   1.190695E+000   7.349648E+000   2.778289E+000   4.571359E+000
   31701      19     1.240000     1.280000   7.733813E+000   2.128782E+000   7.454522E+000   2.236357E+000   5.605031E+000   5.218165E+000   3.868657E-001
   31701      20     1.280000     1.340000   1.109154E+001   2.066595E+000   8.868045E+000   2.660414E+000   9.024948E+000   6.207632E+000   2.817316E+000
   31701      21     1.340000     1.420000   1.012492E+001   2.710114E+000   9.632495E+000   2.889748E+000   7.414807E+000   6.742746E+000   6.720605E-001
   31701      22     1.420000     1.460000   4.444646E+000   2.524634E-001   1.437653E+000   4.312958E-001   4.192182E+000   1.006357E+000   3.185825E+000
   31701      23     1.460000     1.490000   3.316959E+000   4.376552E-001   2.222398E+000   6.667195E-001   2.879304E+000   1.555679E+000   1.323625E+000
   31701      24     1.490000     1.520000   3.416012E+000   7.063450E-001   2.889751E+000   8.669254E-001   2.709667E+000   2.022826E+000   6.868405E-001
   31701      25     1.520000     1.680000   2.089115E+001   1.262365E+000   7.413709E+000   2.224113E+000   1.962878E+001   5.189597E+000   1.443919E+001
   31701      26     1.680000     1.740000   7.400301E+000   1.959631E+000   7.075462E+000   2.122639E+000   5.440670E+000   4.952824E+000   4.878468E-001
   31701      27     1.740000     1.820000   6.859941E+000   1.875403E+000   6.630455E+000   1.989137E+000   4.984538E+000   4.641319E+000   3.432192E-001
   31701      28     1.820000     1.940000   7.844991E+000   1.211000E+000   5.478168E+000   1.643450E+000   6.633991E+000   3.834717E+000   2.799274E+000
   31701      29     1.940000     2.200000   1.524385E+001   4.129774E-001   2.470244E+000   7.410732E-001   1.483087E+001   1.729171E+000   1.310170E+001
   31701      30     2.200000     2.300000   5.897529E+000   1.623945E+000   5.722164E+000   1.716649E+000   4.273584E+000   4.005515E+000   2.680689E-001
   31701      31     2.300000     2.450000   6.412228E+000   1.915168E+000   6.401227E+000   1.920368E+000   4.497060E+000   4.480859E+000   1.620152E-002
   31701      32     2.450000     2.550000   2.808749E+000   5.285466E-001   2.310062E+000   6.930187E-001   2.280203E+000   1.617044E+000   6.631591E-001
   31701      33     2.550000     2.650000   2.466453E+000   1.396936E-001   9.167613E-001   2.750284E-001   2.326760E+000   6.417329E-001   1.685027E+000
   31701      34     2.650000     2.900000   5.107089E+000   1.300359E-005   1.123495E-004   3.370485E-005   5.107076E+000   7.864464E-005   5.106998E+000
   31701      35     2.900000     3.200000   4.829501E+000   3.353802E-001   2.359751E+000   7.079252E-001   4.494121E+000   1.651825E+000   2.842295E+000
   31701      36     3.200000     3.500000   4.479548E+000   1.290026E+000   4.415693E+000   1.324708E+000   3.189522E+000   3.090985E+000   9.853660E-002
   31701      37     3.500000     3.900000   5.317470E+000   7.498651E-001   3.364274E+000   1.009282E+000   4.567605E+000   2.354992E+000   2.212613E+000
   31701      38     3.900000     5.500000   8.889375E+000   5.435265E-002   4.341137E-001   1.302341E-001   8.835023E+000   3.038796E-001   8.531143E+000
   31701      39     5.500000     6.500000   2.171822E+000   6.414984E-001   2.160393E+000   6.481179E-001   1.530323E+000   1.512275E+000   1.804810E-002
   31701      40     6.500000     7.000000   6.459457E-001   4.903920E-002   3.805048E-001   1.141514E-001   5.969065E-001   2.663534E-001   3.305532E-001
   31701      41     7.000000     9.000000   1.525571E+000   2.847432E-002   2.537389E-001   7.612167E-002   1.497097E+000   1.776172E-001   1.319480E+000
   31701      42     9.000000    20.000000   1.633159E+000   1.424390E-002   1.585875E-001   4.757626E-002   1.618915E+000   1.110113E-001   1.507904E+000
   31801       1     0.200000     0.300000   5.582456E-006   3.540013E-006   2.917776E-006   8.753329E-007   2.042443E-006   2.042443E-006  -9.500342E-015
   31801       2     0.300000     0.345000   2.557270E-003   1.374824E-003   1.689209E-003   5.067628E-004   1.182447E-003   1.182447E-003  -8.478979E-013
   31801       3     0.345000     0.385000   2.512764E-003   1.152240E-003   1.943607E-003   5.830820E-004   1.360525E-003   1.360525E-003   3.397626E-012
   31801       4     0.385000     0.420000   1.293223E-002   5.311610E-003   1.088660E-002   3.265979E-003   7.620618E-003   7.620618E-003  -2.307295E-012
   31801       5     0.420000     0.450000   2.349464E-002   8.965829E-003   2.075544E-002   6.226633E-003   1.452881E-002   1.452881E-002  -2.783681E-012
   31801       6     0.450000     0.500000   1.310848E-001   4.710132E-002   1.199763E-001   3.599290E-002   8.398344E-002   8.398344E-002   1.341310E-011
   31801       7     0.500000     0.550000   1.748537E-001   5.938044E-002   1.649618E-001   4.948854E-002   1.154733E-001   1.154733E-001   1.242974E-011
   31801       8     0.550000     0.610000   2.295775E-001   7.513671E-002   2.206297E-001   6.618892E-002   1.544408E-001   1.544408E-001   5.415352E-011
   31801       9     0.610000     0.690000   5.693172E-001   1.805662E-001   5.553585E-001   1.666076E-001   3.887510E-001   3.887510E-001   7.486217E-011
   31801      10     0.690000     0.780000   2.472789E+000   7.671523E-001   2.436624E+000   7.309872E-001   1.705637E+000   1.705637E+000   6.079115E-011
   31801      11     0.780000     0.800000   1.063069E+000   3.229111E-001   1.046052E+000   3.138157E-001   7.401583E-001   7.322365E-001   7.921823E-003
   31801      12     0.800000     0.870000   5.878988E+000   1.800835E+000   5.823924E+000   1.747177E+000   4.078153E+000   4.076747E+000   1.406610E-003
   31801      13     0.870000     0.880000   8.736691E-001   2.595836E-001   8.572106E-001   2.571632E-001   6.140855E-001   6.000474E-001   1.403802E-002
   31801      14     0.880000     1.030000   2.249240E+001   6.829687E+000   2.237430E+001   6.712291E+000   1.566272E+001   1.566201E+001   7.041480E-004
   31801      15     1.030000     1.080000   9.248799E+000   2.413640E+000   8.561177E+000   2.568353E+000   6.835159E+000   5.992824E+000   8.423348E-001
   31801      16     1.080000     1.140000   1.173685E+001   3.468752E+000   1.161273E+001   3.483819E+000   8.268098E+000   8.128910E+000   1.391878E-001
   31801      17     1.140000     1.200000   1.143670E+001   3.434889E+000   1.139393E+001   3.418180E+000   8.001808E+000   7.975753E+000   2.605484E-002
   31801      18     1.200000     1.240000   8.097833E+000   7.500404E-001   3.973912E+000   1.192174E+000   7.347792E+000   2.781739E+000   4.566054E+000
   31801      19     1.240000     1.280000   7.733813E+000   2.129211E+000   7.455077E+000   2.236523E+000   5.604602E+000   5.218554E+000   3.860478E-001
   31801      20     1.280000     1.340000   1.109154E+001   2.067609E+000   8.869413E+000   2.660824E+000   9.023934E+000   6.208589E+000   2.815345E+000
   31801      21     1.340000     1.420000   1.012492E+001   2.710718E+000   9.633268E+000   2.889980E+000   7.414203E+000   6.743287E+000   6.709156E-001
   31801      22     1.420000     1.460000   4.444646E+000   2.532610E-001   1.441368E+000   4.324103E-001   4.191385E+000   1.008957E+000   3.182427E+000
   31801      23     1.460000     1.490000   3.316959E+000   4.387707E-001   2.224326E+000   6.672979E-001   2.878188E+000   1.557028E+000   1.321160E+000
   31801      24     1.490000     1.520000   3.416012E+000   7.071634E-001   2.890980E+000   8.672940E-001   2.708848E+000   2.023686E+000   6.851621E-001
   31801      25     1.520000     1.680000   2.089115E+001   1.267270E+000   7.430958E+000   2.229287E+000   1.962388E+001   5.201671E+000   1.442221E+001
   31801      26     1.680000     1.740000   7.400301E+000   1.960213E+000   7.076181E+000   2.122854E+000   5.440088E+000   4.953327E+000   4.867616E-001
   31801      27     1.740000     1.820000   6.859941E+000   1.878284E+000   6.634344E+000   1.990303E+000   4.981657E+000   4.644041E+000   3.376165E-001
   31801      28     1.820000     1.940000   7.844991E+000   1.214019E+000   5.486409E+000   1.645923E+000   6.630972E+000   3.840486E+000   2.790486E+000
   31801      29     1.940000     2.200000   1.524385E+001   4.148611E-001   2.477077E+000   7.431231E-001   1.482899E+001   1.733954E+000   1.309503E+001
   31801      30     2.200000     2.300000   5.897529E+000   1.624306E+000   5.722609E+000   1.716783E+000   4.273222E+000   4.005826E+000   2.673960E-001
   31801      31     2.300000     2.450000   6.412228E+000   1.915189E+000   6.401251E+000   1.920375E+000   4.497039E+000   4.480875E+000   1.616343E-002
   31801      32     2.450000     2.550000   2.808749E+000   5.300551E-001   2.313108E+000   6.939324E-001   2.278694E+000   1.619176E+000   6.595185E-001
   31801      33     2.550000     2.650000   2.466453E+000   1.401336E-001   9.186783E-001   2.756035E-001   2.326320E+000   6.430748E-001   1.683245E+000
   31801      34     2.650000     2.900000   5.107089E+000   1.305105E-005   1.243514E-004   3.730543E-005   5.107076E+000   8.704601E-005   5.106989E+000
   31801      35     2.900000     3.200000   4.829501E+000   3.374968E-001   2.367262E+000   7.101787E-001   4.492004E+000   1.657084E+000   2.834920E+000
   31801      36     3.200000     3.500000   4.479548E+000   1.290470E+000   4.416251E+000   1.324875E+000   3.189077E+000   3.091376E+000   9.770170E-002
   31801      37     3.500000     3.900000   5.317470E+000   7.501921E-001   3.364588E+000   1.009377E+000   4.567278E+000   2.355212E+000   2.212066E+000
   31801      38     3.900000     5.500000   8.889375E+000   5.477844E-002   4.362493E-001   1.308748E-001   8.834597E+000   3.053745E-001   8.529222E+000
   31801      39     5.500000     6.500000   2.171822E+000   6.415893E-001   2.160497E+000   6.481490E-001   1.530232E+000   1.512348E+000   1.788460E-002
   31801      40     6.500000     7.000000   6.459457E-001   4.893866E-002   3.801196E-001   1.140359E-001   5.970071E-001   2.660837E-001   3.309233E-001
   31801      41     7.000000     9.000000   1.525571E+000   2.862775E-002   2.538126E-001   7.614377E-002   1.496943E+000   1.776688E-001   1.319275E+000
   31801      42     9.000000    20.000000   1.633159E+000   1.463076E-002   1.613073E-001   4.839220E-002   1.618528E+000   1.129151E-001   1.505613E+000
   31901       1     0.200000     0.300000   5.582456E-006   3.540013E-006   2.917776E-006   8.753329E-007   2.042443E-006   2.042443E-006  -9.500342E-015
   31901       2     0.300000     0.345000   2.557270E-003   1.374824E-003   1.689209E-003   5.067628E-004   1.182447E-003   1.182447E-003  -8.478979E-013
   31901       3     0.345000     0.385000   2.512764E-003   1.152240E-003   1.943607E-003   5.830820E-004   1.360525E-003   1.360525E-003   3.397626E-012
   31901       4     0.385000     0.420000   1.293223E-002   5.311610E-003   1.088660E-002   3.265979E-003   7.620618E-003   7.620618E-003  -8.375852E-013
   31901       5     0.420000     0.450000   2.349464E-002   8.965829E-003   2.075544E-002   6.226633E-003   1.452881E-002   1.452881E-002  -4.389376E-012
   31901       6     0.450000     0.500000   1.310848E-001   4.710132E-002   1.199763E-001   3.599290E-002   8.398344E-002   8.398344E-002   1.272404E-011
   31901       7     0.500000     0.550000   1.748537E-001   5.938044E-002   1.649618E-001   4.948854E-002   1.154733E-001   1.154733E-001   2.235741E-011
   31901       8     0.550000     0.610000   2.295775E-001   7.513671E-002   2.206297E-001   6.618892E-002   1.544408E-001   1.544408E-001   3.639339E-011
   31901       9     0.610000     0.690000   5.693172E-001   1.805662E-001   5.553585E-001   1.666076E-001   3.887510E-001   3.887510E-001   7.947365E-011
   31901      10     0.690000     0.780000   2.472789E+000   7.671523E-001   2.436624E+000   7.309872E-001   1.705637E+000   1.705637E+000   5.943868E-011
   31901      11     0.780000     0.800000   1.063069E+000   3.229115E-001   1.046053E+000   3.138158E-001   7.401579E-001   7.322368E-001   7.921053E-003
   31901      12     0.800000     0.870000   5.878988E+000   1.800834E+000   5.823924E+000   1.747177E+000   4.078154E+000   4.076746E+000   1.407543E-003
   31901      13     0.870000     0.880000   8.736691E-001   2.595929E-001   8.572211E-001   2.571663E-001   6.140761E-001   6.000548E-001   1.402138E-002
   31901      14     0.880000     1.030000   2.249240E+001   6.829688E+000   2.237431E+001   6.712292E+000   1.566272E+001   1.566201E+001   7.026291E-004
   31901      15     1.030000     1.080000   9.248799E+000   2.413845E+000   8.561352E+000   2.568406E+000   6.834953E+000   5.992947E+000   8.420067E-001
   31901      16     1.080000     1.140000   1.173685E+001   3.468773E+000   1.161275E+001   3.483826E+000   8.268077E+000   8.128926E+000   1.391503E-001
   31901      17     1.140000     1.200000   1.143670E+001   3.434894E+000   1.139394E+001   3.418182E+000   8.001803E+000   7.975757E+000   2.604583E-002
   31901      18     1.200000     1.240000   8.097833E+000   7.517659E-001   3.978487E+000   1.193546E+000   7.346067E+000   2.784941E+000   4.561126E+000
   31901      19     1.240000     1.280000   7.733813E+000   2.129604E+000   7.455586E+000   2.236676E+000   5.604209E+000   5.218910E+000   3.852986E-001
   31901      20     1.280000     1.340000   1.109154E+001   2.068546E+000   8.870672E+000   2.661202E+000   9.022997E+000   6.209470E+000   2.813526E+000
   31901      21     1.340000     1.420000   1.012492E+001   2.711275E+000   9.633979E+000   2.890194E+000   7.413646E+000   6.743785E+000   6.698610E-001
   31901      22     1.420000     1.460000   4.444646E+000   2.540072E-001   1.444828E+000   4.334485E-001   4.190638E+000   1.011380E+000   3.179259E+000
   31901      23     1.460000     1.490000   3.316959E+000   4.397960E-001   2.226094E+000   6.678282E-001   2.877163E+000   1.558266E+000   1.318897E+000
   31901      24     1.490000     1.520000   3.416012E+000   7.079163E-001   2.892109E+000   8.676328E-001   2.708095E+000   2.024477E+000   6.836187E-001
   31901      25     1.520000     1.680000   2.089115E+001   1.271830E+000   7.446972E+000   2.234092E+000   1.961932E+001   5.212880E+000   1.440644E+001
   31901      26     1.680000     1.740000   7.400301E+000   1.960746E+000   7.076838E+000   2.123051E+000   5.439556E+000   4.953787E+000   4.857690E-001
   31901      27     1.740000     1.820000   6.859941E+000   1.880933E+000   6.637909E+000   1.991373E+000   4.979008E+000   4.646536E+000   3.324717E-001
   31901      28     1.820000     1.940000   7.844991E+000   1.216825E+000   5.494049E+000   1.648215E+000   6.628166E+000   3.845834E+000   2.782332E+000
   31901      29     1.940000     2.200000   1.524385E+001   4.166101E-001   2.483406E+000   7.450217E-001   1.482724E+001   1.738384E+000   1.308886E+001
   31901      30     2.200000     2.300000   5.897529E+000   1.624639E+000   5.723017E+000   1.716905E+000   4.272890E+000   4.006112E+000   2.667775E-001
   31901      31     2.300000     2.450000   6.412228E+000   1.915209E+000   6.401273E+000   1.920382E+000   4.497019E+000   4.480891E+000   1.612846E-002
   31901      32     2.450000     2.550000   2.808749E+000   5.314477E-001   2.315917E+000   6.947752E-001   2.277302E+000   1.621142E+000   6.561594E-001
   31901      33     2.550000     2.650000   2.466453E+000   1.405309E-001   9.204325E-001   2.761298E-001   2.325922E+000   6.443028E-001   1.681620E+000
   31901      34     2.650000     2.900000   5.107089E+000   1.309439E-005   1.364942E-004   4.094825E-005   5.107076E+000   9.554592E-005   5.106981E+000
   31901      35     2.900000     3.200000   4.829501E+000   3.394641E-001   2.374225E+000   7.122674E-001   4.490037E+000   1.661957E+000   2.828079E+000
   31901      36     3.200000     3.500000   4.479548E+000   1.290878E+000   4.416762E+000   1.325029E+000   3.188670E+000   3.091734E+000   9.693589E-002
   31901      37     3.500000     3.900000   5.317470E+000   7.504930E-001   3.364872E+000   1.009462E+000   4.566977E+000   2.355411E+000   2.211567E+000
   31901      38     3.900000     5.500000   8.889375E+000   5.517526E-002   4.382474E-001   1.314742E-001   8.834200E+000   3.067732E-001   8.527427E+000
   31901      39     5.500000     6.500000   2.171822E+000   6.416717E-001   2.160591E+000   6.481772E-001   1.530150E+000   1.512413E+000   1.773653E-002
   31901      40     6.500000     7.000000   6.459457E-001   4.884193E-002   3.797501E-001   1.139250E-001   5.971038E-001   2.658250E-001   3.312787E-001
   31901      41     7.000000     9.000000   1.525571E+000   2.876962E-002   2.538906E-001   7.616719E-002   1.496801E+000   1.777234E-001   1.319078E+000
   31901      42     9.000000    20.000000   1.633159E+000   1.499862E-002   1.638330E-001   4.914991E-002   1.618160E+000   1.146831E-001   1.503477E+000
   32001       1     0.200000     0.300000   5.582456E-006   3.540013E-006   2.917776E-006   8.753329E-007   2.042443E-006   2.042443E-006  -9.500342E-015
   32001       2     0.300000     0.345000   2.557270E-003   1.374824E-003   1.689209E-003   5.067628E-004   1.182447E-003   1.182447E-003  -8.478979E-013
   32001       3     0.345000     0.385000   2.512764E-003   1.152240E-003   1.943607E-003   5.830820E-004   1.360525E-003   1.360525E-003   3.397626E-012
   32001       4     0.385000     0.420000   1.293223E-002   5.311610E-003   1.088660E-002   3.265979E-003   7.620618E-003   7.620618E-003   9.194243E-013
   32001       5     0.420000     0.450000   2.349464E-002   8.965829E-003   2.075544E-002   6.226633E-003   1.452881E-002   1.452881E-002   4.160824E-012
   32001       6     0.450000     0.500000   1.310848E-001   4.710132E-002   1.199763E-001   3.599290E-002   8.398344E-002   8.398344E-002   2.167982E-011
   32001       7     0.500000     0.550000   1.748537E-001   5.938044E-002   1.649618E-001   4.948854E-002   1.154733E-001   1.154733E-001   9.933138E-012
   32001       8     0.550000     0.610000   2.295775E-001   7.513671E-002   2.206297E-001   6.618892E-002   1.544408E-001   1.544408E-001   4.377482E-011
   32001       9     0.610000     0.690000   5.693172E-001   1.805662E-001   5.553585E-001   1.666076E-001   3.887510E-001   3.887510E-001   1.379249E-010
   32001      10     0.690000     0.780000   2.472789E+000   7.671523E-001   2.436624E+000   7.309872E-001   1.705637E+000   1.705637E+000   3.130380E-010
   32001      11     0.780000     0.800000   1.063069E+000   3.229120E-001   1.046053E+000   3.138159E-001   7.401574E-001   7.322371E-001   7.920336E-003
   32001      12     0.800000     0.870000   5.878988E+000   1.800834E+000   5.823923E+000   1.747177E+000   4.078154E+000   4.076746E+000   1.408410E-003
   32001      13     0.870000     0.880000   8.736691E-001   2.596015E-001   8.572308E-001   2.571692E-001   6.140675E-001   6.000615E-001   1.400600E-002
   32001      14     0.880000     1.030000   2.249240E+001   6.829689E+000   2.237431E+001   6.712292E+000   1.566272E+001   1.566201E+001   7.012440E-004
   32001      15     1.030000     1.080000   9.248799E+000   2.414034E+000   8.561511E+000   2.568453E+000   6.834765E+000   5.993058E+000   8.417071E-001
   32001      16     1.080000     1.140000   1.173685E+001   3.468793E+000   1.161277E+001   3.483832E+000   8.268057E+000   8.128941E+000   1.391165E-001
   32001      17     1.140000     1.200000   1.143670E+001   3.434898E+000   1.139394E+001   3.418183E+000   8.001798E+000   7.975760E+000   2.603800E-002
   32001      18     1.200000     1.240000   8.097833E+000   7.533716E-001   3.982739E+000   1.194822E+000   7.344461E+000   2.787917E+000   4.556544E+000
   32001      19     1.240000     1.280000   7.733813E+000   2.129965E+000   7.456052E+000   2.236816E+000   5.603849E+000   5.219237E+000   3.846121E-001
   32001      20     1.280000     1.340000   1.109154E+001   2.069413E+000   8.871832E+000   2.661550E+000   9.022130E+000   6.210283E+000   2.811847E+000
   32001      21     1.340000     1.420000   1.012492E+001   2.711789E+000   9.634633E+000   2.890390E+000   7.413132E+000   6.744243E+000   6.688891E-001
   32001      22     1.420000     1.460000   4.444646E+000   2.547055E-001   1.448053E+000   4.344160E-001   4.189940E+000   1.013637E+000   3.176303E+000
   32001      23     1.460000     1.490000   3.316959E+000   4.407390E-001   2.227717E+000   6.683151E-001   2.876220E+000   1.559402E+000   1.316818E+000
   32001      24     1.490000     1.520000   3.416012E+000   7.086094E-001   2.893148E+000   8.679443E-001   2.707402E+000   2.025203E+000   6.821988E-001
   32001      25     1.520000     1.680000   2.089115E+001   1.276069E+000   7.461853E+000   2.238556E+000   1.961508E+001   5.223297E+000   1.439178E+001
   32001      26     1.680000     1.740000   7.400301E+000   1.961233E+000   7.077439E+000   2.123232E+000   5.439069E+000   4.954207E+000   4.848616E-001
   32001      27     1.740000     1.820000   6.859941E+000   1.883369E+000   6.641177E+000   1.992353E+000   4.976572E+000   4.648824E+000   3.277482E-001
   32001      28     1.820000     1.940000   7.844991E+000   1.219436E+000   5.501138E+000   1.650341E+000   6.625555E+000   3.850796E+000   2.774759E+000
   32001      29     1.940000     2.200000   1.524385E+001   4.182346E-001   2.489271E+000   7.467812E-001   1.482562E+001   1.742489E+000   1.308313E+001
   32001      30     2.200000     2.300000   5.897529E+000   1.624945E+000   5.723393E+000   1.717018E+000   4.272584E+000   4.006375E+000   2.662087E-001
   32001      31     2.300000     2.450000   6.412228E+000   1.915227E+000   6.401293E+000   1.920388E+000   4.497001E+000   4.480905E+000   1.609637E-002
   32001      32     2.450000     2.550000   2.808749E+000   5.327336E-001   2.318509E+000   6.955527E-001   2.276016E+000   1.622956E+000   6.530594E-001
   32001      33     2.550000     2.650000   2.466453E+000   1.408902E-001   9.220394E-001   2.766118E-001   2.325563E+000   6.454276E-001   1.680136E+000
   32001      34     2.650000     2.900000   5.107089E+000   1.313384E-005   1.486997E-004   4.460990E-005   5.107076E+000   1.040898E-004   5.106972E+000
   32001      35     2.900000     3.200000   4.829501E+000   3.412929E-001   2.380680E+000   7.142039E-001   4.488208E+000   1.666476E+000   2.821732E+000
   32001      36     3.200000     3.500000   4.479548E+000   1.291253E+000   4.417231E+000   1.325169E+000   3.188295E+000   3.092062E+000   9.623344E-002
   32001      37     3.500000     3.900000   5.317470E+000   7.507700E-001   3.365128E+000   1.009538E+000   4.566700E+000   2.355590E+000   2.211111E+000
   32001      38     3.900000     5.500000   8.889375E+000   5.554541E-002   4.401192E-001   1.320357E-001   8.833830E+000   3.080834E-001   8.525746E+000
   32001      39     5.500000     6.500000   2.171822E+000   6.417469E-001   2.160676E+000   6.482028E-001   1.530075E+000   1.512473E+000   1.760138E-002
   32001      40     6.500000     7.000000   6.459457E-001   4.875209E-002   3.794060E-001   1.138218E-001   5.971936E-001   2.655842E-001   3.316094E-001
   32001      41     7.000000     9.000000   1.525571E+000   2.890142E-002   2.539661E-001   7.618983E-002   1.496670E+000   1.777763E-001   1.318893E+000
   32001      42     9.000000    20.000000   1.633159E+000   1.534846E-002   1.661822E-001   4.985467E-002   1.617810E+000   1.163276E-001   1.501483E+000
   32101       1     0.200000     0.300000   5.582456E-006   3.540013E-006   2.917776E-006   8.753329E-007   2.042443E-006   2.042443E-006  -9.500342E-015
   32101       2     0.300000     0.345000   2.557270E-003   1.374824E-003   1.689209E-003   5.067628E-004   1.182447E-003   1.182447E-003  -8.478979E-013
   32101       3     0.345000     0.385000   2.512764E-003   1.152240E-003   1.943607E-003   5.830820E-004   1.360525E-003   1.360525E-003   3.397626E-012
   32101       4     0.385000     0.420000   1.293223E-002   5.311610E-003   1.088660E-002   3.265979E-003   7.620618E-003   7.620618E-003   1.343777E-012
   32101       5     0.420000     0.450000   2.349464E-002   8.965829E-003   2.075544E-002   6.226633E-003   1.452881E-002   1.452881E-002  -9.999675E-013
   32101       6     0.450000     0.500000   1.310848E-001   4.710132E-002   1.199763E-001   3.599290E-002   8.398344E-002   8.398344E-002   1.228345E-011
   32101       7     0.500000     0.550000   1.748537E-001   5.938044E-002   1.649618E-001   4.948854E-002   1.154733E-001   1.154733E-001  -6.589923E-012
   32101       8     0.550000     0.610000   2.295775E-001   7.513671E-002   2.206297E-001   6.618892E-002   1.544408E-001   1.544408E-001   2.476153E-011
   32101       9     0.610000     0.690000   5.693172E-001   1.805662E-001   5.553585E-001   1.666076E-001   3.887510E-001   3.887510E-001   1.028156E-010
   32101      10     0.690000     0.780000   2.472789E+000   7.671523E-001   2.436624E+000   7.309872E-001   1.705637E+000   1.705637E+000   1.067026E-010
   32101      11     0.780000     0.800000   1.063069E+000   3.229124E-001   1.046053E+000   3.138160E-001   7.401571E-001   7.322374E-001   7.919670E-003
   32101      12     0.800000     0.870000   5.878988E+000   1.800833E+000   5.823922E+000   1.747177E+000   4.078155E+000   4.076746E+000   1.409214E-003
   32101      13     0.870000     0.880000   8.736691E-001   2.596095E-001   8.572397E-001   2.571719E-001   6.140596E-001   6.000678E-001   1.399174E-002
   32101      14     0.880000     1.030000   2.249240E+001   6.829690E+000   2.237431E+001   6.712292E+000   1.566272E+001   1.566202E+001   6.999673E-004
   32101      15     1.030000     1.080000   9.248799E+000   2.414208E+000   8.561657E+000   2.568497E+000   6.834591E+000   5.993160E+000   8.414310E-001
   32101      16     1.080000     1.140000   1.173685E+001   3.468810E+000   1.161279E+001   3.483837E+000   8.268040E+000   8.128954E+000   1.390857E-001
   32101      17     1.140000     1.200000   1.143670E+001   3.434902E+000   1.139395E+001   3.418184E+000   8.001794E+000   7.975763E+000   2.603099E-002
   32101      18     1.200000     1.240000   8.097833E+000   7.548703E-001   3.986701E+000   1.196010E+000   7.342962E+000   2.790691E+000   4.552272E+000
   32101      19     1.240000     1.280000   7.733813E+000   2.130297E+000   7.456483E+000   2.236945E+000   5.603516E+000   5.219538E+000   3.839783E-001
   32101      20     1.280000     1.340000   1.109154E+001   2.070218E+000   8.872907E+000   2.661872E+000   9.021325E+000   6.211035E+000   2.810290E+000
   32101      21     1.340000     1.420000   1.012492E+001   2.712265E+000   9.635239E+000   2.890572E+000   7.412656E+000   6.744667E+000   6.679888E-001
   32101      22     1.420000     1.460000   4.444646E+000   2.553620E-001   1.451075E+000   4.353226E-001   4.189284E+000   1.015753E+000   3.173531E+000
   32101      23     1.460000     1.490000   3.316959E+000   4.416135E-001   2.229219E+000   6.687658E-001   2.875345E+000   1.560454E+000   1.314892E+000
   32101      24     1.490000     1.520000   3.416012E+000   7.092517E-001   2.894109E+000   8.682326E-001   2.706760E+000   2.025876E+000   6.808838E-001
   32101      25     1.520000     1.680000   2.089115E+001   1.280029E+000   7.475731E+000   2.242719E+000   1.961112E+001   5.233012E+000   1.437811E+001
   32101      26     1.680000     1.740000   7.400301E+000   1.961682E+000   7.077993E+000   2.123398E+000   5.438619E+000   4.954595E+000   4.840245E-001
   32101      27     1.740000     1.820000   6.859941E+000   1.885631E+000   6.644203E+000   1.993261E+000   4.974310E+000   4.650942E+000   3.233676E-001
   32101      28     1.820000     1.940000   7.844991E+000   1.221879E+000   5.507750E+000   1.652325E+000   6.623112E+000   3.855425E+000   2.767687E+000
   32101      29     1.940000     2.200000   1.524385E+001   4.197509E-001   2.494733E+000   7.484199E-001   1.482410E+001   1.746313E+000   1.307779E+001
   32101      30     2.200000     2.300000   5.897529E+000   1.625228E+000   5.723741E+000   1.717122E+000   4.272301E+000   4.006618E+000   2.656825E-001
   32101      31     2.300000     2.450000   6.412228E+000   1.915243E+000   6.401311E+000   1.920393E+000   4.496985E+000   4.480918E+000   1.606671E-002
   32101      32     2.450000     2.550000   2.808749E+000   5.339299E-001   2.320918E+000   6.962754E-001   2.274819E+000   1.624643E+000   6.501768E-001
   32101      33     2.550000     2.650000   2.466453E+000   1.412200E-001   9.235288E-001   2.770586E-001   2.325233E+000   6.464701E-001   1.678763E+000
   32101      34     2.650000     2.900000   5.107089E+000   1.317005E-005   1.609781E-004   4.829343E-005   5.107076E+000   1.126847E-004   5.106963E+000
   32101      35     2.900000     3.200000   4.829501E+000   3.430026E-001   2.386699E+000   7.160097E-001   4.486498E+000   1.670689E+000   2.815809E+000
   32101      36     3.200000     3.500000   4.479548E+000   1.291599E+000   4.417664E+000   1.325299E+000   3.187949E+000   3.092365E+000   9.558367E-002
   32101      37     3.500000     3.900000   5.317470E+000   7.510265E-001   3.365362E+000   1.009609E+000   4.566444E+000   2.355754E+000   2.210690E+000
   32101      38     3.900000     5.500000   8.889375E+000   5.589243E-002   4.418747E-001   1.325624E-001   8.833483E+000   3.093123E-001   8.524170E+000
   32101      39     5.500000     6.500000   2.171822E+000   6.418161E-001   2.160755E+000   6.482265E-001   1.530006E+000   1.512528E+000   1.747714E-002
   32101      40     6.500000     7.000000   6.459457E-001   4.866662E-002   3.790791E-001   1.137237E-001   5.972791E-001   2.653553E-001   3.319238E-001
   32101      41     7.000000     9.000000   1.525571E+000   2.902381E-002   2.540425E-001   7.621274E-002   1.496547E+000   1.778297E-001   1.318718E+000
   32101      42     9.000000    20.000000   1.633159E+000   1.568404E-002   1.683899E-001   5.051698E-002   1.617475E+000   1.178730E-001   1.499602E+000
   32201       1     0.200000     0.300000   5.582456E-006   3.540013E-006   2.917776E-006   8.753329E-007   2.042443E-006   2.042443E-006  -9.500342E-015
   32201       2     0.300000     0.345000   2.557270E-003   1.374824E-003   1.689209E-003   5.067628E-004   1.182447E-003   1.182447E-003  -8.478979E-013
   32201       3     0.345000     0.385000   2.512764E-003   1.152240E-003   1.943607E-003   5.830820E-004   1.360525E-003   1.360525E-003   3.397626E-012
   32201       4     0.385000     0.420000   1.293223E-002   5.311610E-003   1.088660E-002   3.265979E-003   7.620618E-003   7.620618E-003   2.499797E-012
   32201       5     0.420000     0.450000   2.349464E-002   8.965829E-003   2.075544E-002   6.226633E-003   1.452881E-002   1.452881E-002   1.592223E-012
   32201       6     0.450000     0.500000   1.310848E-001   4.710132E-002   1.199763E-001   3.599290E-002   8.398344E-002   8.398344E-002  -3.899603E-012
   32201       7     0.500000     0.550000   1.748537E-001   5.938044E-002   1.649618E-001   4.948854E-002   1.154733E-001   1.154733E-001   7.365220E-013
   32201       8     0.550000     0.610000   2.295775E-001   7.513671E-002   2.206297E-001   6.618892E-002   1.544408E-001   1.544408E-001   4.379808E-011
   32201       9     0.610000     0.690000   5.693172E-001   1.805662E-001   5.553585E-001   1.666076E-001   3.887510E-001   3.887510E-001   2.108780E-011
   32201      10     0.690000     0.780000   2.472789E+000   7.671523E-001   2.436624E+000   7.309872E-001   1.705637E+000   1.705637E+000   1.015903E-010
   32201      11     0.780000     0.800000   1.063069E+000   3.229127E-001   1.046054E+000   3.138161E-001   7.401567E-001   7.322376E-001   7.919046E-003
   32201      12     0.800000     0.870000   5.878988E+000   1.800833E+000   5.823922E+000   1.747177E+000   4.078155E+000   4.076745E+000   1.409965E-003
   32201      13     0.870000     0.880000   8.736691E-001   2.596169E-001   8.572481E-001   2.571744E-001   6.140522E-001   6.000736E-001   1.397852E-002
   32201      14     0.880000     1.030000   2.249240E+001   6.829690E+000   2.237431E+001   6.712292E+000   1.566271E+001   1.566202E+001   6.987996E-004
   32201      15     1.030000     1.080000   9.248799E+000   2.414368E+000   8.561789E+000   2.568537E+000   6.834430E+000   5.993252E+000   8.411781E-001
   32201      16     1.080000     1.140000   1.173685E+001   3.468826E+000   1.161281E+001   3.483843E+000   8.268024E+000   8.128966E+000   1.390578E-001
   32201      17     1.140000     1.200000   1.143670E+001   3.434906E+000   1.139395E+001   3.418185E+000   8.001791E+000   7.975766E+000   2.602490E-002
   32201      18     1.200000     1.240000   8.097833E+000   7.562688E-001   3.990395E+000   1.197119E+000   7.341564E+000   2.793277E+000   4.548287E+000
   32201      19     1.240000     1.280000   7.733813E+000   2.130603E+000   7.456878E+000   2.237063E+000   5.603210E+000   5.219815E+000   3.833957E-001
   32201      20     1.280000     1.340000   1.109154E+001   2.070965E+000   8.873901E+000   2.662170E+000   9.020578E+000   6.211730E+000   2.808848E+000
   32201      21     1.340000     1.420000   1.012492E+001   2.712706E+000   9.635799E+000   2.890740E+000   7.412215E+000   6.745059E+000   6.671562E-001
   32201      22     1.420000     1.460000   4.444646E+000   2.559770E-001   1.453895E+000   4.361684E-001   4.188669E+000   1.017726E+000   3.170943E+000
   32201      23     1.460000     1.490000   3.316959E+000   4.424195E-001   2.230602E+000   6.691806E-001   2.874539E+000   1.561421E+000   1.313118E+000
   32201      24     1.490000     1.520000   3.416012E+000   7.098445E-001   2.894995E+000   8.684985E-001   2.706167E+000   2.026496E+000   6.796707E-001
   32201      25     1.520000     1.680000   2.089115E+001   1.283719E+000   7.488663E+000   2.246599E+000   1.960743E+001   5.242064E+000   1.436536E+001
   32201      26     1.680000     1.740000   7.400301E+000   1.962094E+000   7.078501E+000   2.123550E+000   5.438207E+000   4.954950E+000   4.832568E-001
   32201      27     1.740000     1.820000   6.859941E+000   1.887714E+000   6.646982E+000   1.994095E+000   4.972228E+000   4.652887E+000   3.193403E-001
   32201      28     1.820000     1.940000   7.844991E+000   1.224154E+000   5.513897E+000   1.654169E+000   6.620837E+000   3.859728E+000   2.761109E+000
   32201      29     1.940000     2.200000   1.524385E+001   4.211622E-001   2.499807E+000   7.499420E-001   1.482269E+001   1.749865E+000   1.307282E+001
   32201      30     2.200000     2.300000   5.897529E+000   1.625489E+000   5.724061E+000   1.717218E+000   4.272040E+000   4.006843E+000   2.651970E-001
   32201      31     2.300000     2.450000   6.412228E+000   1.915259E+000   6.401328E+000   1.920398E+000   4.496969E+000   4.480930E+000   1.603939E-002
   32201      32     2.450000     2.550000   2.808749E+000   5.350364E-001   2.323145E+000   6.969434E-001   2.273713E+000   1.626201E+000   6.475116E-001
   32201      33     2.550000     2.650000   2.466453E+000   1.415177E-001   9.248930E-001   2.774679E-001   2.324936E+000   6.474251E-001   1.677511E+000
   32201      34     2.650000     2.900000   5.107089E+000   1.320319E-005   1.731868E-004   5.195603E-005   5.107076E+000   1.212307E-004   5.106955E+000
   32201      35     2.900000     3.200000   4.829501E+000   3.445945E-001   2.392291E+000   7.176874E-001   4.484906E+000   1.674604E+000   2.810303E+000
   32201      36     3.200000     3.500000   4.479548E+000   1.291918E+000   4.418063E+000   1.325419E+000   3.187630E+000   3.092644E+000   9.498611E-002
   32201      37     3.500000     3.900000   5.317470E+000   7.512634E-001   3.365574E+000   1.009672E+000   4.566207E+000   2.355902E+000   2.210305E+000
   32201      38     3.900000     5.500000   8.889375E+000   5.621661E-002   4.435237E-001   1.330571E-001   8.833159E+000   3.104666E-001   8.522692E+000
   32201      39     5.500000     6.500000   2.171822E+000   6.418792E-001   2.160827E+000   6.482480E-001   1.529942E+000   1.512579E+000   1.736373E-002
   32201      40     6.500000     7.000000   6.459457E-001   4.858651E-002   3.787722E-001   1.136317E-001   5.973592E-001   2.651405E-001   3.322187E-001
   32201      41     7.000000     9.000000   1.525571E+000   2.913784E-002   2.541168E-001   7.623503E-002   1.496433E+000   1.778817E-001   1.318552E+000
   32201      42     9.000000    20.000000   1.633159E+000   1.600136E-002   1.704381E-001   5.113142E-002   1.617158E+000   1.193067E-001   1.497851E+000
   32301       1     0.200000     0.300000   5.582456E-006   3.540013E-006   2.917776E-006   8.753329E-007   2.042443E-006   2.042443E-006  -9.500342E-015
   32301       2     0.300000     0.345000   2.557270E-003   1.374824E-003   1.689209E-003   5.067628E-004   1.182447E-003   1.182447E-003  -8.478979E-013
   32301       3     0.345000     0.385000   2.512764E-003   1.152240E-003   1.943607E-003   5.830820E-004   1.360525E-003   1.360525E-003   3.397626E-012
   32301       4     0.385000     0.420000   1.293223E-002   5.311610E-003   1.088660E-002   3.265979E-003   7.620618E-003   7.620618E-003  -1.476822E-013
   32301       5     0.420000     0.450000   2.349464E-002   8.965829E-003   2.075544E-002   6.226633E-003   1.452881E-002   1.452881E-002  -7.344785E-013
   32301       6     0.450000     0.500000   1.310848E-001   4.710132E-002   1.199763E-001   3.599290E-002   8.398344E-002   8.398344E-002  -1.572205E-011
   32301       7     0.500000     0.550000   1.748537E-001   5.938044E-002   1.649618E-001   4.948854E-002   1.154733E-001   1.154733E-001   7.996853E-012
   32301       8     0.550000     0.610000   2.295775E-001   7.513671E-002   2.206297E-001   6.618892E-002   1.544408E-001   1.544408E-001   1.808248E-011
   32301       9     0.610000     0.690000   5.693172E-001   1.805662E-001   5.553585E-001   1.666076E-001   3.887510E-001   3.887510E-001   2.354328E-011
   32301      10     0.690000     0.780000   2.472789E+000   7.671523E-001   2.436624E+000   7.309872E-001   1.705637E+000   1.705637E+000   7.380252E-011
   32301      11     0.780000     0.800000   1.063069E+000   3.229131E-001   1.046054E+000   3.138162E-001   7.401563E-001   7.322379E-001   7.918467E-003
   32301      12     0.800000     0.870000   5.878988E+000   1.800833E+000   5.823922E+000   1.747176E+000   4.078156E+000   4.076745E+000   1.410662E-003
   32301      13     0.870000     0.880000   8.736691E-001   2.596238E-001   8.572558E-001   2.571767E-001   6.140453E-001   6.000791E-001   1.396621E-002
   32301      14     0.880000     1.030000   2.249240E+001   6.829691E+000   2.237431E+001   6.712293E+000   1.566271E+001   1.566202E+001   6.977146E-004
   32301      15     1.030000     1.080000   9.248799E+000   2.414518E+000   8.561911E+000   2.568573E+000   6.834281E+000   5.993338E+000   8.409433E-001
   32301      16     1.080000     1.140000   1.173685E+001   3.468841E+000   1.161282E+001   3.483847E+000   8.268009E+000   8.128977E+000   1.390321E-001
   32301      17     1.140000     1.200000   1.143670E+001   3.434909E+000   1.139396E+001   3.418187E+000   8.001788E+000   7.975769E+000   2.601934E-002
   32301      18     1.200000     1.240000   8.097833E+000   7.575789E-001   3.993851E+000   1.198155E+000   7.340254E+000   2.795696E+000   4.544558E+000
   32301      19     1.240000     1.280000   7.733813E+000   2.130887E+000   7.457246E+000   2.237174E+000   5.602926E+000   5.220072E+000   3.828542E-001
   32301      20     1.280000     1.340000   1.109154E+001   2.071662E+000   8.874826E+000   2.662448E+000   9.019881E+000   6.212378E+000   2.807503E+000
   32301      21     1.340000     1.420000   1.012492E+001   2.713116E+000   9.636320E+000   2.890896E+000   7.411804E+000   6.745424E+000   6.663808E-001
   32301      22     1.420000     1.460000   4.444646E+000   2.565573E-001   1.456549E+000   4.369647E-001   4.188088E+000   1.019584E+000   3.168504E+000
   32301      23     1.460000     1.490000   3.316959E+000   4.431719E-001   2.231890E+000   6.695671E-001   2.873787E+000   1.562323E+000   1.311464E+000
   32301      24     1.490000     1.520000   3.416012E+000   7.103971E-001   2.895820E+000   8.687461E-001   2.705614E+000   2.027074E+000   6.785404E-001
   32301      25     1.520000     1.680000   2.089115E+001   1.287181E+000   7.500774E+000   2.250232E+000   1.960397E+001   5.250541E+000   1.435343E+001
   32301      26     1.680000     1.740000   7.400301E+000   1.962477E+000   7.078973E+000   2.123692E+000   5.437824E+000   4.955281E+000   4.825433E-001
   32301      27     1.740000     1.820000   6.859941E+000   1.889662E+000   6.649575E+000   1.994873E+000   4.970280E+000   4.654703E+000   3.155771E-001
   32301      28     1.820000     1.940000   7.844991E+000   1.226294E+000   5.519660E+000   1.655898E+000   6.618697E+000   3.863762E+000   2.754935E+000
   32301      29     1.940000     2.200000   1.524385E+001   4.224857E-001   2.504555E+000   7.513665E-001   1.482136E+001   1.753188E+000   1.306818E+001
   32301      30     2.200000     2.300000   5.897529E+000   1.625732E+000   5.724359E+000   1.717308E+000   4.271797E+000   4.007051E+000   2.647452E-001
   32301      31     2.300000     2.450000   6.412228E+000   1.915273E+000   6.401344E+000   1.920403E+000   4.496955E+000   4.480941E+000   1.601397E-002
   32301      32     2.450000     2.550000   2.808749E+000   5.360723E-001   2.325227E+000   6.975681E-001   2.272677E+000   1.627659E+000   6.450180E-001
   32301      33     2.550000     2.650000   2.466453E+000   1.417941E-001   9.261687E-001   2.778506E-001   2.324659E+000   6.483181E-001   1.676341E+000
   32301      34     2.650000     2.900000   5.107089E+000   1.323378E-005   1.854078E-004   5.562233E-005   5.107076E+000   1.297854E-004   5.106946E+000
   32301      35     2.900000     3.200000   4.829501E+000   3.460900E-001   2.397533E+000   7.192598E-001   4.483411E+000   1.678273E+000   2.805138E+000
   32301      36     3.200000     3.500000   4.479548E+000   1.292215E+000   4.418433E+000   1.325530E+000   3.187333E+000   3.092903E+000   9.442954E-002
   32301      37     3.500000     3.900000   5.317470E+000   7.514839E-001   3.365769E+000   1.009731E+000   4.565987E+000   2.356039E+000   2.209948E+000
   32301      38     3.900000     5.500000   8.889375E+000   5.652191E-002   4.450744E-001   1.335223E-001   8.832853E+000   3.115521E-001   8.521301E+000
   32301      39     5.500000     6.500000   2.171822E+000   6.419378E-001   2.160893E+000   6.482680E-001   1.529884E+000   1.512625E+000   1.725852E-002
   32301      40     6.500000     7.000000   6.459457E-001   4.851035E-002   3.784806E-001   1.135442E-001   5.974354E-001   2.649364E-001   3.324990E-001
   32301      41     7.000000     9.000000   1.525571E+000   2.924420E-002   2.541904E-001   7.625713E-002   1.496327E+000   1.779333E-001   1.318394E+000
   32301      42     9.000000    20.000000   1.633159E+000   1.630708E-002   1.723768E-001   5.171305E-002   1.616852E+000   1.206638E-001   1.496188E+000
   32401       1     0.200000     0.300000   5.582456E-006   3.540013E-006   2.917776E-006   8.753329E-007   2.042443E-006   2.042443E-006  -9.500342E-015
   32401       2     0.300000     0.345000   2.557270E-003   1.374824E-003   1.689209E-003   5.067628E-004   1.182447E-003   1.182447E-003  -8.478979E-013
   32401       3     0.345000     0.385000   2.512764E-003   1.152240E-003   1.943607E-003   5.830820E-004   1.360525E-003   1.360525E-003   3.397626E-012
   32401       4     0.385000     0.420000   1.293223E-002   5.311610E-003   1.088660E-002   3.265979E-003   7.620618E-003   7.620618E-003   2.536782E-013
   32401       5     0.420000     0.450000   2.349464E-002   8.965829E-003   2.075544E-002   6.226633E-003   1.452881E-002   1.452881E-002  -2.748010E-013
   32401       6     0.450000     0.500000   1.310848E-001   4.710132E-002   1.199763E-001   3.599290E-002   8.398344E-002   8.398344E-002   1.379961E-011
   32401       7     0.500000     0.550000   1.748537E-001   5.938044E-002   1.649618E-001   4.948854E-002   1.154733E-001   1.154733E-001  -9.447526E-012
   32401       8     0.550000     0.610000   2.295775E-001   7.513671E-002   2.206297E-001   6.618892E-002   1.544408E-001   1.544408E-001   1.464770E-011
   32401       9     0.610000     0.690000   5.693172E-001   1.805662E-001   5.553585E-001   1.666076E-001   3.887510E-001   3.887510E-001   4.897777E-011
   32401      10     0.690000     0.780000   2.472789E+000   7.671523E-001   2.436624E+000   7.309872E-001   1.705637E+000   1.705637E+000   3.248699E-010
   32401      11     0.780000     0.800000   1.063069E+000   3.229134E-001   1.046054E+000   3.138163E-001   7.401560E-001   7.322381E-001   7.917924E-003
   32401      12     0.800000     0.870000   5.878988E+000   1.800832E+000   5.823921E+000   1.747176E+000   4.078156E+000   4.076745E+000   1.411316E-003
   32401      13     0.870000     0.880000   8.736691E-001   2.596302E-001   8.572630E-001   2.571789E-001   6.140389E-001   6.000841E-001   1.395475E-002
   32401      14     0.880000     1.030000   2.249240E+001   6.829692E+000   2.237431E+001   6.712293E+000   1.566271E+001   1.566202E+001   6.967189E-004
   32401      15     1.030000     1.080000   9.248799E+000   2.414655E+000   8.562023E+000   2.568607E+000   6.834144E+000   5.993416E+000   8.407278E-001
   32401      16     1.080000     1.140000   1.173685E+001   3.468854E+000   1.161284E+001   3.483852E+000   8.267996E+000   8.128987E+000   1.390089E-001
   32401      17     1.140000     1.200000   1.143670E+001   3.434912E+000   1.139396E+001   3.418187E+000   8.001785E+000   7.975771E+000   2.601452E-002
   32401      18     1.200000     1.240000   8.097833E+000   7.588048E-001   3.997083E+000   1.199125E+000   7.339028E+000   2.797958E+000   4.541070E+000
   32401      19     1.240000     1.280000   7.733813E+000   2.131150E+000   7.457584E+000   2.237275E+000   5.602664E+000   5.220309E+000   3.823548E-001
   32401      20     1.280000     1.340000   1.109154E+001   2.072310E+000   8.875684E+000   2.662705E+000   9.019232E+000   6.212979E+000   2.806254E+000
   32401      21     1.340000     1.420000   1.012492E+001   2.713498E+000   9.636802E+000   2.891041E+000   7.411423E+000   6.745762E+000   6.656614E-001
   32401      22     1.420000     1.460000   4.444646E+000   2.571024E-001   1.459032E+000   4.377097E-001   4.187543E+000   1.021323E+000   3.166221E+000
   32401      23     1.460000     1.490000   3.316959E+000   4.438682E-001   2.233081E+000   6.699242E-001   2.873091E+000   1.563156E+000   1.309934E+000
   32401      24     1.490000     1.520000   3.416012E+000   7.109088E-001   2.896584E+000   8.689751E-001   2.705103E+000   2.027609E+000   6.774941E-001
   32401      25     1.520000     1.680000   2.089115E+001   1.290416E+000   7.512092E+000   2.253628E+000   1.960073E+001   5.258464E+000   1.434227E+001
   32401      26     1.680000     1.740000   7.400301E+000   1.962830E+000   7.079407E+000   2.123822E+000   5.437472E+000   4.955585E+000   4.818867E-001
   32401      27     1.740000     1.820000   6.859941E+000   1.891461E+000   6.651964E+000   1.995589E+000   4.968481E+000   4.656375E+000   3.121056E-001
   32401      28     1.820000     1.940000   7.844991E+000   1.228293E+000   5.525032E+000   1.657510E+000   6.616698E+000   3.867522E+000   2.749176E+000
   32401      29     1.940000     2.200000   1.524385E+001   4.237206E-001   2.508978E+000   7.526933E-001   1.482013E+001   1.756284E+000   1.306384E+001
   32401      30     2.200000     2.300000   5.897529E+000   1.625957E+000   5.724635E+000   1.717391E+000   4.271572E+000   4.007245E+000   2.643270E-001
   32401      31     2.300000     2.450000   6.412228E+000   1.915286E+000   6.401359E+000   1.920408E+000   4.496942E+000   4.480951E+000   1.599049E-002
   32401      32     2.450000     2.550000   2.808749E+000   5.370334E-001   2.327158E+000   6.981474E-001   2.271716E+000   1.629010E+000   6.427054E-001
   32401      33     2.550000     2.650000   2.466453E+000   1.420447E-001   9.273423E-001   2.782027E-001   2.324409E+000   6.491396E-001   1.675269E+000
   32401      34     2.650000     2.900000   5.107089E+000   1.326183E-005   1.974814E-004   5.924441E-005   5.107076E+000   1.382370E-004   5.106938E+000
   32401      35     2.900000     3.200000   4.829501E+000   3.474861E-001   2.402417E+000   7.207250E-001   4.482015E+000   1.681692E+000   2.800323E+000
   32401      36     3.200000     3.500000   4.479548E+000   1.292489E+000   4.418775E+000   1.325633E+000   3.187059E+000   3.093143E+000   9.391592E-002
   32401      37     3.500000     3.900000   5.317470E+000   7.516882E-001   3.365946E+000   1.009784E+000   4.565782E+000   2.356162E+000   2.209620E+000
   32401      38     3.900000     5.500000   8.889375E+000   5.680795E-002   4.465345E-001   1.339603E-001   8.832567E+000   3.125741E-001   8.519993E+000
   32401      39     5.500000     6.500000   2.171822E+000   6.419917E-001   2.160955E+000   6.482864E-001   1.529830E+000   1.512668E+000   1.716163E-002
   32401      40     6.500000     7.000000   6.459457E-001   4.843982E-002   3.782098E-001   1.134629E-001   5.975059E-001   2.647468E-001   3.327591E-001
   32401      41     7.000000     9.000000   1.525571E+000   2.934363E-002   2.542600E-001   7.627800E-002   1.496227E+000   1.779820E-001   1.318245E+000
   32401      42     9.000000    20.000000   1.633159E+000   1.659672E-002   1.741831E-001   5.225494E-002   1.616562E+000   1.219282E-001   1.494634E+000
   32501       1     0.200000     0.300000   5.582456E-006   3.540013E-006   2.917776E-006   8.753329E-007   2.042443E-006   2.042443E-006  -9.500342E-015
   32501       2     0.300000     0.345000   2.557270E-003   1.374824E-003   1.689209E-003   5.067628E-004   1.182447E-003   1.182447E-003  -8.478979E-013
   32501       3     0.345000     0.385000   2.512764E-003   1.152240E-003   1.943607E-003   5.830820E-004   1.360525E-003   1.360525E-003   3.397626E-012
   32501       4     0.385000     0.420000   1.293223E-002   5.311610E-003   1.088660E-002   3.265979E-003   7.620618E-003   7.620618E-003   1.624369E-012
   32501       5     0.420000     0.450000   2.349464E-002   8.965829E-003   2.075544E-002   6.226633E-003   1.452881E-002   1.452881E-002  -5.980326E-012
   32501       6     0.450000     0.500000   1.310848E-001   4.710132E-002   1.199763E-001   3.599290E-002   8.398344E-002   8.398344E-002   2.105839E-011
   32501       7     0.500000     0.550000   1.748537E-001   5.938044E-002   1.649618E-001   4.948854E-002   1.154733E-001   1.154733E-001   1.938570E-011
   32501       8     0.550000     0.610000   2.295775E-001   7.513671E-002   2.206297E-001   6.618892E-002   1.544408E-001   1.544408E-001   5.894724E-011
   32501       9     0.610000     0.690000   5.693172E-001   1.805662E-001   5.553585E-001   1.666076E-001   3.887510E-001   3.887510E-001   6.749473E-011
   32501      10     0.690000     0.780000   2.472789E+000   7.671523E-001   2.436624E+000   7.309872E-001   1.705637E+000   1.705637E+000   3.937111E-010
   32501      11     0.780000     0.800000   1.063069E+000   3.229137E-001   1.046055E+000   3.138164E-001   7.401557E-001   7.322383E-001   7.917423E-003
   32501      12     0.800000     0.870000   5.878988E+000   1.800832E+000   5.823921E+000   1.747176E+000   4.078156E+000   4.076745E+000   1.411925E-003
   32501      13     0.870000     0.880000   8.736691E-001   2.596362E-001   8.572697E-001   2.571809E-001   6.140329E-001   6.000888E-001   1.394407E-002
   32501      14     0.880000     1.030000   2.249240E+001   6.829692E+000   2.237431E+001   6.712293E+000   1.566271E+001   1.566202E+001   6.957943E-004
   32501      15     1.030000     1.080000   9.248799E+000   2.414783E+000   8.562126E+000   2.568638E+000   6.834015E+000   5.993488E+000   8.405276E-001
   32501      16     1.080000     1.140000   1.173685E+001   3.468866E+000   1.161285E+001   3.483856E+000   8.267984E+000   8.128996E+000   1.389875E-001
   32501      17     1.140000     1.200000   1.143670E+001   3.434914E+000   1.139396E+001   3.418188E+000   8.001783E+000   7.975773E+000   2.601015E-002
   32501      18     1.200000     1.240000   8.097833E+000   7.599547E-001   4.000110E+000   1.200033E+000   7.337878E+000   2.800077E+000   4.537801E+000
   32501      19     1.240000     1.280000   7.733813E+000   2.131393E+000   7.457899E+000   2.237370E+000   5.602420E+000   5.220530E+000   3.818904E-001
   32501      20     1.280000     1.340000   1.109154E+001   2.072916E+000   8.876484E+000   2.662945E+000   9.018626E+000   6.213539E+000   2.805088E+000
   32501      21     1.340000     1.420000   1.012492E+001   2.713854E+000   9.637253E+000   2.891176E+000   7.411067E+000   6.746077E+000   6.649905E-001
   32501      22     1.420000     1.460000   4.444646E+000   2.576163E-001   1.461368E+000   4.384105E-001   4.187029E+000   1.022958E+000   3.164072E+000
   32501      23     1.460000     1.490000   3.316959E+000   4.445178E-001   2.234189E+000   6.702568E-001   2.872441E+000   1.563933E+000   1.308509E+000
   32501      24     1.490000     1.520000   3.416012E+000   7.113860E-001   2.897295E+000   8.691886E-001   2.704626E+000   2.028107E+000   6.765189E-001
   32501      25     1.520000     1.680000   2.089115E+001   1.293452E+000   7.522701E+000   2.256810E+000   1.959770E+001   5.265891E+000   1.433181E+001
   32501      26     1.680000     1.740000   7.400301E+000   1.963157E+000   7.079811E+000   2.123943E+000   5.437144E+000   4.955867E+000   4.812764E-001
   32501      27     1.740000     1.820000   6.859941E+000   1.893140E+000   6.654191E+000   1.996257E+000   4.966801E+000   4.657933E+000   3.088675E-001
   32501      28     1.820000     1.940000   7.844991E+000   1.230171E+000   5.530067E+000   1.659020E+000   6.614820E+000   3.871047E+000   2.743773E+000
   32501      29     1.940000     2.200000   1.524385E+001   4.248789E-001   2.513118E+000   7.539355E-001   1.481897E+001   1.759183E+000   1.305979E+001
   32501      30     2.200000     2.300000   5.897529E+000   1.626167E+000   5.724892E+000   1.717468E+000   4.271362E+000   4.007425E+000   2.639375E-001
   32501      31     2.300000     2.450000   6.412228E+000   1.915299E+000   6.401373E+000   1.920412E+000   4.496929E+000   4.480961E+000   1.596864E-002
   32501      32     2.450000     2.550000   2.808749E+000   5.379325E-001   2.328963E+000   6.986888E-001   2.270817E+000   1.630274E+000   6.405428E-001
   32501      33     2.550000     2.650000   2.466453E+000   1.422761E-001   9.284360E-001   2.785308E-001   2.324177E+000   6.499052E-001   1.674272E+000
   32501      34     2.650000     2.900000   5.107089E+000   1.328757E-005   2.094453E-004   6.283358E-005   5.107076E+000   1.466117E-004   5.106929E+000
   32501      35     2.900000     3.200000   4.829501E+000   3.487972E-001   2.406994E+000   7.220981E-001   4.480704E+000   1.684896E+000   2.795808E+000
   32501      36     3.200000     3.500000   4.479548E+000   1.292745E+000   4.419093E+000   1.325728E+000   3.186803E+000   3.093365E+000   9.343766E-002
   32501      37     3.500000     3.900000   5.317470E+000   7.518786E-001   3.366109E+000   1.009833E+000   4.565592E+000   2.356277E+000   2.209315E+000
   32501      38     3.900000     5.500000   8.889375E+000   5.707717E-002   4.479094E-001   1.343728E-001   8.832298E+000   3.135366E-001   8.518761E+000
   32501      39     5.500000     6.500000   2.171822E+000   6.420415E-001   2.161011E+000   6.483034E-001   1.529780E+000   1.512708E+000   1.707219E-002
   32501      40     6.500000     7.000000   6.459457E-001   4.837201E-002   3.779498E-001   1.133849E-001   5.975737E-001   2.645648E-001   3.330089E-001
   32501      41     7.000000     9.000000   1.525571E+000   2.943652E-002   2.543299E-001   7.629898E-002   1.496135E+000   1.780309E-001   1.318104E+000
   32501      42     9.000000    20.000000   1.633159E+000   1.687345E-002   1.758831E-001   5.276493E-002   1.616285E+000   1.231182E-001   1.493167E+000
   32601       1     0.200000     0.300000   5.582456E-006   3.540013E-006   2.917776E-006   8.753329E-007   2.042443E-006   2.042443E-006  -9.500342E-015
   32601       2     0.300000     0.345000   2.557270E-003   1.374824E-003   1.689209E-003   5.067628E-004   1.182447E-003   1.182447E-003  -8.478979E-013
   32601       3     0.345000     0.385000   2.512764E-003   1.152240E-003   1.943607E-003   5.830820E-004   1.360525E-003   1.360525E-003   3.397626E-012
   32601       4     0.385000     0.420000   1.293223E-002   5.311610E-003   1.088660E-002   3.265979E-003   7.620618E-003   7.620618E-003   1.924378E-012
   32601       5     0.420000     0.450000   2.349464E-002   8.965829E-003   2.075544E-002   6.226633E-003   1.452881E-002   1.452881E-002  -5.609719E-012
   32601       6     0.450000     0.500000   1.310848E-001   4.710132E-002   1.199763E-001   3.599290E-002   8.398344E-002   8.398344E-002   1.317599E-011
   32601       7     0.500000     0.550000   1.748537E-001   5.938044E-002   1.649618E-001   4.948854E-002   1.154733E-001   1.154733E-001   1.815492E-011
   32601       8     0.550000     0.610000   2.295775E-001   7.513671E-002   2.206297E-001   6.618892E-002   1.544408E-001   1.544408E-001   8.485818E-011
   32601       9     0.610000     0.690000   5.693172E-001   1.805662E-001   5.553585E-001   1.666076E-001   3.887510E-001   3.887510E-001   1.652567E-011
   32601      10     0.690000     0.780000   2.472789E+000   7.671523E-001   2.436624E+000   7.309872E-001   1.705637E+000   1.705637E+000   2.583000E-010
   32601      11     0.780000     0.800000   1.063069E+000   3.229140E-001   1.046055E+000   3.138165E-001   7.401554E-001   7.322385E-001   7.916956E-003
   32601      12     0.800000     0.870000   5.878988E+000   1.800832E+000   5.823920E+000   1.747176E+000   4.078157E+000   4.076744E+000   1.412495E-003
   32601      13     0.870000     0.880000   8.736691E-001   2.596418E-001   8.572760E-001   2.571828E-001   6.140273E-001   6.000932E-001   1.393409E-002
   32601      14     0.880000     1.030000   2.249240E+001   6.829693E+000   2.237431E+001   6.712293E+000   1.566271E+001   1.566202E+001   6.949328E-004
   32601      15     1.030000     1.080000   9.248799E+000   2.414903E+000   8.562221E+000   2.568666E+000   6.833896E+000   5.993555E+000   8.403414E-001
   32601      16     1.080000     1.140000   1.173685E+001   3.468877E+000   1.161286E+001   3.483859E+000   8.267973E+000   8.129005E+000   1.389678E-001
   32601      17     1.140000     1.200000   1.143670E+001   3.434916E+000   1.139396E+001   3.418189E+000   8.001780E+000   7.975774E+000   2.600619E-002
   32601      18     1.200000     1.240000   8.097833E+000   7.610351E-001   4.002952E+000   1.200886E+000   7.336798E+000   2.802066E+000   4.534731E+000
   32601      19     1.240000     1.280000   7.733813E+000   2.131621E+000   7.458193E+000   2.237458E+000   5.602192E+000   5.220735E+000   3.814573E-001
   32601      20     1.280000     1.340000   1.109154E+001   2.073484E+000   8.877231E+000   2.663169E+000   9.018059E+000   6.214062E+000   2.803997E+000
   32601      21     1.340000     1.420000   1.012492E+001   2.714186E+000   9.637673E+000   2.891302E+000   7.410735E+000   6.746371E+000   6.643637E-001
   32601      22     1.420000     1.460000   4.444646E+000   2.581024E-001   1.463573E+000   4.390718E-001   4.186543E+000   1.024501E+000   3.162042E+000
   32601      23     1.460000     1.490000   3.316959E+000   4.451264E-001   2.235227E+000   6.705681E-001   2.871832E+000   1.564659E+000   1.307174E+000
   32601      24     1.490000     1.520000   3.416012E+000   7.118322E-001   2.897960E+000   8.693880E-001   2.704179E+000   2.028572E+000   6.756074E-001
   32601      25     1.520000     1.680000   2.089115E+001   1.296307E+000   7.532667E+000   2.259800E+000   1.959484E+001   5.272867E+000   1.432197E+001
   32601      26     1.680000     1.740000   7.400301E+000   1.963463E+000   7.080187E+000   2.124056E+000   5.436838E+000   4.956131E+000   4.807075E-001
   32601      27     1.740000     1.820000   6.859941E+000   1.894716E+000   6.656274E+000   1.996882E+000   4.965225E+000   4.659392E+000   3.058333E-001
   32601      28     1.820000     1.940000   7.844991E+000   1.231941E+000   5.534801E+000   1.660440E+000   6.613050E+000   3.874360E+000   2.738689E+000
   32601      29     1.940000     2.200000   1.524385E+001   4.259678E-001   2.517004E+000   7.551013E-001   1.481788E+001   1.761903E+000   1.305598E+001
   32601      30     2.200000     2.300000   5.897529E+000   1.626362E+000   5.725132E+000   1.717540E+000   4.271166E+000   4.007593E+000   2.635738E-001
   32601      31     2.300000     2.450000   6.412228E+000   1.915310E+000   6.401385E+000   1.920416E+000   4.496918E+000   4.480970E+000   1.594824E-002
   32601      32     2.450000     2.550000   2.808749E+000   5.387766E-001   2.330655E+000   6.991966E-001   2.269973E+000   1.631459E+000   6.385139E-001
   32601      33     2.550000     2.650000   2.466453E+000   1.424920E-001   9.294628E-001   2.788388E-001   2.323961E+000   6.506240E-001   1.673337E+000
   32601      34     2.650000     2.900000   5.107089E+000   1.331137E-005   2.213072E-004   6.639215E-005   5.107076E+000   1.549150E-004   5.106921E+000
   32601      35     2.900000     3.200000   4.829501E+000   3.500317E-001   2.411295E+000   7.233885E-001   4.479469E+000   1.687907E+000   2.791563E+000
   32601      36     3.200000     3.500000   4.479548E+000   1.292984E+000   4.419391E+000   1.325817E+000   3.186564E+000   3.093573E+000   9.299081E-002
   32601      37     3.500000     3.900000   5.317470E+000   7.520566E-001   3.366261E+000   1.009878E+000   4.565414E+000   2.356382E+000   2.209031E+000
   32601      38     3.900000     5.500000   8.889375E+000   5.733136E-002   4.492058E-001   1.347617E-001   8.832044E+000   3.144440E-001   8.517600E+000
   32601      39     5.500000     6.500000   2.171822E+000   6.420883E-001   2.161064E+000   6.483193E-001   1.529733E+000   1.512745E+000   1.698824E-002
   32601      40     6.500000     7.000000   6.459457E-001   4.830926E-002   3.777085E-001   1.133126E-001   5.976365E-001   2.643960E-001   3.332405E-001
   32601      41     7.000000     9.000000   1.525571E+000   2.952365E-002   2.543951E-001   7.631853E-002   1.496047E+000   1.780766E-001   1.317971E+000
   32601      42     9.000000    20.000000   1.633159E+000   1.714023E-002   1.774982E-001   5.324945E-002   1.616019E+000   1.242487E-001   1.491770E+000
   32701       1     0.200000     0.300000   5.582456E-006   3.540013E-006   2.917776E-006   8.753329E-007   2.042443E-006   2.042443E-006  -9.500342E-015
   32701       2     0.300000     0.345000   2.557270E-003   1.374824E-003   1.689209E-003   5.067628E-004   1.182447E-003   1.182447E-003  -8.478979E-013
   32701       3     0.345000     0.385000   2.512764E-003   1.152240E-003   1.943607E-003   5.830820E-004   1.360525E-003   1.360525E-003   3.397626E-012
   32701       4     0.385000     0.420000   1.293223E-002   5.311610E-003   1.088660E-002   3.265979E-003   7.620618E-003   7.620618E-003   1.547022E-012
   32701       5     0.420000     0.450000   2.349464E-002   8.965829E-003   2.075544E-002   6.226633E-003   1.452881E-002   1.452881E-002  -7.306919E-012
   32701       6     0.450000     0.500000   1.310848E-001   4.710132E-002   1.199763E-001   3.599290E-002   8.398344E-002   8.398344E-002  -2.173844E-012
   32701       7     0.500000     0.550000   1.748537E-001   5.938044E-002   1.649618E-001   4.948854E-002   1.154733E-001   1.154733E-001   2.628917E-011
   32701       8     0.550000     0.610000   2.295775E-001   7.513671E-002   2.206297E-001   6.618892E-002   1.544408E-001   1.544408E-001   4.005041E-011
   32701       9     0.610000     0.690000   5.693172E-001   1.805662E-001   5.553585E-001   1.666076E-001   3.887510E-001   3.887510E-001   2.595579E-011
   32701      10     0.690000     0.780000   2.472789E+000   7.671523E-001   2.436624E+000   7.309872E-001   1.705637E+000   1.705637E+000   2.486489E-010
   32701      11     0.780000     0.800000   1.063069E+000   3.229142E-001   1.046055E+000   3.138166E-001   7.401552E-001   7.322387E-001   7.916521E-003
   32701      12     0.800000     0.870000   5.878988E+000   1.800831E+000   5.823920E+000   1.747176E+000   4.078157E+000   4.076744E+000   1.413031E-003
   32701      13     0.870000     0.880000   8.736691E-001   2.596470E-001   8.572819E-001   2.571846E-001   6.140221E-001   6.000973E-001   1.392476E-002
   32701      14     0.880000     1.030000   2.249240E+001   6.829693E+000   2.237431E+001   6.712293E+000   1.566271E+001   1.566202E+001   6.941376E-004
   32701      15     1.030000     1.080000   9.248799E+000   2.415014E+000   8.562308E+000   2.568693E+000   6.833785E+000   5.993616E+000   8.401693E-001
   32701      16     1.080000     1.140000   1.173685E+001   3.468888E+000   1.161288E+001   3.483863E+000   8.267962E+000   8.129013E+000   1.389498E-001
   32701      17     1.140000     1.200000   1.143670E+001   3.434918E+000   1.139397E+001   3.418190E+000   8.001778E+000   7.975776E+000   2.600272E-002
   32701      18     1.200000     1.240000   8.097833E+000   7.620501E-001   4.005620E+000   1.201686E+000   7.335783E+000   2.803934E+000   4.531848E+000
   32701      19     1.240000     1.280000   7.733813E+000   2.131832E+000   7.458465E+000   2.237540E+000   5.601982E+000   5.220926E+000   3.810558E-001
   32701      20     1.280000     1.340000   1.109154E+001   2.074014E+000   8.877928E+000   2.663378E+000   9.017529E+000   6.214550E+000   2.802979E+000
   32701      21     1.340000     1.420000   1.012492E+001   2.714497E+000   9.638065E+000   2.891419E+000   7.410424E+000   6.746645E+000   6.637790E-001
   32701      22     1.420000     1.460000   4.444646E+000   2.585599E-001   1.465640E+000   4.396920E-001   4.186086E+000   1.025948E+000   3.160138E+000
   32701      23     1.460000     1.490000   3.316959E+000   4.456916E-001   2.236189E+000   6.708567E-001   2.871267E+000   1.565332E+000   1.305935E+000
   32701      24     1.490000     1.520000   3.416012E+000   7.122472E-001   2.898578E+000   8.695734E-001   2.703764E+000   2.029005E+000   6.747597E-001
   32701      25     1.520000     1.680000   2.089115E+001   1.298985E+000   7.542018E+000   2.262605E+000   1.959216E+001   5.279412E+000   1.431275E+001
   32701      26     1.680000     1.740000   7.400301E+000   1.963746E+000   7.080535E+000   2.124161E+000   5.436556E+000   4.956375E+000   4.801810E-001
   32701      27     1.740000     1.820000   6.859941E+000   1.896176E+000   6.658201E+000   1.997460E+000   4.963766E+000   4.660741E+000   3.030248E-001
   32701      28     1.820000     1.940000   7.844991E+000   1.233599E+000   5.539228E+000   1.661768E+000   6.611392E+000   3.877460E+000   2.733932E+000
   32701      29     1.940000     2.200000   1.524385E+001   4.269876E-001   2.520638E+000   7.561913E-001   1.481686E+001   1.764446E+000   1.305242E+001
   32701      30     2.200000     2.300000   5.897529E+000   1.626544E+000   5.725355E+000   1.717607E+000   4.270984E+000   4.007749E+000   2.632354E-001
   32701      31     2.300000     2.450000   6.412228E+000   1.915321E+000   6.401397E+000   1.920419E+000   4.496907E+000   4.480978E+000   1.592929E-002
   32701      32     2.450000     2.550000   2.808749E+000   5.395624E-001   2.332231E+000   6.996692E-001   2.269187E+000   1.632561E+000   6.366253E-001
   32701      33     2.550000     2.650000   2.466453E+000   1.426876E-001   9.304087E-001   2.791226E-001   2.323766E+000   6.512861E-001   1.672480E+000
   32701      34     2.650000     2.900000   5.107089E+000   1.333340E-005   2.329223E-004   6.987670E-005   5.107076E+000   1.630456E-004   5.106913E+000
   32701      35     2.900000     3.200000   4.829501E+000   3.511878E-001   2.415317E+000   7.245952E-001   4.478313E+000   1.690722E+000   2.787591E+000
   32701      36     3.200000     3.500000   4.479548E+000   1.293205E+000   4.419666E+000   1.325900E+000   3.186343E+000   3.093766E+000   9.257651E-002
   32701      37     3.500000     3.900000   5.317470E+000   7.522221E-001   3.366398E+000   1.009919E+000   4.565248E+000   2.356479E+000   2.208770E+000
   32701      38     3.900000     5.500000   8.889375E+000   5.757016E-002   4.504309E-001   1.351293E-001   8.831805E+000   3.153016E-001   8.516503E+000
   32701      39     5.500000     6.500000   2.171822E+000   6.421312E-001   2.161113E+000   6.483339E-001   1.529690E+000   1.512779E+000   1.691121E-002
   32701      40     6.500000     7.000000   6.459457E-001   4.824931E-002   3.774782E-001   1.132434E-001   5.976964E-001   2.642347E-001   3.334617E-001
   32701      41     7.000000     9.000000   1.525571E+000   2.960536E-002   2.544593E-001   7.633780E-002   1.495966E+000   1.781215E-001   1.317844E+000
   32701      42     9.000000    20.000000   1.633159E+000   1.739154E-002   1.789996E-001   5.369988E-002   1.615767E+000   1.252997E-001   1.490468E+000
   32801       1     0.200000     0.300000   5.582456E-006   3.540013E-006   2.917776E-006   8.753329E-007   2.042443E-006   2.042443E-006  -9.500342E-015
   32801       2     0.300000     0.345000   2.557270E-003   1.374824E-003   1.689209E-003   5.067628E-004   1.182447E-003   1.182447E-003  -8.478979E-013
   32801       3     0.345000     0.385000   2.512764E-003   1.152240E-003   1.943607E-003   5.830820E-004   1.360525E-003   1.360525E-003   3.397626E-012
   32801       4     0.385000     0.420000   1.293223E-002   5.311610E-003   1.088660E-002   3.265979E-003   7.620618E-003   7.620618E-003   2.474263E-012
   32801       5     0.420000     0.450000   2.349464E-002   8.965829E-003   2.075544E-002   6.226633E-003   1.452881E-002   1.452881E-002  -1.108992E-011
   32801       6     0.450000     0.500000   1.310848E-001   4.710132E-002   1.199763E-001   3.599290E-002   8.398344E-002   8.398344E-002  -1.359529E-011
   32801       7     0.500000     0.550000   1.748537E-001   5.938044E-002   1.649618E-001   4.948854E-002   1.154733E-001   1.154733E-001   1.897177E-011
   32801       8     0.550000     0.610000   2.295775E-001   7.513671E-002   2.206297E-001   6.618892E-002   1.544408E-001   1.544408E-001   7.494200E-012
   32801       9     0.610000     0.690000   5.693172E-001   1.805662E-001   5.553585E-001   1.666076E-001   3.887510E-001   3.887510E-001   6.222911E-011
   32801      10     0.690000     0.780000   2.472789E+000   7.671523E-001   2.436624E+000   7.309872E-001   1.705637E+000   1.705637E+000   1.138294E-010
   32801      11     0.780000     0.800000   1.063069E+000   3.229145E-001   1.046055E+000   3.138166E-001   7.401549E-001   7.322388E-001   7.916116E-003
   32801      12     0.800000     0.870000   5.878988E+000   1.800831E+000   5.823920E+000   1.747176E+000   4.078157E+000   4.076744E+000   1.413533E-003
   32801      13     0.870000     0.880000   8.736691E-001   2.596519E-001   8.572874E-001   2.571862E-001   6.140172E-001   6.001012E-001   1.391601E-002
   32801      14     0.880000     1.030000   2.249240E+001   6.829693E+000   2.237431E+001   6.712293E+000   1.566271E+001   1.566202E+001   6.933916E-004
   32801      15     1.030000     1.080000   9.248799E+000   2.415118E+000   8.562390E+000   2.568717E+000   6.833681E+000   5.993673E+000   8.400080E-001
   32801      16     1.080000     1.140000   1.173685E+001   3.468897E+000   1.161289E+001   3.483866E+000   8.267953E+000   8.129020E+000   1.389331E-001
   32801      17     1.140000     1.200000   1.143670E+001   3.434920E+000   1.139397E+001   3.418190E+000   8.001777E+000   7.975777E+000   2.599951E-002
   32801      18     1.200000     1.240000   8.097833E+000   7.630076E-001   4.008134E+000   1.202440E+000   7.334825E+000   2.805694E+000   4.529131E+000
   32801      19     1.240000     1.280000   7.733813E+000   2.132030E+000   7.458721E+000   2.237616E+000   5.601784E+000   5.221104E+000   3.806793E-001
   32801      20     1.280000     1.340000   1.109154E+001   2.074513E+000   8.878582E+000   2.663575E+000   9.017030E+000   6.215008E+000   2.802022E+000
   32801      21     1.340000     1.420000   1.012492E+001   2.714788E+000   9.638432E+000   2.891530E+000   7.410133E+000   6.746903E+000   6.632299E-001
   32801      22     1.420000     1.460000   4.444646E+000   2.589941E-001   1.467599E+000   4.402796E-001   4.185652E+000   1.027319E+000   3.158333E+000
   32801      23     1.460000     1.490000   3.316959E+000   4.462239E-001   2.237094E+000   6.711281E-001   2.870735E+000   1.565966E+000   1.304770E+000
   32801      24     1.490000     1.520000   3.416012E+000   7.126373E-001   2.899158E+000   8.697475E-001   2.703374E+000   2.029411E+000   6.739633E-001
   32801      25     1.520000     1.680000   2.089115E+001   1.301514E+000   7.550836E+000   2.265251E+000   1.958963E+001   5.285585E+000   1.430405E+001
   32801      26     1.680000     1.740000   7.400301E+000   1.964011E+000   7.080862E+000   2.124258E+000   5.436290E+000   4.956603E+000   4.796872E-001
   32801      27     1.740000     1.820000   6.859941E+000   1.897552E+000   6.660016E+000   1.998005E+000   4.962389E+000   4.662011E+000   3.003784E-001
   32801      28     1.820000     1.940000   7.844991E+000   1.235169E+000   5.543408E+000   1.663022E+000   6.609822E+000   3.880385E+000   2.729437E+000
   32801      29     1.940000     2.200000   1.524385E+001   4.279503E-001   2.524063E+000   7.572188E-001   1.481590E+001   1.766844E+000   1.304906E+001
   32801      30     2.200000     2.300000   5.897529E+000   1.626715E+000   5.725565E+000   1.717669E+000   4.270813E+000   4.007895E+000   2.629180E-001
   32801      31     2.300000     2.450000   6.412228E+000   1.915331E+000   6.401408E+000   1.920423E+000   4.496897E+000   4.480986E+000   1.591152E-002
   32801      32     2.450000     2.550000   2.808749E+000   5.403038E-001   2.333716E+000   7.001147E-001   2.268445E+000   1.633601E+000   6.348445E-001
   32801      33     2.550000     2.650000   2.466453E+000   1.428711E-001   9.313014E-001   2.793904E-001   2.323582E+000   6.519109E-001   1.671671E+000
   32801      34     2.650000     2.900000   5.107089E+000   1.335389E-005   2.444117E-004   7.332352E-005   5.107076E+000   1.710882E-004   5.106905E+000
   32801      35     2.900000     3.200000   4.829501E+000   3.522811E-001   2.419114E+000   7.257343E-001   4.477220E+000   1.693380E+000   2.783840E+000
   32801      36     3.200000     3.500000   4.479548E+000   1.293413E+000   4.419925E+000   1.325977E+000   3.186135E+000   3.093947E+000   9.218725E-002
   32801      37     3.500000     3.900000   5.317470E+000   7.523776E-001   3.366526E+000   1.009958E+000   4.565093E+000   2.356568E+000   2.208524E+000
   32801      38     3.900000     5.500000   8.889375E+000   5.779645E-002   4.515898E-001   1.354769E-001   8.831579E+000   3.161128E-001   8.515466E+000
   32801      39     5.500000     6.500000   2.171822E+000   6.421715E-001   2.161159E+000   6.483476E-001   1.529650E+000   1.512811E+000   1.683894E-002
   32801      40     6.500000     7.000000   6.459457E-001   4.819250E-002   3.772597E-001   1.131779E-001   5.977532E-001   2.640818E-001   3.336714E-001
   32801      41     7.000000     9.000000   1.525571E+000   2.968222E-002   2.545213E-001   7.635639E-002   1.495889E+000   1.781649E-001   1.317724E+000
   32801      42     9.000000    20.000000   1.633159E+000   1.763388E-002   1.804295E-001   5.412885E-002   1.615525E+000   1.263007E-001   1.489224E+000
   32901       1     0.200000     0.300000   5.582456E-006   3.540013E-006   2.917776E-006   8.753329E-007   2.042443E-006   2.042443E-006  -9.500342E-015
   32901       2     0.300000     0.345000   2.557270E-003   1.374824E-003   1.689209E-003   5.067628E-004   1.182447E-003   1.182447E-003  -8.478979E-013
   32901       3     0.345000     0.385000   2.512764E-003   1.152240E-003   1.943607E-003   5.830820E-004   1.360525E-003   1.360525E-003   3.397626E-012
   32901       4     0.385000     0.420000   1.293223E-002   5.311610E-003   1.088660E-002   3.265979E-003   7.620618E-003   7.620618E-003   1.243762E-012
   32901       5     0.420000     0.450000   2.349464E-002   8.965829E-003   2.075544E-002   6.226633E-003   1.452881E-002   1.452881E-002  -7.881307E-012
   32901       6     0.450000     0.500000   1.310848E-001   4.710132E-002   1.199763E-001   3.599290E-002   8.398344E-002   8.398344E-002  -1.330124E-011
   32901       7     0.500000     0.550000   1.748537E-001   5.938044E-002   1.649618E-001   4.948854E-002   1.154733E-001   1.154733E-001   3.244932E-011
   32901       8     0.550000     0.610000   2.295775E-001   7.513671E-002   2.206297E-001   6.618892E-002   1.544408E-001   1.544408E-001   7.617068E-011
   32901       9     0.610000     0.690000   5.693172E-001   1.805662E-001   5.553585E-001   1.666076E-001   3.887510E-001   3.887510E-001  -1.862566E-012
   32901      10     0.690000     0.780000   2.472789E+000   7.671523E-001   2.436624E+000   7.309872E-001   1.705637E+000   1.705637E+000   1.255351E-010
   32901      11     0.780000     0.800000   1.063069E+000   3.229147E-001   1.046056E+000   3.138167E-001   7.401547E-001   7.322390E-001   7.915735E-003
   32901      12     0.800000     0.870000   5.878988E+000   1.800831E+000   5.823919E+000   1.747176E+000   4.078158E+000   4.076744E+000   1.414004E-003
   32901      13     0.870000     0.880000   8.736691E-001   2.596565E-001   8.572926E-001   2.571878E-001   6.140126E-001   6.001048E-001   1.390778E-002
   32901      14     0.880000     1.030000   2.249240E+001   6.829694E+000   2.237431E+001   6.712294E+000   1.566271E+001   1.566202E+001   6.926905E-004
   32901      15     1.030000     1.080000   9.248799E+000   2.415215E+000   8.562466E+000   2.568740E+000   6.833583E+000   5.993727E+000   8.398569E-001
   32901      16     1.080000     1.140000   1.173685E+001   3.468906E+000   1.161289E+001   3.483868E+000   8.267944E+000   8.129026E+000   1.389176E-001
   32901      17     1.140000     1.200000   1.143670E+001   3.434922E+000   1.139397E+001   3.418191E+000   8.001775E+000   7.975778E+000   2.599655E-002
   32901      18     1.200000     1.240000   8.097833E+000   7.639122E-001   4.010507E+000   1.203152E+000   7.333920E+000   2.807355E+000   4.526566E+000
   32901      19     1.240000     1.280000   7.733813E+000   2.132216E+000   7.458960E+000   2.237688E+000   5.601598E+000   5.221272E+000   3.803254E-001
   32901      20     1.280000     1.340000   1.109154E+001   2.074983E+000   8.879197E+000   2.663759E+000   9.016560E+000   6.215438E+000   2.801122E+000
   32901      21     1.340000     1.420000   1.012492E+001   2.715063E+000   9.638778E+000   2.891633E+000   7.409858E+000   6.747145E+000   6.627136E-001
   32901      22     1.420000     1.460000   4.444646E+000   2.594068E-001   1.469458E+000   4.408373E-001   4.185239E+000   1.028620E+000   3.156618E+000
   32901      23     1.460000     1.490000   3.316959E+000   4.467262E-001   2.237946E+000   6.713839E-001   2.870233E+000   1.566562E+000   1.303670E+000
   32901      24     1.490000     1.520000   3.416012E+000   7.130046E-001   2.899705E+000   8.699114E-001   2.703007E+000   2.029793E+000   6.732137E-001
   32901      25     1.520000     1.680000   2.089115E+001   1.303906E+000   7.559168E+000   2.267750E+000   1.958724E+001   5.291418E+000   1.429582E+001
   32901      26     1.680000     1.740000   7.400301E+000   1.964260E+000   7.081168E+000   2.124351E+000   5.436041E+000   4.956818E+000   4.792233E-001
   32901      27     1.740000     1.820000   6.859941E+000   1.898853E+000   6.661727E+000   1.998518E+000   4.961088E+000   4.663209E+000   2.978793E-001
   32901      28     1.820000     1.940000   7.844991E+000   1.236658E+000   5.547361E+000   1.664208E+000   6.608334E+000   3.883153E+000   2.725181E+000
   32901      29     1.940000     2.200000   1.524385E+001   4.288607E-001   2.527297E+000   7.581890E-001   1.481499E+001   1.769108E+000   1.304588E+001
   32901      30     2.200000     2.300000   5.897529E+000   1.626876E+000   5.725762E+000   1.717728E+000   4.270653E+000   4.008033E+000   2.626196E-001
   32901      31     2.300000     2.450000   6.412228E+000   1.915340E+000   6.401419E+000   1.920426E+000   4.496888E+000   4.480993E+000   1.589480E-002
   32901      32     2.450000     2.550000   2.808749E+000   5.410046E-001   2.335118E+000   7.005353E-001   2.267745E+000   1.634582E+000   6.331622E-001
   32901      33     2.550000     2.650000   2.466453E+000   1.430441E-001   9.321464E-001   2.796439E-001   2.323409E+000   6.525025E-001   1.670907E+000
   32901      34     2.650000     2.900000   5.107089E+000   1.337295E-005   2.557729E-004   7.673186E-005   5.107076E+000   1.790410E-004   5.106897E+000
   32901      35     2.900000     3.200000   4.829501E+000   3.533167E-001   2.422705E+000   7.268115E-001   4.476184E+000   1.695893E+000   2.780291E+000
   32901      36     3.200000     3.500000   4.479548E+000   1.293609E+000   4.420168E+000   1.326050E+000   3.185939E+000   3.094118E+000   9.182082E-002
   32901      37     3.500000     3.900000   5.317470E+000   7.525238E-001   3.366646E+000   1.009994E+000   4.564947E+000   2.356653E+000   2.208294E+000
   32901      38     3.900000     5.500000   8.889375E+000   5.801130E-002   4.526877E-001   1.358063E-001   8.831364E+000   3.168814E-001   8.514483E+000
   32901      39     5.500000     6.500000   2.171822E+000   6.422096E-001   2.161202E+000   6.483606E-001   1.529612E+000   1.512841E+000   1.677066E-002
   32901      40     6.500000     7.000000   6.459457E-001   4.813938E-002   3.770551E-001   1.131165E-001   5.978063E-001   2.639386E-001   3.338678E-001
   32901      41     7.000000     9.000000   1.525571E+000   2.975469E-002   2.545795E-001   7.637386E-002   1.495816E+000   1.782057E-001   1.317611E+000
   32901      42     9.000000    20.000000   1.633159E+000   1.786841E-002   1.817969E-001   5.453907E-002   1.615290E+000   1.272578E-001   1.488033E+000
   33001       1     0.200000     0.300000   5.582456E-006   3.540013E-006   2.917776E-006   8.753329E-007   2.042443E-006   2.042443E-006  -9.500342E-015
   33001       2     0.300000     0.345000   2.557270E-003   1.374824E-003   1.689209E-003   5.067628E-004   1.182447E-003   1.182447E-003  -8.478979E-013
   33001       3     0.345000     0.385000   2.512764E-003   1.152240E-003   1.943607E-003   5.830820E-004   1.360525E-003   1.360525E-003   3.397626E-012
   33001       4     0.385000     0.420000   1.293223E-002   5.311610E-003   1.088660E-002   3.265979E-003   7.620618E-003   7.620618E-003  -1.437196E-012
   33001       5     0.420000     0.450000   2.349464E-002   8.965829E-003   2.075544E-002   6.226633E-003   1.452881E-002   1.452881E-002  -5.376177E-012
   33001       6     0.450000     0.500000   1.310848E-001   4.710132E-002   1.199763E-001   3.599290E-002   8.398344E-002   8.398344E-002  -7.986820E-012
   33001       7     0.500000     0.550000   1.748537E-001   5.938044E-002   1.649618E-001   4.948854E-002   1.154733E-001   1.154733E-001   5.688257E-011
   33001       8     0.550000     0.610000   2.295775E-001   7.513671E-002   2.206297E-001   6.618892E-002   1.544408E-001   1.544408E-001   7.351039E-011
   33001       9     0.610000     0.690000   5.693172E-001   1.805662E-001   5.553585E-001   1.666076E-001   3.887510E-001   3.887510E-001   6.023071E-012
   33001      10     0.690000     0.780000   2.472789E+000   7.671523E-001   2.436624E+000   7.309872E-001   1.705637E+000   1.705637E+000   2.719696E-010
   33001      11     0.780000     0.800000   1.063069E+000   3.229149E-001   1.046056E+000   3.138168E-001   7.401545E-001   7.322391E-001   7.915381E-003
   33001      12     0.800000     0.870000   5.878988E+000   1.800830E+000   5.823919E+000   1.747176E+000   4.078158E+000   4.076743E+000   1.414450E-003
   33001      13     0.870000     0.880000   8.736691E-001   2.596608E-001   8.572975E-001   2.571892E-001   6.140083E-001   6.001082E-001   1.390006E-002
   33001      14     0.880000     1.030000   2.249240E+001   6.829694E+000   2.237431E+001   6.712294E+000   1.566271E+001   1.566202E+001   6.920391E-004
   33001      15     1.030000     1.080000   9.248799E+000   2.415307E+000   8.562537E+000   2.568761E+000   6.833492E+000   5.993776E+000   8.397165E-001
   33001      16     1.080000     1.140000   1.173685E+001   3.468914E+000   1.161290E+001   3.483871E+000   8.267936E+000   8.129033E+000   1.389035E-001
   33001      17     1.140000     1.200000   1.143670E+001   3.434923E+000   1.139397E+001   3.418191E+000   8.001774E+000   7.975780E+000   2.599395E-002
   33001      18     1.200000     1.240000   8.097833E+000   7.647663E-001   4.012747E+000   1.203824E+000   7.333066E+000   2.808923E+000   4.524144E+000
   33001      19     1.240000     1.280000   7.733813E+000   2.132389E+000   7.459184E+000   2.237755E+000   5.601424E+000   5.221429E+000   3.799955E-001
   33001      20     1.280000     1.340000   1.109154E+001   2.075425E+000   8.879774E+000   2.663932E+000   9.016118E+000   6.215842E+000   2.800277E+000
   33001      21     1.340000     1.420000   1.012492E+001   2.715320E+000   9.639102E+000   2.891731E+000   7.409601E+000   6.747372E+000   6.622294E-001
   33001      22     1.420000     1.460000   4.444646E+000   2.597975E-001   1.471211E+000   4.413633E-001   4.184848E+000   1.029848E+000   3.155001E+000
   33001      23     1.460000     1.490000   3.316959E+000   4.471961E-001   2.238743E+000   6.716228E-001   2.869763E+000   1.567120E+000   1.302643E+000
   33001      24     1.490000     1.520000   3.416012E+000   7.133483E-001   2.900215E+000   8.700646E-001   2.702663E+000   2.030151E+000   6.725125E-001
   33001      25     1.520000     1.680000   2.089115E+001   1.306162E+000   7.567026E+000   2.270108E+000   1.958499E+001   5.296918E+000   1.428807E+001
   33001      26     1.680000     1.740000   7.400301E+000   1.964492E+000   7.081454E+000   2.124436E+000   5.435809E+000   4.957018E+000   4.787912E-001
   33001      27     1.740000     1.820000   6.859941E+000   1.900067E+000   6.663321E+000   1.998996E+000   4.959875E+000   4.664325E+000   2.955498E-001
   33001      28     1.820000     1.940000   7.844991E+000   1.238060E+000   5.551079E+000   1.665324E+000   6.606931E+000   3.885755E+000   2.721176E+000
   33001      29     1.940000     2.200000   1.524385E+001   4.297178E-001   2.530336E+000   7.591009E-001   1.481413E+001   1.771235E+000   1.304290E+001
   33001      30     2.200000     2.300000   5.897529E+000   1.627026E+000   5.725946E+000   1.717784E+000   4.270502E+000   4.008162E+000   2.623403E-001
   33001      31     2.300000     2.450000   6.412228E+000   1.915349E+000   6.401429E+000   1.920429E+000   4.496879E+000   4.481000E+000   1.587919E-002
   33001      32     2.450000     2.550000   2.808749E+000   5.416610E-001   2.336431E+000   7.009292E-001   2.267088E+000   1.635501E+000   6.315867E-001
   33001      33     2.550000     2.650000   2.466453E+000   1.432026E-001   9.329320E-001   2.798796E-001   2.323251E+000   6.530524E-001   1.670198E+000
   33001      34     2.650000     2.900000   5.107089E+000   1.339064E-005   2.668772E-004   8.006316E-005   5.107076E+000   1.868141E-004   5.106889E+000
   33001      35     2.900000     3.200000   4.829501E+000   3.542917E-001   2.426081E+000   7.278244E-001   4.475209E+000   1.698257E+000   2.776952E+000
   33001      36     3.200000     3.500000   4.479548E+000   1.293792E+000   4.420395E+000   1.326119E+000   3.185756E+000   3.094277E+000   9.147888E-002
   33001      37     3.500000     3.900000   5.317470E+000   7.526607E-001   3.366756E+000   1.010027E+000   4.564810E+000   2.356729E+000   2.208081E+000
   33001      38     3.900000     5.500000   8.889375E+000   5.821427E-002   4.537297E-001   1.361189E-001   8.831161E+000   3.176108E-001   8.513550E+000
   33001      39     5.500000     6.500000   2.171822E+000   6.422449E-001   2.161242E+000   6.483726E-001   1.529577E+000   1.512869E+000   1.670718E-002
   33001      40     6.500000     7.000000   6.459457E-001   4.808914E-002   3.768612E-001   1.130584E-001   5.978566E-001   2.638029E-001   3.340537E-001
   33001      41     7.000000     9.000000   1.525571E+000   2.982316E-002   2.546359E-001   7.639076E-002   1.495748E+000   1.782451E-001   1.317503E+000
   33001      42     9.000000    20.000000   1.633159E+000   1.809106E-002   1.830805E-001   5.492416E-002   1.615068E+000   1.281564E-001   1.486911E+000
   33101       1     0.200000     0.300000   5.582456E-006   3.540013E-006   2.917776E-006   8.753329E-007   2.042443E-006   2.042443E-006  -9.500342E-015
   33101       2     0.300000     0.345000   2.557270E-003   1.374824E-003   1.689209E-003   5.067628E-004   1.182447E-003   1.182447E-003  -8.478979E-013
   33101       3     0.345000     0.385000   2.512764E-003   1.152240E-003   1.943607E-003   5.830820E-004   1.360525E-003   1.360525E-003   3.397626E-012
   33101       4     0.385000     0.420000   1.293223E-002   5.311610E-003   1.088660E-002   3.265979E-003   7.620618E-003   7.620618E-003  -7.867214E-013
   33101       5     0.420000     0.450000   2.349464E-002   8.965829E-003   2.075544E-002   6.226633E-003   1.452881E-002   1.452881E-002   5.094501E-013
   33101       6     0.450000     0.500000   1.310848E-001   4.710132E-002   1.199763E-001   3.599290E-002   8.398344E-002   8.398344E-002  -4.325942E-012
   33101       7     0.500000     0.550000   1.748537E-001   5.938044E-002   1.649618E-001   4.948854E-002   1.154733E-001   1.154733E-001   8.308586E-011
   33101       8     0.550000     0.610000   2.295775E-001   7.513671E-002   2.206297E-001   6.618892E-002   1.544408E-001   1.544408E-001   8.923864E-011
   33101       9     0.610000     0.690000   5.693172E-001   1.805662E-001   5.553585E-001   1.666076E-001   3.887510E-001   3.887510E-001   3.602463E-011
   33101      10     0.690000     0.780000   2.472789E+000   7.671523E-001   2.436624E+000   7.309872E-001   1.705637E+000   1.705637E+000   1.514855E-010
   33101      11     0.780000     0.800000   1.063069E+000   3.229151E-001   1.046056E+000   3.138168E-001   7.401543E-001   7.322393E-001   7.915049E-003
   33101      12     0.800000     0.870000   5.878988E+000   1.800830E+000   5.823919E+000   1.747176E+000   4.078158E+000   4.076743E+000   1.414869E-003
   33101      13     0.870000     0.880000   8.736691E-001   2.596648E-001   8.573021E-001   2.571906E-001   6.140042E-001   6.001114E-001   1.389278E-002
   33101      14     0.880000     1.030000   2.249240E+001   6.829695E+000   2.237431E+001   6.712294E+000   1.566271E+001   1.566202E+001   6.914270E-004
   33101      15     1.030000     1.080000   9.248799E+000   2.415392E+000   8.562603E+000   2.568781E+000   6.833406E+000   5.993822E+000   8.395846E-001
   33101      16     1.080000     1.140000   1.173685E+001   3.468921E+000   1.161291E+001   3.483874E+000   8.267929E+000   8.129038E+000   1.388903E-001
   33101      17     1.140000     1.200000   1.143670E+001   3.434925E+000   1.139397E+001   3.418192E+000   8.001772E+000   7.975781E+000   2.599157E-002
   33101      18     1.200000     1.240000   8.097833E+000   7.655754E-001   4.014866E+000   1.204460E+000   7.332257E+000   2.810406E+000   4.521851E+000
   33101      19     1.240000     1.280000   7.733813E+000   2.132552E+000   7.459394E+000   2.237818E+000   5.601261E+000   5.221576E+000   3.796852E-001
   33101      20     1.280000     1.340000   1.109154E+001   2.075842E+000   8.880317E+000   2.664095E+000   9.015701E+000   6.216222E+000   2.799479E+000
   33101      21     1.340000     1.420000   1.012492E+001   2.715563E+000   9.639408E+000   2.891822E+000   7.409358E+000   6.747585E+000   6.617729E-001
   33101      22     1.420000     1.460000   4.444646E+000   2.601689E-001   1.472875E+000   4.418624E-001   4.184477E+000   1.031012E+000   3.153464E+000
   33101      23     1.460000     1.490000   3.316959E+000   4.476392E-001   2.239493E+000   6.718478E-001   2.869320E+000   1.567645E+000   1.301675E+000
   33101      24     1.490000     1.520000   3.416012E+000   7.136722E-001   2.900697E+000   8.702090E-001   2.702339E+000   2.030488E+000   6.718518E-001
   33101      25     1.520000     1.680000   2.089115E+001   1.308299E+000   7.574467E+000   2.272340E+000   1.958285E+001   5.302127E+000   1.428072E+001
   33101      26     1.680000     1.740000   7.400301E+000   1.964711E+000   7.081723E+000   2.124517E+000   5.435591E+000   4.957206E+000   4.783851E-001
   33101      27     1.740000     1.820000   6.859941E+000   1.901211E+000   6.664823E+000   1.999447E+000   4.958730E+000   4.665376E+000   2.933543E-001
   33101      28     1.820000     1.940000   7.844991E+000   1.239389E+000   5.554598E+000   1.666379E+000   6.605602E+000   3.888219E+000   2.717383E+000
   33101      29     1.940000     2.200000   1.524385E+001   4.305293E-001   2.533210E+000   7.599631E-001   1.481332E+001   1.773247E+000   1.304007E+001
   33101      30     2.200000     2.300000   5.897529E+000   1.627168E+000   5.726119E+000   1.717836E+000   4.270361E+000   4.008283E+000   2.620773E-001
   33101      31     2.300000     2.450000   6.412228E+000   1.915357E+000   6.401438E+000   1.920431E+000   4.496871E+000   4.481006E+000   1.586449E-002
   33101      32     2.450000     2.550000   2.808749E+000   5.422813E-001   2.337670E+000   7.013011E-001   2.266468E+000   1.636369E+000   6.300987E-001
   33101      33     2.550000     2.650000   2.466453E+000   1.433503E-001   9.336715E-001   2.801015E-001   2.323103E+000   6.535701E-001   1.669533E+000
   33101      34     2.650000     2.900000   5.107089E+000   1.340717E-005   2.777884E-004   8.333653E-005   5.107076E+000   1.944519E-004   5.106881E+000
   33101      35     2.900000     3.200000   4.829501E+000   3.552158E-001   2.429276E+000   7.287829E-001   4.474285E+000   1.700494E+000   2.773792E+000
   33101      36     3.200000     3.500000   4.479548E+000   1.293965E+000   4.420609E+000   1.326183E+000   3.185583E+000   3.094426E+000   9.115696E-002
   33101      37     3.500000     3.900000   5.317470E+000   7.527896E-001   3.366858E+000   1.010058E+000   4.564681E+000   2.356801E+000   2.207880E+000
   33101      38     3.900000     5.500000   8.889375E+000   5.840704E-002   4.547202E-001   1.364161E-001   8.830968E+000   3.183041E-001   8.512664E+000
   33101      39     5.500000     6.500000   2.171822E+000   6.422781E-001   2.161280E+000   6.483839E-001   1.529544E+000   1.512896E+000   1.664775E-002
   33101      40     6.500000     7.000000   6.459457E-001   4.804096E-002   3.766754E-001   1.130026E-001   5.979048E-001   2.636728E-001   3.342320E-001
   33101      41     7.000000     9.000000   1.525571E+000   2.988783E-002   2.546910E-001   7.640730E-002   1.495683E+000   1.782837E-001   1.317400E+000
   33101      42     9.000000    20.000000   1.633159E+000   1.830424E-002   1.842972E-001   5.528916E-002   1.614855E+000   1.290080E-001   1.485847E+000
   33201       1     0.200000     0.300000   5.582456E-006   3.540013E-006   2.917776E-006   8.753329E-007   2.042443E-006   2.042443E-006  -9.500342E-015
   33201       2     0.300000     0.345000   2.557270E-003   1.374824E-003   1.689209E-003   5.067628E-004   1.182447E-003   1.182447E-003  -8.478979E-013
   33201       3     0.345000     0.385000   2.512764E-003   1.152240E-003   1.943607E-003   5.830820E-004   1.360525E-003   1.360525E-003   3.397626E-012
   33201       4     0.385000     0.420000   1.293223E-002   5.311610E-003   1.088660E-002   3.265979E-003   7.620618E-003   7.620618E-003  -6.203978E-013
   33201       5     0.420000     0.450000   2.349464E-002   8.965829E-003   2.075544E-002   6.226633E-003   1.452881E-002   1.452881E-002   1.559407E-012
   33201       6     0.450000     0.500000   1.310848E-001   4.710132E-002   1.199763E-001   3.599290E-002   8.398344E-002   8.398344E-002   2.832040E-013
   33201       7     0.500000     0.550000   1.748537E-001   5.938044E-002   1.649618E-001   4.948854E-002   1.154733E-001   1.154733E-001   7.794503E-011
   33201       8     0.550000     0.610000   2.295775E-001   7.513671E-002   2.206297E-001   6.618892E-002   1.544408E-001   1.544408E-001   6.977224E-011
   33201       9     0.610000     0.690000   5.693172E-001   1.805662E-001   5.553585E-001   1.666076E-001   3.887510E-001   3.887510E-001   8.411050E-012
   33201      10     0.690000     0.780000   2.472789E+000   7.671523E-001   2.436624E+000   7.309872E-001   1.705637E+000   1.705637E+000   1.263145E-010
   33201      11     0.780000     0.800000   1.063069E+000   3.229153E-001   1.046056E+000   3.138169E-001   7.401541E-001   7.322394E-001   7.914735E-003
   33201      12     0.800000     0.870000   5.878988E+000   1.800830E+000   5.823919E+000   1.747176E+000   4.078158E+000   4.076743E+000   1.415265E-003
   33201      13     0.870000     0.880000   8.736691E-001   2.596687E-001   8.573064E-001   2.571919E-001   6.140004E-001   6.001145E-001   1.388590E-002
   33201      14     0.880000     1.030000   2.249240E+001   6.829695E+000   2.237431E+001   6.712294E+000   1.566271E+001   1.566202E+001   6.908473E-004
   33201      15     1.030000     1.080000   9.248799E+000   2.415474E+000   8.562665E+000   2.568799E+000   6.833325E+000   5.993865E+000   8.394600E-001
   33201      16     1.080000     1.140000   1.173685E+001   3.468928E+000   1.161292E+001   3.483876E+000   8.267921E+000   8.129044E+000   1.388779E-001
   33201      17     1.140000     1.200000   1.143670E+001   3.434926E+000   1.139397E+001   3.418192E+000   8.001771E+000   7.975782E+000   2.598934E-002
   33201      18     1.200000     1.240000   8.097833E+000   7.663439E-001   4.016877E+000   1.205063E+000   7.331489E+000   2.811814E+000   4.519675E+000
   33201      19     1.240000     1.280000   7.733813E+000   2.132707E+000   7.459593E+000   2.237878E+000   5.601107E+000   5.221715E+000   3.793916E-001
   33201      20     1.280000     1.340000   1.109154E+001   2.076237E+000   8.880831E+000   2.664249E+000   9.015306E+000   6.216582E+000   2.798724E+000
   33201      21     1.340000     1.420000   1.012492E+001   2.715793E+000   9.639696E+000   2.891909E+000   7.409128E+000   6.747787E+000   6.613409E-001
   33201      22     1.420000     1.460000   4.444646E+000   2.605237E-001   1.474463E+000   4.423388E-001   4.184122E+000   1.032124E+000   3.151998E+000
   33201      23     1.460000     1.490000   3.316959E+000   4.480602E-001   2.240205E+000   6.720614E-001   2.868899E+000   1.568143E+000   1.300756E+000
   33201      24     1.490000     1.520000   3.416012E+000   7.139791E-001   2.901152E+000   8.703457E-001   2.702033E+000   2.030807E+000   6.712259E-001
   33201      25     1.520000     1.680000   2.089115E+001   1.310331E+000   7.581534E+000   2.274460E+000   1.958082E+001   5.307074E+000   1.427374E+001
   33201      26     1.680000     1.740000   7.400301E+000   1.964917E+000   7.081977E+000   2.124593E+000   5.435384E+000   4.957384E+000   4.780007E-001
   33201      27     1.740000     1.820000   6.859941E+000   1.902300E+000   6.666249E+000   1.999875E+000   4.957641E+000   4.666375E+000   2.912663E-001
   33201      28     1.820000     1.940000   7.844991E+000   1.240657E+000   5.557945E+000   1.667384E+000   6.604334E+000   3.890562E+000   2.713772E+000
   33201      29     1.940000     2.200000   1.524385E+001   4.313009E-001   2.535940E+000   7.607819E-001   1.481255E+001   1.775158E+000   1.303739E+001
   33201      30     2.200000     2.300000   5.897529E+000   1.627302E+000   5.726283E+000   1.717885E+000   4.270227E+000   4.008398E+000   2.618286E-001
   33201      31     2.300000     2.450000   6.412228E+000   1.915365E+000   6.401447E+000   1.920434E+000   4.496863E+000   4.481013E+000   1.585057E-002
   33201      32     2.450000     2.550000   2.808749E+000   5.428712E-001   2.338849E+000   7.016546E-001   2.265878E+000   1.637194E+000   6.286840E-001
   33201      33     2.550000     2.650000   2.466453E+000   1.434909E-001   9.343770E-001   2.803131E-001   2.322962E+000   6.540639E-001   1.668899E+000
   33201      34     2.650000     2.900000   5.107089E+000   1.342261E-005   2.885674E-004   8.657023E-005   5.107076E+000   2.019972E-004   5.106874E+000
   33201      35     2.900000     3.200000   4.829501E+000   3.560961E-001   2.432315E+000   7.296946E-001   4.473405E+000   1.702621E+000   2.770784E+000
   33201      36     3.200000     3.500000   4.479548E+000   1.294128E+000   4.420811E+000   1.326243E+000   3.185420E+000   3.094568E+000   9.085184E-002
   33201      37     3.500000     3.900000   5.317470E+000   7.529116E-001   3.366955E+000   1.010087E+000   4.564559E+000   2.356869E+000   2.207690E+000
   33201      38     3.900000     5.500000   8.889375E+000   5.859100E-002   4.556628E-001   1.366988E-001   8.830784E+000   3.189639E-001   8.511820E+000
   33201      39     5.500000     6.500000   2.171822E+000   6.423095E-001   2.161315E+000   6.483946E-001   1.529512E+000   1.512921E+000   1.659131E-002
   33201      40     6.500000     7.000000   6.459457E-001   4.799542E-002   3.764996E-001   1.129499E-001   5.979503E-001   2.635497E-001   3.344006E-001
   33201      41     7.000000     9.000000   1.525571E+000   2.994915E-002   2.547433E-001   7.642298E-002   1.495622E+000   1.783203E-001   1.317302E+000
   33201      42     9.000000    20.000000   1.633159E+000   1.851135E-002   1.854676E-001   5.564027E-002   1.614648E+000   1.298273E-001   1.484820E+000
   33301       1     0.200000     0.300000   5.582456E-006   3.540013E-006   2.917776E-006   8.753329E-007   2.042443E-006   2.042443E-006  -9.500342E-015
   33301       2     0.300000     0.345000   2.557270E-003   1.374824E-003   1.689209E-003   5.067628E-004   1.182447E-003   1.182447E-003  -8.478979E-013
   33301       3     0.345000     0.385000   2.512764E-003   1.152240E-003   1.943607E-003   5.830820E-004   1.360525E-003   1.360525E-003   3.397626E-012
   33301       4     0.385000     0.420000   1.293223E-002   5.311610E-003   1.088660E-002   3.265979E-003   7.620618E-003   7.620618E-003   1.173370E-012
   33301       5     0.420000     0.450000   2.349464E-002   8.965829E-003   2.075544E-002   6.226633E-003   1.452881E-002   1.452881E-002   8.147302E-013
   33301       6     0.450000     0.500000   1.310848E-001   4.710132E-002   1.199763E-001   3.599290E-002   8.398344E-002   8.398344E-002  -4.395109E-012
   33301       7     0.500000     0.550000   1.748537E-001   5.938044E-002   1.649618E-001   4.948854E-002   1.154733E-001   1.154733E-001   4.797068E-011
   33301       8     0.550000     0.610000   2.295775E-001   7.513671E-002   2.206297E-001   6.618892E-002   1.544408E-001   1.544408E-001   6.775586E-011
   33301       9     0.610000     0.690000   5.693172E-001   1.805662E-001   5.553585E-001   1.666076E-001   3.887510E-001   3.887510E-001   2.908895E-012
   33301      10     0.690000     0.780000   2.472789E+000   7.671523E-001   2.436624E+000   7.309872E-001   1.705637E+000   1.705637E+000   1.469358E-010
   33301      11     0.780000     0.800000   1.063069E+000   3.229155E-001   1.046056E+000   3.138169E-001   7.401540E-001   7.322395E-001   7.914440E-003
   33301      12     0.800000     0.870000   5.878988E+000   1.800830E+000   5.823918E+000   1.747176E+000   4.078159E+000   4.076743E+000   1.415640E-003
   33301      13     0.870000     0.880000   8.736691E-001   2.596723E-001   8.573105E-001   2.571931E-001   6.139967E-001   6.001173E-001   1.387939E-002
   33301      14     0.880000     1.030000   2.249240E+001   6.829695E+000   2.237431E+001   6.712294E+000   1.566271E+001   1.566202E+001   6.902983E-004
   33301      15     1.030000     1.080000   9.248799E+000   2.415550E+000   8.562723E+000   2.568817E+000   6.833248E+000   5.993906E+000   8.393423E-001
   33301      16     1.080000     1.140000   1.173685E+001   3.468935E+000   1.161293E+001   3.483878E+000   8.267915E+000   8.129049E+000   1.388663E-001
   33301      17     1.140000     1.200000   1.143670E+001   3.434927E+000   1.139397E+001   3.418192E+000   8.001770E+000   7.975782E+000   2.598726E-002
   33301      18     1.200000     1.240000   8.097833E+000   7.670747E-001   4.018788E+000   1.205636E+000   7.330758E+000   2.813152E+000   4.517606E+000
   33301      19     1.240000     1.280000   7.733813E+000   2.132853E+000   7.459781E+000   2.237934E+000   5.600961E+000   5.221847E+000   3.791138E-001
   33301      20     1.280000     1.340000   1.109154E+001   2.076611E+000   8.881318E+000   2.664395E+000   9.014932E+000   6.216923E+000   2.798009E+000
   33301      21     1.340000     1.420000   1.012492E+001   2.716010E+000   9.639970E+000   2.891991E+000   7.408911E+000   6.747979E+000   6.609319E-001
   33301      22     1.420000     1.460000   4.444646E+000   2.608630E-001   1.475979E+000   4.427936E-001   4.183783E+000   1.033185E+000   3.150598E+000
   33301      23     1.460000     1.490000   3.316959E+000   4.484604E-001   2.240880E+000   6.722641E-001   2.868499E+000   1.568616E+000   1.299882E+000
   33301      24     1.490000     1.520000   3.416012E+000   7.142700E-001   2.901584E+000   8.704752E-001   2.701742E+000   2.031109E+000   6.706327E-001
   33301      25     1.520000     1.680000   2.089115E+001   1.312265E+000   7.588254E+000   2.276476E+000   1.957888E+001   5.311778E+000   1.426711E+001
   33301      26     1.680000     1.740000   7.400301E+000   1.965112E+000   7.082217E+000   2.124665E+000   5.435189E+000   4.957552E+000   4.776370E-001
   33301      27     1.740000     1.820000   6.859941E+000   1.903337E+000   6.667605E+000   2.000281E+000   4.956604E+000   4.667323E+000   2.892809E-001
   33301      28     1.820000     1.940000   7.844991E+000   1.241867E+000   5.561132E+000   1.668340E+000   6.603125E+000   3.892792E+000   2.710332E+000
   33301      29     1.940000     2.200000   1.524385E+001   4.320351E-001   2.538533E+000   7.615600E-001   1.481181E+001   1.776973E+000   1.303484E+001
   33301      30     2.200000     2.300000   5.897529E+000   1.627429E+000   5.726438E+000   1.717931E+000   4.270100E+000   4.008507E+000   2.615932E-001
   33301      31     2.300000     2.450000   6.412228E+000   1.915372E+000   6.401455E+000   1.920436E+000   4.496856E+000   4.481018E+000   1.583740E-002
   33301      32     2.450000     2.550000   2.808749E+000   5.434325E-001   2.339969E+000   7.019906E-001   2.265317E+000   1.637978E+000   6.273386E-001
   33301      33     2.550000     2.650000   2.466453E+000   1.436244E-001   9.350497E-001   2.805149E-001   2.322829E+000   6.545348E-001   1.668294E+000
   33301      34     2.650000     2.900000   5.107089E+000   1.343706E-005   2.992005E-004   8.976015E-005   5.107076E+000   2.094404E-004   5.106866E+000
   33301      35     2.900000     3.200000   4.829501E+000   3.569349E-001   2.435208E+000   7.305623E-001   4.472566E+000   1.704645E+000   2.767921E+000
   33301      36     3.200000     3.500000   4.479548E+000   1.294283E+000   4.421003E+000   1.326301E+000   3.185265E+000   3.094702E+000   9.056257E-002
   33301      37     3.500000     3.900000   5.317470E+000   7.530271E-001   3.367046E+000   1.010114E+000   4.564443E+000   2.356933E+000   2.207511E+000
   33301      38     3.900000     5.500000   8.889375E+000   5.876670E-002   4.565611E-001   1.369683E-001   8.830608E+000   3.195928E-001   8.511016E+000
   33301      39     5.500000     6.500000   2.171822E+000   6.423395E-001   2.161349E+000   6.484048E-001   1.529482E+000   1.512945E+000   1.653758E-002
   33301      40     6.500000     7.000000   6.459457E-001   4.795254E-002   3.763338E-001   1.129001E-001   5.979932E-001   2.634336E-001   3.345596E-001
   33301      41     7.000000     9.000000   1.525571E+000   3.000734E-002   2.547926E-001   7.643777E-002   1.495564E+000   1.783548E-001   1.317209E+000
   33301      42     9.000000    20.000000   1.633159E+000   1.871239E-002   1.865930E-001   5.597789E-002   1.614447E+000   1.306151E-001   1.483831E+000
   33401       1     0.200000     0.300000   5.582456E-006   3.540013E-006   2.917776E-006   8.753329E-007   2.042443E-006   2.042443E-006  -9.500342E-015
   33401       2     0.300000     0.345000   2.557270E-003   1.374824E-003   1.689209E-003   5.067628E-004   1.182447E-003   1.182447E-003  -8.478979E-013
   33401       3     0.345000     0.385000   2.512764E-003   1.152240E-003   1.943607E-003   5.830820E-004   1.360525E-003   1.360525E-003   3.397626E-012
   33401       4     0.385000     0.420000   1.293223E-002   5.311610E-003   1.088660E-002   3.265979E-003   7.620618E-003   7.620618E-003   1.099543E-012
   33401       5     0.420000     0.450000   2.349464E-002   8.965829E-003   2.075544E-002   6.226633E-003   1.452881E-002   1.452881E-002   2.916174E-012
   33401       6     0.450000     0.500000   1.310848E-001   4.710132E-002   1.199763E-001   3.599290E-002   8.398344E-002   8.398344E-002  -2.117637E-011
   33401       7     0.500000     0.550000   1.748537E-001   5.938044E-002   1.649618E-001   4.948854E-002   1.154733E-001   1.154733E-001   5.306623E-011
   33401       8     0.550000     0.610000   2.295775E-001   7.513671E-002   2.206297E-001   6.618892E-002   1.544408E-001   1.544408E-001   6.973952E-011
   33401       9     0.610000     0.690000   5.693172E-001   1.805662E-001   5.553585E-001   1.666076E-001   3.887510E-001   3.887510E-001  -3.327633E-011
   33401      10     0.690000     0.780000   2.472789E+000   7.671523E-001   2.436624E+000   7.309872E-001   1.705637E+000   1.705637E+000   4.806200E-011
   33401      11     0.780000     0.800000   1.063069E+000   3.229156E-001   1.046057E+000   3.138170E-001   7.401538E-001   7.322396E-001   7.914162E-003
   33401      12     0.800000     0.870000   5.878988E+000   1.800830E+000   5.823918E+000   1.747175E+000   4.078159E+000   4.076743E+000   1.415996E-003
   33401      13     0.870000     0.880000   8.736691E-001   2.596758E-001   8.573144E-001   2.571943E-001   6.139933E-001   6.001201E-001   1.387323E-002
   33401      14     0.880000     1.030000   2.249240E+001   6.829695E+000   2.237431E+001   6.712294E+000   1.566271E+001   1.566202E+001   6.897841E-004
   33401      15     1.030000     1.080000   9.248799E+000   2.415622E+000   8.562777E+000   2.568833E+000   6.833176E+000   5.993944E+000   8.392322E-001
   33401      16     1.080000     1.140000   1.173685E+001   3.468941E+000   1.161293E+001   3.483880E+000   8.267909E+000   8.129053E+000   1.388557E-001
   33401      17     1.140000     1.200000   1.143670E+001   3.434928E+000   1.139398E+001   3.418193E+000   8.001769E+000   7.975783E+000   2.598542E-002
   33401      18     1.200000     1.240000   8.097833E+000   7.677692E-001   4.020604E+000   1.206181E+000   7.330064E+000   2.814423E+000   4.515641E+000
   33401      19     1.240000     1.280000   7.733813E+000   2.132990E+000   7.459958E+000   2.237987E+000   5.600823E+000   5.221971E+000   3.788527E-001
   33401      20     1.280000     1.340000   1.109154E+001   2.076966E+000   8.881778E+000   2.664533E+000   9.014577E+000   6.217244E+000   2.797333E+000
   33401      21     1.340000     1.420000   1.012492E+001   2.716216E+000   9.640228E+000   2.892068E+000   7.408705E+000   6.748160E+000   6.605455E-001
   33401      22     1.420000     1.460000   4.444646E+000   2.611862E-001   1.477418E+000   4.432255E-001   4.183459E+000   1.034193E+000   3.149267E+000
   33401      23     1.460000     1.490000   3.316959E+000   4.488378E-001   2.241517E+000   6.724550E-001   2.868121E+000   1.569062E+000   1.299059E+000
   33401      24     1.490000     1.520000   3.416012E+000   7.145443E-001   2.901991E+000   8.705973E-001   2.701467E+000   2.031394E+000   6.700736E-001
   33401      25     1.520000     1.680000   2.089115E+001   1.314101E+000   7.594635E+000   2.278390E+000   1.957705E+001   5.316244E+000   1.426080E+001
   33401      26     1.680000     1.740000   7.400301E+000   1.965296E+000   7.082443E+000   2.124733E+000   5.435005E+000   4.957710E+000   4.772955E-001
   33401      27     1.740000     1.820000   6.859941E+000   1.904312E+000   6.668878E+000   2.000663E+000   4.955630E+000   4.668215E+000   2.874151E-001
   33401      28     1.820000     1.940000   7.844991E+000   1.243014E+000   5.564149E+000   1.669245E+000   6.601977E+000   3.894905E+000   2.707073E+000
   33401      29     1.940000     2.200000   1.524385E+001   4.327310E-001   2.540988E+000   7.622965E-001   1.481112E+001   1.778692E+000   1.303243E+001
   33401      30     2.200000     2.300000   5.897529E+000   1.627548E+000   5.726584E+000   1.717975E+000   4.269980E+000   4.008609E+000   2.613713E-001
   33401      31     2.300000     2.450000   6.412228E+000   1.915379E+000   6.401463E+000   1.920439E+000   4.496849E+000   4.481024E+000   1.582500E-002
   33401      32     2.450000     2.550000   2.808749E+000   5.439624E-001   2.341025E+000   7.023076E-001   2.264787E+000   1.638718E+000   6.260691E-001
   33401      33     2.550000     2.650000   2.466453E+000   1.437480E-001   9.356806E-001   2.807042E-001   2.322705E+000   6.549765E-001   1.667729E+000
   33401      34     2.650000     2.900000   5.107089E+000   1.345055E-005   3.095875E-004   9.287625E-005   5.107076E+000   2.167113E-004   5.106859E+000
   33401      35     2.900000     3.200000   4.829501E+000   3.577302E-001   2.437947E+000   7.313840E-001   4.471771E+000   1.706563E+000   2.765208E+000
   33401      36     3.200000     3.500000   4.479548E+000   1.294429E+000   4.421184E+000   1.326355E+000   3.185119E+000   3.094829E+000   9.029049E-002
   33401      37     3.500000     3.900000   5.317470E+000   7.531361E-001   3.367130E+000   1.010139E+000   4.564334E+000   2.356991E+000   2.207343E+000
   33401      38     3.900000     5.500000   8.889375E+000   5.893381E-002   4.574189E-001   1.372257E-001   8.830441E+000   3.201933E-001   8.510248E+000
   33401      39     5.500000     6.500000   2.171822E+000   6.423676E-001   2.161381E+000   6.484144E-001   1.529454E+000   1.512967E+000   1.648714E-002
   33401      40     6.500000     7.000000   6.459457E-001   4.791178E-002   3.761759E-001   1.128528E-001   5.980339E-001   2.633231E-001   3.347108E-001
   33401      41     7.000000     9.000000   1.525571E+000   3.006273E-002   2.548403E-001   7.645210E-002   1.495508E+000   1.783882E-001   1.317120E+000
   33401      42     9.000000    20.000000   1.633159E+000   1.890451E-002   1.876587E-001   5.629760E-002   1.614254E+000   1.313611E-001   1.482893E+000
   33501       1     0.200000     0.300000   5.582456E-006   3.540013E-006   2.917776E-006   8.753329E-007   2.042443E-006   2.042443E-006  -9.500342E-015
   33501       2     0.300000     0.345000   2.557270E-003   1.374824E-003   1.689209E-003   5.067628E-004   1.182447E-003   1.182447E-003  -8.478979E-013
   33501       3     0.345000     0.385000   2.512764E-003   1.152240E-003   1.943607E-003   5.830820E-004   1.360525E-003   1.360525E-003   3.397626E-012
   33501       4     0.385000     0.420000   1.293223E-002   5.311610E-003   1.088660E-002   3.265979E-003   7.620618E-003   7.620618E-003  -1.758526E-012
   33501       5     0.420000     0.450000   2.349464E-002   8.965829E-003   2.075544E-002   6.226633E-003   1.452881E-002   1.452881E-002   4.070003E-012
   33501       6     0.450000     0.500000   1.310848E-001   4.710132E-002   1.199763E-001   3.599290E-002   8.398344E-002   8.398344E-002  -1.234141E-011
   33501       7     0.500000     0.550000   1.748537E-001   5.938044E-002   1.649618E-001   4.948854E-002   1.154733E-001   1.154733E-001   2.865641E-011
   33501       8     0.550000     0.610000   2.295775E-001   7.513671E-002   2.206297E-001   6.618892E-002   1.544408E-001   1.544408E-001   4.060796E-011
   33501       9     0.610000     0.690000   5.693172E-001   1.805662E-001   5.553585E-001   1.666076E-001   3.887510E-001   3.887510E-001  -2.172995E-011
   33501      10     0.690000     0.780000   2.472789E+000   7.671523E-001   2.436624E+000   7.309872E-001   1.705637E+000   1.705637E+000   6.379719E-011
   33501      11     0.780000     0.800000   1.063069E+000   3.229158E-001   1.046057E+000   3.138170E-001   7.401536E-001   7.322397E-001   7.913900E-003
   33501      12     0.800000     0.870000   5.878988E+000   1.800829E+000   5.823918E+000   1.747175E+000   4.078159E+000   4.076743E+000   1.416333E-003
   33501      13     0.870000     0.880000   8.736691E-001   2.596790E-001   8.573181E-001   2.571954E-001   6.139900E-001   6.001226E-001   1.386740E-002
   33501      14     0.880000     1.030000   2.249240E+001   6.829696E+000   2.237431E+001   6.712294E+000   1.566271E+001   1.566202E+001   6.892984E-004
   33501      15     1.030000     1.080000   9.248799E+000   2.415691E+000   8.562828E+000   2.568848E+000   6.833108E+000   5.993980E+000   8.391282E-001
   33501      16     1.080000     1.140000   1.173685E+001   3.468947E+000   1.161294E+001   3.483882E+000   8.267903E+000   8.129057E+000   1.388458E-001
   33501      17     1.140000     1.200000   1.143670E+001   3.434929E+000   1.139398E+001   3.418193E+000   8.001768E+000   7.975784E+000   2.598374E-002
   33501      18     1.200000     1.240000   8.097833E+000   7.684311E-001   4.022333E+000   1.206700E+000   7.329402E+000   2.815633E+000   4.513768E+000
   33501      19     1.240000     1.280000   7.733813E+000   2.133120E+000   7.460125E+000   2.238038E+000   5.600693E+000   5.222088E+000   3.786058E-001
   33501      20     1.280000     1.340000   1.109154E+001   2.077303E+000   8.882214E+000   2.664664E+000   9.014240E+000   6.217549E+000   2.796691E+000
   33501      21     1.340000     1.420000   1.012492E+001   2.716411E+000   9.640473E+000   2.892142E+000   7.408510E+000   6.748331E+000   6.601791E-001
   33501      22     1.420000     1.460000   4.444646E+000   2.614949E-001   1.478790E+000   4.436371E-001   4.183151E+000   1.035153E+000   3.147998E+000
   33501      23     1.460000     1.490000   3.316959E+000   4.491953E-001   2.242119E+000   6.726357E-001   2.867764E+000   1.569483E+000   1.298280E+000
   33501      24     1.490000     1.520000   3.416012E+000   7.148042E-001   2.902376E+000   8.707129E-001   2.701207E+000   2.031663E+000   6.695439E-001
   33501      25     1.520000     1.680000   2.089115E+001   1.315850E+000   7.600713E+000   2.280214E+000   1.957530E+001   5.320499E+000   1.425480E+001
   33501      26     1.680000     1.740000   7.400301E+000   1.965469E+000   7.082656E+000   2.124797E+000   5.434832E+000   4.957859E+000   4.769727E-001
   33501      27     1.740000     1.820000   6.859941E+000   1.905234E+000   6.670082E+000   2.001025E+000   4.954707E+000   4.669057E+000   2.856495E-001
   33501      28     1.820000     1.940000   7.844991E+000   1.244107E+000   5.567020E+000   1.670106E+000   6.600885E+000   3.896914E+000   2.703971E+000
   33501      29     1.940000     2.200000   1.524385E+001   4.333934E-001   2.543322E+000   7.629967E-001   1.481046E+001   1.780326E+000   1.303013E+001
   33501      30     2.200000     2.300000   5.897529E+000   1.627662E+000   5.726723E+000   1.718017E+000   4.269867E+000   4.008706E+000   2.611610E-001
   33501      31     2.300000     2.450000   6.412228E+000   1.915386E+000   6.401470E+000   1.920441E+000   4.496842E+000   4.481029E+000   1.581326E-002
   33501      32     2.450000     2.550000   2.808749E+000   5.444652E-001   2.342028E+000   7.026084E-001   2.264284E+000   1.639420E+000   6.248645E-001
   33501      33     2.550000     2.650000   2.466453E+000   1.438632E-001   9.362763E-001   2.808829E-001   2.322590E+000   6.553934E-001   1.667197E+000
   33501      34     2.650000     2.900000   5.107089E+000   1.346321E-005   3.197624E-004   9.592871E-005   5.107076E+000   2.238337E-004   5.106852E+000
   33501      35     2.900000     3.200000   4.829501E+000   3.584876E-001   2.440552E+000   7.321656E-001   4.471013E+000   1.708386E+000   2.762627E+000
   33501      36     3.200000     3.500000   4.479548E+000   1.294567E+000   4.421355E+000   1.326406E+000   3.184981E+000   3.094948E+000   9.003301E-002
   33501      37     3.500000     3.900000   5.317470E+000   7.532393E-001   3.367209E+000   1.010163E+000   4.564231E+000   2.357046E+000   2.207185E+000
   33501      38     3.900000     5.500000   8.889375E+000   5.909328E-002   4.582394E-001   1.374718E-001   8.830282E+000   3.207676E-001   8.509514E+000
   33501      39     5.500000     6.500000   2.171822E+000   6.423940E-001   2.161411E+000   6.484234E-001   1.529428E+000   1.512988E+000   1.643976E-002
   33501      40     6.500000     7.000000   6.459457E-001   4.787240E-002   3.760234E-001   1.128070E-001   5.980733E-001   2.632164E-001   3.348569E-001
   33501      41     7.000000     9.000000   1.525571E+000   3.011537E-002   2.548872E-001   7.646616E-002   1.495456E+000   1.784210E-001   1.317035E+000
   33501      42     9.000000    20.000000   1.633159E+000   1.908824E-002   1.886697E-001   5.660092E-002   1.614071E+000   1.320688E-001   1.482002E+000
   33601       1     0.200000     0.300000   5.582456E-006   3.540013E-006   2.917776E-006   8.753329E-007   2.042443E-006   2.042443E-006  -9.500342E-015
   33601       2     0.300000     0.345000   2.557270E-003   1.374824E-003   1.689209E-003   5.067628E-004   1.182447E-003   1.182447E-003  -8.478979E-013
   33601       3     0.345000     0.385000   2.512764E-003   1.152240E-003   1.943607E-003   5.830820E-004   1.360525E-003   1.360525E-003   3.397626E-012
   33601       4     0.385000     0.420000   1.293223E-002   5.311610E-003   1.088660E-002   3.265979E-003   7.620618E-003   7.620618E-003  -1.474159E-013
   33601       5     0.420000     0.450000   2.349464E-002   8.965829E-003   2.075544E-002   6.226633E-003   1.452881E-002   1.452881E-002   1.280618E-012
   33601       6     0.450000     0.500000   1.310848E-001   4.710132E-002   1.199763E-001   3.599290E-002   8.398344E-002   8.398344E-002   6.754056E-012
   33601       7     0.500000     0.550000   1.748537E-001   5.938044E-002   1.649618E-001   4.948854E-002   1.154733E-001   1.154733E-001   2.835453E-011
   33601       8     0.550000     0.610000   2.295775E-001   7.513671E-002   2.206297E-001   6.618892E-002   1.544408E-001   1.544408E-001   6.125067E-011
   33601       9     0.610000     0.690000   5.693172E-001   1.805662E-001   5.553585E-001   1.666076E-001   3.887510E-001   3.887510E-001   5.031325E-011
   33601      10     0.690000     0.780000   2.472789E+000   7.671523E-001   2.436624E+000   7.309872E-001   1.705637E+000   1.705637E+000   1.069944E-010
   33601      11     0.780000     0.800000   1.063069E+000   3.229159E-001   1.046057E+000   3.138171E-001   7.401535E-001   7.322398E-001   7.913651E-003
   33601      12     0.800000     0.870000   5.878988E+000   1.800829E+000   5.823918E+000   1.747175E+000   4.078159E+000   4.076742E+000   1.416654E-003
   33601      13     0.870000     0.880000   8.736691E-001   2.596821E-001   8.573216E-001   2.571965E-001   6.139869E-001   6.001251E-001   1.386184E-002
   33601      14     0.880000     1.030000   2.249240E+001   6.829696E+000   2.237431E+001   6.712294E+000   1.566271E+001   1.566202E+001   6.888351E-004
   33601      15     1.030000     1.080000   9.248799E+000   2.415756E+000   8.562877E+000   2.568863E+000   6.833043E+000   5.994014E+000   8.390292E-001
   33601      16     1.080000     1.140000   1.173685E+001   3.468952E+000   1.161294E+001   3.483883E+000   8.267898E+000   8.129061E+000   1.388364E-001
   33601      17     1.140000     1.200000   1.143670E+001   3.434930E+000   1.139398E+001   3.418193E+000   8.001767E+000   7.975785E+000   2.598216E-002
   33601      18     1.200000     1.240000   8.097833E+000   7.690638E-001   4.023985E+000   1.207195E+000   7.328769E+000   2.816789E+000   4.511980E+000
   33601      19     1.240000     1.280000   7.733813E+000   2.133244E+000   7.460284E+000   2.238085E+000   5.600570E+000   5.222199E+000   3.783705E-001
   33601      20     1.280000     1.340000   1.109154E+001   2.077624E+000   8.882629E+000   2.664789E+000   9.013919E+000   6.217840E+000   2.796079E+000
   33601      21     1.340000     1.420000   1.012492E+001   2.716597E+000   9.640706E+000   2.892212E+000   7.408324E+000   6.748494E+000   6.598300E-001
   33601      22     1.420000     1.460000   4.444646E+000   2.617916E-001   1.480107E+000   4.440322E-001   4.182854E+000   1.036075E+000   3.146779E+000
   33601      23     1.460000     1.490000   3.316959E+000   4.495373E-001   2.242694E+000   6.728083E-001   2.867422E+000   1.569886E+000   1.297536E+000
   33601      24     1.490000     1.520000   3.416012E+000   7.150521E-001   2.902744E+000   8.708232E-001   2.700959E+000   2.031921E+000   6.690387E-001
   33601      25     1.520000     1.680000   2.089115E+001   1.317524E+000   7.606522E+000   2.281957E+000   1.957362E+001   5.324566E+000   1.424906E+001
   33601      26     1.680000     1.740000   7.400301E+000   1.965635E+000   7.082859E+000   2.124858E+000   5.434667E+000   4.958001E+000   4.766653E-001
   33601      27     1.740000     1.820000   6.859941E+000   1.906118E+000   6.671234E+000   2.001370E+000   4.953823E+000   4.669864E+000   2.839595E-001
   33601      28     1.820000     1.940000   7.844991E+000   1.245155E+000   5.569767E+000   1.670930E+000   6.599836E+000   3.898837E+000   2.700999E+000
   33601      29     1.940000     2.200000   1.524385E+001   4.340271E-001   2.545552E+000   7.636657E-001   1.480982E+001   1.781887E+000   1.302794E+001
   33601      30     2.200000     2.300000   5.897529E+000   1.627769E+000   5.726855E+000   1.718056E+000   4.269759E+000   4.008798E+000   2.609608E-001
   33601      31     2.300000     2.450000   6.412228E+000   1.915392E+000   6.401477E+000   1.920443E+000   4.496836E+000   4.481034E+000   1.580207E-002
   33601      32     2.450000     2.550000   2.808749E+000   5.449466E-001   2.342987E+000   7.028961E-001   2.263803E+000   1.640091E+000   6.237118E-001
   33601      33     2.550000     2.650000   2.466453E+000   1.439737E-001   9.368482E-001   2.810545E-001   2.322480E+000   6.557937E-001   1.666686E+000
   33601      34     2.650000     2.900000   5.107089E+000   1.347512E-005   3.298083E-004   9.894248E-005   5.107076E+000   2.308658E-004   5.106845E+000
   33601      35     2.900000     3.200000   4.829501E+000   3.592133E-001   2.443046E+000   7.329137E-001   4.470288E+000   1.710132E+000   2.760156E+000
   33601      36     3.200000     3.500000   4.479548E+000   1.294698E+000   4.421517E+000   1.326455E+000   3.184849E+000   3.095062E+000   8.978733E-002
   33601      37     3.500000     3.900000   5.317470E+000   7.533376E-001   3.367284E+000   1.010185E+000   4.564133E+000   2.357099E+000   2.207034E+000
   33601      38     3.900000     5.500000   8.889375E+000   5.924637E-002   4.590250E-001   1.377075E-001   8.830129E+000   3.213175E-001   8.508811E+000
   33601      39     5.500000     6.500000   2.171822E+000   6.424193E-001   2.161440E+000   6.484319E-001   1.529402E+000   1.513008E+000   1.639444E-002
   33601      40     6.500000     7.000000   6.459457E-001   4.783493E-002   3.758782E-001   1.127635E-001   5.981108E-001   2.631148E-001   3.349961E-001
   33601      41     7.000000     9.000000   1.525571E+000   3.016563E-002   2.549318E-001   7.647953E-002   1.495405E+000   1.784522E-001   1.316953E+000
   33601      42     9.000000    20.000000   1.633159E+000   1.926734E-002   1.896476E-001   5.689427E-002   1.613892E+000   1.327533E-001   1.481138E+000
   33701       1     0.200000     0.300000   5.582456E-006   3.540013E-006   2.917776E-006   8.753329E-007   2.042443E-006   2.042443E-006  -9.500342E-015
   33701       2     0.300000     0.345000   2.557270E-003   1.374824E-003   1.689209E-003   5.067628E-004   1.182447E-003   1.182447E-003  -8.478979E-013
   33701       3     0.345000     0.385000   2.512764E-003   1.152240E-003   1.943607E-003   5.830820E-004   1.360525E-003   1.360525E-003   3.397626E-012
   33701       4     0.385000     0.420000   1.293223E-002   5.311610E-003   1.088660E-002   3.265979E-003   7.620618E-003   7.620618E-003  -1.474159E-013
   33701       5     0.420000     0.450000   2.349464E-002   8.965829E-003   2.075544E-002   6.226633E-003   1.452881E-002   1.452881E-002  -5.356930E-013
   33701       6     0.450000     0.500000   1.310848E-001   4.710132E-002   1.199763E-001   3.599290E-002   8.398344E-002   8.398344E-002   1.479296E-011
   33701       7     0.500000     0.550000   1.748537E-001   5.938044E-002   1.649618E-001   4.948854E-002   1.154733E-001   1.154733E-001   2.685804E-011
   33701       8     0.550000     0.610000   2.295775E-001   7.513671E-002   2.206297E-001   6.618892E-002   1.544408E-001   1.544408E-001   8.457579E-011
   33701       9     0.610000     0.690000   5.693172E-001   1.805662E-001   5.553585E-001   1.666076E-001   3.887510E-001   3.887510E-001   2.313516E-011
   33701      10     0.690000     0.780000   2.472789E+000   7.671523E-001   2.436624E+000   7.309872E-001   1.705637E+000   1.705637E+000   2.308636E-010
   33701      11     0.780000     0.800000   1.063069E+000   3.229161E-001   1.046057E+000   3.138171E-001   7.401534E-001   7.322399E-001   7.913414E-003
   33701      12     0.800000     0.870000   5.878988E+000   1.800829E+000   5.823918E+000   1.747175E+000   4.078159E+000   4.076742E+000   1.416959E-003
   33701      13     0.870000     0.880000   8.736691E-001   2.596851E-001   8.573249E-001   2.571975E-001   6.139840E-001   6.001274E-001   1.385655E-002
   33701      14     0.880000     1.030000   2.249240E+001   6.829696E+000   2.237431E+001   6.712294E+000   1.566271E+001   1.566202E+001   6.883927E-004
   33701      15     1.030000     1.080000   9.248799E+000   2.415818E+000   8.562923E+000   2.568877E+000   6.832981E+000   5.994046E+000   8.389350E-001
   33701      16     1.080000     1.140000   1.173685E+001   3.468957E+000   1.161295E+001   3.483885E+000   8.267893E+000   8.129065E+000   1.388275E-001
   33701      17     1.140000     1.200000   1.143670E+001   3.434931E+000   1.139398E+001   3.418194E+000   8.001766E+000   7.975785E+000   2.598067E-002
   33701      18     1.200000     1.240000   8.097833E+000   7.696696E-001   4.025564E+000   1.207669E+000   7.328163E+000   2.817895E+000   4.510268E+000
   33701      19     1.240000     1.280000   7.733813E+000   2.133362E+000   7.460436E+000   2.238131E+000   5.600452E+000   5.222305E+000   3.781461E-001
   33701      20     1.280000     1.340000   1.109154E+001   2.077931E+000   8.883024E+000   2.664907E+000   9.013612E+000   6.218117E+000   2.795495E+000
   33701      21     1.340000     1.420000   1.012492E+001   2.716774E+000   9.640928E+000   2.892278E+000   7.408147E+000   6.748650E+000   6.594970E-001
   33701      22     1.420000     1.460000   4.444646E+000   2.620770E-001   1.481374E+000   4.444121E-001   4.182569E+000   1.036962E+000   3.145607E+000
   33701      23     1.460000     1.490000   3.316959E+000   4.498650E-001   2.243245E+000   6.729734E-001   2.867094E+000   1.570271E+000   1.296823E+000
   33701      24     1.490000     1.520000   3.416012E+000   7.152890E-001   2.903095E+000   8.709284E-001   2.700723E+000   2.032166E+000   6.685562E-001
   33701      25     1.520000     1.680000   2.089115E+001   1.319128E+000   7.612084E+000   2.283625E+000   1.957202E+001   5.328459E+000   1.424356E+001
   33701      26     1.680000     1.740000   7.400301E+000   1.965792E+000   7.083053E+000   2.124916E+000   5.434509E+000   4.958137E+000   4.763718E-001
   33701      27     1.740000     1.820000   6.859941E+000   1.906966E+000   6.672337E+000   2.001701E+000   4.952975E+000   4.670636E+000   2.823393E-001
   33701      28     1.820000     1.940000   7.844991E+000   1.246162E+000   5.572401E+000   1.671720E+000   6.598829E+000   3.900681E+000   2.698148E+000
   33701      29     1.940000     2.200000   1.524385E+001   4.346344E-001   2.547687E+000   7.643061E-001   1.480922E+001   1.783381E+000   1.302583E+001
   33701      30     2.200000     2.300000   5.897529E+000   1.627872E+000   5.726981E+000   1.718094E+000   4.269656E+000   4.008886E+000   2.607699E-001
   33701      31     2.300000     2.450000   6.412228E+000   1.915398E+000   6.401484E+000   1.920445E+000   4.496830E+000   4.481039E+000   1.579140E-002
   33701      32     2.450000     2.550000   2.808749E+000   5.454081E-001   2.343906E+000   7.031717E-001   2.263341E+000   1.640734E+000   6.226073E-001
   33701      33     2.550000     2.650000   2.466453E+000   1.440796E-001   9.373982E-001   2.812195E-001   2.322374E+000   6.561787E-001   1.666195E+000
   33701      34     2.650000     2.900000   5.107089E+000   1.348632E-005   3.397290E-004   1.019187E-004   5.107076E+000   2.378103E-004   5.106838E+000
   33701      35     2.900000     3.200000   4.829501E+000   3.599098E-001   2.445436E+000   7.336307E-001   4.469591E+000   1.711805E+000   2.757786E+000
   33701      36     3.200000     3.500000   4.479548E+000   1.294824E+000   4.421673E+000   1.326502E+000   3.184724E+000   3.095171E+000   8.955254E-002
   33701      37     3.500000     3.900000   5.317470E+000   7.534315E-001   3.367355E+000   1.010207E+000   4.564039E+000   2.357149E+000   2.206890E+000
   33701      38     3.900000     5.500000   8.889375E+000   5.939353E-002   4.597782E-001   1.379335E-001   8.829982E+000   3.218447E-001   8.508137E+000
   33701      39     5.500000     6.500000   2.171822E+000   6.424435E-001   2.161467E+000   6.484402E-001   1.529378E+000   1.513027E+000   1.635103E-002
   33701      40     6.500000     7.000000   6.459457E-001   4.779922E-002   3.757397E-001   1.127219E-001   5.981465E-001   2.630178E-001   3.351287E-001
   33701      41     7.000000     9.000000   1.525571E+000   3.021368E-002   2.549743E-001   7.649228E-002   1.495357E+000   1.784820E-001   1.316875E+000
   33701      42     9.000000    20.000000   1.633159E+000   1.944212E-002   1.905945E-001   5.717834E-002   1.613717E+000   1.334161E-001   1.480301E+000
   33801       1     0.200000     0.300000   5.582456E-006   3.540013E-006   2.917776E-006   8.753329E-007   2.042443E-006   2.042443E-006  -9.500342E-015
   33801       2     0.300000     0.345000   2.557270E-003   1.374824E-003   1.689209E-003   5.067628E-004   1.182447E-003   1.182447E-003  -8.478979E-013
   33801       3     0.345000     0.385000   2.512764E-003   1.152240E-003   1.943607E-003   5.830820E-004   1.360525E-003   1.360525E-003   3.397626E-012
   33801       4     0.385000     0.420000   1.293223E-002   5.311610E-003   1.088660E-002   3.265979E-003   7.620618E-003   7.620618E-003   1.058121E-012
   33801       5     0.420000     0.450000   2.349464E-002   8.965829E-003   2.075544E-002   6.226633E-003   1.452881E-002   1.452881E-002   1.954409E-013
   33801       6     0.450000     0.500000   1.310848E-001   4.710132E-002   1.199763E-001   3.599290E-002   8.398344E-002   8.398344E-002   3.217607E-012
   33801       7     0.500000     0.550000   1.748537E-001   5.938044E-002   1.649618E-001   4.948854E-002   1.154733E-001   1.154733E-001   4.147720E-011
   33801       8     0.550000     0.610000   2.295775E-001   7.513671E-002   2.206297E-001   6.618892E-002   1.544408E-001   1.544408E-001   5.982101E-011
   33801       9     0.610000     0.690000   5.693172E-001   1.805662E-001   5.553585E-001   1.666076E-001   3.887510E-001   3.887510E-001   4.294121E-011
   33801      10     0.690000     0.780000   2.472789E+000   7.671523E-001   2.436624E+000   7.309872E-001   1.705637E+000   1.705637E+000   2.460476E-010
   33801      11     0.780000     0.800000   1.063069E+000   3.229162E-001   1.046057E+000   3.138172E-001   7.401532E-001   7.322400E-001   7.913189E-003
   33801      12     0.800000     0.870000   5.878988E+000   1.800829E+000   5.823917E+000   1.747175E+000   4.078159E+000   4.076742E+000   1.417250E-003
   33801      13     0.870000     0.880000   8.736691E-001   2.596879E-001   8.573281E-001   2.571984E-001   6.139811E-001   6.001297E-001   1.385149E-002
   33801      14     0.880000     1.030000   2.249240E+001   6.829696E+000   2.237432E+001   6.712295E+000   1.566271E+001   1.566202E+001   6.879693E-004
   33801      15     1.030000     1.080000   9.248799E+000   2.415877E+000   8.562967E+000   2.568890E+000   6.832922E+000   5.994077E+000   8.388451E-001
   33801      16     1.080000     1.140000   1.173685E+001   3.468962E+000   1.161296E+001   3.483887E+000   8.267888E+000   8.129069E+000   1.388191E-001
   33801      17     1.140000     1.200000   1.143670E+001   3.434932E+000   1.139398E+001   3.418194E+000   8.001765E+000   7.975786E+000   2.597925E-002
   33801      18     1.200000     1.240000   8.097833E+000   7.702504E-001   4.027077E+000   1.208123E+000   7.327582E+000   2.818954E+000   4.508628E+000
   33801      19     1.240000     1.280000   7.733813E+000   2.133475E+000   7.460582E+000   2.238174E+000   5.600339E+000   5.222407E+000   3.779316E-001
   33801      20     1.280000     1.340000   1.109154E+001   2.078224E+000   8.883403E+000   2.665021E+000   9.013319E+000   6.218382E+000   2.794937E+000
   33801      21     1.340000     1.420000   1.012492E+001   2.716944E+000   9.641141E+000   2.892342E+000   7.407977E+000   6.748798E+000   6.591788E-001
   33801      22     1.420000     1.460000   4.444646E+000   2.623521E-001   1.482593E+000   4.447778E-001   4.182294E+000   1.037815E+000   3.144479E+000
   33801      23     1.460000     1.490000   3.316959E+000   4.501794E-001   2.243772E+000   6.731317E-001   2.866780E+000   1.570641E+000   1.296139E+000
   33801      24     1.490000     1.520000   3.416012E+000   7.155156E-001   2.903430E+000   8.710291E-001   2.700496E+000   2.032401E+000   6.680947E-001
   33801      25     1.520000     1.680000   2.089115E+001   1.320667E+000   7.617417E+000   2.285225E+000   1.957048E+001   5.332192E+000   1.423829E+001
   33801      26     1.680000     1.740000   7.400301E+000   1.965943E+000   7.083238E+000   2.124972E+000   5.434358E+000   4.958267E+000   4.760914E-001
   33801      27     1.740000     1.820000   6.859941E+000   1.907781E+000   6.673396E+000   2.002019E+000   4.952161E+000   4.671377E+000   2.807836E-001
   33801      28     1.820000     1.940000   7.844991E+000   1.247131E+000   5.574930E+000   1.672479E+000   6.597860E+000   3.902451E+000   2.695409E+000
   33801      29     1.940000     2.200000   1.524385E+001   4.352171E-001   2.549733E+000   7.649199E-001   1.480863E+001   1.784813E+000   1.302382E+001
   33801      30     2.200000     2.300000   5.897529E+000   1.627971E+000   5.727101E+000   1.718130E+000   4.269558E+000   4.008970E+000   2.605876E-001
   33801      31     2.300000     2.450000   6.412228E+000   1.915404E+000   6.401490E+000   1.920447E+000   4.496824E+000   4.481043E+000   1.578119E-002
   33801      32     2.450000     2.550000   2.808749E+000   5.458512E-001   2.344787E+000   7.034361E-001   2.262898E+000   1.641351E+000   6.215472E-001
   33801      33     2.550000     2.650000   2.466453E+000   1.441816E-001   9.379280E-001   2.813784E-001   2.322272E+000   6.565496E-001   1.665722E+000
   33801      34     2.650000     2.900000   5.107089E+000   1.349687E-005   3.495299E-004   1.048590E-004   5.107076E+000   2.446709E-004   5.106831E+000
   33801      35     2.900000     3.200000   4.829501E+000   3.605792E-001   2.447730E+000   7.343190E-001   4.468922E+000   1.713411E+000   2.755511E+000
   33801      36     3.200000     3.500000   4.479548E+000   1.294945E+000   4.421822E+000   1.326547E+000   3.184603E+000   3.095275E+000   8.932780E-002
   33801      37     3.500000     3.900000   5.317470E+000   7.535212E-001   3.367423E+000   1.010227E+000   4.563949E+000   2.357196E+000   2.206753E+000
   33801      38     3.900000     5.500000   8.889375E+000   5.953519E-002   4.605015E-001   1.381504E-001   8.829840E+000   3.223510E-001   8.507489E+000
   33801      39     5.500000     6.500000   2.171822E+000   6.424667E-001   2.161494E+000   6.484481E-001   1.529355E+000   1.513046E+000   1.630936E-002
   33801      40     6.500000     7.000000   6.459457E-001   4.776513E-002   3.756073E-001   1.126822E-001   5.981806E-001   2.629251E-001   3.352555E-001
   33801      41     7.000000     9.000000   1.525571E+000   3.025969E-002   2.550149E-001   7.650446E-002   1.495311E+000   1.785104E-001   1.316801E+000
   33801      42     9.000000    20.000000   1.633159E+000   1.961286E-002   1.915127E-001   5.745381E-002   1.613546E+000   1.340589E-001   1.479487E+000
   33901       1     0.200000     0.300000   5.582456E-006   3.540013E-006   2.917776E-006   8.753329E-007   2.042443E-006   2.042443E-006  -9.500342E-015
   33901       2     0.300000     0.345000   2.557270E-003   1.374824E-003   1.689209E-003   5.067628E-004   1.182447E-003   1.182447E-003  -8.478979E-013
   33901       3     0.345000     0.385000   2.512764E-003   1.152240E-003   1.943607E-003   5.830820E-004   1.360525E-003   1.360525E-003   3.397626E-012
   33901       4     0.385000     0.420000   1.293223E-002   5.311610E-003   1.088660E-002   3.265979E-003   7.620618E-003   7.620618E-003   1.268362E-012
   33901       5     0.420000     0.450000   2.349464E-002   8.965829E-003   2.075544E-002   6.226633E-003   1.452881E-002   1.452881E-002   9.535549E-013
   33901       6     0.450000     0.500000   1.310848E-001   4.710132E-002   1.199763E-001   3.599290E-002   8.398344E-002   8.398344E-002   3.261551E-011
   33901       7     0.500000     0.550000   1.748537E-001   5.938044E-002   1.649618E-001   4.948854E-002   1.154733E-001   1.154733E-001   3.768531E-011
   33901       8     0.550000     0.610000   2.295775E-001   7.513671E-002   2.206297E-001   6.618892E-002   1.544408E-001   1.544408E-001   4.735964E-011
   33901       9     0.610000     0.690000   5.693172E-001   1.805662E-001   5.553585E-001   1.666076E-001   3.887510E-001   3.887510E-001   8.483364E-011
   33901      10     0.690000     0.780000   2.472789E+000   7.671523E-001   2.436624E+000   7.309872E-001   1.705637E+000   1.705637E+000   9.742251E-011
   33901      11     0.780000     0.800000   1.063069E+000   3.229163E-001   1.046057E+000   3.138172E-001   7.401531E-001   7.322401E-001   7.912974E-003
   33901      12     0.800000     0.870000   5.878988E+000   1.800829E+000   5.823917E+000   1.747175E+000   4.078160E+000   4.076742E+000   1.417528E-003
   33901      13     0.870000     0.880000   8.736691E-001   2.596906E-001   8.573311E-001   2.571993E-001   6.139785E-001   6.001318E-001   1.384668E-002
   33901      14     0.880000     1.030000   2.249240E+001   6.829697E+000   2.237432E+001   6.712295E+000   1.566271E+001   1.566202E+001   6.875688E-004
   33901      15     1.030000     1.080000   9.248799E+000   2.415933E+000   8.563008E+000   2.568902E+000   6.832866E+000   5.994105E+000   8.387601E-001
   33901      16     1.080000     1.140000   1.173685E+001   3.468966E+000   1.161296E+001   3.483888E+000   8.267884E+000   8.129072E+000   1.388113E-001
   33901      17     1.140000     1.200000   1.143670E+001   3.434932E+000   1.139398E+001   3.418194E+000   8.001764E+000   7.975786E+000   2.597799E-002
   33901      18     1.200000     1.240000   8.097833E+000   7.708067E-001   4.028527E+000   1.208558E+000   7.327026E+000   2.819969E+000   4.507057E+000
   33901      19     1.240000     1.280000   7.733813E+000   2.133582E+000   7.460719E+000   2.238216E+000   5.600232E+000   5.222503E+000   3.777282E-001
   33901      20     1.280000     1.340000   1.109154E+001   2.078504E+000   8.883763E+000   2.665129E+000   9.013039E+000   6.218634E+000   2.794405E+000
   33901      21     1.340000     1.420000   1.012492E+001   2.717105E+000   9.641343E+000   2.892403E+000   7.407816E+000   6.748940E+000   6.588757E-001
   33901      22     1.420000     1.460000   4.444646E+000   2.626161E-001   1.483760E+000   4.451279E-001   4.182030E+000   1.038632E+000   3.143398E+000
   33901      23     1.460000     1.490000   3.316959E+000   4.504787E-001   2.244274E+000   6.732823E-001   2.866480E+000   1.570992E+000   1.295488E+000
   33901      24     1.490000     1.520000   3.416012E+000   7.157311E-001   2.903750E+000   8.711249E-001   2.700280E+000   2.032625E+000   6.676558E-001
   33901      25     1.520000     1.680000   2.089115E+001   1.322140E+000   7.622522E+000   2.286757E+000   1.956901E+001   5.335765E+000   1.423324E+001
   33901      26     1.680000     1.740000   7.400301E+000   1.966086E+000   7.083414E+000   2.125024E+000   5.434215E+000   4.958390E+000   4.758256E-001
   33901      27     1.740000     1.820000   6.859941E+000   1.908554E+000   6.674400E+000   2.002320E+000   4.951388E+000   4.672080E+000   2.793079E-001
   33901      28     1.820000     1.940000   7.844991E+000   1.248058E+000   5.577345E+000   1.673203E+000   6.596933E+000   3.904141E+000   2.692792E+000
   33901      29     1.940000     2.200000   1.524385E+001   4.357739E-001   2.551686E+000   7.655057E-001   1.480808E+001   1.786180E+000   1.302190E+001
   33901      30     2.200000     2.300000   5.897529E+000   1.628064E+000   5.727215E+000   1.718164E+000   4.269465E+000   4.009050E+000   2.604141E-001
   33901      31     2.300000     2.450000   6.412228E+000   1.915409E+000   6.401496E+000   1.920449E+000   4.496819E+000   4.481047E+000   1.577149E-002
   33901      32     2.450000     2.550000   2.808749E+000   5.462731E-001   2.345626E+000   7.036877E-001   2.262476E+000   1.641938E+000   6.205381E-001
   33901      33     2.550000     2.650000   2.466453E+000   1.442769E-001   9.384299E-001   2.815290E-001   2.322176E+000   6.569010E-001   1.665275E+000
   33901      34     2.650000     2.900000   5.107089E+000   1.350680E-005   3.591227E-004   1.077368E-004   5.107076E+000   2.513859E-004   5.106824E+000
   33901      35     2.900000     3.200000   4.829501E+000   3.612190E-001   2.449921E+000   7.349763E-001   4.468282E+000   1.714945E+000   2.753337E+000
   33901      36     3.200000     3.500000   4.479548E+000   1.295059E+000   4.421963E+000   1.326589E+000   3.184489E+000   3.095374E+000   8.911444E-002
   33901      37     3.500000     3.900000   5.317470E+000   7.536065E-001   3.367486E+000   1.010246E+000   4.563864E+000   2.357241E+000   2.206623E+000
   33901      38     3.900000     5.500000   8.889375E+000   5.967103E-002   4.611974E-001   1.383592E-001   8.829704E+000   3.228381E-001   8.506866E+000
   33901      39     5.500000     6.500000   2.171822E+000   6.424888E-001   2.161519E+000   6.484556E-001   1.529333E+000   1.513063E+000   1.626977E-002
   33901      40     6.500000     7.000000   6.459457E-001   4.773262E-002   3.754809E-001   1.126443E-001   5.982131E-001   2.628367E-001   3.353765E-001
   33901      41     7.000000     9.000000   1.525571E+000   3.030372E-002   2.550542E-001   7.651625E-002   1.495267E+000   1.785379E-001   1.316729E+000
   33901      42     9.000000    20.000000   1.633159E+000   1.977724E-002   1.923904E-001   5.771713E-002   1.613382E+000   1.346733E-001   1.478708E+000
   34001       1     0.200000     0.300000   5.582456E-006   3.540013E-006   2.917776E-006   8.753329E-007   2.042443E-006   2.042443E-006  -9.500342E-015
   34001       2     0.300000     0.345000   2.557270E-003   1.374824E-003   1.689209E-003   5.067628E-004   1.182447E-003   1.182447E-003  -8.478979E-013
   34001       3     0.345000     0.385000   2.512764E-003   1.152240E-003   1.943607E-003   5.830820E-004   1.360525E-003   1.360525E-003   3.397626E-012
   34001       4     0.385000     0.420000   1.293223E-002   5.311610E-003   1.088660E-002   3.265979E-003   7.620618E-003   7.620618E-003   1.507188E-013
   34001       5     0.420000     0.450000   2.349464E-002   8.965829E-003   2.075544E-002   6.226633E-003   1.452881E-002   1.452881E-002  -3.516409E-012
   34001       6     0.450000     0.500000   1.310848E-001   4.710132E-002   1.199763E-001   3.599290E-002   8.398344E-002   8.398344E-002   1.550549E-011
   34001       7     0.500000     0.550000   1.748537E-001   5.938044E-002   1.649618E-001   4.948854E-002   1.154733E-001   1.154733E-001   4.068042E-011
   34001       8     0.550000     0.610000   2.295775E-001   7.513671E-002   2.206297E-001   6.618892E-002   1.544408E-001   1.544408E-001   5.533621E-011
   34001       9     0.610000     0.690000   5.693172E-001   1.805662E-001   5.553585E-001   1.666076E-001   3.887510E-001   3.887510E-001   4.096401E-011
   34001      10     0.690000     0.780000   2.472789E+000   7.671523E-001   2.436624E+000   7.309872E-001   1.705637E+000   1.705637E+000  -1.688782E-011
   34001      11     0.780000     0.800000   1.063069E+000   3.229164E-001   1.046057E+000   3.138172E-001   7.401530E-001   7.322402E-001   7.912769E-003
   34001      12     0.800000     0.870000   5.878988E+000   1.800829E+000   5.823917E+000   1.747175E+000   4.078160E+000   4.076742E+000   1.417795E-003
   34001      13     0.870000     0.880000   8.736691E-001   2.596932E-001   8.573340E-001   2.572002E-001   6.139759E-001   6.001338E-001   1.384208E-002
   34001      14     0.880000     1.030000   2.249240E+001   6.829697E+000   2.237432E+001   6.712295E+000   1.566271E+001   1.566202E+001   6.871887E-004
   34001      15     1.030000     1.080000   9.248799E+000   2.415987E+000   8.563047E+000   2.568914E+000   6.832812E+000   5.994133E+000   8.386794E-001
   34001      16     1.080000     1.140000   1.173685E+001   3.468970E+000   1.161296E+001   3.483889E+000   8.267879E+000   8.129075E+000   1.388040E-001
   34001      17     1.140000     1.200000   1.143670E+001   3.434933E+000   1.139398E+001   3.418194E+000   8.001764E+000   7.975787E+000   2.597685E-002
   34001      18     1.200000     1.240000   8.097833E+000   7.713408E-001   4.029918E+000   1.208975E+000   7.326492E+000   2.820942E+000   4.505550E+000
   34001      19     1.240000     1.280000   7.733813E+000   2.133684E+000   7.460850E+000   2.238255E+000   5.600130E+000   5.222595E+000   3.775347E-001
   34001      20     1.280000     1.340000   1.109154E+001   2.078772E+000   8.884107E+000   2.665232E+000   9.012770E+000   6.218875E+000   2.793896E+000
   34001      21     1.340000     1.420000   1.012492E+001   2.717260E+000   9.641536E+000   2.892461E+000   7.407661E+000   6.749075E+000   6.585862E-001
   34001      22     1.420000     1.460000   4.444646E+000   2.628697E-001   1.484878E+000   4.454633E-001   4.181776E+000   1.039414E+000   3.142362E+000
   34001      23     1.460000     1.490000   3.316959E+000   4.507637E-001   2.244751E+000   6.734254E-001   2.866195E+000   1.571326E+000   1.294869E+000
   34001      24     1.490000     1.520000   3.416012E+000   7.159366E-001   2.904054E+000   8.712161E-001   2.700075E+000   2.032838E+000   6.672373E-001
   34001      25     1.520000     1.680000   2.089115E+001   1.323553E+000   7.627418E+000   2.288225E+000   1.956760E+001   5.339193E+000   1.422840E+001
   34001      26     1.680000     1.740000   7.400301E+000   1.966222E+000   7.083581E+000   2.125074E+000   5.434080E+000   4.958507E+000   4.755730E-001
   34001      27     1.740000     1.820000   6.859941E+000   1.909288E+000   6.675353E+000   2.002606E+000   4.950653E+000   4.672747E+000   2.779057E-001
   34001      28     1.820000     1.940000   7.844991E+000   1.248945E+000   5.579655E+000   1.673896E+000   6.596046E+000   3.905758E+000   2.690288E+000
   34001      29     1.940000     2.200000   1.524385E+001   4.363071E-001   2.553554E+000   7.660662E-001   1.480754E+001   1.787488E+000   1.302006E+001
   34001      30     2.200000     2.300000   5.897529E+000   1.628153E+000   5.727324E+000   1.718197E+000   4.269375E+000   4.009127E+000   2.602487E-001
   34001      31     2.300000     2.450000   6.412228E+000   1.915414E+000   6.401502E+000   1.920451E+000   4.496814E+000   4.481051E+000   1.576226E-002
   34001      32     2.450000     2.550000   2.808749E+000   5.466756E-001   2.346426E+000   7.039277E-001   2.262074E+000   1.642498E+000   6.195755E-001
   34001      33     2.550000     2.650000   2.466453E+000   1.443657E-001   9.389049E-001   2.816715E-001   2.322088E+000   6.572334E-001   1.664854E+000
   34001      34     2.650000     2.900000   5.107089E+000   1.351618E-005   3.685062E-004   1.105519E-004   5.107076E+000   2.579544E-004   5.106818E+000
   34001      35     2.900000     3.200000   4.829501E+000   3.618318E-001   2.452017E+000   7.356052E-001   4.467669E+000   1.716412E+000   2.751257E+000
   34001      36     3.200000     3.500000   4.479548E+000   1.295168E+000   4.422098E+000   1.326629E+000   3.184380E+000   3.095468E+000   8.891143E-002
   34001      37     3.500000     3.900000   5.317470E+000   7.536878E-001   3.367546E+000   1.010264E+000   4.563783E+000   2.357282E+000   2.206501E+000
   34001      38     3.900000     5.500000   8.889375E+000   5.980141E-002   4.618680E-001   1.385604E-001   8.829574E+000   3.233076E-001   8.506266E+000
   34001      39     5.500000     6.500000   2.171822E+000   6.425096E-001   2.161542E+000   6.484627E-001   1.529312E+000   1.513080E+000   1.623244E-002
   34001      40     6.500000     7.000000   6.459457E-001   4.770096E-002   3.753579E-001   1.126074E-001   5.982448E-001   2.627505E-001   3.354942E-001
   34001      41     7.000000     9.000000   1.525571E+000   3.034599E-002   2.550930E-001   7.652790E-002   1.495225E+000   1.785651E-001   1.316660E+000
   34001      42     9.000000    20.000000   1.633159E+000   1.993440E-002   1.932244E-001   5.796731E-002   1.613225E+000   1.352571E-001   1.477967E+000
   34101       1     0.200000     0.300000   5.582456E-006   3.540013E-006   2.917776E-006   8.753329E-007   2.042443E-006   2.042443E-006  -9.500342E-015
   34101       2     0.300000     0.345000   2.557270E-003   1.374824E-003   1.689209E-003   5.067628E-004   1.182447E-003   1.182447E-003  -8.478979E-013
   34101       3     0.345000     0.385000   2.512764E-003   1.152240E-003   1.943607E-003   5.830820E-004   1.360525E-003   1.360525E-003   3.397626E-012
   34101       4     0.385000     0.420000   1.293223E-002   5.311610E-003   1.088660E-002   3.265979E-003   7.620618E-003   7.620618E-003   1.243299E-012
   34101       5     0.420000     0.450000   2.349464E-002   8.965829E-003   2.075544E-002   6.226633E-003   1.452881E-002   1.452881E-002  -6.044526E-012
   34101       6     0.450000     0.500000   1.310848E-001   4.710132E-002   1.199763E-001   3.599290E-002   8.398344E-002   8.398344E-002   8.658990E-012
   34101       7     0.500000     0.550000   1.748537E-001   5.938044E-002   1.649618E-001   4.948854E-002   1.154733E-001   1.154733E-001   4.792050E-011
   34101       8     0.550000     0.610000   2.295775E-001   7.513671E-002   2.206297E-001   6.618892E-002   1.544408E-001   1.544408E-001   2.363548E-011
   34101       9     0.610000     0.690000   5.693172E-001   1.805662E-001   5.553585E-001   1.666076E-001   3.887510E-001   3.887510E-001   4.226608E-011
   34101      10     0.690000     0.780000   2.472789E+000   7.671523E-001   2.436624E+000   7.309872E-001   1.705637E+000   1.705637E+000   1.902918E-010
   34101      11     0.780000     0.800000   1.063069E+000   3.229165E-001   1.046058E+000   3.138173E-001   7.401529E-001   7.322403E-001   7.912574E-003
   34101      12     0.800000     0.870000   5.878988E+000   1.800828E+000   5.823917E+000   1.747175E+000   4.078160E+000   4.076742E+000   1.418050E-003
   34101      13     0.870000     0.880000   8.736691E-001   2.596956E-001   8.573368E-001   2.572010E-001   6.139734E-001   6.001358E-001   1.383768E-002
   34101      14     0.880000     1.030000   2.249240E+001   6.829697E+000   2.237432E+001   6.712295E+000   1.566271E+001   1.566202E+001   6.868233E-004
   34101      15     1.030000     1.080000   9.248799E+000   2.416038E+000   8.563084E+000   2.568925E+000   6.832761E+000   5.994159E+000   8.386020E-001
   34101      16     1.080000     1.140000   1.173685E+001   3.468974E+000   1.161297E+001   3.483891E+000   8.267875E+000   8.129078E+000   1.387971E-001
   34101      17     1.140000     1.200000   1.143670E+001   3.434934E+000   1.139398E+001   3.418195E+000   8.001763E+000   7.975787E+000   2.597577E-002
   34101      18     1.200000     1.240000   8.097833E+000   7.718552E-001   4.031256E+000   1.209377E+000   7.325978E+000   2.821879E+000   4.504098E+000
   34101      19     1.240000     1.280000   7.733813E+000   2.133781E+000   7.460976E+000   2.238293E+000   5.600032E+000   5.222683E+000   3.773488E-001
   34101      20     1.280000     1.340000   1.109154E+001   2.079030E+000   8.884437E+000   2.665331E+000   9.012513E+000   6.219106E+000   2.793407E+000
   34101      21     1.340000     1.420000   1.012492E+001   2.717408E+000   9.641721E+000   2.892516E+000   7.407513E+000   6.749205E+000   6.583082E-001
   34101      22     1.420000     1.460000   4.444646E+000   2.631151E-001   1.485958E+000   4.457875E-001   4.181531E+000   1.040171E+000   3.141360E+000
   34101      23     1.460000     1.490000   3.316959E+000   4.510385E-001   2.245211E+000   6.735633E-001   2.865920E+000   1.571648E+000   1.294273E+000
   34101      24     1.490000     1.520000   3.416012E+000   7.161341E-001   2.904346E+000   8.713038E-001   2.699877E+000   2.033042E+000   6.668352E-001
   34101      25     1.520000     1.680000   2.089115E+001   1.324914E+000   7.632134E+000   2.289640E+000   1.956623E+001   5.342494E+000   1.422374E+001
   34101      26     1.680000     1.740000   7.400301E+000   1.966352E+000   7.083741E+000   2.125122E+000   5.433949E+000   4.958619E+000   4.753304E-001
   34101      27     1.740000     1.820000   6.859941E+000   1.909997E+000   6.676272E+000   2.002882E+000   4.949944E+000   4.673390E+000   2.765534E-001
   34101      28     1.820000     1.940000   7.844991E+000   1.249802E+000   5.581882E+000   1.674565E+000   6.595189E+000   3.907318E+000   2.687871E+000
   34101      29     1.940000     2.200000   1.524385E+001   4.368211E-001   2.555353E+000   7.666058E-001   1.480703E+001   1.788747E+000   1.301828E+001
   34101      30     2.200000     2.300000   5.897529E+000   1.628239E+000   5.727428E+000   1.718229E+000   4.269290E+000   4.009200E+000   2.600899E-001
   34101      31     2.300000     2.450000   6.412228E+000   1.915419E+000   6.401507E+000   1.920452E+000   4.496809E+000   4.481055E+000   1.575339E-002
   34101      32     2.450000     2.550000   2.808749E+000   5.470638E-001   2.347197E+000   7.041591E-001   2.261685E+000   1.643038E+000   6.186476E-001
   34101      33     2.550000     2.650000   2.466453E+000   1.444514E-001   9.393644E-001   2.818093E-001   2.322002E+000   6.575551E-001   1.664447E+000
   34101      34     2.650000     2.900000   5.107089E+000   1.352505E-005   3.777845E-004   1.133354E-004   5.107076E+000   2.644492E-004   5.106811E+000
   34101      35     2.900000     3.200000   4.829501E+000   3.624232E-001   2.454039E+000   7.362116E-001   4.467078E+000   1.717827E+000   2.749251E+000
   34101      36     3.200000     3.500000   4.479548E+000   1.295273E+000   4.422227E+000   1.326668E+000   3.184275E+000   3.095559E+000   8.871620E-002
   34101      37     3.500000     3.900000   5.317470E+000   7.537660E-001   3.367603E+000   1.010281E+000   4.563704E+000   2.357322E+000   2.206383E+000
   34101      38     3.900000     5.500000   8.889375E+000   5.992745E-002   4.625149E-001   1.387545E-001   8.829448E+000   3.237604E-001   8.505687E+000
   34101      39     5.500000     6.500000   2.171822E+000   6.425297E-001   2.161565E+000   6.484695E-001   1.529292E+000   1.513095E+000   1.619645E-002
   34101      40     6.500000     7.000000   6.459457E-001   4.767062E-002   3.752398E-001   1.125719E-001   5.982751E-001   2.626679E-001   3.356072E-001
   34101      41     7.000000     9.000000   1.525571E+000   3.038667E-002   2.551302E-001   7.653907E-002   1.495184E+000   1.785912E-001   1.316593E+000
   34101      42     9.000000    20.000000   1.633159E+000   2.008831E-002   1.940359E-001   5.821078E-002   1.613071E+000   1.358252E-001   1.477245E+000
   34201       1     0.200000     0.300000   5.582456E-006   3.540013E-006   2.917776E-006   8.753329E-007   2.042443E-006   2.042443E-006  -9.500342E-015
   34201       2     0.300000     0.345000   2.557270E-003   1.374824E-003   1.689209E-003   5.067628E-004   1.182447E-003   1.182447E-003  -8.478979E-013
   34201       3     0.345000     0.385000   2.512764E-003   1.152240E-003   1.943607E-003   5.830820E-004   1.360525E-003   1.360525E-003   3.397626E-012
   34201       4     0.385000     0.420000   1.293223E-002   5.311610E-003   1.088660E-002   3.265979E-003   7.620618E-003   7.620618E-003   1.243299E-012
   34201       5     0.420000     0.450000   2.349464E-002   8.965829E-003   2.075544E-002   6.226633E-003   1.452881E-002   1.452881E-002  -4.558680E-012
   34201       6     0.450000     0.500000   1.310848E-001   4.710132E-002   1.199763E-001   3.599290E-002   8.398344E-002   8.398344E-002  -8.212181E-013
   34201       7     0.500000     0.550000   1.748537E-001   5.938044E-002   1.649618E-001   4.948854E-002   1.154733E-001   1.154733E-001   4.102466E-011
   34201       8     0.550000     0.610000   2.295775E-001   7.513671E-002   2.206297E-001   6.618892E-002   1.544408E-001   1.544408E-001   3.515122E-011
   34201       9     0.610000     0.690000   5.693172E-001   1.805662E-001   5.553585E-001   1.666076E-001   3.887510E-001   3.887510E-001   1.016391E-010
   34201      10     0.690000     0.780000   2.472789E+000   7.671523E-001   2.436624E+000   7.309872E-001   1.705637E+000   1.705637E+000   2.917822E-011
   34201      11     0.780000     0.800000   1.063069E+000   3.229167E-001   1.046058E+000   3.138173E-001   7.401528E-001   7.322404E-001   7.912386E-003
   34201      12     0.800000     0.870000   5.878988E+000   1.800828E+000   5.823917E+000   1.747175E+000   4.078160E+000   4.076742E+000   1.418295E-003
   34201      13     0.870000     0.880000   8.736691E-001   2.596980E-001   8.573395E-001   2.572018E-001   6.139711E-001   6.001376E-001   1.383344E-002
   34201      14     0.880000     1.030000   2.249240E+001   6.829697E+000   2.237432E+001   6.712295E+000   1.566271E+001   1.566202E+001   6.864715E-004
   34201      15     1.030000     1.080000   9.248799E+000   2.416088E+000   8.563119E+000   2.568936E+000   6.832711E+000   5.994184E+000   8.385276E-001
   34201      16     1.080000     1.140000   1.173685E+001   3.468978E+000   1.161297E+001   3.483892E+000   8.267872E+000   8.129081E+000   1.387905E-001
   34201      17     1.140000     1.200000   1.143670E+001   3.434934E+000   1.139398E+001   3.418195E+000   8.001763E+000   7.975788E+000   2.597474E-002
   34201      18     1.200000     1.240000   8.097833E+000   7.723514E-001   4.032547E+000   1.209764E+000   7.325481E+000   2.822783E+000   4.502699E+000
   34201      19     1.240000     1.280000   7.733813E+000   2.133876E+000   7.461097E+000   2.238329E+000   5.599938E+000   5.222768E+000   3.771701E-001
   34201      20     1.280000     1.340000   1.109154E+001   2.079278E+000   8.884755E+000   2.665426E+000   9.012265E+000   6.219328E+000   2.792937E+000
   34201      21     1.340000     1.420000   1.012492E+001   2.717550E+000   9.641899E+000   2.892570E+000   7.407370E+000   6.749330E+000   6.580410E-001
   34201      22     1.420000     1.460000   4.444646E+000   2.633528E-001   1.487005E+000   4.461014E-001   4.181293E+000   1.040903E+000   3.140390E+000
   34201      23     1.460000     1.490000   3.316959E+000   4.513037E-001   2.245654E+000   6.736962E-001   2.865655E+000   1.571958E+000   1.293697E+000
   34201      24     1.490000     1.520000   3.416012E+000   7.163243E-001   2.904627E+000   8.713882E-001   2.699687E+000   2.033239E+000   6.664481E-001
   34201      25     1.520000     1.680000   2.089115E+001   1.326229E+000   7.636683E+000   2.291005E+000   1.956492E+001   5.345678E+000   1.421924E+001
   34201      26     1.680000     1.740000   7.400301E+000   1.966478E+000   7.083895E+000   2.125169E+000   5.433824E+000   4.958727E+000   4.750971E-001
   34201      27     1.740000     1.820000   6.859941E+000   1.910683E+000   6.677159E+000   2.003148E+000   4.949259E+000   4.674011E+000   2.752474E-001
   34201      28     1.820000     1.940000   7.844991E+000   1.250632E+000   5.584034E+000   1.675210E+000   6.594360E+000   3.908824E+000   2.685536E+000
   34201      29     1.940000     2.200000   1.524385E+001   4.373171E-001   2.557087E+000   7.671261E-001   1.480653E+001   1.789961E+000   1.301657E+001
   34201      30     2.200000     2.300000   5.897529E+000   1.628321E+000   5.727529E+000   1.718259E+000   4.269208E+000   4.009270E+000   2.599373E-001
   34201      31     2.300000     2.450000   6.412228E+000   1.915424E+000   6.401513E+000   1.920454E+000   4.496804E+000   4.481059E+000   1.574485E-002
   34201      32     2.450000     2.550000   2.808749E+000   5.474387E-001   2.347941E+000   7.043823E-001   2.261311E+000   1.643559E+000   6.177518E-001
   34201      33     2.550000     2.650000   2.466453E+000   1.445343E-001   9.398094E-001   2.819428E-001   2.321919E+000   6.578666E-001   1.664052E+000
   34201      34     2.650000     2.900000   5.107089E+000   1.353346E-005   3.869638E-004   1.160891E-004   5.107076E+000   2.708747E-004   5.106805E+000
   34201      35     2.900000     3.200000   4.829501E+000   3.629948E-001   2.455990E+000   7.367970E-001   4.466506E+000   1.719193E+000   2.747313E+000
   34201      36     3.200000     3.500000   4.479548E+000   1.295374E+000   4.422351E+000   1.326705E+000   3.184174E+000   3.095646E+000   8.852817E-002
   34201      37     3.500000     3.900000   5.317470E+000   7.538411E-001   3.367658E+000   1.010297E+000   4.563629E+000   2.357360E+000   2.206269E+000
   34201      38     3.900000     5.500000   8.889375E+000   6.004945E-002   4.631397E-001   1.389419E-001   8.829326E+000   3.241978E-001   8.505128E+000
   34201      39     5.500000     6.500000   2.171822E+000   6.425491E-001   2.161587E+000   6.484761E-001   1.529273E+000   1.513111E+000   1.616171E-002
   34201      40     6.500000     7.000000   6.459457E-001   4.764147E-002   3.751263E-001   1.125379E-001   5.983043E-001   2.625884E-001   3.357158E-001
   34201      41     7.000000     9.000000   1.525571E+000   3.042587E-002   2.551660E-001   7.654980E-002   1.495145E+000   1.786162E-001   1.316529E+000
   34201      42     9.000000    20.000000   1.633159E+000   2.023919E-002   1.948267E-001   5.844802E-002   1.612920E+000   1.363787E-001   1.476541E+000
   34301       1     0.200000     0.300000   5.582456E-006   3.540013E-006   2.917776E-006   8.753329E-007   2.042443E-006   2.042443E-006  -9.500342E-015
   34301       2     0.300000     0.345000   2.557270E-003   1.374824E-003   1.689209E-003   5.067628E-004   1.182447E-003   1.182447E-003  -8.478979E-013
   34301       3     0.345000     0.385000   2.512764E-003   1.152240E-003   1.943607E-003   5.830820E-004   1.360525E-003   1.360525E-003   3.397626E-012
   34301       4     0.385000     0.420000   1.293223E-002   5.311610E-003   1.088660E-002   3.265979E-003   7.620618E-003   7.620618E-003   1.243299E-012
   34301       5     0.420000     0.450000   2.349464E-002   8.965829E-003   2.075544E-002   6.226633E-003   1.452881E-002   1.452881E-002  -5.583084E-012
   34301       6     0.450000     0.500000   1.310848E-001   4.710132E-002   1.199763E-001   3.599290E-002   8.398344E-002   8.398344E-002   3.131828E-012
   34301       7     0.500000     0.550000   1.748537E-001   5.938044E-002   1.649618E-001   4.948854E-002   1.154733E-001   1.154733E-001   4.193697E-011
   34301       8     0.550000     0.610000   2.295775E-001   7.513671E-002   2.206297E-001   6.618892E-002   1.544408E-001   1.544408E-001   1.298012E-011
   34301       9     0.610000     0.690000   5.693172E-001   1.805662E-001   5.553585E-001   1.666076E-001   3.887510E-001   3.887510E-001   7.321466E-011
   34301      10     0.690000     0.780000   2.472789E+000   7.671523E-001   2.436624E+000   7.309872E-001   1.705637E+000   1.705637E+000   9.143974E-011
   34301      11     0.780000     0.800000   1.063069E+000   3.229168E-001   1.046058E+000   3.138173E-001   7.401526E-001   7.322404E-001   7.912206E-003
   34301      12     0.800000     0.870000   5.878988E+000   1.800828E+000   5.823917E+000   1.747175E+000   4.078160E+000   4.076742E+000   1.418530E-003
   34301      13     0.870000     0.880000   8.736691E-001   2.597003E-001   8.573420E-001   2.572026E-001   6.139688E-001   6.001394E-001   1.382936E-002
   34301      14     0.880000     1.030000   2.249240E+001   6.829697E+000   2.237432E+001   6.712295E+000   1.566271E+001   1.566202E+001   6.861322E-004
   34301      15     1.030000     1.080000   9.248799E+000   2.416135E+000   8.563154E+000   2.568946E+000   6.832664E+000   5.994208E+000   8.384562E-001
   34301      16     1.080000     1.140000   1.173685E+001   3.468982E+000   1.161298E+001   3.483893E+000   8.267868E+000   8.129084E+000   1.387842E-001
   34301      17     1.140000     1.200000   1.143670E+001   3.434935E+000   1.139398E+001   3.418195E+000   8.001762E+000   7.975788E+000   2.597376E-002
   34301      18     1.200000     1.240000   8.097833E+000   7.728306E-001   4.033792E+000   1.210137E+000   7.325002E+000   2.823654E+000   4.501348E+000
   34301      19     1.240000     1.280000   7.733813E+000   2.133966E+000   7.461213E+000   2.238364E+000   5.599847E+000   5.222849E+000   3.769980E-001
   34301      20     1.280000     1.340000   1.109154E+001   2.079517E+000   8.885060E+000   2.665518E+000   9.012026E+000   6.219542E+000   2.792484E+000
   34301      21     1.340000     1.420000   1.012492E+001   2.717688E+000   9.642071E+000   2.892621E+000   7.407233E+000   6.749450E+000   6.577836E-001
   34301      22     1.420000     1.460000   4.444646E+000   2.635834E-001   1.488019E+000   4.464056E-001   4.181062E+000   1.041613E+000   3.139449E+000
   34301      23     1.460000     1.490000   3.316959E+000   4.515600E-001   2.246082E+000   6.738246E-001   2.865399E+000   1.572257E+000   1.293142E+000
   34301      24     1.490000     1.520000   3.416012E+000   7.165077E-001   2.904899E+000   8.714696E-001   2.699504E+000   2.033429E+000   6.660749E-001
   34301      25     1.520000     1.680000   2.089115E+001   1.327499E+000   7.641077E+000   2.292323E+000   1.956365E+001   5.348754E+000   1.421489E+001
   34301      26     1.680000     1.740000   7.400301E+000   1.966598E+000   7.084044E+000   2.125213E+000   5.433703E+000   4.958831E+000   4.748723E-001
   34301      27     1.740000     1.820000   6.859941E+000   1.911345E+000   6.678016E+000   2.003405E+000   4.948596E+000   4.674612E+000   2.739842E-001
   34301      28     1.820000     1.940000   7.844991E+000   1.251435E+000   5.586114E+000   1.675834E+000   6.593556E+000   3.910280E+000   2.683276E+000
   34301      29     1.940000     2.200000   1.524385E+001   4.377966E-001   2.558762E+000   7.676285E-001   1.480605E+001   1.791133E+000   1.301492E+001
   34301      30     2.200000     2.300000   5.897529E+000   1.628400E+000   5.727626E+000   1.718288E+000   4.269128E+000   4.009338E+000   2.597904E-001
   34301      31     2.300000     2.450000   6.412228E+000   1.915429E+000   6.401518E+000   1.920455E+000   4.496799E+000   4.481063E+000   1.573663E-002
   34301      32     2.450000     2.550000   2.808749E+000   5.478012E-001   2.348660E+000   7.045981E-001   2.260948E+000   1.644062E+000   6.168859E-001
   34301      33     2.550000     2.650000   2.466453E+000   1.446147E-001   9.402411E-001   2.820723E-001   2.321839E+000   6.581688E-001   1.663670E+000
   34301      34     2.650000     2.900000   5.107089E+000   1.354145E-005   3.960506E-004   1.188152E-004   5.107076E+000   2.772354E-004   5.106798E+000
   34301      35     2.900000     3.200000   4.829501E+000   3.635481E-001   2.457877E+000   7.373631E-001   4.465953E+000   1.720514E+000   2.745439E+000
   34301      36     3.200000     3.500000   4.479548E+000   1.295471E+000   4.422471E+000   1.326741E+000   3.184077E+000   3.095730E+000   8.834682E-002
   34301      37     3.500000     3.900000   5.317470E+000   7.539135E-001   3.367710E+000   1.010313E+000   4.563557E+000   2.357397E+000   2.206160E+000
   34301      38     3.900000     5.500000   8.889375E+000   6.016769E-002   4.637439E-001   1.391232E-001   8.829208E+000   3.246207E-001   8.504587E+000
   34301      39     5.500000     6.500000   2.171822E+000   6.425678E-001   2.161608E+000   6.484824E-001   1.529254E+000   1.513126E+000   1.612812E-002
   34301      40     6.500000     7.000000   6.459457E-001   4.761341E-002   3.750170E-001   1.125051E-001   5.983323E-001   2.625119E-001   3.358204E-001
   34301      41     7.000000     9.000000   1.525571E+000   3.046368E-002   2.552004E-001   7.656013E-002   1.495107E+000   1.786403E-001   1.316467E+000
   34301      42     9.000000    20.000000   1.633159E+000   2.038727E-002   1.955982E-001   5.867946E-002   1.612772E+000   1.369187E-001   1.475853E+000
   34401       1     0.200000     0.300000   5.582456E-006   3.540013E-006   2.917776E-006   8.753329E-007   2.042443E-006   2.042443E-006  -9.500342E-015
   34401       2     0.300000     0.345000   2.557270E-003   1.374824E-003   1.689209E-003   5.067628E-004   1.182447E-003   1.182447E-003  -8.478979E-013
   34401       3     0.345000     0.385000   2.512764E-003   1.152240E-003   1.943607E-003   5.830820E-004   1.360525E-003   1.360525E-003   3.397626E-012
   34401       4     0.385000     0.420000   1.293223E-002   5.311610E-003   1.088660E-002   3.265979E-003   7.620618E-003   7.620618E-003   1.584907E-012
   34401       5     0.420000     0.450000   2.349464E-002   8.965829E-003   2.075544E-002   6.226633E-003   1.452881E-002   1.452881E-002  -6.998733E-012
   34401       6     0.450000     0.500000   1.310848E-001   4.710132E-002   1.199763E-001   3.599290E-002   8.398344E-002   8.398344E-002  -1.642630E-012
   34401       7     0.500000     0.550000   1.748537E-001   5.938044E-002   1.649618E-001   4.948854E-002   1.154733E-001   1.154733E-001   4.018894E-011
   34401       8     0.550000     0.610000   2.295775E-001   7.513671E-002   2.206297E-001   6.618892E-002   1.544408E-001   1.544408E-001   3.909068E-011
   34401       9     0.610000     0.690000   5.693172E-001   1.805662E-001   5.553585E-001   1.666076E-001   3.887510E-001   3.887510E-001   1.025380E-011
   34401      10     0.690000     0.780000   2.472789E+000   7.671523E-001   2.436624E+000   7.309872E-001   1.705637E+000   1.705637E+000   2.476019E-011
   34401      11     0.780000     0.800000   1.063069E+000   3.229169E-001   1.046058E+000   3.138174E-001   7.401525E-001   7.322405E-001   7.912033E-003
   34401      12     0.800000     0.870000   5.878988E+000   1.800828E+000   5.823916E+000   1.747175E+000   4.078160E+000   4.076742E+000   1.418756E-003
   34401      13     0.870000     0.880000   8.736691E-001   2.597025E-001   8.573445E-001   2.572034E-001   6.139666E-001   6.001412E-001   1.382544E-002
   34401      14     0.880000     1.030000   2.249240E+001   6.829698E+000   2.237432E+001   6.712295E+000   1.566271E+001   1.566202E+001   6.858055E-004
   34401      15     1.030000     1.080000   9.248799E+000   2.416181E+000   8.563186E+000   2.568956E+000   6.832618E+000   5.994231E+000   8.383875E-001
   34401      16     1.080000     1.140000   1.173685E+001   3.468985E+000   1.161298E+001   3.483894E+000   8.267865E+000   8.129087E+000   1.387781E-001
   34401      17     1.140000     1.200000   1.143670E+001   3.434935E+000   1.139398E+001   3.418195E+000   8.001762E+000   7.975789E+000   2.597282E-002
   34401      18     1.200000     1.240000   8.097833E+000   7.732929E-001   4.034992E+000   1.210497E+000   7.324540E+000   2.824494E+000   4.500046E+000
   34401      19     1.240000     1.280000   7.733813E+000   2.134053E+000   7.461325E+000   2.238397E+000   5.599760E+000   5.222927E+000   3.768324E-001
   34401      20     1.280000     1.340000   1.109154E+001   2.079747E+000   8.885354E+000   2.665606E+000   9.011796E+000   6.219748E+000   2.792048E+000
   34401      21     1.340000     1.420000   1.012492E+001   2.717820E+000   9.642236E+000   2.892671E+000   7.407101E+000   6.749565E+000   6.575360E-001
   34401      22     1.420000     1.460000   4.444646E+000   2.638067E-001   1.489000E+000   4.467000E-001   4.180839E+000   1.042300E+000   3.138539E+000
   34401      23     1.460000     1.490000   3.316959E+000   4.518075E-001   2.246494E+000   6.739483E-001   2.865151E+000   1.572546E+000   1.292605E+000
   34401      24     1.490000     1.520000   3.416012E+000   7.166842E-001   2.905160E+000   8.715479E-001   2.699327E+000   2.033612E+000   6.657156E-001
   34401      25     1.520000     1.680000   2.089115E+001   1.328726E+000   7.645315E+000   2.293594E+000   1.956242E+001   5.351720E+000   1.421070E+001
   34401      26     1.680000     1.740000   7.400301E+000   1.966715E+000   7.084187E+000   2.125256E+000   5.433587E+000   4.958931E+000   4.746561E-001
   34401      27     1.740000     1.820000   6.859941E+000   1.911986E+000   6.678844E+000   2.003653E+000   4.947955E+000   4.675191E+000   2.727647E-001
   34401      28     1.820000     1.940000   7.844991E+000   1.252212E+000   5.588122E+000   1.676437E+000   6.592779E+000   3.911686E+000   2.681093E+000
   34401      29     1.940000     2.200000   1.524385E+001   4.382593E-001   2.560377E+000   7.681130E-001   1.480559E+001   1.792264E+000   1.301333E+001
   34401      30     2.200000     2.300000   5.897529E+000   1.628477E+000   5.727719E+000   1.718316E+000   4.269052E+000   4.009403E+000   2.596491E-001
   34401      31     2.300000     2.450000   6.412228E+000   1.915433E+000   6.401523E+000   1.920457E+000   4.496795E+000   4.481066E+000   1.572872E-002
   34401      32     2.450000     2.550000   2.808749E+000   5.481512E-001   2.349354E+000   7.048063E-001   2.260598E+000   1.644548E+000   6.160501E-001
   34401      33     2.550000     2.650000   2.466453E+000   1.446923E-001   9.406589E-001   2.821977E-001   2.321761E+000   6.584613E-001   1.663300E+000
   34401      34     2.650000     2.900000   5.107089E+000   1.354903E-005   4.050224E-004   1.215067E-004   5.107076E+000   2.835157E-004   5.106792E+000
   34401      35     2.900000     3.200000   4.829501E+000   3.640827E-001   2.459699E+000   7.379097E-001   4.465418E+000   1.721789E+000   2.743629E+000
   34401      36     3.200000     3.500000   4.479548E+000   1.295565E+000   4.422587E+000   1.326776E+000   3.183983E+000   3.095811E+000   8.817212E-002
   34401      37     3.500000     3.900000   5.317470E+000   7.539831E-001   3.367761E+000   1.010328E+000   4.563487E+000   2.357433E+000   2.206055E+000
   34401      38     3.900000     5.500000   8.889375E+000   6.028210E-002   4.643274E-001   1.392982E-001   8.829093E+000   3.250292E-001   8.504064E+000
   34401      39     5.500000     6.500000   2.171822E+000   6.425859E-001   2.161629E+000   6.484886E-001   1.529236E+000   1.513140E+000   1.609572E-002
   34401      40     6.500000     7.000000   6.459457E-001   4.758639E-002   3.749116E-001   1.124735E-001   5.983593E-001   2.624381E-001   3.359212E-001
   34401      41     7.000000     9.000000   1.525571E+000   3.050011E-002   2.552335E-001   7.657005E-002   1.495071E+000   1.786635E-001   1.316408E+000
   34401      42     9.000000    20.000000   1.633159E+000   2.053215E-002   1.963487E-001   5.890462E-002   1.612627E+000   1.374441E-001   1.475183E+000
   34501       1     0.200000     0.300000   5.582456E-006   3.540013E-006   2.917776E-006   8.753329E-007   2.042443E-006   2.042443E-006  -9.500342E-015
   34501       2     0.300000     0.345000   2.557270E-003   1.374824E-003   1.689209E-003   5.067628E-004   1.182447E-003   1.182447E-003  -8.478979E-013
   34501       3     0.345000     0.385000   2.512764E-003   1.152240E-003   1.943607E-003   5.830820E-004   1.360525E-003   1.360525E-003   3.397626E-012
   34501       4     0.385000     0.420000   1.293223E-002   5.311610E-003   1.088660E-002   3.265979E-003   7.620618E-003   7.620618E-003   3.014826E-012
   34501       5     0.420000     0.450000   2.349464E-002   8.965829E-003   2.075544E-002   6.226633E-003   1.452881E-002   1.452881E-002  -4.657240E-012
   34501       6     0.450000     0.500000   1.310848E-001   4.710132E-002   1.199763E-001   3.599290E-002   8.398344E-002   8.398344E-002  -1.988257E-012
   34501       7     0.500000     0.550000   1.748537E-001   5.938044E-002   1.649618E-001   4.948854E-002   1.154733E-001   1.154733E-001   4.322769E-011
   34501       8     0.550000     0.610000   2.295775E-001   7.513671E-002   2.206297E-001   6.618892E-002   1.544408E-001   1.544408E-001   6.026751E-011
   34501       9     0.610000     0.690000   5.693172E-001   1.805662E-001   5.553585E-001   1.666076E-001   3.887510E-001   3.887510E-001   8.908985E-012
   34501      10     0.690000     0.780000   2.472789E+000   7.671523E-001   2.436624E+000   7.309872E-001   1.705637E+000   1.705637E+000   3.534950E-012
   34501      11     0.780000     0.800000   1.063069E+000   3.229170E-001   1.046058E+000   3.138174E-001   7.401524E-001   7.322406E-001   7.911867E-003
   34501      12     0.800000     0.870000   5.878988E+000   1.800828E+000   5.823916E+000   1.747175E+000   4.078160E+000   4.076741E+000   1.418973E-003
   34501      13     0.870000     0.880000   8.736691E-001   2.597046E-001   8.573469E-001   2.572041E-001   6.139645E-001   6.001428E-001   1.382167E-002
   34501      14     0.880000     1.030000   2.249240E+001   6.829698E+000   2.237432E+001   6.712295E+000   1.566271E+001   1.566202E+001   6.854909E-004
   34501      15     1.030000     1.080000   9.248799E+000   2.416225E+000   8.563218E+000   2.568965E+000   6.832574E+000   5.994253E+000   8.383215E-001
   34501      16     1.080000     1.140000   1.173685E+001   3.468988E+000   1.161298E+001   3.483895E+000   8.267861E+000   8.129089E+000   1.387724E-001
   34501      17     1.140000     1.200000   1.143670E+001   3.434936E+000   1.139398E+001   3.418195E+000   8.001761E+000   7.975789E+000   2.597193E-002
   34501      18     1.200000     1.240000   8.097833E+000   7.737392E-001   4.036149E+000   1.210845E+000   7.324094E+000   2.825304E+000   4.498789E+000
   34501      19     1.240000     1.280000   7.733813E+000   2.134137E+000   7.461433E+000   2.238430E+000   5.599676E+000   5.223003E+000   3.766731E-001
   34501      20     1.280000     1.340000   1.109154E+001   2.079968E+000   8.885637E+000   2.665691E+000   9.011575E+000   6.219946E+000   2.791629E+000
   34501      21     1.340000     1.420000   1.012492E+001   2.717947E+000   9.642395E+000   2.892718E+000   7.406974E+000   6.749676E+000   6.572976E-001
   34501      22     1.420000     1.460000   4.444646E+000   2.640230E-001   1.489949E+000   4.469848E-001   4.180623E+000   1.042965E+000   3.137658E+000
   34501      23     1.460000     1.490000   3.316959E+000   4.520462E-001   2.246892E+000   6.740677E-001   2.864913E+000   1.572825E+000   1.292088E+000
   34501      24     1.490000     1.520000   3.416012E+000   7.168543E-001   2.905411E+000   8.716233E-001   2.699157E+000   2.033788E+000   6.653695E-001
   34501      25     1.520000     1.680000   2.089115E+001   1.329911E+000   7.649406E+000   2.294822E+000   1.956124E+001   5.354584E+000   1.420665E+001
   34501      26     1.680000     1.740000   7.400301E+000   1.966827E+000   7.084324E+000   2.125297E+000   5.433475E+000   4.959027E+000   4.744479E-001
   34501      27     1.740000     1.820000   6.859941E+000   1.912604E+000   6.679642E+000   2.003893E+000   4.947337E+000   4.675750E+000   2.715875E-001
   34501      28     1.820000     1.940000   7.844991E+000   1.252964E+000   5.590062E+000   1.677019E+000   6.592027E+000   3.913044E+000   2.678984E+000
   34501      29     1.940000     2.200000   1.524385E+001   4.387062E-001   2.561935E+000   7.685804E-001   1.480514E+001   1.793354E+000   1.301179E+001
   34501      30     2.200000     2.300000   5.897529E+000   1.628550E+000   5.727808E+000   1.718342E+000   4.268979E+000   4.009466E+000   2.595132E-001
   34501      31     2.300000     2.450000   6.412228E+000   1.915438E+000   6.401528E+000   1.920458E+000   4.496790E+000   4.481069E+000   1.572110E-002
   34501      32     2.450000     2.550000   2.808749E+000   5.484892E-001   2.350024E+000   7.050072E-001   2.260260E+000   1.645017E+000   6.152432E-001
   34501      33     2.550000     2.650000   2.466453E+000   1.447671E-001   9.410629E-001   2.823189E-001   2.321686E+000   6.587440E-001   1.662942E+000
   34501      34     2.650000     2.900000   5.107089E+000   1.355625E-005   4.138734E-004   1.241620E-004   5.107076E+000   2.897114E-004   5.106786E+000
   34501      35     2.900000     3.200000   4.829501E+000   3.645995E-001   2.461458E+000   7.384375E-001   4.464901E+000   1.723021E+000   2.741881E+000
   34501      36     3.200000     3.500000   4.479548E+000   1.295655E+000   4.422698E+000   1.326809E+000   3.183893E+000   3.095889E+000   8.800381E-002
   34501      37     3.500000     3.900000   5.317470E+000   7.540502E-001   3.367809E+000   1.010343E+000   4.563420E+000   2.357467E+000   2.205954E+000
   34501      38     3.900000     5.500000   8.889375E+000   6.039284E-002   4.648915E-001   1.394674E-001   8.828982E+000   3.254240E-001   8.503558E+000
   34501      39     5.500000     6.500000   2.171822E+000   6.426033E-001   2.161648E+000   6.484945E-001   1.529218E+000   1.513154E+000   1.606459E-002
   34501      40     6.500000     7.000000   6.459457E-001   4.756002E-002   3.748089E-001   1.124427E-001   5.983857E-001   2.623662E-001   3.360195E-001
   34501      41     7.000000     9.000000   1.525571E+000   3.053518E-002   2.552661E-001   7.657983E-002   1.495036E+000   1.786863E-001   1.316350E+000
   34501      42     9.000000    20.000000   1.633159E+000   2.067368E-002   1.970779E-001   5.912338E-002   1.612485E+000   1.379546E-001   1.474531E+000
   34601       1     0.200000     0.300000   5.582456E-006   3.540013E-006   2.917776E-006   8.753329E-007   2.042443E-006   2.042443E-006  -9.500342E-015
   34601       2     0.300000     0.345000   2.557270E-003   1.374824E-003   1.689209E-003   5.067628E-004   1.182447E-003   1.182447E-003  -8.478979E-013
   34601       3     0.345000     0.385000   2.512764E-003   1.152240E-003   1.943607E-003   5.830820E-004   1.360525E-003   1.360525E-003   3.397626E-012
   34601       4     0.385000     0.420000   1.293223E-002   5.311610E-003   1.088660E-002   3.265979E-003   7.620618E-003   7.620618E-003   2.609291E-012
   34601       5     0.420000     0.450000   2.349464E-002   8.965829E-003   2.075544E-002   6.226633E-003   1.452881E-002   1.452881E-002  -5.417396E-012
   34601       6     0.450000     0.500000   1.310848E-001   4.710132E-002   1.199763E-001   3.599290E-002   8.398344E-002   8.398344E-002  -8.324758E-012
   34601       7     0.500000     0.550000   1.748537E-001   5.938044E-002   1.649618E-001   4.948854E-002   1.154733E-001   1.154733E-001   3.427966E-011
   34601       8     0.550000     0.610000   2.295775E-001   7.513671E-002   2.206297E-001   6.618892E-002   1.544408E-001   1.544408E-001   5.726375E-011
   34601       9     0.610000     0.690000   5.693172E-001   1.805662E-001   5.553585E-001   1.666076E-001   3.887510E-001   3.887510E-001   1.080186E-011
   34601      10     0.690000     0.780000   2.472789E+000   7.671523E-001   2.436624E+000   7.309872E-001   1.705637E+000   1.705637E+000   6.712209E-011
   34601      11     0.780000     0.800000   1.063069E+000   3.229170E-001   1.046058E+000   3.138174E-001   7.401524E-001   7.322406E-001   7.911708E-003
   34601      12     0.800000     0.870000   5.878988E+000   1.800828E+000   5.823916E+000   1.747175E+000   4.078161E+000   4.076741E+000   1.419182E-003
   34601      13     0.870000     0.880000   8.736691E-001   2.597066E-001   8.573492E-001   2.572047E-001   6.139625E-001   6.001444E-001   1.381806E-002
   34601      14     0.880000     1.030000   2.249240E+001   6.829698E+000   2.237432E+001   6.712295E+000   1.566271E+001   1.566202E+001   6.851925E-004
   34601      15     1.030000     1.080000   9.248799E+000   2.416267E+000   8.563248E+000   2.568974E+000   6.832532E+000   5.994273E+000   8.382588E-001
   34601      16     1.080000     1.140000   1.173685E+001   3.468992E+000   1.161299E+001   3.483896E+000   8.267858E+000   8.129091E+000   1.387670E-001
   34601      17     1.140000     1.200000   1.143670E+001   3.434936E+000   1.139398E+001   3.418195E+000   8.001761E+000   7.975789E+000   2.597116E-002
   34601      18     1.200000     1.240000   8.097833E+000   7.741697E-001   4.037267E+000   1.211180E+000   7.323663E+000   2.826087E+000   4.497576E+000
   34601      19     1.240000     1.280000   7.733813E+000   2.134217E+000   7.461535E+000   2.238461E+000   5.599596E+000   5.223075E+000   3.765212E-001
   34601      20     1.280000     1.340000   1.109154E+001   2.080181E+000   8.885909E+000   2.665773E+000   9.011361E+000   6.220136E+000   2.791225E+000
   34601      21     1.340000     1.420000   1.012492E+001   2.718069E+000   9.642547E+000   2.892764E+000   7.406852E+000   6.749783E+000   6.570690E-001
   34601      22     1.420000     1.460000   4.444646E+000   2.642312E-001   1.490861E+000   4.472582E-001   4.180415E+000   1.043602E+000   3.136812E+000
   34601      23     1.460000     1.490000   3.316959E+000   4.522738E-001   2.247271E+000   6.741813E-001   2.864685E+000   1.573090E+000   1.291595E+000
   34601      24     1.490000     1.520000   3.416012E+000   7.170169E-001   2.905651E+000   8.716954E-001   2.698995E+000   2.033956E+000   6.650388E-001
   34601      25     1.520000     1.680000   2.089115E+001   1.331051E+000   7.653347E+000   2.296004E+000   1.956010E+001   5.357343E+000   1.420275E+001
   34601      26     1.680000     1.740000   7.400301E+000   1.966933E+000   7.084455E+000   2.125336E+000   5.433368E+000   4.959118E+000   4.742499E-001
   34601      27     1.740000     1.820000   6.859941E+000   1.913191E+000   6.680399E+000   2.004120E+000   4.946751E+000   4.676280E+000   2.704710E-001
   34601      28     1.820000     1.940000   7.844991E+000   1.253684E+000   5.591922E+000   1.677577E+000   6.591307E+000   3.914345E+000   2.676961E+000
   34601      29     1.940000     2.200000   1.524385E+001   4.391354E-001   2.563430E+000   7.690290E-001   1.480471E+001   1.794401E+000   1.301031E+001
   34601      30     2.200000     2.300000   5.897529E+000   1.628620E+000   5.727894E+000   1.718368E+000   4.268909E+000   4.009526E+000   2.593830E-001
   34601      31     2.300000     2.450000   6.412228E+000   1.915442E+000   6.401532E+000   1.920460E+000   4.496786E+000   4.481073E+000   1.571383E-002
   34601      32     2.450000     2.550000   2.808749E+000   5.488118E-001   2.350663E+000   7.051990E-001   2.259937E+000   1.645464E+000   6.144730E-001
   34601      33     2.550000     2.650000   2.466453E+000   1.448358E-001   9.414432E-001   2.824330E-001   2.321618E+000   6.590102E-001   1.662607E+000
   34601      34     2.650000     2.900000   5.107089E+000   1.356311E-005   4.224904E-004   1.267471E-004   5.107076E+000   2.957433E-004   5.106780E+000
   34601      35     2.900000     3.200000   4.829501E+000   3.650954E-001   2.463146E+000   7.389437E-001   4.464406E+000   1.724202E+000   2.740204E+000
   34601      36     3.200000     3.500000   4.479548E+000   1.295741E+000   4.422804E+000   1.326841E+000   3.183807E+000   3.095963E+000   8.784351E-002
   34601      37     3.500000     3.900000   5.317470E+000   7.541143E-001   3.367855E+000   1.010356E+000   4.563356E+000   2.357498E+000   2.205858E+000
   34601      38     3.900000     5.500000   8.889375E+000   6.049942E-002   4.654387E-001   1.396316E-001   8.828876E+000   3.258071E-001   8.503069E+000
   34601      39     5.500000     6.500000   2.171822E+000   6.426197E-001   2.161667E+000   6.485000E-001   1.529202E+000   1.513167E+000   1.603522E-002
   34601      40     6.500000     7.000000   6.459457E-001   4.753439E-002   3.747092E-001   1.124128E-001   5.984113E-001   2.622965E-001   3.361149E-001
   34601      41     7.000000     9.000000   1.525571E+000   3.056881E-002   2.552982E-001   7.658945E-002   1.495002E+000   1.787087E-001   1.316294E+000
   34601      42     9.000000    20.000000   1.633159E+000   2.080815E-002   1.977675E-001   5.933024E-002   1.612351E+000   1.384372E-001   1.473914E+000
   34701       1     0.200000     0.300000   5.582456E-006   3.540013E-006   2.917776E-006   8.753329E-007   2.042443E-006   2.042443E-006  -9.500342E-015
   34701       2     0.300000     0.345000   2.557270E-003   1.374824E-003   1.689209E-003   5.067628E-004   1.182447E-003   1.182447E-003  -8.478979E-013
   34701       3     0.345000     0.385000   2.512764E-003   1.152240E-003   1.943607E-003   5.830820E-004   1.360525E-003   1.360525E-003   3.397626E-012
   34701       4     0.385000     0.420000   1.293223E-002   5.311610E-003   1.088660E-002   3.265979E-003   7.620618E-003   7.620618E-003   2.609291E-012
   34701       5     0.420000     0.450000   2.349464E-002   8.965829E-003   2.075544E-002   6.226633E-003   1.452881E-002   1.452881E-002  -6.293219E-012
   34701       6     0.450000     0.500000   1.310848E-001   4.710132E-002   1.199763E-001   3.599290E-002   8.398344E-002   8.398344E-002  -6.131651E-012
   34701       7     0.500000     0.550000   1.748537E-001   5.938044E-002   1.649618E-001   4.948854E-002   1.154733E-001   1.154733E-001   2.899028E-011
   34701       8     0.550000     0.610000   2.295775E-001   7.513671E-002   2.206297E-001   6.618892E-002   1.544408E-001   1.544408E-001   5.417977E-011
   34701       9     0.610000     0.690000   5.693172E-001   1.805662E-001   5.553585E-001   1.666076E-001   3.887510E-001   3.887510E-001   2.941075E-011
   34701      10     0.690000     0.780000   2.472789E+000   7.671523E-001   2.436624E+000   7.309872E-001   1.705637E+000   1.705637E+000   1.754641E-010
   34701      11     0.780000     0.800000   1.063069E+000   3.229171E-001   1.046058E+000   3.138174E-001   7.401523E-001   7.322407E-001   7.911553E-003
   34701      12     0.800000     0.870000   5.878988E+000   1.800828E+000   5.823916E+000   1.747175E+000   4.078161E+000   4.076741E+000   1.419385E-003
   34701      13     0.870000     0.880000   8.736691E-001   2.597085E-001   8.573514E-001   2.572054E-001   6.139605E-001   6.001460E-001   1.381457E-002
   34701      14     0.880000     1.030000   2.249240E+001   6.829698E+000   2.237432E+001   6.712295E+000   1.566271E+001   1.566202E+001   6.849050E-004
   34701      15     1.030000     1.080000   9.248799E+000   2.416307E+000   8.563276E+000   2.568983E+000   6.832492E+000   5.994293E+000   8.381984E-001
   34701      16     1.080000     1.140000   1.173685E+001   3.468994E+000   1.161299E+001   3.483897E+000   8.267855E+000   8.129094E+000   1.387619E-001
   34701      17     1.140000     1.200000   1.143670E+001   3.434937E+000   1.139399E+001   3.418196E+000   8.001760E+000   7.975790E+000   2.597044E-002
   34701      18     1.200000     1.240000   8.097833E+000   7.745866E-001   4.038348E+000   1.211504E+000   7.323246E+000   2.826844E+000   4.496402E+000
   34701      19     1.240000     1.280000   7.733813E+000   2.134295E+000   7.461634E+000   2.238490E+000   5.599519E+000   5.223144E+000   3.763748E-001
   34701      20     1.280000     1.340000   1.109154E+001   2.080387E+000   8.886171E+000   2.665851E+000   9.011155E+000   6.220319E+000   2.790836E+000
   34701      21     1.340000     1.420000   1.012492E+001   2.718187E+000   9.642694E+000   2.892808E+000   7.406734E+000   6.749886E+000   6.568484E-001
   34701      22     1.420000     1.460000   4.444646E+000   2.644334E-001   1.491744E+000   4.475233E-001   4.180212E+000   1.044221E+000   3.135991E+000
   34701      23     1.460000     1.490000   3.316959E+000   4.524938E-001   2.247637E+000   6.742910E-001   2.864465E+000   1.573346E+000   1.291119E+000
   34701      24     1.490000     1.520000   3.416012E+000   7.171738E-001   2.905883E+000   8.717649E-001   2.698838E+000   2.034118E+000   6.647197E-001
   34701      25     1.520000     1.680000   2.089115E+001   1.332155E+000   7.657163E+000   2.297149E+000   1.955899E+001   5.360014E+000   1.419898E+001
   34701      26     1.680000     1.740000   7.400301E+000   1.967036E+000   7.084581E+000   2.125374E+000   5.433266E+000   4.959207E+000   4.740591E-001
   34701      27     1.740000     1.820000   6.859941E+000   1.913757E+000   6.681130E+000   2.004339E+000   4.946184E+000   4.676791E+000   2.693928E-001
   34701      28     1.820000     1.940000   7.844991E+000   1.254382E+000   5.593722E+000   1.678117E+000   6.590609E+000   3.915605E+000   2.675003E+000
   34701      29     1.940000     2.200000   1.524385E+001   4.395509E-001   2.564876E+000   7.694627E-001   1.480430E+001   1.795413E+000   1.300889E+001
   34701      30     2.200000     2.300000   5.897529E+000   1.628688E+000   5.727976E+000   1.718393E+000   4.268841E+000   4.009583E+000   2.592575E-001
   34701      31     2.300000     2.450000   6.412228E+000   1.915446E+000   6.401537E+000   1.920461E+000   4.496782E+000   4.481076E+000   1.570681E-002
   34701      32     2.450000     2.550000   2.808749E+000   5.491238E-001   2.351281E+000   7.053844E-001   2.259625E+000   1.645897E+000   6.137285E-001
   34701      33     2.550000     2.650000   2.466453E+000   1.449019E-001   9.418109E-001   2.825433E-001   2.321551E+000   6.592676E-001   1.662284E+000
   34701      34     2.650000     2.900000   5.107089E+000   1.356965E-005   4.309923E-004   1.292977E-004   5.107076E+000   3.016946E-004   5.106774E+000
   34701      35     2.900000     3.200000   4.829501E+000   3.655757E-001   2.464779E+000   7.394336E-001   4.463925E+000   1.725345E+000   2.738580E+000
   34701      36     3.200000     3.500000   4.479548E+000   1.295824E+000   4.422907E+000   1.326872E+000   3.183723E+000   3.096035E+000   8.768886E-002
   34701      37     3.500000     3.900000   5.317470E+000   7.541762E-001   3.367898E+000   1.010369E+000   4.563294E+000   2.357528E+000   2.205766E+000
   34701      38     3.900000     5.500000   8.889375E+000   6.060285E-002   4.659697E-001   1.397909E-001   8.828772E+000   3.261788E-001   8.502594E+000
   34701      39     5.500000     6.500000   2.171822E+000   6.426355E-001   2.161685E+000   6.485054E-001   1.529186E+000   1.513179E+000   1.600678E-002
   34701      40     6.500000     7.000000   6.459457E-001   4.750975E-002   3.746131E-001   1.123839E-001   5.984360E-001   2.622292E-001   3.362068E-001
   34701      41     7.000000     9.000000   1.525571E+000   3.060161E-002   2.553292E-001   7.659876E-002   1.494969E+000   1.787304E-001   1.316239E+000
   34701      42     9.000000    20.000000   1.633159E+000   2.093963E-002   1.984383E-001   5.953148E-002   1.612219E+000   1.389068E-001   1.473312E+000
   34801       1     0.200000     0.300000   5.582456E-006   3.540013E-006   2.917776E-006   8.753329E-007   2.042443E-006   2.042443E-006  -9.500342E-015
   34801       2     0.300000     0.345000   2.557270E-003   1.374824E-003   1.689209E-003   5.067628E-004   1.182447E-003   1.182447E-003  -8.478979E-013
   34801       3     0.345000     0.385000   2.512764E-003   1.152240E-003   1.943607E-003   5.830820E-004   1.360525E-003   1.360525E-003   3.397626E-012
   34801       4     0.385000     0.420000   1.293223E-002   5.311610E-003   1.088660E-002   3.265979E-003   7.620618E-003   7.620618E-003   3.152928E-012
   34801       5     0.420000     0.450000   2.349464E-002   8.965829E-003   2.075544E-002   6.226633E-003   1.452881E-002   1.452881E-002  -6.293219E-012
   34801       6     0.450000     0.500000   1.310848E-001   4.710132E-002   1.199763E-001   3.599290E-002   8.398344E-002   8.398344E-002   7.006146E-012
   34801       7     0.500000     0.550000   1.748537E-001   5.938044E-002   1.649618E-001   4.948854E-002   1.154733E-001   1.154733E-001   3.607609E-011
   34801       8     0.550000     0.610000   2.295775E-001   7.513671E-002   2.206297E-001   6.618892E-002   1.544408E-001   1.544408E-001   3.775108E-011
   34801       9     0.610000     0.690000   5.693172E-001   1.805662E-001   5.553585E-001   1.666076E-001   3.887510E-001   3.887510E-001   6.696638E-011
   34801      10     0.690000     0.780000   2.472789E+000   7.671523E-001   2.436624E+000   7.309872E-001   1.705637E+000   1.705637E+000   3.224980E-010
   34801      11     0.780000     0.800000   1.063069E+000   3.229172E-001   1.046058E+000   3.138175E-001   7.401522E-001   7.322408E-001   7.911405E-003
   34801      12     0.800000     0.870000   5.878988E+000   1.800828E+000   5.823916E+000   1.747175E+000   4.078161E+000   4.076741E+000   1.419581E-003
   34801      13     0.870000     0.880000   8.736691E-001   2.597104E-001   8.573535E-001   2.572060E-001   6.139586E-001   6.001474E-001   1.381120E-002
   34801      14     0.880000     1.030000   2.249240E+001   6.829698E+000   2.237432E+001   6.712295E+000   1.566271E+001   1.566202E+001   6.846265E-004
   34801      15     1.030000     1.080000   9.248799E+000   2.416346E+000   8.563304E+000   2.568991E+000   6.832453E+000   5.994313E+000   8.381400E-001
   34801      16     1.080000     1.140000   1.173685E+001   3.468997E+000   1.161299E+001   3.483898E+000   8.267853E+000   8.129096E+000   1.387571E-001
   34801      17     1.140000     1.200000   1.143670E+001   3.434937E+000   1.139399E+001   3.418196E+000   8.001760E+000   7.975790E+000   2.596976E-002
   34801      18     1.200000     1.240000   8.097833E+000   7.749911E-001   4.039397E+000   1.211819E+000   7.322842E+000   2.827578E+000   4.495264E+000
   34801      19     1.240000     1.280000   7.733813E+000   2.134369E+000   7.461730E+000   2.238519E+000   5.599444E+000   5.223211E+000   3.762331E-001
   34801      20     1.280000     1.340000   1.109154E+001   2.080587E+000   8.886424E+000   2.665927E+000   9.010956E+000   6.220497E+000   2.790459E+000
   34801      21     1.340000     1.420000   1.012492E+001   2.718301E+000   9.642836E+000   2.892851E+000   7.406620E+000   6.749985E+000   6.566348E-001
   34801      22     1.420000     1.460000   4.444646E+000   2.646303E-001   1.492604E+000   4.477813E-001   4.180015E+000   1.044823E+000   3.135192E+000
   34801      23     1.460000     1.490000   3.316959E+000   4.527074E-001   2.247992E+000   6.743975E-001   2.864251E+000   1.573594E+000   1.290657E+000
   34801      24     1.490000     1.520000   3.416012E+000   7.173257E-001   2.906108E+000   8.718323E-001   2.698686E+000   2.034275E+000   6.644106E-001
   34801      25     1.520000     1.680000   2.089115E+001   1.333227E+000   7.660867E+000   2.298260E+000   1.955792E+001   5.362607E+000   1.419531E+001
   34801      26     1.680000     1.740000   7.400301E+000   1.967135E+000   7.084703E+000   2.125411E+000   5.433166E+000   4.959292E+000   4.738744E-001
   34801      27     1.740000     1.820000   6.859941E+000   1.914308E+000   6.681840E+000   2.004552E+000   4.945633E+000   4.677288E+000   2.683454E-001
   34801      28     1.820000     1.940000   7.844991E+000   1.255062E+000   5.595470E+000   1.678641E+000   6.589929E+000   3.916829E+000   2.673100E+000
   34801      29     1.940000     2.200000   1.524385E+001   4.399542E-001   2.566279E+000   7.698836E-001   1.480390E+001   1.796395E+000   1.300750E+001
   34801      30     2.200000     2.300000   5.897529E+000   1.628753E+000   5.728056E+000   1.718417E+000   4.268775E+000   4.009639E+000   2.591360E-001
   34801      31     2.300000     2.450000   6.412228E+000   1.915449E+000   6.401541E+000   1.920462E+000   4.496779E+000   4.481079E+000   1.570002E-002
   34801      32     2.450000     2.550000   2.808749E+000   5.494268E-001   2.351881E+000   7.055644E-001   2.259322E+000   1.646317E+000   6.130055E-001
   34801      33     2.550000     2.650000   2.466453E+000   1.449662E-001   9.421689E-001   2.826507E-001   2.321487E+000   6.595183E-001   1.661969E+000
   34801      34     2.650000     2.900000   5.107089E+000   1.357589E-005   4.394129E-004   1.318239E-004   5.107076E+000   3.075890E-004   5.106768E+000
   34801      35     2.900000     3.200000   4.829501E+000   3.660426E-001   2.466365E+000   7.399094E-001   4.463458E+000   1.726455E+000   2.737003E+000
   34801      36     3.200000     3.500000   4.479548E+000   1.295905E+000   4.423006E+000   1.326902E+000   3.183643E+000   3.096104E+000   8.753897E-002
   34801      37     3.500000     3.900000   5.317470E+000   7.542361E-001   3.367939E+000   1.010382E+000   4.563234E+000   2.357558E+000   2.205677E+000
   34801      38     3.900000     5.500000   8.889375E+000   6.070352E-002   4.664856E-001   1.399457E-001   8.828672E+000   3.265399E-001   8.502132E+000
   34801      39     5.500000     6.500000   2.171822E+000   6.426509E-001   2.161702E+000   6.485106E-001   1.529171E+000   1.513191E+000   1.597917E-002
   34801      40     6.500000     7.000000   6.459457E-001   4.748593E-002   3.745201E-001   1.123560E-001   5.984598E-001   2.621640E-001   3.362958E-001
   34801      41     7.000000     9.000000   1.525571E+000   3.063341E-002   2.553592E-001   7.660777E-002   1.494938E+000   1.787515E-001   1.316186E+000
   34801      42     9.000000    20.000000   1.633159E+000   2.106892E-002   1.990947E-001   5.972841E-002   1.612090E+000   1.393663E-001   1.472724E+000
   34901       1     0.200000     0.300000   5.582456E-006   3.540013E-006   2.917776E-006   8.753329E-007   2.042443E-006   2.042443E-006  -9.500342E-015
   34901       2     0.300000     0.345000   2.557270E-003   1.374824E-003   1.689209E-003   5.067628E-004   1.182447E-003   1.182447E-003  -8.478979E-013
   34901       3     0.345000     0.385000   2.512764E-003   1.152240E-003   1.943607E-003   5.830820E-004   1.360525E-003   1.360525E-003   3.397626E-012
   34901       4     0.385000     0.420000   1.293223E-002   5.311610E-003   1.088660E-002   3.265979E-003   7.620618E-003   7.620618E-003   1.844540E-012
   34901       5     0.420000     0.450000   2.349464E-002   8.965829E-003   2.075544E-002   6.226633E-003   1.452881E-002   1.452881E-002  -8.625007E-012
   34901       6     0.450000     0.500000   1.310848E-001   4.710132E-002   1.199763E-001   3.599290E-002   8.398344E-002   8.398344E-002  -1.763714E-012
   34901       7     0.500000     0.550000   1.748537E-001   5.938044E-002   1.649618E-001   4.948854E-002   1.154733E-001   1.154733E-001   3.446653E-011
   34901       8     0.550000     0.610000   2.295775E-001   7.513671E-002   2.206297E-001   6.618892E-002   1.544408E-001   1.544408E-001   5.294062E-011
   34901       9     0.610000     0.690000   5.693172E-001   1.805662E-001   5.553585E-001   1.666076E-001   3.887510E-001   3.887510E-001   1.765665E-011
   34901      10     0.690000     0.780000   2.472789E+000   7.671523E-001   2.436624E+000   7.309872E-001   1.705637E+000   1.705637E+000   3.829110E-010
   34901      11     0.780000     0.800000   1.063069E+000   3.229173E-001   1.046058E+000   3.138175E-001   7.401521E-001   7.322408E-001   7.911261E-003
   34901      12     0.800000     0.870000   5.878988E+000   1.800828E+000   5.823916E+000   1.747175E+000   4.078161E+000   4.076741E+000   1.419770E-003
   34901      13     0.870000     0.880000   8.736691E-001   2.597123E-001   8.573555E-001   2.572067E-001   6.139568E-001   6.001489E-001   1.380793E-002
   34901      14     0.880000     1.030000   2.249240E+001   6.829698E+000   2.237432E+001   6.712295E+000   1.566271E+001   1.566202E+001   6.843561E-004
   34901      15     1.030000     1.080000   9.248799E+000   2.416384E+000   8.563330E+000   2.568999E+000   6.832415E+000   5.994331E+000   8.380835E-001
   34901      16     1.080000     1.140000   1.173685E+001   3.469000E+000   1.161300E+001   3.483899E+000   8.267850E+000   8.129098E+000   1.387524E-001
   34901      17     1.140000     1.200000   1.143670E+001   3.434937E+000   1.139399E+001   3.418196E+000   8.001759E+000   7.975790E+000   2.596910E-002
   34901      18     1.200000     1.240000   8.097833E+000   7.753843E-001   4.040416E+000   1.212125E+000   7.322448E+000   2.828291E+000   4.494157E+000
   34901      19     1.240000     1.280000   7.733813E+000   2.134442E+000   7.461823E+000   2.238547E+000   5.599372E+000   5.223276E+000   3.760957E-001
   34901      20     1.280000     1.340000   1.109154E+001   2.080780E+000   8.886670E+000   2.666001E+000   9.010762E+000   6.220669E+000   2.790094E+000
   34901      21     1.340000     1.420000   1.012492E+001   2.718412E+000   9.642974E+000   2.892892E+000   7.406509E+000   6.750082E+000   6.564278E-001
   34901      22     1.420000     1.460000   4.444646E+000   2.648224E-001   1.493442E+000   4.480327E-001   4.179823E+000   1.045410E+000   3.134414E+000
   34901      23     1.460000     1.490000   3.316959E+000   4.529152E-001   2.248336E+000   6.745009E-001   2.864044E+000   1.573835E+000   1.290208E+000
   34901      24     1.490000     1.520000   3.416012E+000   7.174732E-001   2.906325E+000   8.718976E-001   2.698538E+000   2.034428E+000   6.641106E-001
   34901      25     1.520000     1.680000   2.089115E+001   1.334269E+000   7.664466E+000   2.299340E+000   1.955688E+001   5.365126E+000   1.419175E+001
   34901      26     1.680000     1.740000   7.400301E+000   1.967231E+000   7.084821E+000   2.125446E+000   5.433070E+000   4.959375E+000   4.736953E-001
   34901      27     1.740000     1.820000   6.859941E+000   1.914844E+000   6.682530E+000   2.004759E+000   4.945097E+000   4.677771E+000   2.673265E-001
   34901      28     1.820000     1.940000   7.844991E+000   1.255723E+000   5.597171E+000   1.679151E+000   6.589268E+000   3.918020E+000   2.671248E+000
   34901      29     1.940000     2.200000   1.524385E+001   4.403464E-001   2.567641E+000   7.702924E-001   1.480350E+001   1.797349E+000   1.300615E+001
   34901      30     2.200000     2.300000   5.897529E+000   1.628817E+000   5.728134E+000   1.718440E+000   4.268712E+000   4.009694E+000   2.590182E-001
   34901      31     2.300000     2.450000   6.412228E+000   1.915453E+000   6.401545E+000   1.920463E+000   4.496775E+000   4.481081E+000   1.569343E-002
   34901      32     2.450000     2.550000   2.808749E+000   5.497216E-001   2.352465E+000   7.057394E-001   2.259028E+000   1.646725E+000   6.123024E-001
   34901      33     2.550000     2.650000   2.466453E+000   1.450288E-001   9.425182E-001   2.827555E-001   2.321425E+000   6.597627E-001   1.661662E+000
   34901      34     2.650000     2.900000   5.107089E+000   1.358187E-005   4.477608E-004   1.343282E-004   5.107076E+000   3.134325E-004   5.106762E+000
   34901      35     2.900000     3.200000   4.829501E+000   3.664972E-001   2.467907E+000   7.403722E-001   4.463004E+000   1.727535E+000   2.735469E+000
   34901      36     3.200000     3.500000   4.479548E+000   1.295983E+000   4.423102E+000   1.326931E+000   3.183565E+000   3.096171E+000   8.739347E-002
   34901      37     3.500000     3.900000   5.317470E+000   7.542942E-001   3.367980E+000   1.010394E+000   4.563176E+000   2.357586E+000   2.205590E+000
   34901      38     3.900000     5.500000   8.889375E+000   6.080163E-002   4.669875E-001   1.400963E-001   8.828574E+000   3.268913E-001   8.501682E+000
   34901      39     5.500000     6.500000   2.171822E+000   6.426659E-001   2.161719E+000   6.485157E-001   1.529156E+000   1.513203E+000   1.595232E-002
   34901      40     6.500000     7.000000   6.459457E-001   4.746285E-002   3.744298E-001   1.123289E-001   5.984829E-001   2.621009E-001   3.363820E-001
   34901      41     7.000000     9.000000   1.525571E+000   3.066428E-002   2.553883E-001   7.661650E-002   1.494907E+000   1.787718E-001   1.316135E+000
   34901      42     9.000000    20.000000   1.633159E+000   2.119621E-002   1.997379E-001   5.992137E-002   1.611963E+000   1.398165E-001   1.472146E+000
   35001       1     0.200000     0.300000   5.582456E-006   3.540013E-006   2.917776E-006   8.753329E-007   2.042443E-006   2.042443E-006  -9.500342E-015
   35001       2     0.300000     0.345000   2.557270E-003   1.374824E-003   1.689209E-003   5.067628E-004   1.182447E-003   1.182447E-003  -8.478979E-013
   35001       3     0.345000     0.385000   2.512764E-003   1.152240E-003   1.943607E-003   5.830820E-004   1.360525E-003   1.360525E-003   3.397626E-012
   35001       4     0.385000     0.420000   1.293223E-002   5.311610E-003   1.088660E-002   3.265979E-003   7.620618E-003   7.620618E-003   2.448062E-012
   35001       5     0.420000     0.450000   2.349464E-002   8.965829E-003   2.075544E-002   6.226633E-003   1.452881E-002   1.452881E-002   3.918255E-013
   35001       6     0.450000     0.500000   1.310848E-001   4.710132E-002   1.199763E-001   3.599290E-002   8.398344E-002   8.398344E-002   2.872091E-012
   35001       7     0.500000     0.550000   1.748537E-001   5.938044E-002   1.649618E-001   4.948854E-002   1.154733E-001   1.154733E-001   3.066958E-011
   35001       8     0.550000     0.610000   2.295775E-001   7.513671E-002   2.206297E-001   6.618892E-002   1.544408E-001   1.544408E-001   8.639406E-011
   35001       9     0.610000     0.690000   5.693172E-001   1.805662E-001   5.553585E-001   1.666076E-001   3.887510E-001   3.887510E-001   3.284978E-011
   35001      10     0.690000     0.780000   2.472789E+000   7.671523E-001   2.436624E+000   7.309872E-001   1.705637E+000   1.705637E+000   2.187450E-010
   35001      11     0.780000     0.800000   1.063069E+000   3.229174E-001   1.046058E+000   3.138175E-001   7.401520E-001   7.322409E-001   7.911121E-003
   35001      12     0.800000     0.870000   5.878988E+000   1.800827E+000   5.823916E+000   1.747175E+000   4.078161E+000   4.076741E+000   1.419953E-003
   35001      13     0.870000     0.880000   8.736691E-001   2.597140E-001   8.573575E-001   2.572073E-001   6.139550E-001   6.001503E-001   1.380476E-002
   35001      14     0.880000     1.030000   2.249240E+001   6.829699E+000   2.237432E+001   6.712295E+000   1.566271E+001   1.566202E+001   6.840934E-004
   35001      15     1.030000     1.080000   9.248799E+000   2.416421E+000   8.563356E+000   2.569007E+000   6.832378E+000   5.994349E+000   8.380287E-001
   35001      16     1.080000     1.140000   1.173685E+001   3.469002E+000   1.161300E+001   3.483900E+000   8.267847E+000   8.129100E+000   1.387478E-001
   35001      17     1.140000     1.200000   1.143670E+001   3.434938E+000   1.139399E+001   3.418196E+000   8.001759E+000   7.975791E+000   2.596846E-002
   35001      18     1.200000     1.240000   8.097833E+000   7.757668E-001   4.041406E+000   1.212422E+000   7.322066E+000   2.828985E+000   4.493081E+000
   35001      19     1.240000     1.280000   7.733813E+000   2.134512E+000   7.461913E+000   2.238574E+000   5.599301E+000   5.223339E+000   3.759624E-001
   35001      20     1.280000     1.340000   1.109154E+001   2.080968E+000   8.886908E+000   2.666072E+000   9.010575E+000   6.220836E+000   2.789739E+000
   35001      21     1.340000     1.420000   1.012492E+001   2.718519E+000   9.643107E+000   2.892932E+000   7.406402E+000   6.750175E+000   6.562269E-001
   35001      22     1.420000     1.460000   4.444646E+000   2.650100E-001   1.494260E+000   4.482781E-001   4.179636E+000   1.045982E+000   3.133654E+000
   35001      23     1.460000     1.490000   3.316959E+000   4.531175E-001   2.248672E+000   6.746016E-001   2.863841E+000   1.574070E+000   1.289771E+000
   35001      24     1.490000     1.520000   3.416012E+000   7.176165E-001   2.906537E+000   8.719611E-001   2.698395E+000   2.034576E+000   6.638192E-001
   35001      25     1.520000     1.680000   2.089115E+001   1.335285E+000   7.667968E+000   2.300390E+000   1.955586E+001   5.367577E+000   1.418829E+001
   35001      26     1.680000     1.740000   7.400301E+000   1.967325E+000   7.084936E+000   2.125481E+000   5.432977E+000   4.959455E+000   4.735213E-001
   35001      27     1.740000     1.820000   6.859941E+000   1.915366E+000   6.683201E+000   2.004960E+000   4.944575E+000   4.678241E+000   2.663340E-001
   35001      28     1.820000     1.940000   7.844991E+000   1.256369E+000   5.598827E+000   1.679648E+000   6.588622E+000   3.919179E+000   2.669443E+000
   35001      29     1.940000     2.200000   1.524385E+001   4.407282E-001   2.568967E+000   7.706901E-001   1.480312E+001   1.798277E+000   1.300484E+001
   35001      30     2.200000     2.300000   5.897529E+000   1.628879E+000   5.728209E+000   1.718463E+000   4.268650E+000   4.009746E+000   2.589040E-001
   35001      31     2.300000     2.450000   6.412228E+000   1.915457E+000   6.401549E+000   1.920465E+000   4.496771E+000   4.481084E+000   1.568704E-002
   35001      32     2.450000     2.550000   2.808749E+000   5.500088E-001   2.353032E+000   7.059097E-001   2.258740E+000   1.647123E+000   6.116178E-001
   35001      33     2.550000     2.650000   2.466453E+000   1.450899E-001   9.428592E-001   2.828578E-001   2.321363E+000   6.600014E-001   1.661362E+000
   35001      34     2.650000     2.900000   5.107089E+000   1.358760E-005   4.560424E-004   1.368127E-004   5.107076E+000   3.192297E-004   5.106756E+000
   35001      35     2.900000     3.200000   4.829501E+000   3.669401E-001   2.469409E+000   7.408228E-001   4.462561E+000   1.728587E+000   2.733974E+000
   35001      36     3.200000     3.500000   4.479548E+000   1.296059E+000   4.423195E+000   1.326959E+000   3.183489E+000   3.096237E+000   8.725206E-002
   35001      37     3.500000     3.900000   5.317470E+000   7.543506E-001   3.368019E+000   1.010406E+000   4.563120E+000   2.357613E+000   2.205507E+000
   35001      38     3.900000     5.500000   8.889375E+000   6.089735E-002   4.674763E-001   1.402429E-001   8.828478E+000   3.272334E-001   8.501244E+000
   35001      39     5.500000     6.500000   2.171822E+000   6.426805E-001   2.161736E+000   6.485207E-001   1.529141E+000   1.513215E+000   1.592615E-002
   35001      40     6.500000     7.000000   6.459457E-001   4.744045E-002   3.743422E-001   1.123027E-001   5.985053E-001   2.620396E-001   3.364657E-001
   35001      41     7.000000     9.000000   1.525571E+000   3.069429E-002   2.554166E-001   7.662497E-002   1.494877E+000   1.787916E-001   1.316085E+000
   35001      42     9.000000    20.000000   1.633159E+000   2.132165E-002   2.003689E-001   6.011067E-002   1.611837E+000   1.402582E-001   1.471579E+000
   35101       1     0.200000     0.300000   5.582456E-006   3.540013E-006   2.917776E-006   8.753329E-007   2.042443E-006   2.042443E-006  -9.500342E-015
   35101       2     0.300000     0.345000   2.557270E-003   1.374824E-003   1.689209E-003   5.067628E-004   1.182447E-003   1.182447E-003  -8.478979E-013
   35101       3     0.345000     0.385000   2.512764E-003   1.152240E-003   1.943607E-003   5.830820E-004   1.360525E-003   1.360525E-003   3.397626E-012
   35101       4     0.385000     0.420000   1.293223E-002   5.311610E-003   1.088660E-002   3.265979E-003   7.620618E-003   7.620618E-003   1.951869E-012
   35101       5     0.420000     0.450000   2.349464E-002   8.965829E-003   2.075544E-002   6.226633E-003   1.452881E-002   1.452881E-002   5.791669E-013
   35101       6     0.450000     0.500000   1.310848E-001   4.710132E-002   1.199763E-001   3.599290E-002   8.398344E-002   8.398344E-002   1.232900E-011
   35101       7     0.500000     0.550000   1.748537E-001   5.938044E-002   1.649618E-001   4.948854E-002   1.154733E-001   1.154733E-001   2.359327E-011
   35101       8     0.550000     0.610000   2.295775E-001   7.513671E-002   2.206297E-001   6.618892E-002   1.544408E-001   1.544408E-001   7.768511E-011
   35101       9     0.610000     0.690000   5.693172E-001   1.805662E-001   5.553585E-001   1.666076E-001   3.887510E-001   3.887510E-001   1.720912E-011
   35101      10     0.690000     0.780000   2.472789E+000   7.671523E-001   2.436624E+000   7.309872E-001   1.705637E+000   1.705637E+000   1.259517E-010
   35101      11     0.780000     0.800000   1.063069E+000   3.229175E-001   1.046059E+000   3.138176E-001   7.401519E-001   7.322410E-001   7.910986E-003
   35101      12     0.800000     0.870000   5.878988E+000   1.800827E+000   5.823916E+000   1.747175E+000   4.078161E+000   4.076741E+000   1.420130E-003
   35101      13     0.870000     0.880000   8.736691E-001   2.597157E-001   8.573595E-001   2.572078E-001   6.139533E-001   6.001516E-001   1.380168E-002
   35101      14     0.880000     1.030000   2.249240E+001   6.829699E+000   2.237432E+001   6.712295E+000   1.566271E+001   1.566202E+001   6.838378E-004
   35101      15     1.030000     1.080000   9.248799E+000   2.416457E+000   8.563381E+000   2.569014E+000   6.832342E+000   5.994367E+000   8.379755E-001
   35101      16     1.080000     1.140000   1.173685E+001   3.469005E+000   1.161300E+001   3.483901E+000   8.267845E+000   8.129102E+000   1.387435E-001
   35101      17     1.140000     1.200000   1.143670E+001   3.434938E+000   1.139399E+001   3.418196E+000   8.001759E+000   7.975791E+000   2.596785E-002
   35101      18     1.200000     1.240000   8.097833E+000   7.761395E-001   4.042371E+000   1.212711E+000   7.321693E+000   2.829659E+000   4.492034E+000
   35101      19     1.240000     1.280000   7.733813E+000   2.134580E+000   7.462001E+000   2.238600E+000   5.599233E+000   5.223400E+000   3.758327E-001
   35101      20     1.280000     1.340000   1.109154E+001   2.081151E+000   8.887140E+000   2.666142E+000   9.010392E+000   6.220998E+000   2.789394E+000
   35101      21     1.340000     1.420000   1.012492E+001   2.718623E+000   9.643237E+000   2.892971E+000   7.406298E+000   6.750266E+000   6.560316E-001
   35101      22     1.420000     1.460000   4.444646E+000   2.651933E-001   1.495059E+000   4.485177E-001   4.179452E+000   1.046541E+000   3.132911E+000
   35101      23     1.460000     1.490000   3.316959E+000   4.533146E-001   2.248999E+000   6.746996E-001   2.863644E+000   1.574299E+000   1.289345E+000
   35101      24     1.490000     1.520000   3.416012E+000   7.177559E-001   2.906743E+000   8.720228E-001   2.698256E+000   2.034720E+000   6.635358E-001
   35101      25     1.520000     1.680000   2.089115E+001   1.336274E+000   7.671379E+000   2.301414E+000   1.955487E+001   5.369965E+000   1.418491E+001
   35101      26     1.680000     1.740000   7.400301E+000   1.967416E+000   7.085048E+000   2.125514E+000   5.432886E+000   4.959533E+000   4.733523E-001
   35101      27     1.740000     1.820000   6.859941E+000   1.915876E+000   6.683856E+000   2.005157E+000   4.944066E+000   4.678699E+000   2.653662E-001
   35101      28     1.820000     1.940000   7.844991E+000   1.256999E+000   5.600442E+000   1.680133E+000   6.587992E+000   3.920309E+000   2.667683E+000
   35101      29     1.940000     2.200000   1.524385E+001   4.411003E-001   2.570258E+000   7.710774E-001   1.480275E+001   1.799181E+000   1.300357E+001
   35101      30     2.200000     2.300000   5.897529E+000   1.628938E+000   5.728282E+000   1.718485E+000   4.268590E+000   4.009797E+000   2.587930E-001
   35101      31     2.300000     2.450000   6.412228E+000   1.915460E+000   6.401553E+000   1.920466E+000   4.496768E+000   4.481087E+000   1.568082E-002
   35101      32     2.450000     2.550000   2.808749E+000   5.502887E-001   2.353586E+000   7.060758E-001   2.258461E+000   1.647510E+000   6.109504E-001
   35101      33     2.550000     2.650000   2.466453E+000   1.451495E-001   9.431925E-001   2.829578E-001   2.321304E+000   6.602348E-001   1.661069E+000
   35101      34     2.650000     2.900000   5.107089E+000   1.359310E-005   4.642632E-004   1.392790E-004   5.107076E+000   3.249843E-004   5.106751E+000
   35101      35     2.900000     3.200000   4.829501E+000   3.673722E-001   2.470874E+000   7.412622E-001   4.462129E+000   1.729612E+000   2.732517E+000
   35101      36     3.200000     3.500000   4.479548E+000   1.296133E+000   4.423286E+000   1.326986E+000   3.183415E+000   3.096300E+000   8.711445E-002
   35101      37     3.500000     3.900000   5.317470E+000   7.544054E-001   3.368057E+000   1.010417E+000   4.563065E+000   2.357640E+000   2.205425E+000
   35101      38     3.900000     5.500000   8.889375E+000   6.099085E-002   4.679529E-001   1.403859E-001   8.828384E+000   3.275671E-001   8.500817E+000
   35101      39     5.500000     6.500000   2.171822E+000   6.426948E-001   2.161752E+000   6.485255E-001   1.529127E+000   1.513226E+000   1.590066E-002
   35101      40     6.500000     7.000000   6.459457E-001   4.741869E-002   3.742571E-001   1.122771E-001   5.985270E-001   2.619800E-001   3.365471E-001
   35101      41     7.000000     9.000000   1.525571E+000   3.072350E-002   2.554440E-001   7.663320E-002   1.494848E+000   1.788108E-001   1.316037E+000
   35101      42     9.000000    20.000000   1.633159E+000   2.144536E-002   2.009885E-001   6.029654E-002   1.611714E+000   1.406919E-001   1.471022E+000
   35201       1     0.200000     0.300000   5.582456E-006   3.540013E-006   2.917776E-006   8.753329E-007   2.042443E-006   2.042443E-006  -9.500342E-015
   35201       2     0.300000     0.345000   2.557270E-003   1.374824E-003   1.689209E-003   5.067628E-004   1.182447E-003   1.182447E-003  -8.478979E-013
   35201       3     0.345000     0.385000   2.512764E-003   1.152240E-003   1.943607E-003   5.830820E-004   1.360525E-003   1.360525E-003   3.397626E-012
   35201       4     0.385000     0.420000   1.293223E-002   5.311610E-003   1.088660E-002   3.265979E-003   7.620618E-003   7.620618E-003   1.951869E-012
   35201       5     0.420000     0.450000   2.349464E-002   8.965829E-003   2.075544E-002   6.226633E-003   1.452881E-002   1.452881E-002   1.522255E-013
   35201       6     0.450000     0.500000   1.310848E-001   4.710132E-002   1.199763E-001   3.599290E-002   8.398344E-002   8.398344E-002   9.862972E-012
   35201       7     0.500000     0.550000   1.748537E-001   5.938044E-002   1.649618E-001   4.948854E-002   1.154733E-001   1.154733E-001   1.519636E-011
   35201       8     0.550000     0.610000   2.295775E-001   7.513671E-002   2.206297E-001   6.618892E-002   1.544408E-001   1.544408E-001   7.048920E-011
   35201       9     0.610000     0.690000   5.693172E-001   1.805662E-001   5.553585E-001   1.666076E-001   3.887510E-001   3.887510E-001  -1.301848E-011
   35201      10     0.690000     0.780000   2.472789E+000   7.671523E-001   2.436624E+000   7.309872E-001   1.705637E+000   1.705637E+000   2.329641E-010
   35201      11     0.780000     0.800000   1.063069E+000   3.229175E-001   1.046059E+000   3.138176E-001   7.401519E-001   7.322410E-001   7.910855E-003
   35201      12     0.800000     0.870000   5.878988E+000   1.800827E+000   5.823915E+000   1.747175E+000   4.078161E+000   4.076741E+000   1.420303E-003
   35201      13     0.870000     0.880000   8.736691E-001   2.597174E-001   8.573614E-001   2.572084E-001   6.139517E-001   6.001530E-001   1.379869E-002
   35201      14     0.880000     1.030000   2.249240E+001   6.829699E+000   2.237432E+001   6.712295E+000   1.566271E+001   1.566202E+001   6.835889E-004
   35201      15     1.030000     1.080000   9.248799E+000   2.416491E+000   8.563405E+000   2.569022E+000   6.832307E+000   5.994384E+000   8.379238E-001
   35201      16     1.080000     1.140000   1.173685E+001   3.469007E+000   1.161300E+001   3.483901E+000   8.267843E+000   8.129103E+000   1.387392E-001
   35201      17     1.140000     1.200000   1.143670E+001   3.434938E+000   1.139399E+001   3.418196E+000   8.001758E+000   7.975791E+000   2.596726E-002
   35201      18     1.200000     1.240000   8.097833E+000   7.765029E-001   4.043310E+000   1.212993E+000   7.321330E+000   2.830317E+000   4.491012E+000
   35201      19     1.240000     1.280000   7.733813E+000   2.134647E+000   7.462086E+000   2.238626E+000   5.599167E+000   5.223460E+000   3.757066E-001
   35201      20     1.280000     1.340000   1.109154E+001   2.081329E+000   8.887365E+000   2.666210E+000   9.010214E+000   6.221156E+000   2.789058E+000
   35201      21     1.340000     1.420000   1.012492E+001   2.718725E+000   9.643364E+000   2.893009E+000   7.406196E+000   6.750355E+000   6.558416E-001
   35201      22     1.420000     1.460000   4.444646E+000   2.653727E-001   1.495840E+000   4.487520E-001   4.179273E+000   1.047088E+000   3.132185E+000
   35201      23     1.460000     1.490000   3.316959E+000   4.535070E-001   2.249317E+000   6.747952E-001   2.863452E+000   1.574522E+000   1.288930E+000
   35201      24     1.490000     1.520000   3.416012E+000   7.178917E-001   2.906943E+000   8.720829E-001   2.698120E+000   2.034860E+000   6.632598E-001
   35201      25     1.520000     1.680000   2.089115E+001   1.337240E+000   7.674705E+000   2.302412E+000   1.955391E+001   5.372294E+000   1.418161E+001
   35201      26     1.680000     1.740000   7.400301E+000   1.967504E+000   7.085156E+000   2.125547E+000   5.432797E+000   4.959609E+000   4.731877E-001
   35201      27     1.740000     1.820000   6.859941E+000   1.916373E+000   6.684495E+000   2.005349E+000   4.943568E+000   4.679147E+000   2.644216E-001
   35201      28     1.820000     1.940000   7.844991E+000   1.257615E+000   5.602018E+000   1.680605E+000   6.587376E+000   3.921412E+000   2.665964E+000
   35201      29     1.940000     2.200000   1.524385E+001   4.414633E-001   2.571517E+000   7.714550E-001   1.480239E+001   1.800062E+000   1.300233E+001
   35201      30     2.200000     2.300000   5.897529E+000   1.628997E+000   5.728353E+000   1.718506E+000   4.268532E+000   4.009847E+000   2.586850E-001
   35201      31     2.300000     2.450000   6.412228E+000   1.915464E+000   6.401557E+000   1.920467E+000   4.496764E+000   4.481090E+000   1.567476E-002
   35201      32     2.450000     2.550000   2.808749E+000   5.505620E-001   2.354126E+000   7.062377E-001   2.258187E+000   1.647888E+000   6.102992E-001
   35201      33     2.550000     2.650000   2.466453E+000   1.452078E-001   9.435186E-001   2.830556E-001   2.321246E+000   6.604630E-001   1.660782E+000
   35201      34     2.650000     2.900000   5.107089E+000   1.359838E-005   4.724291E-004   1.417287E-004   5.107076E+000   3.307004E-004   5.106745E+000
   35201      35     2.900000     3.200000   4.829501E+000   3.677944E-001   2.472303E+000   7.416910E-001   4.461707E+000   1.730612E+000   2.731094E+000
   35201      36     3.200000     3.500000   4.479548E+000   1.296205E+000   4.423375E+000   1.327012E+000   3.183343E+000   3.096362E+000   8.698040E-002
   35201      37     3.500000     3.900000   5.317470E+000   7.544587E-001   3.368094E+000   1.010428E+000   4.563012E+000   2.357666E+000   2.205346E+000
   35201      38     3.900000     5.500000   8.889375E+000   6.108227E-002   4.684183E-001   1.405255E-001   8.828293E+000   3.278928E-001   8.500400E+000
   35201      39     5.500000     6.500000   2.171822E+000   6.427086E-001   2.161767E+000   6.485302E-001   1.529113E+000   1.513237E+000   1.587579E-002
   35201      40     6.500000     7.000000   6.459457E-001   4.739752E-002   3.741742E-001   1.122523E-001   5.985482E-001   2.619219E-001   3.366263E-001
   35201      41     7.000000     9.000000   1.525571E+000   3.075196E-002   2.554707E-001   7.664120E-002   1.494819E+000   1.788295E-001   1.315990E+000
   35201      42     9.000000    20.000000   1.633159E+000   2.156744E-002   2.015972E-001   6.047915E-002   1.611591E+000   1.411180E-001   1.470473E+000
   35301       1     0.200000     0.300000   5.582456E-006   3.540013E-006   2.917776E-006   8.753329E-007   2.042443E-006   2.042443E-006  -9.500342E-015
   35301       2     0.300000     0.345000   2.557270E-003   1.374824E-003   1.689209E-003   5.067628E-004   1.182447E-003   1.182447E-003  -8.478979E-013
   35301       3     0.345000     0.385000   2.512764E-003   1.152240E-003   1.943607E-003   5.830820E-004   1.360525E-003   1.360525E-003   3.397626E-012
   35301       4     0.385000     0.420000   1.293223E-002   5.311610E-003   1.088660E-002   3.265979E-003   7.620618E-003   7.620618E-003   2.420480E-012
   35301       5     0.420000     0.450000   2.349464E-002   8.965829E-003   2.075544E-002   6.226633E-003   1.452881E-002   1.452881E-002   1.201103E-012
   35301       6     0.450000     0.500000   1.310848E-001   4.710132E-002   1.199763E-001   3.599290E-002   8.398344E-002   8.398344E-002   4.186276E-012
   35301       7     0.500000     0.550000   1.748537E-001   5.938044E-002   1.649618E-001   4.948854E-002   1.154733E-001   1.154733E-001   2.416764E-011
   35301       8     0.550000     0.610000   2.295775E-001   7.513671E-002   2.206297E-001   6.618892E-002   1.544408E-001   1.544408E-001   8.302350E-011
   35301       9     0.610000     0.690000   5.693172E-001   1.805662E-001   5.553585E-001   1.666076E-001   3.887510E-001   3.887510E-001  -6.286432E-011
   35301      10     0.690000     0.780000   2.472789E+000   7.671523E-001   2.436624E+000   7.309872E-001   1.705637E+000   1.705637E+000   3.032607E-010
   35301      11     0.780000     0.800000   1.063069E+000   3.229176E-001   1.046059E+000   3.138176E-001   7.401518E-001   7.322411E-001   7.910728E-003
   35301      12     0.800000     0.870000   5.878988E+000   1.800827E+000   5.823915E+000   1.747175E+000   4.078161E+000   4.076741E+000   1.420471E-003
   35301      13     0.870000     0.880000   8.736691E-001   2.597190E-001   8.573632E-001   2.572090E-001   6.139500E-001   6.001542E-001   1.379579E-002
   35301      14     0.880000     1.030000   2.249240E+001   6.829699E+000   2.237432E+001   6.712295E+000   1.566271E+001   1.566202E+001   6.833488E-004
   35301      15     1.030000     1.080000   9.248799E+000   2.416525E+000   8.563428E+000   2.569029E+000   6.832274E+000   5.994400E+000   8.378738E-001
   35301      16     1.080000     1.140000   1.173685E+001   3.469010E+000   1.161301E+001   3.483902E+000   8.267840E+000   8.129105E+000   1.387352E-001
   35301      17     1.140000     1.200000   1.143670E+001   3.434939E+000   1.139399E+001   3.418196E+000   8.001758E+000   7.975791E+000   2.596672E-002
   35301      18     1.200000     1.240000   8.097833E+000   7.768573E-001   4.044227E+000   1.213268E+000   7.320975E+000   2.830959E+000   4.490017E+000
   35301      19     1.240000     1.280000   7.733813E+000   2.134711E+000   7.462168E+000   2.238650E+000   5.599102E+000   5.223518E+000   3.755846E-001
   35301      20     1.280000     1.340000   1.109154E+001   2.081502E+000   8.887584E+000   2.666275E+000   9.010041E+000   6.221309E+000   2.788732E+000
   35301      21     1.340000     1.420000   1.012492E+001   2.718823E+000   9.643486E+000   2.893046E+000   7.406098E+000   6.750440E+000   6.556572E-001
   35301      22     1.420000     1.460000   4.444646E+000   2.655473E-001   1.496599E+000   4.489797E-001   4.179098E+000   1.047619E+000   3.131479E+000
   35301      23     1.460000     1.490000   3.316959E+000   4.536930E-001   2.249625E+000   6.748874E-001   2.863266E+000   1.574737E+000   1.288529E+000
   35301      24     1.490000     1.520000   3.416012E+000   7.180232E-001   2.907137E+000   8.721411E-001   2.697988E+000   2.034996E+000   6.629924E-001
   35301      25     1.520000     1.680000   2.089115E+001   1.338180E+000   7.677946E+000   2.303384E+000   1.955297E+001   5.374562E+000   1.417841E+001
   35301      26     1.680000     1.740000   7.400301E+000   1.967590E+000   7.085261E+000   2.125578E+000   5.432712E+000   4.959683E+000   4.730288E-001
   35301      27     1.740000     1.820000   6.859941E+000   1.916853E+000   6.685111E+000   2.005533E+000   4.943089E+000   4.679578E+000   2.635108E-001
   35301      28     1.820000     1.940000   7.844991E+000   1.258213E+000   5.603548E+000   1.681064E+000   6.586778E+000   3.922484E+000   2.664294E+000
   35301      29     1.940000     2.200000   1.524385E+001   4.418163E-001   2.572739E+000   7.718218E-001   1.480203E+001   1.800918E+000   1.300112E+001
   35301      30     2.200000     2.300000   5.897529E+000   1.629053E+000   5.728422E+000   1.718526E+000   4.268475E+000   4.009895E+000   2.585803E-001
   35301      31     2.300000     2.450000   6.412228E+000   1.915467E+000   6.401560E+000   1.920468E+000   4.496761E+000   4.481092E+000   1.566890E-002
   35301      32     2.450000     2.550000   2.808749E+000   5.508266E-001   2.354649E+000   7.063946E-001   2.257923E+000   1.648254E+000   6.096687E-001
   35301      33     2.550000     2.650000   2.466453E+000   1.452625E-001   9.438311E-001   2.831493E-001   2.321191E+000   6.606818E-001   1.660509E+000
   35301      34     2.650000     2.900000   5.107089E+000   1.360347E-005   4.804598E-004   1.441379E-004   5.107076E+000   3.363218E-004   5.106739E+000
   35301      35     2.900000     3.200000   4.829501E+000   3.682046E-001   2.473691E+000   7.421074E-001   4.461296E+000   1.731584E+000   2.729712E+000
   35301      36     3.200000     3.500000   4.479548E+000   1.296275E+000   4.423460E+000   1.327038E+000   3.183273E+000   3.096422E+000   8.685083E-002
   35301      37     3.500000     3.900000   5.317470E+000   7.545104E-001   3.368130E+000   1.010439E+000   4.562960E+000   2.357691E+000   2.205269E+000
   35301      38     3.900000     5.500000   8.889375E+000   6.117129E-002   4.688738E-001   1.406621E-001   8.828204E+000   3.282116E-001   8.499992E+000
   35301      39     5.500000     6.500000   2.171822E+000   6.427218E-001   2.161782E+000   6.485347E-001   1.529100E+000   1.513248E+000   1.585217E-002
   35301      40     6.500000     7.000000   6.459457E-001   4.737617E-002   3.740910E-001   1.122273E-001   5.985696E-001   2.618637E-001   3.367059E-001
   35301      41     7.000000     9.000000   1.525571E+000   3.077958E-002   2.554979E-001   7.664938E-002   1.494791E+000   1.788486E-001   1.315943E+000
   35301      42     9.000000    20.000000   1.633159E+000   2.168498E-002   2.021812E-001   6.065436E-002   1.611474E+000   1.415269E-001   1.469947E+000
   35401       1     0.200000     0.300000   5.582456E-006   3.540013E-006   2.917776E-006   8.753329E-007   2.042443E-006   2.042443E-006  -9.500342E-015
   35401       2     0.300000     0.345000   2.557270E-003   1.374824E-003   1.689209E-003   5.067628E-004   1.182447E-003   1.182447E-003  -8.478979E-013
   35401       3     0.345000     0.385000   2.512764E-003   1.152240E-003   1.943607E-003   5.830820E-004   1.360525E-003   1.360525E-003   3.397626E-012
   35401       4     0.385000     0.420000   1.293223E-002   5.311610E-003   1.088660E-002   3.265979E-003   7.620618E-003   7.620618E-003   2.563391E-012
   35401       5     0.420000     0.450000   2.349464E-002   8.965829E-003   2.075544E-002   6.226633E-003   1.452881E-002   1.452881E-002   5.840134E-012
   35401       6     0.450000     0.500000   1.310848E-001   4.710132E-002   1.199763E-001   3.599290E-002   8.398344E-002   8.398344E-002  -6.712825E-013
   35401       7     0.500000     0.550000   1.748537E-001   5.938044E-002   1.649618E-001   4.948854E-002   1.154733E-001   1.154733E-001   2.786858E-011
   35401       8     0.550000     0.610000   2.295775E-001   7.513671E-002   2.206297E-001   6.618892E-002   1.544408E-001   1.544408E-001   8.381917E-011
   35401       9     0.610000     0.690000   5.693172E-001   1.805662E-001   5.553585E-001   1.666076E-001   3.887510E-001   3.887510E-001  -2.599643E-011
   35401      10     0.690000     0.780000   2.472789E+000   7.671523E-001   2.436624E+000   7.309872E-001   1.705637E+000   1.705637E+000   9.118994E-011
   35401      11     0.780000     0.800000   1.063069E+000   3.229177E-001   1.046059E+000   3.138176E-001   7.401517E-001   7.322411E-001   7.910604E-003
   35401      12     0.800000     0.870000   5.878988E+000   1.800827E+000   5.823915E+000   1.747175E+000   4.078161E+000   4.076741E+000   1.420634E-003
   35401      13     0.870000     0.880000   8.736691E-001   2.597206E-001   8.573650E-001   2.572095E-001   6.139485E-001   6.001555E-001   1.379295E-002
   35401      14     0.880000     1.030000   2.249240E+001   6.829699E+000   2.237432E+001   6.712295E+000   1.566271E+001   1.566202E+001   6.831143E-004
   35401      15     1.030000     1.080000   9.248799E+000   2.416558E+000   8.563451E+000   2.569035E+000   6.832241E+000   5.994416E+000   8.378251E-001
   35401      16     1.080000     1.140000   1.173685E+001   3.469012E+000   1.161301E+001   3.483903E+000   8.267838E+000   8.129107E+000   1.387313E-001
   35401      17     1.140000     1.200000   1.143670E+001   3.434939E+000   1.139399E+001   3.418196E+000   8.001758E+000   7.975792E+000   2.596621E-002
   35401      18     1.200000     1.240000   8.097833E+000   7.772038E-001   4.045122E+000   1.213537E+000   7.320629E+000   2.831586E+000   4.489043E+000
   35401      19     1.240000     1.280000   7.733813E+000   2.134774E+000   7.462248E+000   2.238675E+000   5.599039E+000   5.223574E+000   3.754655E-001
   35401      20     1.280000     1.340000   1.109154E+001   2.081671E+000   8.887798E+000   2.666339E+000   9.009872E+000   6.221458E+000   2.788414E+000
   35401      21     1.340000     1.420000   1.012492E+001   2.718920E+000   9.643606E+000   2.893082E+000   7.406001E+000   6.750524E+000   6.554772E-001
   35401      22     1.420000     1.460000   4.444646E+000   2.657186E-001   1.497343E+000   4.492029E-001   4.178927E+000   1.048140E+000   3.130787E+000
   35401      23     1.460000     1.490000   3.316959E+000   4.538749E-001   2.249926E+000   6.749777E-001   2.863084E+000   1.574948E+000   1.288136E+000
   35401      24     1.490000     1.520000   3.416012E+000   7.181516E-001   2.907327E+000   8.721980E-001   2.697860E+000   2.035129E+000   6.627314E-001
   35401      25     1.520000     1.680000   2.089115E+001   1.339099E+000   7.681115E+000   2.304334E+000   1.955205E+001   5.376780E+000   1.417527E+001
   35401      26     1.680000     1.740000   7.400301E+000   1.967673E+000   7.085364E+000   2.125609E+000   5.432628E+000   4.959755E+000   4.728737E-001
   35401      27     1.740000     1.820000   6.859941E+000   1.917322E+000   6.685713E+000   2.005714E+000   4.942619E+000   4.679999E+000   2.626196E-001
   35401      28     1.820000     1.940000   7.844991E+000   1.258799E+000   5.605046E+000   1.681514E+000   6.586192E+000   3.923532E+000   2.662660E+000
   35401      29     1.940000     2.200000   1.524385E+001   4.421617E-001   2.573935E+000   7.721805E-001   1.480169E+001   1.801754E+000   1.299993E+001
   35401      30     2.200000     2.300000   5.897529E+000   1.629108E+000   5.728489E+000   1.718547E+000   4.268420E+000   4.009942E+000   2.584782E-001
   35401      31     2.300000     2.450000   6.412228E+000   1.915470E+000   6.401564E+000   1.920469E+000   4.496758E+000   4.481095E+000   1.566318E-002
   35401      32     2.450000     2.550000   2.808749E+000   5.510855E-001   2.355160E+000   7.065480E-001   2.257664E+000   1.648612E+000   6.090518E-001
   35401      33     2.550000     2.650000   2.466453E+000   1.453161E-001   9.441375E-001   2.832413E-001   2.321137E+000   6.608963E-001   1.660241E+000
   35401      34     2.650000     2.900000   5.107089E+000   1.360836E-005   4.884495E-004   1.465348E-004   5.107076E+000   3.419146E-004   5.106734E+000
   35401      35     2.900000     3.200000   4.829501E+000   3.686063E-001   2.475050E+000   7.425150E-001   4.460895E+000   1.732535E+000   2.728360E+000
   35401      36     3.200000     3.500000   4.479548E+000   1.296343E+000   4.423544E+000   1.327063E+000   3.183205E+000   3.096481E+000   8.672428E-002
   35401      37     3.500000     3.900000   5.317470E+000   7.545609E-001   3.368164E+000   1.010449E+000   4.562910E+000   2.357715E+000   2.205195E+000
   35401      38     3.900000     5.500000   8.889375E+000   6.125855E-002   4.693196E-001   1.407959E-001   8.828117E+000   3.285237E-001   8.499593E+000
   35401      39     5.500000     6.500000   2.171822E+000   6.427347E-001   2.161797E+000   6.485390E-001   1.529087E+000   1.513258E+000   1.582914E-002
   35401      40     6.500000     7.000000   6.459457E-001   4.735515E-002   3.740091E-001   1.122027E-001   5.985906E-001   2.618063E-001   3.367842E-001
   35401      41     7.000000     9.000000   1.525571E+000   3.080653E-002   2.555249E-001   7.665747E-002   1.494765E+000   1.788674E-001   1.315897E+000
   35401      42     9.000000    20.000000   1.633159E+000   2.180119E-002   2.027564E-001   6.082691E-002   1.611358E+000   1.419294E-001   1.469428E+000
   35501       1     0.200000     0.300000   5.582456E-006   3.540013E-006   2.917776E-006   8.753329E-007   2.042443E-006   2.042443E-006  -9.500342E-015
   35501       2     0.300000     0.345000   2.557270E-003   1.374824E-003   1.689209E-003   5.067628E-004   1.182447E-003   1.182447E-003  -8.478979E-013
   35501       3     0.345000     0.385000   2.512764E-003   1.152240E-003   1.943607E-003   5.830820E-004   1.360525E-003   1.360525E-003   3.397626E-012
   35501       4     0.385000     0.420000   1.293223E-002   5.311610E-003   1.088660E-002   3.265979E-003   7.620618E-003   7.620618E-003   2.634917E-012
   35501       5     0.420000     0.450000   2.349464E-002   8.965829E-003   2.075544E-002   6.226633E-003   1.452881E-002   1.452881E-002   6.135639E-012
   35501       6     0.450000     0.500000   1.310848E-001   4.710132E-002   1.199763E-001   3.599290E-002   8.398344E-002   8.398344E-002   2.623207E-012
   35501       7     0.500000     0.550000   1.748537E-001   5.938044E-002   1.649618E-001   4.948854E-002   1.154733E-001   1.154733E-001   1.605599E-011
   35501       8     0.550000     0.610000   2.295775E-001   7.513671E-002   2.206297E-001   6.618892E-002   1.544408E-001   1.544408E-001   6.556924E-011
   35501       9     0.610000     0.690000   5.693172E-001   1.805662E-001   5.553585E-001   1.666076E-001   3.887510E-001   3.887510E-001  -2.864603E-011
   35501      10     0.690000     0.780000   2.472789E+000   7.671523E-001   2.436624E+000   7.309872E-001   1.705637E+000   1.705637E+000   1.748433E-010
   35501      11     0.780000     0.800000   1.063069E+000   3.229178E-001   1.046059E+000   3.138176E-001   7.401516E-001   7.322412E-001   7.910484E-003
   35501      12     0.800000     0.870000   5.878988E+000   1.800827E+000   5.823915E+000   1.747175E+000   4.078161E+000   4.076741E+000   1.420794E-003
   35501      13     0.870000     0.880000   8.736691E-001   2.597222E-001   8.573667E-001   2.572100E-001   6.139469E-001   6.001567E-001   1.379019E-002
   35501      14     0.880000     1.030000   2.249240E+001   6.829699E+000   2.237432E+001   6.712295E+000   1.566271E+001   1.566202E+001   6.828851E-004
   35501      15     1.030000     1.080000   9.248799E+000   2.416590E+000   8.563473E+000   2.569042E+000   6.832209E+000   5.994431E+000   8.377775E-001
   35501      16     1.080000     1.140000   1.173685E+001   3.469014E+000   1.161301E+001   3.483904E+000   8.267836E+000   8.129108E+000   1.387275E-001
   35501      17     1.140000     1.200000   1.143670E+001   3.434939E+000   1.139399E+001   3.418196E+000   8.001758E+000   7.975792E+000   2.596572E-002
   35501      18     1.200000     1.240000   8.097833E+000   7.775430E-001   4.045998E+000   1.213799E+000   7.320290E+000   2.832199E+000   4.488091E+000
   35501      19     1.240000     1.280000   7.733813E+000   2.134835E+000   7.462327E+000   2.238698E+000   5.598978E+000   5.223629E+000   3.753493E-001
   35501      20     1.280000     1.340000   1.109154E+001   2.081836E+000   8.888006E+000   2.666402E+000   9.009707E+000   6.221604E+000   2.788102E+000
   35501      21     1.340000     1.420000   1.012492E+001   2.719014E+000   9.643723E+000   2.893117E+000   7.405907E+000   6.750606E+000   6.553015E-001
   35501      22     1.420000     1.460000   4.444646E+000   2.658868E-001   1.498073E+000   4.494218E-001   4.178759E+000   1.048651E+000   3.130108E+000
   35501      23     1.460000     1.490000   3.316959E+000   4.540531E-001   2.250220E+000   6.750659E-001   2.862906E+000   1.575154E+000   1.287752E+000
   35501      24     1.490000     1.520000   3.416012E+000   7.182771E-001   2.907512E+000   8.722535E-001   2.697734E+000   2.035258E+000   6.624763E-001
   35501      25     1.520000     1.680000   2.089115E+001   1.340000E+000   7.684217E+000   2.305265E+000   1.955115E+001   5.378952E+000   1.417220E+001
   35501      26     1.680000     1.740000   7.400301E+000   1.967754E+000   7.085464E+000   2.125639E+000   5.432547E+000   4.959825E+000   4.727222E-001
   35501      27     1.740000     1.820000   6.859941E+000   1.917782E+000   6.686303E+000   2.005891E+000   4.942159E+000   4.680412E+000   2.617466E-001
   35501      28     1.820000     1.940000   7.844991E+000   1.259374E+000   5.606513E+000   1.681954E+000   6.585617E+000   3.924559E+000   2.661058E+000
   35501      29     1.940000     2.200000   1.524385E+001   4.424998E-001   2.575105E+000   7.725314E-001   1.480135E+001   1.802573E+000   1.299878E+001
   35501      30     2.200000     2.300000   5.897529E+000   1.629162E+000   5.728554E+000   1.718566E+000   4.268367E+000   4.009988E+000   2.583785E-001
   35501      31     2.300000     2.450000   6.412228E+000   1.915473E+000   6.401567E+000   1.920470E+000   4.496755E+000   4.481097E+000   1.565759E-002
   35501      32     2.450000     2.550000   2.808749E+000   5.513391E-001   2.355661E+000   7.066982E-001   2.257410E+000   1.648963E+000   6.084476E-001
   35501      33     2.550000     2.650000   2.466453E+000   1.453686E-001   9.444383E-001   2.833315E-001   2.321085E+000   6.611068E-001   1.659978E+000
   35501      34     2.650000     2.900000   5.107089E+000   1.361309E-005   4.964039E-004   1.489212E-004   5.107076E+000   3.474827E-004   5.106728E+000
   35501      35     2.900000     3.200000   4.829501E+000   3.690001E-001   2.476381E+000   7.429142E-001   4.460501E+000   1.733466E+000   2.727034E+000
   35501      36     3.200000     3.500000   4.479548E+000   1.296409E+000   4.423626E+000   1.327088E+000   3.183139E+000   3.096538E+000   8.660053E-002
   35501      37     3.500000     3.900000   5.317470E+000   7.546102E-001   3.368198E+000   1.010459E+000   4.562860E+000   2.357738E+000   2.205122E+000
   35501      38     3.900000     5.500000   8.889375E+000   6.134417E-002   4.697564E-001   1.409269E-001   8.828031E+000   3.288295E-001   8.499202E+000
   35501      39     5.500000     6.500000   2.171822E+000   6.427473E-001   2.161811E+000   6.485433E-001   1.529074E+000   1.513268E+000   1.580659E-002
   35501      40     6.500000     7.000000   6.459457E-001   4.733461E-002   3.739290E-001   1.121787E-001   5.986111E-001   2.617503E-001   3.368608E-001
   35501      41     7.000000     9.000000   1.525571E+000   3.083289E-002   2.555512E-001   7.666536E-002   1.494738E+000   1.788858E-001   1.315852E+000
   35501      42     9.000000    20.000000   1.633159E+000   2.191619E-002   2.033233E-001   6.099699E-002   1.611243E+000   1.423263E-001   1.468916E+000
   35601       1     0.200000     0.300000   5.582456E-006   3.540013E-006   2.917776E-006   8.753329E-007   2.042443E-006   2.042443E-006  -9.500342E-015
   35601       2     0.300000     0.345000   2.557270E-003   1.374824E-003   1.689209E-003   5.067628E-004   1.182447E-003   1.182447E-003  -8.478979E-013
   35601       3     0.345000     0.385000   2.512764E-003   1.152240E-003   1.943607E-003   5.830820E-004   1.360525E-003   1.360525E-003   3.397626E-012
   35601       4     0.385000     0.420000   1.293223E-002   5.311610E-003   1.088660E-002   3.265979E-003   7.620618E-003   7.620618E-003   2.800860E-012
   35601       5     0.420000     0.450000   2.349464E-002   8.965829E-003   2.075544E-002   6.226633E-003   1.452881E-002   1.452881E-002   5.236126E-012
   35601       6     0.450000     0.500000   1.310848E-001   4.710132E-002   1.199763E-001   3.599290E-002   8.398344E-002   8.398344E-002  -6.039891E-012
   35601       7     0.500000     0.550000   1.748537E-001   5.938044E-002   1.649618E-001   4.948854E-002   1.154733E-001   1.154733E-001   1.034345E-011
   35601       8     0.550000     0.610000   2.295775E-001   7.513671E-002   2.206297E-001   6.618892E-002   1.544408E-001   1.544408E-001   6.573578E-011
   35601       9     0.610000     0.690000   5.693172E-001   1.805662E-001   5.553585E-001   1.666076E-001   3.887510E-001   3.887510E-001  -7.417067E-012
   35601      10     0.690000     0.780000   2.472789E+000   7.671523E-001   2.436624E+000   7.309872E-001   1.705637E+000   1.705637E+000   3.820735E-010
   35601      11     0.780000     0.800000   1.063069E+000   3.229178E-001   1.046059E+000   3.138177E-001   7.401516E-001   7.322412E-001   7.910366E-003
   35601      12     0.800000     0.870000   5.878988E+000   1.800827E+000   5.823915E+000   1.747175E+000   4.078161E+000   4.076741E+000   1.420950E-003
   35601      13     0.870000     0.880000   8.736691E-001   2.597237E-001   8.573684E-001   2.572105E-001   6.139454E-001   6.001579E-001   1.378750E-002
   35601      14     0.880000     1.030000   2.249240E+001   6.829699E+000   2.237432E+001   6.712296E+000   1.566271E+001   1.566202E+001   6.826623E-004
   35601      15     1.030000     1.080000   9.248799E+000   2.416621E+000   8.563495E+000   2.569048E+000   6.832178E+000   5.994446E+000   8.377314E-001
   35601      16     1.080000     1.140000   1.173685E+001   3.469016E+000   1.161301E+001   3.483904E+000   8.267834E+000   8.129110E+000   1.387239E-001
   35601      17     1.140000     1.200000   1.143670E+001   3.434940E+000   1.139399E+001   3.418197E+000   8.001757E+000   7.975792E+000   2.596526E-002
   35601      18     1.200000     1.240000   8.097833E+000   7.778749E-001   4.046855E+000   1.214057E+000   7.319958E+000   2.832799E+000   4.487159E+000
   35601      19     1.240000     1.280000   7.733813E+000   2.134895E+000   7.462403E+000   2.238721E+000   5.598918E+000   5.223682E+000   3.752361E-001
   35601      20     1.280000     1.340000   1.109154E+001   2.081997E+000   8.888210E+000   2.666463E+000   9.009546E+000   6.221747E+000   2.787799E+000
   35601      21     1.340000     1.420000   1.012492E+001   2.719105E+000   9.643837E+000   2.893151E+000   7.405816E+000   6.750686E+000   6.551301E-001
   35601      22     1.420000     1.460000   4.444646E+000   2.660516E-001   1.498787E+000   4.496361E-001   4.178594E+000   1.049151E+000   3.129443E+000
   35601      23     1.460000     1.490000   3.316959E+000   4.542269E-001   2.250507E+000   6.751520E-001   2.862732E+000   1.575355E+000   1.287377E+000
   35601      24     1.490000     1.520000   3.416012E+000   7.183994E-001   2.907692E+000   8.723076E-001   2.697612E+000   2.035384E+000   6.622277E-001
   35601      25     1.520000     1.680000   2.089115E+001   1.340881E+000   7.687251E+000   2.306175E+000   1.955027E+001   5.381075E+000   1.416919E+001
   35601      26     1.680000     1.740000   7.400301E+000   1.967834E+000   7.085561E+000   2.125668E+000   5.432468E+000   4.959893E+000   4.725749E-001
   35601      27     1.740000     1.820000   6.859941E+000   1.918230E+000   6.686877E+000   2.006063E+000   4.941711E+000   4.680814E+000   2.608968E-001
   35601      28     1.820000     1.940000   7.844991E+000   1.259936E+000   5.607946E+000   1.682384E+000   6.585055E+000   3.925562E+000   2.659493E+000
   35601      29     1.940000     2.200000   1.524385E+001   4.428303E-001   2.576247E+000   7.728741E-001   1.480102E+001   1.803373E+000   1.299765E+001
   35601      30     2.200000     2.300000   5.897529E+000   1.629215E+000   5.728618E+000   1.718585E+000   4.268314E+000   4.010033E+000   2.582814E-001
   35601      31     2.300000     2.450000   6.412228E+000   1.915476E+000   6.401571E+000   1.920471E+000   4.496752E+000   4.481100E+000   1.565215E-002
   35601      32     2.450000     2.550000   2.808749E+000   5.515865E-001   2.356149E+000   7.068447E-001   2.257163E+000   1.649304E+000   6.078584E-001
   35601      33     2.550000     2.650000   2.466453E+000   1.454193E-001   9.447312E-001   2.834193E-001   2.321034E+000   6.613118E-001   1.659722E+000
   35601      34     2.650000     2.900000   5.107089E+000   1.361765E-005   5.042880E-004   1.512864E-004   5.107076E+000   3.530016E-004   5.106723E+000
   35601      35     2.900000     3.200000   4.829501E+000   3.693850E-001   2.477680E+000   7.433041E-001   4.460116E+000   1.734376E+000   2.725740E+000
   35601      36     3.200000     3.500000   4.479548E+000   1.296474E+000   4.423705E+000   1.327112E+000   3.183074E+000   3.096594E+000   8.648005E-002
   35601      37     3.500000     3.900000   5.317470E+000   7.546582E-001   3.368230E+000   1.010469E+000   4.562812E+000   2.357761E+000   2.205051E+000
   35601      38     3.900000     5.500000   8.889375E+000   6.142804E-002   4.701849E-001   1.410555E-001   8.827947E+000   3.291294E-001   8.498818E+000
   35601      39     5.500000     6.500000   2.171822E+000   6.427596E-001   2.161825E+000   6.485475E-001   1.529062E+000   1.513278E+000   1.578446E-002
   35601      40     6.500000     7.000000   6.459457E-001   4.731494E-002   3.738521E-001   1.121556E-001   5.986308E-001   2.616965E-001   3.369343E-001
   35601      41     7.000000     9.000000   1.525571E+000   3.085860E-002   2.555764E-001   7.667293E-002   1.494712E+000   1.789035E-001   1.315809E+000
   35601      42     9.000000    20.000000   1.633159E+000   2.202926E-002   2.038785E-001   6.116354E-002   1.611130E+000   1.427149E-001   1.468415E+000
   35701       1     0.200000     0.300000   5.582456E-006   3.540013E-006   2.917776E-006   8.753329E-007   2.042443E-006   2.042443E-006  -9.500342E-015
   35701       2     0.300000     0.345000   2.557270E-003   1.374824E-003   1.689209E-003   5.067628E-004   1.182447E-003   1.182447E-003  -8.478979E-013
   35701       3     0.345000     0.385000   2.512764E-003   1.152240E-003   1.943607E-003   5.830820E-004   1.360525E-003   1.360525E-003   3.397626E-012
   35701       4     0.385000     0.420000   1.293223E-002   5.311610E-003   1.088660E-002   3.265979E-003   7.620618E-003   7.620618E-003   2.800860E-012
   35701       5     0.420000     0.450000   2.349464E-002   8.965829E-003   2.075544E-002   6.226633E-003   1.452881E-002   1.452881E-002   6.559872E-012
   35701       6     0.450000     0.500000   1.310848E-001   4.710132E-002   1.199763E-001   3.599290E-002   8.398344E-002   8.398344E-002   1.919936E-012
   35701       7     0.500000     0.550000   1.748537E-001   5.938044E-002   1.649618E-001   4.948854E-002   1.154733E-001   1.154733E-001  -1.487546E-012
   35701       8     0.550000     0.610000   2.295775E-001   7.513671E-002   2.206297E-001   6.618892E-002   1.544408E-001   1.544408E-001   6.247641E-011
   35701       9     0.610000     0.690000   5.693172E-001   1.805662E-001   5.553585E-001   1.666076E-001   3.887510E-001   3.887510E-001   3.017714E-011
   35701      10     0.690000     0.780000   2.472789E+000   7.671523E-001   2.436624E+000   7.309872E-001   1.705637E+000   1.705637E+000   3.080962E-010
   35701      11     0.780000     0.800000   1.063069E+000   3.229179E-001   1.046059E+000   3.138177E-001   7.401515E-001   7.322413E-001   7.910250E-003
   35701      12     0.800000     0.870000   5.878988E+000   1.800827E+000   5.823915E+000   1.747174E+000   4.078162E+000   4.076740E+000   1.421102E-003
   35701      13     0.870000     0.880000   8.736691E-001   2.597251E-001   8.573701E-001   2.572110E-001   6.139439E-001   6.001591E-001   1.378487E-002
   35701      14     0.880000     1.030000   2.249240E+001   6.829700E+000   2.237432E+001   6.712296E+000   1.566271E+001   1.566202E+001   6.824453E-004
   35701      15     1.030000     1.080000   9.248799E+000   2.416652E+000   8.563515E+000   2.569055E+000   6.832147E+000   5.994461E+000   8.376865E-001
   35701      16     1.080000     1.140000   1.173685E+001   3.469018E+000   1.161302E+001   3.483905E+000   8.267832E+000   8.129111E+000   1.387205E-001
   35701      17     1.140000     1.200000   1.143670E+001   3.434940E+000   1.139399E+001   3.418197E+000   8.001757E+000   7.975792E+000   2.596483E-002
   35701      18     1.200000     1.240000   8.097833E+000   7.781999E-001   4.047695E+000   1.214308E+000   7.319633E+000   2.833386E+000   4.486247E+000
   35701      19     1.240000     1.280000   7.733813E+000   2.134953E+000   7.462478E+000   2.238743E+000   5.598860E+000   5.223734E+000   3.751258E-001
   35701      20     1.280000     1.340000   1.109154E+001   2.082155E+000   8.888408E+000   2.666522E+000   9.009388E+000   6.221886E+000   2.787502E+000
   35701      21     1.340000     1.420000   1.012492E+001   2.719195E+000   9.643948E+000   2.893184E+000   7.405726E+000   6.750763E+000   6.549627E-001
   35701      22     1.420000     1.460000   4.444646E+000   2.662133E-001   1.499487E+000   4.498461E-001   4.178432E+000   1.049641E+000   3.128792E+000
   35701      23     1.460000     1.490000   3.316959E+000   4.543967E-001   2.250787E+000   6.752360E-001   2.862562E+000   1.575551E+000   1.287012E+000
   35701      24     1.490000     1.520000   3.416012E+000   7.185188E-001   2.907868E+000   8.723604E-001   2.697493E+000   2.035508E+000   6.619851E-001
   35701      25     1.520000     1.680000   2.089115E+001   1.341744E+000   7.690221E+000   2.307066E+000   1.954940E+001   5.383155E+000   1.416625E+001
   35701      26     1.680000     1.740000   7.400301E+000   1.967911E+000   7.085656E+000   2.125697E+000   5.432390E+000   4.959959E+000   4.724313E-001
   35701      27     1.740000     1.820000   6.859941E+000   1.918668E+000   6.687438E+000   2.006231E+000   4.941274E+000   4.681206E+000   2.600674E-001
   35701      28     1.820000     1.940000   7.844991E+000   1.260486E+000   5.609348E+000   1.682804E+000   6.584505E+000   3.926543E+000   2.657962E+000
   35701      29     1.940000     2.200000   1.524385E+001   4.431536E-001   2.577364E+000   7.732092E-001   1.480070E+001   1.804155E+000   1.299654E+001
   35701      30     2.200000     2.300000   5.897529E+000   1.629266E+000   5.728681E+000   1.718604E+000   4.268263E+000   4.010076E+000   2.581865E-001
   35701      31     2.300000     2.450000   6.412228E+000   1.915479E+000   6.401574E+000   1.920472E+000   4.496749E+000   4.481102E+000   1.564684E-002
   35701      32     2.450000     2.550000   2.808749E+000   5.518284E-001   2.356626E+000   7.069878E-001   2.256921E+000   1.649638E+000   6.072826E-001
   35701      33     2.550000     2.650000   2.466453E+000   1.454685E-001   9.450171E-001   2.835051E-001   2.320985E+000   6.615119E-001   1.659473E+000
   35701      34     2.650000     2.900000   5.107089E+000   1.362205E-005   5.121138E-004   1.536341E-004   5.107076E+000   3.584796E-004   5.106717E+000
   35701      35     2.900000     3.200000   4.829501E+000   3.697618E-001   2.478952E+000   7.436857E-001   4.459739E+000   1.735267E+000   2.724473E+000
   35701      36     3.200000     3.500000   4.479548E+000   1.296537E+000   4.423783E+000   1.327135E+000   3.183011E+000   3.096648E+000   8.636251E-002
   35701      37     3.500000     3.900000   5.317470E+000   7.547051E-001   3.368261E+000   1.010478E+000   4.562765E+000   2.357783E+000   2.204983E+000
   35701      38     3.900000     5.500000   8.889375E+000   6.151029E-002   4.706054E-001   1.411816E-001   8.827865E+000   3.294238E-001   8.498441E+000
   35701      39     5.500000     6.500000   2.171822E+000   6.427718E-001   2.161839E+000   6.485516E-001   1.529050E+000   1.513287E+000   1.576273E-002
   35701      40     6.500000     7.000000   6.459457E-001   4.729598E-002   3.737779E-001   1.121334E-001   5.986498E-001   2.616445E-001   3.370052E-001
   35701      41     7.000000     9.000000   1.525571E+000   3.088372E-002   2.556007E-001   7.668022E-002   1.494687E+000   1.789205E-001   1.315767E+000
   35701      42     9.000000    20.000000   1.633159E+000   2.214067E-002   2.044234E-001   6.132702E-002   1.611018E+000   1.430964E-001   1.467922E+000
   35801       1     0.200000     0.300000   5.582456E-006   3.540013E-006   2.917776E-006   8.753329E-007   2.042443E-006   2.042443E-006  -9.500342E-015
   35801       2     0.300000     0.345000   2.557270E-003   1.374824E-003   1.689209E-003   5.067628E-004   1.182447E-003   1.182447E-003  -8.478979E-013
   35801       3     0.345000     0.385000   2.512764E-003   1.152240E-003   1.943607E-003   5.830820E-004   1.360525E-003   1.360525E-003   3.397626E-012
   35801       4     0.385000     0.420000   1.293223E-002   5.311610E-003   1.088660E-002   3.265979E-003   7.620618E-003   7.620618E-003   1.475803E-012
   35801       5     0.420000     0.450000   2.349464E-002   8.965829E-003   2.075544E-002   6.226633E-003   1.452881E-002   1.452881E-002   4.101964E-012
   35801       6     0.450000     0.500000   1.310848E-001   4.710132E-002   1.199763E-001   3.599290E-002   8.398344E-002   8.398344E-002   4.323764E-012
   35801       7     0.500000     0.550000   1.748537E-001   5.938044E-002   1.649618E-001   4.948854E-002   1.154733E-001   1.154733E-001   7.121803E-013
   35801       8     0.550000     0.610000   2.295775E-001   7.513671E-002   2.206297E-001   6.618892E-002   1.544408E-001   1.544408E-001   4.929637E-011
   35801       9     0.610000     0.690000   5.693172E-001   1.805662E-001   5.553585E-001   1.666076E-001   3.887510E-001   3.887510E-001   6.685219E-011
   35801      10     0.690000     0.780000   2.472789E+000   7.671523E-001   2.436624E+000   7.309872E-001   1.705637E+000   1.705637E+000   2.775313E-010
   35801      11     0.780000     0.800000   1.063069E+000   3.229180E-001   1.046059E+000   3.138177E-001   7.401514E-001   7.322413E-001   7.910136E-003
   35801      12     0.800000     0.870000   5.878988E+000   1.800827E+000   5.823915E+000   1.747174E+000   4.078162E+000   4.076740E+000   1.421251E-003
   35801      13     0.870000     0.880000   8.736691E-001   2.597266E-001   8.573717E-001   2.572115E-001   6.139425E-001   6.001602E-001   1.378230E-002
   35801      14     0.880000     1.030000   2.249240E+001   6.829700E+000   2.237432E+001   6.712296E+000   1.566271E+001   1.566202E+001   6.822327E-004
   35801      15     1.030000     1.080000   9.248799E+000   2.416681E+000   8.563536E+000   2.569061E+000   6.832117E+000   5.994475E+000   8.376425E-001
   35801      16     1.080000     1.140000   1.173685E+001   3.469020E+000   1.161302E+001   3.483906E+000   8.267830E+000   8.129113E+000   1.387171E-001
   35801      17     1.140000     1.200000   1.143670E+001   3.434940E+000   1.139399E+001   3.418197E+000   8.001757E+000   7.975792E+000   2.596442E-002
   35801      18     1.200000     1.240000   8.097833E+000   7.785188E-001   4.048518E+000   1.214555E+000   7.319314E+000   2.833962E+000   4.485352E+000
   35801      19     1.240000     1.280000   7.733813E+000   2.135010E+000   7.462551E+000   2.238765E+000   5.598803E+000   5.223786E+000   3.750178E-001
   35801      20     1.280000     1.340000   1.109154E+001   2.082309E+000   8.888603E+000   2.666581E+000   9.009234E+000   6.222022E+000   2.787212E+000
   35801      21     1.340000     1.420000   1.012492E+001   2.719282E+000   9.644057E+000   2.893217E+000   7.405639E+000   6.750840E+000   6.547989E-001
   35801      22     1.420000     1.460000   4.444646E+000   2.663725E-001   1.500175E+000   4.500525E-001   4.178273E+000   1.050122E+000   3.128151E+000
   35801      23     1.460000     1.490000   3.316959E+000   4.545634E-001   2.251061E+000   6.753184E-001   2.862395E+000   1.575743E+000   1.286653E+000
   35801      24     1.490000     1.520000   3.416012E+000   7.186358E-001   2.908041E+000   8.724122E-001   2.697376E+000   2.035628E+000   6.617474E-001
   35801      25     1.520000     1.680000   2.089115E+001   1.342590E+000   7.693135E+000   2.307941E+000   1.954856E+001   5.385195E+000   1.416336E+001
   35801      26     1.680000     1.740000   7.400301E+000   1.967987E+000   7.085749E+000   2.125725E+000   5.432315E+000   4.960024E+000   4.722906E-001
   35801      27     1.740000     1.820000   6.859941E+000   1.919097E+000   6.687987E+000   2.006396E+000   4.940844E+000   4.681591E+000   2.592532E-001
   35801      28     1.820000     1.940000   7.844991E+000   1.261027E+000   5.610724E+000   1.683217E+000   6.583964E+000   3.927507E+000   2.656457E+000
   35801      29     1.940000     2.200000   1.524385E+001   4.434710E-001   2.578459E+000   7.735378E-001   1.480038E+001   1.804922E+000   1.299546E+001
   35801      30     2.200000     2.300000   5.897529E+000   1.629316E+000   5.728742E+000   1.718622E+000   4.268213E+000   4.010119E+000   2.580937E-001
   35801      31     2.300000     2.450000   6.412228E+000   1.915482E+000   6.401577E+000   1.920473E+000   4.496746E+000   4.481104E+000   1.564164E-002
   35801      32     2.450000     2.550000   2.808749E+000   5.520658E-001   2.357094E+000   7.071283E-001   2.256683E+000   1.649966E+000   6.067174E-001
   35801      33     2.550000     2.650000   2.466453E+000   1.455169E-001   9.452983E-001   2.835895E-001   2.320936E+000   6.617088E-001   1.659228E+000
   35801      34     2.650000     2.900000   5.107089E+000   1.362632E-005   5.199133E-004   1.559740E-004   5.107076E+000   3.639393E-004   5.106712E+000
   35801      35     2.900000     3.200000   4.829501E+000   3.701320E-001   2.480201E+000   7.440602E-001   4.459369E+000   1.736140E+000   2.723229E+000
   35801      36     3.200000     3.500000   4.479548E+000   1.296599E+000   4.423859E+000   1.327158E+000   3.182949E+000   3.096701E+000   8.624729E-002
   35801      37     3.500000     3.900000   5.317470E+000   7.547510E-001   3.368292E+000   1.010487E+000   4.562719E+000   2.357804E+000   2.204915E+000
   35801      38     3.900000     5.500000   8.889375E+000   6.159116E-002   4.710182E-001   1.413055E-001   8.827784E+000   3.297127E-001   8.498071E+000
   35801      39     5.500000     6.500000   2.171822E+000   6.427836E-001   2.161852E+000   6.485556E-001   1.529038E+000   1.513297E+000   1.574148E-002
   35801      40     6.500000     7.000000   6.459457E-001   4.727725E-002   3.737044E-001   1.121113E-001   5.986685E-001   2.615931E-001   3.370754E-001
   35801      41     7.000000     9.000000   1.525571E+000   3.090858E-002   2.556249E-001   7.668747E-002   1.494662E+000   1.789374E-001   1.315725E+000
   35801      42     9.000000    20.000000   1.633159E+000   2.225108E-002   2.049615E-001   6.148844E-002   1.610908E+000   1.434730E-001   1.467435E+000
   35901       1     0.200000     0.300000   5.582456E-006   3.540013E-006   2.917776E-006   8.753329E-007   2.042443E-006   2.042443E-006  -9.500342E-015
   35901       2     0.300000     0.345000   2.557270E-003   1.374824E-003   1.689209E-003   5.067628E-004   1.182447E-003   1.182447E-003  -8.478979E-013
   35901       3     0.345000     0.385000   2.512764E-003   1.152240E-003   1.943607E-003   5.830820E-004   1.360525E-003   1.360525E-003   3.397626E-012
   35901       4     0.385000     0.420000   1.293223E-002   5.311610E-003   1.088660E-002   3.265979E-003   7.620618E-003   7.620618E-003   1.931693E-012
   35901       5     0.420000     0.450000   2.349464E-002   8.965829E-003   2.075544E-002   6.226633E-003   1.452881E-002   1.452881E-002   2.192777E-012
   35901       6     0.450000     0.500000   1.310848E-001   4.710132E-002   1.199763E-001   3.599290E-002   8.398344E-002   8.398344E-002   7.299092E-012
   35901       7     0.500000     0.550000   1.748537E-001   5.938044E-002   1.649618E-001   4.948854E-002   1.154733E-001   1.154733E-001   1.196265E-014
   35901       8     0.550000     0.610000   2.295775E-001   7.513671E-002   2.206297E-001   6.618892E-002   1.544408E-001   1.544408E-001   5.225032E-011
   35901       9     0.610000     0.690000   5.693172E-001   1.805662E-001   5.553585E-001   1.666076E-001   3.887510E-001   3.887510E-001   7.095596E-011
   35901      10     0.690000     0.780000   2.472789E+000   7.671523E-001   2.436624E+000   7.309872E-001   1.705637E+000   1.705637E+000   2.937450E-010
   35901      11     0.780000     0.800000   1.063069E+000   3.229180E-001   1.046059E+000   3.138177E-001   7.401514E-001   7.322414E-001   7.910026E-003
   35901      12     0.800000     0.870000   5.878988E+000   1.800827E+000   5.823915E+000   1.747174E+000   4.078162E+000   4.076740E+000   1.421397E-003
   35901      13     0.870000     0.880000   8.736691E-001   2.597280E-001   8.573733E-001   2.572120E-001   6.139411E-001   6.001613E-001   1.377978E-002
   35901      14     0.880000     1.030000   2.249240E+001   6.829700E+000   2.237432E+001   6.712296E+000   1.566271E+001   1.566202E+001   6.820241E-004
   35901      15     1.030000     1.080000   9.248799E+000   2.416710E+000   8.563555E+000   2.569067E+000   6.832088E+000   5.994489E+000   8.375995E-001
   35901      16     1.080000     1.140000   1.173685E+001   3.469022E+000   1.161302E+001   3.483906E+000   8.267828E+000   8.129114E+000   1.387138E-001
   35901      17     1.140000     1.200000   1.143670E+001   3.434940E+000   1.139399E+001   3.418197E+000   8.001757E+000   7.975793E+000   2.596401E-002
   35901      18     1.200000     1.240000   8.097833E+000   7.788318E-001   4.049325E+000   1.214798E+000   7.319001E+000   2.834528E+000   4.484473E+000
   35901      19     1.240000     1.280000   7.733813E+000   2.135066E+000   7.462622E+000   2.238787E+000   5.598747E+000   5.223836E+000   3.749120E-001
   35901      20     1.280000     1.340000   1.109154E+001   2.082461E+000   8.888793E+000   2.666638E+000   9.009082E+000   6.222155E+000   2.786927E+000
   35901      21     1.340000     1.420000   1.012492E+001   2.719368E+000   9.644163E+000   2.893249E+000   7.405553E+000   6.750914E+000   6.546383E-001
   35901      22     1.420000     1.460000   4.444646E+000   2.665291E-001   1.500852E+000   4.502556E-001   4.178117E+000   1.050596E+000   3.127520E+000
   35901      23     1.460000     1.490000   3.316959E+000   4.547272E-001   2.251331E+000   6.753993E-001   2.862232E+000   1.575932E+000   1.286300E+000
   35901      24     1.490000     1.520000   3.416012E+000   7.187505E-001   2.908210E+000   8.724629E-001   2.697261E+000   2.035747E+000   6.615143E-001
   35901      25     1.520000     1.680000   2.089115E+001   1.343422E+000   7.695996E+000   2.308799E+000   1.954773E+001   5.387197E+000   1.416053E+001
   35901      26     1.680000     1.740000   7.400301E+000   1.968061E+000   7.085840E+000   2.125752E+000   5.432241E+000   4.960088E+000   4.721528E-001
   35901      27     1.740000     1.820000   6.859941E+000   1.919519E+000   6.688527E+000   2.006558E+000   4.940422E+000   4.681969E+000   2.584533E-001
   35901      28     1.820000     1.940000   7.844991E+000   1.261559E+000   5.612076E+000   1.683623E+000   6.583432E+000   3.928453E+000   2.654979E+000
   35901      29     1.940000     2.200000   1.524385E+001   4.437827E-001   2.579535E+000   7.738605E-001   1.480007E+001   1.805674E+000   1.299439E+001
   35901      30     2.200000     2.300000   5.897529E+000   1.629365E+000   5.728801E+000   1.718640E+000   4.268164E+000   4.010161E+000   2.580027E-001
   35901      31     2.300000     2.450000   6.412228E+000   1.915485E+000   6.401581E+000   1.920474E+000   4.496743E+000   4.481106E+000   1.563655E-002
   35901      32     2.450000     2.550000   2.808749E+000   5.522991E-001   2.357554E+000   7.072662E-001   2.256450E+000   1.650288E+000   6.061623E-001
   35901      33     2.550000     2.650000   2.466453E+000   1.455644E-001   9.455751E-001   2.836725E-001   2.320889E+000   6.619026E-001   1.658986E+000
   35901      34     2.650000     2.900000   5.107089E+000   1.363047E-005   5.276894E-004   1.583068E-004   5.107076E+000   3.693826E-004   5.106706E+000
   35901      35     2.900000     3.200000   4.829501E+000   3.704958E-001   2.481427E+000   7.444281E-001   4.459005E+000   1.736999E+000   2.722006E+000
   35901      36     3.200000     3.500000   4.479548E+000   1.296660E+000   4.423934E+000   1.327180E+000   3.182888E+000   3.096754E+000   8.613428E-002
   35901      37     3.500000     3.900000   5.317470E+000   7.547960E-001   3.368322E+000   1.010496E+000   4.562674E+000   2.357825E+000   2.204849E+000
   35901      38     3.900000     5.500000   8.889375E+000   6.167072E-002   4.714238E-001   1.414271E-001   8.827704E+000   3.299967E-001   8.497708E+000
   35901      39     5.500000     6.500000   2.171822E+000   6.427953E-001   2.161865E+000   6.485596E-001   1.529026E+000   1.513306E+000   1.572061E-002
   35901      40     6.500000     7.000000   6.459457E-001   4.725889E-002   3.736324E-001   1.120897E-001   5.986868E-001   2.615427E-001   3.371441E-001
   35901      41     7.000000     9.000000   1.525571E+000   3.093296E-002   2.556486E-001   7.669457E-002   1.494638E+000   1.789540E-001   1.315684E+000
   35901      42     9.000000    20.000000   1.633159E+000   2.236054E-002   2.054930E-001   6.164791E-002   1.610798E+000   1.438451E-001   1.466953E+000
   36001       1     0.200000     0.300000   5.582456E-006   3.540013E-006   2.917776E-006   8.753329E-007   2.042443E-006   2.042443E-006  -9.500342E-015
   36001       2     0.300000     0.345000   2.557270E-003   1.374824E-003   1.689209E-003   5.067628E-004   1.182447E-003   1.182447E-003  -8.478979E-013
   36001       3     0.345000     0.385000   2.512764E-003   1.152240E-003   1.943607E-003   5.830820E-004   1.360525E-003   1.360525E-003   3.397626E-012
   36001       4     0.385000     0.420000   1.293223E-002   5.311610E-003   1.088660E-002   3.265979E-003   7.620618E-003   7.620618E-003   2.619727E-013
   36001       5     0.420000     0.450000   2.349464E-002   8.965829E-003   2.075544E-002   6.226633E-003   1.452881E-002   1.452881E-002   6.930134E-013
   36001       6     0.450000     0.500000   1.310848E-001   4.710132E-002   1.199763E-001   3.599290E-002   8.398344E-002   8.398344E-002   2.139955E-012
   36001       7     0.500000     0.550000   1.748537E-001   5.938044E-002   1.649618E-001   4.948854E-002   1.154733E-001   1.154733E-001   5.441467E-012
   36001       8     0.550000     0.610000   2.295775E-001   7.513671E-002   2.206297E-001   6.618892E-002   1.544408E-001   1.544408E-001   4.855341E-011
   36001       9     0.610000     0.690000   5.693172E-001   1.805662E-001   5.553585E-001   1.666076E-001   3.887510E-001   3.887510E-001   4.781764E-011
   36001      10     0.690000     0.780000   2.472789E+000   7.671523E-001   2.436624E+000   7.309872E-001   1.705637E+000   1.705637E+000   2.998561E-010
   36001      11     0.780000     0.800000   1.063069E+000   3.229181E-001   1.046059E+000   3.138177E-001   7.401513E-001   7.322414E-001   7.909917E-003
   36001      12     0.800000     0.870000   5.878988E+000   1.800827E+000   5.823915E+000   1.747174E+000   4.078162E+000   4.076740E+000   1.421540E-003
   36001      13     0.870000     0.880000   8.736691E-001   2.597293E-001   8.573749E-001   2.572125E-001   6.139397E-001   6.001624E-001   1.377732E-002
   36001      14     0.880000     1.030000   2.249240E+001   6.829700E+000   2.237432E+001   6.712296E+000   1.566271E+001   1.566202E+001   6.818200E-004
   36001      15     1.030000     1.080000   9.248799E+000   2.416739E+000   8.563575E+000   2.569072E+000   6.832060E+000   5.994502E+000   8.375574E-001
   36001      16     1.080000     1.140000   1.173685E+001   3.469024E+000   1.161302E+001   3.483907E+000   8.267826E+000   8.129116E+000   1.387106E-001
   36001      17     1.140000     1.200000   1.143670E+001   3.434940E+000   1.139399E+001   3.418197E+000   8.001756E+000   7.975793E+000   2.596363E-002
   36001      18     1.200000     1.240000   8.097833E+000   7.791392E-001   4.050118E+000   1.215035E+000   7.318694E+000   2.835082E+000   4.483611E+000
   36001      19     1.240000     1.280000   7.733813E+000   2.135121E+000   7.462692E+000   2.238808E+000   5.598693E+000   5.223884E+000   3.748084E-001
   36001      20     1.280000     1.340000   1.109154E+001   2.082609E+000   8.888980E+000   2.666694E+000   9.008934E+000   6.222286E+000   2.786648E+000
   36001      21     1.340000     1.420000   1.012492E+001   2.719453E+000   9.644268E+000   2.893280E+000   7.405468E+000   6.750988E+000   6.544809E-001
   36001      22     1.420000     1.460000   4.444646E+000   2.666831E-001   1.501517E+000   4.504551E-001   4.177963E+000   1.051062E+000   3.126901E+000
   36001      23     1.460000     1.490000   3.316959E+000   4.548876E-001   2.251595E+000   6.754785E-001   2.862071E+000   1.576117E+000   1.285955E+000
   36001      24     1.490000     1.520000   3.416012E+000   7.188629E-001   2.908375E+000   8.725126E-001   2.697149E+000   2.035863E+000   6.612859E-001
   36001      25     1.520000     1.680000   2.089115E+001   1.344239E+000   7.698805E+000   2.309642E+000   1.954691E+001   5.389164E+000   1.415775E+001
   36001      26     1.680000     1.740000   7.400301E+000   1.968133E+000   7.085929E+000   2.125779E+000   5.432168E+000   4.960150E+000   4.720179E-001
   36001      27     1.740000     1.820000   6.859941E+000   1.919932E+000   6.689056E+000   2.006717E+000   4.940009E+000   4.682339E+000   2.576701E-001
   36001      28     1.820000     1.940000   7.844991E+000   1.262081E+000   5.613402E+000   1.684021E+000   6.582910E+000   3.929382E+000   2.653528E+000
   36001      29     1.940000     2.200000   1.524385E+001   4.440886E-001   2.580590E+000   7.741769E-001   1.479976E+001   1.806413E+000   1.299335E+001
   36001      30     2.200000     2.300000   5.897529E+000   1.629413E+000   5.728860E+000   1.718658E+000   4.268116E+000   4.010202E+000   2.579136E-001
   36001      31     2.300000     2.450000   6.412228E+000   1.915488E+000   6.401584E+000   1.920475E+000   4.496740E+000   4.481109E+000   1.563155E-002
   36001      32     2.450000     2.550000   2.808749E+000   5.525278E-001   2.358005E+000   7.074014E-001   2.256221E+000   1.650603E+000   6.056181E-001
   36001      33     2.550000     2.650000   2.466453E+000   1.456106E-001   9.458459E-001   2.837538E-001   2.320843E+000   6.620921E-001   1.658751E+000
   36001      34     2.650000     2.900000   5.107089E+000   1.363450E-005   5.354205E-004   1.606262E-004   5.107076E+000   3.747944E-004   5.106701E+000
   36001      35     2.900000     3.200000   4.829501E+000   3.708530E-001   2.482630E+000   7.447891E-001   4.458648E+000   1.737841E+000   2.720807E+000
   36001      36     3.200000     3.500000   4.479548E+000   1.296720E+000   4.424007E+000   1.327202E+000   3.182828E+000   3.096805E+000   8.602364E-002
   36001      37     3.500000     3.900000   5.317470E+000   7.548400E-001   3.368351E+000   1.010505E+000   4.562630E+000   2.357845E+000   2.204785E+000
   36001      38     3.900000     5.500000   8.889375E+000   6.174894E-002   4.718228E-001   1.415469E-001   8.827626E+000   3.302760E-001   8.497350E+000
   36001      39     5.500000     6.500000   2.171822E+000   6.428067E-001   2.161878E+000   6.485635E-001   1.529015E+000   1.513315E+000   1.570022E-002
   36001      40     6.500000     7.000000   6.459457E-001   4.724089E-002   3.735618E-001   1.120685E-001   5.987048E-001   2.614932E-001   3.372116E-001
   36001      41     7.000000     9.000000   1.525571E+000   3.095689E-002   2.556718E-001   7.670153E-002   1.494614E+000   1.789702E-001   1.315644E+000
   36001      42     9.000000    20.000000   1.633159E+000   2.246827E-002   2.060145E-001   6.180434E-002   1.610691E+000   1.442101E-001   1.466481E+000
   36101       1     0.200000     0.300000   5.582456E-006   3.540013E-006   2.917776E-006   8.753329E-007   2.042443E-006   2.042443E-006  -9.500342E-015
   36101       2     0.300000     0.345000   2.557270E-003   1.374824E-003   1.689209E-003   5.067628E-004   1.182447E-003   1.182447E-003  -8.478979E-013
   36101       3     0.345000     0.385000   2.512764E-003   1.152240E-003   1.943607E-003   5.830820E-004   1.360525E-003   1.360525E-003   3.397626E-012
   36101       4     0.385000     0.420000   1.293223E-002   5.311610E-003   1.088660E-002   3.265979E-003   7.620618E-003   7.620618E-003  -1.219749E-012
   36101       5     0.420000     0.450000   2.349464E-002   8.965829E-003   2.075544E-002   6.226633E-003   1.452881E-002   1.452881E-002   1.561425E-012
   36101       6     0.450000     0.500000   1.310848E-001   4.710132E-002   1.199763E-001   3.599290E-002   8.398344E-002   8.398344E-002   2.015682E-011
   36101       7     0.500000     0.550000   1.748537E-001   5.938044E-002   1.649618E-001   4.948854E-002   1.154733E-001   1.154733E-001  -3.400641E-012
   36101       8     0.550000     0.610000   2.295775E-001   7.513671E-002   2.206297E-001   6.618892E-002   1.544408E-001   1.544408E-001   4.901712E-011
   36101       9     0.610000     0.690000   5.693172E-001   1.805662E-001   5.553585E-001   1.666076E-001   3.887510E-001   3.887510E-001   2.956807E-011
   36101      10     0.690000     0.780000   2.472789E+000   7.671523E-001   2.436624E+000   7.309872E-001   1.705637E+000   1.705637E+000   2.717444E-010
   36101      11     0.780000     0.800000   1.063069E+000   3.229182E-001   1.046059E+000   3.138178E-001   7.401513E-001   7.322414E-001   7.909811E-003
   36101      12     0.800000     0.870000   5.878988E+000   1.800826E+000   5.823915E+000   1.747174E+000   4.078162E+000   4.076740E+000   1.421680E-003
   36101      13     0.870000     0.880000   8.736691E-001   2.597307E-001   8.573764E-001   2.572129E-001   6.139384E-001   6.001635E-001   1.377490E-002
   36101      14     0.880000     1.030000   2.249240E+001   6.829700E+000   2.237432E+001   6.712296E+000   1.566270E+001   1.566202E+001   6.816212E-004
   36101      15     1.030000     1.080000   9.248799E+000   2.416767E+000   8.563594E+000   2.569078E+000   6.832032E+000   5.994516E+000   8.375163E-001
   36101      16     1.080000     1.140000   1.173685E+001   3.469025E+000   1.161302E+001   3.483907E+000   8.267825E+000   8.129117E+000   1.387076E-001
   36101      17     1.140000     1.200000   1.143670E+001   3.434941E+000   1.139399E+001   3.418197E+000   8.001756E+000   7.975793E+000   2.596329E-002
   36101      18     1.200000     1.240000   8.097833E+000   7.794413E-001   4.050897E+000   1.215269E+000   7.318391E+000   2.835628E+000   4.482764E+000
   36101      19     1.240000     1.280000   7.733813E+000   2.135174E+000   7.462760E+000   2.238828E+000   5.598639E+000   5.223932E+000   3.747072E-001
   36101      20     1.280000     1.340000   1.109154E+001   2.082755E+000   8.889162E+000   2.666749E+000   9.008788E+000   6.222414E+000   2.786374E+000
   36101      21     1.340000     1.420000   1.012492E+001   2.719535E+000   9.644370E+000   2.893311E+000   7.405386E+000   6.751059E+000   6.543269E-001
   36101      22     1.420000     1.460000   4.444646E+000   2.668342E-001   1.502169E+000   4.506506E-001   4.177811E+000   1.051518E+000   3.126294E+000
   36101      23     1.460000     1.490000   3.316959E+000   4.550441E-001   2.251852E+000   6.755557E-001   2.861915E+000   1.576297E+000   1.285618E+000
   36101      24     1.490000     1.520000   3.416012E+000   7.189727E-001   2.908537E+000   8.725612E-001   2.697039E+000   2.035976E+000   6.610627E-001
   36101      25     1.520000     1.680000   2.089115E+001   1.345040E+000   7.701563E+000   2.310469E+000   1.954611E+001   5.391094E+000   1.415501E+001
   36101      26     1.680000     1.740000   7.400301E+000   1.968204E+000   7.086016E+000   2.125805E+000   5.432097E+000   4.960211E+000   4.718863E-001
   36101      27     1.740000     1.820000   6.859941E+000   1.920335E+000   6.689570E+000   2.006871E+000   4.939606E+000   4.682699E+000   2.569071E-001
   36101      28     1.820000     1.940000   7.844991E+000   1.262593E+000   5.614702E+000   1.684411E+000   6.582398E+000   3.930291E+000   2.652107E+000
   36101      29     1.940000     2.200000   1.524385E+001   4.443886E-001   2.581623E+000   7.744870E-001   1.479946E+001   1.807136E+000   1.299232E+001
   36101      30     2.200000     2.300000   5.897529E+000   1.629460E+000   5.728917E+000   1.718675E+000   4.268068E+000   4.010242E+000   2.578265E-001
   36101      31     2.300000     2.450000   6.412228E+000   1.915491E+000   6.401587E+000   1.920476E+000   4.496737E+000   4.481111E+000   1.562668E-002
   36101      32     2.450000     2.550000   2.808749E+000   5.527513E-001   2.358445E+000   7.075336E-001   2.255998E+000   1.650912E+000   6.050862E-001
   36101      33     2.550000     2.650000   2.466453E+000   1.456546E-001   9.461084E-001   2.838325E-001   2.320799E+000   6.622759E-001   1.658523E+000
   36101      34     2.650000     2.900000   5.107089E+000   1.363841E-005   5.430762E-004   1.629229E-004   5.107076E+000   3.801533E-004   5.106695E+000
   36101      35     2.900000     3.200000   4.829501E+000   3.712033E-001   2.483810E+000   7.451429E-001   4.458298E+000   1.738667E+000   2.719631E+000
   36101      36     3.200000     3.500000   4.479548E+000   1.296778E+000   4.424078E+000   1.327223E+000   3.182770E+000   3.096855E+000   8.591565E-002
   36101      37     3.500000     3.900000   5.317470E+000   7.548832E-001   3.368379E+000   1.010514E+000   4.562587E+000   2.357865E+000   2.204722E+000
   36101      38     3.900000     5.500000   8.889375E+000   6.182572E-002   4.722161E-001   1.416648E-001   8.827549E+000   3.305513E-001   8.496998E+000
   36101      39     5.500000     6.500000   2.171822E+000   6.428177E-001   2.161891E+000   6.485672E-001   1.529004E+000   1.513323E+000   1.568048E-002
   36101      40     6.500000     7.000000   6.459457E-001   4.722306E-002   3.734918E-001   1.120476E-001   5.987227E-001   2.614443E-001   3.372784E-001
   36101      41     7.000000     9.000000   1.525571E+000   3.098037E-002   2.556948E-001   7.670844E-002   1.494591E+000   1.789864E-001   1.315604E+000
   36101      42     9.000000    20.000000   1.633159E+000   2.257316E-002   2.065208E-001   6.195623E-002   1.610586E+000   1.445645E-001   1.466021E+000
   36201       1     0.200000     0.300000   5.582456E-006   3.540013E-006   2.917776E-006   8.753329E-007   2.042443E-006   2.042443E-006  -9.500342E-015
   36201       2     0.300000     0.345000   2.557270E-003   1.374824E-003   1.689209E-003   5.067628E-004   1.182447E-003   1.182447E-003  -8.478979E-013
   36201       3     0.345000     0.385000   2.512764E-003   1.152240E-003   1.943607E-003   5.830820E-004   1.360525E-003   1.360525E-003   3.397626E-012
   36201       4     0.385000     0.420000   1.293223E-002   5.311610E-003   1.088660E-002   3.265979E-003   7.620618E-003   7.620618E-003  -7.478324E-013
   36201       5     0.420000     0.450000   2.349464E-002   8.965829E-003   2.075544E-002   6.226633E-003   1.452881E-002   1.452881E-002   2.046804E-012
   36201       6     0.450000     0.500000   1.310848E-001   4.710132E-002   1.199763E-001   3.599290E-002   8.398344E-002   8.398344E-002   2.741377E-011
   36201       7     0.500000     0.550000   1.748537E-001   5.938044E-002   1.649618E-001   4.948854E-002   1.154733E-001   1.154733E-001  -7.333217E-012
   36201       8     0.550000     0.610000   2.295775E-001   7.513671E-002   2.206297E-001   6.618892E-002   1.544408E-001   1.544408E-001   4.304448E-011
   36201       9     0.610000     0.690000   5.693172E-001   1.805662E-001   5.553585E-001   1.666076E-001   3.887510E-001   3.887510E-001   5.567913E-011
   36201      10     0.690000     0.780000   2.472789E+000   7.671523E-001   2.436624E+000   7.309872E-001   1.705637E+000   1.705637E+000   7.336820E-011
   36201      11     0.780000     0.800000   1.063069E+000   3.229182E-001   1.046059E+000   3.138178E-001   7.401512E-001   7.322415E-001   7.909707E-003
   36201      12     0.800000     0.870000   5.878988E+000   1.800826E+000   5.823915E+000   1.747174E+000   4.078162E+000   4.076740E+000   1.421818E-003
   36201      13     0.870000     0.880000   8.736691E-001   2.597320E-001   8.573779E-001   2.572134E-001   6.139371E-001   6.001645E-001   1.377253E-002
   36201      14     0.880000     1.030000   2.249240E+001   6.829700E+000   2.237432E+001   6.712296E+000   1.566270E+001   1.566202E+001   6.814256E-004
   36201      15     1.030000     1.080000   9.248799E+000   2.416794E+000   8.563612E+000   2.569084E+000   6.832004E+000   5.994528E+000   8.374759E-001
   36201      16     1.080000     1.140000   1.173685E+001   3.469027E+000   1.161303E+001   3.483908E+000   8.267823E+000   8.129118E+000   1.387046E-001
   36201      17     1.140000     1.200000   1.143670E+001   3.434941E+000   1.139399E+001   3.418197E+000   8.001756E+000   7.975793E+000   2.596295E-002
   36201      18     1.200000     1.240000   8.097833E+000   7.797387E-001   4.051663E+000   1.215499E+000   7.318094E+000   2.836164E+000   4.481930E+000
   36201      19     1.240000     1.280000   7.733813E+000   2.135226E+000   7.462827E+000   2.238848E+000   5.598587E+000   5.223979E+000   3.746077E-001
   36201      20     1.280000     1.340000   1.109154E+001   2.082898E+000   8.889342E+000   2.666803E+000   9.008645E+000   6.222540E+000   2.786105E+000
   36201      21     1.340000     1.420000   1.012492E+001   2.719616E+000   9.644471E+000   2.893341E+000   7.405305E+000   6.751129E+000   6.541755E-001
   36201      22     1.420000     1.460000   4.444646E+000   2.669834E-001   1.502811E+000   4.508434E-001   4.177662E+000   1.051968E+000   3.125694E+000
   36201      23     1.460000     1.490000   3.316959E+000   4.551983E-001   2.252106E+000   6.756318E-001   2.861761E+000   1.576474E+000   1.285286E+000
   36201      24     1.490000     1.520000   3.416012E+000   7.190808E-001   2.908697E+000   8.726090E-001   2.696931E+000   2.036088E+000   6.608432E-001
   36201      25     1.520000     1.680000   2.089115E+001   1.345830E+000   7.704279E+000   2.311284E+000   1.954532E+001   5.392995E+000   1.415232E+001
   36201      26     1.680000     1.740000   7.400301E+000   1.968274E+000   7.086101E+000   2.125830E+000   5.432028E+000   4.960271E+000   4.717569E-001
   36201      27     1.740000     1.820000   6.859941E+000   1.920732E+000   6.690077E+000   2.007023E+000   4.939209E+000   4.683054E+000   2.561554E-001
   36201      28     1.820000     1.940000   7.844991E+000   1.263098E+000   5.615982E+000   1.684795E+000   6.581894E+000   3.931188E+000   2.650706E+000
   36201      29     1.940000     2.200000   1.524385E+001   4.446841E-001   2.582641E+000   7.747923E-001   1.479917E+001   1.807849E+000   1.299132E+001
   36201      30     2.200000     2.300000   5.897529E+000   1.629506E+000   5.728973E+000   1.718692E+000   4.268022E+000   4.010281E+000   2.577408E-001
   36201      31     2.300000     2.450000   6.412228E+000   1.915493E+000   6.401590E+000   1.920477E+000   4.496735E+000   4.481113E+000   1.562188E-002
   36201      32     2.450000     2.550000   2.808749E+000   5.529716E-001   2.358879E+000   7.076638E-001   2.255778E+000   1.651216E+000   6.045622E-001
   36201      33     2.550000     2.650000   2.466453E+000   1.456980E-001   9.463676E-001   2.839103E-001   2.320755E+000   6.624573E-001   1.658298E+000
   36201      34     2.650000     2.900000   5.107089E+000   1.364223E-005   5.507242E-004   1.652173E-004   5.107076E+000   3.855070E-004   5.106690E+000
   36201      35     2.900000     3.200000   4.829501E+000   3.715485E-001   2.484971E+000   7.454914E-001   4.457952E+000   1.739480E+000   2.718472E+000
   36201      36     3.200000     3.500000   4.479548E+000   1.296835E+000   4.424148E+000   1.327244E+000   3.182713E+000   3.096904E+000   8.580941E-002
   36201      37     3.500000     3.900000   5.317470E+000   7.549256E-001   3.368406E+000   1.010522E+000   4.562545E+000   2.357885E+000   2.204660E+000
   36201      38     3.900000     5.500000   8.889375E+000   6.190149E-002   4.726037E-001   1.417811E-001   8.827474E+000   3.308226E-001   8.496651E+000
   36201      39     5.500000     6.500000   2.171822E+000   6.428284E-001   2.161903E+000   6.485708E-001   1.528993E+000   1.513332E+000   1.566126E-002
   36201      40     6.500000     7.000000   6.459457E-001   4.720491E-002   3.734209E-001   1.120263E-001   5.987408E-001   2.613947E-001   3.373462E-001
   36201      41     7.000000     9.000000   1.525571E+000   3.100338E-002   2.557187E-001   7.671561E-002   1.494568E+000   1.790031E-001   1.315565E+000
   36201      42     9.000000    20.000000   1.633159E+000   2.267738E-002   2.070221E-001   6.210664E-002   1.610482E+000   1.449155E-001   1.465566E+000
   36301       1     0.200000     0.300000   5.582456E-006   3.540013E-006   2.917776E-006   8.753329E-007   2.042443E-006   2.042443E-006  -9.500342E-015
   36301       2     0.300000     0.345000   2.557270E-003   1.374824E-003   1.689209E-003   5.067628E-004   1.182447E-003   1.182447E-003  -8.478979E-013
   36301       3     0.345000     0.385000   2.512764E-003   1.152240E-003   1.943607E-003   5.830820E-004   1.360525E-003   1.360525E-003   3.397626E-012
   36301       4     0.385000     0.420000   1.293223E-002   5.311610E-003   1.088660E-002   3.265979E-003   7.620618E-003   7.620618E-003  -4.978656E-014
   36301       5     0.420000     0.450000   2.349464E-002   8.965829E-003   2.075544E-002   6.226633E-003   1.452881E-002   1.452881E-002  -1.875444E-013
   36301       6     0.450000     0.500000   1.310848E-001   4.710132E-002   1.199763E-001   3.599290E-002   8.398344E-002   8.398344E-002   3.388503E-011
   36301       7     0.500000     0.550000   1.748537E-001   5.938044E-002   1.649618E-001   4.948854E-002   1.154733E-001   1.154733E-001  -2.032066E-011
   36301       8     0.550000     0.610000   2.295775E-001   7.513671E-002   2.206297E-001   6.618892E-002   1.544408E-001   1.544408E-001   7.038084E-011
   36301       9     0.610000     0.690000   5.693172E-001   1.805662E-001   5.553585E-001   1.666076E-001   3.887510E-001   3.887510E-001   6.794504E-011
   36301      10     0.690000     0.780000   2.472789E+000   7.671523E-001   2.436624E+000   7.309872E-001   1.705637E+000   1.705637E+000   6.464873E-011
   36301      11     0.780000     0.800000   1.063069E+000   3.229183E-001   1.046059E+000   3.138178E-001   7.401511E-001   7.322415E-001   7.909605E-003
   36301      12     0.800000     0.870000   5.878988E+000   1.800826E+000   5.823914E+000   1.747174E+000   4.078162E+000   4.076740E+000   1.421953E-003
   36301      13     0.870000     0.880000   8.736691E-001   2.597333E-001   8.573794E-001   2.572138E-001   6.139358E-001   6.001656E-001   1.377020E-002
   36301      14     0.880000     1.030000   2.249240E+001   6.829700E+000   2.237432E+001   6.712296E+000   1.566270E+001   1.566202E+001   6.812332E-004
   36301      15     1.030000     1.080000   9.248799E+000   2.416821E+000   8.563630E+000   2.569089E+000   6.831977E+000   5.994541E+000   8.374363E-001
   36301      16     1.080000     1.140000   1.173685E+001   3.469029E+000   1.161303E+001   3.483908E+000   8.267821E+000   8.129120E+000   1.387016E-001
   36301      17     1.140000     1.200000   1.143670E+001   3.434941E+000   1.139399E+001   3.418197E+000   8.001756E+000   7.975793E+000   2.596262E-002
   36301      18     1.200000     1.240000   8.097833E+000   7.800317E-001   4.052418E+000   1.215725E+000   7.317801E+000   2.836692E+000   4.481109E+000
   36301      19     1.240000     1.280000   7.733813E+000   2.135278E+000   7.462894E+000   2.238868E+000   5.598535E+000   5.224025E+000   3.745099E-001
   36301      20     1.280000     1.340000   1.109154E+001   2.083039E+000   8.889519E+000   2.666856E+000   9.008504E+000   6.222663E+000   2.785841E+000
   36301      21     1.340000     1.420000   1.012492E+001   2.719696E+000   9.644570E+000   2.893371E+000   7.405225E+000   6.751199E+000   6.540266E-001
   36301      22     1.420000     1.460000   4.444646E+000   2.671307E-001   1.503446E+000   4.510338E-001   4.177515E+000   1.052412E+000   3.125103E+000
   36301      23     1.460000     1.490000   3.316959E+000   4.553503E-001   2.252356E+000   6.757067E-001   2.861609E+000   1.576649E+000   1.284960E+000
   36301      24     1.490000     1.520000   3.416012E+000   7.191872E-001   2.908853E+000   8.726560E-001   2.696824E+000   2.036197E+000   6.606271E-001
   36301      25     1.520000     1.680000   2.089115E+001   1.346608E+000   7.706954E+000   2.312086E+000   1.954454E+001   5.394868E+000   1.414967E+001
   36301      26     1.680000     1.740000   7.400301E+000   1.968342E+000   7.086185E+000   2.125855E+000   5.431959E+000   4.960329E+000   4.716297E-001
   36301      27     1.740000     1.820000   6.859941E+000   1.921123E+000   6.690577E+000   2.007173E+000   4.938818E+000   4.683404E+000   2.554145E-001
   36301      28     1.820000     1.940000   7.844991E+000   1.263595E+000   5.617244E+000   1.685173E+000   6.581396E+000   3.932071E+000   2.649325E+000
   36301      29     1.940000     2.200000   1.524385E+001   4.449754E-001   2.583643E+000   7.750930E-001   1.479887E+001   1.808550E+000   1.299032E+001
   36301      30     2.200000     2.300000   5.897529E+000   1.629552E+000   5.729029E+000   1.718709E+000   4.267977E+000   4.010320E+000   2.576566E-001
   36301      31     2.300000     2.450000   6.412228E+000   1.915496E+000   6.401593E+000   1.920478E+000   4.496732E+000   4.481115E+000   1.561716E-002
   36301      32     2.450000     2.550000   2.808749E+000   5.531886E-001   2.359307E+000   7.077921E-001   2.255561E+000   1.651515E+000   6.040458E-001
   36301      33     2.550000     2.650000   2.466453E+000   1.457408E-001   9.466234E-001   2.839870E-001   2.320713E+000   6.626364E-001   1.658076E+000
   36301      34     2.650000     2.900000   5.107089E+000   1.364595E-005   5.583658E-004   1.675097E-004   5.107076E+000   3.908561E-004   5.106685E+000
   36301      35     2.900000     3.200000   4.829501E+000   3.718890E-001   2.486116E+000   7.458349E-001   4.457612E+000   1.740281E+000   2.717330E+000
   36301      36     3.200000     3.500000   4.479548E+000   1.296891E+000   4.424217E+000   1.327265E+000   3.182657E+000   3.096952E+000   8.570483E-002
   36301      37     3.500000     3.900000   5.317470E+000   7.549673E-001   3.368434E+000   1.010530E+000   4.562503E+000   2.357904E+000   2.204600E+000
   36301      38     3.900000     5.500000   8.889375E+000   6.197627E-002   4.729858E-001   1.418957E-001   8.827399E+000   3.310900E-001   8.496309E+000
   36301      39     5.500000     6.500000   2.171822E+000   6.428390E-001   2.161915E+000   6.485744E-001   1.528983E+000   1.513340E+000   1.564231E-002
   36301      40     6.500000     7.000000   6.459457E-001   4.718705E-002   3.733512E-001   1.120053E-001   5.987587E-001   2.613458E-001   3.374129E-001
   36301      41     7.000000     9.000000   1.525571E+000   3.102602E-002   2.557422E-001   7.672267E-002   1.494545E+000   1.790196E-001   1.315525E+000
   36301      42     9.000000    20.000000   1.633159E+000   2.278094E-002   2.075188E-001   6.225563E-002   1.610378E+000   1.452631E-001   1.465115E+000
   36401       1     0.200000     0.300000   5.582456E-006   3.540013E-006   2.917776E-006   8.753329E-007   2.042443E-006   2.042443E-006  -9.500342E-015
   36401       2     0.300000     0.345000   2.557270E-003   1.374824E-003   1.689209E-003   5.067628E-004   1.182447E-003   1.182447E-003  -8.478979E-013
   36401       3     0.345000     0.385000   2.512764E-003   1.152240E-003   1.943607E-003   5.830820E-004   1.360525E-003   1.360525E-003   3.397626E-012
   36401       4     0.385000     0.420000   1.293223E-002   5.311610E-003   1.088660E-002   3.265979E-003   7.620618E-003   7.620618E-003   4.821074E-013
   36401       5     0.420000     0.450000   2.349464E-002   8.965829E-003   2.075544E-002   6.226633E-003   1.452881E-002   1.452881E-002   2.317367E-012
   36401       6     0.450000     0.500000   1.310848E-001   4.710132E-002   1.199763E-001   3.599290E-002   8.398344E-002   8.398344E-002   2.946762E-011
   36401       7     0.500000     0.550000   1.748537E-001   5.938044E-002   1.649618E-001   4.948854E-002   1.154733E-001   1.154733E-001  -7.301937E-012
   36401       8     0.550000     0.610000   2.295775E-001   7.513671E-002   2.206297E-001   6.618892E-002   1.544408E-001   1.544408E-001   5.765025E-011
   36401       9     0.610000     0.690000   5.693172E-001   1.805662E-001   5.553585E-001   1.666076E-001   3.887510E-001   3.887510E-001   4.359424E-011
   36401      10     0.690000     0.780000   2.472789E+000   7.671523E-001   2.436624E+000   7.309872E-001   1.705637E+000   1.705637E+000   1.471951E-010
   36401      11     0.780000     0.800000   1.063069E+000   3.229183E-001   1.046059E+000   3.138178E-001   7.401511E-001   7.322416E-001   7.909505E-003
   36401      12     0.800000     0.870000   5.878988E+000   1.800826E+000   5.823914E+000   1.747174E+000   4.078162E+000   4.076740E+000   1.422086E-003
   36401      13     0.870000     0.880000   8.736691E-001   2.597346E-001   8.573808E-001   2.572142E-001   6.139345E-001   6.001666E-001   1.376791E-002
   36401      14     0.880000     1.030000   2.249240E+001   6.829700E+000   2.237432E+001   6.712296E+000   1.566270E+001   1.566202E+001   6.810436E-004
   36401      15     1.030000     1.080000   9.248799E+000   2.416848E+000   8.563648E+000   2.569094E+000   6.831951E+000   5.994554E+000   8.373973E-001
   36401      16     1.080000     1.140000   1.173685E+001   3.469030E+000   1.161303E+001   3.483909E+000   8.267819E+000   8.129121E+000   1.386987E-001
   36401      17     1.140000     1.200000   1.143670E+001   3.434941E+000   1.139399E+001   3.418197E+000   8.001756E+000   7.975793E+000   2.596230E-002
   36401      18     1.200000     1.240000   8.097833E+000   7.803205E-001   4.053161E+000   1.215948E+000   7.317512E+000   2.837213E+000   4.480299E+000
   36401      19     1.240000     1.280000   7.733813E+000   2.135329E+000   7.462958E+000   2.238888E+000   5.598485E+000   5.224071E+000   3.744136E-001
   36401      20     1.280000     1.340000   1.109154E+001   2.083177E+000   8.889693E+000   2.666908E+000   9.008365E+000   6.222785E+000   2.785580E+000
   36401      21     1.340000     1.420000   1.012492E+001   2.719774E+000   9.644667E+000   2.893400E+000   7.405147E+000   6.751267E+000   6.538800E-001
   36401      22     1.420000     1.460000   4.444646E+000   2.672763E-001   1.504073E+000   4.512218E-001   4.177369E+000   1.052851E+000   3.124519E+000
   36401      23     1.460000     1.490000   3.316959E+000   4.555001E-001   2.252602E+000   6.757805E-001   2.861459E+000   1.576821E+000   1.284638E+000
   36401      24     1.490000     1.520000   3.416012E+000   7.192919E-001   2.909008E+000   8.727023E-001   2.696720E+000   2.036305E+000   6.604144E-001
   36401      25     1.520000     1.680000   2.089115E+001   1.347375E+000   7.709591E+000   2.312877E+000   1.954377E+001   5.396714E+000   1.414706E+001
   36401      26     1.680000     1.740000   7.400301E+000   1.968410E+000   7.086268E+000   2.125880E+000   5.431892E+000   4.960387E+000   4.715045E-001
   36401      27     1.740000     1.820000   6.859941E+000   1.921509E+000   6.691069E+000   2.007321E+000   4.938432E+000   4.683748E+000   2.546839E-001
   36401      28     1.820000     1.940000   7.844991E+000   1.264087E+000   5.618489E+000   1.685547E+000   6.580904E+000   3.932942E+000   2.647962E+000
   36401      29     1.940000     2.200000   1.524385E+001   4.452625E-001   2.584631E+000   7.753893E-001   1.479859E+001   1.809242E+000   1.298935E+001
   36401      30     2.200000     2.300000   5.897529E+000   1.629597E+000   5.729083E+000   1.718725E+000   4.267932E+000   4.010358E+000   2.575737E-001
   36401      31     2.300000     2.450000   6.412228E+000   1.915499E+000   6.401596E+000   1.920479E+000   4.496729E+000   4.481117E+000   1.561252E-002
   36401      32     2.450000     2.550000   2.808749E+000   5.534028E-001   2.359728E+000   7.079185E-001   2.255346E+000   1.651810E+000   6.035366E-001
   36401      33     2.550000     2.650000   2.466453E+000   1.457829E-001   9.468761E-001   2.840628E-001   2.320670E+000   6.628132E-001   1.657857E+000
   36401      34     2.650000     2.900000   5.107089E+000   1.364958E-005   5.660033E-004   1.698010E-004   5.107076E+000   3.962023E-004   5.106679E+000
   36401      35     2.900000     3.200000   4.829501E+000   3.722250E-001   2.487246E+000   7.461737E-001   4.457276E+000   1.741072E+000   2.716204E+000
   36401      36     3.200000     3.500000   4.479548E+000   1.296947E+000   4.424285E+000   1.327285E+000   3.182601E+000   3.096999E+000   8.560184E-002
   36401      37     3.500000     3.900000   5.317470E+000   7.550083E-001   3.368460E+000   1.010538E+000   4.562462E+000   2.357922E+000   2.204540E+000
   36401      38     3.900000     5.500000   8.889375E+000   6.205011E-002   4.733626E-001   1.420088E-001   8.827325E+000   3.313539E-001   8.495971E+000
   36401      39     5.500000     6.500000   2.171822E+000   6.428494E-001   2.161926E+000   6.485779E-001   1.528972E+000   1.513349E+000   1.562363E-002
   36401      40     6.500000     7.000000   6.459457E-001   4.716947E-002   3.732824E-001   1.119847E-001   5.987763E-001   2.612977E-001   3.374785E-001
   36401      41     7.000000     9.000000   1.525571E+000   3.104832E-002   2.557654E-001   7.672963E-002   1.494523E+000   1.790358E-001   1.315487E+000
   36401      42     9.000000    20.000000   1.633159E+000   2.288389E-002   2.080109E-001   6.240327E-002   1.610275E+000   1.456076E-001   1.464667E+000
   36501       1     0.200000     0.300000   5.582456E-006   3.540013E-006   2.917776E-006   8.753329E-007   2.042443E-006   2.042443E-006  -9.500342E-015
   36501       2     0.300000     0.345000   2.557270E-003   1.374824E-003   1.689209E-003   5.067628E-004   1.182447E-003   1.182447E-003  -8.478979E-013
   36501       3     0.345000     0.385000   2.512764E-003   1.152240E-003   1.943607E-003   5.830820E-004   1.360525E-003   1.360525E-003   3.397626E-012
   36501       4     0.385000     0.420000   1.293223E-002   5.311610E-003   1.088660E-002   3.265979E-003   7.620618E-003   7.620618E-003   4.821074E-013
   36501       5     0.420000     0.450000   2.349464E-002   8.965829E-003   2.075544E-002   6.226633E-003   1.452881E-002   1.452881E-002   1.898733E-012
   36501       6     0.450000     0.500000   1.310848E-001   4.710132E-002   1.199763E-001   3.599290E-002   8.398344E-002   8.398344E-002   2.245307E-011
   36501       7     0.500000     0.550000   1.748537E-001   5.938044E-002   1.649618E-001   4.948854E-002   1.154733E-001   1.154733E-001  -8.885420E-012
   36501       8     0.550000     0.610000   2.295775E-001   7.513671E-002   2.206297E-001   6.618892E-002   1.544408E-001   1.544408E-001   5.494422E-011
   36501       9     0.610000     0.690000   5.693172E-001   1.805662E-001   5.553585E-001   1.666076E-001   3.887510E-001   3.887510E-001   2.266143E-011
   36501      10     0.690000     0.780000   2.472789E+000   7.671523E-001   2.436624E+000   7.309872E-001   1.705637E+000   1.705637E+000   1.887324E-010
   36501      11     0.780000     0.800000   1.063069E+000   3.229184E-001   1.046059E+000   3.138178E-001   7.401510E-001   7.322416E-001   7.909406E-003
   36501      12     0.800000     0.870000   5.878988E+000   1.800826E+000   5.823914E+000   1.747174E+000   4.078162E+000   4.076740E+000   1.422217E-003
   36501      13     0.870000     0.880000   8.736691E-001   2.597358E-001   8.573822E-001   2.572147E-001   6.139332E-001   6.001676E-001   1.376565E-002
   36501      14     0.880000     1.030000   2.249240E+001   6.829700E+000   2.237432E+001   6.712296E+000   1.566270E+001   1.566202E+001   6.808573E-004
   36501      15     1.030000     1.080000   9.248799E+000   2.416874E+000   8.563665E+000   2.569100E+000   6.831925E+000   5.994566E+000   8.373590E-001
   36501      16     1.080000     1.140000   1.173685E+001   3.469032E+000   1.161303E+001   3.483909E+000   8.267818E+000   8.129122E+000   1.386959E-001
   36501      17     1.140000     1.200000   1.143670E+001   3.434941E+000   1.139399E+001   3.418197E+000   8.001755E+000   7.975793E+000   2.596198E-002
   36501      18     1.200000     1.240000   8.097833E+000   7.806046E-001   4.053892E+000   1.216168E+000   7.317228E+000   2.837725E+000   4.479503E+000
   36501      19     1.240000     1.280000   7.733813E+000   2.135379E+000   7.463022E+000   2.238907E+000   5.598435E+000   5.224116E+000   3.743190E-001
   36501      20     1.280000     1.340000   1.109154E+001   2.083314E+000   8.889864E+000   2.666959E+000   9.008229E+000   6.222905E+000   2.785324E+000
   36501      21     1.340000     1.420000   1.012492E+001   2.719851E+000   9.644762E+000   2.893429E+000   7.405070E+000   6.751334E+000   6.537360E-001
   36501      22     1.420000     1.460000   4.444646E+000   2.674198E-001   1.504690E+000   4.514070E-001   4.177226E+000   1.053283E+000   3.123943E+000
   36501      23     1.460000     1.490000   3.316959E+000   4.556475E-001   2.252843E+000   6.758530E-001   2.861311E+000   1.576990E+000   1.284321E+000
   36501      24     1.490000     1.520000   3.416012E+000   7.193948E-001   2.909159E+000   8.727477E-001   2.696617E+000   2.036411E+000   6.602053E-001
   36501      25     1.520000     1.680000   2.089115E+001   1.348131E+000   7.712185E+000   2.313655E+000   1.954302E+001   5.398529E+000   1.414449E+001
   36501      26     1.680000     1.740000   7.400301E+000   1.968476E+000   7.086349E+000   2.125905E+000   5.431826E+000   4.960444E+000   4.713814E-001
   36501      27     1.740000     1.820000   6.859941E+000   1.921889E+000   6.691554E+000   2.007466E+000   4.938053E+000   4.684088E+000   2.539650E-001
   36501      28     1.820000     1.940000   7.844991E+000   1.264571E+000   5.619714E+000   1.685914E+000   6.580420E+000   3.933800E+000   2.646621E+000
   36501      29     1.940000     2.200000   1.524385E+001   4.455451E-001   2.585603E+000   7.756808E-001   1.479830E+001   1.809922E+000   1.298838E+001
   36501      30     2.200000     2.300000   5.897529E+000   1.629641E+000   5.729137E+000   1.718741E+000   4.267888E+000   4.010396E+000   2.574922E-001
   36501      31     2.300000     2.450000   6.412228E+000   1.915501E+000   6.401598E+000   1.920480E+000   4.496727E+000   4.481119E+000   1.560795E-002
   36501      32     2.450000     2.550000   2.808749E+000   5.536135E-001   2.360143E+000   7.080430E-001   2.255136E+000   1.652100E+000   6.030355E-001
   36501      33     2.550000     2.650000   2.466453E+000   1.458244E-001   9.471249E-001   2.841375E-001   2.320629E+000   6.629875E-001   1.657641E+000
   36501      34     2.650000     2.900000   5.107089E+000   1.365313E-005   5.736178E-004   1.720853E-004   5.107076E+000   4.015324E-004   5.106674E+000
   36501      35     2.900000     3.200000   4.829501E+000   3.725558E-001   2.488357E+000   7.465071E-001   4.456945E+000   1.741850E+000   2.715095E+000
   36501      36     3.200000     3.500000   4.479548E+000   1.297001E+000   4.424352E+000   1.327306E+000   3.182547E+000   3.097046E+000   8.550060E-002
   36501      37     3.500000     3.900000   5.317470E+000   7.550486E-001   3.368487E+000   1.010546E+000   4.562422E+000   2.357941E+000   2.204481E+000
   36501      38     3.900000     5.500000   8.889375E+000   6.212288E-002   4.737337E-001   1.421201E-001   8.827252E+000   3.316136E-001   8.495639E+000
   36501      39     5.500000     6.500000   2.171822E+000   6.428597E-001   2.161938E+000   6.485814E-001   1.528962E+000   1.513357E+000   1.560527E-002
   36501      40     6.500000     7.000000   6.459457E-001   4.715217E-002   3.732148E-001   1.119645E-001   5.987936E-001   2.612504E-001   3.375432E-001
   36501      41     7.000000     9.000000   1.525571E+000   3.107024E-002   2.557883E-001   7.673649E-002   1.494501E+000   1.790518E-001   1.315449E+000
   36501      42     9.000000    20.000000   1.633159E+000   2.298591E-002   2.084971E-001   6.254914E-002   1.610173E+000   1.459480E-001   1.464225E+000
   36601       1     0.200000     0.300000   5.582456E-006   3.540013E-006   2.917776E-006   8.753329E-007   2.042443E-006   2.042443E-006  -9.500342E-015
   36601       2     0.300000     0.345000   2.557270E-003   1.374824E-003   1.689209E-003   5.067628E-004   1.182447E-003   1.182447E-003  -8.478979E-013
   36601       3     0.345000     0.385000   2.512764E-003   1.152240E-003   1.943607E-003   5.830820E-004   1.360525E-003   1.360525E-003   3.397626E-012
   36601       4     0.385000     0.420000   1.293223E-002   5.311610E-003   1.088660E-002   3.265979E-003   7.620618E-003   7.620618E-003   1.075894E-012
   36601       5     0.420000     0.450000   2.349464E-002   8.965829E-003   2.075544E-002   6.226633E-003   1.452881E-002   1.452881E-002   1.196231E-012
   36601       6     0.450000     0.500000   1.310848E-001   4.710132E-002   1.199763E-001   3.599290E-002   8.398344E-002   8.398344E-002   2.991059E-011
   36601       7     0.500000     0.550000   1.748537E-001   5.938044E-002   1.649618E-001   4.948854E-002   1.154733E-001   1.154733E-001  -1.823318E-011
   36601       8     0.550000     0.610000   2.295775E-001   7.513671E-002   2.206297E-001   6.618892E-002   1.544408E-001   1.544408E-001   3.105843E-011
   36601       9     0.610000     0.690000   5.693172E-001   1.805662E-001   5.553585E-001   1.666076E-001   3.887510E-001   3.887510E-001   7.183310E-012
   36601      10     0.690000     0.780000   2.472789E+000   7.671523E-001   2.436624E+000   7.309872E-001   1.705637E+000   1.705637E+000   2.486165E-010
   36601      11     0.780000     0.800000   1.063069E+000   3.229184E-001   1.046060E+000   3.138179E-001   7.401510E-001   7.322417E-001   7.909310E-003
   36601      12     0.800000     0.870000   5.878988E+000   1.800826E+000   5.823914E+000   1.747174E+000   4.078162E+000   4.076740E+000   1.422345E-003
   36601      13     0.870000     0.880000   8.736691E-001   2.597371E-001   8.573836E-001   2.572151E-001   6.139320E-001   6.001685E-001   1.376344E-002
   36601      14     0.880000     1.030000   2.249240E+001   6.829701E+000   2.237432E+001   6.712296E+000   1.566270E+001   1.566202E+001   6.806746E-004
   36601      15     1.030000     1.080000   9.248799E+000   2.416900E+000   8.563683E+000   2.569105E+000   6.831899E+000   5.994578E+000   8.373214E-001
   36601      16     1.080000     1.140000   1.173685E+001   3.469034E+000   1.161303E+001   3.483910E+000   8.267816E+000   8.129123E+000   1.386932E-001
   36601      17     1.140000     1.200000   1.143670E+001   3.434942E+000   1.139399E+001   3.418197E+000   8.001755E+000   7.975794E+000   2.596168E-002
   36601      18     1.200000     1.240000   8.097833E+000   7.808836E-001   4.054610E+000   1.216383E+000   7.316949E+000   2.838227E+000   4.478722E+000
   36601      19     1.240000     1.280000   7.733813E+000   2.135428E+000   7.463085E+000   2.238925E+000   5.598386E+000   5.224159E+000   3.742262E-001
   36601      20     1.280000     1.340000   1.109154E+001   2.083448E+000   8.890031E+000   2.667009E+000   9.008095E+000   6.223022E+000   2.785073E+000
   36601      21     1.340000     1.420000   1.012492E+001   2.719927E+000   9.644856E+000   2.893457E+000   7.404994E+000   6.751399E+000   6.535948E-001
   36601      22     1.420000     1.460000   4.444646E+000   2.675609E-001   1.505297E+000   4.515891E-001   4.177085E+000   1.053708E+000   3.123377E+000
   36601      23     1.460000     1.490000   3.316959E+000   4.557922E-001   2.253081E+000   6.759242E-001   2.861167E+000   1.577156E+000   1.284010E+000
   36601      24     1.490000     1.520000   3.416012E+000   7.194958E-001   2.909308E+000   8.727924E-001   2.696516E+000   2.036516E+000   6.600002E-001
   36601      25     1.520000     1.680000   2.089115E+001   1.348873E+000   7.714732E+000   2.314419E+000   1.954228E+001   5.400312E+000   1.414196E+001
   36601      26     1.680000     1.740000   7.400301E+000   1.968541E+000   7.086429E+000   2.125929E+000   5.431761E+000   4.960500E+000   4.712607E-001
   36601      27     1.740000     1.820000   6.859941E+000   1.922262E+000   6.692029E+000   2.007609E+000   4.937680E+000   4.684420E+000   2.532591E-001
   36601      28     1.820000     1.940000   7.844991E+000   1.265047E+000   5.620917E+000   1.686275E+000   6.579944E+000   3.934642E+000   2.645302E+000
   36601      29     1.940000     2.200000   1.524385E+001   4.458226E-001   2.586557E+000   7.759670E-001   1.479803E+001   1.810590E+000   1.298744E+001
   36601      30     2.200000     2.300000   5.897529E+000   1.629684E+000   5.729189E+000   1.718757E+000   4.267845E+000   4.010432E+000   2.574124E-001
   36601      31     2.300000     2.450000   6.412228E+000   1.915504E+000   6.401601E+000   1.920480E+000   4.496724E+000   4.481121E+000   1.560347E-002
   36601      32     2.450000     2.550000   2.808749E+000   5.538204E-001   2.360551E+000   7.081652E-001   2.254929E+000   1.652385E+000   6.025434E-001
   36601      33     2.550000     2.650000   2.466453E+000   1.458651E-001   9.473695E-001   2.842108E-001   2.320588E+000   6.631586E-001   1.657430E+000
   36601      34     2.650000     2.900000   5.107089E+000   1.365660E-005   5.811903E-004   1.743571E-004   5.107076E+000   4.068332E-004   5.106669E+000
   36601      35     2.900000     3.200000   4.829501E+000   3.728810E-001   2.489449E+000   7.468346E-001   4.456620E+000   1.742614E+000   2.714006E+000
   36601      36     3.200000     3.500000   4.479548E+000   1.297054E+000   4.424417E+000   1.327325E+000   3.182493E+000   3.097092E+000   8.540127E-002
   36601      37     3.500000     3.900000   5.317470E+000   7.550882E-001   3.368512E+000   1.010554E+000   4.562382E+000   2.357959E+000   2.204424E+000
   36601      38     3.900000     5.500000   8.889375E+000   6.219443E-002   4.740983E-001   1.422295E-001   8.827181E+000   3.318688E-001   8.495312E+000
   36601      39     5.500000     6.500000   2.171822E+000   6.428697E-001   2.161949E+000   6.485848E-001   1.528952E+000   1.513365E+000   1.558727E-002
   36601      40     6.500000     7.000000   6.459457E-001   4.713516E-002   3.731483E-001   1.119445E-001   5.988106E-001   2.612038E-001   3.376067E-001
   36601      41     7.000000     9.000000   1.525571E+000   3.109174E-002   2.558107E-001   7.674322E-002   1.494479E+000   1.790675E-001   1.315412E+000
   36601      42     9.000000    20.000000   1.633159E+000   2.308673E-002   2.089762E-001   6.269286E-002   1.610072E+000   1.462834E-001   1.463789E+000
   36701       1     0.200000     0.300000   5.582456E-006   3.540013E-006   2.917776E-006   8.753329E-007   2.042443E-006   2.042443E-006  -9.500342E-015
   36701       2     0.300000     0.345000   2.557270E-003   1.374824E-003   1.689209E-003   5.067628E-004   1.182447E-003   1.182447E-003  -8.478979E-013
   36701       3     0.345000     0.385000   2.512764E-003   1.152240E-003   1.943607E-003   5.830820E-004   1.360525E-003   1.360525E-003   3.397626E-012
   36701       4     0.385000     0.420000   1.293223E-002   5.311610E-003   1.088660E-002   3.265979E-003   7.620618E-003   7.620618E-003  -6.753244E-013
   36701       5     0.420000     0.450000   2.349464E-002   8.965829E-003   2.075544E-002   6.226633E-003   1.452881E-002   1.452881E-002   9.777942E-014
   36701       6     0.450000     0.500000   1.310848E-001   4.710132E-002   1.199763E-001   3.599290E-002   8.398344E-002   8.398344E-002   3.545461E-011
   36701       7     0.500000     0.550000   1.748537E-001   5.938044E-002   1.649618E-001   4.948854E-002   1.154733E-001   1.154733E-001  -1.584788E-011
   36701       8     0.550000     0.610000   2.295775E-001   7.513671E-002   2.206297E-001   6.618892E-002   1.544408E-001   1.544408E-001   3.201872E-011
   36701       9     0.610000     0.690000   5.693172E-001   1.805662E-001   5.553585E-001   1.666076E-001   3.887510E-001   3.887510E-001   2.830525E-011
   36701      10     0.690000     0.780000   2.472789E+000   7.671523E-001   2.436624E+000   7.309872E-001   1.705637E+000   1.705637E+000   2.691976E-010
   36701      11     0.780000     0.800000   1.063069E+000   3.229185E-001   1.046060E+000   3.138179E-001   7.401509E-001   7.322417E-001   7.909215E-003
   36701      12     0.800000     0.870000   5.878988E+000   1.800826E+000   5.823914E+000   1.747174E+000   4.078162E+000   4.076740E+000   1.422470E-003
   36701      13     0.870000     0.880000   8.736691E-001   2.597383E-001   8.573850E-001   2.572155E-001   6.139308E-001   6.001695E-001   1.376127E-002
   36701      14     0.880000     1.030000   2.249240E+001   6.829701E+000   2.237432E+001   6.712296E+000   1.566270E+001   1.566202E+001   6.804950E-004
   36701      15     1.030000     1.080000   9.248799E+000   2.416925E+000   8.563699E+000   2.569110E+000   6.831874E+000   5.994590E+000   8.372845E-001
   36701      16     1.080000     1.140000   1.173685E+001   3.469035E+000   1.161303E+001   3.483910E+000   8.267815E+000   8.129124E+000   1.386905E-001
   36701      17     1.140000     1.200000   1.143670E+001   3.434942E+000   1.139399E+001   3.418197E+000   8.001755E+000   7.975794E+000   2.596138E-002
   36701      18     1.200000     1.240000   8.097833E+000   7.811581E-001   4.055316E+000   1.216595E+000   7.316675E+000   2.838721E+000   4.477954E+000
   36701      19     1.240000     1.280000   7.733813E+000   2.135476E+000   7.463146E+000   2.238944E+000   5.598337E+000   5.224202E+000   3.741350E-001
   36701      20     1.280000     1.340000   1.109154E+001   2.083579E+000   8.890196E+000   2.667059E+000   9.007964E+000   6.223137E+000   2.784827E+000
   36701      21     1.340000     1.420000   1.012492E+001   2.720001E+000   9.644948E+000   2.893484E+000   7.404920E+000   6.751464E+000   6.534560E-001
   36701      22     1.420000     1.460000   4.444646E+000   2.677000E-001   1.505895E+000   4.517685E-001   4.176946E+000   1.054127E+000   3.122819E+000
   36701      23     1.460000     1.490000   3.316959E+000   4.559345E-001   2.253314E+000   6.759942E-001   2.861024E+000   1.577320E+000   1.283705E+000
   36701      24     1.490000     1.520000   3.416012E+000   7.195951E-001   2.909454E+000   8.728362E-001   2.696416E+000   2.036618E+000   6.597986E-001
   36701      25     1.520000     1.680000   2.089115E+001   1.349603E+000   7.717237E+000   2.315171E+000   1.954155E+001   5.402066E+000   1.413948E+001
   36701      26     1.680000     1.740000   7.400301E+000   1.968604E+000   7.086507E+000   2.125952E+000   5.431697E+000   4.960555E+000   4.711422E-001
   36701      27     1.740000     1.820000   6.859941E+000   1.922629E+000   6.692497E+000   2.007749E+000   4.937313E+000   4.684748E+000   2.525646E-001
   36701      28     1.820000     1.940000   7.844991E+000   1.265516E+000   5.622101E+000   1.686630E+000   6.579476E+000   3.935471E+000   2.644005E+000
   36701      29     1.940000     2.200000   1.524385E+001   4.460958E-001   2.587495E+000   7.762485E-001   1.479775E+001   1.811247E+000   1.298651E+001
   36701      30     2.200000     2.300000   5.897529E+000   1.629726E+000   5.729241E+000   1.718772E+000   4.267802E+000   4.010469E+000   2.573339E-001
   36701      31     2.300000     2.450000   6.412228E+000   1.915506E+000   6.401604E+000   1.920481E+000   4.496722E+000   4.481123E+000   1.559908E-002
   36701      32     2.450000     2.550000   2.808749E+000   5.540241E-001   2.360951E+000   7.082854E-001   2.254725E+000   1.652666E+000   6.020592E-001
   36701      33     2.550000     2.650000   2.466453E+000   1.459052E-001   9.476103E-001   2.842831E-001   2.320548E+000   6.633272E-001   1.657221E+000
   36701      34     2.650000     2.900000   5.107089E+000   1.365999E-005   5.887361E-004   1.766208E-004   5.107076E+000   4.121153E-004   5.106663E+000
   36701      35     2.900000     3.200000   4.829501E+000   3.732012E-001   2.490523E+000   7.471569E-001   4.456300E+000   1.743366E+000   2.712934E+000
   36701      36     3.200000     3.500000   4.479548E+000   1.297107E+000   4.424482E+000   1.327345E+000   3.182441E+000   3.097137E+000   8.530362E-002
   36701      37     3.500000     3.900000   5.317470E+000   7.551270E-001   3.368538E+000   1.010561E+000   4.562343E+000   2.357976E+000   2.204367E+000
   36701      38     3.900000     5.500000   8.889375E+000   6.226494E-002   4.744572E-001   1.423372E-001   8.827110E+000   3.321200E-001   8.494990E+000
   36701      39     5.500000     6.500000   2.171822E+000   6.428796E-001   2.161961E+000   6.485882E-001   1.528942E+000   1.513372E+000   1.556955E-002
   36701      40     6.500000     7.000000   6.459457E-001   4.711845E-002   3.730830E-001   1.119249E-001   5.988273E-001   2.611581E-001   3.376692E-001
   36701      41     7.000000     9.000000   1.525571E+000   3.111287E-002   2.558329E-001   7.674986E-002   1.494458E+000   1.790830E-001   1.315375E+000
   36701      42     9.000000    20.000000   1.633159E+000   2.318664E-002   2.094495E-001   6.283486E-002   1.609972E+000   1.466147E-001   1.463358E+000
   36801       1     0.200000     0.300000   5.582456E-006   3.540013E-006   2.917776E-006   8.753329E-007   2.042443E-006   2.042443E-006  -9.500342E-015
   36801       2     0.300000     0.345000   2.557270E-003   1.374824E-003   1.689209E-003   5.067628E-004   1.182447E-003   1.182447E-003  -8.478979E-013
   36801       3     0.345000     0.385000   2.512764E-003   1.152240E-003   1.943607E-003   5.830820E-004   1.360525E-003   1.360525E-003   3.397626E-012
   36801       4     0.385000     0.420000   1.293223E-002   5.311610E-003   1.088660E-002   3.265979E-003   7.620618E-003   7.620618E-003   4.093427E-013
   36801       5     0.420000     0.450000   2.349464E-002   8.965829E-003   2.075544E-002   6.226633E-003   1.452881E-002   1.452881E-002   6.696033E-015
   36801       6     0.450000     0.500000   1.310848E-001   4.710132E-002   1.199763E-001   3.599290E-002   8.398344E-002   8.398344E-002   2.598277E-011
   36801       7     0.500000     0.550000   1.748537E-001   5.938044E-002   1.649618E-001   4.948854E-002   1.154733E-001   1.154733E-001  -1.836237E-011
   36801       8     0.550000     0.610000   2.295775E-001   7.513671E-002   2.206297E-001   6.618892E-002   1.544408E-001   1.544408E-001   3.744705E-011
   36801       9     0.610000     0.690000   5.693172E-001   1.805662E-001   5.553585E-001   1.666076E-001   3.887510E-001   3.887510E-001   4.026757E-011
   36801      10     0.690000     0.780000   2.472789E+000   7.671523E-001   2.436624E+000   7.309872E-001   1.705637E+000   1.705637E+000   2.175908E-010
   36801      11     0.780000     0.800000   1.063069E+000   3.229185E-001   1.046060E+000   3.138179E-001   7.401509E-001   7.322417E-001   7.909122E-003
   36801      12     0.800000     0.870000   5.878988E+000   1.800826E+000   5.823914E+000   1.747174E+000   4.078162E+000   4.076740E+000   1.422594E-003
   36801      13     0.870000     0.880000   8.736691E-001   2.597395E-001   8.573864E-001   2.572159E-001   6.139296E-001   6.001704E-001   1.375914E-002
   36801      14     0.880000     1.030000   2.249240E+001   6.829701E+000   2.237432E+001   6.712296E+000   1.566270E+001   1.566202E+001   6.803185E-004
   36801      15     1.030000     1.080000   9.248799E+000   2.416949E+000   8.563716E+000   2.569115E+000   6.831849E+000   5.994601E+000   8.372483E-001
   36801      16     1.080000     1.140000   1.173685E+001   3.469037E+000   1.161304E+001   3.483911E+000   8.267813E+000   8.129125E+000   1.386878E-001
   36801      17     1.140000     1.200000   1.143670E+001   3.434942E+000   1.139399E+001   3.418197E+000   8.001755E+000   7.975794E+000   2.596109E-002
   36801      18     1.200000     1.240000   8.097833E+000   7.814283E-001   4.056010E+000   1.216803E+000   7.316404E+000   2.839207E+000   4.477197E+000
   36801      19     1.240000     1.280000   7.733813E+000   2.135523E+000   7.463207E+000   2.238962E+000   5.598290E+000   5.224245E+000   3.740454E-001
   36801      20     1.280000     1.340000   1.109154E+001   2.083708E+000   8.890358E+000   2.667107E+000   9.007834E+000   6.223250E+000   2.784584E+000
   36801      21     1.340000     1.420000   1.012492E+001   2.720074E+000   9.645039E+000   2.893512E+000   7.404847E+000   6.751527E+000   6.533196E-001
   36801      22     1.420000     1.460000   4.444646E+000   2.678371E-001   1.506484E+000   4.519453E-001   4.176809E+000   1.054539E+000   3.122270E+000
   36801      23     1.460000     1.490000   3.316959E+000   4.560744E-001   2.253543E+000   6.760630E-001   2.860885E+000   1.577480E+000   1.283404E+000
   36801      24     1.490000     1.520000   3.416012E+000   7.196927E-001   2.909598E+000   8.728793E-001   2.696319E+000   2.036718E+000   6.596005E-001
   36801      25     1.520000     1.680000   2.089115E+001   1.350322E+000   7.719703E+000   2.315911E+000   1.954083E+001   5.403792E+000   1.413703E+001
   36801      26     1.680000     1.740000   7.400301E+000   1.968667E+000   7.086584E+000   2.125975E+000   5.431634E+000   4.960609E+000   4.710257E-001
   36801      27     1.740000     1.820000   6.859941E+000   1.922990E+000   6.692957E+000   2.007887E+000   4.936952E+000   4.685070E+000   2.518819E-001
   36801      28     1.820000     1.940000   7.844991E+000   1.265977E+000   5.623266E+000   1.686980E+000   6.579014E+000   3.936286E+000   2.642728E+000
   36801      29     1.940000     2.200000   1.524385E+001   4.463647E-001   2.588418E+000   7.765255E-001   1.479749E+001   1.811893E+000   1.298559E+001
   36801      30     2.200000     2.300000   5.897529E+000   1.629768E+000   5.729291E+000   1.718787E+000   4.267761E+000   4.010504E+000   2.572568E-001
   36801      31     2.300000     2.450000   6.412228E+000   1.915509E+000   6.401607E+000   1.920482E+000   4.496719E+000   4.481125E+000   1.559475E-002
   36801      32     2.450000     2.550000   2.808749E+000   5.542245E-001   2.361345E+000   7.084036E-001   2.254525E+000   1.652942E+000   6.015829E-001
   36801      33     2.550000     2.650000   2.466453E+000   1.459443E-001   9.478470E-001   2.843541E-001   2.320509E+000   6.634929E-001   1.657016E+000
   36801      34     2.650000     2.900000   5.107089E+000   1.366331E-005   5.962498E-004   1.788749E-004   5.107075E+000   4.173749E-004   5.106658E+000
   36801      35     2.900000     3.200000   4.829501E+000   3.735165E-001   2.491580E+000   7.474741E-001   4.455984E+000   1.744106E+000   2.711878E+000
   36801      36     3.200000     3.500000   4.479548E+000   1.297159E+000   4.424545E+000   1.327364E+000   3.182389E+000   3.097182E+000   8.520766E-002
   36801      37     3.500000     3.900000   5.317470E+000   7.551652E-001   3.368563E+000   1.010569E+000   4.562305E+000   2.357994E+000   2.204311E+000
   36801      38     3.900000     5.500000   8.889375E+000   6.233443E-002   4.748110E-001   1.424433E-001   8.827041E+000   3.323677E-001   8.494673E+000
   36801      39     5.500000     6.500000   2.171822E+000   6.428894E-001   2.161972E+000   6.485915E-001   1.528932E+000   1.513380E+000   1.555215E-002
   36801      40     6.500000     7.000000   6.459457E-001   4.710202E-002   3.730187E-001   1.119056E-001   5.988437E-001   2.611131E-001   3.377307E-001
   36801      41     7.000000     9.000000   1.525571E+000   3.113366E-002   2.558547E-001   7.675640E-002   1.494437E+000   1.790983E-001   1.315339E+000
   36801      42     9.000000    20.000000   1.633159E+000   2.328534E-002   2.099158E-001   6.297475E-002   1.609874E+000   1.469411E-001   1.462932E+000
   36901       1     0.200000     0.300000   5.582456E-006   3.540013E-006   2.917776E-006   8.753329E-007   2.042443E-006   2.042443E-006  -9.500342E-015
   36901       2     0.300000     0.345000   2.557270E-003   1.374824E-003   1.689209E-003   5.067628E-004   1.182447E-003   1.182447E-003  -8.478979E-013
   36901       3     0.345000     0.385000   2.512764E-003   1.152240E-003   1.943607E-003   5.830820E-004   1.360525E-003   1.360525E-003   3.397626E-012
   36901       4     0.385000     0.420000   1.293223E-002   5.311610E-003   1.088660E-002   3.265979E-003   7.620618E-003   7.620618E-003   4.093427E-013
   36901       5     0.420000     0.450000   2.349464E-002   8.965829E-003   2.075544E-002   6.226633E-003   1.452881E-002   1.452881E-002  -1.282460E-012
   36901       6     0.450000     0.500000   1.310848E-001   4.710132E-002   1.199763E-001   3.599290E-002   8.398344E-002   8.398344E-002   2.022567E-011
   36901       7     0.500000     0.550000   1.748537E-001   5.938044E-002   1.649618E-001   4.948854E-002   1.154733E-001   1.154733E-001  -2.205588E-011
   36901       8     0.550000     0.610000   2.295775E-001   7.513671E-002   2.206297E-001   6.618892E-002   1.544408E-001   1.544408E-001   2.010342E-011
   36901       9     0.610000     0.690000   5.693172E-001   1.805662E-001   5.553585E-001   1.666076E-001   3.887510E-001   3.887510E-001   5.757578E-011
   36901      10     0.690000     0.780000   2.472789E+000   7.671523E-001   2.436624E+000   7.309872E-001   1.705637E+000   1.705637E+000   1.976317E-010
   36901      11     0.780000     0.800000   1.063069E+000   3.229186E-001   1.046060E+000   3.138179E-001   7.401508E-001   7.322418E-001   7.909030E-003
   36901      12     0.800000     0.870000   5.878988E+000   1.800826E+000   5.823914E+000   1.747174E+000   4.078162E+000   4.076740E+000   1.422716E-003
   36901      13     0.870000     0.880000   8.736691E-001   2.597406E-001   8.573877E-001   2.572163E-001   6.139284E-001   6.001714E-001   1.375705E-002
   36901      14     0.880000     1.030000   2.249240E+001   6.829701E+000   2.237432E+001   6.712296E+000   1.566270E+001   1.566202E+001   6.801466E-004
   36901      15     1.030000     1.080000   9.248799E+000   2.416973E+000   8.563732E+000   2.569120E+000   6.831825E+000   5.994612E+000   8.372129E-001
   36901      16     1.080000     1.140000   1.173685E+001   3.469038E+000   1.161304E+001   3.483911E+000   8.267812E+000   8.129127E+000   1.386853E-001
   36901      17     1.140000     1.200000   1.143670E+001   3.434942E+000   1.139399E+001   3.418197E+000   8.001755E+000   7.975794E+000   2.596084E-002
   36901      18     1.200000     1.240000   8.097833E+000   7.816943E-001   4.056694E+000   1.217008E+000   7.316138E+000   2.839686E+000   4.476452E+000
   36901      19     1.240000     1.280000   7.733813E+000   2.135569E+000   7.463266E+000   2.238980E+000   5.598244E+000   5.224286E+000   3.739579E-001
   36901      20     1.280000     1.340000   1.109154E+001   2.083835E+000   8.890517E+000   2.667155E+000   9.007707E+000   6.223362E+000   2.784346E+000
   36901      21     1.340000     1.420000   1.012492E+001   2.720146E+000   9.645127E+000   2.893538E+000   7.404775E+000   6.751589E+000   6.531858E-001
   36901      22     1.420000     1.460000   4.444646E+000   2.679718E-001   1.507062E+000   4.521186E-001   4.176674E+000   1.054943E+000   3.121731E+000
   36901      23     1.460000     1.490000   3.316959E+000   4.562110E-001   2.253767E+000   6.761302E-001   2.860748E+000   1.577637E+000   1.283111E+000
   36901      24     1.490000     1.520000   3.416012E+000   7.197882E-001   2.909738E+000   8.729215E-001   2.696223E+000   2.036817E+000   6.594064E-001
   36901      25     1.520000     1.680000   2.089115E+001   1.351029E+000   7.722130E+000   2.316639E+000   1.954012E+001   5.405491E+000   1.413463E+001
   36901      26     1.680000     1.740000   7.400301E+000   1.968728E+000   7.086659E+000   2.125998E+000   5.431573E+000   4.960661E+000   4.709120E-001
   36901      27     1.740000     1.820000   6.859941E+000   1.923341E+000   6.693404E+000   2.008021E+000   4.936600E+000   4.685383E+000   2.512172E-001
   36901      28     1.820000     1.940000   7.844991E+000   1.266429E+000   5.624409E+000   1.687323E+000   6.578562E+000   3.937086E+000   2.641476E+000
   36901      29     1.940000     2.200000   1.524385E+001   4.466288E-001   2.589325E+000   7.767974E-001   1.479722E+001   1.812527E+000   1.298469E+001
   36901      30     2.200000     2.300000   5.897529E+000   1.629809E+000   5.729341E+000   1.718802E+000   4.267720E+000   4.010539E+000   2.571812E-001
   36901      31     2.300000     2.450000   6.412228E+000   1.915511E+000   6.401609E+000   1.920483E+000   4.496717E+000   4.481127E+000   1.559052E-002
   36901      32     2.450000     2.550000   2.808749E+000   5.544204E-001   2.361731E+000   7.085193E-001   2.254329E+000   1.653212E+000   6.011171E-001
   36901      33     2.550000     2.650000   2.466453E+000   1.459814E-001   9.480759E-001   2.844228E-001   2.320472E+000   6.636532E-001   1.656819E+000
   36901      34     2.650000     2.900000   5.107089E+000   1.366657E-005   6.036763E-004   1.811029E-004   5.107075E+000   4.225734E-004   5.106653E+000
   36901      35     2.900000     3.200000   4.829501E+000   3.738258E-001   2.492617E+000   7.477852E-001   4.455675E+000   1.744832E+000   2.710843E+000
   36901      36     3.200000     3.500000   4.479548E+000   1.297209E+000   4.424607E+000   1.327382E+000   3.182339E+000   3.097225E+000   8.511392E-002
   36901      37     3.500000     3.900000   5.317470E+000   7.552027E-001   3.368586E+000   1.010576E+000   4.562268E+000   2.358011E+000   2.204257E+000
   36901      38     3.900000     5.500000   8.889375E+000   6.240273E-002   4.751606E-001   1.425482E-001   8.826972E+000   3.326124E-001   8.494360E+000
   36901      39     5.500000     6.500000   2.171822E+000   6.428988E-001   2.161982E+000   6.485947E-001   1.528923E+000   1.513388E+000   1.553528E-002
   36901      40     6.500000     7.000000   6.459457E-001   4.708587E-002   3.729554E-001   1.118866E-001   5.988599E-001   2.610688E-001   3.377911E-001
   36901      41     7.000000     9.000000   1.525571E+000   3.115411E-002   2.558760E-001   7.676281E-002   1.494417E+000   1.791132E-001   1.315304E+000
   36901      42     9.000000    20.000000   1.633159E+000   2.338107E-002   2.103672E-001   6.311015E-002   1.609778E+000   1.472570E-001   1.462521E+000
   37001       1     0.200000     0.300000   5.582456E-006   3.540013E-006   2.917776E-006   8.753329E-007   2.042443E-006   2.042443E-006  -9.500342E-015
   37001       2     0.300000     0.345000   2.557270E-003   1.374824E-003   1.689209E-003   5.067628E-004   1.182447E-003   1.182447E-003  -8.478979E-013
   37001       3     0.345000     0.385000   2.512764E-003   1.152240E-003   1.943607E-003   5.830820E-004   1.360525E-003   1.360525E-003   3.397626E-012
   37001       4     0.385000     0.420000   1.293223E-002   5.311610E-003   1.088660E-002   3.265979E-003   7.620618E-003   7.620618E-003   4.093427E-013
   37001       5     0.420000     0.450000   2.349464E-002   8.965829E-003   2.075544E-002   6.226633E-003   1.452881E-002   1.452881E-002  -4.571361E-013
   37001       6     0.450000     0.500000   1.310848E-001   4.710132E-002   1.199763E-001   3.599290E-002   8.398344E-002   8.398344E-002   2.587709E-011
   37001       7     0.500000     0.550000   1.748537E-001   5.938044E-002   1.649618E-001   4.948854E-002   1.154733E-001   1.154733E-001  -1.266831E-011
   37001       8     0.550000     0.610000   2.295775E-001   7.513671E-002   2.206297E-001   6.618892E-002   1.544408E-001   1.544408E-001   5.519085E-011
   37001       9     0.610000     0.690000   5.693172E-001   1.805662E-001   5.553585E-001   1.666076E-001   3.887510E-001   3.887510E-001   3.412204E-011
   37001      10     0.690000     0.780000   2.472789E+000   7.671523E-001   2.436624E+000   7.309872E-001   1.705637E+000   1.705637E+000   9.371615E-011
   37001      11     0.780000     0.800000   1.063069E+000   3.229187E-001   1.046060E+000   3.138179E-001   7.401508E-001   7.322418E-001   7.908939E-003
   37001      12     0.800000     0.870000   5.878988E+000   1.800826E+000   5.823914E+000   1.747174E+000   4.078163E+000   4.076740E+000   1.422836E-003
   37001      13     0.870000     0.880000   8.736691E-001   2.597418E-001   8.573890E-001   2.572167E-001   6.139273E-001   6.001723E-001   1.375500E-002
   37001      14     0.880000     1.030000   2.249240E+001   6.829701E+000   2.237432E+001   6.712296E+000   1.566270E+001   1.566202E+001   6.799789E-004
   37001      15     1.030000     1.080000   9.248799E+000   2.416997E+000   8.563748E+000   2.569124E+000   6.831802E+000   5.994623E+000   8.371783E-001
   37001      16     1.080000     1.140000   1.173685E+001   3.469039E+000   1.161304E+001   3.483912E+000   8.267810E+000   8.129128E+000   1.386828E-001
   37001      17     1.140000     1.200000   1.143670E+001   3.434942E+000   1.139399E+001   3.418197E+000   8.001755E+000   7.975794E+000   2.596063E-002
   37001      18     1.200000     1.240000   8.097833E+000   7.819563E-001   4.057368E+000   1.217211E+000   7.315876E+000   2.840158E+000   4.475718E+000
   37001      19     1.240000     1.280000   7.733813E+000   2.135615E+000   7.463324E+000   2.238997E+000   5.598199E+000   5.224327E+000   3.738722E-001
   37001      20     1.280000     1.340000   1.109154E+001   2.083960E+000   8.890673E+000   2.667202E+000   9.007582E+000   6.223471E+000   2.784111E+000
   37001      21     1.340000     1.420000   1.012492E+001   2.720216E+000   9.645215E+000   2.893564E+000   7.404705E+000   6.751650E+000   6.530544E-001
   37001      22     1.420000     1.460000   4.444646E+000   2.681044E-001   1.507630E+000   4.522889E-001   4.176541E+000   1.055341E+000   3.121201E+000
   37001      23     1.460000     1.490000   3.316959E+000   4.563448E-001   2.253986E+000   6.761959E-001   2.860614E+000   1.577790E+000   1.282824E+000
   37001      24     1.490000     1.520000   3.416012E+000   7.198818E-001   2.909876E+000   8.729629E-001   2.696130E+000   2.036913E+000   6.592163E-001
   37001      25     1.520000     1.680000   2.089115E+001   1.351724E+000   7.724519E+000   2.317356E+000   1.953942E+001   5.407163E+000   1.413226E+001
   37001      26     1.680000     1.740000   7.400301E+000   1.968788E+000   7.086732E+000   2.126020E+000   5.431513E+000   4.960712E+000   4.708008E-001
   37001      27     1.740000     1.820000   6.859941E+000   1.923684E+000   6.693841E+000   2.008152E+000   4.936257E+000   4.685689E+000   2.505684E-001
   37001      28     1.820000     1.940000   7.844991E+000   1.266873E+000   5.625531E+000   1.687659E+000   6.578118E+000   3.937871E+000   2.640246E+000
   37001      29     1.940000     2.200000   1.524385E+001   4.468883E-001   2.590215E+000   7.770645E-001   1.479696E+001   1.813150E+000   1.298381E+001
   37001      30     2.200000     2.300000   5.897529E+000   1.629849E+000   5.729390E+000   1.718817E+000   4.267680E+000   4.010573E+000   2.571070E-001
   37001      31     2.300000     2.450000   6.412228E+000   1.915513E+000   6.401612E+000   1.920484E+000   4.496715E+000   4.481128E+000   1.558638E-002
   37001      32     2.450000     2.550000   2.808749E+000   5.546124E-001   2.362109E+000   7.086326E-001   2.254137E+000   1.653476E+000   6.006608E-001
   37001      33     2.550000     2.650000   2.466453E+000   1.460169E-001   9.482989E-001   2.844897E-001   2.320436E+000   6.638092E-001   1.656627E+000
   37001      34     2.650000     2.900000   5.107089E+000   1.366975E-005   6.110392E-004   1.833118E-004   5.107075E+000   4.277274E-004   5.106648E+000
   37001      35     2.900000     3.200000   4.829501E+000   3.741298E-001   2.493636E+000   7.480908E-001   4.455371E+000   1.745545E+000   2.709826E+000
   37001      36     3.200000     3.500000   4.479548E+000   1.297259E+000   4.424667E+000   1.327400E+000   3.182289E+000   3.097267E+000   8.502222E-002
   37001      37     3.500000     3.900000   5.317470E+000   7.552395E-001   3.368609E+000   1.010583E+000   4.562231E+000   2.358027E+000   2.204204E+000
   37001      38     3.900000     5.500000   8.889375E+000   6.247000E-002   4.755060E-001   1.426518E-001   8.826905E+000   3.328542E-001   8.494051E+000
   37001      39     5.500000     6.500000   2.171822E+000   6.429081E-001   2.161993E+000   6.485978E-001   1.528914E+000   1.513395E+000   1.551861E-002
   37001      40     6.500000     7.000000   6.459457E-001   4.707042E-002   3.728948E-001   1.118684E-001   5.988753E-001   2.610263E-001   3.378490E-001
   37001      41     7.000000     9.000000   1.525571E+000   3.117416E-002   2.558964E-001   7.676893E-002   1.494397E+000   1.791275E-001   1.315269E+000
   37001      42     9.000000    20.000000   1.633159E+000   2.347514E-002   2.108094E-001   6.324281E-002   1.609684E+000   1.475666E-001   1.462117E+000
   37101       1     0.200000     0.300000   5.582456E-006   3.540013E-006   2.917776E-006   8.753329E-007   2.042443E-006   2.042443E-006  -9.500342E-015
   37101       2     0.300000     0.345000   2.557270E-003   1.374824E-003   1.689209E-003   5.067628E-004   1.182447E-003   1.182447E-003  -8.478979E-013
   37101       3     0.345000     0.385000   2.512764E-003   1.152240E-003   1.943607E-003   5.830820E-004   1.360525E-003   1.360525E-003   3.397626E-012
   37101       4     0.385000     0.420000   1.293223E-002   5.311610E-003   1.088660E-002   3.265979E-003   7.620618E-003   7.620618E-003   9.828683E-013
   37101       5     0.420000     0.450000   2.349464E-002   8.965829E-003   2.075544E-002   6.226633E-003   1.452881E-002   1.452881E-002  -5.375613E-013
   37101       6     0.450000     0.500000   1.310848E-001   4.710132E-002   1.199763E-001   3.599290E-002   8.398344E-002   8.398344E-002   2.218112E-011
   37101       7     0.500000     0.550000   1.748537E-001   5.938044E-002   1.649618E-001   4.948854E-002   1.154733E-001   1.154733E-001  -1.064746E-011
   37101       8     0.550000     0.610000   2.295775E-001   7.513671E-002   2.206297E-001   6.618892E-002   1.544408E-001   1.544408E-001   6.181600E-011
   37101       9     0.610000     0.690000   5.693172E-001   1.805662E-001   5.553585E-001   1.666076E-001   3.887510E-001   3.887510E-001   8.270618E-011
   37101      10     0.690000     0.780000   2.472789E+000   7.671523E-001   2.436624E+000   7.309872E-001   1.705637E+000   1.705637E+000   2.774727E-010
   37101      11     0.780000     0.800000   1.063069E+000   3.229187E-001   1.046060E+000   3.138179E-001   7.401507E-001   7.322419E-001   7.908850E-003
   37101      12     0.800000     0.870000   5.878988E+000   1.800826E+000   5.823914E+000   1.747174E+000   4.078163E+000   4.076740E+000   1.422955E-003
   37101      13     0.870000     0.880000   8.736691E-001   2.597429E-001   8.573902E-001   2.572171E-001   6.139261E-001   6.001732E-001   1.375298E-002
   37101      14     0.880000     1.030000   2.249240E+001   6.829701E+000   2.237432E+001   6.712296E+000   1.566270E+001   1.566202E+001   6.798134E-004
   37101      15     1.030000     1.080000   9.248799E+000   2.417021E+000   8.563763E+000   2.569129E+000   6.831778E+000   5.994634E+000   8.371442E-001
   37101      16     1.080000     1.140000   1.173685E+001   3.469041E+000   1.161304E+001   3.483912E+000   8.267809E+000   8.129129E+000   1.386805E-001
   37101      17     1.140000     1.200000   1.143670E+001   3.434942E+000   1.139399E+001   3.418197E+000   8.001754E+000   7.975794E+000   2.596042E-002
   37101      18     1.200000     1.240000   8.097833E+000   7.822151E-001   4.058034E+000   1.217410E+000   7.315618E+000   2.840624E+000   4.474994E+000
   37101      19     1.240000     1.280000   7.733813E+000   2.135659E+000   7.463381E+000   2.239014E+000   5.598154E+000   5.224366E+000   3.737877E-001
   37101      20     1.280000     1.340000   1.109154E+001   2.084084E+000   8.890827E+000   2.667248E+000   9.007459E+000   6.223579E+000   2.783880E+000
   37101      21     1.340000     1.420000   1.012492E+001   2.720286E+000   9.645300E+000   2.893590E+000   7.404635E+000   6.751710E+000   6.529248E-001
   37101      22     1.420000     1.460000   4.444646E+000   2.682356E-001   1.508191E+000   4.524573E-001   4.176410E+000   1.055734E+000   3.120676E+000
   37101      23     1.460000     1.490000   3.316959E+000   4.564770E-001   2.254202E+000   6.762607E-001   2.860482E+000   1.577942E+000   1.282540E+000
   37101      24     1.490000     1.520000   3.416012E+000   7.199742E-001   2.910012E+000   8.730037E-001   2.696037E+000   2.037009E+000   6.590288E-001
   37101      25     1.520000     1.680000   2.089115E+001   1.352411E+000   7.726878E+000   2.318063E+000   1.953874E+001   5.408814E+000   1.412992E+001
   37101      26     1.680000     1.740000   7.400301E+000   1.968847E+000   7.086804E+000   2.126041E+000   5.431454E+000   4.960763E+000   4.706911E-001
   37101      27     1.740000     1.820000   6.859941E+000   1.924023E+000   6.694273E+000   2.008282E+000   4.935918E+000   4.685991E+000   2.499276E-001
   37101      28     1.820000     1.940000   7.844991E+000   1.267312E+000   5.626639E+000   1.687992E+000   6.577679E+000   3.938647E+000   2.639032E+000
   37101      29     1.940000     2.200000   1.524385E+001   4.471446E-001   2.591094E+000   7.773281E-001   1.479671E+001   1.813766E+000   1.298294E+001
   37101      30     2.200000     2.300000   5.897529E+000   1.629888E+000   5.729438E+000   1.718831E+000   4.267640E+000   4.010606E+000   2.570339E-001
   37101      31     2.300000     2.450000   6.412228E+000   1.915516E+000   6.401615E+000   1.920484E+000   4.496712E+000   4.481130E+000   1.558229E-002
   37101      32     2.450000     2.550000   2.808749E+000   5.548020E-001   2.362482E+000   7.087445E-001   2.253947E+000   1.653737E+000   6.002101E-001
   37101      33     2.550000     2.650000   2.466453E+000   1.460520E-001   9.485193E-001   2.845558E-001   2.320401E+000   6.639635E-001   1.656438E+000
   37101      34     2.650000     2.900000   5.107089E+000   1.367288E-005   6.183967E-004   1.855190E-004   5.107075E+000   4.328777E-004   5.106643E+000
   37101      35     2.900000     3.200000   4.829501E+000   3.744302E-001   2.494642E+000   7.483926E-001   4.455071E+000   1.746249E+000   2.708821E+000
   37101      36     3.200000     3.500000   4.479548E+000   1.297307E+000   4.424727E+000   1.327418E+000   3.182241E+000   3.097309E+000   8.493173E-002
   37101      37     3.500000     3.900000   5.317470E+000   7.552757E-001   3.368632E+000   1.010590E+000   4.562195E+000   2.358042E+000   2.204152E+000
   37101      38     3.900000     5.500000   8.889375E+000   6.253652E-002   4.758473E-001   1.427542E-001   8.826839E+000   3.330931E-001   8.493746E+000
   37101      39     5.500000     6.500000   2.171822E+000   6.429172E-001   2.162003E+000   6.486009E-001   1.528904E+000   1.513402E+000   1.550231E-002
   37101      40     6.500000     7.000000   6.459457E-001   4.705467E-002   3.728332E-001   1.118500E-001   5.988911E-001   2.609832E-001   3.379078E-001
   37101      41     7.000000     9.000000   1.525571E+000   3.119387E-002   2.559176E-001   7.677529E-002   1.494377E+000   1.791424E-001   1.315235E+000
   37101      42     9.000000    20.000000   1.633159E+000   2.356866E-002   2.112478E-001   6.337435E-002   1.609590E+000   1.478735E-001   1.461717E+000
   37201       1     0.200000     0.300000   5.582456E-006   3.540013E-006   2.917776E-006   8.753329E-007   2.042443E-006   2.042443E-006  -9.500342E-015
   37201       2     0.300000     0.345000   2.557270E-003   1.374824E-003   1.689209E-003   5.067628E-004   1.182447E-003   1.182447E-003  -8.478979E-013
   37201       3     0.345000     0.385000   2.512764E-003   1.152240E-003   1.943607E-003   5.830820E-004   1.360525E-003   1.360525E-003   3.397626E-012
   37201       4     0.385000     0.420000   1.293223E-002   5.311610E-003   1.088660E-002   3.265979E-003   7.620618E-003   7.620618E-003   9.828683E-013
   37201       5     0.420000     0.450000   2.349464E-002   8.965829E-003   2.075544E-002   6.226633E-003   1.452881E-002   1.452881E-002   2.481279E-013
   37201       6     0.450000     0.500000   1.310848E-001   4.710132E-002   1.199763E-001   3.599290E-002   8.398344E-002   8.398344E-002   2.809197E-011
   37201       7     0.500000     0.550000   1.748537E-001   5.938044E-002   1.649618E-001   4.948854E-002   1.154733E-001   1.154733E-001  -2.171627E-011
   37201       8     0.550000     0.610000   2.295775E-001   7.513671E-002   2.206297E-001   6.618892E-002   1.544408E-001   1.544408E-001   7.826914E-011
   37201       9     0.610000     0.690000   5.693172E-001   1.805662E-001   5.553585E-001   1.666076E-001   3.887510E-001   3.887510E-001   9.575007E-011
   37201      10     0.690000     0.780000   2.472789E+000   7.671523E-001   2.436624E+000   7.309872E-001   1.705637E+000   1.705637E+000   2.456384E-010
   37201      11     0.780000     0.800000   1.063069E+000   3.229188E-001   1.046060E+000   3.138180E-001   7.401507E-001   7.322419E-001   7.908762E-003
   37201      12     0.800000     0.870000   5.878988E+000   1.800826E+000   5.823914E+000   1.747174E+000   4.078163E+000   4.076740E+000   1.423072E-003
   37201      13     0.870000     0.880000   8.736691E-001   2.597440E-001   8.573915E-001   2.572175E-001   6.139250E-001   6.001741E-001   1.375098E-002
   37201      14     0.880000     1.030000   2.249240E+001   6.829701E+000   2.237432E+001   6.712296E+000   1.566270E+001   1.566202E+001   6.796501E-004
   37201      15     1.030000     1.080000   9.248799E+000   2.417044E+000   8.563778E+000   2.569133E+000   6.831755E+000   5.994645E+000   8.371106E-001
   37201      16     1.080000     1.140000   1.173685E+001   3.469042E+000   1.161304E+001   3.483913E+000   8.267808E+000   8.129130E+000   1.386781E-001
   37201      17     1.140000     1.200000   1.143670E+001   3.434942E+000   1.139399E+001   3.418197E+000   8.001754E+000   7.975794E+000   2.596021E-002
   37201      18     1.200000     1.240000   8.097833E+000   7.824707E-001   4.058691E+000   1.217607E+000   7.315362E+000   2.841084E+000   4.474279E+000
   37201      19     1.240000     1.280000   7.733813E+000   2.135703E+000   7.463437E+000   2.239031E+000   5.598110E+000   5.224406E+000   3.737043E-001
   37201      20     1.280000     1.340000   1.109154E+001   2.084206E+000   8.890979E+000   2.667294E+000   9.007337E+000   6.223685E+000   2.783652E+000
   37201      21     1.340000     1.420000   1.012492E+001   2.720354E+000   9.645385E+000   2.893616E+000   7.404567E+000   6.751770E+000   6.527969E-001
   37201      22     1.420000     1.460000   4.444646E+000   2.683655E-001   1.508747E+000   4.526240E-001   4.176280E+000   1.056123E+000   3.120158E+000
   37201      23     1.460000     1.490000   3.316959E+000   4.566076E-001   2.254416E+000   6.763248E-001   2.860351E+000   1.578091E+000   1.282260E+000
   37201      24     1.490000     1.520000   3.416012E+000   7.200653E-001   2.910147E+000   8.730440E-001   2.695946E+000   2.037103E+000   6.588436E-001
   37201      25     1.520000     1.680000   2.089115E+001   1.353090E+000   7.729208E+000   2.318762E+000   1.953806E+001   5.410446E+000   1.412761E+001
   37201      26     1.680000     1.740000   7.400301E+000   1.968905E+000   7.086876E+000   2.126063E+000   5.431396E+000   4.960813E+000   4.705829E-001
   37201      27     1.740000     1.820000   6.859941E+000   1.924358E+000   6.694699E+000   2.008410E+000   4.935583E+000   4.686289E+000   2.492944E-001
   37201      28     1.820000     1.940000   7.844991E+000   1.267747E+000   5.627734E+000   1.688320E+000   6.577244E+000   3.939414E+000   2.637831E+000
   37201      29     1.940000     2.200000   1.524385E+001   4.473980E-001   2.591962E+000   7.775886E-001   1.479645E+001   1.814373E+000   1.298208E+001
   37201      30     2.200000     2.300000   5.897529E+000   1.629927E+000   5.729485E+000   1.718846E+000   4.267601E+000   4.010640E+000   2.569617E-001
   37201      31     2.300000     2.450000   6.412228E+000   1.915518E+000   6.401617E+000   1.920485E+000   4.496710E+000   4.481132E+000   1.557826E-002
   37201      32     2.450000     2.550000   2.808749E+000   5.549895E-001   2.362850E+000   7.088550E-001   2.253760E+000   1.653995E+000   5.997647E-001
   37201      33     2.550000     2.650000   2.466453E+000   1.460867E-001   9.487374E-001   2.846212E-001   2.320367E+000   6.641162E-001   1.656250E+000
   37201      34     2.650000     2.900000   5.107089E+000   1.367596E-005   6.257529E-004   1.877259E-004   5.107075E+000   4.380270E-004   5.106637E+000
   37201      35     2.900000     3.200000   4.829501E+000   3.747272E-001   2.495636E+000   7.486909E-001   4.454774E+000   1.746945E+000   2.707828E+000
   37201      36     3.200000     3.500000   4.479548E+000   1.297355E+000   4.424786E+000   1.327436E+000   3.182192E+000   3.097350E+000   8.484238E-002
   37201      37     3.500000     3.900000   5.317470E+000   7.553115E-001   3.368654E+000   1.010596E+000   4.562159E+000   2.358058E+000   2.204101E+000
   37201      38     3.900000     5.500000   8.889375E+000   6.260234E-002   4.761848E-001   1.428554E-001   8.826773E+000   3.333293E-001   8.493444E+000
   37201      39     5.500000     6.500000   2.171822E+000   6.429262E-001   2.162013E+000   6.486039E-001   1.528895E+000   1.513409E+000   1.548626E-002
   37201      40     6.500000     7.000000   6.459457E-001   4.703899E-002   3.727719E-001   1.118316E-001   5.989067E-001   2.609403E-001   3.379664E-001
   37201      41     7.000000     9.000000   1.525571E+000   3.121330E-002   2.559389E-001   7.678167E-002   1.494358E+000   1.791572E-001   1.315201E+000
   37201      42     9.000000    20.000000   1.633159E+000   2.366171E-002   2.116829E-001   6.350488E-002   1.609497E+000   1.481781E-001   1.461319E+000
   37301       1     0.200000     0.300000   5.582456E-006   3.540013E-006   2.917776E-006   8.753329E-007   2.042443E-006   2.042443E-006  -9.500342E-015
   37301       2     0.300000     0.345000   2.557270E-003   1.374824E-003   1.689209E-003   5.067628E-004   1.182447E-003   1.182447E-003  -8.478979E-013
   37301       3     0.345000     0.385000   2.512764E-003   1.152240E-003   1.943607E-003   5.830820E-004   1.360525E-003   1.360525E-003   3.397626E-012
   37301       4     0.385000     0.420000   1.293223E-002   5.311610E-003   1.088660E-002   3.265979E-003   7.620618E-003   7.620618E-003   1.949342E-012
   37301       5     0.420000     0.450000   2.349464E-002   8.965829E-003   2.075544E-002   6.226633E-003   1.452881E-002   1.452881E-002  -1.802180E-012
   37301       6     0.450000     0.500000   1.310848E-001   4.710132E-002   1.199763E-001   3.599290E-002   8.398344E-002   8.398344E-002   2.625401E-011
   37301       7     0.500000     0.550000   1.748537E-001   5.938044E-002   1.649618E-001   4.948854E-002   1.154733E-001   1.154733E-001  -3.191900E-011
   37301       8     0.550000     0.610000   2.295775E-001   7.513671E-002   2.206297E-001   6.618892E-002   1.544408E-001   1.544408E-001   5.636125E-011
   37301       9     0.610000     0.690000   5.693172E-001   1.805662E-001   5.553585E-001   1.666076E-001   3.887510E-001   3.887510E-001   7.665135E-011
   37301      10     0.690000     0.780000   2.472789E+000   7.671523E-001   2.436624E+000   7.309872E-001   1.705637E+000   1.705637E+000   1.578913E-010
   37301      11     0.780000     0.800000   1.063069E+000   3.229188E-001   1.046060E+000   3.138180E-001   7.401506E-001   7.322419E-001   7.908675E-003
   37301      12     0.800000     0.870000   5.878988E+000   1.800826E+000   5.823914E+000   1.747174E+000   4.078163E+000   4.076740E+000   1.423187E-003
   37301      13     0.870000     0.880000   8.736691E-001   2.597451E-001   8.573927E-001   2.572178E-001   6.139239E-001   6.001749E-001   1.374901E-002
   37301      14     0.880000     1.030000   2.249240E+001   6.829701E+000   2.237432E+001   6.712296E+000   1.566270E+001   1.566202E+001   6.794888E-004
   37301      15     1.030000     1.080000   9.248799E+000   2.417066E+000   8.563793E+000   2.569138E+000   6.831732E+000   5.994655E+000   8.370774E-001
   37301      16     1.080000     1.140000   1.173685E+001   3.469043E+000   1.161304E+001   3.483913E+000   8.267806E+000   8.129131E+000   1.386758E-001
   37301      17     1.140000     1.200000   1.143670E+001   3.434943E+000   1.139399E+001   3.418198E+000   8.001754E+000   7.975794E+000   2.596001E-002
   37301      18     1.200000     1.240000   8.097833E+000   7.827233E-001   4.059340E+000   1.217802E+000   7.315109E+000   2.841538E+000   4.473572E+000
   37301      19     1.240000     1.280000   7.733813E+000   2.135747E+000   7.463492E+000   2.239048E+000   5.598067E+000   5.224445E+000   3.736219E-001
   37301      20     1.280000     1.340000   1.109154E+001   2.084326E+000   8.891129E+000   2.667339E+000   9.007217E+000   6.223790E+000   2.783427E+000
   37301      21     1.340000     1.420000   1.012492E+001   2.720422E+000   9.645469E+000   2.893641E+000   7.404499E+000   6.751828E+000   6.526707E-001
   37301      22     1.420000     1.460000   4.444646E+000   2.684941E-001   1.509296E+000   4.527889E-001   4.176152E+000   1.056507E+000   3.119644E+000
   37301      23     1.460000     1.490000   3.316959E+000   4.567367E-001   2.254627E+000   6.763881E-001   2.860222E+000   1.578239E+000   1.281983E+000
   37301      24     1.490000     1.520000   3.416012E+000   7.201554E-001   2.910279E+000   8.730837E-001   2.695856E+000   2.037195E+000   6.586608E-001
   37301      25     1.520000     1.680000   2.089115E+001   1.353761E+000   7.731511E+000   2.319453E+000   1.953739E+001   5.412058E+000   1.412533E+001
   37301      26     1.680000     1.740000   7.400301E+000   1.968963E+000   7.086946E+000   2.126084E+000   5.431338E+000   4.960862E+000   4.704760E-001
   37301      27     1.740000     1.820000   6.859941E+000   1.924689E+000   6.695120E+000   2.008536E+000   4.935252E+000   4.686584E+000   2.486684E-001
   37301      28     1.820000     1.940000   7.844991E+000   1.268176E+000   5.628816E+000   1.688645E+000   6.576815E+000   3.940171E+000   2.636643E+000
   37301      29     1.940000     2.200000   1.524385E+001   4.476484E-001   2.592820E+000   7.778460E-001   1.479620E+001   1.814974E+000   1.298123E+001
   37301      30     2.200000     2.300000   5.897529E+000   1.629966E+000   5.729532E+000   1.718860E+000   4.267563E+000   4.010672E+000   2.568904E-001
   37301      31     2.300000     2.450000   6.412228E+000   1.915520E+000   6.401620E+000   1.920486E+000   4.496708E+000   4.481134E+000   1.557427E-002
   37301      32     2.450000     2.550000   2.808749E+000   5.551748E-001   2.363214E+000   7.089643E-001   2.253574E+000   1.654250E+000   5.993244E-001
   37301      33     2.550000     2.650000   2.466453E+000   1.461210E-001   9.489532E-001   2.846860E-001   2.320332E+000   6.642673E-001   1.656065E+000
   37301      34     2.650000     2.900000   5.107089E+000   1.367898E-005   6.331081E-004   1.899324E-004   5.107075E+000   4.431757E-004   5.106632E+000
   37301      35     2.900000     3.200000   4.829501E+000   3.750210E-001   2.496619E+000   7.489858E-001   4.454480E+000   1.747633E+000   2.706846E+000
   37301      36     3.200000     3.500000   4.479548E+000   1.297403E+000   4.424844E+000   1.327453E+000   3.182145E+000   3.097391E+000   8.475414E-002
   37301      37     3.500000     3.900000   5.317470E+000   7.553468E-001   3.368676E+000   1.010603E+000   4.562124E+000   2.358073E+000   2.204050E+000
   37301      38     3.900000     5.500000   8.889375E+000   6.266749E-002   4.765184E-001   1.429555E-001   8.826708E+000   3.335629E-001   8.493145E+000
   37301      39     5.500000     6.500000   2.171822E+000   6.429350E-001   2.162023E+000   6.486069E-001   1.528887E+000   1.513416E+000   1.547040E-002
   37301      40     6.500000     7.000000   6.459457E-001   4.702350E-002   3.727113E-001   1.118134E-001   5.989222E-001   2.608979E-001   3.380243E-001
   37301      41     7.000000     9.000000   1.525571E+000   3.123249E-002   2.559599E-001   7.678797E-002   1.494339E+000   1.791719E-001   1.315167E+000
   37301      42     9.000000    20.000000   1.633159E+000   2.375427E-002   2.121147E-001   6.363440E-002   1.609405E+000   1.484803E-001   1.460924E+000
   37401       1     0.200000     0.300000   5.582456E-006   3.540013E-006   2.917776E-006   8.753329E-007   2.042443E-006   2.042443E-006  -9.500342E-015
   37401       2     0.300000     0.345000   2.557270E-003   1.374824E-003   1.689209E-003   5.067628E-004   1.182447E-003   1.182447E-003  -8.478979E-013
   37401       3     0.345000     0.385000   2.512764E-003   1.152240E-003   1.943607E-003   5.830820E-004   1.360525E-003   1.360525E-003   3.397626E-012
   37401       4     0.385000     0.420000   1.293223E-002   5.311610E-003   1.088660E-002   3.265979E-003   7.620618E-003   7.620618E-003   1.949342E-012
   37401       5     0.420000     0.450000   2.349464E-002   8.965829E-003   2.075544E-002   6.226633E-003   1.452881E-002   1.452881E-002   6.262785E-013
   37401       6     0.450000     0.500000   1.310848E-001   4.710132E-002   1.199763E-001   3.599290E-002   8.398344E-002   8.398344E-002   1.864248E-011
   37401       7     0.500000     0.550000   1.748537E-001   5.938044E-002   1.649618E-001   4.948854E-002   1.154733E-001   1.154733E-001  -3.029589E-011
   37401       8     0.550000     0.610000   2.295775E-001   7.513671E-002   2.206297E-001   6.618892E-002   1.544408E-001   1.544408E-001   5.055048E-011
   37401       9     0.610000     0.690000   5.693172E-001   1.805662E-001   5.553585E-001   1.666076E-001   3.887510E-001   3.887510E-001   6.497397E-011
   37401      10     0.690000     0.780000   2.472789E+000   7.671523E-001   2.436624E+000   7.309872E-001   1.705637E+000   1.705637E+000   1.963749E-010
   37401      11     0.780000     0.800000   1.063069E+000   3.229189E-001   1.046060E+000   3.138180E-001   7.401506E-001   7.322420E-001   7.908589E-003
   37401      12     0.800000     0.870000   5.878988E+000   1.800826E+000   5.823914E+000   1.747174E+000   4.078163E+000   4.076740E+000   1.423301E-003
   37401      13     0.870000     0.880000   8.736691E-001   2.597462E-001   8.573940E-001   2.572182E-001   6.139229E-001   6.001758E-001   1.374707E-002
   37401      14     0.880000     1.030000   2.249240E+001   6.829701E+000   2.237432E+001   6.712296E+000   1.566270E+001   1.566202E+001   6.793294E-004
   37401      15     1.030000     1.080000   9.248799E+000   2.417089E+000   8.563808E+000   2.569142E+000   6.831710E+000   5.994665E+000   8.370446E-001
   37401      16     1.080000     1.140000   1.173685E+001   3.469045E+000   1.161305E+001   3.483914E+000   8.267805E+000   8.129132E+000   1.386736E-001
   37401      17     1.140000     1.200000   1.143670E+001   3.434943E+000   1.139399E+001   3.418198E+000   8.001754E+000   7.975794E+000   2.595981E-002
   37401      18     1.200000     1.240000   8.097833E+000   7.829731E-001   4.059981E+000   1.217994E+000   7.314860E+000   2.841987E+000   4.472873E+000
   37401      19     1.240000     1.280000   7.733813E+000   2.135790E+000   7.463547E+000   2.239064E+000   5.598024E+000   5.224483E+000   3.735406E-001
   37401      20     1.280000     1.340000   1.109154E+001   2.084445E+000   8.891277E+000   2.667383E+000   9.007098E+000   6.223894E+000   2.783204E+000
   37401      21     1.340000     1.420000   1.012492E+001   2.720489E+000   9.645552E+000   2.893665E+000   7.404432E+000   6.751886E+000   6.525460E-001
   37401      22     1.420000     1.460000   4.444646E+000   2.686214E-001   1.509841E+000   4.529522E-001   4.176024E+000   1.056888E+000   3.119136E+000
   37401      23     1.460000     1.490000   3.316959E+000   4.568643E-001   2.254835E+000   6.764506E-001   2.860095E+000   1.578385E+000   1.281710E+000
   37401      24     1.490000     1.520000   3.416012E+000   7.202443E-001   2.910410E+000   8.731230E-001   2.695767E+000   2.037287E+000   6.584802E-001
   37401      25     1.520000     1.680000   2.089115E+001   1.354425E+000   7.733788E+000   2.320136E+000   1.953672E+001   5.413652E+000   1.412307E+001
   37401      26     1.680000     1.740000   7.400301E+000   1.969020E+000   7.087016E+000   2.126105E+000   5.431282E+000   4.960911E+000   4.703705E-001
   37401      27     1.740000     1.820000   6.859941E+000   1.925017E+000   6.695536E+000   2.008661E+000   4.934925E+000   4.686875E+000   2.480493E-001
   37401      28     1.820000     1.940000   7.844991E+000   1.268602E+000   5.629887E+000   1.688966E+000   6.576390E+000   3.940921E+000   2.635469E+000
   37401      29     1.940000     2.200000   1.524385E+001   4.478961E-001   2.593668E+000   7.781005E-001   1.479595E+001   1.815568E+000   1.298039E+001
   37401      30     2.200000     2.300000   5.897529E+000   1.630004E+000   5.729578E+000   1.718873E+000   4.267525E+000   4.010705E+000   2.568201E-001
   37401      31     2.300000     2.450000   6.412228E+000   1.915522E+000   6.401622E+000   1.920487E+000   4.496706E+000   4.481135E+000   1.557034E-002
   37401      32     2.450000     2.550000   2.808749E+000   5.553581E-001   2.363575E+000   7.090724E-001   2.253391E+000   1.654502E+000   5.988890E-001
   37401      33     2.550000     2.650000   2.466453E+000   1.461549E-001   9.491669E-001   2.847501E-001   2.320298E+000   6.644168E-001   1.655882E+000
   37401      34     2.650000     2.900000   5.107089E+000   1.368196E-005   6.404645E-004   1.921393E-004   5.107075E+000   4.483251E-004   5.106627E+000
   37401      35     2.900000     3.200000   4.829501E+000   3.753117E-001   2.497592E+000   7.492775E-001   4.454189E+000   1.748314E+000   2.705875E+000
   37401      36     3.200000     3.500000   4.479548E+000   1.297450E+000   4.424902E+000   1.327470E+000   3.182098E+000   3.097431E+000   8.466695E-002
   37401      37     3.500000     3.900000   5.317470E+000   7.553816E-001   3.368698E+000   1.010609E+000   4.562089E+000   2.358089E+000   2.204000E+000
   37401      38     3.900000     5.500000   8.889375E+000   6.273200E-002   4.768485E-001   1.430546E-001   8.826643E+000   3.337940E-001   8.492849E+000
   37401      39     5.500000     6.500000   2.171822E+000   6.429438E-001   2.162033E+000   6.486099E-001   1.528878E+000   1.513423E+000   1.545477E-002
   37401      40     6.500000     7.000000   6.459457E-001   4.700810E-002   3.726511E-001   1.117953E-001   5.989376E-001   2.608558E-001   3.380819E-001
   37401      41     7.000000     9.000000   1.525571E+000   3.125160E-002   2.559809E-001   7.679426E-002   1.494319E+000   1.791866E-001   1.315133E+000
   37401      42     9.000000    20.000000   1.633159E+000   2.384639E-002   2.125433E-001   6.376298E-002   1.609313E+000   1.487803E-001   1.460532E+000
   37501       1     0.200000     0.300000   5.582456E-006   3.540013E-006   2.917776E-006   8.753329E-007   2.042443E-006   2.042443E-006  -9.500342E-015
   37501       2     0.300000     0.345000   2.557270E-003   1.374824E-003   1.689209E-003   5.067628E-004   1.182447E-003   1.182447E-003  -8.478979E-013
   37501       3     0.345000     0.385000   2.512764E-003   1.152240E-003   1.943607E-003   5.830820E-004   1.360525E-003   1.360525E-003   3.397626E-012
   37501       4     0.385000     0.420000   1.293223E-002   5.311610E-003   1.088660E-002   3.265979E-003   7.620618E-003   7.620618E-003   2.182130E-012
   37501       5     0.420000     0.450000   2.349464E-002   8.965829E-003   2.075544E-002   6.226633E-003   1.452881E-002   1.452881E-002   2.773825E-012
   37501       6     0.450000     0.500000   1.310848E-001   4.710132E-002   1.199763E-001   3.599290E-002   8.398344E-002   8.398344E-002   1.538596E-011
   37501       7     0.500000     0.550000   1.748537E-001   5.938044E-002   1.649618E-001   4.948854E-002   1.154733E-001   1.154733E-001  -2.729458E-011
   37501       8     0.550000     0.610000   2.295775E-001   7.513671E-002   2.206297E-001   6.618892E-002   1.544408E-001   1.544408E-001   3.642472E-011
   37501       9     0.610000     0.690000   5.693172E-001   1.805662E-001   5.553585E-001   1.666076E-001   3.887510E-001   3.887510E-001   4.537015E-011
   37501      10     0.690000     0.780000   2.472789E+000   7.671523E-001   2.436624E+000   7.309872E-001   1.705637E+000   1.705637E+000   5.323253E-011
   37501      11     0.780000     0.800000   1.063069E+000   3.229189E-001   1.046060E+000   3.138180E-001   7.401505E-001   7.322420E-001   7.908504E-003
   37501      12     0.800000     0.870000   5.878988E+000   1.800825E+000   5.823914E+000   1.747174E+000   4.078163E+000   4.076739E+000   1.423414E-003
   37501      13     0.870000     0.880000   8.736691E-001   2.597473E-001   8.573952E-001   2.572186E-001   6.139218E-001   6.001766E-001   1.374515E-002
   37501      14     0.880000     1.030000   2.249240E+001   6.829701E+000   2.237432E+001   6.712296E+000   1.566270E+001   1.566202E+001   6.791718E-004
   37501      15     1.030000     1.080000   9.248799E+000   2.417111E+000   8.563822E+000   2.569147E+000   6.831688E+000   5.994676E+000   8.370122E-001
   37501      16     1.080000     1.140000   1.173685E+001   3.469046E+000   1.161305E+001   3.483914E+000   8.267804E+000   8.129133E+000   1.386713E-001
   37501      17     1.140000     1.200000   1.143670E+001   3.434943E+000   1.139399E+001   3.418198E+000   8.001754E+000   7.975794E+000   2.595961E-002
   37501      18     1.200000     1.240000   8.097833E+000   7.832201E-001   4.060616E+000   1.218185E+000   7.314613E+000   2.842431E+000   4.472182E+000
   37501      19     1.240000     1.280000   7.733813E+000   2.135832E+000   7.463601E+000   2.239080E+000   5.597981E+000   5.224521E+000   3.734602E-001
   37501      20     1.280000     1.340000   1.109154E+001   2.084562E+000   8.891423E+000   2.667427E+000   9.006981E+000   6.223996E+000   2.782985E+000
   37501      21     1.340000     1.420000   1.012492E+001   2.720555E+000   9.645633E+000   2.893690E+000   7.404366E+000   6.751943E+000   6.524228E-001
   37501      22     1.420000     1.460000   4.444646E+000   2.687476E-001   1.510380E+000   4.531139E-001   4.175898E+000   1.057266E+000   3.118632E+000
   37501      23     1.460000     1.490000   3.316959E+000   4.569905E-001   2.255042E+000   6.765125E-001   2.859968E+000   1.578529E+000   1.281439E+000
   37501      24     1.490000     1.520000   3.416012E+000   7.203323E-001   2.910539E+000   8.731618E-001   2.695679E+000   2.037378E+000   6.583016E-001
   37501      25     1.520000     1.680000   2.089115E+001   1.355082E+000   7.736040E+000   2.320812E+000   1.953607E+001   5.415228E+000   1.412084E+001
   37501      26     1.680000     1.740000   7.400301E+000   1.969076E+000   7.087085E+000   2.126125E+000   5.431226E+000   4.960959E+000   4.702662E-001
   37501      27     1.740000     1.820000   6.859941E+000   1.925341E+000   6.695948E+000   2.008784E+000   4.934600E+000   4.687164E+000   2.474367E-001
   37501      28     1.820000     1.940000   7.844991E+000   1.269023E+000   5.630947E+000   1.689284E+000   6.575968E+000   3.941663E+000   2.634306E+000
   37501      29     1.940000     2.200000   1.524385E+001   4.481412E-001   2.594507E+000   7.783521E-001   1.479571E+001   1.816155E+000   1.297955E+001
   37501      30     2.200000     2.300000   5.897529E+000   1.630041E+000   5.729624E+000   1.718887E+000   4.267487E+000   4.010737E+000   2.567505E-001
   37501      31     2.300000     2.450000   6.412228E+000   1.915524E+000   6.401624E+000   1.920487E+000   4.496704E+000   4.481137E+000   1.556645E-002
   37501      32     2.450000     2.550000   2.808749E+000   5.555395E-001   2.363931E+000   7.091793E-001   2.253210E+000   1.654752E+000   5.984581E-001
   37501      33     2.550000     2.650000   2.466453E+000   1.461885E-001   9.493786E-001   2.848136E-001   2.320265E+000   6.645650E-001   1.655700E+000
   37501      34     2.650000     2.900000   5.107089E+000   1.368489E-005   6.478252E-004   1.943476E-004   5.107075E+000   4.534776E-004   5.106622E+000
   37501      35     2.900000     3.200000   4.829501E+000   3.755996E-001   2.498554E+000   7.495661E-001   4.453901E+000   1.748988E+000   2.704914E+000
   37501      36     3.200000     3.500000   4.479548E+000   1.297496E+000   4.424958E+000   1.327488E+000   3.182052E+000   3.097471E+000   8.458075E-002
   37501      37     3.500000     3.900000   5.317470E+000   7.554161E-001   3.368719E+000   1.010616E+000   4.562054E+000   2.358104E+000   2.203951E+000
   37501      38     3.900000     5.500000   8.889375E+000   6.279591E-002   4.771753E-001   1.431526E-001   8.826579E+000   3.340227E-001   8.492557E+000
   37501      39     5.500000     6.500000   2.171822E+000   6.429524E-001   2.162043E+000   6.486128E-001   1.528869E+000   1.513430E+000   1.543932E-002
   37501      40     6.500000     7.000000   6.459457E-001   4.699286E-002   3.725914E-001   1.117774E-001   5.989529E-001   2.608140E-001   3.381389E-001
   37501      41     7.000000     9.000000   1.525571E+000   3.127053E-002   2.560017E-001   7.680050E-002   1.494301E+000   1.792012E-001   1.315099E+000
   37501      42     9.000000    20.000000   1.633159E+000   2.393813E-002   2.129690E-001   6.389070E-002   1.609221E+000   1.490783E-001   1.460142E+000
   37601       1     0.200000     0.300000   5.582456E-006   3.540013E-006   2.917776E-006   8.753329E-007   2.042443E-006   2.042443E-006  -9.500342E-015
   37601       2     0.300000     0.345000   2.557270E-003   1.374824E-003   1.689209E-003   5.067628E-004   1.182447E-003   1.182447E-003  -8.478979E-013
   37601       3     0.345000     0.385000   2.512764E-003   1.152240E-003   1.943607E-003   5.830820E-004   1.360525E-003   1.360525E-003   3.397626E-012
   37601       4     0.385000     0.420000   1.293223E-002   5.311610E-003   1.088660E-002   3.265979E-003   7.620618E-003   7.620618E-003   2.182130E-012
   37601       5     0.420000     0.450000   2.349464E-002   8.965829E-003   2.075544E-002   6.226633E-003   1.452881E-002   1.452881E-002   2.574581E-012
   37601       6     0.450000     0.500000   1.310848E-001   4.710132E-002   1.199763E-001   3.599290E-002   8.398344E-002   8.398344E-002   1.478526E-011
   37601       7     0.500000     0.550000   1.748537E-001   5.938044E-002   1.649618E-001   4.948854E-002   1.154733E-001   1.154733E-001  -2.247132E-011
   37601       8     0.550000     0.610000   2.295775E-001   7.513671E-002   2.206297E-001   6.618892E-002   1.544408E-001   1.544408E-001   3.626088E-011
   37601       9     0.610000     0.690000   5.693172E-001   1.805662E-001   5.553585E-001   1.666076E-001   3.887510E-001   3.887510E-001   7.786494E-011
   37601      10     0.690000     0.780000   2.472789E+000   7.671523E-001   2.436624E+000   7.309872E-001   1.705637E+000   1.705637E+000   3.737788E-011
   37601      11     0.780000     0.800000   1.063069E+000   3.229190E-001   1.046060E+000   3.138180E-001   7.401505E-001   7.322420E-001   7.908420E-003
   37601      12     0.800000     0.870000   5.878988E+000   1.800825E+000   5.823913E+000   1.747174E+000   4.078163E+000   4.076739E+000   1.423525E-003
   37601      13     0.870000     0.880000   8.736691E-001   2.597483E-001   8.573964E-001   2.572189E-001   6.139207E-001   6.001775E-001   1.374325E-002
   37601      14     0.880000     1.030000   2.249240E+001   6.829701E+000   2.237432E+001   6.712296E+000   1.566270E+001   1.566202E+001   6.790160E-004
   37601      15     1.030000     1.080000   9.248799E+000   2.417133E+000   8.563837E+000   2.569151E+000   6.831666E+000   5.994686E+000   8.369802E-001
   37601      16     1.080000     1.140000   1.173685E+001   3.469047E+000   1.161305E+001   3.483914E+000   8.267803E+000   8.129133E+000   1.386691E-001
   37601      17     1.140000     1.200000   1.143670E+001   3.434943E+000   1.139399E+001   3.418198E+000   8.001754E+000   7.975794E+000   2.595942E-002
   37601      18     1.200000     1.240000   8.097833E+000   7.834646E-001   4.061243E+000   1.218373E+000   7.314368E+000   2.842870E+000   4.471498E+000
   37601      19     1.240000     1.280000   7.733813E+000   2.135874E+000   7.463655E+000   2.239096E+000   5.597939E+000   5.224558E+000   3.733808E-001
   37601      20     1.280000     1.340000   1.109154E+001   2.084678E+000   8.891568E+000   2.667470E+000   9.006865E+000   6.224097E+000   2.782767E+000
   37601      21     1.340000     1.420000   1.012492E+001   2.720620E+000   9.645714E+000   2.893714E+000   7.404301E+000   6.752000E+000   6.523010E-001
   37601      22     1.420000     1.460000   4.444646E+000   2.688727E-001   1.510914E+000   4.532742E-001   4.175773E+000   1.057640E+000   3.118133E+000
   37601      23     1.460000     1.490000   3.316959E+000   4.571154E-001   2.255246E+000   6.765737E-001   2.859843E+000   1.578672E+000   1.281171E+000
   37601      24     1.490000     1.520000   3.416012E+000   7.204193E-001   2.910667E+000   8.732002E-001   2.695592E+000   2.037467E+000   6.581251E-001
   37601      25     1.520000     1.680000   2.089115E+001   1.355732E+000   7.738269E+000   2.321481E+000   1.953542E+001   5.416788E+000   1.411863E+001
   37601      26     1.680000     1.740000   7.400301E+000   1.969131E+000   7.087153E+000   2.126146E+000   5.431170E+000   4.961007E+000   4.701631E-001
   37601      27     1.740000     1.820000   6.859941E+000   1.925662E+000   6.696356E+000   2.008907E+000   4.934280E+000   4.687449E+000   2.468304E-001
   37601      28     1.820000     1.940000   7.844991E+000   1.269440E+000   5.631996E+000   1.689599E+000   6.575551E+000   3.942397E+000   2.633154E+000
   37601      29     1.940000     2.200000   1.524385E+001   4.483838E-001   2.595337E+000   7.786012E-001   1.479547E+001   1.816736E+000   1.297873E+001
   37601      30     2.200000     2.300000   5.897529E+000   1.630079E+000   5.729669E+000   1.718901E+000   4.267450E+000   4.010768E+000   2.566818E-001
   37601      31     2.300000     2.450000   6.412228E+000   1.915527E+000   6.401627E+000   1.920488E+000   4.496701E+000   4.481139E+000   1.556261E-002
   37601      32     2.450000     2.550000   2.808749E+000   5.557191E-001   2.364284E+000   7.092851E-001   2.253030E+000   1.654999E+000   5.980316E-001
   37601      33     2.550000     2.650000   2.466453E+000   1.462217E-001   9.495883E-001   2.848765E-001   2.320232E+000   6.647118E-001   1.655520E+000
   37601      34     2.650000     2.900000   5.107089E+000   1.368778E-005   6.551921E-004   1.965576E-004   5.107075E+000   4.586344E-004   5.106617E+000
   37601      35     2.900000     3.200000   4.829501E+000   3.758846E-001   2.499506E+000   7.498519E-001   4.453616E+000   1.749654E+000   2.703962E+000
   37601      36     3.200000     3.500000   4.479548E+000   1.297542E+000   4.425015E+000   1.327504E+000   3.182006E+000   3.097510E+000   8.449549E-002
   37601      37     3.500000     3.900000   5.317470E+000   7.554502E-001   3.368741E+000   1.010622E+000   4.562020E+000   2.358118E+000   2.203902E+000
   37601      38     3.900000     5.500000   8.889375E+000   6.285924E-002   4.774988E-001   1.432496E-001   8.826516E+000   3.342491E-001   8.492267E+000
   37601      39     5.500000     6.500000   2.171822E+000   6.429609E-001   2.162052E+000   6.486157E-001   1.528861E+000   1.513437E+000   1.542403E-002
   37601      40     6.500000     7.000000   6.459457E-001   4.697779E-002   3.725324E-001   1.117597E-001   5.989679E-001   2.607727E-001   3.381953E-001
   37601      41     7.000000     9.000000   1.525571E+000   3.128924E-002   2.560223E-001   7.680668E-002   1.494282E+000   1.792156E-001   1.315066E+000
   37601      42     9.000000    20.000000   1.633159E+000   2.402950E-002   2.133920E-001   6.401759E-002   1.609129E+000   1.493744E-001   1.459755E+000
   37701       1     0.200000     0.300000   5.582456E-006   3.540013E-006   2.917776E-006   8.753329E-007   2.042443E-006   2.042443E-006  -9.500342E-015
   37701       2     0.300000     0.345000   2.557270E-003   1.374824E-003   1.689209E-003   5.067628E-004   1.182447E-003   1.182447E-003  -8.478979E-013
   37701       3     0.345000     0.385000   2.512764E-003   1.152240E-003   1.943607E-003   5.830820E-004   1.360525E-003   1.360525E-003   3.397626E-012
   37701       4     0.385000     0.420000   1.293223E-002   5.311610E-003   1.088660E-002   3.265979E-003   7.620618E-003   7.620618E-003   2.182130E-012
   37701       5     0.420000     0.450000   2.349464E-002   8.965829E-003   2.075544E-002   6.226633E-003   1.452881E-002   1.452881E-002   1.821033E-012
   37701       6     0.450000     0.500000   1.310848E-001   4.710132E-002   1.199763E-001   3.599290E-002   8.398344E-002   8.398344E-002   1.036371E-011
   37701       7     0.500000     0.550000   1.748537E-001   5.938044E-002   1.649618E-001   4.948854E-002   1.154733E-001   1.154733E-001  -2.103287E-011
   37701       8     0.550000     0.610000   2.295775E-001   7.513671E-002   2.206297E-001   6.618892E-002   1.544408E-001   1.544408E-001   2.891715E-011
   37701       9     0.610000     0.690000   5.693172E-001   1.805662E-001   5.553585E-001   1.666076E-001   3.887510E-001   3.887510E-001   6.055756E-011
   37701      10     0.690000     0.780000   2.472789E+000   7.671523E-001   2.436624E+000   7.309872E-001   1.705637E+000   1.705637E+000   1.410156E-010
   37701      11     0.780000     0.800000   1.063069E+000   3.229190E-001   1.046060E+000   3.138180E-001   7.401504E-001   7.322421E-001   7.908337E-003
   37701      12     0.800000     0.870000   5.878988E+000   1.800825E+000   5.823913E+000   1.747174E+000   4.078163E+000   4.076739E+000   1.423635E-003
   37701      13     0.870000     0.880000   8.736691E-001   2.597494E-001   8.573976E-001   2.572193E-001   6.139197E-001   6.001783E-001   1.374138E-002
   37701      14     0.880000     1.030000   2.249240E+001   6.829702E+000   2.237432E+001   6.712296E+000   1.566270E+001   1.566202E+001   6.788631E-004
   37701      15     1.030000     1.080000   9.248799E+000   2.417155E+000   8.563851E+000   2.569155E+000   6.831644E+000   5.994695E+000   8.369488E-001
   37701      16     1.080000     1.140000   1.173685E+001   3.469049E+000   1.161305E+001   3.483915E+000   8.267801E+000   8.129134E+000   1.386670E-001
   37701      17     1.140000     1.200000   1.143670E+001   3.434943E+000   1.139399E+001   3.418198E+000   8.001754E+000   7.975795E+000   2.595925E-002
   37701      18     1.200000     1.240000   8.097833E+000   7.837063E-001   4.061863E+000   1.218559E+000   7.314126E+000   2.843304E+000   4.470822E+000
   37701      19     1.240000     1.280000   7.733813E+000   2.135915E+000   7.463708E+000   2.239112E+000   5.597898E+000   5.224595E+000   3.733026E-001
   37701      20     1.280000     1.340000   1.109154E+001   2.084793E+000   8.891710E+000   2.667513E+000   9.006750E+000   6.224197E+000   2.782553E+000
   37701      21     1.340000     1.420000   1.012492E+001   2.720684E+000   9.645794E+000   2.893738E+000   7.404236E+000   6.752056E+000   6.521809E-001
   37701      22     1.420000     1.460000   4.444646E+000   2.689962E-001   1.511441E+000   4.534322E-001   4.175650E+000   1.058008E+000   3.117641E+000
   37701      23     1.460000     1.490000   3.316959E+000   4.572382E-001   2.255446E+000   6.766338E-001   2.859721E+000   1.578812E+000   1.280908E+000
   37701      24     1.490000     1.520000   3.416012E+000   7.205049E-001   2.910793E+000   8.732380E-001   2.695507E+000   2.037555E+000   6.579512E-001
   37701      25     1.520000     1.680000   2.089115E+001   1.356375E+000   7.740471E+000   2.322141E+000   1.953477E+001   5.418330E+000   1.411644E+001
   37701      26     1.680000     1.740000   7.400301E+000   1.969186E+000   7.087220E+000   2.126166E+000   5.431115E+000   4.961054E+000   4.700617E-001
   37701      27     1.740000     1.820000   6.859941E+000   1.925977E+000   6.696756E+000   2.009027E+000   4.933965E+000   4.687729E+000   2.462356E-001
   37701      28     1.820000     1.940000   7.844991E+000   1.269851E+000   5.633030E+000   1.689909E+000   6.575140E+000   3.943121E+000   2.632019E+000
   37701      29     1.940000     2.200000   1.524385E+001   4.486233E-001   2.596156E+000   7.788469E-001   1.479523E+001   1.817309E+000   1.297792E+001
   37701      30     2.200000     2.300000   5.897529E+000   1.630115E+000   5.729714E+000   1.718914E+000   4.267414E+000   4.010799E+000   2.566140E-001
   37701      31     2.300000     2.450000   6.412228E+000   1.915529E+000   6.401629E+000   1.920489E+000   4.496699E+000   4.481140E+000   1.555882E-002
   37701      32     2.450000     2.550000   2.808749E+000   5.558958E-001   2.364631E+000   7.093893E-001   2.252853E+000   1.655242E+000   5.976118E-001
   37701      33     2.550000     2.650000   2.466453E+000   1.462535E-001   9.497930E-001   2.849379E-001   2.320200E+000   6.648551E-001   1.655345E+000
   37701      34     2.650000     2.900000   5.107089E+000   1.369063E-005   6.625118E-004   1.987535E-004   5.107075E+000   4.637583E-004   5.106612E+000
   37701      35     2.900000     3.200000   4.829501E+000   3.761659E-001   2.500446E+000   7.501337E-001   4.453335E+000   1.750312E+000   2.703023E+000
   37701      36     3.200000     3.500000   4.479548E+000   1.297587E+000   4.425070E+000   1.327521E+000   3.181961E+000   3.097549E+000   8.441166E-002
   37701      37     3.500000     3.900000   5.317470E+000   7.554838E-001   3.368761E+000   1.010628E+000   4.561987E+000   2.358133E+000   2.203854E+000
   37701      38     3.900000     5.500000   8.889375E+000   6.292180E-002   4.778195E-001   1.433459E-001   8.826453E+000   3.344737E-001   8.491980E+000
   37701      39     5.500000     6.500000   2.171822E+000   6.429693E-001   2.162062E+000   6.486185E-001   1.528852E+000   1.513443E+000   1.540910E-002
   37701      40     6.500000     7.000000   6.459457E-001   4.696287E-002   3.724739E-001   1.117422E-001   5.989829E-001   2.607317E-001   3.382511E-001
   37701      41     7.000000     9.000000   1.525571E+000   3.130773E-002   2.560426E-001   7.681279E-002   1.494263E+000   1.792298E-001   1.315034E+000
   37701      42     9.000000    20.000000   1.633159E+000   2.411892E-002   2.138052E-001   6.414155E-002   1.609040E+000   1.496636E-001   1.459376E+000
   37801       1     0.200000     0.300000   5.582456E-006   3.540013E-006   2.917776E-006   8.753329E-007   2.042443E-006   2.042443E-006  -9.500342E-015
   37801       2     0.300000     0.345000   2.557270E-003   1.374824E-003   1.689209E-003   5.067628E-004   1.182447E-003   1.182447E-003  -8.478979E-013
   37801       3     0.345000     0.385000   2.512764E-003   1.152240E-003   1.943607E-003   5.830820E-004   1.360525E-003   1.360525E-003   3.397626E-012
   37801       4     0.385000     0.420000   1.293223E-002   5.311610E-003   1.088660E-002   3.265979E-003   7.620618E-003   7.620618E-003   8.380865E-013
   37801       5     0.420000     0.450000   2.349464E-002   8.965829E-003   2.075544E-002   6.226633E-003   1.452881E-002   1.452881E-002   6.211403E-013
   37801       6     0.450000     0.500000   1.310848E-001   4.710132E-002   1.199763E-001   3.599290E-002   8.398344E-002   8.398344E-002   2.570404E-011
   37801       7     0.500000     0.550000   1.748537E-001   5.938044E-002   1.649618E-001   4.948854E-002   1.154733E-001   1.154733E-001  -2.852257E-011
   37801       8     0.550000     0.610000   2.295775E-001   7.513671E-002   2.206297E-001   6.618892E-002   1.544408E-001   1.544408E-001   1.989939E-011
   37801       9     0.610000     0.690000   5.693172E-001   1.805662E-001   5.553585E-001   1.666076E-001   3.887510E-001   3.887510E-001   3.523376E-011
   37801      10     0.690000     0.780000   2.472789E+000   7.671523E-001   2.436624E+000   7.309872E-001   1.705637E+000   1.705637E+000   1.186609E-010
   37801      11     0.780000     0.800000   1.063069E+000   3.229190E-001   1.046060E+000   3.138180E-001   7.401504E-001   7.322421E-001   7.908256E-003
   37801      12     0.800000     0.870000   5.878988E+000   1.800825E+000   5.823913E+000   1.747174E+000   4.078163E+000   4.076739E+000   1.423743E-003
   37801      13     0.870000     0.880000   8.736691E-001   2.597504E-001   8.573987E-001   2.572196E-001   6.139187E-001   6.001791E-001   1.373953E-002
   37801      14     0.880000     1.030000   2.249240E+001   6.829702E+000   2.237432E+001   6.712296E+000   1.566270E+001   1.566202E+001   6.787123E-004
   37801      15     1.030000     1.080000   9.248799E+000   2.417176E+000   8.563865E+000   2.569159E+000   6.831623E+000   5.994705E+000   8.369177E-001
   37801      16     1.080000     1.140000   1.173685E+001   3.469050E+000   1.161305E+001   3.483915E+000   8.267800E+000   8.129135E+000   1.386649E-001
   37801      17     1.140000     1.200000   1.143670E+001   3.434943E+000   1.139399E+001   3.418198E+000   8.001754E+000   7.975795E+000   2.595909E-002
   37801      18     1.200000     1.240000   8.097833E+000   7.839457E-001   4.062478E+000   1.218743E+000   7.313887E+000   2.843734E+000   4.470153E+000
   37801      19     1.240000     1.280000   7.733813E+000   2.135956E+000   7.463760E+000   2.239128E+000   5.597857E+000   5.224632E+000   3.732254E-001
   37801      20     1.280000     1.340000   1.109154E+001   2.084906E+000   8.891851E+000   2.667555E+000   9.006636E+000   6.224296E+000   2.782340E+000
   37801      21     1.340000     1.420000   1.012492E+001   2.720748E+000   9.645872E+000   2.893762E+000   7.404173E+000   6.752111E+000   6.520622E-001
   37801      22     1.420000     1.460000   4.444646E+000   2.691185E-001   1.511962E+000   4.535886E-001   4.175527E+000   1.058373E+000   3.117154E+000
   37801      23     1.460000     1.490000   3.316959E+000   4.573594E-001   2.255644E+000   6.766931E-001   2.859600E+000   1.578951E+000   1.280649E+000
   37801      24     1.490000     1.520000   3.416012E+000   7.205895E-001   2.910918E+000   8.732754E-001   2.695422E+000   2.037643E+000   6.577795E-001
   37801      25     1.520000     1.680000   2.089115E+001   1.357011E+000   7.742652E+000   2.322795E+000   1.953414E+001   5.419856E+000   1.411428E+001
   37801      26     1.680000     1.740000   7.400301E+000   1.969240E+000   7.087286E+000   2.126186E+000   5.431062E+000   4.961100E+000   4.699617E-001
   37801      27     1.740000     1.820000   6.859941E+000   1.926287E+000   6.697150E+000   2.009145E+000   4.933654E+000   4.688005E+000   2.456491E-001
   37801      28     1.820000     1.940000   7.844991E+000   1.270258E+000   5.634053E+000   1.690216E+000   6.574733E+000   3.943837E+000   2.630896E+000
   37801      29     1.940000     2.200000   1.524385E+001   4.488603E-001   2.596966E+000   7.790899E-001   1.479499E+001   1.817877E+000   1.297711E+001
   37801      30     2.200000     2.300000   5.897529E+000   1.630151E+000   5.729757E+000   1.718927E+000   4.267377E+000   4.010830E+000   2.565471E-001
   37801      31     2.300000     2.450000   6.412228E+000   1.915531E+000   6.401632E+000   1.920489E+000   4.496697E+000   4.481142E+000   1.555508E-002
   37801      32     2.450000     2.550000   2.808749E+000   5.560703E-001   2.364974E+000   7.094922E-001   2.252679E+000   1.655482E+000   5.971972E-001
   37801      33     2.550000     2.650000   2.466453E+000   1.462845E-001   9.499944E-001   2.849983E-001   2.320169E+000   6.649961E-001   1.655173E+000
   37801      34     2.650000     2.900000   5.107089E+000   1.369345E-005   6.698148E-004   2.009444E-004   5.107075E+000   4.688704E-004   5.106607E+000
   37801      35     2.900000     3.200000   4.829501E+000   3.764442E-001   2.501375E+000   7.504124E-001   4.453057E+000   1.750962E+000   2.702094E+000
   37801      36     3.200000     3.500000   4.479548E+000   1.297632E+000   4.425124E+000   1.327537E+000   3.181916E+000   3.097587E+000   8.432893E-002
   37801      37     3.500000     3.900000   5.317470E+000   7.555170E-001   3.368782E+000   1.010634E+000   4.561953E+000   2.358147E+000   2.203806E+000
   37801      38     3.900000     5.500000   8.889375E+000   6.298377E-002   4.781377E-001   1.434413E-001   8.826391E+000   3.346964E-001   8.491695E+000
   37801      39     5.500000     6.500000   2.171822E+000   6.429775E-001   2.162071E+000   6.486213E-001   1.528844E+000   1.513450E+000   1.539441E-002
   37801      40     6.500000     7.000000   6.459457E-001   4.694810E-002   3.724160E-001   1.117248E-001   5.989976E-001   2.606912E-001   3.383064E-001
   37801      41     7.000000     9.000000   1.525571E+000   3.132603E-002   2.560628E-001   7.681884E-002   1.494245E+000   1.792440E-001   1.315001E+000
   37801      42     9.000000    20.000000   1.633159E+000   2.420718E-002   2.142122E-001   6.426365E-002   1.608952E+000   1.499485E-001   1.459003E+000
   37901       1     0.200000     0.300000   5.582456E-006   3.540013E-006   2.917776E-006   8.753329E-007   2.042443E-006   2.042443E-006  -9.500342E-015
   37901       2     0.300000     0.345000   2.557270E-003   1.374824E-003   1.689209E-003   5.067628E-004   1.182447E-003   1.182447E-003  -8.478979E-013
   37901       3     0.345000     0.385000   2.512764E-003   1.152240E-003   1.943607E-003   5.830820E-004   1.360525E-003   1.360525E-003   3.397626E-012
   37901       4     0.385000     0.420000   1.293223E-002   5.311610E-003   1.088660E-002   3.265979E-003   7.620618E-003   7.620618E-003   2.215710E-013
   37901       5     0.420000     0.450000   2.349464E-002   8.965829E-003   2.075544E-002   6.226633E-003   1.452881E-002   1.452881E-002  -8.378020E-014
   37901       6     0.450000     0.500000   1.310848E-001   4.710132E-002   1.199763E-001   3.599290E-002   8.398344E-002   8.398344E-002   3.293468E-011
   37901       7     0.500000     0.550000   1.748537E-001   5.938044E-002   1.649618E-001   4.948854E-002   1.154733E-001   1.154733E-001  -1.728731E-011
   37901       8     0.550000     0.610000   2.295775E-001   7.513671E-002   2.206297E-001   6.618892E-002   1.544408E-001   1.544408E-001   1.757852E-011
   37901       9     0.610000     0.690000   5.693172E-001   1.805662E-001   5.553585E-001   1.666076E-001   3.887510E-001   3.887510E-001   3.473016E-011
   37901      10     0.690000     0.780000   2.472789E+000   7.671523E-001   2.436624E+000   7.309872E-001   1.705637E+000   1.705637E+000   1.280114E-010
   37901      11     0.780000     0.800000   1.063069E+000   3.229191E-001   1.046060E+000   3.138181E-001   7.401503E-001   7.322421E-001   7.908175E-003
   37901      12     0.800000     0.870000   5.878988E+000   1.800825E+000   5.823913E+000   1.747174E+000   4.078163E+000   4.076739E+000   1.423851E-003
   37901      13     0.870000     0.880000   8.736691E-001   2.597514E-001   8.573999E-001   2.572200E-001   6.139176E-001   6.001799E-001   1.373770E-002
   37901      14     0.880000     1.030000   2.249240E+001   6.829702E+000   2.237432E+001   6.712296E+000   1.566270E+001   1.566202E+001   6.785629E-004
   37901      15     1.030000     1.080000   9.248799E+000   2.417197E+000   8.563878E+000   2.569163E+000   6.831602E+000   5.994715E+000   8.368870E-001
   37901      16     1.080000     1.140000   1.173685E+001   3.469051E+000   1.161305E+001   3.483916E+000   8.267799E+000   8.129136E+000   1.386628E-001
   37901      17     1.140000     1.200000   1.143670E+001   3.434943E+000   1.139399E+001   3.418198E+000   8.001754E+000   7.975795E+000   2.595893E-002
   37901      18     1.200000     1.240000   8.097833E+000   7.841830E-001   4.063086E+000   1.218926E+000   7.313650E+000   2.844161E+000   4.469489E+000
   37901      19     1.240000     1.280000   7.733813E+000   2.135997E+000   7.463811E+000   2.239143E+000   5.597817E+000   5.224668E+000   3.731490E-001
   37901      20     1.280000     1.340000   1.109154E+001   2.085019E+000   8.891991E+000   2.667597E+000   9.006524E+000   6.224394E+000   2.782130E+000
   37901      21     1.340000     1.420000   1.012492E+001   2.720811E+000   9.645950E+000   2.893785E+000   7.404110E+000   6.752165E+000   6.519446E-001
   37901      22     1.420000     1.460000   4.444646E+000   2.692399E-001   1.512479E+000   4.537438E-001   4.175406E+000   1.058735E+000   3.116670E+000
   37901      23     1.460000     1.490000   3.316959E+000   4.574795E-001   2.255840E+000   6.767519E-001   2.859479E+000   1.579088E+000   1.280392E+000
   37901      24     1.490000     1.520000   3.416012E+000   7.206733E-001   2.911041E+000   8.733124E-001   2.695338E+000   2.037729E+000   6.576093E-001
   37901      25     1.520000     1.680000   2.089115E+001   1.357642E+000   7.744813E+000   2.323444E+000   1.953351E+001   5.421369E+000   1.411214E+001
   37901      26     1.680000     1.740000   7.400301E+000   1.969293E+000   7.087351E+000   2.126205E+000   5.431008E+000   4.961146E+000   4.698626E-001
   37901      27     1.740000     1.820000   6.859941E+000   1.926595E+000   6.697541E+000   2.009262E+000   4.933346E+000   4.688279E+000   2.450675E-001
   37901      28     1.820000     1.940000   7.844991E+000   1.270661E+000   5.635068E+000   1.690520E+000   6.574330E+000   3.944547E+000   2.629782E+000
   37901      29     1.940000     2.200000   1.524385E+001   4.490953E-001   2.597770E+000   7.793309E-001   1.479475E+001   1.818439E+000   1.297632E+001
   37901      30     2.200000     2.300000   5.897529E+000   1.630187E+000   5.729801E+000   1.718940E+000   4.267342E+000   4.010861E+000   2.564808E-001
   37901      31     2.300000     2.450000   6.412228E+000   1.915533E+000   6.401634E+000   1.920490E+000   4.496695E+000   4.481144E+000   1.555138E-002
   37901      32     2.450000     2.550000   2.808749E+000   5.562435E-001   2.365314E+000   7.095942E-001   2.252506E+000   1.655720E+000   5.967861E-001
   37901      33     2.550000     2.650000   2.466453E+000   1.463152E-001   9.501943E-001   2.850583E-001   2.320138E+000   6.651360E-001   1.655002E+000
   37901      34     2.650000     2.900000   5.107089E+000   1.369623E-005   6.771341E-004   2.031402E-004   5.107075E+000   4.739939E-004   5.106601E+000
   37901      35     2.900000     3.200000   4.829501E+000   3.767204E-001   2.502296E+000   7.506888E-001   4.452781E+000   1.751607E+000   2.701173E+000
   37901      36     3.200000     3.500000   4.479548E+000   1.297676E+000   4.425178E+000   1.327553E+000   3.181872E+000   3.097625E+000   8.424695E-002
   37901      37     3.500000     3.900000   5.317470E+000   7.555499E-001   3.368802E+000   1.010640E+000   4.561921E+000   2.358161E+000   2.203759E+000
   37901      38     3.900000     5.500000   8.889375E+000   6.304530E-002   4.784534E-001   1.435360E-001   8.826330E+000   3.349174E-001   8.491413E+000
   37901      39     5.500000     6.500000   2.171822E+000   6.429856E-001   2.162080E+000   6.486241E-001   1.528836E+000   1.513456E+000   1.537983E-002
   37901      40     6.500000     7.000000   6.459457E-001   4.693348E-002   3.723587E-001   1.117076E-001   5.990123E-001   2.606511E-001   3.383612E-001
   37901      41     7.000000     9.000000   1.525571E+000   3.134416E-002   2.560828E-001   7.682484E-002   1.494227E+000   1.792580E-001   1.314969E+000
   37901      42     9.000000    20.000000   1.633159E+000   2.429522E-002   2.146173E-001   6.438518E-002   1.608864E+000   1.502321E-001   1.458632E+000
   38001       1     0.200000     0.300000   5.582456E-006   3.540013E-006   2.917776E-006   8.753329E-007   2.042443E-006   2.042443E-006  -9.500342E-015
   38001       2     0.300000     0.345000   2.557270E-003   1.374824E-003   1.689209E-003   5.067628E-004   1.182447E-003   1.182447E-003  -8.478979E-013
   38001       3     0.345000     0.385000   2.512764E-003   1.152240E-003   1.943607E-003   5.830820E-004   1.360525E-003   1.360525E-003   3.397626E-012
   38001       4     0.385000     0.420000   1.293223E-002   5.311610E-003   1.088660E-002   3.265979E-003   7.620618E-003   7.620618E-003   2.215710E-013
   38001       5     0.420000     0.450000   2.349464E-002   8.965829E-003   2.075544E-002   6.226633E-003   1.452881E-002   1.452881E-002  -6.524451E-013
   38001       6     0.450000     0.500000   1.310848E-001   4.710132E-002   1.199763E-001   3.599290E-002   8.398344E-002   8.398344E-002   3.812825E-011
   38001       7     0.500000     0.550000   1.748537E-001   5.938044E-002   1.649618E-001   4.948854E-002   1.154733E-001   1.154733E-001  -1.584932E-011
   38001       8     0.550000     0.610000   2.295775E-001   7.513671E-002   2.206297E-001   6.618892E-002   1.544408E-001   1.544408E-001   3.679790E-011
   38001       9     0.610000     0.690000   5.693172E-001   1.805662E-001   5.553585E-001   1.666076E-001   3.887510E-001   3.887510E-001   3.209721E-011
   38001      10     0.690000     0.780000   2.472789E+000   7.671523E-001   2.436624E+000   7.309872E-001   1.705637E+000   1.705637E+000   8.882761E-011
   38001      11     0.780000     0.800000   1.063069E+000   3.229191E-001   1.046060E+000   3.138181E-001   7.401503E-001   7.322422E-001   7.908095E-003
   38001      12     0.800000     0.870000   5.878988E+000   1.800825E+000   5.823913E+000   1.747174E+000   4.078163E+000   4.076739E+000   1.423958E-003
   38001      13     0.870000     0.880000   8.736691E-001   2.597524E-001   8.574010E-001   2.572203E-001   6.139166E-001   6.001807E-001   1.373589E-002
   38001      14     0.880000     1.030000   2.249240E+001   6.829702E+000   2.237432E+001   6.712296E+000   1.566270E+001   1.566202E+001   6.784148E-004
   38001      15     1.030000     1.080000   9.248799E+000   2.417218E+000   8.563892E+000   2.569168E+000   6.831581E+000   5.994724E+000   8.368565E-001
   38001      16     1.080000     1.140000   1.173685E+001   3.469052E+000   1.161305E+001   3.483916E+000   8.267798E+000   8.129137E+000   1.386607E-001
   38001      17     1.140000     1.200000   1.143670E+001   3.434943E+000   1.139399E+001   3.418198E+000   8.001754E+000   7.975795E+000   2.595878E-002
   38001      18     1.200000     1.240000   8.097833E+000   7.844183E-001   4.063690E+000   1.219107E+000   7.313414E+000   2.844583E+000   4.468832E+000
   38001      19     1.240000     1.280000   7.733813E+000   2.136037E+000   7.463862E+000   2.239159E+000   5.597777E+000   5.224704E+000   3.730733E-001
   38001      20     1.280000     1.340000   1.109154E+001   2.085130E+000   8.892130E+000   2.667639E+000   9.006413E+000   6.224491E+000   2.781922E+000
   38001      21     1.340000     1.420000   1.012492E+001   2.720874E+000   9.646027E+000   2.893808E+000   7.404047E+000   6.752219E+000   6.518282E-001
   38001      22     1.420000     1.460000   4.444646E+000   2.693605E-001   1.512993E+000   4.538978E-001   4.175285E+000   1.059095E+000   3.116190E+000
   38001      23     1.460000     1.490000   3.316959E+000   4.575986E-001   2.256034E+000   6.768101E-001   2.859360E+000   1.579224E+000   1.280137E+000
   38001      24     1.490000     1.520000   3.416012E+000   7.207564E-001   2.911163E+000   8.733490E-001   2.695255E+000   2.037814E+000   6.574408E-001
   38001      25     1.520000     1.680000   2.089115E+001   1.358267E+000   7.746956E+000   2.324087E+000   1.953288E+001   5.422869E+000   1.411001E+001
   38001      26     1.680000     1.740000   7.400301E+000   1.969346E+000   7.087416E+000   2.126225E+000   5.430956E+000   4.961191E+000   4.697645E-001
   38001      27     1.740000     1.820000   6.859941E+000   1.926900E+000   6.697929E+000   2.009379E+000   4.933041E+000   4.688550E+000   2.444909E-001
   38001      28     1.820000     1.940000   7.844991E+000   1.271062E+000   5.636074E+000   1.690822E+000   6.573929E+000   3.945251E+000   2.628678E+000
   38001      29     1.940000     2.200000   1.524385E+001   4.493283E-001   2.598566E+000   7.795697E-001   1.479452E+001   1.818996E+000   1.297553E+001
   38001      30     2.200000     2.300000   5.897529E+000   1.630223E+000   5.729844E+000   1.718953E+000   4.267306E+000   4.010891E+000   2.564151E-001
   38001      31     2.300000     2.450000   6.412228E+000   1.915535E+000   6.401636E+000   1.920491E+000   4.496693E+000   4.481145E+000   1.554771E-002
   38001      32     2.450000     2.550000   2.808749E+000   5.564151E-001   2.365651E+000   7.096953E-001   2.252334E+000   1.655956E+000   5.963783E-001
   38001      33     2.550000     2.650000   2.466453E+000   1.463457E-001   9.503927E-001   2.851178E-001   2.320108E+000   6.652749E-001   1.654833E+000
   38001      34     2.650000     2.900000   5.107089E+000   1.369898E-005   6.844680E-004   2.053404E-004   5.107075E+000   4.791276E-004   5.106596E+000
   38001      35     2.900000     3.200000   4.829501E+000   3.769944E-001   2.503210E+000   7.509630E-001   4.452507E+000   1.752247E+000   2.700260E+000
   38001      36     3.200000     3.500000   4.479548E+000   1.297720E+000   4.425232E+000   1.327570E+000   3.181828E+000   3.097662E+000   8.416573E-002
   38001      37     3.500000     3.900000   5.317470E+000   7.555824E-001   3.368822E+000   1.010646E+000   4.561888E+000   2.358175E+000   2.203713E+000
   38001      38     3.900000     5.500000   8.889375E+000   6.310637E-002   4.787665E-001   1.436299E-001   8.826269E+000   3.351365E-001   8.491132E+000
   38001      39     5.500000     6.500000   2.171822E+000   6.429937E-001   2.162089E+000   6.486268E-001   1.528828E+000   1.513463E+000   1.536537E-002
   38001      40     6.500000     7.000000   6.459457E-001   4.691901E-002   3.723019E-001   1.116906E-001   5.990267E-001   2.606113E-001   3.384154E-001
   38001      41     7.000000     9.000000   1.525571E+000   3.136214E-002   2.561027E-001   7.683080E-002   1.494209E+000   1.792719E-001   1.314937E+000
   38001      42     9.000000    20.000000   1.633159E+000   2.438301E-002   2.150203E-001   6.450609E-002   1.608776E+000   1.505142E-001   1.458262E+000
   38101       1     0.200000     0.300000   5.582456E-006   3.540013E-006   2.917776E-006   8.753329E-007   2.042443E-006   2.042443E-006  -9.500342E-015
   38101       2     0.300000     0.345000   2.557270E-003   1.374824E-003   1.689209E-003   5.067628E-004   1.182447E-003   1.182447E-003  -8.478979E-013
   38101       3     0.345000     0.385000   2.512764E-003   1.152240E-003   1.943607E-003   5.830820E-004   1.360525E-003   1.360525E-003   3.397626E-012
   38101       4     0.385000     0.420000   1.293223E-002   5.311610E-003   1.088660E-002   3.265979E-003   7.620618E-003   7.620618E-003  -6.249602E-014
   38101       5     0.420000     0.450000   2.349464E-002   8.965829E-003   2.075544E-002   6.226633E-003   1.452881E-002   1.452881E-002  -1.643885E-012
   38101       6     0.450000     0.500000   1.310848E-001   4.710132E-002   1.199763E-001   3.599290E-002   8.398344E-002   8.398344E-002   3.047063E-011
   38101       7     0.500000     0.550000   1.748537E-001   5.938044E-002   1.649618E-001   4.948854E-002   1.154733E-001   1.154733E-001  -5.629178E-012
   38101       8     0.550000     0.610000   2.295775E-001   7.513671E-002   2.206297E-001   6.618892E-002   1.544408E-001   1.544408E-001   3.391537E-011
   38101       9     0.610000     0.690000   5.693172E-001   1.805662E-001   5.553585E-001   1.666076E-001   3.887510E-001   3.887510E-001   1.811507E-011
   38101      10     0.690000     0.780000   2.472789E+000   7.671523E-001   2.436624E+000   7.309872E-001   1.705637E+000   1.705637E+000   1.529994E-010
   38101      11     0.780000     0.800000   1.063069E+000   3.229192E-001   1.046060E+000   3.138181E-001   7.401502E-001   7.322422E-001   7.908016E-003
   38101      12     0.800000     0.870000   5.878988E+000   1.800825E+000   5.823913E+000   1.747174E+000   4.078163E+000   4.076739E+000   1.424063E-003
   38101      13     0.870000     0.880000   8.736691E-001   2.597535E-001   8.574022E-001   2.572207E-001   6.139156E-001   6.001815E-001   1.373410E-002
   38101      14     0.880000     1.030000   2.249240E+001   6.829702E+000   2.237432E+001   6.712296E+000   1.566270E+001   1.566202E+001   6.782682E-004
   38101      15     1.030000     1.080000   9.248799E+000   2.417239E+000   8.563905E+000   2.569172E+000   6.831560E+000   5.994734E+000   8.368263E-001
   38101      16     1.080000     1.140000   1.173685E+001   3.469053E+000   1.161305E+001   3.483916E+000   8.267797E+000   8.129138E+000   1.386587E-001
   38101      17     1.140000     1.200000   1.143670E+001   3.434943E+000   1.139399E+001   3.418198E+000   8.001753E+000   7.975795E+000   2.595863E-002
   38101      18     1.200000     1.240000   8.097833E+000   7.846515E-001   4.064288E+000   1.219286E+000   7.313181E+000   2.845001E+000   4.468180E+000
   38101      19     1.240000     1.280000   7.733813E+000   2.136076E+000   7.463913E+000   2.239174E+000   5.597737E+000   5.224739E+000   3.729983E-001
   38101      20     1.280000     1.340000   1.109154E+001   2.085240E+000   8.892267E+000   2.667680E+000   9.006302E+000   6.224587E+000   2.781716E+000
   38101      21     1.340000     1.420000   1.012492E+001   2.720935E+000   9.646104E+000   2.893831E+000   7.403986E+000   6.752273E+000   6.517129E-001
   38101      22     1.420000     1.460000   4.444646E+000   2.694802E-001   1.513502E+000   4.540507E-001   4.175166E+000   1.059452E+000   3.115714E+000
   38101      23     1.460000     1.490000   3.316959E+000   4.577167E-001   2.256226E+000   6.768678E-001   2.859242E+000   1.579358E+000   1.279884E+000
   38101      24     1.490000     1.520000   3.416012E+000   7.208386E-001   2.911285E+000   8.733854E-001   2.695173E+000   2.037899E+000   6.572738E-001
   38101      25     1.520000     1.680000   2.089115E+001   1.358888E+000   7.749080E+000   2.324724E+000   1.953226E+001   5.424356E+000   1.410790E+001
   38101      26     1.680000     1.740000   7.400301E+000   1.969398E+000   7.087480E+000   2.126244E+000   5.430903E+000   4.961236E+000   4.696674E-001
   38101      27     1.740000     1.820000   6.859941E+000   1.927203E+000   6.698313E+000   2.009494E+000   4.932738E+000   4.688819E+000   2.439192E-001
   38101      28     1.820000     1.940000   7.844991E+000   1.271459E+000   5.637071E+000   1.691121E+000   6.573532E+000   3.945950E+000   2.627582E+000
   38101      29     1.940000     2.200000   1.524385E+001   4.495594E-001   2.599355E+000   7.798064E-001   1.479429E+001   1.819548E+000   1.297474E+001
   38101      30     2.200000     2.300000   5.897529E+000   1.630258E+000   5.729887E+000   1.718966E+000   4.267271E+000   4.010921E+000   2.563501E-001
   38101      31     2.300000     2.450000   6.412228E+000   1.915537E+000   6.401638E+000   1.920492E+000   4.496691E+000   4.481147E+000   1.554408E-002
   38101      32     2.450000     2.550000   2.808749E+000   5.565854E-001   2.365985E+000   7.097956E-001   2.252164E+000   1.656190E+000   5.959741E-001
   38101      33     2.550000     2.650000   2.466453E+000   1.463758E-001   9.505896E-001   2.851769E-001   2.320077E+000   6.654127E-001   1.654665E+000
   38101      34     2.650000     2.900000   5.107089E+000   1.370169E-005   6.918151E-004   2.075445E-004   5.107075E+000   4.842705E-004   5.106591E+000
   38101      35     2.900000     3.200000   4.829501E+000   3.772662E-001   2.504116E+000   7.512348E-001   4.452235E+000   1.752881E+000   2.699353E+000
   38101      36     3.200000     3.500000   4.479548E+000   1.297763E+000   4.425285E+000   1.327585E+000   3.181785E+000   3.097699E+000   8.408525E-002
   38101      37     3.500000     3.900000   5.317470E+000   7.556147E-001   3.368841E+000   1.010652E+000   4.561856E+000   2.358189E+000   2.203667E+000
   38101      38     3.900000     5.500000   8.889375E+000   6.316699E-002   4.790770E-001   1.437231E-001   8.826208E+000   3.353539E-001   8.490854E+000
   38101      39     5.500000     6.500000   2.171822E+000   6.430016E-001   2.162098E+000   6.486295E-001   1.528820E+000   1.513469E+000   1.535120E-002
   38101      40     6.500000     7.000000   6.459457E-001   4.690419E-002   3.722440E-001   1.116732E-001   5.990415E-001   2.605708E-001   3.384708E-001
   38101      41     7.000000     9.000000   1.525571E+000   3.137987E-002   2.561234E-001   7.683701E-002   1.494191E+000   1.792864E-001   1.314905E+000
   38101      42     9.000000    20.000000   1.633159E+000   2.447054E-002   2.154212E-001   6.462637E-002   1.608688E+000   1.507949E-001   1.457893E+000
   38201       1     0.200000     0.300000   5.582456E-006   3.540013E-006   2.917776E-006   8.753329E-007   2.042443E-006   2.042443E-006  -9.500342E-015
   38201       2     0.300000     0.345000   2.557270E-003   1.374824E-003   1.689209E-003   5.067628E-004   1.182447E-003   1.182447E-003  -8.478979E-013
   38201       3     0.345000     0.385000   2.512764E-003   1.152240E-003   1.943607E-003   5.830820E-004   1.360525E-003   1.360525E-003   3.397626E-012
   38201       4     0.385000     0.420000   1.293223E-002   5.311610E-003   1.088660E-002   3.265979E-003   7.620618E-003   7.620618E-003  -6.249602E-014
   38201       5     0.420000     0.450000   2.349464E-002   8.965829E-003   2.075544E-002   6.226633E-003   1.452881E-002   1.452881E-002  -1.124158E-012
   38201       6     0.450000     0.500000   1.310848E-001   4.710132E-002   1.199763E-001   3.599290E-002   8.398344E-002   8.398344E-002   2.692635E-011
   38201       7     0.500000     0.550000   1.748537E-001   5.938044E-002   1.649618E-001   4.948854E-002   1.154733E-001   1.154733E-001  -4.649212E-012
   38201       8     0.550000     0.610000   2.295775E-001   7.513671E-002   2.206297E-001   6.618892E-002   1.544408E-001   1.544408E-001   6.559681E-011
   38201       9     0.610000     0.690000   5.693172E-001   1.805662E-001   5.553585E-001   1.666076E-001   3.887510E-001   3.887510E-001   6.087897E-011
   38201      10     0.690000     0.780000   2.472789E+000   7.671523E-001   2.436624E+000   7.309872E-001   1.705637E+000   1.705637E+000   2.416156E-011
   38201      11     0.780000     0.800000   1.063069E+000   3.229192E-001   1.046060E+000   3.138181E-001   7.401502E-001   7.322422E-001   7.907937E-003
   38201      12     0.800000     0.870000   5.878988E+000   1.800825E+000   5.823913E+000   1.747174E+000   4.078163E+000   4.076739E+000   1.424168E-003
   38201      13     0.870000     0.880000   8.736691E-001   2.597544E-001   8.574033E-001   2.572210E-001   6.139146E-001   6.001823E-001   1.373232E-002
   38201      14     0.880000     1.030000   2.249240E+001   6.829702E+000   2.237432E+001   6.712296E+000   1.566270E+001   1.566202E+001   6.781229E-004
   38201      15     1.030000     1.080000   9.248799E+000   2.417259E+000   8.563919E+000   2.569176E+000   6.831540E+000   5.994743E+000   8.367965E-001
   38201      16     1.080000     1.140000   1.173685E+001   3.469054E+000   1.161306E+001   3.483917E+000   8.267796E+000   8.129139E+000   1.386567E-001
   38201      17     1.140000     1.200000   1.143670E+001   3.434943E+000   1.139399E+001   3.418198E+000   8.001753E+000   7.975795E+000   2.595848E-002
   38201      18     1.200000     1.240000   8.097833E+000   7.848828E-001   4.064880E+000   1.219464E+000   7.312950E+000   2.845416E+000   4.467534E+000
   38201      19     1.240000     1.280000   7.733813E+000   2.136115E+000   7.463963E+000   2.239189E+000   5.597698E+000   5.224774E+000   3.729240E-001
   38201      20     1.280000     1.340000   1.109154E+001   2.085350E+000   8.892402E+000   2.667721E+000   9.006193E+000   6.224682E+000   2.781511E+000
   38201      21     1.340000     1.420000   1.012492E+001   2.720997E+000   9.646179E+000   2.893854E+000   7.403924E+000   6.752326E+000   6.515987E-001
   38201      22     1.420000     1.460000   4.444646E+000   2.695990E-001   1.514008E+000   4.542025E-001   4.175047E+000   1.059806E+000   3.115241E+000
   38201      23     1.460000     1.490000   3.316959E+000   4.578337E-001   2.256417E+000   6.769250E-001   2.859125E+000   1.579492E+000   1.279633E+000
   38201      24     1.490000     1.520000   3.416012E+000   7.209202E-001   2.911404E+000   8.734213E-001   2.695091E+000   2.037983E+000   6.571083E-001
   38201      25     1.520000     1.680000   2.089115E+001   1.359503E+000   7.751186E+000   2.325356E+000   1.953165E+001   5.425830E+000   1.410581E+001
   38201      26     1.680000     1.740000   7.400301E+000   1.969450E+000   7.087543E+000   2.126263E+000   5.430851E+000   4.961280E+000   4.695711E-001
   38201      27     1.740000     1.820000   6.859941E+000   1.927504E+000   6.698693E+000   2.009608E+000   4.932438E+000   4.689085E+000   2.433522E-001
   38201      28     1.820000     1.940000   7.844991E+000   1.271854E+000   5.638061E+000   1.691418E+000   6.573137E+000   3.946642E+000   2.626495E+000
   38201      29     1.940000     2.200000   1.524385E+001   4.497886E-001   2.600137E+000   7.800411E-001   1.479406E+001   1.820096E+000   1.297397E+001
   38201      30     2.200000     2.300000   5.897529E+000   1.630293E+000   5.729929E+000   1.718979E+000   4.267236E+000   4.010950E+000   2.562857E-001
   38201      31     2.300000     2.450000   6.412228E+000   1.915539E+000   6.401641E+000   1.920492E+000   4.496689E+000   4.481149E+000   1.554048E-002
   38201      32     2.450000     2.550000   2.808749E+000   5.567543E-001   2.366317E+000   7.098951E-001   2.251995E+000   1.656422E+000   5.955731E-001
   38201      33     2.550000     2.650000   2.466453E+000   1.464058E-001   9.507849E-001   2.852355E-001   2.320048E+000   6.655495E-001   1.654498E+000
   38201      34     2.650000     2.900000   5.107089E+000   1.370438E-005   6.991762E-004   2.097529E-004   5.107075E+000   4.894233E-004   5.106586E+000
   38201      35     2.900000     3.200000   4.829501E+000   3.775359E-001   2.505015E+000   7.515044E-001   4.451965E+000   1.753510E+000   2.698455E+000
   38201      36     3.200000     3.500000   4.479548E+000   1.297806E+000   4.425337E+000   1.327601E+000   3.181742E+000   3.097736E+000   8.400550E-002
   38201      37     3.500000     3.900000   5.317470E+000   7.556467E-001   3.368861E+000   1.010658E+000   4.561824E+000   2.358203E+000   2.203621E+000
   38201      38     3.900000     5.500000   8.889375E+000   6.322718E-002   4.793851E-001   1.438155E-001   8.826148E+000   3.355696E-001   8.490578E+000
   38201      39     5.500000     6.500000   2.171822E+000   6.430095E-001   2.162107E+000   6.486321E-001   1.528812E+000   1.513475E+000   1.533721E-002
   38201      40     6.500000     7.000000   6.459457E-001   4.688937E-002   3.721861E-001   1.116558E-001   5.990564E-001   2.605303E-001   3.385261E-001
   38201      41     7.000000     9.000000   1.525571E+000   3.139741E-002   2.561441E-001   7.684323E-002   1.494174E+000   1.793009E-001   1.314873E+000
   38201      42     9.000000    20.000000   1.633159E+000   2.455783E-002   2.158202E-001   6.474605E-002   1.608601E+000   1.510741E-001   1.457527E+000
   38301       1     0.200000     0.300000   5.582456E-006   3.540013E-006   2.917776E-006   8.753329E-007   2.042443E-006   2.042443E-006  -9.500342E-015
   38301       2     0.300000     0.345000   2.557270E-003   1.374824E-003   1.689209E-003   5.067628E-004   1.182447E-003   1.182447E-003  -8.478979E-013
   38301       3     0.345000     0.385000   2.512764E-003   1.152240E-003   1.943607E-003   5.830820E-004   1.360525E-003   1.360525E-003   3.397626E-012
   38301       4     0.385000     0.420000   1.293223E-002   5.311610E-003   1.088660E-002   3.265979E-003   7.620618E-003   7.620618E-003   4.925591E-013
   38301       5     0.420000     0.450000   2.349464E-002   8.965829E-003   2.075544E-002   6.226633E-003   1.452881E-002   1.452881E-002  -2.044993E-012
   38301       6     0.450000     0.500000   1.310848E-001   4.710132E-002   1.199763E-001   3.599290E-002   8.398344E-002   8.398344E-002   2.252544E-011
   38301       7     0.500000     0.550000   1.748537E-001   5.938044E-002   1.649618E-001   4.948854E-002   1.154733E-001   1.154733E-001   1.178779E-012
   38301       8     0.550000     0.610000   2.295775E-001   7.513671E-002   2.206297E-001   6.618892E-002   1.544408E-001   1.544408E-001   2.967709E-011
   38301       9     0.610000     0.690000   5.693172E-001   1.805662E-001   5.553585E-001   1.666076E-001   3.887510E-001   3.887510E-001   5.887762E-011
   38301      10     0.690000     0.780000   2.472789E+000   7.671523E-001   2.436624E+000   7.309872E-001   1.705637E+000   1.705637E+000  -6.535217E-012
   38301      11     0.780000     0.800000   1.063069E+000   3.229193E-001   1.046060E+000   3.138181E-001   7.401501E-001   7.322423E-001   7.907859E-003
   38301      12     0.800000     0.870000   5.878988E+000   1.800825E+000   5.823913E+000   1.747174E+000   4.078163E+000   4.076739E+000   1.424271E-003
   38301      13     0.870000     0.880000   8.736691E-001   2.597554E-001   8.574044E-001   2.572213E-001   6.139136E-001   6.001831E-001   1.373056E-002
   38301      14     0.880000     1.030000   2.249240E+001   6.829702E+000   2.237432E+001   6.712296E+000   1.566270E+001   1.566202E+001   6.779789E-004
   38301      15     1.030000     1.080000   9.248799E+000   2.417280E+000   8.563932E+000   2.569180E+000   6.831519E+000   5.994752E+000   8.367669E-001
   38301      16     1.080000     1.140000   1.173685E+001   3.469056E+000   1.161306E+001   3.483917E+000   8.267794E+000   8.129140E+000   1.386547E-001
   38301      17     1.140000     1.200000   1.143670E+001   3.434944E+000   1.139399E+001   3.418198E+000   8.001753E+000   7.975795E+000   2.595834E-002
   38301      18     1.200000     1.240000   8.097833E+000   7.851122E-001   4.065468E+000   1.219640E+000   7.312721E+000   2.845827E+000   4.466893E+000
   38301      19     1.240000     1.280000   7.733813E+000   2.136154E+000   7.464012E+000   2.239204E+000   5.597659E+000   5.224809E+000   3.728504E-001
   38301      20     1.280000     1.340000   1.109154E+001   2.085458E+000   8.892537E+000   2.667761E+000   9.006085E+000   6.224776E+000   2.781309E+000
   38301      21     1.340000     1.420000   1.012492E+001   2.721057E+000   9.646254E+000   2.893876E+000   7.403864E+000   6.752378E+000   6.514854E-001
   38301      22     1.420000     1.460000   4.444646E+000   2.697171E-001   1.514511E+000   4.543533E-001   4.174929E+000   1.060158E+000   3.114771E+000
   38301      23     1.460000     1.490000   3.316959E+000   4.579498E-001   2.256606E+000   6.769818E-001   2.859009E+000   1.579624E+000   1.279385E+000
   38301      24     1.490000     1.520000   3.416012E+000   7.210010E-001   2.911523E+000   8.734570E-001   2.695011E+000   2.038066E+000   6.569443E-001
   38301      25     1.520000     1.680000   2.089115E+001   1.360113E+000   7.753275E+000   2.325983E+000   1.953103E+001   5.427293E+000   1.410374E+001
   38301      26     1.680000     1.740000   7.400301E+000   1.969501E+000   7.087606E+000   2.126282E+000   5.430800E+000   4.961324E+000   4.694757E-001
   38301      27     1.740000     1.820000   6.859941E+000   1.927802E+000   6.699071E+000   2.009721E+000   4.932140E+000   4.689350E+000   2.427897E-001
   38301      28     1.820000     1.940000   7.844991E+000   1.272245E+000   5.639042E+000   1.691713E+000   6.572746E+000   3.947330E+000   2.625416E+000
   38301      29     1.940000     2.200000   1.524385E+001   4.500161E-001   2.600913E+000   7.802739E-001   1.479383E+001   1.820639E+000   1.297319E+001
   38301      30     2.200000     2.300000   5.897529E+000   1.630327E+000   5.729971E+000   1.718991E+000   4.267202E+000   4.010980E+000   2.562218E-001
   38301      31     2.300000     2.450000   6.412228E+000   1.915541E+000   6.401643E+000   1.920493E+000   4.496687E+000   4.481150E+000   1.553691E-002
   38301      32     2.450000     2.550000   2.808749E+000   5.569219E-001   2.366646E+000   7.099937E-001   2.251827E+000   1.656652E+000   5.951753E-001
   38301      33     2.550000     2.650000   2.466453E+000   1.464354E-001   9.509790E-001   2.852937E-001   2.320018E+000   6.656853E-001   1.654333E+000
   38301      34     2.650000     2.900000   5.107089E+000   1.370704E-005   7.065543E-004   2.119663E-004   5.107075E+000   4.945880E-004   5.106581E+000
   38301      35     2.900000     3.200000   4.829501E+000   3.778037E-001   2.505907E+000   7.517720E-001   4.451697E+000   1.754135E+000   2.697563E+000
   38301      36     3.200000     3.500000   4.479548E+000   1.297849E+000   4.425389E+000   1.327617E+000   3.181699E+000   3.097773E+000   8.392644E-002
   38301      37     3.500000     3.900000   5.317470E+000   7.556783E-001   3.368880E+000   1.010664E+000   4.561792E+000   2.358216E+000   2.203576E+000
   38301      38     3.900000     5.500000   8.889375E+000   6.328697E-002   4.796909E-001   1.439073E-001   8.826088E+000   3.357836E-001   8.490305E+000
   38301      39     5.500000     6.500000   2.171822E+000   6.430172E-001   2.162116E+000   6.486347E-001   1.528804E+000   1.513481E+000   1.532333E-002
   38301      40     6.500000     7.000000   6.459457E-001   4.687467E-002   3.721287E-001   1.116386E-001   5.990711E-001   2.604901E-001   3.385809E-001
   38301      41     7.000000     9.000000   1.525571E+000   3.141479E-002   2.561647E-001   7.684940E-002   1.494156E+000   1.793153E-001   1.314841E+000
   38301      42     9.000000    20.000000   1.633159E+000   2.464491E-002   2.162173E-001   6.486518E-002   1.608514E+000   1.513521E-001   1.457162E+000
   38401       1     0.200000     0.300000   5.582456E-006   3.540013E-006   2.917776E-006   8.753329E-007   2.042443E-006   2.042443E-006  -9.500342E-015
   38401       2     0.300000     0.345000   2.557270E-003   1.374824E-003   1.689209E-003   5.067628E-004   1.182447E-003   1.182447E-003  -8.478979E-013
   38401       3     0.345000     0.385000   2.512764E-003   1.152240E-003   1.943607E-003   5.830820E-004   1.360525E-003   1.360525E-003   3.397626E-012
   38401       4     0.385000     0.420000   1.293223E-002   5.311610E-003   1.088660E-002   3.265979E-003   7.620618E-003   7.620618E-003  -1.232308E-012
   38401       5     0.420000     0.450000   2.349464E-002   8.965829E-003   2.075544E-002   6.226633E-003   1.452881E-002   1.452881E-002  -2.396394E-012
   38401       6     0.450000     0.500000   1.310848E-001   4.710132E-002   1.199763E-001   3.599290E-002   8.398344E-002   8.398344E-002   2.680177E-011
   38401       7     0.500000     0.550000   1.748537E-001   5.938044E-002   1.649618E-001   4.948854E-002   1.154733E-001   1.154733E-001   3.791870E-012
   38401       8     0.550000     0.610000   2.295775E-001   7.513671E-002   2.206297E-001   6.618892E-002   1.544408E-001   1.544408E-001   2.110867E-011
   38401       9     0.610000     0.690000   5.693172E-001   1.805662E-001   5.553585E-001   1.666076E-001   3.887510E-001   3.887510E-001   6.621376E-011
   38401      10     0.690000     0.780000   2.472789E+000   7.671523E-001   2.436624E+000   7.309872E-001   1.705637E+000   1.705637E+000  -4.020251E-011
   38401      11     0.780000     0.800000   1.063069E+000   3.229193E-001   1.046060E+000   3.138181E-001   7.401501E-001   7.322423E-001   7.907782E-003
   38401      12     0.800000     0.870000   5.878988E+000   1.800825E+000   5.823913E+000   1.747174E+000   4.078163E+000   4.076739E+000   1.424374E-003
   38401      13     0.870000     0.880000   8.736691E-001   2.597564E-001   8.574055E-001   2.572217E-001   6.139127E-001   6.001839E-001   1.372881E-002
   38401      14     0.880000     1.030000   2.249240E+001   6.829702E+000   2.237432E+001   6.712296E+000   1.566270E+001   1.566203E+001   6.778361E-004
   38401      15     1.030000     1.080000   9.248799E+000   2.417300E+000   8.563945E+000   2.569183E+000   6.831499E+000   5.994761E+000   8.367376E-001
   38401      16     1.080000     1.140000   1.173685E+001   3.469057E+000   1.161306E+001   3.483917E+000   8.267793E+000   8.129141E+000   1.386527E-001
   38401      17     1.140000     1.200000   1.143670E+001   3.434944E+000   1.139399E+001   3.418198E+000   8.001753E+000   7.975795E+000   2.595819E-002
   38401      18     1.200000     1.240000   8.097833E+000   7.853398E-001   4.066051E+000   1.219815E+000   7.312493E+000   2.846235E+000   4.466258E+000
   38401      19     1.240000     1.280000   7.733813E+000   2.136193E+000   7.464062E+000   2.239218E+000   5.597621E+000   5.224843E+000   3.727774E-001
   38401      20     1.280000     1.340000   1.109154E+001   2.085565E+000   8.892671E+000   2.667801E+000   9.005977E+000   6.224869E+000   2.781108E+000
   38401      21     1.340000     1.420000   1.012492E+001   2.721118E+000   9.646329E+000   2.893899E+000   7.403803E+000   6.752430E+000   6.513732E-001
   38401      22     1.420000     1.460000   4.444646E+000   2.698345E-001   1.515010E+000   4.545030E-001   4.174811E+000   1.060507E+000   3.114304E+000
   38401      23     1.460000     1.490000   3.316959E+000   4.580649E-001   2.256793E+000   6.770380E-001   2.858894E+000   1.579755E+000   1.279139E+000
   38401      24     1.490000     1.520000   3.416012E+000   7.210811E-001   2.911641E+000   8.734923E-001   2.694930E+000   2.038149E+000   6.567816E-001
   38401      25     1.520000     1.680000   2.089115E+001   1.360719E+000   7.755348E+000   2.326604E+000   1.953043E+001   5.428744E+000   1.410169E+001
   38401      26     1.680000     1.740000   7.400301E+000   1.969552E+000   7.087669E+000   2.126301E+000   5.430749E+000   4.961368E+000   4.693811E-001
   38401      27     1.740000     1.820000   6.859941E+000   1.928097E+000   6.699446E+000   2.009834E+000   4.931844E+000   4.689612E+000   2.422317E-001
   38401      28     1.820000     1.940000   7.844991E+000   1.272634E+000   5.640017E+000   1.692005E+000   6.572357E+000   3.948012E+000   2.624345E+000
   38401      29     1.940000     2.200000   1.524385E+001   4.502417E-001   2.601683E+000   7.805049E-001   1.479361E+001   1.821178E+000   1.297243E+001
   38401      30     2.200000     2.300000   5.897529E+000   1.630361E+000   5.730013E+000   1.719004E+000   4.267167E+000   4.011009E+000   2.561585E-001
   38401      31     2.300000     2.450000   6.412228E+000   1.915543E+000   6.401645E+000   1.920494E+000   4.496685E+000   4.481152E+000   1.553338E-002
   38401      32     2.450000     2.550000   2.808749E+000   5.570882E-001   2.366972E+000   7.100916E-001   2.251661E+000   1.656880E+000   5.947806E-001
   38401      33     2.550000     2.650000   2.466453E+000   1.464648E-001   9.511716E-001   2.853515E-001   2.319989E+000   6.658201E-001   1.654168E+000
   38401      34     2.650000     2.900000   5.107089E+000   1.370968E-005   7.139486E-004   2.141846E-004   5.107075E+000   4.997640E-004   5.106576E+000
   38401      35     2.900000     3.200000   4.829501E+000   3.780695E-001   2.506792E+000   7.520375E-001   4.451431E+000   1.754754E+000   2.696677E+000
   38401      36     3.200000     3.500000   4.479548E+000   1.297891E+000   4.425441E+000   1.327632E+000   3.181657E+000   3.097809E+000   8.384804E-002
   38401      37     3.500000     3.900000   5.317470E+000   7.557097E-001   3.368899E+000   1.010670E+000   4.561761E+000   2.358230E+000   2.203531E+000
   38401      38     3.900000     5.500000   8.889375E+000   6.334635E-002   4.799945E-001   1.439983E-001   8.826029E+000   3.359961E-001   8.490033E+000
   38401      39     5.500000     6.500000   2.171822E+000   6.430249E-001   2.162124E+000   6.486373E-001   1.528797E+000   1.513487E+000   1.530957E-002
   38401      40     6.500000     7.000000   6.459457E-001   4.686009E-002   3.720718E-001   1.116215E-001   5.990856E-001   2.604503E-001   3.386354E-001
   38401      41     7.000000     9.000000   1.525571E+000   3.143203E-002   2.561851E-001   7.685552E-002   1.494139E+000   1.793296E-001   1.314809E+000
   38401      42     9.000000    20.000000   1.633159E+000   2.473177E-002   2.166125E-001   6.498376E-002   1.608427E+000   1.516288E-001   1.456798E+000
   38501       1     0.200000     0.300000   5.582456E-006   3.540013E-006   2.917776E-006   8.753329E-007   2.042443E-006   2.042443E-006  -9.500342E-015
   38501       2     0.300000     0.345000   2.557270E-003   1.374824E-003   1.689209E-003   5.067628E-004   1.182447E-003   1.182447E-003  -8.478979E-013
   38501       3     0.345000     0.385000   2.512764E-003   1.152240E-003   1.943607E-003   5.830820E-004   1.360525E-003   1.360525E-003   3.397626E-012
   38501       4     0.385000     0.420000   1.293223E-002   5.311610E-003   1.088660E-002   3.265979E-003   7.620618E-003   7.620618E-003  -1.232308E-012
   38501       5     0.420000     0.450000   2.349464E-002   8.965829E-003   2.075544E-002   6.226633E-003   1.452881E-002   1.452881E-002  -3.630591E-012
   38501       6     0.450000     0.500000   1.310848E-001   4.710132E-002   1.199763E-001   3.599290E-002   8.398344E-002   8.398344E-002   2.415240E-011
   38501       7     0.500000     0.550000   1.748537E-001   5.938044E-002   1.649618E-001   4.948854E-002   1.154733E-001   1.154733E-001   1.737471E-012
   38501       8     0.550000     0.610000   2.295775E-001   7.513671E-002   2.206297E-001   6.618892E-002   1.544408E-001   1.544408E-001   3.420100E-011
   38501       9     0.610000     0.690000   5.693172E-001   1.805662E-001   5.553585E-001   1.666076E-001   3.887510E-001   3.887510E-001   6.654954E-011
   38501      10     0.690000     0.780000   2.472789E+000   7.671523E-001   2.436624E+000   7.309872E-001   1.705637E+000   1.705637E+000   8.061996E-012
   38501      11     0.780000     0.800000   1.063069E+000   3.229194E-001   1.046060E+000   3.138181E-001   7.401500E-001   7.322423E-001   7.907706E-003
   38501      12     0.800000     0.870000   5.878988E+000   1.800825E+000   5.823913E+000   1.747174E+000   4.078163E+000   4.076739E+000   1.424476E-003
   38501      13     0.870000     0.880000   8.736691E-001   2.597574E-001   8.574066E-001   2.572220E-001   6.139117E-001   6.001846E-001   1.372708E-002
   38501      14     0.880000     1.030000   2.249240E+001   6.829702E+000   2.237432E+001   6.712296E+000   1.566270E+001   1.566203E+001   6.776946E-004
   38501      15     1.030000     1.080000   9.248799E+000   2.417320E+000   8.563958E+000   2.569187E+000   6.831479E+000   5.994771E+000   8.367085E-001
   38501      16     1.080000     1.140000   1.173685E+001   3.469058E+000   1.161306E+001   3.483918E+000   8.267792E+000   8.129141E+000   1.386508E-001
   38501      17     1.140000     1.200000   1.143670E+001   3.434944E+000   1.139399E+001   3.418198E+000   8.001753E+000   7.975795E+000   2.595805E-002
   38501      18     1.200000     1.240000   8.097833E+000   7.855655E-001   4.066628E+000   1.219989E+000   7.312267E+000   2.846640E+000   4.465627E+000
   38501      19     1.240000     1.280000   7.733813E+000   2.136231E+000   7.464110E+000   2.239233E+000   5.597582E+000   5.224877E+000   3.727051E-001
   38501      20     1.280000     1.340000   1.109154E+001   2.085672E+000   8.892803E+000   2.667841E+000   9.005871E+000   6.224962E+000   2.780909E+000
   38501      21     1.340000     1.420000   1.012492E+001   2.721177E+000   9.646402E+000   2.893921E+000   7.403744E+000   6.752482E+000   6.512620E-001
   38501      22     1.420000     1.460000   4.444646E+000   2.699510E-001   1.515505E+000   4.546516E-001   4.174695E+000   1.060854E+000   3.113841E+000
   38501      23     1.460000     1.490000   3.316959E+000   4.581791E-001   2.256979E+000   6.770938E-001   2.858780E+000   1.579885E+000   1.278894E+000
   38501      24     1.490000     1.520000   3.416012E+000   7.211605E-001   2.911758E+000   8.735274E-001   2.694851E+000   2.038231E+000   6.566205E-001
   38501      25     1.520000     1.680000   2.089115E+001   1.361320E+000   7.757404E+000   2.327221E+000   1.952983E+001   5.430182E+000   1.409965E+001
   38501      26     1.680000     1.740000   7.400301E+000   1.969603E+000   7.087730E+000   2.126319E+000   5.430699E+000   4.961411E+000   4.692874E-001
   38501      27     1.740000     1.820000   6.859941E+000   1.928391E+000   6.699818E+000   2.009945E+000   4.931551E+000   4.689872E+000   2.416783E-001
   38501      28     1.820000     1.940000   7.844991E+000   1.273020E+000   5.640983E+000   1.692295E+000   6.571971E+000   3.948688E+000   2.623283E+000
   38501      29     1.940000     2.200000   1.524385E+001   4.504656E-001   2.602446E+000   7.807339E-001   1.479338E+001   1.821712E+000   1.297167E+001
   38501      30     2.200000     2.300000   5.897529E+000   1.630395E+000   5.730054E+000   1.719016E+000   4.267133E+000   4.011038E+000   2.560958E-001
   38501      31     2.300000     2.450000   6.412228E+000   1.915545E+000   6.401647E+000   1.920494E+000   4.496683E+000   4.481153E+000   1.552987E-002
   38501      32     2.450000     2.550000   2.808749E+000   5.572532E-001   2.367296E+000   7.101887E-001   2.251496E+000   1.657107E+000   5.943891E-001
   38501      33     2.550000     2.650000   2.466453E+000   1.464939E-001   9.513627E-001   2.854088E-001   2.319959E+000   6.659539E-001   1.654005E+000
   38501      34     2.650000     2.900000   5.107089E+000   1.371229E-005   7.213552E-004   2.164065E-004   5.107075E+000   5.049486E-004   5.106571E+000
   38501      35     2.900000     3.200000   4.829501E+000   3.783333E-001   2.507670E+000   7.523009E-001   4.451168E+000   1.755369E+000   2.695799E+000
   38501      36     3.200000     3.500000   4.479548E+000   1.297933E+000   4.425492E+000   1.327648E+000   3.181615E+000   3.097845E+000   8.377034E-002
   38501      37     3.500000     3.900000   5.317470E+000   7.557409E-001   3.368918E+000   1.010675E+000   4.561730E+000   2.358243E+000   2.203487E+000
   38501      38     3.900000     5.500000   8.889375E+000   6.340532E-002   4.802957E-001   1.440887E-001   8.825970E+000   3.362070E-001   8.489763E+000
   38501      39     5.500000     6.500000   2.171822E+000   6.430325E-001   2.162133E+000   6.486399E-001   1.528789E+000   1.513493E+000   1.529594E-002
   38501      40     6.500000     7.000000   6.459457E-001   4.684564E-002   3.720154E-001   1.116046E-001   5.991001E-001   2.604108E-001   3.386893E-001
   38501      41     7.000000     9.000000   1.525571E+000   3.144911E-002   2.562053E-001   7.686160E-002   1.494122E+000   1.793437E-001   1.314778E+000
   38501      42     9.000000    20.000000   1.633159E+000   2.481832E-002   2.170056E-001   6.510167E-002   1.608341E+000   1.519039E-001   1.456437E+000
   38601       1     0.200000     0.300000   5.582456E-006   3.540013E-006   2.917776E-006   8.753329E-007   2.042443E-006   2.042443E-006  -9.500342E-015
   38601       2     0.300000     0.345000   2.557270E-003   1.374824E-003   1.689209E-003   5.067628E-004   1.182447E-003   1.182447E-003  -8.478979E-013
   38601       3     0.345000     0.385000   2.512764E-003   1.152240E-003   1.943607E-003   5.830820E-004   1.360525E-003   1.360525E-003   3.397626E-012
   38601       4     0.385000     0.420000   1.293223E-002   5.311610E-003   1.088660E-002   3.265979E-003   7.620618E-003   7.620618E-003  -1.018385E-012
   38601       5     0.420000     0.450000   2.349464E-002   8.965829E-003   2.075544E-002   6.226633E-003   1.452881E-002   1.452881E-002  -3.778753E-012
   38601       6     0.450000     0.500000   1.310848E-001   4.710132E-002   1.199763E-001   3.599290E-002   8.398344E-002   8.398344E-002   2.225148E-011
   38601       7     0.500000     0.550000   1.748537E-001   5.938044E-002   1.649618E-001   4.948854E-002   1.154733E-001   1.154733E-001  -3.581163E-012
   38601       8     0.550000     0.610000   2.295775E-001   7.513671E-002   2.206297E-001   6.618892E-002   1.544408E-001   1.544408E-001   2.724027E-011
   38601       9     0.610000     0.690000   5.693172E-001   1.805662E-001   5.553585E-001   1.666076E-001   3.887510E-001   3.887510E-001   6.282946E-011
   38601      10     0.690000     0.780000   2.472789E+000   7.671523E-001   2.436624E+000   7.309872E-001   1.705637E+000   1.705637E+000  -2.891110E-011
   38601      11     0.780000     0.800000   1.063069E+000   3.229194E-001   1.046061E+000   3.138182E-001   7.401500E-001   7.322424E-001   7.907631E-003
   38601      12     0.800000     0.870000   5.878988E+000   1.800825E+000   5.823913E+000   1.747174E+000   4.078164E+000   4.076739E+000   1.424577E-003
   38601      13     0.870000     0.880000   8.736691E-001   2.597583E-001   8.574077E-001   2.572223E-001   6.139108E-001   6.001854E-001   1.372538E-002
   38601      14     0.880000     1.030000   2.249240E+001   6.829702E+000   2.237432E+001   6.712296E+000   1.566270E+001   1.566203E+001   6.775566E-004
   38601      15     1.030000     1.080000   9.248799E+000   2.417339E+000   8.563970E+000   2.569191E+000   6.831459E+000   5.994779E+000   8.366801E-001
   38601      16     1.080000     1.140000   1.173685E+001   3.469059E+000   1.161306E+001   3.483918E+000   8.267791E+000   8.129142E+000   1.386489E-001
   38601      17     1.140000     1.200000   1.143670E+001   3.434944E+000   1.139399E+001   3.418198E+000   8.001753E+000   7.975795E+000   2.595795E-002
   38601      18     1.200000     1.240000   8.097833E+000   7.857889E-001   4.067201E+000   1.220160E+000   7.312044E+000   2.847040E+000   4.465003E+000
   38601      19     1.240000     1.280000   7.733813E+000   2.136268E+000   7.464158E+000   2.239247E+000   5.597545E+000   5.224911E+000   3.726342E-001
   38601      20     1.280000     1.340000   1.109154E+001   2.085777E+000   8.892933E+000   2.667880E+000   9.005766E+000   6.225053E+000   2.780713E+000
   38601      21     1.340000     1.420000   1.012492E+001   2.721236E+000   9.646475E+000   2.893942E+000   7.403685E+000   6.752532E+000   6.511524E-001
   38601      22     1.420000     1.460000   4.444646E+000   2.700658E-001   1.515992E+000   4.547977E-001   4.174580E+000   1.061195E+000   3.113385E+000
   38601      23     1.460000     1.490000   3.316959E+000   4.582908E-001   2.257161E+000   6.771482E-001   2.858668E+000   1.580013E+000   1.278656E+000
   38601      24     1.490000     1.520000   3.416012E+000   7.212385E-001   2.911873E+000   8.735618E-001   2.694773E+000   2.038311E+000   6.564622E-001
   38601      25     1.520000     1.680000   2.089115E+001   1.361914E+000   7.759436E+000   2.327831E+000   1.952923E+001   5.431605E+000   1.409763E+001
   38601      26     1.680000     1.740000   7.400301E+000   1.969652E+000   7.087791E+000   2.126337E+000   5.430649E+000   4.961454E+000   4.691957E-001
   38601      27     1.740000     1.820000   6.859941E+000   1.928676E+000   6.700179E+000   2.010054E+000   4.931265E+000   4.690125E+000   2.411400E-001
   38601      28     1.820000     1.940000   7.844991E+000   1.273399E+000   5.641933E+000   1.692580E+000   6.571592E+000   3.949353E+000   2.622238E+000
   38601      29     1.940000     2.200000   1.524385E+001   4.506863E-001   2.603199E+000   7.809596E-001   1.479316E+001   1.822239E+000   1.297092E+001
   38601      30     2.200000     2.300000   5.897529E+000   1.630429E+000   5.730094E+000   1.719028E+000   4.267100E+000   4.011066E+000   2.560341E-001
   38601      31     2.300000     2.450000   6.412228E+000   1.915547E+000   6.401650E+000   1.920495E+000   4.496681E+000   4.481155E+000   1.552643E-002
   38601      32     2.450000     2.550000   2.808749E+000   5.574147E-001   2.367613E+000   7.102839E-001   2.251335E+000   1.657329E+000   5.940055E-001
   38601      33     2.550000     2.650000   2.466453E+000   1.465210E-001   9.515468E-001   2.854640E-001   2.319932E+000   6.660828E-001   1.653850E+000
   38601      34     2.650000     2.900000   5.107089E+000   1.371487E-005   7.286677E-004   2.186003E-004   5.107075E+000   5.100674E-004   5.106565E+000
   38601      35     2.900000     3.200000   4.829501E+000   3.785930E-001   2.508533E+000   7.525600E-001   4.450908E+000   1.755973E+000   2.694935E+000
   38601      36     3.200000     3.500000   4.479548E+000   1.297974E+000   4.425542E+000   1.327663E+000   3.181574E+000   3.097880E+000   8.369430E-002
   38601      37     3.500000     3.900000   5.317470E+000   7.557715E-001   3.368936E+000   1.010681E+000   4.561699E+000   2.358256E+000   2.203443E+000
   38601      38     3.900000     5.500000   8.889375E+000   6.346351E-002   4.805954E-001   1.441786E-001   8.825912E+000   3.364168E-001   8.489495E+000
   38601      39     5.500000     6.500000   2.171822E+000   6.430400E-001   2.162141E+000   6.486424E-001   1.528782E+000   1.513499E+000   1.528265E-002
   38601      40     6.500000     7.000000   6.459457E-001   4.683153E-002   3.719602E-001   1.115880E-001   5.991142E-001   2.603721E-001   3.387421E-001
   38601      41     7.000000     9.000000   1.525571E+000   3.146597E-002   2.562251E-001   7.686753E-002   1.494105E+000   1.793576E-001   1.314748E+000
   38601      42     9.000000    20.000000   1.633159E+000   2.490188E-002   2.173846E-001   6.521538E-002   1.608257E+000   1.521692E-001   1.456088E+000
   38701       1     0.200000     0.300000   5.582456E-006   3.540013E-006   2.917776E-006   8.753329E-007   2.042443E-006   2.042443E-006  -9.500342E-015
   38701       2     0.300000     0.345000   2.557270E-003   1.374824E-003   1.689209E-003   5.067628E-004   1.182447E-003   1.182447E-003  -8.478979E-013
   38701       3     0.345000     0.385000   2.512764E-003   1.152240E-003   1.943607E-003   5.830820E-004   1.360525E-003   1.360525E-003   3.397626E-012
   38701       4     0.385000     0.420000   1.293223E-002   5.311610E-003   1.088660E-002   3.265979E-003   7.620618E-003   7.620618E-003  -2.693490E-012
   38701       5     0.420000     0.450000   2.349464E-002   8.965829E-003   2.075544E-002   6.226633E-003   1.452881E-002   1.452881E-002  -1.597604E-012
   38701       6     0.450000     0.500000   1.310848E-001   4.710132E-002   1.199763E-001   3.599290E-002   8.398344E-002   8.398344E-002   1.857789E-011
   38701       7     0.500000     0.550000   1.748537E-001   5.938044E-002   1.649618E-001   4.948854E-002   1.154733E-001   1.154733E-001  -7.865028E-012
   38701       8     0.550000     0.610000   2.295775E-001   7.513671E-002   2.206297E-001   6.618892E-002   1.544408E-001   1.544408E-001   2.486311E-011
   38701       9     0.610000     0.690000   5.693172E-001   1.805662E-001   5.553585E-001   1.666076E-001   3.887510E-001   3.887510E-001   6.482659E-011
   38701      10     0.690000     0.780000   2.472789E+000   7.671523E-001   2.436624E+000   7.309872E-001   1.705637E+000   1.705637E+000  -8.014034E-012
   38701      11     0.780000     0.800000   1.063069E+000   3.229194E-001   1.046061E+000   3.138182E-001   7.401500E-001   7.322424E-001   7.907556E-003
   38701      12     0.800000     0.870000   5.878988E+000   1.800825E+000   5.823913E+000   1.747174E+000   4.078164E+000   4.076739E+000   1.424677E-003
   38701      13     0.870000     0.880000   8.736691E-001   2.597593E-001   8.574087E-001   2.572226E-001   6.139098E-001   6.001861E-001   1.372369E-002
   38701      14     0.880000     1.030000   2.249240E+001   6.829702E+000   2.237432E+001   6.712297E+000   1.566270E+001   1.566203E+001   6.774205E-004
   38701      15     1.030000     1.080000   9.248799E+000   2.417359E+000   8.563983E+000   2.569195E+000   6.831440E+000   5.994788E+000   8.366520E-001
   38701      16     1.080000     1.140000   1.173685E+001   3.469060E+000   1.161306E+001   3.483918E+000   8.267790E+000   8.129143E+000   1.386471E-001
   38701      17     1.140000     1.200000   1.143670E+001   3.434944E+000   1.139399E+001   3.418198E+000   8.001753E+000   7.975795E+000   2.595787E-002
   38701      18     1.200000     1.240000   8.097833E+000   7.860105E-001   4.067769E+000   1.220331E+000   7.311822E+000   2.847438E+000   4.464384E+000
   38701      19     1.240000     1.280000   7.733813E+000   2.136306E+000   7.464205E+000   2.239262E+000   5.597508E+000   5.224944E+000   3.725641E-001
   38701      20     1.280000     1.340000   1.109154E+001   2.085881E+000   8.893062E+000   2.667919E+000   9.005661E+000   6.225144E+000   2.780518E+000
   38701      21     1.340000     1.420000   1.012492E+001   2.721294E+000   9.646547E+000   2.893964E+000   7.403627E+000   6.752583E+000   6.510439E-001
   38701      22     1.420000     1.460000   4.444646E+000   2.701797E-001   1.516475E+000   4.549425E-001   4.174466E+000   1.061532E+000   3.112934E+000
   38701      23     1.460000     1.490000   3.316959E+000   4.584012E-001   2.257340E+000   6.772021E-001   2.858558E+000   1.580138E+000   1.278419E+000
   38701      24     1.490000     1.520000   3.416012E+000   7.213157E-001   2.911986E+000   8.735958E-001   2.694696E+000   2.038390E+000   6.563056E-001
   38701      25     1.520000     1.680000   2.089115E+001   1.362503E+000   7.761451E+000   2.328435E+000   1.952865E+001   5.433016E+000   1.409563E+001
   38701      26     1.680000     1.740000   7.400301E+000   1.969701E+000   7.087851E+000   2.126355E+000   5.430601E+000   4.961495E+000   4.691052E-001
   38701      27     1.740000     1.820000   6.859941E+000   1.928958E+000   6.700536E+000   2.010161E+000   4.930984E+000   4.690375E+000   2.406086E-001
   38701      28     1.820000     1.940000   7.844991E+000   1.273775E+000   5.642874E+000   1.692862E+000   6.571216E+000   3.950012E+000   2.621204E+000
   38701      29     1.940000     2.200000   1.524385E+001   4.509050E-001   2.603944E+000   7.811831E-001   1.479294E+001   1.822761E+000   1.297018E+001
   38701      30     2.200000     2.300000   5.897529E+000   1.630462E+000   5.730134E+000   1.719040E+000   4.267067E+000   4.011094E+000   2.559729E-001
   38701      31     2.300000     2.450000   6.412228E+000   1.915549E+000   6.401652E+000   1.920495E+000   4.496679E+000   4.481156E+000   1.552303E-002
   38701      32     2.450000     2.550000   2.808749E+000   5.575745E-001   2.367927E+000   7.103780E-001   2.251175E+000   1.657549E+000   5.936262E-001
   38701      33     2.550000     2.650000   2.466453E+000   1.465474E-001   9.517282E-001   2.855185E-001   2.319906E+000   6.662097E-001   1.653696E+000
   38701      34     2.650000     2.900000   5.107089E+000   1.371743E-005   7.359699E-004   2.207910E-004   5.107075E+000   5.151789E-004   5.106560E+000
   38701      35     2.900000     3.200000   4.829501E+000   3.788502E-001   2.509389E+000   7.528167E-001   4.450651E+000   1.756572E+000   2.694079E+000
   38701      36     3.200000     3.500000   4.479548E+000   1.298014E+000   4.425592E+000   1.327678E+000   3.181533E+000   3.097914E+000   8.361915E-002
   38701      37     3.500000     3.900000   5.317470E+000   7.558018E-001   3.368954E+000   1.010686E+000   4.561669E+000   2.358268E+000   2.203401E+000
   38701      38     3.900000     5.500000   8.889375E+000   6.352125E-002   4.808932E-001   1.442680E-001   8.825854E+000   3.366252E-001   8.489229E+000
   38701      39     5.500000     6.500000   2.171822E+000   6.430474E-001   2.162150E+000   6.486449E-001   1.528774E+000   1.513505E+000   1.526945E-002
   38701      40     6.500000     7.000000   6.459457E-001   4.681774E-002   3.719061E-001   1.115718E-001   5.991280E-001   2.603343E-001   3.387937E-001
   38701      41     7.000000     9.000000   1.525571E+000   3.148264E-002   2.562444E-001   7.687332E-002   1.494088E+000   1.793711E-001   1.314717E+000
   38701      42     9.000000    20.000000   1.633159E+000   2.498475E-002   2.177597E-001   6.532792E-002   1.608174E+000   1.524318E-001   1.455742E+000
   38801       1     0.200000     0.300000   5.582456E-006   3.540013E-006   2.917776E-006   8.753329E-007   2.042443E-006   2.042443E-006  -9.500342E-015
   38801       2     0.300000     0.345000   2.557270E-003   1.374824E-003   1.689209E-003   5.067628E-004   1.182447E-003   1.182447E-003  -8.478979E-013
   38801       3     0.345000     0.385000   2.512764E-003   1.152240E-003   1.943607E-003   5.830820E-004   1.360525E-003   1.360525E-003   3.397626E-012
   38801       4     0.385000     0.420000   1.293223E-002   5.311610E-003   1.088660E-002   3.265979E-003   7.620618E-003   7.620618E-003  -2.437641E-012
   38801       5     0.420000     0.450000   2.349464E-002   8.965829E-003   2.075544E-002   6.226633E-003   1.452881E-002   1.452881E-002  -2.648541E-012
   38801       6     0.450000     0.500000   1.310848E-001   4.710132E-002   1.199763E-001   3.599290E-002   8.398344E-002   8.398344E-002   1.236974E-011
   38801       7     0.500000     0.550000   1.748537E-001   5.938044E-002   1.649618E-001   4.948854E-002   1.154733E-001   1.154733E-001   2.250297E-012
   38801       8     0.550000     0.610000   2.295775E-001   7.513671E-002   2.206297E-001   6.618892E-002   1.544408E-001   1.544408E-001   3.015774E-011
   38801       9     0.610000     0.690000   5.693172E-001   1.805662E-001   5.553585E-001   1.666076E-001   3.887510E-001   3.887510E-001   6.828610E-011
   38801      10     0.690000     0.780000   2.472789E+000   7.671523E-001   2.436624E+000   7.309872E-001   1.705637E+000   1.705637E+000   3.588019E-011
   38801      11     0.780000     0.800000   1.063069E+000   3.229195E-001   1.046061E+000   3.138182E-001   7.401499E-001   7.322424E-001   7.907481E-003
   38801      12     0.800000     0.870000   5.878988E+000   1.800825E+000   5.823913E+000   1.747174E+000   4.078164E+000   4.076739E+000   1.424777E-003
   38801      13     0.870000     0.880000   8.736691E-001   2.597602E-001   8.574098E-001   2.572229E-001   6.139089E-001   6.001869E-001   1.372202E-002
   38801      14     0.880000     1.030000   2.249240E+001   6.829702E+000   2.237432E+001   6.712297E+000   1.566270E+001   1.566203E+001   6.772855E-004
   38801      15     1.030000     1.080000   9.248799E+000   2.417378E+000   8.563995E+000   2.569199E+000   6.831421E+000   5.994797E+000   8.366241E-001
   38801      16     1.080000     1.140000   1.173685E+001   3.469061E+000   1.161306E+001   3.483919E+000   8.267789E+000   8.129144E+000   1.386453E-001
   38801      17     1.140000     1.200000   1.143670E+001   3.434944E+000   1.139399E+001   3.418198E+000   8.001753E+000   7.975795E+000   2.595779E-002
   38801      18     1.200000     1.240000   8.097833E+000   7.862305E-001   4.068332E+000   1.220500E+000   7.311602E+000   2.847832E+000   4.463770E+000
   38801      19     1.240000     1.280000   7.733813E+000   2.136342E+000   7.464252E+000   2.239276E+000   5.597471E+000   5.224977E+000   3.724946E-001
   38801      20     1.280000     1.340000   1.109154E+001   2.085985E+000   8.893191E+000   2.667957E+000   9.005558E+000   6.225233E+000   2.780325E+000
   38801      21     1.340000     1.420000   1.012492E+001   2.721352E+000   9.646618E+000   2.893985E+000   7.403569E+000   6.752633E+000   6.509363E-001
   38801      22     1.420000     1.460000   4.444646E+000   2.702930E-001   1.516955E+000   4.550864E-001   4.174353E+000   1.061868E+000   3.112484E+000
   38801      23     1.460000     1.490000   3.316959E+000   4.585109E-001   2.257519E+000   6.772556E-001   2.858448E+000   1.580263E+000   1.278185E+000
   38801      24     1.490000     1.520000   3.416012E+000   7.213922E-001   2.912099E+000   8.736296E-001   2.694619E+000   2.038469E+000   6.561503E-001
   38801      25     1.520000     1.680000   2.089115E+001   1.363087E+000   7.763453E+000   2.329036E+000   1.952806E+001   5.434417E+000   1.409364E+001
   38801      26     1.680000     1.740000   7.400301E+000   1.969749E+000   7.087910E+000   2.126373E+000   5.430552E+000   4.961537E+000   4.690153E-001
   38801      27     1.740000     1.820000   6.859941E+000   1.929237E+000   6.700890E+000   2.010267E+000   4.930704E+000   4.690623E+000   2.400810E-001
   38801      28     1.820000     1.940000   7.844991E+000   1.274148E+000   5.643809E+000   1.693143E+000   6.570843E+000   3.950666E+000   2.620177E+000
   38801      29     1.940000     2.200000   1.524385E+001   4.511222E-001   2.604684E+000   7.814051E-001   1.479273E+001   1.823279E+000   1.296945E+001
   38801      30     2.200000     2.300000   5.897529E+000   1.630494E+000   5.730174E+000   1.719052E+000   4.267034E+000   4.011122E+000   2.559123E-001
   38801      31     2.300000     2.450000   6.412228E+000   1.915551E+000   6.401654E+000   1.920496E+000   4.496677E+000   4.481158E+000   1.551966E-002
   38801      32     2.450000     2.550000   2.808749E+000   5.577332E-001   2.368238E+000   7.104714E-001   2.251016E+000   1.657767E+000   5.932494E-001
   38801      33     2.550000     2.650000   2.466453E+000   1.465735E-001   9.519085E-001   2.855725E-001   2.319880E+000   6.663359E-001   1.653544E+000
   38801      34     2.650000     2.900000   5.107089E+000   1.371997E-005   7.432903E-004   2.229871E-004   5.107075E+000   5.203032E-004   5.106555E+000
   38801      35     2.900000     3.200000   4.829501E+000   3.791058E-001   2.510239E+000   7.530716E-001   4.450395E+000   1.757167E+000   2.693228E+000
   38801      36     3.200000     3.500000   4.479548E+000   1.298055E+000   4.425641E+000   1.327692E+000   3.181493E+000   3.097949E+000   8.354458E-002
   38801      37     3.500000     3.900000   5.317470E+000   7.558319E-001   3.368972E+000   1.010692E+000   4.561639E+000   2.358280E+000   2.203358E+000
   38801      38     3.900000     5.500000   8.889375E+000   6.357866E-002   4.811891E-001   1.443567E-001   8.825797E+000   3.368324E-001   8.488964E+000
   38801      39     5.500000     6.500000   2.171822E+000   6.430547E-001   2.162158E+000   6.486474E-001   1.528767E+000   1.513511E+000   1.525634E-002
   38801      40     6.500000     7.000000   6.459457E-001   4.680406E-002   3.718525E-001   1.115558E-001   5.991417E-001   2.602968E-001   3.388449E-001
   38801      41     7.000000     9.000000   1.525571E+000   3.149919E-002   2.562636E-001   7.687908E-002   1.494072E+000   1.793845E-001   1.314687E+000
   38801      42     9.000000    20.000000   1.633159E+000   2.506744E-002   2.181333E-001   6.543998E-002   1.608091E+000   1.526933E-001   1.455398E+000
   38901       1     0.200000     0.300000   5.582456E-006   3.540013E-006   2.917776E-006   8.753329E-007   2.042443E-006   2.042443E-006  -9.500342E-015
   38901       2     0.300000     0.345000   2.557270E-003   1.374824E-003   1.689209E-003   5.067628E-004   1.182447E-003   1.182447E-003  -8.478979E-013
   38901       3     0.345000     0.385000   2.512764E-003   1.152240E-003   1.943607E-003   5.830820E-004   1.360525E-003   1.360525E-003   3.397626E-012
   38901       4     0.385000     0.420000   1.293223E-002   5.311610E-003   1.088660E-002   3.265979E-003   7.620618E-003   7.620618E-003  -2.223733E-012
   38901       5     0.420000     0.450000   2.349464E-002   8.965829E-003   2.075544E-002   6.226633E-003   1.452881E-002   1.452881E-002  -4.349457E-012
   38901       6     0.450000     0.500000   1.310848E-001   4.710132E-002   1.199763E-001   3.599290E-002   8.398344E-002   8.398344E-002   1.122717E-011
   38901       7     0.500000     0.550000   1.748537E-001   5.938044E-002   1.649618E-001   4.948854E-002   1.154733E-001   1.154733E-001   1.061212E-011
   38901       8     0.550000     0.610000   2.295775E-001   7.513671E-002   2.206297E-001   6.618892E-002   1.544408E-001   1.544408E-001   3.202691E-011
   38901       9     0.610000     0.690000   5.693172E-001   1.805662E-001   5.553585E-001   1.666076E-001   3.887510E-001   3.887510E-001   3.946832E-011
   38901      10     0.690000     0.780000   2.472789E+000   7.671523E-001   2.436624E+000   7.309872E-001   1.705637E+000   1.705637E+000  -9.764412E-012
   38901      11     0.780000     0.800000   1.063069E+000   3.229195E-001   1.046061E+000   3.138182E-001   7.401499E-001   7.322425E-001   7.907407E-003
   38901      12     0.800000     0.870000   5.878988E+000   1.800825E+000   5.823913E+000   1.747174E+000   4.078164E+000   4.076739E+000   1.424876E-003
   38901      13     0.870000     0.880000   8.736691E-001   2.597611E-001   8.574108E-001   2.572233E-001   6.139080E-001   6.001876E-001   1.372037E-002
   38901      14     0.880000     1.030000   2.249240E+001   6.829703E+000   2.237432E+001   6.712297E+000   1.566270E+001   1.566203E+001   6.771516E-004
   38901      15     1.030000     1.080000   9.248799E+000   2.417397E+000   8.564007E+000   2.569202E+000   6.831402E+000   5.994805E+000   8.365965E-001
   38901      16     1.080000     1.140000   1.173685E+001   3.469062E+000   1.161306E+001   3.483919E+000   8.267788E+000   8.129144E+000   1.386436E-001
   38901      17     1.140000     1.200000   1.143670E+001   3.434944E+000   1.139399E+001   3.418198E+000   8.001753E+000   7.975795E+000   2.595771E-002
   38901      18     1.200000     1.240000   8.097833E+000   7.864488E-001   4.068891E+000   1.220667E+000   7.311384E+000   2.848224E+000   4.463160E+000
   38901      19     1.240000     1.280000   7.733813E+000   2.136379E+000   7.464299E+000   2.239290E+000   5.597435E+000   5.225009E+000   3.724257E-001
   38901      20     1.280000     1.340000   1.109154E+001   2.086087E+000   8.893318E+000   2.667995E+000   9.005455E+000   6.225322E+000   2.780133E+000
   38901      21     1.340000     1.420000   1.012492E+001   2.721409E+000   9.646689E+000   2.894007E+000   7.403512E+000   6.752682E+000   6.508296E-001
   38901      22     1.420000     1.460000   4.444646E+000   2.704054E-001   1.517431E+000   4.552293E-001   4.174240E+000   1.062202E+000   3.112039E+000
   38901      23     1.460000     1.490000   3.316959E+000   4.586197E-001   2.257695E+000   6.773086E-001   2.858339E+000   1.580387E+000   1.277953E+000
   38901      24     1.490000     1.520000   3.416012E+000   7.214681E-001   2.912210E+000   8.736631E-001   2.694543E+000   2.038547E+000   6.559962E-001
   38901      25     1.520000     1.680000   2.089115E+001   1.363667E+000   7.765438E+000   2.329631E+000   1.952748E+001   5.435807E+000   1.409167E+001
   38901      26     1.680000     1.740000   7.400301E+000   1.969797E+000   7.087969E+000   2.126391E+000   5.430504E+000   4.961578E+000   4.689262E-001
   38901      27     1.740000     1.820000   6.859941E+000   1.929515E+000   6.701241E+000   2.010372E+000   4.930426E+000   4.690869E+000   2.395577E-001
   38901      28     1.820000     1.940000   7.844991E+000   1.274518E+000   5.644736E+000   1.693421E+000   6.570473E+000   3.951315E+000   2.619157E+000
   38901      29     1.940000     2.200000   1.524385E+001   4.513378E-001   2.605418E+000   7.816253E-001   1.479251E+001   1.823792E+000   1.296872E+001
   38901      30     2.200000     2.300000   5.897529E+000   1.630527E+000   5.730214E+000   1.719064E+000   4.267002E+000   4.011150E+000   2.558521E-001
   38901      31     2.300000     2.450000   6.412228E+000   1.915553E+000   6.401656E+000   1.920497E+000   4.496675E+000   4.481159E+000   1.551631E-002
   38901      32     2.450000     2.550000   2.808749E+000   5.578908E-001   2.368547E+000   7.105641E-001   2.250858E+000   1.657983E+000   5.928756E-001
   38901      33     2.550000     2.650000   2.466453E+000   1.465995E-001   9.520873E-001   2.856262E-001   2.319854E+000   6.664611E-001   1.653393E+000
   38901      34     2.650000     2.900000   5.107089E+000   1.372249E-005   7.506213E-004   2.251864E-004   5.107075E+000   5.254349E-004   5.106550E+000
   38901      35     2.900000     3.200000   4.829501E+000   3.793595E-001   2.511082E+000   7.533245E-001   4.450141E+000   1.757757E+000   2.692384E+000
   38901      36     3.200000     3.500000   4.479548E+000   1.298094E+000   4.425690E+000   1.327707E+000   3.181453E+000   3.097983E+000   8.347063E-002
   38901      37     3.500000     3.900000   5.317470E+000   7.558618E-001   3.368989E+000   1.010697E+000   4.561609E+000   2.358292E+000   2.203316E+000
   38901      38     3.900000     5.500000   8.889375E+000   6.363568E-002   4.814828E-001   1.444449E-001   8.825740E+000   3.370380E-001   8.488702E+000
   38901      39     5.500000     6.500000   2.171822E+000   6.430619E-001   2.162166E+000   6.486498E-001   1.528760E+000   1.513516E+000   1.524335E-002
   38901      40     6.500000     7.000000   6.459457E-001   4.679049E-002   3.717993E-001   1.115398E-001   5.991552E-001   2.602595E-001   3.388957E-001
   38901      41     7.000000     9.000000   1.525571E+000   3.151559E-002   2.562826E-001   7.688479E-002   1.494055E+000   1.793978E-001   1.314658E+000
   38901      42     9.000000    20.000000   1.633159E+000   2.514983E-002   2.185048E-001   6.555144E-002   1.608009E+000   1.529534E-001   1.455056E+000
   39001       1     0.200000     0.300000   5.582456E-006   3.540013E-006   2.917776E-006   8.753329E-007   2.042443E-006   2.042443E-006  -9.500342E-015
   39001       2     0.300000     0.345000   2.557270E-003   1.374824E-003   1.689209E-003   5.067628E-004   1.182447E-003   1.182447E-003  -8.478979E-013
   39001       3     0.345000     0.385000   2.512764E-003   1.152240E-003   1.943607E-003   5.830820E-004   1.360525E-003   1.360525E-003   3.397626E-012
   39001       4     0.385000     0.420000   1.293223E-002   5.311610E-003   1.088660E-002   3.265979E-003   7.620618E-003   7.620618E-003  -2.223733E-012
   39001       5     0.420000     0.450000   2.349464E-002   8.965829E-003   2.075544E-002   6.226633E-003   1.452881E-002   1.452881E-002  -5.259184E-012
   39001       6     0.450000     0.500000   1.310848E-001   4.710132E-002   1.199763E-001   3.599290E-002   8.398344E-002   8.398344E-002   5.678027E-012
   39001       7     0.500000     0.550000   1.748537E-001   5.938044E-002   1.649618E-001   4.948854E-002   1.154733E-001   1.154733E-001   6.260673E-012
   39001       8     0.550000     0.610000   2.295775E-001   7.513671E-002   2.206297E-001   6.618892E-002   1.544408E-001   1.544408E-001   5.170556E-011
   39001       9     0.610000     0.690000   5.693172E-001   1.805662E-001   5.553585E-001   1.666076E-001   3.887510E-001   3.887510E-001   2.557354E-011
   39001      10     0.690000     0.780000   2.472789E+000   7.671523E-001   2.436624E+000   7.309872E-001   1.705637E+000   1.705637E+000  -1.804386E-010
   39001      11     0.780000     0.800000   1.063069E+000   3.229196E-001   1.046061E+000   3.138182E-001   7.401498E-001   7.322425E-001   7.907334E-003
   39001      12     0.800000     0.870000   5.878988E+000   1.800825E+000   5.823913E+000   1.747174E+000   4.078164E+000   4.076739E+000   1.424974E-003
   39001      13     0.870000     0.880000   8.736691E-001   2.597620E-001   8.574119E-001   2.572236E-001   6.139070E-001   6.001883E-001   1.371873E-002
   39001      14     0.880000     1.030000   2.249240E+001   6.829703E+000   2.237432E+001   6.712297E+000   1.566270E+001   1.566203E+001   6.770194E-004
   39001      15     1.030000     1.080000   9.248799E+000   2.417416E+000   8.564019E+000   2.569206E+000   6.831383E+000   5.994813E+000   8.365692E-001
   39001      16     1.080000     1.140000   1.173685E+001   3.469063E+000   1.161306E+001   3.483919E+000   8.267787E+000   8.129145E+000   1.386418E-001
   39001      17     1.140000     1.200000   1.143670E+001   3.434944E+000   1.139399E+001   3.418198E+000   8.001753E+000   7.975795E+000   2.595763E-002
   39001      18     1.200000     1.240000   8.097833E+000   7.866645E-001   4.069444E+000   1.220833E+000   7.311168E+000   2.848610E+000   4.462558E+000
   39001      19     1.240000     1.280000   7.733813E+000   2.136415E+000   7.464345E+000   2.239303E+000   5.597399E+000   5.225041E+000   3.723576E-001
   39001      20     1.280000     1.340000   1.109154E+001   2.086189E+000   8.893443E+000   2.668033E+000   9.005354E+000   6.225410E+000   2.779944E+000
   39001      21     1.340000     1.420000   1.012492E+001   2.721466E+000   9.646758E+000   2.894028E+000   7.403455E+000   6.752731E+000   6.507241E-001
   39001      22     1.420000     1.460000   4.444646E+000   2.705167E-001   1.517902E+000   4.553706E-001   4.174129E+000   1.062531E+000   3.111598E+000
   39001      23     1.460000     1.490000   3.316959E+000   4.587271E-001   2.257870E+000   6.773609E-001   2.858232E+000   1.580509E+000   1.277723E+000
   39001      24     1.490000     1.520000   3.416012E+000   7.215431E-001   2.912321E+000   8.736962E-001   2.694468E+000   2.038624E+000   6.558440E-001
   39001      25     1.520000     1.680000   2.089115E+001   1.364241E+000   7.767400E+000   2.330220E+000   1.952691E+001   5.437180E+000   1.408973E+001
   39001      26     1.680000     1.740000   7.400301E+000   1.969844E+000   7.088027E+000   2.126408E+000   5.430457E+000   4.961619E+000   4.688382E-001
   39001      27     1.740000     1.820000   6.859941E+000   1.929789E+000   6.701588E+000   2.010476E+000   4.930152E+000   4.691112E+000   2.390407E-001
   39001      28     1.820000     1.940000   7.844991E+000   1.274884E+000   5.645653E+000   1.693696E+000   6.570107E+000   3.951957E+000   2.618150E+000
   39001      29     1.940000     2.200000   1.524385E+001   4.515509E-001   2.606143E+000   7.818430E-001   1.479230E+001   1.824300E+000   1.296800E+001
   39001      30     2.200000     2.300000   5.897529E+000   1.630559E+000   5.730253E+000   1.719076E+000   4.266970E+000   4.011177E+000   2.557927E-001
   39001      31     2.300000     2.450000   6.412228E+000   1.915554E+000   6.401658E+000   1.920497E+000   4.496674E+000   4.481161E+000   1.551301E-002
   39001      32     2.450000     2.550000   2.808749E+000   5.580464E-001   2.368852E+000   7.106557E-001   2.250703E+000   1.658197E+000   5.925062E-001
   39001      33     2.550000     2.650000   2.466453E+000   1.466250E-001   9.522640E-001   2.856792E-001   2.319828E+000   6.665848E-001   1.653243E+000
   39001      34     2.650000     2.900000   5.107089E+000   1.372499E-005   7.579298E-004   2.273789E-004   5.107075E+000   5.305509E-004   5.106545E+000
   39001      35     2.900000     3.200000   4.829501E+000   3.796104E-001   2.511915E+000   7.535745E-001   4.449890E+000   1.758341E+000   2.691550E+000
   39001      36     3.200000     3.500000   4.479548E+000   1.298134E+000   4.425738E+000   1.327721E+000   3.181414E+000   3.098016E+000   8.339758E-002
   39001      37     3.500000     3.900000   5.317470E+000   7.558912E-001   3.369006E+000   1.010702E+000   4.561579E+000   2.358304E+000   2.203275E+000
   39001      38     3.900000     5.500000   8.889375E+000   6.369208E-002   4.817733E-001   1.445320E-001   8.825683E+000   3.372413E-001   8.488442E+000
   39001      39     5.500000     6.500000   2.171822E+000   6.430691E-001   2.162174E+000   6.486523E-001   1.528752E+000   1.513522E+000   1.523053E-002
   39001      40     6.500000     7.000000   6.459457E-001   4.677707E-002   3.717467E-001   1.115240E-001   5.991687E-001   2.602227E-001   3.389460E-001
   39001      41     7.000000     9.000000   1.525571E+000   3.153179E-002   2.563015E-001   7.689046E-002   1.494039E+000   1.794111E-001   1.314628E+000
   39001      42     9.000000    20.000000   1.633159E+000   2.523151E-002   2.188724E-001   6.566173E-002   1.607927E+000   1.532107E-001   1.454717E+000
   39101       1     0.200000     0.300000   5.582456E-006   3.540013E-006   2.917776E-006   8.753329E-007   2.042443E-006   2.042443E-006  -9.500342E-015
   39101       2     0.300000     0.345000   2.557270E-003   1.374824E-003   1.689209E-003   5.067628E-004   1.182447E-003   1.182447E-003  -8.478979E-013
   39101       3     0.345000     0.385000   2.512764E-003   1.152240E-003   1.943607E-003   5.830820E-004   1.360525E-003   1.360525E-003   3.397626E-012
   39101       4     0.385000     0.420000   1.293223E-002   5.311610E-003   1.088660E-002   3.265979E-003   7.620618E-003   7.620618E-003  -2.223733E-012
   39101       5     0.420000     0.450000   2.349464E-002   8.965829E-003   2.075544E-002   6.226633E-003   1.452881E-002   1.452881E-002  -3.966993E-012
   39101       6     0.450000     0.500000   1.310848E-001   4.710132E-002   1.199763E-001   3.599290E-002   8.398344E-002   8.398344E-002   2.033845E-012
   39101       7     0.500000     0.550000   1.748537E-001   5.938044E-002   1.649618E-001   4.948854E-002   1.154733E-001   1.154733E-001   4.508088E-012
   39101       8     0.550000     0.610000   2.295775E-001   7.513671E-002   2.206297E-001   6.618892E-002   1.544408E-001   1.544408E-001   3.848324E-011
   39101       9     0.610000     0.690000   5.693172E-001   1.805662E-001   5.553585E-001   1.666076E-001   3.887510E-001   3.887510E-001   2.780121E-011
   39101      10     0.690000     0.780000   2.472789E+000   7.671523E-001   2.436624E+000   7.309872E-001   1.705637E+000   1.705637E+000  -2.097407E-010
   39101      11     0.780000     0.800000   1.063069E+000   3.229196E-001   1.046061E+000   3.138182E-001   7.401498E-001   7.322425E-001   7.907262E-003
   39101      12     0.800000     0.870000   5.878988E+000   1.800825E+000   5.823912E+000   1.747174E+000   4.078164E+000   4.076739E+000   1.425071E-003
   39101      13     0.870000     0.880000   8.736691E-001   2.597629E-001   8.574129E-001   2.572239E-001   6.139061E-001   6.001890E-001   1.371711E-002
   39101      14     0.880000     1.030000   2.249240E+001   6.829703E+000   2.237432E+001   6.712297E+000   1.566270E+001   1.566203E+001   6.768887E-004
   39101      15     1.030000     1.080000   9.248799E+000   2.417435E+000   8.564031E+000   2.569209E+000   6.831364E+000   5.994822E+000   8.365422E-001
   39101      16     1.080000     1.140000   1.173685E+001   3.469064E+000   1.161307E+001   3.483920E+000   8.267786E+000   8.129146E+000   1.386401E-001
   39101      17     1.140000     1.200000   1.143670E+001   3.434944E+000   1.139399E+001   3.418198E+000   8.001753E+000   7.975795E+000   2.595756E-002
   39101      18     1.200000     1.240000   8.097833E+000   7.868780E-001   4.069990E+000   1.220997E+000   7.310955E+000   2.848993E+000   4.461962E+000
   39101      19     1.240000     1.280000   7.733813E+000   2.136450E+000   7.464390E+000   2.239317E+000   5.597363E+000   5.225073E+000   3.722903E-001
   39101      20     1.280000     1.340000   1.109154E+001   2.086289E+000   8.893567E+000   2.668070E+000   9.005254E+000   6.225497E+000   2.779756E+000
   39101      21     1.340000     1.420000   1.012492E+001   2.721522E+000   9.646827E+000   2.894048E+000   7.403399E+000   6.752779E+000   6.506199E-001
   39101      22     1.420000     1.460000   4.444646E+000   2.706269E-001   1.518368E+000   4.555105E-001   4.174019E+000   1.062858E+000   3.111161E+000
   39101      23     1.460000     1.490000   3.316959E+000   4.588333E-001   2.258042E+000   6.774127E-001   2.858126E+000   1.580630E+000   1.277496E+000
   39101      24     1.490000     1.520000   3.416012E+000   7.216173E-001   2.912430E+000   8.737289E-001   2.694394E+000   2.038701E+000   6.556935E-001
   39101      25     1.520000     1.680000   2.089115E+001   1.364808E+000   7.769342E+000   2.330802E+000   1.952634E+001   5.438539E+000   1.408780E+001
   39101      26     1.680000     1.740000   7.400301E+000   1.969891E+000   7.088084E+000   2.126425E+000   5.430410E+000   4.961659E+000   4.687512E-001
   39101      27     1.740000     1.820000   6.859941E+000   1.930060E+000   6.701931E+000   2.010579E+000   4.929881E+000   4.691352E+000   2.385292E-001
   39101      28     1.820000     1.940000   7.844991E+000   1.275247E+000   5.646560E+000   1.693968E+000   6.569744E+000   3.952592E+000   2.617152E+000
   39101      29     1.940000     2.200000   1.524385E+001   4.517618E-001   2.606861E+000   7.820583E-001   1.479209E+001   1.824803E+000   1.296729E+001
   39101      30     2.200000     2.300000   5.897529E+000   1.630591E+000   5.730291E+000   1.719087E+000   4.266938E+000   4.011204E+000   2.557340E-001
   39101      31     2.300000     2.450000   6.412228E+000   1.915556E+000   6.401660E+000   1.920498E+000   4.496672E+000   4.481162E+000   1.550974E-002
   39101      32     2.450000     2.550000   2.808749E+000   5.582005E-001   2.369154E+000   7.107463E-001   2.250549E+000   1.658408E+000   5.921407E-001
   39101      33     2.550000     2.650000   2.466453E+000   1.466503E-001   9.524389E-001   2.857317E-001   2.319803E+000   6.667072E-001   1.653096E+000
   39101      34     2.650000     2.900000   5.107089E+000   1.372748E-005   7.652267E-004   2.295680E-004   5.107075E+000   5.356587E-004   5.106540E+000
   39101      35     2.900000     3.200000   4.829501E+000   3.798588E-001   2.512740E+000   7.538219E-001   4.449642E+000   1.758918E+000   2.690724E+000
   39101      36     3.200000     3.500000   4.479548E+000   1.298173E+000   4.425785E+000   1.327736E+000   3.181375E+000   3.098050E+000   8.332534E-002
   39101      37     3.500000     3.900000   5.317470E+000   7.559204E-001   3.369023E+000   1.010707E+000   4.561550E+000   2.358316E+000   2.203234E+000
   39101      38     3.900000     5.500000   8.889375E+000   6.374793E-002   4.820607E-001   1.446182E-001   8.825627E+000   3.374425E-001   8.488185E+000
   39101      39     5.500000     6.500000   2.171822E+000   6.430761E-001   2.162182E+000   6.486546E-001   1.528745E+000   1.513528E+000   1.521796E-002
   39101      40     6.500000     7.000000   6.459457E-001   4.676348E-002   3.716936E-001   1.115081E-001   5.991822E-001   2.601855E-001   3.389967E-001
   39101      41     7.000000     9.000000   1.525571E+000   3.154776E-002   2.563209E-001   7.689628E-002   1.494023E+000   1.794246E-001   1.314599E+000
   39101      42     9.000000    20.000000   1.633159E+000   2.531267E-002   2.192370E-001   6.577111E-002   1.607846E+000   1.534659E-001   1.454380E+000
   39201       1     0.200000     0.300000   5.582456E-006   3.540013E-006   2.917776E-006   8.753329E-007   2.042443E-006   2.042443E-006  -9.500342E-015
   39201       2     0.300000     0.345000   2.557270E-003   1.374824E-003   1.689209E-003   5.067628E-004   1.182447E-003   1.182447E-003  -8.478979E-013
   39201       3     0.345000     0.385000   2.512764E-003   1.152240E-003   1.943607E-003   5.830820E-004   1.360525E-003   1.360525E-003   3.397626E-012
   39201       4     0.385000     0.420000   1.293223E-002   5.311610E-003   1.088660E-002   3.265979E-003   7.620618E-003   7.620618E-003  -2.223733E-012
   39201       5     0.420000     0.450000   2.349464E-002   8.965829E-003   2.075544E-002   6.226633E-003   1.452881E-002   1.452881E-002  -4.293758E-012
   39201       6     0.450000     0.500000   1.310848E-001   4.710132E-002   1.199763E-001   3.599290E-002   8.398344E-002   8.398344E-002  -4.375153E-012
   39201       7     0.500000     0.550000   1.748537E-001   5.938044E-002   1.649618E-001   4.948854E-002   1.154733E-001   1.154733E-001   9.519247E-012
   39201       8     0.550000     0.610000   2.295775E-001   7.513671E-002   2.206297E-001   6.618892E-002   1.544408E-001   1.544408E-001   1.492381E-011
   39201       9     0.610000     0.690000   5.693172E-001   1.805662E-001   5.553585E-001   1.666076E-001   3.887510E-001   3.887510E-001   2.956024E-011
   39201      10     0.690000     0.780000   2.472789E+000   7.671523E-001   2.436624E+000   7.309872E-001   1.705637E+000   1.705637E+000  -2.170746E-010
   39201      11     0.780000     0.800000   1.063069E+000   3.229197E-001   1.046061E+000   3.138182E-001   7.401497E-001   7.322426E-001   7.907191E-003
   39201      12     0.800000     0.870000   5.878988E+000   1.800825E+000   5.823912E+000   1.747174E+000   4.078164E+000   4.076739E+000   1.425166E-003
   39201      13     0.870000     0.880000   8.736691E-001   2.597638E-001   8.574139E-001   2.572242E-001   6.139053E-001   6.001897E-001   1.371551E-002
   39201      14     0.880000     1.030000   2.249240E+001   6.829703E+000   2.237432E+001   6.712297E+000   1.566270E+001   1.566203E+001   6.767593E-004
   39201      15     1.030000     1.080000   9.248799E+000   2.417453E+000   8.564043E+000   2.569213E+000   6.831346E+000   5.994830E+000   8.365155E-001
   39201      16     1.080000     1.140000   1.173685E+001   3.469065E+000   1.161307E+001   3.483920E+000   8.267785E+000   8.129147E+000   1.386384E-001
   39201      17     1.140000     1.200000   1.143670E+001   3.434944E+000   1.139399E+001   3.418198E+000   8.001753E+000   7.975795E+000   2.595748E-002
   39201      18     1.200000     1.240000   8.097833E+000   7.870893E-001   4.070531E+000   1.221159E+000   7.310743E+000   2.849371E+000   4.461372E+000
   39201      19     1.240000     1.280000   7.733813E+000   2.136485E+000   7.464435E+000   2.239330E+000   5.597328E+000   5.225104E+000   3.722236E-001
   39201      20     1.280000     1.340000   1.109154E+001   2.086388E+000   8.893690E+000   2.668107E+000   9.005154E+000   6.225583E+000   2.779571E+000
   39201      21     1.340000     1.420000   1.012492E+001   2.721577E+000   9.646896E+000   2.894069E+000   7.403344E+000   6.752827E+000   6.505166E-001
   39201      22     1.420000     1.460000   4.444646E+000   2.707361E-001   1.518831E+000   4.556492E-001   4.173910E+000   1.063181E+000   3.110728E+000
   39201      23     1.460000     1.490000   3.316959E+000   4.589385E-001   2.258213E+000   6.774639E-001   2.858020E+000   1.580749E+000   1.277271E+000
   39201      24     1.490000     1.520000   3.416012E+000   7.216907E-001   2.912538E+000   8.737613E-001   2.694321E+000   2.038776E+000   6.555445E-001
   39201      25     1.520000     1.680000   2.089115E+001   1.365371E+000   7.771264E+000   2.331379E+000   1.952578E+001   5.439885E+000   1.408589E+001
   39201      26     1.680000     1.740000   7.400301E+000   1.969938E+000   7.088141E+000   2.126442E+000   5.430364E+000   4.961699E+000   4.686651E-001
   39201      27     1.740000     1.820000   6.859941E+000   1.930329E+000   6.702271E+000   2.010681E+000   4.929612E+000   4.691590E+000   2.380228E-001
   39201      28     1.820000     1.940000   7.844991E+000   1.275606E+000   5.647458E+000   1.694237E+000   6.569385E+000   3.953221E+000   2.616164E+000
   39201      29     1.940000     2.200000   1.524385E+001   4.519707E-001   2.607572E+000   7.822715E-001   1.479188E+001   1.825300E+000   1.296658E+001
   39201      30     2.200000     2.300000   5.897529E+000   1.630622E+000   5.730329E+000   1.719099E+000   4.266906E+000   4.011231E+000   2.556758E-001
   39201      31     2.300000     2.450000   6.412228E+000   1.915558E+000   6.401662E+000   1.920499E+000   4.496670E+000   4.481163E+000   1.550650E-002
   39201      32     2.450000     2.550000   2.808749E+000   5.583530E-001   2.369454E+000   7.108361E-001   2.250396E+000   1.658618E+000   5.917786E-001
   39201      33     2.550000     2.650000   2.466453E+000   1.466753E-001   9.526121E-001   2.857836E-001   2.319778E+000   6.668285E-001   1.652950E+000
   39201      34     2.650000     2.900000   5.107089E+000   1.372994E-005   7.725179E-004   2.317554E-004   5.107075E+000   5.407625E-004   5.106535E+000
   39201      35     2.900000     3.200000   4.829501E+000   3.801049E-001   2.513557E+000   7.540670E-001   4.449396E+000   1.759490E+000   2.689906E+000
   39201      36     3.200000     3.500000   4.479548E+000   1.298211E+000   4.425832E+000   1.327750E+000   3.181337E+000   3.098083E+000   8.325383E-002
   39201      37     3.500000     3.900000   5.317470E+000   7.559493E-001   3.369040E+000   1.010712E+000   4.561521E+000   2.358328E+000   2.203193E+000
   39201      38     3.900000     5.500000   8.889375E+000   6.380329E-002   4.823455E-001   1.447037E-001   8.825572E+000   3.376419E-001   8.487930E+000
   39201      39     5.500000     6.500000   2.171822E+000   6.430831E-001   2.162190E+000   6.486570E-001   1.528739E+000   1.513533E+000   1.520559E-002
   39201      40     6.500000     7.000000   6.459457E-001   4.674981E-002   3.716402E-001   1.114921E-001   5.991959E-001   2.601482E-001   3.390478E-001
   39201      41     7.000000     9.000000   1.525571E+000   3.156353E-002   2.563406E-001   7.690218E-002   1.494008E+000   1.794384E-001   1.314569E+000
   39201      42     9.000000    20.000000   1.633159E+000   2.539339E-002   2.195990E-001   6.587970E-002   1.607766E+000   1.537193E-001   1.454046E+000
   39301       1     0.200000     0.300000   5.582456E-006   3.540013E-006   2.917776E-006   8.753329E-007   2.042443E-006   2.042443E-006  -9.500342E-015
   39301       2     0.300000     0.345000   2.557270E-003   1.374824E-003   1.689209E-003   5.067628E-004   1.182447E-003   1.182447E-003  -8.478979E-013
   39301       3     0.345000     0.385000   2.512764E-003   1.152240E-003   1.943607E-003   5.830820E-004   1.360525E-003   1.360525E-003   3.397626E-012
   39301       4     0.385000     0.420000   1.293223E-002   5.311610E-003   1.088660E-002   3.265979E-003   7.620618E-003   7.620618E-003  -2.223733E-012
   39301       5     0.420000     0.450000   2.349464E-002   8.965829E-003   2.075544E-002   6.226633E-003   1.452881E-002   1.452881E-002  -3.482749E-012
   39301       6     0.450000     0.500000   1.310848E-001   4.710132E-002   1.199763E-001   3.599290E-002   8.398344E-002   8.398344E-002  -1.045919E-011
   39301       7     0.500000     0.550000   1.748537E-001   5.938044E-002   1.649618E-001   4.948854E-002   1.154733E-001   1.154733E-001   2.156000E-011
   39301       8     0.550000     0.610000   2.295775E-001   7.513671E-002   2.206297E-001   6.618892E-002   1.544408E-001   1.544408E-001   7.463197E-013
   39301       9     0.610000     0.690000   5.693172E-001   1.805662E-001   5.553585E-001   1.666076E-001   3.887510E-001   3.887510E-001   3.197009E-011
   39301      10     0.690000     0.780000   2.472789E+000   7.671523E-001   2.436624E+000   7.309872E-001   1.705637E+000   1.705637E+000   5.217204E-011
   39301      11     0.780000     0.800000   1.063069E+000   3.229197E-001   1.046061E+000   3.138183E-001   7.401497E-001   7.322426E-001   7.907120E-003
   39301      12     0.800000     0.870000   5.878988E+000   1.800824E+000   5.823912E+000   1.747174E+000   4.078164E+000   4.076739E+000   1.425261E-003
   39301      13     0.870000     0.880000   8.736691E-001   2.597647E-001   8.574149E-001   2.572245E-001   6.139044E-001   6.001904E-001   1.371392E-002
   39301      14     0.880000     1.030000   2.249240E+001   6.829703E+000   2.237432E+001   6.712297E+000   1.566270E+001   1.566203E+001   6.766311E-004
   39301      15     1.030000     1.080000   9.248799E+000   2.417472E+000   8.564055E+000   2.569216E+000   6.831327E+000   5.994838E+000   8.364890E-001
   39301      16     1.080000     1.140000   1.173685E+001   3.469066E+000   1.161307E+001   3.483920E+000   8.267784E+000   8.129147E+000   1.386367E-001
   39301      17     1.140000     1.200000   1.143670E+001   3.434944E+000   1.139399E+001   3.418198E+000   8.001753E+000   7.975795E+000   2.595740E-002
   39301      18     1.200000     1.240000   8.097833E+000   7.872987E-001   4.071066E+000   1.221320E+000   7.310534E+000   2.849746E+000   4.460788E+000
   39301      19     1.240000     1.280000   7.733813E+000   2.136520E+000   7.464479E+000   2.239344E+000   5.597293E+000   5.225135E+000   3.721576E-001
   39301      20     1.280000     1.340000   1.109154E+001   2.086487E+000   8.893812E+000   2.668144E+000   9.005056E+000   6.225668E+000   2.779388E+000
   39301      21     1.340000     1.420000   1.012492E+001   2.721632E+000   9.646963E+000   2.894089E+000   7.403289E+000   6.752874E+000   6.504144E-001
   39301      22     1.420000     1.460000   4.444646E+000   2.708445E-001   1.519289E+000   4.557867E-001   4.173801E+000   1.063502E+000   3.110299E+000
   39301      23     1.460000     1.490000   3.316959E+000   4.590427E-001   2.258382E+000   6.775147E-001   2.857916E+000   1.580868E+000   1.277049E+000
   39301      24     1.490000     1.520000   3.416012E+000   7.217634E-001   2.912645E+000   8.737934E-001   2.694248E+000   2.038851E+000   6.553970E-001
   39301      25     1.520000     1.680000   2.089115E+001   1.365928E+000   7.773168E+000   2.331950E+000   1.952522E+001   5.441218E+000   1.408400E+001
   39301      26     1.680000     1.740000   7.400301E+000   1.969984E+000   7.088197E+000   2.126459E+000   5.430318E+000   4.961738E+000   4.685798E-001
   39301      27     1.740000     1.820000   6.859941E+000   1.930595E+000   6.702607E+000   2.010782E+000   4.929346E+000   4.691825E+000   2.375211E-001
   39301      28     1.820000     1.940000   7.844991E+000   1.275962E+000   5.648348E+000   1.694505E+000   6.569029E+000   3.953844E+000   2.615185E+000
   39301      29     1.940000     2.200000   1.524385E+001   4.521777E-001   2.608276E+000   7.824828E-001   1.479167E+001   1.825793E+000   1.296588E+001
   39301      30     2.200000     2.300000   5.897529E+000   1.630653E+000   5.730367E+000   1.719110E+000   4.266875E+000   4.011257E+000   2.556182E-001
   39301      31     2.300000     2.450000   6.412228E+000   1.915560E+000   6.401664E+000   1.920499E+000   4.496668E+000   4.481165E+000   1.550330E-002
   39301      32     2.450000     2.550000   2.808749E+000   5.585042E-001   2.369750E+000   7.109250E-001   2.250245E+000   1.658825E+000   5.914199E-001
   39301      33     2.550000     2.650000   2.466453E+000   1.467000E-001   9.527838E-001   2.858351E-001   2.319753E+000   6.669487E-001   1.652805E+000
   39301      34     2.650000     2.900000   5.107089E+000   1.373238E-005   7.798067E-004   2.339420E-004   5.107075E+000   5.458647E-004   5.106530E+000
   39301      35     2.900000     3.200000   4.829501E+000   3.803489E-001   2.514366E+000   7.543098E-001   4.449152E+000   1.760056E+000   2.689096E+000
   39301      36     3.200000     3.500000   4.479548E+000   1.298250E+000   4.425879E+000   1.327764E+000   3.181298E+000   3.098115E+000   8.318301E-002
   39301      37     3.500000     3.900000   5.317470E+000   7.559778E-001   3.369057E+000   1.010717E+000   4.561493E+000   2.358340E+000   2.203153E+000
   39301      38     3.900000     5.500000   8.889375E+000   6.385820E-002   4.826278E-001   1.447883E-001   8.825517E+000   3.378394E-001   8.487678E+000
   39301      39     5.500000     6.500000   2.171822E+000   6.430899E-001   2.162198E+000   6.486593E-001   1.528732E+000   1.513538E+000   1.519332E-002
   39301      40     6.500000     7.000000   6.459457E-001   4.673630E-002   3.715874E-001   1.114762E-001   5.992094E-001   2.601112E-001   3.390982E-001
   39301      41     7.000000     9.000000   1.525571E+000   3.157914E-002   2.563601E-001   7.690804E-002   1.493992E+000   1.794521E-001   1.314540E+000
   39301      42     9.000000    20.000000   1.633159E+000   2.547372E-002   2.199586E-001   6.598757E-002   1.607685E+000   1.539710E-001   1.453714E+000
   39401       1     0.200000     0.300000   5.582456E-006   3.540013E-006   2.917776E-006   8.753329E-007   2.042443E-006   2.042443E-006  -9.500342E-015
   39401       2     0.300000     0.345000   2.557270E-003   1.374824E-003   1.689209E-003   5.067628E-004   1.182447E-003   1.182447E-003  -8.478979E-013
   39401       3     0.345000     0.385000   2.512764E-003   1.152240E-003   1.943607E-003   5.830820E-004   1.360525E-003   1.360525E-003   3.397626E-012
   39401       4     0.385000     0.420000   1.293223E-002   5.311610E-003   1.088660E-002   3.265979E-003   7.620618E-003   7.620618E-003  -2.223733E-012
   39401       5     0.420000     0.450000   2.349464E-002   8.965829E-003   2.075544E-002   6.226633E-003   1.452881E-002   1.452881E-002  -3.736358E-012
   39401       6     0.450000     0.500000   1.310848E-001   4.710132E-002   1.199763E-001   3.599290E-002   8.398344E-002   8.398344E-002  -1.477575E-011
   39401       7     0.500000     0.550000   1.748537E-001   5.938044E-002   1.649618E-001   4.948854E-002   1.154733E-001   1.154733E-001   3.043962E-011
   39401       8     0.550000     0.610000   2.295775E-001   7.513671E-002   2.206297E-001   6.618892E-002   1.544408E-001   1.544408E-001   2.821909E-013
   39401       9     0.610000     0.690000   5.693172E-001   1.805662E-001   5.553585E-001   1.666076E-001   3.887510E-001   3.887510E-001   1.935996E-011
   39401      10     0.690000     0.780000   2.472789E+000   7.671523E-001   2.436624E+000   7.309872E-001   1.705637E+000   1.705637E+000   1.465927E-010
   39401      11     0.780000     0.800000   1.063069E+000   3.229197E-001   1.046061E+000   3.138183E-001   7.401497E-001   7.322426E-001   7.907050E-003
   39401      12     0.800000     0.870000   5.878988E+000   1.800824E+000   5.823912E+000   1.747174E+000   4.078164E+000   4.076739E+000   1.425355E-003
   39401      13     0.870000     0.880000   8.736691E-001   2.597656E-001   8.574159E-001   2.572248E-001   6.139035E-001   6.001911E-001   1.371235E-002
   39401      14     0.880000     1.030000   2.249240E+001   6.829703E+000   2.237432E+001   6.712297E+000   1.566270E+001   1.566203E+001   6.765046E-004
   39401      15     1.030000     1.080000   9.248799E+000   2.417490E+000   8.564066E+000   2.569220E+000   6.831309E+000   5.994846E+000   8.364629E-001
   39401      16     1.080000     1.140000   1.173685E+001   3.469067E+000   1.161307E+001   3.483921E+000   8.267783E+000   8.129148E+000   1.386350E-001
   39401      17     1.140000     1.200000   1.143670E+001   3.434944E+000   1.139399E+001   3.418198E+000   8.001753E+000   7.975795E+000   2.595734E-002
   39401      18     1.200000     1.240000   8.097833E+000   7.875061E-001   4.071597E+000   1.221479E+000   7.310327E+000   2.850118E+000   4.460209E+000
   39401      19     1.240000     1.280000   7.733813E+000   2.136555E+000   7.464523E+000   2.239357E+000   5.597259E+000   5.225166E+000   3.720924E-001
   39401      20     1.280000     1.340000   1.109154E+001   2.086584E+000   8.893932E+000   2.668180E+000   9.004959E+000   6.225753E+000   2.779206E+000
   39401      21     1.340000     1.420000   1.012492E+001   2.721686E+000   9.647030E+000   2.894109E+000   7.403235E+000   6.752921E+000   6.503133E-001
   39401      22     1.420000     1.460000   4.444646E+000   2.709518E-001   1.519743E+000   4.559228E-001   4.173694E+000   1.063820E+000   3.109874E+000
   39401      23     1.460000     1.490000   3.316959E+000   4.591457E-001   2.258549E+000   6.775648E-001   2.857813E+000   1.580985E+000   1.276829E+000
   39401      24     1.490000     1.520000   3.416012E+000   7.218353E-001   2.912750E+000   8.738251E-001   2.694176E+000   2.038925E+000   6.552511E-001
   39401      25     1.520000     1.680000   2.089115E+001   1.366480E+000   7.775054E+000   2.332516E+000   1.952467E+001   5.442538E+000   1.408213E+001
   39401      26     1.680000     1.740000   7.400301E+000   1.970029E+000   7.088253E+000   2.126476E+000   5.430272E+000   4.961777E+000   4.684955E-001
   39401      27     1.740000     1.820000   6.859941E+000   1.930858E+000   6.702940E+000   2.010882E+000   4.929083E+000   4.692058E+000   2.370256E-001
   39401      28     1.820000     1.940000   7.844991E+000   1.276315E+000   5.649230E+000   1.694769E+000   6.568676E+000   3.954461E+000   2.614216E+000
   39401      29     1.940000     2.200000   1.524385E+001   4.523827E-001   2.608973E+000   7.826919E-001   1.479147E+001   1.826281E+000   1.296519E+001
   39401      30     2.200000     2.300000   5.897529E+000   1.630684E+000   5.730405E+000   1.719121E+000   4.266845E+000   4.011283E+000   2.555613E-001
   39401      31     2.300000     2.450000   6.412228E+000   1.915562E+000   6.401666E+000   1.920500E+000   4.496666E+000   4.481166E+000   1.550013E-002
   39401      32     2.450000     2.550000   2.808749E+000   5.586538E-001   2.370043E+000   7.110130E-001   2.250095E+000   1.659030E+000   5.910652E-001
   39401      33     2.550000     2.650000   2.466453E+000   1.467242E-001   9.529531E-001   2.858859E-001   2.319729E+000   6.670671E-001   1.652662E+000
   39401      34     2.650000     2.900000   5.107089E+000   1.373480E-005   7.870747E-004   2.361224E-004   5.107075E+000   5.509523E-004   5.106524E+000
   39401      35     2.900000     3.200000   4.829501E+000   3.805904E-001   2.515167E+000   7.545502E-001   4.448910E+000   1.760617E+000   2.688293E+000
   39401      36     3.200000     3.500000   4.479548E+000   1.298287E+000   4.425925E+000   1.327778E+000   3.181261E+000   3.098148E+000   8.311301E-002
   39401      37     3.500000     3.900000   5.317470E+000   7.560061E-001   3.369073E+000   1.010722E+000   4.561464E+000   2.358351E+000   2.203113E+000
   39401      38     3.900000     5.500000   8.889375E+000   6.391261E-002   4.829077E-001   1.448723E-001   8.825463E+000   3.380354E-001   8.487427E+000
   39401      39     5.500000     6.500000   2.171822E+000   6.430967E-001   2.162205E+000   6.486616E-001   1.528725E+000   1.513544E+000   1.518121E-002
   39401      40     6.500000     7.000000   6.459457E-001   4.672292E-002   3.715351E-001   1.114605E-001   5.992228E-001   2.600746E-001   3.391482E-001
   39401      41     7.000000     9.000000   1.525571E+000   3.159460E-002   2.563795E-001   7.691386E-002   1.493976E+000   1.794657E-001   1.314511E+000
   39401      42     9.000000    20.000000   1.633159E+000   2.555312E-002   2.203135E-001   6.609404E-002   1.607606E+000   1.542194E-001   1.453386E+000
   39501       1     0.200000     0.300000   5.582456E-006   3.540013E-006   2.917776E-006   8.753329E-007   2.042443E-006   2.042443E-006  -9.500342E-015
   39501       2     0.300000     0.345000   2.557270E-003   1.374824E-003   1.689209E-003   5.067628E-004   1.182447E-003   1.182447E-003  -8.478979E-013
   39501       3     0.345000     0.385000   2.512764E-003   1.152240E-003   1.943607E-003   5.830820E-004   1.360525E-003   1.360525E-003   3.397626E-012
   39501       4     0.385000     0.420000   1.293223E-002   5.311610E-003   1.088660E-002   3.265979E-003   7.620618E-003   7.620618E-003  -2.223733E-012
   39501       5     0.420000     0.450000   2.349464E-002   8.965829E-003   2.075544E-002   6.226633E-003   1.452881E-002   1.452881E-002  -3.063518E-012
   39501       6     0.450000     0.500000   1.310848E-001   4.710132E-002   1.199763E-001   3.599290E-002   8.398344E-002   8.398344E-002   2.550599E-012
   39501       7     0.500000     0.550000   1.748537E-001   5.938044E-002   1.649618E-001   4.948854E-002   1.154733E-001   1.154733E-001   2.822120E-011
   39501       8     0.550000     0.610000   2.295775E-001   7.513671E-002   2.206297E-001   6.618892E-002   1.544408E-001   1.544408E-001   3.018003E-011
   39501       9     0.610000     0.690000   5.693172E-001   1.805662E-001   5.553585E-001   1.666076E-001   3.887510E-001   3.887510E-001   1.451300E-011
   39501      10     0.690000     0.780000   2.472789E+000   7.671523E-001   2.436624E+000   7.309872E-001   1.705637E+000   1.705637E+000   9.606005E-011
   39501      11     0.780000     0.800000   1.063069E+000   3.229198E-001   1.046061E+000   3.138183E-001   7.401496E-001   7.322426E-001   7.906981E-003
   39501      12     0.800000     0.870000   5.878988E+000   1.800824E+000   5.823912E+000   1.747174E+000   4.078164E+000   4.076739E+000   1.425448E-003
   39501      13     0.870000     0.880000   8.736691E-001   2.597664E-001   8.574169E-001   2.572251E-001   6.139026E-001   6.001918E-001   1.371080E-002
   39501      14     0.880000     1.030000   2.249240E+001   6.829703E+000   2.237432E+001   6.712297E+000   1.566270E+001   1.566203E+001   6.763800E-004
   39501      15     1.030000     1.080000   9.248799E+000   2.417508E+000   8.564077E+000   2.569223E+000   6.831291E+000   5.994854E+000   8.364371E-001
   39501      16     1.080000     1.140000   1.173685E+001   3.469068E+000   1.161307E+001   3.483921E+000   8.267782E+000   8.129149E+000   1.386334E-001
   39501      17     1.140000     1.200000   1.143670E+001   3.434944E+000   1.139399E+001   3.418198E+000   8.001753E+000   7.975795E+000   2.595729E-002
   39501      18     1.200000     1.240000   8.097833E+000   7.877117E-001   4.072123E+000   1.221637E+000   7.310121E+000   2.850486E+000   4.459635E+000
   39501      19     1.240000     1.280000   7.733813E+000   2.136589E+000   7.464567E+000   2.239370E+000   5.597225E+000   5.225197E+000   3.720280E-001
   39501      20     1.280000     1.340000   1.109154E+001   2.086681E+000   8.894052E+000   2.668215E+000   9.004862E+000   6.225836E+000   2.779026E+000
   39501      21     1.340000     1.420000   1.012492E+001   2.721740E+000   9.647096E+000   2.894129E+000   7.403181E+000   6.752968E+000   6.502134E-001
   39501      22     1.420000     1.460000   4.444646E+000   2.710579E-001   1.520191E+000   4.560573E-001   4.173588E+000   1.064134E+000   3.109454E+000
   39501      23     1.460000     1.490000   3.316959E+000   4.592471E-001   2.258714E+000   6.776142E-001   2.857712E+000   1.581100E+000   1.276612E+000
   39501      24     1.490000     1.520000   3.416012E+000   7.219064E-001   2.912855E+000   8.738564E-001   2.694105E+000   2.038998E+000   6.551070E-001
   39501      25     1.520000     1.680000   2.089115E+001   1.367026E+000   7.776922E+000   2.333077E+000   1.952412E+001   5.443846E+000   1.408028E+001
   39501      26     1.680000     1.740000   7.400301E+000   1.970074E+000   7.088307E+000   2.126492E+000   5.430228E+000   4.961815E+000   4.684125E-001
   39501      27     1.740000     1.820000   6.859941E+000   1.931116E+000   6.703266E+000   2.010980E+000   4.928825E+000   4.692286E+000   2.365385E-001
   39501      28     1.820000     1.940000   7.844991E+000   1.276663E+000   5.650100E+000   1.695030E+000   6.568328E+000   3.955070E+000   2.613258E+000
   39501      29     1.940000     2.200000   1.524385E+001   4.525855E-001   2.609663E+000   7.828988E-001   1.479126E+001   1.826764E+000   1.296450E+001
   39501      30     2.200000     2.300000   5.897529E+000   1.630715E+000   5.730442E+000   1.719133E+000   4.266814E+000   4.011309E+000   2.555049E-001
   39501      31     2.300000     2.450000   6.412228E+000   1.915563E+000   6.401668E+000   1.920500E+000   4.496665E+000   4.481168E+000   1.549701E-002
   39501      32     2.450000     2.550000   2.808749E+000   5.588012E-001   2.370333E+000   7.110998E-001   2.249948E+000   1.659233E+000   5.907152E-001
   39501      33     2.550000     2.650000   2.466453E+000   1.467473E-001   9.531185E-001   2.859356E-001   2.319706E+000   6.671830E-001   1.652523E+000
   39501      34     2.650000     2.900000   5.107089E+000   1.373721E-005   7.942969E-004   2.382891E-004   5.107075E+000   5.560078E-004   5.106519E+000
   39501      35     2.900000     3.200000   4.829501E+000   3.808293E-001   2.515959E+000   7.547878E-001   4.448672E+000   1.761171E+000   2.687500E+000
   39501      36     3.200000     3.500000   4.479548E+000   1.298324E+000   4.425971E+000   1.327791E+000   3.181223E+000   3.098179E+000   8.304401E-002
   39501      37     3.500000     3.900000   5.317470E+000   7.560341E-001   3.369089E+000   1.010727E+000   4.561436E+000   2.358362E+000   2.203074E+000
   39501      38     3.900000     5.500000   8.889375E+000   6.396648E-002   4.831860E-001   1.449558E-001   8.825409E+000   3.382302E-001   8.487179E+000
   39501      39     5.500000     6.500000   2.171822E+000   6.431033E-001   2.162213E+000   6.486638E-001   1.528718E+000   1.513549E+000   1.516939E-002
   39501      40     6.500000     7.000000   6.459457E-001   4.670957E-002   3.714830E-001   1.114449E-001   5.992362E-001   2.600381E-001   3.391981E-001
   39501      41     7.000000     9.000000   1.525571E+000   3.161002E-002   2.563989E-001   7.691966E-002   1.493961E+000   1.794792E-001   1.314482E+000
   39501      42     9.000000    20.000000   1.633159E+000   2.563082E-002   2.206604E-001   6.619812E-002   1.607528E+000   1.544623E-001   1.453066E+000
   39601       1     0.200000     0.300000   5.582456E-006   3.540013E-006   2.917776E-006   8.753329E-007   2.042443E-006   2.042443E-006  -9.500342E-015
   39601       2     0.300000     0.345000   2.557270E-003   1.374824E-003   1.689209E-003   5.067628E-004   1.182447E-003   1.182447E-003  -8.478979E-013
   39601       3     0.345000     0.385000   2.512764E-003   1.152240E-003   1.943607E-003   5.830820E-004   1.360525E-003   1.360525E-003   3.397626E-012
   39601       4     0.385000     0.420000   1.293223E-002   5.311610E-003   1.088660E-002   3.265979E-003   7.620618E-003   7.620618E-003  -2.035195E-012
   39601       5     0.420000     0.450000   2.349464E-002   8.965829E-003   2.075544E-002   6.226633E-003   1.452881E-002   1.452881E-002  -2.659250E-012
   39601       6     0.450000     0.500000   1.310848E-001   4.710132E-002   1.199763E-001   3.599290E-002   8.398344E-002   8.398344E-002   1.434963E-014
   39601       7     0.500000     0.550000   1.748537E-001   5.938044E-002   1.649618E-001   4.948854E-002   1.154733E-001   1.154733E-001   2.456411E-011
   39601       8     0.550000     0.610000   2.295775E-001   7.513671E-002   2.206297E-001   6.618892E-002   1.544408E-001   1.544408E-001   2.354994E-011
   39601       9     0.610000     0.690000   5.693172E-001   1.805662E-001   5.553585E-001   1.666076E-001   3.887510E-001   3.887510E-001   3.358402E-011
   39601      10     0.690000     0.780000   2.472789E+000   7.671523E-001   2.436624E+000   7.309872E-001   1.705637E+000   1.705637E+000   2.519562E-011
   39601      11     0.780000     0.800000   1.063069E+000   3.229198E-001   1.046061E+000   3.138183E-001   7.401496E-001   7.322427E-001   7.906912E-003
   39601      12     0.800000     0.870000   5.878988E+000   1.800824E+000   5.823912E+000   1.747174E+000   4.078164E+000   4.076739E+000   1.425541E-003
   39601      13     0.870000     0.880000   8.736691E-001   2.597673E-001   8.574179E-001   2.572254E-001   6.139018E-001   6.001925E-001   1.370927E-002
   39601      14     0.880000     1.030000   2.249240E+001   6.829703E+000   2.237432E+001   6.712297E+000   1.566270E+001   1.566203E+001   6.762565E-004
   39601      15     1.030000     1.080000   9.248799E+000   2.417525E+000   8.564089E+000   2.569227E+000   6.831273E+000   5.994862E+000   8.364115E-001
   39601      16     1.080000     1.140000   1.173685E+001   3.469069E+000   1.161307E+001   3.483921E+000   8.267781E+000   8.129150E+000   1.386318E-001
   39601      17     1.140000     1.200000   1.143670E+001   3.434944E+000   1.139399E+001   3.418198E+000   8.001753E+000   7.975795E+000   2.595724E-002
   39601      18     1.200000     1.240000   8.097833E+000   7.879157E-001   4.072645E+000   1.221793E+000   7.309917E+000   2.850851E+000   4.459066E+000
   39601      19     1.240000     1.280000   7.733813E+000   2.136623E+000   7.464610E+000   2.239383E+000   5.597191E+000   5.225227E+000   3.719642E-001
   39601      20     1.280000     1.340000   1.109154E+001   2.086776E+000   8.894170E+000   2.668251E+000   9.004767E+000   6.225919E+000   2.778848E+000
   39601      21     1.340000     1.420000   1.012492E+001   2.721793E+000   9.647162E+000   2.894149E+000   7.403128E+000   6.753013E+000   6.501142E-001
   39601      22     1.420000     1.460000   4.444646E+000   2.711634E-001   1.520636E+000   4.561909E-001   4.173482E+000   1.064446E+000   3.109037E+000
   39601      23     1.460000     1.490000   3.316959E+000   4.593477E-001   2.258877E+000   6.776631E-001   2.857611E+000   1.581214E+000   1.276397E+000
   39601      24     1.490000     1.520000   3.416012E+000   7.219768E-001   2.912958E+000   8.738875E-001   2.694035E+000   2.039071E+000   6.549640E-001
   39601      25     1.520000     1.680000   2.089115E+001   1.367568E+000   7.778777E+000   2.333633E+000   1.952358E+001   5.445144E+000   1.407844E+001
   39601      26     1.680000     1.740000   7.400301E+000   1.970118E+000   7.088362E+000   2.126508E+000   5.430183E+000   4.961853E+000   4.683301E-001
   39601      27     1.740000     1.820000   6.859941E+000   1.931373E+000   6.703590E+000   2.011077E+000   4.928568E+000   4.692513E+000   2.360551E-001
   39601      28     1.820000     1.940000   7.844991E+000   1.277008E+000   5.650964E+000   1.695289E+000   6.567983E+000   3.955675E+000   2.612307E+000
   39601      29     1.940000     2.200000   1.524385E+001   4.527869E-001   2.610347E+000   7.831041E-001   1.479106E+001   1.827243E+000   1.296382E+001
   39601      30     2.200000     2.300000   5.897529E+000   1.630745E+000   5.730478E+000   1.719144E+000   4.266784E+000   4.011335E+000   2.554491E-001
   39601      31     2.300000     2.450000   6.412228E+000   1.915565E+000   6.401670E+000   1.920501E+000   4.496663E+000   4.481169E+000   1.549390E-002
   39601      32     2.450000     2.550000   2.808749E+000   5.589476E-001   2.370620E+000   7.111859E-001   2.249802E+000   1.659434E+000   5.903678E-001
   39601      33     2.550000     2.650000   2.466453E+000   1.467703E-001   9.532828E-001   2.859848E-001   2.319683E+000   6.672980E-001   1.652385E+000
   39601      34     2.650000     2.900000   5.107089E+000   1.373960E-005   8.015289E-004   2.404587E-004   5.107075E+000   5.610702E-004   5.106514E+000
   39601      35     2.900000     3.200000   4.829501E+000   3.810666E-001   2.516746E+000   7.550237E-001   4.448434E+000   1.761722E+000   2.686712E+000
   39601      36     3.200000     3.500000   4.479548E+000   1.298361E+000   4.426016E+000   1.327805E+000   3.181186E+000   3.098211E+000   8.297555E-002
   39601      37     3.500000     3.900000   5.317470E+000   7.560618E-001   3.369105E+000   1.010732E+000   4.561409E+000   2.358374E+000   2.203035E+000
   39601      38     3.900000     5.500000   8.889375E+000   6.402001E-002   4.834622E-001   1.450387E-001   8.825355E+000   3.384236E-001   8.486932E+000
   39601      39     5.500000     6.500000   2.171822E+000   6.431099E-001   2.162220E+000   6.486660E-001   1.528712E+000   1.513554E+000   1.515768E-002
   39601      40     6.500000     7.000000   6.459457E-001   4.669630E-002   3.714310E-001   1.114293E-001   5.992494E-001   2.600017E-001   3.392477E-001
   39601      41     7.000000     9.000000   1.525571E+000   3.162538E-002   2.564182E-001   7.692546E-002   1.493946E+000   1.794927E-001   1.314453E+000
   39601      42     9.000000    20.000000   1.633159E+000   2.570829E-002   2.210057E-001   6.630172E-002   1.607451E+000   1.547040E-001   1.452747E+000
   39701       1     0.200000     0.300000   5.582456E-006   3.540013E-006   2.917776E-006   8.753329E-007   2.042443E-006   2.042443E-006  -9.500342E-015
   39701       2     0.300000     0.345000   2.557270E-003   1.374824E-003   1.689209E-003   5.067628E-004   1.182447E-003   1.182447E-003  -8.478979E-013
   39701       3     0.345000     0.385000   2.512764E-003   1.152240E-003   1.943607E-003   5.830820E-004   1.360525E-003   1.360525E-003   3.397626E-012
   39701       4     0.385000     0.420000   1.293223E-002   5.311610E-003   1.088660E-002   3.265979E-003   7.620618E-003   7.620618E-003  -2.035195E-012
   39701       5     0.420000     0.450000   2.349464E-002   8.965829E-003   2.075544E-002   6.226633E-003   1.452881E-002   1.452881E-002  -2.669854E-012
   39701       6     0.450000     0.500000   1.310848E-001   4.710132E-002   1.199763E-001   3.599290E-002   8.398344E-002   8.398344E-002   1.877944E-011
   39701       7     0.500000     0.550000   1.748537E-001   5.938044E-002   1.649618E-001   4.948854E-002   1.154733E-001   1.154733E-001   1.995012E-011
   39701       8     0.550000     0.610000   2.295775E-001   7.513671E-002   2.206297E-001   6.618892E-002   1.544408E-001   1.544408E-001   3.290984E-011
   39701       9     0.610000     0.690000   5.693172E-001   1.805662E-001   5.553585E-001   1.666076E-001   3.887510E-001   3.887510E-001   3.555695E-011
   39701      10     0.690000     0.780000   2.472789E+000   7.671523E-001   2.436624E+000   7.309872E-001   1.705637E+000   1.705637E+000   1.339604E-010
   39701      11     0.780000     0.800000   1.063069E+000   3.229199E-001   1.046061E+000   3.138183E-001   7.401496E-001   7.322427E-001   7.906844E-003
   39701      12     0.800000     0.870000   5.878988E+000   1.800824E+000   5.823912E+000   1.747174E+000   4.078164E+000   4.076738E+000   1.425632E-003
   39701      13     0.870000     0.880000   8.736691E-001   2.597681E-001   8.574188E-001   2.572256E-001   6.139009E-001   6.001932E-001   1.370774E-002
   39701      14     0.880000     1.030000   2.249240E+001   6.829703E+000   2.237432E+001   6.712297E+000   1.566270E+001   1.566203E+001   6.761339E-004
   39701      15     1.030000     1.080000   9.248799E+000   2.417543E+000   8.564100E+000   2.569230E+000   6.831256E+000   5.994870E+000   8.363861E-001
   39701      16     1.080000     1.140000   1.173685E+001   3.469070E+000   1.161307E+001   3.483922E+000   8.267780E+000   8.129150E+000   1.386302E-001
   39701      17     1.140000     1.200000   1.143670E+001   3.434944E+000   1.139399E+001   3.418198E+000   8.001753E+000   7.975795E+000   2.595719E-002
   39701      18     1.200000     1.240000   8.097833E+000   7.881183E-001   4.073162E+000   1.221949E+000   7.309714E+000   2.851214E+000   4.458501E+000
   39701      19     1.240000     1.280000   7.733813E+000   2.136656E+000   7.464652E+000   2.239396E+000   5.597157E+000   5.225257E+000   3.719008E-001
   39701      20     1.280000     1.340000   1.109154E+001   2.086871E+000   8.894287E+000   2.668286E+000   9.004672E+000   6.226001E+000   2.778671E+000
   39701      21     1.340000     1.420000   1.012492E+001   2.721846E+000   9.647227E+000   2.894168E+000   7.403075E+000   6.753059E+000   6.500158E-001
   39701      22     1.420000     1.460000   4.444646E+000   2.712682E-001   1.521079E+000   4.563237E-001   4.173377E+000   1.064755E+000   3.108622E+000
   39701      23     1.460000     1.490000   3.316959E+000   4.594476E-001   2.259039E+000   6.777118E-001   2.857511E+000   1.581327E+000   1.276184E+000
   39701      24     1.490000     1.520000   3.416012E+000   7.220467E-001   2.913061E+000   8.739183E-001   2.693965E+000   2.039143E+000   6.548222E-001
   39701      25     1.520000     1.680000   2.089115E+001   1.368107E+000   7.780617E+000   2.334185E+000   1.952304E+001   5.446432E+000   1.407661E+001
   39701      26     1.680000     1.740000   7.400301E+000   1.970162E+000   7.088416E+000   2.126525E+000   5.430139E+000   4.961891E+000   4.682484E-001
   39701      27     1.740000     1.820000   6.859941E+000   1.931628E+000   6.703912E+000   2.011174E+000   4.928314E+000   4.692739E+000   2.355751E-001
   39701      28     1.820000     1.940000   7.844991E+000   1.277352E+000   5.651823E+000   1.695547E+000   6.567639E+000   3.956276E+000   2.611363E+000
   39701      29     1.940000     2.200000   1.524385E+001   4.529868E-001   2.611026E+000   7.833079E-001   1.479086E+001   1.827718E+000   1.296314E+001
   39701      30     2.200000     2.300000   5.897529E+000   1.630775E+000   5.730515E+000   1.719154E+000   4.266754E+000   4.011360E+000   2.553936E-001
   39701      31     2.300000     2.450000   6.412228E+000   1.915567E+000   6.401672E+000   1.920502E+000   4.496661E+000   4.481170E+000   1.549082E-002
   39701      32     2.450000     2.550000   2.808749E+000   5.590930E-001   2.370905E+000   7.112714E-001   2.249656E+000   1.659633E+000   5.900229E-001
   39701      33     2.550000     2.650000   2.466453E+000   1.467930E-001   9.534461E-001   2.860338E-001   2.319660E+000   6.674122E-001   1.652248E+000
   39701      34     2.650000     2.900000   5.107089E+000   1.374197E-005   8.087710E-004   2.426313E-004   5.107075E+000   5.661397E-004   5.106509E+000
   39701      35     2.900000     3.200000   4.829501E+000   3.813022E-001   2.517526E+000   7.552579E-001   4.448199E+000   1.762268E+000   2.685930E+000
   39701      36     3.200000     3.500000   4.479548E+000   1.298398E+000   4.426060E+000   1.327818E+000   3.181150E+000   3.098242E+000   8.290762E-002
   39701      37     3.500000     3.900000   5.317470E+000   7.560893E-001   3.369121E+000   1.010736E+000   4.561381E+000   2.358385E+000   2.202996E+000
   39701      38     3.900000     5.500000   8.889375E+000   6.407321E-002   4.837367E-001   1.451210E-001   8.825302E+000   3.386157E-001   8.486686E+000
   39701      39     5.500000     6.500000   2.171822E+000   6.431164E-001   2.162227E+000   6.486682E-001   1.528705E+000   1.513559E+000   1.514606E-002
   39701      40     6.500000     7.000000   6.459457E-001   4.668312E-002   3.713794E-001   1.114138E-001   5.992626E-001   2.599656E-001   3.392970E-001
   39701      41     7.000000     9.000000   1.525571E+000   3.164061E-002   2.564374E-001   7.693122E-002   1.493930E+000   1.795062E-001   1.314424E+000
   39701      42     9.000000    20.000000   1.633159E+000   2.578554E-002   2.213495E-001   6.640484E-002   1.607373E+000   1.549446E-001   1.452429E+000
   39801       1     0.200000     0.300000   5.582456E-006   3.540013E-006   2.917776E-006   8.753329E-007   2.042443E-006   2.042443E-006  -9.500342E-015
   39801       2     0.300000     0.345000   2.557270E-003   1.374824E-003   1.689209E-003   5.067628E-004   1.182447E-003   1.182447E-003  -8.478979E-013
   39801       3     0.345000     0.385000   2.512764E-003   1.152240E-003   1.943607E-003   5.830820E-004   1.360525E-003   1.360525E-003   3.397626E-012
   39801       4     0.385000     0.420000   1.293223E-002   5.311610E-003   1.088660E-002   3.265979E-003   7.620618E-003   7.620618E-003  -1.516795E-012
   39801       5     0.420000     0.450000   2.349464E-002   8.965829E-003   2.075544E-002   6.226633E-003   1.452881E-002   1.452881E-002   5.682798E-013
   39801       6     0.450000     0.500000   1.310848E-001   4.710132E-002   1.199763E-001   3.599290E-002   8.398344E-002   8.398344E-002   2.370158E-011
   39801       7     0.500000     0.550000   1.748537E-001   5.938044E-002   1.649618E-001   4.948854E-002   1.154733E-001   1.154733E-001   1.432515E-011
   39801       8     0.550000     0.610000   2.295775E-001   7.513671E-002   2.206297E-001   6.618892E-002   1.544408E-001   1.544408E-001   1.512820E-011
   39801       9     0.610000     0.690000   5.693172E-001   1.805662E-001   5.553585E-001   1.666076E-001   3.887510E-001   3.887510E-001   6.973838E-011
   39801      10     0.690000     0.780000   2.472789E+000   7.671523E-001   2.436624E+000   7.309872E-001   1.705637E+000   1.705637E+000   1.582294E-010
   39801      11     0.780000     0.800000   1.063069E+000   3.229199E-001   1.046061E+000   3.138183E-001   7.401495E-001   7.322427E-001   7.906776E-003
   39801      12     0.800000     0.870000   5.878988E+000   1.800824E+000   5.823912E+000   1.747174E+000   4.078164E+000   4.076738E+000   1.425723E-003
   39801      13     0.870000     0.880000   8.736691E-001   2.597690E-001   8.574198E-001   2.572259E-001   6.139001E-001   6.001938E-001   1.370623E-002
   39801      14     0.880000     1.030000   2.249240E+001   6.829703E+000   2.237432E+001   6.712297E+000   1.566270E+001   1.566203E+001   6.760122E-004
   39801      15     1.030000     1.080000   9.248799E+000   2.417560E+000   8.564111E+000   2.569233E+000   6.831238E+000   5.994878E+000   8.363609E-001
   39801      16     1.080000     1.140000   1.173685E+001   3.469070E+000   1.161307E+001   3.483922E+000   8.267779E+000   8.129151E+000   1.386286E-001
   39801      17     1.140000     1.200000   1.143670E+001   3.434944E+000   1.139399E+001   3.418198E+000   8.001753E+000   7.975795E+000   2.595714E-002
   39801      18     1.200000     1.240000   8.097833E+000   7.883194E-001   4.073677E+000   1.222103E+000   7.309513E+000   2.851574E+000   4.457940E+000
   39801      19     1.240000     1.280000   7.733813E+000   2.136689E+000   7.464695E+000   2.239408E+000   5.597124E+000   5.225286E+000   3.718380E-001
   39801      20     1.280000     1.340000   1.109154E+001   2.086965E+000   8.894404E+000   2.668321E+000   9.004577E+000   6.226083E+000   2.778495E+000
   39801      21     1.340000     1.420000   1.012492E+001   2.721899E+000   9.647292E+000   2.894188E+000   7.403022E+000   6.753104E+000   6.499182E-001
   39801      22     1.420000     1.460000   4.444646E+000   2.713725E-001   1.521519E+000   4.564557E-001   4.173273E+000   1.065063E+000   3.108210E+000
   39801      23     1.460000     1.490000   3.316959E+000   4.595468E-001   2.259200E+000   6.777600E-001   2.857412E+000   1.581440E+000   1.275972E+000
   39801      24     1.490000     1.520000   3.416012E+000   7.221161E-001   2.913163E+000   8.739489E-001   2.693895E+000   2.039214E+000   6.546814E-001
   39801      25     1.520000     1.680000   2.089115E+001   1.368642E+000   7.782445E+000   2.334734E+000   1.952251E+001   5.447712E+000   1.407479E+001
   39801      26     1.680000     1.740000   7.400301E+000   1.970206E+000   7.088469E+000   2.126541E+000   5.430096E+000   4.961928E+000   4.681672E-001
   39801      27     1.740000     1.820000   6.859941E+000   1.931881E+000   6.704232E+000   2.011270E+000   4.928061E+000   4.692962E+000   2.350985E-001
   39801      28     1.820000     1.940000   7.844991E+000   1.277693E+000   5.652675E+000   1.695803E+000   6.567298E+000   3.956873E+000   2.610425E+000
   39801      29     1.940000     2.200000   1.524385E+001   4.531854E-001   2.611701E+000   7.835103E-001   1.479066E+001   1.828191E+000   1.296247E+001
   39801      30     2.200000     2.300000   5.897529E+000   1.630804E+000   5.730551E+000   1.719165E+000   4.266724E+000   4.011386E+000   2.553386E-001
   39801      31     2.300000     2.450000   6.412228E+000   1.915569E+000   6.401674E+000   1.920502E+000   4.496659E+000   4.481172E+000   1.548777E-002
   39801      32     2.450000     2.550000   2.808749E+000   5.592374E-001   2.371188E+000   7.113564E-001   2.249512E+000   1.659832E+000   5.896803E-001
   39801      33     2.550000     2.650000   2.466453E+000   1.468156E-001   9.536083E-001   2.860825E-001   2.319638E+000   6.675258E-001   1.652112E+000
   39801      34     2.650000     2.900000   5.107089E+000   1.374433E-005   8.160249E-004   2.448075E-004   5.107075E+000   5.712174E-004   5.106504E+000
   39801      35     2.900000     3.200000   4.829501E+000   3.815364E-001   2.518302E+000   7.554906E-001   4.447965E+000   1.762811E+000   2.685153E+000
   39801      36     3.200000     3.500000   4.479548E+000   1.298434E+000   4.426105E+000   1.327831E+000   3.181113E+000   3.098273E+000   8.284019E-002
   39801      37     3.500000     3.900000   5.317470E+000   7.561167E-001   3.369137E+000   1.010741E+000   4.561354E+000   2.358396E+000   2.202958E+000
   39801      38     3.900000     5.500000   8.889375E+000   6.412610E-002   4.840093E-001   1.452028E-001   8.825249E+000   3.388065E-001   8.486443E+000
   39801      39     5.500000     6.500000   2.171822E+000   6.431228E-001   2.162235E+000   6.486704E-001   1.528699E+000   1.513564E+000   1.513452E-002
   39801      40     6.500000     7.000000   6.459457E-001   4.667005E-002   3.713282E-001   1.113985E-001   5.992757E-001   2.599297E-001   3.393459E-001
   39801      41     7.000000     9.000000   1.525571E+000   3.165573E-002   2.564565E-001   7.693694E-002   1.493915E+000   1.795195E-001   1.314396E+000
   39801      42     9.000000    20.000000   1.633159E+000   2.586257E-002   2.216917E-001   6.650752E-002   1.607296E+000   1.551842E-001   1.452112E+000
   39901       1     0.200000     0.300000   5.582456E-006   3.540013E-006   2.917776E-006   8.753329E-007   2.042443E-006   2.042443E-006  -9.500342E-015
   39901       2     0.300000     0.345000   2.557270E-003   1.374824E-003   1.689209E-003   5.067628E-004   1.182447E-003   1.182447E-003  -8.478979E-013
   39901       3     0.345000     0.385000   2.512764E-003   1.152240E-003   1.943607E-003   5.830820E-004   1.360525E-003   1.360525E-003   3.397626E-012
   39901       4     0.385000     0.420000   1.293223E-002   5.311610E-003   1.088660E-002   3.265979E-003   7.620618E-003   7.620618E-003  -1.516795E-012
   39901       5     0.420000     0.450000   2.349464E-002   8.965829E-003   2.075544E-002   6.226633E-003   1.452881E-002   1.452881E-002   1.661084E-013
   39901       6     0.450000     0.500000   1.310848E-001   4.710132E-002   1.199763E-001   3.599290E-002   8.398344E-002   8.398344E-002   2.108277E-011
   39901       7     0.500000     0.550000   1.748537E-001   5.938044E-002   1.649618E-001   4.948854E-002   1.154733E-001   1.154733E-001   3.189241E-011
   39901       8     0.550000     0.610000   2.295775E-001   7.513671E-002   2.206297E-001   6.618892E-002   1.544408E-001   1.544408E-001   1.894901E-011
   39901       9     0.610000     0.690000   5.693172E-001   1.805662E-001   5.553585E-001   1.666076E-001   3.887510E-001   3.887510E-001   7.934164E-011
   39901      10     0.690000     0.780000   2.472789E+000   7.671523E-001   2.436624E+000   7.309872E-001   1.705637E+000   1.705637E+000   1.638218E-010
   39901      11     0.780000     0.800000   1.063069E+000   3.229199E-001   1.046061E+000   3.138183E-001   7.401495E-001   7.322428E-001   7.906709E-003
   39901      12     0.800000     0.870000   5.878988E+000   1.800824E+000   5.823912E+000   1.747174E+000   4.078164E+000   4.076738E+000   1.425813E-003
   39901      13     0.870000     0.880000   8.736691E-001   2.597698E-001   8.574207E-001   2.572262E-001   6.138992E-001   6.001945E-001   1.370472E-002
   39901      14     0.880000     1.030000   2.249240E+001   6.829703E+000   2.237432E+001   6.712297E+000   1.566270E+001   1.566203E+001   6.758915E-004
   39901      15     1.030000     1.080000   9.248799E+000   2.417578E+000   8.564122E+000   2.569236E+000   6.831221E+000   5.994885E+000   8.363359E-001
   39901      16     1.080000     1.140000   1.173685E+001   3.469071E+000   1.161307E+001   3.483922E+000   8.267779E+000   8.129152E+000   1.386270E-001
   39901      17     1.140000     1.200000   1.143670E+001   3.434944E+000   1.139399E+001   3.418198E+000   8.001753E+000   7.975795E+000   2.595709E-002
   39901      18     1.200000     1.240000   8.097833E+000   7.885192E-001   4.074187E+000   1.222256E+000   7.309314E+000   2.851931E+000   4.457383E+000
   39901      19     1.240000     1.280000   7.733813E+000   2.136722E+000   7.464737E+000   2.239421E+000   5.597091E+000   5.225316E+000   3.717756E-001
   39901      20     1.280000     1.340000   1.109154E+001   2.087059E+000   8.894519E+000   2.668356E+000   9.004484E+000   6.226163E+000   2.778321E+000
   39901      21     1.340000     1.420000   1.012492E+001   2.721951E+000   9.647356E+000   2.894207E+000   7.402970E+000   6.753149E+000   6.498213E-001
   39901      22     1.420000     1.460000   4.444646E+000   2.714761E-001   1.521956E+000   4.565869E-001   4.173170E+000   1.065369E+000   3.107800E+000
   39901      23     1.460000     1.490000   3.316959E+000   4.596453E-001   2.259360E+000   6.778079E-001   2.857314E+000   1.581552E+000   1.275762E+000
   39901      24     1.490000     1.520000   3.416012E+000   7.221850E-001   2.913264E+000   8.739792E-001   2.693827E+000   2.039285E+000   6.545417E-001
   39901      25     1.520000     1.680000   2.089115E+001   1.369174E+000   7.784261E+000   2.335278E+000   1.952197E+001   5.448983E+000   1.407299E+001
   39901      26     1.680000     1.740000   7.400301E+000   1.970249E+000   7.088522E+000   2.126557E+000   5.430052E+000   4.961965E+000   4.680867E-001
   39901      27     1.740000     1.820000   6.859941E+000   1.932132E+000   6.704549E+000   2.011365E+000   4.927809E+000   4.693184E+000   2.346251E-001
   39901      28     1.820000     1.940000   7.844991E+000   1.278033E+000   5.653522E+000   1.696057E+000   6.566958E+000   3.957465E+000   2.609493E+000
   39901      29     1.940000     2.200000   1.524385E+001   4.533827E-001   2.612371E+000   7.837113E-001   1.479047E+001   1.828660E+000   1.296181E+001
   39901      30     2.200000     2.300000   5.897529E+000   1.630834E+000   5.730587E+000   1.719176E+000   4.266695E+000   4.011411E+000   2.552840E-001
   39901      31     2.300000     2.450000   6.412228E+000   1.915570E+000   6.401676E+000   1.920503E+000   4.496658E+000   4.481173E+000   1.548474E-002
   39901      32     2.450000     2.550000   2.808749E+000   5.593809E-001   2.371469E+000   7.114407E-001   2.249368E+000   1.660028E+000   5.893400E-001
   39901      33     2.550000     2.650000   2.466453E+000   1.468380E-001   9.537695E-001   2.861308E-001   2.319615E+000   6.676386E-001   1.651977E+000
   39901      34     2.650000     2.900000   5.107089E+000   1.374667E-005   8.232922E-004   2.469877E-004   5.107075E+000   5.763045E-004   5.106499E+000
   39901      35     2.900000     3.200000   4.829501E+000   3.817691E-001   2.519072E+000   7.557217E-001   4.447732E+000   1.763351E+000   2.684381E+000
   39901      36     3.200000     3.500000   4.479548E+000   1.298470E+000   4.426149E+000   1.327845E+000   3.181077E+000   3.098304E+000   8.277325E-002
   39901      37     3.500000     3.900000   5.317470E+000   7.561438E-001   3.369152E+000   1.010746E+000   4.561327E+000   2.358406E+000   2.202920E+000
   39901      38     3.900000     5.500000   8.889375E+000   6.417868E-002   4.842802E-001   1.452841E-001   8.825197E+000   3.389961E-001   8.486200E+000
   39901      39     5.500000     6.500000   2.171822E+000   6.431292E-001   2.162242E+000   6.486726E-001   1.528692E+000   1.513569E+000   1.512308E-002
   39901      40     6.500000     7.000000   6.459457E-001   4.665706E-002   3.712774E-001   1.113832E-001   5.992887E-001   2.598941E-001   3.393945E-001
   39901      41     7.000000     9.000000   1.525571E+000   3.167073E-002   2.564754E-001   7.694262E-002   1.493900E+000   1.795328E-001   1.314368E+000
   39901      42     9.000000    20.000000   1.633159E+000   2.593944E-002   2.220327E-001   6.660980E-002   1.607219E+000   1.554229E-001   1.451797E+000
   40001       1     0.200000     0.300000   5.582456E-006   3.540013E-006   2.917776E-006   8.753329E-007   2.042443E-006   2.042443E-006  -9.500342E-015
   40001       2     0.300000     0.345000   2.557270E-003   1.374824E-003   1.689209E-003   5.067628E-004   1.182447E-003   1.182447E-003  -8.478979E-013
   40001       3     0.345000     0.385000   2.512764E-003   1.152240E-003   1.943607E-003   5.830820E-004   1.360525E-003   1.360525E-003   3.397626E-012
   40001       4     0.385000     0.420000   1.293223E-002   5.311610E-003   1.088660E-002   3.265979E-003   7.620618E-003   7.620618E-003  -1.195848E-012
   40001       5     0.420000     0.450000   2.349464E-002   8.965829E-003   2.075544E-002   6.226633E-003   1.452881E-002   1.452881E-002  -8.225538E-013
   40001       6     0.450000     0.500000   1.310848E-001   4.710132E-002   1.199763E-001   3.599290E-002   8.398344E-002   8.398344E-002   1.974548E-011
   40001       7     0.500000     0.550000   1.748537E-001   5.938044E-002   1.649618E-001   4.948854E-002   1.154733E-001   1.154733E-001   2.713406E-011
   40001       8     0.550000     0.610000   2.295775E-001   7.513671E-002   2.206297E-001   6.618892E-002   1.544408E-001   1.544408E-001   7.031065E-011
   40001       9     0.610000     0.690000   5.693172E-001   1.805662E-001   5.553585E-001   1.666076E-001   3.887510E-001   3.887510E-001   7.934936E-011
   40001      10     0.690000     0.780000   2.472789E+000   7.671523E-001   2.436624E+000   7.309872E-001   1.705637E+000   1.705637E+000   3.641820E-011
   40001      11     0.780000     0.800000   1.063069E+000   3.229200E-001   1.046061E+000   3.138183E-001   7.401494E-001   7.322428E-001   7.906642E-003
   40001      12     0.800000     0.870000   5.878988E+000   1.800824E+000   5.823912E+000   1.747174E+000   4.078164E+000   4.076738E+000   1.425903E-003
   40001      13     0.870000     0.880000   8.736691E-001   2.597707E-001   8.574217E-001   2.572265E-001   6.138984E-001   6.001952E-001   1.370323E-002
   40001      14     0.880000     1.030000   2.249240E+001   6.829703E+000   2.237432E+001   6.712297E+000   1.566270E+001   1.566203E+001   6.757716E-004
   40001      15     1.030000     1.080000   9.248799E+000   2.417595E+000   8.564133E+000   2.569240E+000   6.831204E+000   5.994893E+000   8.363111E-001
   40001      16     1.080000     1.140000   1.173685E+001   3.469072E+000   1.161307E+001   3.483922E+000   8.267778E+000   8.129152E+000   1.386255E-001
   40001      17     1.140000     1.200000   1.143670E+001   3.434944E+000   1.139399E+001   3.418198E+000   8.001752E+000   7.975795E+000   2.595704E-002
   40001      18     1.200000     1.240000   8.097833E+000   7.887176E-001   4.074694E+000   1.222408E+000   7.309115E+000   2.852286E+000   4.456829E+000
   40001      19     1.240000     1.280000   7.733813E+000   2.136755E+000   7.464778E+000   2.239433E+000   5.597058E+000   5.225345E+000   3.717136E-001
   40001      20     1.280000     1.340000   1.109154E+001   2.087152E+000   8.894634E+000   2.668390E+000   9.004391E+000   6.226244E+000   2.778147E+000
   40001      21     1.340000     1.420000   1.012492E+001   2.722002E+000   9.647419E+000   2.894226E+000   7.402919E+000   6.753194E+000   6.497251E-001
   40001      22     1.420000     1.460000   4.444646E+000   2.715792E-001   1.522391E+000   4.567173E-001   4.173067E+000   1.065674E+000   3.107393E+000
   40001      23     1.460000     1.490000   3.316959E+000   4.597431E-001   2.259518E+000   6.778555E-001   2.857216E+000   1.581663E+000   1.275553E+000
   40001      24     1.490000     1.520000   3.416012E+000   7.222534E-001   2.913365E+000   8.740094E-001   2.693758E+000   2.039355E+000   6.544030E-001
   40001      25     1.520000     1.680000   2.089115E+001   1.369702E+000   7.786064E+000   2.335819E+000   1.952145E+001   5.450245E+000   1.407120E+001
   40001      26     1.680000     1.740000   7.400301E+000   1.970292E+000   7.088575E+000   2.126572E+000   5.430009E+000   4.962002E+000   4.680068E-001
   40001      27     1.740000     1.820000   6.859941E+000   1.932381E+000   6.704864E+000   2.011459E+000   4.927560E+000   4.693405E+000   2.341549E-001
   40001      28     1.820000     1.940000   7.844991E+000   1.278370E+000   5.654363E+000   1.696309E+000   6.566621E+000   3.958054E+000   2.608567E+000
   40001      29     1.940000     2.200000   1.524385E+001   4.535788E-001   2.613036E+000   7.839109E-001   1.479027E+001   1.829125E+000   1.296115E+001
   40001      30     2.200000     2.300000   5.897529E+000   1.630863E+000   5.730622E+000   1.719187E+000   4.266665E+000   4.011436E+000   2.552299E-001
   40001      31     2.300000     2.450000   6.412228E+000   1.915572E+000   6.401678E+000   1.920503E+000   4.496656E+000   4.481174E+000   1.548173E-002
   40001      32     2.450000     2.550000   2.808749E+000   5.595234E-001   2.371748E+000   7.115245E-001   2.249226E+000   1.660224E+000   5.890020E-001
   40001      33     2.550000     2.650000   2.466453E+000   1.468602E-001   9.539297E-001   2.861789E-001   2.319593E+000   6.677508E-001   1.651842E+000
   40001      34     2.650000     2.900000   5.107089E+000   1.374900E-005   8.305712E-004   2.491714E-004   5.107075E+000   5.813998E-004   5.106494E+000
   40001      35     2.900000     3.200000   4.829501E+000   3.820004E-001   2.519838E+000   7.559513E-001   4.447501E+000   1.763886E+000   2.683614E+000
   40001      36     3.200000     3.500000   4.479548E+000   1.298506E+000   4.426193E+000   1.327858E+000   3.181042E+000   3.098335E+000   8.270680E-002
   40001      37     3.500000     3.900000   5.317470E+000   7.561707E-001   3.369168E+000   1.010750E+000   4.561300E+000   2.358417E+000   2.202882E+000
   40001      38     3.900000     5.500000   8.889375E+000   6.423096E-002   4.845493E-001   1.453648E-001   8.825144E+000   3.391845E-001   8.485960E+000
   40001      39     5.500000     6.500000   2.171822E+000   6.431356E-001   2.162249E+000   6.486747E-001   1.528686E+000   1.513574E+000   1.511171E-002
   40001      40     6.500000     7.000000   6.459457E-001   4.664418E-002   3.712269E-001   1.113681E-001   5.993016E-001   2.598588E-001   3.394427E-001
   40001      41     7.000000     9.000000   1.525571E+000   3.168563E-002   2.564942E-001   7.694827E-002   1.493885E+000   1.795460E-001   1.314339E+000
   40001      42     9.000000    20.000000   1.633159E+000   2.601611E-002   2.223722E-001   6.671166E-002   1.607143E+000   1.556605E-001   1.451482E+000
   40101       1     0.200000     0.300000   5.582456E-006   3.540013E-006   2.917776E-006   8.753329E-007   2.042443E-006   2.042443E-006  -9.500342E-015
   40101       2     0.300000     0.345000   2.557270E-003   1.374824E-003   1.689209E-003   5.067628E-004   1.182447E-003   1.182447E-003  -8.478979E-013
   40101       3     0.345000     0.385000   2.512764E-003   1.152240E-003   1.943607E-003   5.830820E-004   1.360525E-003   1.360525E-003   3.397626E-012
   40101       4     0.385000     0.420000   1.293223E-002   5.311610E-003   1.088660E-002   3.265979E-003   7.620618E-003   7.620618E-003  -2.361396E-012
   40101       5     0.420000     0.450000   2.349464E-002   8.965829E-003   2.075544E-002   6.226633E-003   1.452881E-002   1.452881E-002  -1.470811E-012
   40101       6     0.450000     0.500000   1.310848E-001   4.710132E-002   1.199763E-001   3.599290E-002   8.398344E-002   8.398344E-002   1.609859E-011
   40101       7     0.500000     0.550000   1.748537E-001   5.938044E-002   1.649618E-001   4.948854E-002   1.154733E-001   1.154733E-001   2.884801E-011
   40101       8     0.550000     0.610000   2.295775E-001   7.513671E-002   2.206297E-001   6.618892E-002   1.544408E-001   1.544408E-001   4.547354E-011
   40101       9     0.610000     0.690000   5.693172E-001   1.805662E-001   5.553585E-001   1.666076E-001   3.887510E-001   3.887510E-001   9.690215E-011
   40101      10     0.690000     0.780000   2.472789E+000   7.671523E-001   2.436624E+000   7.309872E-001   1.705637E+000   1.705637E+000   6.118150E-011
   40101      11     0.780000     0.800000   1.063069E+000   3.229200E-001   1.046061E+000   3.138184E-001   7.401494E-001   7.322428E-001   7.906576E-003
   40101      12     0.800000     0.870000   5.878988E+000   1.800824E+000   5.823912E+000   1.747174E+000   4.078164E+000   4.076738E+000   1.425992E-003
   40101      13     0.870000     0.880000   8.736691E-001   2.597715E-001   8.574226E-001   2.572268E-001   6.138976E-001   6.001958E-001   1.370175E-002
   40101      14     0.880000     1.030000   2.249240E+001   6.829703E+000   2.237432E+001   6.712297E+000   1.566270E+001   1.566203E+001   6.756526E-004
   40101      15     1.030000     1.080000   9.248799E+000   2.417612E+000   8.564143E+000   2.569243E+000   6.831187E+000   5.994900E+000   8.362864E-001
   40101      16     1.080000     1.140000   1.173685E+001   3.469073E+000   1.161308E+001   3.483923E+000   8.267777E+000   8.129153E+000   1.386239E-001
   40101      17     1.140000     1.200000   1.143670E+001   3.434944E+000   1.139399E+001   3.418198E+000   8.001752E+000   7.975795E+000   2.595700E-002
   40101      18     1.200000     1.240000   8.097833E+000   7.889146E-001   4.075197E+000   1.222559E+000   7.308918E+000   2.852638E+000   4.456280E+000
   40101      19     1.240000     1.280000   7.733813E+000   2.136787E+000   7.464820E+000   2.239446E+000   5.597026E+000   5.225374E+000   3.716522E-001
   40101      20     1.280000     1.340000   1.109154E+001   2.087244E+000   8.894748E+000   2.668424E+000   9.004299E+000   6.226323E+000   2.777976E+000
   40101      21     1.340000     1.420000   1.012492E+001   2.722053E+000   9.647483E+000   2.894245E+000   7.402867E+000   6.753238E+000   6.496297E-001
   40101      22     1.420000     1.460000   4.444646E+000   2.716817E-001   1.522823E+000   4.568469E-001   4.172964E+000   1.065976E+000   3.106988E+000
   40101      23     1.460000     1.490000   3.316959E+000   4.598402E-001   2.259676E+000   6.779027E-001   2.857119E+000   1.581773E+000   1.275346E+000
   40101      24     1.490000     1.520000   3.416012E+000   7.223212E-001   2.913464E+000   8.740393E-001   2.693690E+000   2.039425E+000   6.542653E-001
   40101      25     1.520000     1.680000   2.089115E+001   1.370227E+000   7.787854E+000   2.336356E+000   1.952092E+001   5.451498E+000   1.406942E+001
   40101      26     1.680000     1.740000   7.400301E+000   1.970335E+000   7.088627E+000   2.126588E+000   5.429966E+000   4.962039E+000   4.679275E-001
   40101      27     1.740000     1.820000   6.859941E+000   1.932629E+000   6.705177E+000   2.011553E+000   4.927312E+000   4.693624E+000   2.336880E-001
   40101      28     1.820000     1.940000   7.844991E+000   1.278705E+000   5.655199E+000   1.696560E+000   6.566286E+000   3.958639E+000   2.607647E+000
   40101      29     1.940000     2.200000   1.524385E+001   4.537734E-001   2.613697E+000   7.841091E-001   1.479008E+001   1.829588E+000   1.296049E+001
   40101      30     2.200000     2.300000   5.897529E+000   1.630892E+000   5.730658E+000   1.719197E+000   4.266636E+000   4.011460E+000   2.551761E-001
   40101      31     2.300000     2.450000   6.412228E+000   1.915574E+000   6.401679E+000   1.920504E+000   4.496654E+000   4.481176E+000   1.547874E-002
   40101      32     2.450000     2.550000   2.808749E+000   5.596649E-001   2.372026E+000   7.116077E-001   2.249084E+000   1.660418E+000   5.886663E-001
   40101      33     2.550000     2.650000   2.466453E+000   1.468823E-001   9.540889E-001   2.862267E-001   2.319571E+000   6.678622E-001   1.651709E+000
   40101      34     2.650000     2.900000   5.107089E+000   1.375132E-005   8.378605E-004   2.513582E-004   5.107075E+000   5.865024E-004   5.106489E+000
   40101      35     2.900000     3.200000   4.829501E+000   3.822302E-001   2.520598E+000   7.561793E-001   4.447271E+000   1.764418E+000   2.682852E+000
   40101      36     3.200000     3.500000   4.479548E+000   1.298542E+000   4.426236E+000   1.327871E+000   3.181006E+000   3.098365E+000   8.264084E-002
   40101      37     3.500000     3.900000   5.317470E+000   7.561974E-001   3.369183E+000   1.010755E+000   4.561273E+000   2.358428E+000   2.202845E+000
   40101      38     3.900000     5.500000   8.889375E+000   6.428293E-002   4.848167E-001   1.454450E-001   8.825092E+000   3.393717E-001   8.485721E+000
   40101      39     5.500000     6.500000   2.171822E+000   6.431419E-001   2.162256E+000   6.486768E-001   1.528680E+000   1.513579E+000   1.510044E-002
   40101      40     6.500000     7.000000   6.459457E-001   4.663137E-002   3.711767E-001   1.113530E-001   5.993144E-001   2.598237E-001   3.394907E-001
   40101      41     7.000000     9.000000   1.525571E+000   3.170040E-002   2.565129E-001   7.695387E-002   1.493871E+000   1.795590E-001   1.314312E+000
   40101      42     9.000000    20.000000   1.633159E+000   2.609256E-002   2.227102E-001   6.681306E-002   1.607066E+000   1.558971E-001   1.451169E+000
   40201       1     0.200000     0.300000   5.582456E-006   3.540013E-006   2.917776E-006   8.753329E-007   2.042443E-006   2.042443E-006  -9.500342E-015
   40201       2     0.300000     0.345000   2.557270E-003   1.374824E-003   1.689209E-003   5.067628E-004   1.182447E-003   1.182447E-003  -8.478979E-013
   40201       3     0.345000     0.385000   2.512764E-003   1.152240E-003   1.943607E-003   5.830820E-004   1.360525E-003   1.360525E-003   3.397626E-012
   40201       4     0.385000     0.420000   1.293223E-002   5.311610E-003   1.088660E-002   3.265979E-003   7.620618E-003   7.620618E-003  -2.361396E-012
   40201       5     0.420000     0.450000   2.349464E-002   8.965829E-003   2.075544E-002   6.226633E-003   1.452881E-002   1.452881E-002  -2.233701E-012
   40201       6     0.450000     0.500000   1.310848E-001   4.710132E-002   1.199763E-001   3.599290E-002   8.398344E-002   8.398344E-002   9.633863E-012
   40201       7     0.500000     0.550000   1.748537E-001   5.938044E-002   1.649618E-001   4.948854E-002   1.154733E-001   1.154733E-001   2.054341E-011
   40201       8     0.550000     0.610000   2.295775E-001   7.513671E-002   2.206297E-001   6.618892E-002   1.544408E-001   1.544408E-001   4.551753E-011
   40201       9     0.610000     0.690000   5.693172E-001   1.805662E-001   5.553585E-001   1.666076E-001   3.887510E-001   3.887510E-001   9.711354E-011
   40201      10     0.690000     0.780000   2.472789E+000   7.671523E-001   2.436624E+000   7.309872E-001   1.705637E+000   1.705637E+000  -1.029423E-010
   40201      11     0.780000     0.800000   1.063069E+000   3.229200E-001   1.046061E+000   3.138184E-001   7.401494E-001   7.322428E-001   7.906510E-003
   40201      12     0.800000     0.870000   5.878988E+000   1.800824E+000   5.823912E+000   1.747174E+000   4.078164E+000   4.076738E+000   1.426080E-003
   40201      13     0.870000     0.880000   8.736691E-001   2.597723E-001   8.574235E-001   2.572271E-001   6.138968E-001   6.001965E-001   1.370028E-002
   40201      14     0.880000     1.030000   2.249240E+001   6.829703E+000   2.237432E+001   6.712297E+000   1.566270E+001   1.566203E+001   6.755345E-004
   40201      15     1.030000     1.080000   9.248799E+000   2.417629E+000   8.564154E+000   2.569246E+000   6.831170E+000   5.994908E+000   8.362620E-001
   40201      16     1.080000     1.140000   1.173685E+001   3.469074E+000   1.161308E+001   3.483923E+000   8.267776E+000   8.129154E+000   1.386224E-001
   40201      17     1.140000     1.200000   1.143670E+001   3.434944E+000   1.139399E+001   3.418198E+000   8.001752E+000   7.975795E+000   2.595695E-002
   40201      18     1.200000     1.240000   8.097833E+000   7.891102E-001   4.075696E+000   1.222709E+000   7.308723E+000   2.852988E+000   4.455735E+000
   40201      19     1.240000     1.280000   7.733813E+000   2.136820E+000   7.464861E+000   2.239458E+000   5.596994E+000   5.225403E+000   3.715912E-001
   40201      20     1.280000     1.340000   1.109154E+001   2.087335E+000   8.894861E+000   2.668458E+000   9.004208E+000   6.226402E+000   2.777805E+000
   40201      21     1.340000     1.420000   1.012492E+001   2.722104E+000   9.647545E+000   2.894264E+000   7.402817E+000   6.753282E+000   6.495350E-001
   40201      22     1.420000     1.460000   4.444646E+000   2.717835E-001   1.523252E+000   4.569757E-001   4.172862E+000   1.066277E+000   3.106585E+000
   40201      23     1.460000     1.490000   3.316959E+000   4.599366E-001   2.259832E+000   6.779495E-001   2.857022E+000   1.581882E+000   1.275140E+000
   40201      24     1.490000     1.520000   3.416012E+000   7.223886E-001   2.913563E+000   8.740690E-001   2.693623E+000   2.039494E+000   6.541286E-001
   40201      25     1.520000     1.680000   2.089115E+001   1.370748E+000   7.789632E+000   2.336889E+000   1.952040E+001   5.452742E+000   1.406766E+001
   40201      26     1.680000     1.740000   7.400301E+000   1.970377E+000   7.088679E+000   2.126604E+000   5.429924E+000   4.962075E+000   4.678488E-001
   40201      27     1.740000     1.820000   6.859941E+000   1.932876E+000   6.705488E+000   2.011646E+000   4.927066E+000   4.693841E+000   2.332244E-001
   40201      28     1.820000     1.940000   7.844991E+000   1.279038E+000   5.656029E+000   1.696809E+000   6.565953E+000   3.959220E+000   2.606733E+000
   40201      29     1.940000     2.200000   1.524385E+001   4.539668E-001   2.614353E+000   7.843059E-001   1.478988E+001   1.830047E+000   1.295984E+001
   40201      30     2.200000     2.300000   5.897529E+000   1.630921E+000   5.730693E+000   1.719208E+000   4.266608E+000   4.011485E+000   2.551227E-001
   40201      31     2.300000     2.450000   6.412228E+000   1.915575E+000   6.401681E+000   1.920504E+000   4.496653E+000   4.481177E+000   1.547578E-002
   40201      32     2.450000     2.550000   2.808749E+000   5.598055E-001   2.372301E+000   7.116904E-001   2.248944E+000   1.660611E+000   5.883329E-001
   40201      33     2.550000     2.650000   2.466453E+000   1.469042E-001   9.542470E-001   2.862741E-001   2.319549E+000   6.679729E-001   1.651576E+000
   40201      34     2.650000     2.900000   5.107089E+000   1.375362E-005   8.451593E-004   2.535478E-004   5.107075E+000   5.916115E-004   5.106484E+000
   40201      35     2.900000     3.200000   4.829501E+000   3.824585E-001   2.521353E+000   7.564058E-001   4.447042E+000   1.764947E+000   2.682095E+000
   40201      36     3.200000     3.500000   4.479548E+000   1.298577E+000   4.426279E+000   1.327884E+000   3.180971E+000   3.098395E+000   8.257536E-002
   40201      37     3.500000     3.900000   5.317470E+000   7.562239E-001   3.369198E+000   1.010759E+000   4.561247E+000   2.358439E+000   2.202808E+000
   40201      38     3.900000     5.500000   8.889375E+000   6.433459E-002   4.850824E-001   1.455247E-001   8.825041E+000   3.395577E-001   8.485483E+000
   40201      39     5.500000     6.500000   2.171822E+000   6.431480E-001   2.162263E+000   6.486789E-001   1.528674E+000   1.513584E+000   1.508940E-002
   40201      40     6.500000     7.000000   6.459457E-001   4.661817E-002   3.711252E-001   1.113376E-001   5.993276E-001   2.597877E-001   3.395399E-001
   40201      41     7.000000     9.000000   1.525571E+000   3.171499E-002   2.565324E-001   7.695973E-002   1.493856E+000   1.795727E-001   1.314283E+000
   40201      42     9.000000    20.000000   1.633159E+000   2.616878E-002   2.230467E-001   6.691401E-002   1.606990E+000   1.561327E-001   1.450857E+000
   40301       1     0.200000     0.300000   5.582456E-006   3.540013E-006   2.917776E-006   8.753329E-007   2.042443E-006   2.042443E-006  -9.500342E-015
   40301       2     0.300000     0.345000   2.557270E-003   1.374824E-003   1.689209E-003   5.067628E-004   1.182447E-003   1.182447E-003  -8.478979E-013
   40301       3     0.345000     0.385000   2.512764E-003   1.152240E-003   1.943607E-003   5.830820E-004   1.360525E-003   1.360525E-003   3.397626E-012
   40301       4     0.385000     0.420000   1.293223E-002   5.311610E-003   1.088660E-002   3.265979E-003   7.620618E-003   7.620618E-003  -2.361396E-012
   40301       5     0.420000     0.450000   2.349464E-002   8.965829E-003   2.075544E-002   6.226633E-003   1.452881E-002   1.452881E-002   2.508115E-013
   40301       6     0.450000     0.500000   1.310848E-001   4.710132E-002   1.199763E-001   3.599290E-002   8.398344E-002   8.398344E-002   1.598757E-011
   40301       7     0.500000     0.550000   1.748537E-001   5.938044E-002   1.649618E-001   4.948854E-002   1.154733E-001   1.154733E-001   1.351871E-011
   40301       8     0.550000     0.610000   2.295775E-001   7.513671E-002   2.206297E-001   6.618892E-002   1.544408E-001   1.544408E-001   3.126913E-011
   40301       9     0.610000     0.690000   5.693172E-001   1.805662E-001   5.553585E-001   1.666076E-001   3.887510E-001   3.887510E-001   9.800671E-011
   40301      10     0.690000     0.780000   2.472789E+000   7.671523E-001   2.436624E+000   7.309872E-001   1.705637E+000   1.705637E+000  -1.012719E-010
   40301      11     0.780000     0.800000   1.063069E+000   3.229201E-001   1.046061E+000   3.138184E-001   7.401493E-001   7.322429E-001   7.906445E-003
   40301      12     0.800000     0.870000   5.878988E+000   1.800824E+000   5.823912E+000   1.747174E+000   4.078164E+000   4.076738E+000   1.426168E-003
   40301      13     0.870000     0.880000   8.736691E-001   2.597731E-001   8.574245E-001   2.572273E-001   6.138959E-001   6.001971E-001   1.369883E-002
   40301      14     0.880000     1.030000   2.249240E+001   6.829703E+000   2.237432E+001   6.712297E+000   1.566270E+001   1.566203E+001   6.754177E-004
   40301      15     1.030000     1.080000   9.248799E+000   2.417646E+000   8.564165E+000   2.569249E+000   6.831153E+000   5.994915E+000   8.362378E-001
   40301      16     1.080000     1.140000   1.173685E+001   3.469075E+000   1.161308E+001   3.483923E+000   8.267775E+000   8.129154E+000   1.386209E-001
   40301      17     1.140000     1.200000   1.143670E+001   3.434944E+000   1.139399E+001   3.418198E+000   8.001752E+000   7.975796E+000   2.595691E-002
   40301      18     1.200000     1.240000   8.097833E+000   7.893044E-001   4.076192E+000   1.222858E+000   7.308528E+000   2.853335E+000   4.455194E+000
   40301      19     1.240000     1.280000   7.733813E+000   2.136852E+000   7.464902E+000   2.239470E+000   5.596962E+000   5.225431E+000   3.715307E-001
   40301      20     1.280000     1.340000   1.109154E+001   2.087426E+000   8.894973E+000   2.668492E+000   9.004117E+000   6.226481E+000   2.777636E+000
   40301      21     1.340000     1.420000   1.012492E+001   2.722155E+000   9.647607E+000   2.894282E+000   7.402766E+000   6.753325E+000   6.494411E-001
   40301      22     1.420000     1.460000   4.444646E+000   2.718846E-001   1.523678E+000   4.571035E-001   4.172761E+000   1.066575E+000   3.106186E+000
   40301      23     1.460000     1.490000   3.316959E+000   4.600321E-001   2.259986E+000   6.779959E-001   2.856927E+000   1.581990E+000   1.274936E+000
   40301      24     1.490000     1.520000   3.416012E+000   7.224554E-001   2.913661E+000   8.740984E-001   2.693556E+000   2.039563E+000   6.539932E-001
   40301      25     1.520000     1.680000   2.089115E+001   1.371265E+000   7.791396E+000   2.337419E+000   1.951988E+001   5.453977E+000   1.406591E+001
   40301      26     1.680000     1.740000   7.400301E+000   1.970419E+000   7.088730E+000   2.126619E+000   5.429882E+000   4.962111E+000   4.677708E-001
   40301      27     1.740000     1.820000   6.859941E+000   1.933119E+000   6.705795E+000   2.011738E+000   4.926822E+000   4.694056E+000   2.327657E-001
   40301      28     1.820000     1.940000   7.844991E+000   1.279368E+000   5.656852E+000   1.697056E+000   6.565623E+000   3.959796E+000   2.605827E+000
   40301      29     1.940000     2.200000   1.524385E+001   4.541587E-001   2.615004E+000   7.845012E-001   1.478969E+001   1.830503E+000   1.295919E+001
   40301      30     2.200000     2.300000   5.897529E+000   1.630950E+000   5.730727E+000   1.719218E+000   4.266579E+000   4.011509E+000   2.550698E-001
   40301      31     2.300000     2.450000   6.412228E+000   1.915577E+000   6.401683E+000   1.920505E+000   4.496651E+000   4.481178E+000   1.547284E-002
   40301      32     2.450000     2.550000   2.808749E+000   5.599448E-001   2.372574E+000   7.117723E-001   2.248804E+000   1.660802E+000   5.880024E-001
   40301      33     2.550000     2.650000   2.466453E+000   1.469256E-001   9.544032E-001   2.863210E-001   2.319528E+000   6.680822E-001   1.651446E+000
   40301      34     2.650000     2.900000   5.107089E+000   1.375591E-005   8.524475E-004   2.557342E-004   5.107075E+000   5.967132E-004   5.106479E+000
   40301      35     2.900000     3.200000   4.829501E+000   3.826850E-001   2.522102E+000   7.566305E-001   4.446816E+000   1.765471E+000   2.681345E+000
   40301      36     3.200000     3.500000   4.479548E+000   1.298612E+000   4.426322E+000   1.327897E+000   3.180936E+000   3.098425E+000   8.251051E-002
   40301      37     3.500000     3.900000   5.317470E+000   7.562502E-001   3.369213E+000   1.010764E+000   4.561220E+000   2.358449E+000   2.202771E+000
   40301      38     3.900000     5.500000   8.889375E+000   6.438589E-002   4.853465E-001   1.456039E-001   8.824989E+000   3.397425E-001   8.485247E+000
   40301      39     5.500000     6.500000   2.171822E+000   6.431541E-001   2.162270E+000   6.486810E-001   1.528667E+000   1.513589E+000   1.507851E-002
   40301      40     6.500000     7.000000   6.459457E-001   4.660507E-002   3.710741E-001   1.113222E-001   5.993407E-001   2.597519E-001   3.395888E-001
   40301      41     7.000000     9.000000   1.525571E+000   3.172946E-002   2.565518E-001   7.696555E-002   1.493842E+000   1.795863E-001   1.314255E+000
   40301      42     9.000000    20.000000   1.633159E+000   2.624425E-002   2.233794E-001   6.701383E-002   1.606915E+000   1.563656E-001   1.450549E+000
   40401       1     0.200000     0.300000   5.582456E-006   3.540013E-006   2.917776E-006   8.753329E-007   2.042443E-006   2.042443E-006  -9.500342E-015
   40401       2     0.300000     0.345000   2.557270E-003   1.374824E-003   1.689209E-003   5.067628E-004   1.182447E-003   1.182447E-003  -8.478979E-013
   40401       3     0.345000     0.385000   2.512764E-003   1.152240E-003   1.943607E-003   5.830820E-004   1.360525E-003   1.360525E-003   3.397626E-012
   40401       4     0.385000     0.420000   1.293223E-002   5.311610E-003   1.088660E-002   3.265979E-003   7.620618E-003   7.620618E-003  -2.361396E-012
   40401       5     0.420000     0.450000   2.349464E-002   8.965829E-003   2.075544E-002   6.226633E-003   1.452881E-002   1.452881E-002  -1.799455E-012
   40401       6     0.450000     0.500000   1.310848E-001   4.710132E-002   1.199763E-001   3.599290E-002   8.398344E-002   8.398344E-002   1.193905E-011
   40401       7     0.500000     0.550000   1.748537E-001   5.938044E-002   1.649618E-001   4.948854E-002   1.154733E-001   1.154733E-001   1.877490E-011
   40401       8     0.550000     0.610000   2.295775E-001   7.513671E-002   2.206297E-001   6.618892E-002   1.544408E-001   1.544408E-001   4.382436E-011
   40401       9     0.610000     0.690000   5.693172E-001   1.805662E-001   5.553585E-001   1.666076E-001   3.887510E-001   3.887510E-001   8.942569E-011
   40401      10     0.690000     0.780000   2.472789E+000   7.671523E-001   2.436624E+000   7.309872E-001   1.705637E+000   1.705637E+000  -1.287426E-010
   40401      11     0.780000     0.800000   1.063069E+000   3.229201E-001   1.046061E+000   3.138184E-001   7.401493E-001   7.322429E-001   7.906381E-003
   40401      12     0.800000     0.870000   5.878988E+000   1.800824E+000   5.823912E+000   1.747174E+000   4.078164E+000   4.076738E+000   1.426255E-003
   40401      13     0.870000     0.880000   8.736691E-001   2.597739E-001   8.574254E-001   2.572276E-001   6.138951E-001   6.001978E-001   1.369738E-002
   40401      14     0.880000     1.030000   2.249240E+001   6.829704E+000   2.237432E+001   6.712297E+000   1.566270E+001   1.566203E+001   6.753024E-004
   40401      15     1.030000     1.080000   9.248799E+000   2.417662E+000   8.564175E+000   2.569253E+000   6.831136E+000   5.994923E+000   8.362139E-001
   40401      16     1.080000     1.140000   1.173685E+001   3.469076E+000   1.161308E+001   3.483923E+000   8.267774E+000   8.129155E+000   1.386194E-001
   40401      17     1.140000     1.200000   1.143670E+001   3.434944E+000   1.139399E+001   3.418198E+000   8.001752E+000   7.975796E+000   2.595689E-002
   40401      18     1.200000     1.240000   8.097833E+000   7.894973E-001   4.076685E+000   1.223005E+000   7.308335E+000   2.853679E+000   4.454656E+000
   40401      19     1.240000     1.280000   7.733813E+000   2.136883E+000   7.464942E+000   2.239483E+000   5.596930E+000   5.225459E+000   3.714710E-001
   40401      20     1.280000     1.340000   1.109154E+001   2.087516E+000   8.895084E+000   2.668525E+000   9.004027E+000   6.226559E+000   2.777468E+000
   40401      21     1.340000     1.420000   1.012492E+001   2.722205E+000   9.647669E+000   2.894301E+000   7.402716E+000   6.753368E+000   6.493480E-001
   40401      22     1.420000     1.460000   4.444646E+000   2.719848E-001   1.524100E+000   4.572301E-001   4.172661E+000   1.066870E+000   3.105791E+000
   40401      23     1.460000     1.490000   3.316959E+000   4.601263E-001   2.260139E+000   6.780417E-001   2.856833E+000   1.582097E+000   1.274735E+000
   40401      24     1.490000     1.520000   3.416012E+000   7.225214E-001   2.913759E+000   8.741276E-001   2.693490E+000   2.039631E+000   6.538591E-001
   40401      25     1.520000     1.680000   2.089115E+001   1.371778E+000   7.793147E+000   2.337944E+000   1.951937E+001   5.455203E+000   1.406417E+001
   40401      26     1.680000     1.740000   7.400301E+000   1.970461E+000   7.088781E+000   2.126634E+000   5.429841E+000   4.962147E+000   4.676938E-001
   40401      27     1.740000     1.820000   6.859941E+000   1.933359E+000   6.706098E+000   2.011829E+000   4.926582E+000   4.694268E+000   2.323136E-001
   40401      28     1.820000     1.940000   7.844991E+000   1.279695E+000   5.657667E+000   1.697300E+000   6.565296E+000   3.960367E+000   2.604929E+000
   40401      29     1.940000     2.200000   1.524385E+001   4.543489E-001   2.615649E+000   7.846947E-001   1.478950E+001   1.830954E+000   1.295855E+001
   40401      30     2.200000     2.300000   5.897529E+000   1.630978E+000   5.730762E+000   1.719229E+000   4.266551E+000   4.011533E+000   2.550174E-001
   40401      31     2.300000     2.450000   6.412228E+000   1.915579E+000   6.401685E+000   1.920505E+000   4.496649E+000   4.481179E+000   1.546994E-002
   40401      32     2.450000     2.550000   2.808749E+000   5.600826E-001   2.372844E+000   7.118532E-001   2.248667E+000   1.660991E+000   5.876758E-001
   40401      33     2.550000     2.650000   2.466453E+000   1.469461E-001   9.545563E-001   2.863669E-001   2.319507E+000   6.681894E-001   1.651318E+000
   40401      34     2.650000     2.900000   5.107089E+000   1.375819E-005   8.597027E-004   2.579108E-004   5.107075E+000   6.017919E-004   5.106474E+000
   40401      35     2.900000     3.200000   4.829501E+000   3.829095E-001   2.522844E+000   7.568531E-001   4.446591E+000   1.765991E+000   2.680601E+000
   40401      36     3.200000     3.500000   4.479548E+000   1.298647E+000   4.426364E+000   1.327909E+000   3.180901E+000   3.098455E+000   8.244644E-002
   40401      37     3.500000     3.900000   5.317470E+000   7.562762E-001   3.369228E+000   1.010768E+000   4.561194E+000   2.358459E+000   2.202735E+000
   40401      38     3.900000     5.500000   8.889375E+000   6.443679E-002   4.856094E-001   1.456828E-001   8.824938E+000   3.399266E-001   8.485012E+000
   40401      39     5.500000     6.500000   2.171822E+000   6.431601E-001   2.162277E+000   6.486830E-001   1.528661E+000   1.513594E+000   1.506782E-002
   40401      40     6.500000     7.000000   6.459457E-001   4.659204E-002   3.710233E-001   1.113070E-001   5.993537E-001   2.597163E-001   3.396374E-001
   40401      41     7.000000     9.000000   1.525571E+000   3.174382E-002   2.565711E-001   7.697133E-002   1.493827E+000   1.795998E-001   1.314227E+000
   40401      42     9.000000    20.000000   1.633159E+000   2.631830E-002   2.237057E-001   6.711171E-002   1.606841E+000   1.565940E-001   1.450247E+000
   40501       1     0.200000     0.300000   5.582456E-006   3.540013E-006   2.917776E-006   8.753329E-007   2.042443E-006   2.042443E-006  -9.500342E-015
   40501       2     0.300000     0.345000   2.557270E-003   1.374824E-003   1.689209E-003   5.067628E-004   1.182447E-003   1.182447E-003  -8.478979E-013
   40501       3     0.345000     0.385000   2.512764E-003   1.152240E-003   1.943607E-003   5.830820E-004   1.360525E-003   1.360525E-003   3.397626E-012
   40501       4     0.385000     0.420000   1.293223E-002   5.311610E-003   1.088660E-002   3.265979E-003   7.620618E-003   7.620618E-003  -2.084818E-012
   40501       5     0.420000     0.450000   2.349464E-002   8.965829E-003   2.075544E-002   6.226633E-003   1.452881E-002   1.452881E-002  -1.985270E-012
   40501       6     0.450000     0.500000   1.310848E-001   4.710132E-002   1.199763E-001   3.599290E-002   8.398344E-002   8.398344E-002   1.882328E-011
   40501       7     0.500000     0.550000   1.748537E-001   5.938044E-002   1.649618E-001   4.948854E-002   1.154733E-001   1.154733E-001   1.660981E-011
   40501       8     0.550000     0.610000   2.295775E-001   7.513671E-002   2.206297E-001   6.618892E-002   1.544408E-001   1.544408E-001   4.192552E-011
   40501       9     0.610000     0.690000   5.693172E-001   1.805662E-001   5.553585E-001   1.666076E-001   3.887510E-001   3.887510E-001   7.201872E-011
   40501      10     0.690000     0.780000   2.472789E+000   7.671523E-001   2.436624E+000   7.309872E-001   1.705637E+000   1.705637E+000   1.622629E-010
   40501      11     0.780000     0.800000   1.063069E+000   3.229202E-001   1.046061E+000   3.138184E-001   7.401492E-001   7.322429E-001   7.906317E-003
   40501      12     0.800000     0.870000   5.878988E+000   1.800824E+000   5.823912E+000   1.747173E+000   4.078165E+000   4.076738E+000   1.426342E-003
   40501      13     0.870000     0.880000   8.736691E-001   2.597747E-001   8.574263E-001   2.572279E-001   6.138944E-001   6.001984E-001   1.369596E-002
   40501      14     0.880000     1.030000   2.249240E+001   6.829704E+000   2.237432E+001   6.712297E+000   1.566270E+001   1.566203E+001   6.751890E-004
   40501      15     1.030000     1.080000   9.248799E+000   2.417679E+000   8.564185E+000   2.569256E+000   6.831120E+000   5.994930E+000   8.361903E-001
   40501      16     1.080000     1.140000   1.173685E+001   3.469076E+000   1.161308E+001   3.483924E+000   8.267773E+000   8.129155E+000   1.386180E-001
   40501      17     1.140000     1.200000   1.143670E+001   3.434944E+000   1.139399E+001   3.418198E+000   8.001752E+000   7.975796E+000   2.595689E-002
   40501      18     1.200000     1.240000   8.097833E+000   7.896886E-001   4.077173E+000   1.223152E+000   7.308144E+000   2.854021E+000   4.454123E+000
   40501      19     1.240000     1.280000   7.733813E+000   2.136914E+000   7.464981E+000   2.239494E+000   5.596899E+000   5.225487E+000   3.714120E-001
   40501      20     1.280000     1.340000   1.109154E+001   2.087605E+000   8.895194E+000   2.668558E+000   9.003938E+000   6.226636E+000   2.777302E+000
   40501      21     1.340000     1.420000   1.012492E+001   2.722254E+000   9.647730E+000   2.894319E+000   7.402667E+000   6.753411E+000   6.492559E-001
   40501      22     1.420000     1.460000   4.444646E+000   2.720841E-001   1.524518E+000   4.573553E-001   4.172562E+000   1.067162E+000   3.105399E+000
   40501      23     1.460000     1.490000   3.316959E+000   4.602194E-001   2.260289E+000   6.780868E-001   2.856740E+000   1.582203E+000   1.274537E+000
   40501      24     1.490000     1.520000   3.416012E+000   7.225867E-001   2.913854E+000   8.741563E-001   2.693425E+000   2.039698E+000   6.537268E-001
   40501      25     1.520000     1.680000   2.089115E+001   1.372287E+000   7.794884E+000   2.338465E+000   1.951886E+001   5.456419E+000   1.406244E+001
   40501      26     1.680000     1.740000   7.400301E+000   1.970502E+000   7.088831E+000   2.126649E+000   5.429800E+000   4.962182E+000   4.676180E-001
   40501      27     1.740000     1.820000   6.859941E+000   1.933595E+000   6.706395E+000   2.011919E+000   4.926346E+000   4.694477E+000   2.318691E-001
   40501      28     1.820000     1.940000   7.844991E+000   1.280018E+000   5.658473E+000   1.697542E+000   6.564973E+000   3.960931E+000   2.604042E+000
   40501      29     1.940000     2.200000   1.524385E+001   4.545373E-001   2.616287E+000   7.848862E-001   1.478931E+001   1.831401E+000   1.295791E+001
   40501      30     2.200000     2.300000   5.897529E+000   1.631006E+000   5.730796E+000   1.719239E+000   4.266523E+000   4.011557E+000   2.549655E-001
   40501      31     2.300000     2.450000   6.412228E+000   1.915580E+000   6.401687E+000   1.920506E+000   4.496648E+000   4.481181E+000   1.546707E-002
   40501      32     2.450000     2.550000   2.808749E+000   5.602185E-001   2.373111E+000   7.119332E-001   2.248531E+000   1.661177E+000   5.873534E-001
   40501      33     2.550000     2.650000   2.466453E+000   1.469658E-001   9.547063E-001   2.864119E-001   2.319488E+000   6.682944E-001   1.651193E+000
   40501      34     2.650000     2.900000   5.107089E+000   1.376045E-005   8.669178E-004   2.600753E-004   5.107075E+000   6.068424E-004   5.106469E+000
   40501      35     2.900000     3.200000   4.829501E+000   3.831316E-001   2.523577E+000   7.570732E-001   4.446369E+000   1.766504E+000   2.679865E+000
   40501      36     3.200000     3.500000   4.479548E+000   1.298681E+000   4.426405E+000   1.327922E+000   3.180867E+000   3.098484E+000   8.238327E-002
   40501      37     3.500000     3.900000   5.317470E+000   7.563020E-001   3.369242E+000   1.010773E+000   4.561168E+000   2.358469E+000   2.202699E+000
   40501      38     3.900000     5.500000   8.889375E+000   6.448726E-002   4.858710E-001   1.457613E-001   8.824888E+000   3.401097E-001   8.484778E+000
   40501      39     5.500000     6.500000   2.171822E+000   6.431661E-001   2.162283E+000   6.486850E-001   1.528656E+000   1.513598E+000   1.505718E-002
   40501      40     6.500000     7.000000   6.459457E-001   4.657943E-002   3.709740E-001   1.112922E-001   5.993663E-001   2.596818E-001   3.396845E-001
   40501      41     7.000000     9.000000   1.525571E+000   3.175801E-002   2.565898E-001   7.697694E-002   1.493813E+000   1.796129E-001   1.314200E+000
   40501      42     9.000000    20.000000   1.633159E+000   2.639132E-002   2.240269E-001   6.720806E-002   1.606768E+000   1.568188E-001   1.449949E+000
   40601       1     0.200000     0.300000   5.582456E-006   3.540013E-006   2.917776E-006   8.753329E-007   2.042443E-006   2.042443E-006  -9.500342E-015
   40601       2     0.300000     0.345000   2.557270E-003   1.374824E-003   1.689209E-003   5.067628E-004   1.182447E-003   1.182447E-003  -8.478979E-013
   40601       3     0.345000     0.385000   2.512764E-003   1.152240E-003   1.943607E-003   5.830820E-004   1.360525E-003   1.360525E-003   3.397626E-012
   40601       4     0.385000     0.420000   1.293223E-002   5.311610E-003   1.088660E-002   3.265979E-003   7.620618E-003   7.620618E-003  -1.151215E-012
   40601       5     0.420000     0.450000   2.349464E-002   8.965829E-003   2.075544E-002   6.226633E-003   1.452881E-002   1.452881E-002  -3.464727E-012
   40601       6     0.450000     0.500000   1.310848E-001   4.710132E-002   1.199763E-001   3.599290E-002   8.398344E-002   8.398344E-002   1.701674E-011
   40601       7     0.500000     0.550000   1.748537E-001   5.938044E-002   1.649618E-001   4.948854E-002   1.154733E-001   1.154733E-001   9.626522E-012
   40601       8     0.550000     0.610000   2.295775E-001   7.513671E-002   2.206297E-001   6.618892E-002   1.544408E-001   1.544408E-001   5.037490E-011
   40601       9     0.610000     0.690000   5.693172E-001   1.805662E-001   5.553585E-001   1.666076E-001   3.887510E-001   3.887510E-001   7.919598E-011
   40601      10     0.690000     0.780000   2.472789E+000   7.671523E-001   2.436624E+000   7.309872E-001   1.705637E+000   1.705637E+000   2.300755E-010
   40601      11     0.780000     0.800000   1.063069E+000   3.229202E-001   1.046061E+000   3.138184E-001   7.401492E-001   7.322430E-001   7.906253E-003
   40601      12     0.800000     0.870000   5.878988E+000   1.800824E+000   5.823912E+000   1.747173E+000   4.078165E+000   4.076738E+000   1.426428E-003
   40601      13     0.870000     0.880000   8.736691E-001   2.597755E-001   8.574272E-001   2.572281E-001   6.138936E-001   6.001990E-001   1.369455E-002
   40601      14     0.880000     1.030000   2.249240E+001   6.829704E+000   2.237432E+001   6.712297E+000   1.566270E+001   1.566203E+001   6.750767E-004
   40601      15     1.030000     1.080000   9.248799E+000   2.417695E+000   8.564195E+000   2.569259E+000   6.831104E+000   5.994937E+000   8.361669E-001
   40601      16     1.080000     1.140000   1.173685E+001   3.469077E+000   1.161308E+001   3.483924E+000   8.267773E+000   8.129156E+000   1.386166E-001
   40601      17     1.140000     1.200000   1.143670E+001   3.434944E+000   1.139399E+001   3.418198E+000   8.001752E+000   7.975796E+000   2.595689E-002
   40601      18     1.200000     1.240000   8.097833E+000   7.898787E-001   4.077659E+000   1.223298E+000   7.307954E+000   2.854361E+000   4.453593E+000
   40601      19     1.240000     1.280000   7.733813E+000   2.136945E+000   7.465021E+000   2.239506E+000   5.596868E+000   5.225515E+000   3.713536E-001
   40601      20     1.280000     1.340000   1.109154E+001   2.087694E+000   8.895303E+000   2.668591E+000   9.003849E+000   6.226712E+000   2.777137E+000
   40601      21     1.340000     1.420000   1.012492E+001   2.722303E+000   9.647790E+000   2.894337E+000   7.402618E+000   6.753453E+000   6.491646E-001
   40601      22     1.420000     1.460000   4.444646E+000   2.721828E-001   1.524932E+000   4.574796E-001   4.172463E+000   1.067452E+000   3.105010E+000
   40601      23     1.460000     1.490000   3.316959E+000   4.603117E-001   2.260439E+000   6.781316E-001   2.856647E+000   1.582307E+000   1.274340E+000
   40601      24     1.490000     1.520000   3.416012E+000   7.226514E-001   2.913950E+000   8.741849E-001   2.693360E+000   2.039765E+000   6.535955E-001
   40601      25     1.520000     1.680000   2.089115E+001   1.372792E+000   7.796610E+000   2.338983E+000   1.951836E+001   5.457627E+000   1.406073E+001
   40601      26     1.680000     1.740000   7.400301E+000   1.970542E+000   7.088881E+000   2.126664E+000   5.429759E+000   4.962216E+000   4.675427E-001
   40601      27     1.740000     1.820000   6.859941E+000   1.933829E+000   6.706691E+000   2.012007E+000   4.926112E+000   4.694683E+000   2.314285E-001
   40601      28     1.820000     1.940000   7.844991E+000   1.280339E+000   5.659273E+000   1.697782E+000   6.564652E+000   3.961491E+000   2.603161E+000
   40601      29     1.940000     2.200000   1.524385E+001   4.547243E-001   2.616921E+000   7.850764E-001   1.478913E+001   1.831845E+000   1.295728E+001
   40601      30     2.200000     2.300000   5.897529E+000   1.631034E+000   5.730829E+000   1.719249E+000   4.266495E+000   4.011581E+000   2.549141E-001
   40601      31     2.300000     2.450000   6.412228E+000   1.915582E+000   6.401688E+000   1.920507E+000   4.496646E+000   4.481182E+000   1.546422E-002
   40601      32     2.450000     2.550000   2.808749E+000   5.603534E-001   2.373375E+000   7.120125E-001   2.248396E+000   1.661362E+000   5.870334E-001
   40601      33     2.550000     2.650000   2.466453E+000   1.469853E-001   9.548549E-001   2.864565E-001   2.319468E+000   6.683984E-001   1.651070E+000
   40601      34     2.650000     2.900000   5.107089E+000   1.376270E-005   8.741331E-004   2.622399E-004   5.107075E+000   6.118931E-004   5.106464E+000
   40601      35     2.900000     3.200000   4.829501E+000   3.833522E-001   2.524306E+000   7.572917E-001   4.446149E+000   1.767014E+000   2.679135E+000
   40601      36     3.200000     3.500000   4.479548E+000   1.298715E+000   4.426447E+000   1.327934E+000   3.180833E+000   3.098513E+000   8.232062E-002
   40601      37     3.500000     3.900000   5.317470E+000   7.563275E-001   3.369256E+000   1.010777E+000   4.561143E+000   2.358479E+000   2.202664E+000
   40601      38     3.900000     5.500000   8.889375E+000   6.453744E-002   4.861310E-001   1.458393E-001   8.824838E+000   3.402917E-001   8.484546E+000
   40601      39     5.500000     6.500000   2.171822E+000   6.431720E-001   2.162290E+000   6.486870E-001   1.528650E+000   1.513603E+000   1.504660E-002
   40601      40     6.500000     7.000000   6.459457E-001   4.656697E-002   3.709252E-001   1.112776E-001   5.993788E-001   2.596477E-001   3.397311E-001
   40601      41     7.000000     9.000000   1.525571E+000   3.177207E-002   2.566083E-001   7.698249E-002   1.493799E+000   1.796258E-001   1.314173E+000
   40601      42     9.000000    20.000000   1.633159E+000   2.646396E-002   2.243460E-001   6.730379E-002   1.606695E+000   1.570422E-001   1.449653E+000
   40701       1     0.200000     0.300000   5.582456E-006   3.540013E-006   2.917776E-006   8.753329E-007   2.042443E-006   2.042443E-006  -9.500342E-015
   40701       2     0.300000     0.345000   2.557270E-003   1.374824E-003   1.689209E-003   5.067628E-004   1.182447E-003   1.182447E-003  -8.478979E-013
   40701       3     0.345000     0.385000   2.512764E-003   1.152240E-003   1.943607E-003   5.830820E-004   1.360525E-003   1.360525E-003   3.397626E-012
   40701       4     0.385000     0.420000   1.293223E-002   5.311610E-003   1.088660E-002   3.265979E-003   7.620618E-003   7.620618E-003  -1.151215E-012
   40701       5     0.420000     0.450000   2.349464E-002   8.965829E-003   2.075544E-002   6.226633E-003   1.452881E-002   1.452881E-002  -2.371185E-012
   40701       6     0.450000     0.500000   1.310848E-001   4.710132E-002   1.199763E-001   3.599290E-002   8.398344E-002   8.398344E-002   1.157699E-011
   40701       7     0.500000     0.550000   1.748537E-001   5.938044E-002   1.649618E-001   4.948854E-002   1.154733E-001   1.154733E-001   6.282100E-012
   40701       8     0.550000     0.610000   2.295775E-001   7.513671E-002   2.206297E-001   6.618892E-002   1.544408E-001   1.544408E-001   3.909098E-011
   40701       9     0.610000     0.690000   5.693172E-001   1.805662E-001   5.553585E-001   1.666076E-001   3.887510E-001   3.887510E-001   5.946588E-011
   40701      10     0.690000     0.780000   2.472789E+000   7.671523E-001   2.436624E+000   7.309872E-001   1.705637E+000   1.705637E+000   2.048473E-010
   40701      11     0.780000     0.800000   1.063069E+000   3.229202E-001   1.046061E+000   3.138184E-001   7.401492E-001   7.322430E-001   7.906190E-003
   40701      12     0.800000     0.870000   5.878988E+000   1.800824E+000   5.823912E+000   1.747173E+000   4.078165E+000   4.076738E+000   1.426513E-003
   40701      13     0.870000     0.880000   8.736691E-001   2.597763E-001   8.574281E-001   2.572284E-001   6.138928E-001   6.001996E-001   1.369314E-002
   40701      14     0.880000     1.030000   2.249240E+001   6.829704E+000   2.237432E+001   6.712297E+000   1.566270E+001   1.566203E+001   6.749651E-004
   40701      15     1.030000     1.080000   9.248799E+000   2.417711E+000   8.564205E+000   2.569262E+000   6.831087E+000   5.994944E+000   8.361437E-001
   40701      16     1.080000     1.140000   1.173685E+001   3.469078E+000   1.161308E+001   3.483924E+000   8.267772E+000   8.129157E+000   1.386152E-001
   40701      17     1.140000     1.200000   1.143670E+001   3.434944E+000   1.139399E+001   3.418198E+000   8.001752E+000   7.975795E+000   2.595690E-002
   40701      18     1.200000     1.240000   8.097833E+000   7.900676E-001   4.078141E+000   1.223442E+000   7.307765E+000   2.854699E+000   4.453066E+000
   40701      19     1.240000     1.280000   7.733813E+000   2.136976E+000   7.465060E+000   2.239518E+000   5.596837E+000   5.225542E+000   3.712955E-001
   40701      20     1.280000     1.340000   1.109154E+001   2.087782E+000   8.895411E+000   2.668623E+000   9.003761E+000   6.226788E+000   2.776973E+000
   40701      21     1.340000     1.420000   1.012492E+001   2.722352E+000   9.647850E+000   2.894355E+000   7.402569E+000   6.753495E+000   6.490738E-001
   40701      22     1.420000     1.460000   4.444646E+000   2.722810E-001   1.525344E+000   4.576033E-001   4.172365E+000   1.067741E+000   3.104624E+000
   40701      23     1.460000     1.490000   3.316959E+000   4.604034E-001   2.260587E+000   6.781761E-001   2.856555E+000   1.582411E+000   1.274144E+000
   40701      24     1.490000     1.520000   3.416012E+000   7.227157E-001   2.914044E+000   8.742132E-001   2.693296E+000   2.039831E+000   6.534650E-001
   40701      25     1.520000     1.680000   2.089115E+001   1.373294E+000   7.798324E+000   2.339497E+000   1.951785E+001   5.458827E+000   1.405903E+001
   40701      26     1.680000     1.740000   7.400301E+000   1.970582E+000   7.088930E+000   2.126679E+000   5.429719E+000   4.962251E+000   4.674680E-001
   40701      27     1.740000     1.820000   6.859941E+000   1.934062E+000   6.706984E+000   2.012095E+000   4.925879E+000   4.694889E+000   2.309907E-001
   40701      28     1.820000     1.940000   7.844991E+000   1.280658E+000   5.660068E+000   1.698020E+000   6.564333E+000   3.962048E+000   2.602286E+000
   40701      29     1.940000     2.200000   1.524385E+001   4.549103E-001   2.617551E+000   7.852654E-001   1.478894E+001   1.832286E+000   1.295665E+001
   40701      30     2.200000     2.300000   5.897529E+000   1.631062E+000   5.730863E+000   1.719259E+000   4.266467E+000   4.011604E+000   2.548630E-001
   40701      31     2.300000     2.450000   6.412228E+000   1.915583E+000   6.401690E+000   1.920507E+000   4.496645E+000   4.481183E+000   1.546139E-002
   40701      32     2.450000     2.550000   2.808749E+000   5.604875E-001   2.373638E+000   7.120913E-001   2.248262E+000   1.661546E+000   5.867154E-001
   40701      33     2.550000     2.650000   2.466453E+000   1.470046E-001   9.550027E-001   2.865008E-001   2.319449E+000   6.685019E-001   1.650947E+000
   40701      34     2.650000     2.900000   5.107089E+000   1.376495E-005   8.813605E-004   2.644081E-004   5.107075E+000   6.169523E-004   5.106458E+000
   40701      35     2.900000     3.200000   4.829501E+000   3.835716E-001   2.525030E+000   7.575089E-001   4.445929E+000   1.767521E+000   2.678409E+000
   40701      36     3.200000     3.500000   4.479548E+000   1.298748E+000   4.426488E+000   1.327946E+000   3.180800E+000   3.098541E+000   8.225838E-002
   40701      37     3.500000     3.900000   5.317470E+000   7.563529E-001   3.369270E+000   1.010781E+000   4.561118E+000   2.358489E+000   2.202629E+000
   40701      38     3.900000     5.500000   8.889375E+000   6.458735E-002   4.863896E-001   1.459169E-001   8.824788E+000   3.404727E-001   8.484315E+000
   40701      39     5.500000     6.500000   2.171822E+000   6.431779E-001   2.162297E+000   6.486890E-001   1.528644E+000   1.513608E+000   1.503608E-002
   40701      40     6.500000     7.000000   6.459457E-001   4.655461E-002   3.708769E-001   1.112631E-001   5.993911E-001   2.596138E-001   3.397773E-001
   40701      41     7.000000     9.000000   1.525571E+000   3.178605E-002   2.566267E-001   7.698801E-002   1.493785E+000   1.796387E-001   1.314146E+000
   40701      42     9.000000    20.000000   1.633159E+000   2.653643E-002   2.246638E-001   6.739915E-002   1.606622E+000   1.572647E-001   1.449358E+000
   40801       1     0.200000     0.300000   5.582456E-006   3.540013E-006   2.917776E-006   8.753329E-007   2.042443E-006   2.042443E-006  -9.500342E-015
   40801       2     0.300000     0.345000   2.557270E-003   1.374824E-003   1.689209E-003   5.067628E-004   1.182447E-003   1.182447E-003  -8.478979E-013
   40801       3     0.345000     0.385000   2.512764E-003   1.152240E-003   1.943607E-003   5.830820E-004   1.360525E-003   1.360525E-003   3.397626E-012
   40801       4     0.385000     0.420000   1.293223E-002   5.311610E-003   1.088660E-002   3.265979E-003   7.620618E-003   7.620618E-003  -1.151215E-012
   40801       5     0.420000     0.450000   2.349464E-002   8.965829E-003   2.075544E-002   6.226633E-003   1.452881E-002   1.452881E-002  -2.588339E-012
   40801       6     0.450000     0.500000   1.310848E-001   4.710132E-002   1.199763E-001   3.599290E-002   8.398344E-002   8.398344E-002   9.103468E-012
   40801       7     0.500000     0.550000   1.748537E-001   5.938044E-002   1.649618E-001   4.948854E-002   1.154733E-001   1.154733E-001  -8.063591E-012
   40801       8     0.550000     0.610000   2.295775E-001   7.513671E-002   2.206297E-001   6.618892E-002   1.544408E-001   1.544408E-001   2.915124E-011
   40801       9     0.610000     0.690000   5.693172E-001   1.805662E-001   5.553585E-001   1.666076E-001   3.887510E-001   3.887510E-001   3.345801E-011
   40801      10     0.690000     0.780000   2.472789E+000   7.671523E-001   2.436624E+000   7.309872E-001   1.705637E+000   1.705637E+000   5.155276E-011
   40801      11     0.780000     0.800000   1.063069E+000   3.229203E-001   1.046061E+000   3.138184E-001   7.401491E-001   7.322430E-001   7.906128E-003
   40801      12     0.800000     0.870000   5.878988E+000   1.800824E+000   5.823911E+000   1.747173E+000   4.078165E+000   4.076738E+000   1.426599E-003
   40801      13     0.870000     0.880000   8.736691E-001   2.597771E-001   8.574289E-001   2.572287E-001   6.138920E-001   6.002003E-001   1.369175E-002
   40801      14     0.880000     1.030000   2.249240E+001   6.829704E+000   2.237432E+001   6.712297E+000   1.566270E+001   1.566203E+001   6.748543E-004
   40801      15     1.030000     1.080000   9.248799E+000   2.417727E+000   8.564215E+000   2.569265E+000   6.831071E+000   5.994951E+000   8.361207E-001
   40801      16     1.080000     1.140000   1.173685E+001   3.469079E+000   1.161308E+001   3.483925E+000   8.267771E+000   8.129157E+000   1.386138E-001
   40801      17     1.140000     1.200000   1.143670E+001   3.434944E+000   1.139399E+001   3.418198E+000   8.001752E+000   7.975795E+000   2.595690E-002
   40801      18     1.200000     1.240000   8.097833E+000   7.902553E-001   4.078621E+000   1.223586E+000   7.307577E+000   2.855034E+000   4.452543E+000
   40801      19     1.240000     1.280000   7.733813E+000   2.137006E+000   7.465099E+000   2.239530E+000   5.596807E+000   5.225569E+000   3.712378E-001
   40801      20     1.280000     1.340000   1.109154E+001   2.087869E+000   8.895519E+000   2.668656E+000   9.003673E+000   6.226863E+000   2.776810E+000
   40801      21     1.340000     1.420000   1.012492E+001   2.722401E+000   9.647910E+000   2.894373E+000   7.402520E+000   6.753537E+000   6.489837E-001
   40801      22     1.420000     1.460000   4.444646E+000   2.723787E-001   1.525755E+000   4.577264E-001   4.172267E+000   1.068028E+000   3.104239E+000
   40801      23     1.460000     1.490000   3.316959E+000   4.604946E-001   2.260734E+000   6.782203E-001   2.856464E+000   1.582514E+000   1.273950E+000
   40801      24     1.490000     1.520000   3.416012E+000   7.227796E-001   2.914138E+000   8.742414E-001   2.693232E+000   2.039897E+000   6.533354E-001
   40801      25     1.520000     1.680000   2.089115E+001   1.373793E+000   7.800028E+000   2.340008E+000   1.951735E+001   5.460020E+000   1.405734E+001
   40801      26     1.680000     1.740000   7.400301E+000   1.970622E+000   7.088979E+000   2.126694E+000   5.429679E+000   4.962285E+000   4.673937E-001
   40801      27     1.740000     1.820000   6.859941E+000   1.934293E+000   6.707275E+000   2.012183E+000   4.925648E+000   4.695093E+000   2.305554E-001
   40801      28     1.820000     1.940000   7.844991E+000   1.280975E+000   5.660858E+000   1.698258E+000   6.564016E+000   3.962601E+000   2.601415E+000
   40801      29     1.940000     2.200000   1.524385E+001   4.550952E-001   2.618178E+000   7.854533E-001   1.478875E+001   1.832724E+000   1.295603E+001
   40801      30     2.200000     2.300000   5.897529E+000   1.631089E+000   5.730896E+000   1.719269E+000   4.266440E+000   4.011627E+000   2.548122E-001
   40801      31     2.300000     2.450000   6.412228E+000   1.915585E+000   6.401692E+000   1.920508E+000   4.496643E+000   4.481184E+000   1.545859E-002
   40801      32     2.450000     2.550000   2.808749E+000   5.606208E-001   2.373899E+000   7.121696E-001   2.248128E+000   1.661729E+000   5.863993E-001
   40801      33     2.550000     2.650000   2.466453E+000   1.470237E-001   9.551497E-001   2.865449E-001   2.319430E+000   6.686048E-001   1.650825E+000
   40801      34     2.650000     2.900000   5.107089E+000   1.376718E-005   8.886013E-004   2.665804E-004   5.107075E+000   6.220209E-004   5.106453E+000
   40801      35     2.900000     3.200000   4.829501E+000   3.837897E-001   2.525750E+000   7.577249E-001   4.445711E+000   1.768025E+000   2.677686E+000
   40801      36     3.200000     3.500000   4.479548E+000   1.298782E+000   4.426528E+000   1.327958E+000   3.180766E+000   3.098570E+000   8.219654E-002
   40801      37     3.500000     3.900000   5.317470E+000   7.563781E-001   3.369284E+000   1.010785E+000   4.561092E+000   2.358499E+000   2.202594E+000
   40801      38     3.900000     5.500000   8.889375E+000   6.463702E-002   4.866468E-001   1.459940E-001   8.824738E+000   3.406527E-001   8.484085E+000
   40801      39     5.500000     6.500000   2.171822E+000   6.431837E-001   2.162303E+000   6.486910E-001   1.528638E+000   1.513612E+000   1.502562E-002
   40801      40     6.500000     7.000000   6.459457E-001   4.654234E-002   3.708288E-001   1.112486E-001   5.994034E-001   2.595802E-001   3.398232E-001
   40801      41     7.000000     9.000000   1.525571E+000   3.179994E-002   2.566450E-001   7.699351E-002   1.493771E+000   1.796515E-001   1.314120E+000
   40801      42     9.000000    20.000000   1.633159E+000   2.660874E-002   2.249806E-001   6.749418E-002   1.606550E+000   1.574864E-001   1.449064E+000
   40901       1     0.200000     0.300000   5.582456E-006   3.540013E-006   2.917776E-006   8.753329E-007   2.042443E-006   2.042443E-006  -9.500342E-015
   40901       2     0.300000     0.345000   2.557270E-003   1.374824E-003   1.689209E-003   5.067628E-004   1.182447E-003   1.182447E-003  -8.478979E-013
   40901       3     0.345000     0.385000   2.512764E-003   1.152240E-003   1.943607E-003   5.830820E-004   1.360525E-003   1.360525E-003   3.397626E-012
   40901       4     0.385000     0.420000   1.293223E-002   5.311610E-003   1.088660E-002   3.265979E-003   7.620618E-003   7.620618E-003  -2.577253E-013
   40901       5     0.420000     0.450000   2.349464E-002   8.965829E-003   2.075544E-002   6.226633E-003   1.452881E-002   1.452881E-002  -2.697474E-012
   40901       6     0.450000     0.500000   1.310848E-001   4.710132E-002   1.199763E-001   3.599290E-002   8.398344E-002   8.398344E-002   5.777143E-012
   40901       7     0.500000     0.550000   1.748537E-001   5.938044E-002   1.649618E-001   4.948854E-002   1.154733E-001   1.154733E-001  -1.113759E-011
   40901       8     0.550000     0.610000   2.295775E-001   7.513671E-002   2.206297E-001   6.618892E-002   1.544408E-001   1.544408E-001   1.035005E-011
   40901       9     0.610000     0.690000   5.693172E-001   1.805662E-001   5.553585E-001   1.666076E-001   3.887510E-001   3.887510E-001   3.512468E-011
   40901      10     0.690000     0.780000   2.472789E+000   7.671523E-001   2.436624E+000   7.309872E-001   1.705637E+000   1.705637E+000   1.087590E-010
   40901      11     0.780000     0.800000   1.063069E+000   3.229203E-001   1.046061E+000   3.138184E-001   7.401491E-001   7.322430E-001   7.906065E-003
   40901      12     0.800000     0.870000   5.878988E+000   1.800824E+000   5.823911E+000   1.747173E+000   4.078165E+000   4.076738E+000   1.426683E-003
   40901      13     0.870000     0.880000   8.736691E-001   2.597778E-001   8.574298E-001   2.572289E-001   6.138912E-001   6.002009E-001   1.369037E-002
   40901      14     0.880000     1.030000   2.249240E+001   6.829704E+000   2.237432E+001   6.712297E+000   1.566270E+001   1.566203E+001   6.747441E-004
   40901      15     1.030000     1.080000   9.248799E+000   2.417743E+000   8.564225E+000   2.569268E+000   6.831055E+000   5.994958E+000   8.360978E-001
   40901      16     1.080000     1.140000   1.173685E+001   3.469080E+000   1.161308E+001   3.483925E+000   8.267770E+000   8.129158E+000   1.386124E-001
   40901      17     1.140000     1.200000   1.143670E+001   3.434944E+000   1.139399E+001   3.418198E+000   8.001752E+000   7.975795E+000   2.595691E-002
   40901      18     1.200000     1.240000   8.097833E+000   7.904420E-001   4.079097E+000   1.223729E+000   7.307391E+000   2.855368E+000   4.452023E+000
   40901      19     1.240000     1.280000   7.733813E+000   2.137037E+000   7.465137E+000   2.239541E+000   5.596777E+000   5.225596E+000   3.711805E-001
   40901      20     1.280000     1.340000   1.109154E+001   2.087956E+000   8.895626E+000   2.668688E+000   9.003587E+000   6.226938E+000   2.776648E+000
   40901      21     1.340000     1.420000   1.012492E+001   2.722449E+000   9.647969E+000   2.894391E+000   7.402472E+000   6.753578E+000   6.488941E-001
   40901      22     1.420000     1.460000   4.444646E+000   2.724759E-001   1.526163E+000   4.578488E-001   4.172170E+000   1.068314E+000   3.103856E+000
   40901      23     1.460000     1.490000   3.316959E+000   4.605852E-001   2.260881E+000   6.782643E-001   2.856374E+000   1.582617E+000   1.273757E+000
   40901      24     1.490000     1.520000   3.416012E+000   7.228431E-001   2.914231E+000   8.742694E-001   2.693168E+000   2.039962E+000   6.532066E-001
   40901      25     1.520000     1.680000   2.089115E+001   1.374290E+000   7.801722E+000   2.340517E+000   1.951686E+001   5.461206E+000   1.405565E+001
   40901      26     1.680000     1.740000   7.400301E+000   1.970662E+000   7.089028E+000   2.126708E+000   5.429639E+000   4.962319E+000   4.673199E-001
   40901      27     1.740000     1.820000   6.859941E+000   1.934523E+000   6.707565E+000   2.012269E+000   4.925418E+000   4.695295E+000   2.301228E-001
   40901      28     1.820000     1.940000   7.844991E+000   1.281291E+000   5.661645E+000   1.698493E+000   6.563700E+000   3.963151E+000   2.600549E+000
   40901      29     1.940000     2.200000   1.524385E+001   4.552790E-001   2.618800E+000   7.856401E-001   1.478857E+001   1.833160E+000   1.295541E+001
   40901      30     2.200000     2.300000   5.897529E+000   1.631116E+000   5.730930E+000   1.719279E+000   4.266412E+000   4.011651E+000   2.547617E-001
   40901      31     2.300000     2.450000   6.412228E+000   1.915587E+000   6.401694E+000   1.920508E+000   4.496641E+000   4.481186E+000   1.545580E-002
   40901      32     2.450000     2.550000   2.808749E+000   5.607534E-001   2.374158E+000   7.122475E-001   2.247996E+000   1.661911E+000   5.860849E-001
   40901      33     2.550000     2.650000   2.466453E+000   1.470428E-001   9.552958E-001   2.865887E-001   2.319411E+000   6.687071E-001   1.650704E+000
   40901      34     2.650000     2.900000   5.107089E+000   1.376940E-005   8.958555E-004   2.687566E-004   5.107075E+000   6.270988E-004   5.106448E+000
   40901      35     2.900000     3.200000   4.829501E+000   3.840067E-001   2.526466E+000   7.579397E-001   4.445494E+000   1.768526E+000   2.676968E+000
   40901      36     3.200000     3.500000   4.479548E+000   1.298815E+000   4.426569E+000   1.327971E+000   3.180733E+000   3.098598E+000   8.213509E-002
   40901      37     3.500000     3.900000   5.317470E+000   7.564032E-001   3.369297E+000   1.010789E+000   4.561067E+000   2.358508E+000   2.202559E+000
   40901      38     3.900000     5.500000   8.889375E+000   6.468644E-002   4.869025E-001   1.460708E-001   8.824689E+000   3.408318E-001   8.483857E+000
   40901      39     5.500000     6.500000   2.171822E+000   6.431896E-001   2.162310E+000   6.486929E-001   1.528632E+000   1.513617E+000   1.501523E-002
   40901      40     6.500000     7.000000   6.459457E-001   4.653015E-002   3.707810E-001   1.112343E-001   5.994156E-001   2.595467E-001   3.398689E-001
   40901      41     7.000000     9.000000   1.525571E+000   3.181374E-002   2.566632E-001   7.699897E-002   1.493757E+000   1.796643E-001   1.314093E+000
   40901      42     9.000000    20.000000   1.633159E+000   2.668090E-002   2.252962E-001   6.758886E-002   1.606478E+000   1.577073E-001   1.448771E+000
   41001       1     0.200000     0.300000   5.582456E-006   3.540013E-006   2.917776E-006   8.753329E-007   2.042443E-006   2.042443E-006  -9.500342E-015
   41001       2     0.300000     0.345000   2.557270E-003   1.374824E-003   1.689209E-003   5.067628E-004   1.182447E-003   1.182447E-003  -8.478979E-013
   41001       3     0.345000     0.385000   2.512764E-003   1.152240E-003   1.943607E-003   5.830820E-004   1.360525E-003   1.360525E-003   3.397626E-012
   41001       4     0.385000     0.420000   1.293223E-002   5.311610E-003   1.088660E-002   3.265979E-003   7.620618E-003   7.620618E-003  -2.577253E-013
   41001       5     0.420000     0.450000   2.349464E-002   8.965829E-003   2.075544E-002   6.226633E-003   1.452881E-002   1.452881E-002  -3.132564E-012
   41001       6     0.450000     0.500000   1.310848E-001   4.710132E-002   1.199763E-001   3.599290E-002   8.398344E-002   8.398344E-002   1.377995E-011
   41001       7     0.500000     0.550000   1.748537E-001   5.938044E-002   1.649618E-001   4.948854E-002   1.154733E-001   1.154733E-001  -6.812745E-012
   41001       8     0.550000     0.610000   2.295775E-001   7.513671E-002   2.206297E-001   6.618892E-002   1.544408E-001   1.544408E-001   2.506670E-011
   41001       9     0.610000     0.690000   5.693172E-001   1.805662E-001   5.553585E-001   1.666076E-001   3.887510E-001   3.887510E-001   4.519907E-011
   41001      10     0.690000     0.780000   2.472789E+000   7.671523E-001   2.436624E+000   7.309872E-001   1.705637E+000   1.705637E+000   1.612008E-010
   41001      11     0.780000     0.800000   1.063069E+000   3.229203E-001   1.046062E+000   3.138185E-001   7.401491E-001   7.322431E-001   7.906004E-003
   41001      12     0.800000     0.870000   5.878988E+000   1.800824E+000   5.823911E+000   1.747173E+000   4.078165E+000   4.076738E+000   1.426767E-003
   41001      13     0.870000     0.880000   8.736691E-001   2.597786E-001   8.574307E-001   2.572292E-001   6.138905E-001   6.002015E-001   1.368899E-002
   41001      14     0.880000     1.030000   2.249240E+001   6.829704E+000   2.237432E+001   6.712297E+000   1.566270E+001   1.566203E+001   6.746347E-004
   41001      15     1.030000     1.080000   9.248799E+000   2.417759E+000   8.564235E+000   2.569271E+000   6.831040E+000   5.994965E+000   8.360750E-001
   41001      16     1.080000     1.140000   1.173685E+001   3.469080E+000   1.161308E+001   3.483925E+000   8.267769E+000   8.129158E+000   1.386111E-001
   41001      17     1.140000     1.200000   1.143670E+001   3.434944E+000   1.139399E+001   3.418198E+000   8.001752E+000   7.975795E+000   2.595691E-002
   41001      18     1.200000     1.240000   8.097833E+000   7.906275E-001   4.079570E+000   1.223871E+000   7.307205E+000   2.855699E+000   4.451506E+000
   41001      19     1.240000     1.280000   7.733813E+000   2.137067E+000   7.465176E+000   2.239553E+000   5.596747E+000   5.225623E+000   3.711235E-001
   41001      20     1.280000     1.340000   1.109154E+001   2.088043E+000   8.895733E+000   2.668720E+000   9.003500E+000   6.227013E+000   2.776487E+000
   41001      21     1.340000     1.420000   1.012492E+001   2.722496E+000   9.648028E+000   2.894408E+000   7.402424E+000   6.753619E+000   6.488051E-001
   41001      22     1.420000     1.460000   4.444646E+000   2.725726E-001   1.526568E+000   4.579705E-001   4.172073E+000   1.068598E+000   3.103475E+000
   41001      23     1.460000     1.490000   3.316959E+000   4.606753E-001   2.261026E+000   6.783079E-001   2.856284E+000   1.582719E+000   1.273565E+000
   41001      24     1.490000     1.520000   3.416012E+000   7.229062E-001   2.914324E+000   8.742972E-001   2.693105E+000   2.040027E+000   6.530786E-001
   41001      25     1.520000     1.680000   2.089115E+001   1.374784E+000   7.803406E+000   2.341022E+000   1.951636E+001   5.462384E+000   1.405398E+001
   41001      26     1.680000     1.740000   7.400301E+000   1.970702E+000   7.089076E+000   2.126723E+000   5.429600E+000   4.962353E+000   4.672466E-001
   41001      27     1.740000     1.820000   6.859941E+000   1.934752E+000   6.707853E+000   2.012356E+000   4.925190E+000   4.695497E+000   2.296928E-001
   41001      28     1.820000     1.940000   7.844991E+000   1.281605E+000   5.662426E+000   1.698728E+000   6.563386E+000   3.963698E+000   2.599688E+000
   41001      29     1.940000     2.200000   1.524385E+001   4.554617E-001   2.619419E+000   7.858257E-001   1.478839E+001   1.833593E+000   1.295479E+001
   41001      30     2.200000     2.300000   5.897529E+000   1.631143E+000   5.730962E+000   1.719289E+000   4.266385E+000   4.011674E+000   2.547116E-001
   41001      31     2.300000     2.450000   6.412228E+000   1.915588E+000   6.401695E+000   1.920509E+000   4.496640E+000   4.481187E+000   1.545302E-002
   41001      32     2.450000     2.550000   2.808749E+000   5.608852E-001   2.374417E+000   7.123250E-001   2.247864E+000   1.662092E+000   5.857725E-001
   41001      33     2.550000     2.650000   2.466453E+000   1.470616E-001   9.554412E-001   2.866323E-001   2.319392E+000   6.688088E-001   1.650583E+000
   41001      34     2.650000     2.900000   5.107089E+000   1.377162E-005   9.031217E-004   2.709365E-004   5.107075E+000   6.321852E-004   5.106443E+000
   41001      35     2.900000     3.200000   4.829501E+000   3.842225E-001   2.527177E+000   7.581532E-001   4.445278E+000   1.769024E+000   2.676254E+000
   41001      36     3.200000     3.500000   4.479548E+000   1.298848E+000   4.426609E+000   1.327983E+000   3.180700E+000   3.098626E+000   8.207403E-002
   41001      37     3.500000     3.900000   5.317470E+000   7.564281E-001   3.369311E+000   1.010793E+000   4.561042E+000   2.358518E+000   2.202525E+000
   41001      38     3.900000     5.500000   8.889375E+000   6.473561E-002   4.871569E-001   1.461471E-001   8.824640E+000   3.410098E-001   8.483630E+000
   41001      39     5.500000     6.500000   2.171822E+000   6.431953E-001   2.162316E+000   6.486949E-001   1.528626E+000   1.513621E+000   1.500490E-002
   41001      40     6.500000     7.000000   6.459457E-001   4.651803E-002   3.707336E-001   1.112201E-001   5.994277E-001   2.595135E-001   3.399142E-001
   41001      41     7.000000     9.000000   1.525571E+000   3.182744E-002   2.566814E-001   7.700441E-002   1.493744E+000   1.796770E-001   1.314067E+000
   41001      42     9.000000    20.000000   1.633159E+000   2.675287E-002   2.256106E-001   6.768319E-002   1.606406E+000   1.579274E-001   1.448479E+000
   41101       1     0.200000     0.300000   5.582456E-006   3.540013E-006   2.917776E-006   8.753329E-007   2.042443E-006   2.042443E-006  -9.500342E-015
   41101       2     0.300000     0.345000   2.557270E-003   1.374824E-003   1.689209E-003   5.067628E-004   1.182447E-003   1.182447E-003  -8.478979E-013
   41101       3     0.345000     0.385000   2.512764E-003   1.152240E-003   1.943607E-003   5.830820E-004   1.360525E-003   1.360525E-003   3.397626E-012
   41101       4     0.385000     0.420000   1.293223E-002   5.311610E-003   1.088660E-002   3.265979E-003   7.620618E-003   7.620618E-003  -2.577253E-013
   41101       5     0.420000     0.450000   2.349464E-002   8.965829E-003   2.075544E-002   6.226633E-003   1.452881E-002   1.452881E-002  -2.857919E-012
   41101       6     0.450000     0.500000   1.310848E-001   4.710132E-002   1.199763E-001   3.599290E-002   8.398344E-002   8.398344E-002   1.002125E-011
   41101       7     0.500000     0.550000   1.748537E-001   5.938044E-002   1.649618E-001   4.948854E-002   1.154733E-001   1.154733E-001  -1.011015E-011
   41101       8     0.550000     0.610000   2.295775E-001   7.513671E-002   2.206297E-001   6.618892E-002   1.544408E-001   1.544408E-001   3.103362E-011
   41101       9     0.610000     0.690000   5.693172E-001   1.805662E-001   5.553585E-001   1.666076E-001   3.887510E-001   3.887510E-001   5.223288E-011
   41101      10     0.690000     0.780000   2.472789E+000   7.671523E-001   2.436624E+000   7.309872E-001   1.705637E+000   1.705637E+000   1.445195E-010
   41101      11     0.780000     0.800000   1.063069E+000   3.229204E-001   1.046062E+000   3.138185E-001   7.401490E-001   7.322431E-001   7.905942E-003
   41101      12     0.800000     0.870000   5.878988E+000   1.800824E+000   5.823911E+000   1.747173E+000   4.078165E+000   4.076738E+000   1.426851E-003
   41101      13     0.870000     0.880000   8.736691E-001   2.597794E-001   8.574315E-001   2.572295E-001   6.138897E-001   6.002021E-001   1.368762E-002
   41101      14     0.880000     1.030000   2.249240E+001   6.829704E+000   2.237432E+001   6.712297E+000   1.566270E+001   1.566203E+001   6.745260E-004
   41101      15     1.030000     1.080000   9.248799E+000   2.417775E+000   8.564245E+000   2.569273E+000   6.831024E+000   5.994971E+000   8.360524E-001
   41101      16     1.080000     1.140000   1.173685E+001   3.469081E+000   1.161308E+001   3.483925E+000   8.267769E+000   8.129159E+000   1.386097E-001
   41101      17     1.140000     1.200000   1.143670E+001   3.434944E+000   1.139399E+001   3.418198E+000   8.001752E+000   7.975795E+000   2.595692E-002
   41101      18     1.200000     1.240000   8.097833E+000   7.908119E-001   4.080041E+000   1.224012E+000   7.307021E+000   2.856028E+000   4.450992E+000
   41101      19     1.240000     1.280000   7.733813E+000   2.137097E+000   7.465214E+000   2.239564E+000   5.596717E+000   5.225650E+000   3.710669E-001
   41101      20     1.280000     1.340000   1.109154E+001   2.088128E+000   8.895838E+000   2.668751E+000   9.003414E+000   6.227087E+000   2.776328E+000
   41101      21     1.340000     1.420000   1.012492E+001   2.722544E+000   9.648086E+000   2.894426E+000   7.402377E+000   6.753660E+000   6.487167E-001
   41101      22     1.420000     1.460000   4.444646E+000   2.726688E-001   1.526972E+000   4.580917E-001   4.171977E+000   1.068881E+000   3.103096E+000
   41101      23     1.460000     1.490000   3.316959E+000   4.607648E-001   2.261171E+000   6.783513E-001   2.856194E+000   1.582820E+000   1.273374E+000
   41101      24     1.490000     1.520000   3.416012E+000   7.229689E-001   2.914416E+000   8.743248E-001   2.693043E+000   2.040091E+000   6.529515E-001
   41101      25     1.520000     1.680000   2.089115E+001   1.375274E+000   7.805079E+000   2.341524E+000   1.951587E+001   5.463556E+000   1.405232E+001
   41101      26     1.680000     1.740000   7.400301E+000   1.970741E+000   7.089124E+000   2.126737E+000   5.429560E+000   4.962387E+000   4.671738E-001
   41101      27     1.740000     1.820000   6.859941E+000   1.934979E+000   6.708139E+000   2.012442E+000   4.924963E+000   4.695697E+000   2.292655E-001
   41101      28     1.820000     1.940000   7.844991E+000   1.281917E+000   5.663203E+000   1.698961E+000   6.563074E+000   3.964242E+000   2.598832E+000
   41101      29     1.940000     2.200000   1.524385E+001   4.556434E-001   2.620034E+000   7.860102E-001   1.478821E+001   1.834024E+000   1.295418E+001
   41101      30     2.200000     2.300000   5.897529E+000   1.631170E+000   5.730995E+000   1.719299E+000   4.266358E+000   4.011697E+000   2.546618E-001
   41101      31     2.300000     2.450000   6.412228E+000   1.915590E+000   6.401697E+000   1.920509E+000   4.496638E+000   4.481188E+000   1.545027E-002
   41101      32     2.450000     2.550000   2.808749E+000   5.610162E-001   2.374673E+000   7.124019E-001   2.247733E+000   1.662271E+000   5.854619E-001
   41101      33     2.550000     2.650000   2.466453E+000   1.470804E-001   9.555857E-001   2.866757E-001   2.319373E+000   6.689100E-001   1.650463E+000
   41101      34     2.650000     2.900000   5.107089E+000   1.377382E-005   9.103989E-004   2.731197E-004   5.107075E+000   6.372792E-004   5.106438E+000
   41101      35     2.900000     3.200000   4.829501E+000   3.844370E-001   2.527885E+000   7.583654E-001   4.445064E+000   1.769519E+000   2.675545E+000
   41101      36     3.200000     3.500000   4.479548E+000   1.298880E+000   4.426649E+000   1.327995E+000   3.180667E+000   3.098654E+000   8.201337E-002
   41101      37     3.500000     3.900000   5.317470E+000   7.564528E-001   3.369324E+000   1.010797E+000   4.561018E+000   2.358527E+000   2.202490E+000
   41101      38     3.900000     5.500000   8.889375E+000   6.478453E-002   4.874097E-001   1.462229E-001   8.824591E+000   3.411868E-001   8.483404E+000
   41101      39     5.500000     6.500000   2.171822E+000   6.432011E-001   2.162323E+000   6.486968E-001   1.528621E+000   1.513626E+000   1.499464E-002
   41101      40     6.500000     7.000000   6.459457E-001   4.650600E-002   3.706864E-001   1.112059E-001   5.994397E-001   2.594805E-001   3.399593E-001
   41101      41     7.000000     9.000000   1.525571E+000   3.184106E-002   2.566994E-001   7.700982E-002   1.493730E+000   1.796896E-001   1.314040E+000
   41101      42     9.000000    20.000000   1.633159E+000   2.682467E-002   2.259238E-001   6.777715E-002   1.606334E+000   1.581467E-001   1.448188E+000
   41201       1     0.200000     0.300000   5.582456E-006   3.540013E-006   2.917776E-006   8.753329E-007   2.042443E-006   2.042443E-006  -9.500342E-015
   41201       2     0.300000     0.345000   2.557270E-003   1.374824E-003   1.689209E-003   5.067628E-004   1.182447E-003   1.182447E-003  -8.478979E-013
   41201       3     0.345000     0.385000   2.512764E-003   1.152240E-003   1.943607E-003   5.830820E-004   1.360525E-003   1.360525E-003   3.397626E-012
   41201       4     0.385000     0.420000   1.293223E-002   5.311610E-003   1.088660E-002   3.265979E-003   7.620618E-003   7.620618E-003   7.477239E-013
   41201       5     0.420000     0.450000   2.349464E-002   8.965829E-003   2.075544E-002   6.226633E-003   1.452881E-002   1.452881E-002  -4.005872E-012
   41201       6     0.450000     0.500000   1.310848E-001   4.710132E-002   1.199763E-001   3.599290E-002   8.398344E-002   8.398344E-002   1.635331E-011
   41201       7     0.500000     0.550000   1.748537E-001   5.938044E-002   1.649618E-001   4.948854E-002   1.154733E-001   1.154733E-001  -1.483147E-011
   41201       8     0.550000     0.610000   2.295775E-001   7.513671E-002   2.206297E-001   6.618892E-002   1.544408E-001   1.544408E-001   1.908276E-011
   41201       9     0.610000     0.690000   5.693172E-001   1.805662E-001   5.553585E-001   1.666076E-001   3.887510E-001   3.887510E-001   3.646661E-011
   41201      10     0.690000     0.780000   2.472789E+000   7.671523E-001   2.436624E+000   7.309872E-001   1.705637E+000   1.705637E+000   7.135625E-011
   41201      11     0.780000     0.800000   1.063069E+000   3.229204E-001   1.046062E+000   3.138185E-001   7.401490E-001   7.322431E-001   7.905881E-003
   41201      12     0.800000     0.870000   5.878988E+000   1.800824E+000   5.823911E+000   1.747173E+000   4.078165E+000   4.076738E+000   1.426934E-003
   41201      13     0.870000     0.880000   8.736691E-001   2.597801E-001   8.574324E-001   2.572297E-001   6.138889E-001   6.002027E-001   1.368627E-002
   41201      14     0.880000     1.030000   2.249240E+001   6.829704E+000   2.237432E+001   6.712297E+000   1.566270E+001   1.566203E+001   6.744183E-004
   41201      15     1.030000     1.080000   9.248799E+000   2.417791E+000   8.564254E+000   2.569276E+000   6.831008E+000   5.994978E+000   8.360300E-001
   41201      16     1.080000     1.140000   1.173685E+001   3.469082E+000   1.161309E+001   3.483926E+000   8.267768E+000   8.129160E+000   1.386084E-001
   41201      17     1.140000     1.200000   1.143670E+001   3.434944E+000   1.139399E+001   3.418198E+000   8.001752E+000   7.975795E+000   2.595693E-002
   41201      18     1.200000     1.240000   8.097833E+000   7.909951E-001   4.080508E+000   1.224152E+000   7.306838E+000   2.856356E+000   4.450482E+000
   41201      19     1.240000     1.280000   7.733813E+000   2.137126E+000   7.465252E+000   2.239575E+000   5.596687E+000   5.225676E+000   3.710108E-001
   41201      20     1.280000     1.340000   1.109154E+001   2.088214E+000   8.895943E+000   2.668783E+000   9.003329E+000   6.227160E+000   2.776169E+000
   41201      21     1.340000     1.420000   1.012492E+001   2.722591E+000   9.648144E+000   2.894443E+000   7.402330E+000   6.753701E+000   6.486289E-001
   41201      22     1.420000     1.460000   4.444646E+000   2.727644E-001   1.527373E+000   4.582119E-001   4.171881E+000   1.069161E+000   3.102720E+000
   41201      23     1.460000     1.490000   3.316959E+000   4.608535E-001   2.261314E+000   6.783943E-001   2.856105E+000   1.582920E+000   1.273185E+000
   41201      24     1.490000     1.520000   3.416012E+000   7.230311E-001   2.914507E+000   8.743522E-001   2.692980E+000   2.040155E+000   6.528254E-001
   41201      25     1.520000     1.680000   2.089115E+001   1.375762E+000   7.806742E+000   2.342023E+000   1.951539E+001   5.464719E+000   1.405067E+001
   41201      26     1.680000     1.740000   7.400301E+000   1.970780E+000   7.089171E+000   2.126751E+000   5.429522E+000   4.962420E+000   4.671016E-001
   41201      27     1.740000     1.820000   6.859941E+000   1.935204E+000   6.708422E+000   2.012527E+000   4.924738E+000   4.695895E+000   2.288422E-001
   41201      28     1.820000     1.940000   7.844991E+000   1.282227E+000   5.663974E+000   1.699192E+000   6.562764E+000   3.964782E+000   2.597982E+000
   41201      29     1.940000     2.200000   1.524385E+001   4.558239E-001   2.620645E+000   7.861934E-001   1.478803E+001   1.834451E+000   1.295357E+001
   41201      30     2.200000     2.300000   5.897529E+000   1.631197E+000   5.731028E+000   1.719308E+000   4.266332E+000   4.011719E+000   2.546123E-001
   41201      31     2.300000     2.450000   6.412228E+000   1.915591E+000   6.401699E+000   1.920510E+000   4.496637E+000   4.481189E+000   1.544754E-002
   41201      32     2.450000     2.550000   2.808749E+000   5.611462E-001   2.374928E+000   7.124783E-001   2.247603E+000   1.662449E+000   5.851538E-001
   41201      33     2.550000     2.650000   2.466453E+000   1.470988E-001   9.557286E-001   2.867186E-001   2.319355E+000   6.690100E-001   1.650345E+000
   41201      34     2.650000     2.900000   5.107089E+000   1.377601E-005   9.176698E-004   2.753010E-004   5.107075E+000   6.423689E-004   5.106433E+000
   41201      35     2.900000     3.200000   4.829501E+000   3.846502E-001   2.528587E+000   7.585761E-001   4.444851E+000   1.770011E+000   2.674840E+000
   41201      36     3.200000     3.500000   4.479548E+000   1.298913E+000   4.426688E+000   1.328006E+000   3.180635E+000   3.098682E+000   8.195323E-002
   41201      37     3.500000     3.900000   5.317470E+000   7.564774E-001   3.369338E+000   1.010801E+000   4.560993E+000   2.358537E+000   2.202457E+000
   41201      38     3.900000     5.500000   8.889375E+000   6.483315E-002   4.876613E-001   1.462984E-001   8.824542E+000   3.413629E-001   8.483179E+000
   41201      39     5.500000     6.500000   2.171822E+000   6.432067E-001   2.162329E+000   6.486987E-001   1.528615E+000   1.513630E+000   1.498452E-002
   41201      40     6.500000     7.000000   6.459457E-001   4.649393E-002   3.706391E-001   1.111917E-001   5.994518E-001   2.594474E-001   3.400044E-001
   41201      41     7.000000     9.000000   1.525571E+000   3.185456E-002   2.567176E-001   7.701527E-002   1.493717E+000   1.797023E-001   1.314014E+000
   41201      42     9.000000    20.000000   1.633159E+000   2.689587E-002   2.262341E-001   6.787023E-002   1.606263E+000   1.583639E-001   1.447899E+000
   41301       1     0.200000     0.300000   5.582456E-006   3.540013E-006   2.917776E-006   8.753329E-007   2.042443E-006   2.042443E-006  -9.500342E-015
   41301       2     0.300000     0.345000   2.557270E-003   1.374824E-003   1.689209E-003   5.067628E-004   1.182447E-003   1.182447E-003  -8.478979E-013
   41301       3     0.345000     0.385000   2.512764E-003   1.152240E-003   1.943607E-003   5.830820E-004   1.360525E-003   1.360525E-003   3.397626E-012
   41301       4     0.385000     0.420000   1.293223E-002   5.311610E-003   1.088660E-002   3.265979E-003   7.620618E-003   7.620618E-003   7.477239E-013
   41301       5     0.420000     0.450000   2.349464E-002   8.965829E-003   2.075544E-002   6.226633E-003   1.452881E-002   1.452881E-002  -4.664978E-012
   41301       6     0.450000     0.500000   1.310848E-001   4.710132E-002   1.199763E-001   3.599290E-002   8.398344E-002   8.398344E-002   1.491791E-011
   41301       7     0.500000     0.550000   1.748537E-001   5.938044E-002   1.649618E-001   4.948854E-002   1.154733E-001   1.154733E-001  -2.030809E-011
   41301       8     0.550000     0.610000   2.295775E-001   7.513671E-002   2.206297E-001   6.618892E-002   1.544408E-001   1.544408E-001   3.100686E-012
   41301       9     0.610000     0.690000   5.693172E-001   1.805662E-001   5.553585E-001   1.666076E-001   3.887510E-001   3.887510E-001   3.577832E-011
   41301      10     0.690000     0.780000   2.472789E+000   7.671523E-001   2.436624E+000   7.309872E-001   1.705637E+000   1.705637E+000   2.169882E-010
   41301      11     0.780000     0.800000   1.063069E+000   3.229204E-001   1.046062E+000   3.138185E-001   7.401490E-001   7.322431E-001   7.905820E-003
   41301      12     0.800000     0.870000   5.878988E+000   1.800823E+000   5.823911E+000   1.747173E+000   4.078165E+000   4.076738E+000   1.427016E-003
   41301      13     0.870000     0.880000   8.736691E-001   2.597809E-001   8.574332E-001   2.572300E-001   6.138882E-001   6.002033E-001   1.368492E-002
   41301      14     0.880000     1.030000   2.249240E+001   6.829704E+000   2.237432E+001   6.712297E+000   1.566270E+001   1.566203E+001   6.743120E-004
   41301      15     1.030000     1.080000   9.248799E+000   2.417806E+000   8.564264E+000   2.569279E+000   6.830993E+000   5.994985E+000   8.360078E-001
   41301      16     1.080000     1.140000   1.173685E+001   3.469083E+000   1.161309E+001   3.483926E+000   8.267767E+000   8.129160E+000   1.386071E-001
   41301      17     1.140000     1.200000   1.143670E+001   3.434944E+000   1.139399E+001   3.418198E+000   8.001752E+000   7.975795E+000   2.595695E-002
   41301      18     1.200000     1.240000   8.097833E+000   7.911771E-001   4.080972E+000   1.224292E+000   7.306656E+000   2.856681E+000   4.449975E+000
   41301      19     1.240000     1.280000   7.733813E+000   2.137156E+000   7.465289E+000   2.239587E+000   5.596658E+000   5.225702E+000   3.709553E-001
   41301      20     1.280000     1.340000   1.109154E+001   2.088298E+000   8.896047E+000   2.668814E+000   9.003245E+000   6.227233E+000   2.776012E+000
   41301      21     1.340000     1.420000   1.012492E+001   2.722638E+000   9.648202E+000   2.894460E+000   7.402283E+000   6.753741E+000   6.485419E-001
   41301      22     1.420000     1.460000   4.444646E+000   2.728593E-001   1.527770E+000   4.583311E-001   4.171786E+000   1.069439E+000   3.102347E+000
   41301      23     1.460000     1.490000   3.316959E+000   4.609411E-001   2.261456E+000   6.784368E-001   2.856018E+000   1.583019E+000   1.272999E+000
   41301      24     1.490000     1.520000   3.416012E+000   7.230927E-001   2.914598E+000   8.743793E-001   2.692919E+000   2.040218E+000   6.527005E-001
   41301      25     1.520000     1.680000   2.089115E+001   1.376246E+000   7.808393E+000   2.342518E+000   1.951490E+001   5.465875E+000   1.404903E+001
   41301      26     1.680000     1.740000   7.400301E+000   1.970818E+000   7.089218E+000   2.126766E+000   5.429483E+000   4.962453E+000   4.670302E-001
   41301      27     1.740000     1.820000   6.859941E+000   1.935426E+000   6.708701E+000   2.012610E+000   4.924516E+000   4.696091E+000   2.284246E-001
   41301      28     1.820000     1.940000   7.844991E+000   1.282534E+000   5.664738E+000   1.699421E+000   6.562457E+000   3.965317E+000   2.597140E+000
   41301      29     1.940000     2.200000   1.524385E+001   4.560029E-001   2.621250E+000   7.863751E-001   1.478785E+001   1.834875E+000   1.295297E+001
   41301      30     2.200000     2.300000   5.897529E+000   1.631224E+000   5.731060E+000   1.719318E+000   4.266305E+000   4.011742E+000   2.545633E-001
   41301      31     2.300000     2.450000   6.412228E+000   1.915593E+000   6.401701E+000   1.920510E+000   4.496635E+000   4.481190E+000   1.544483E-002
   41301      32     2.450000     2.550000   2.808749E+000   5.612748E-001   2.375179E+000   7.125538E-001   2.247474E+000   1.662626E+000   5.848489E-001
   41301      33     2.550000     2.650000   2.466453E+000   1.471164E-001   9.558689E-001   2.867607E-001   2.319337E+000   6.691082E-001   1.650229E+000
   41301      34     2.650000     2.900000   5.107089E+000   1.377819E-005   9.249088E-004   2.774726E-004   5.107075E+000   6.474361E-004   5.106428E+000
   41301      35     2.900000     3.200000   4.829501E+000   3.848615E-001   2.529283E+000   7.587850E-001   4.444639E+000   1.770498E+000   2.674141E+000
   41301      36     3.200000     3.500000   4.479548E+000   1.298945E+000   4.426727E+000   1.328018E+000   3.180603E+000   3.098709E+000   8.189375E-002
   41301      37     3.500000     3.900000   5.317470E+000   7.565017E-001   3.369351E+000   1.010805E+000   4.560969E+000   2.358546E+000   2.202423E+000
   41301      38     3.900000     5.500000   8.889375E+000   6.488143E-002   4.879118E-001   1.463735E-001   8.824494E+000   3.415382E-001   8.482956E+000
   41301      39     5.500000     6.500000   2.171822E+000   6.432122E-001   2.162335E+000   6.487006E-001   1.528609E+000   1.513635E+000   1.497469E-002
   41301      40     6.500000     7.000000   6.459457E-001   4.648161E-002   3.705910E-001   1.111773E-001   5.994641E-001   2.594137E-001   3.400504E-001
   41301      41     7.000000     9.000000   1.525571E+000   3.186793E-002   2.567363E-001   7.702089E-002   1.493703E+000   1.797154E-001   1.313988E+000
   41301      42     9.000000    20.000000   1.633159E+000   2.696575E-002   2.265385E-001   6.796154E-002   1.606193E+000   1.585769E-001   1.447616E+000
   41401       1     0.200000     0.300000   5.582456E-006   3.540013E-006   2.917776E-006   8.753329E-007   2.042443E-006   2.042443E-006  -9.500342E-015
   41401       2     0.300000     0.345000   2.557270E-003   1.374824E-003   1.689209E-003   5.067628E-004   1.182447E-003   1.182447E-003  -8.478979E-013
   41401       3     0.345000     0.385000   2.512764E-003   1.152240E-003   1.943607E-003   5.830820E-004   1.360525E-003   1.360525E-003   3.397626E-012
   41401       4     0.385000     0.420000   1.293223E-002   5.311610E-003   1.088660E-002   3.265979E-003   7.620618E-003   7.620618E-003  -1.042067E-012
   41401       5     0.420000     0.450000   2.349464E-002   8.965829E-003   2.075544E-002   6.226633E-003   1.452881E-002   1.452881E-002  -6.050207E-012
   41401       6     0.450000     0.500000   1.310848E-001   4.710132E-002   1.199763E-001   3.599290E-002   8.398344E-002   8.398344E-002   1.115429E-011
   41401       7     0.500000     0.550000   1.748537E-001   5.938044E-002   1.649618E-001   4.948854E-002   1.154733E-001   1.154733E-001  -9.613046E-012
   41401       8     0.550000     0.610000   2.295775E-001   7.513671E-002   2.206297E-001   6.618892E-002   1.544408E-001   1.544408E-001  -6.506545E-012
   41401       9     0.610000     0.690000   5.693172E-001   1.805662E-001   5.553585E-001   1.666076E-001   3.887510E-001   3.887510E-001   2.593220E-011
   41401      10     0.690000     0.780000   2.472789E+000   7.671523E-001   2.436624E+000   7.309872E-001   1.705637E+000   1.705637E+000   1.791642E-010
   41401      11     0.780000     0.800000   1.063069E+000   3.229205E-001   1.046062E+000   3.138185E-001   7.401489E-001   7.322432E-001   7.905760E-003
   41401      12     0.800000     0.870000   5.878988E+000   1.800823E+000   5.823911E+000   1.747173E+000   4.078165E+000   4.076738E+000   1.427098E-003
   41401      13     0.870000     0.880000   8.736691E-001   2.597816E-001   8.574341E-001   2.572302E-001   6.138874E-001   6.002039E-001   1.368358E-002
   41401      14     0.880000     1.030000   2.249240E+001   6.829704E+000   2.237432E+001   6.712297E+000   1.566270E+001   1.566203E+001   6.742063E-004
   41401      15     1.030000     1.080000   9.248799E+000   2.417822E+000   8.564274E+000   2.569282E+000   6.830977E+000   5.994991E+000   8.359857E-001
   41401      16     1.080000     1.140000   1.173685E+001   3.469083E+000   1.161309E+001   3.483926E+000   8.267766E+000   8.129161E+000   1.386058E-001
   41401      17     1.140000     1.200000   1.143670E+001   3.434944E+000   1.139399E+001   3.418198E+000   8.001752E+000   7.975795E+000   2.595698E-002
   41401      18     1.200000     1.240000   8.097833E+000   7.913582E-001   4.081434E+000   1.224430E+000   7.306475E+000   2.857004E+000   4.449471E+000
   41401      19     1.240000     1.280000   7.733813E+000   2.137185E+000   7.465326E+000   2.239598E+000   5.596628E+000   5.225728E+000   3.709001E-001
   41401      20     1.280000     1.340000   1.109154E+001   2.088382E+000   8.896151E+000   2.668845E+000   9.003160E+000   6.227305E+000   2.775855E+000
   41401      21     1.340000     1.420000   1.012492E+001   2.722684E+000   9.648259E+000   2.894478E+000   7.402237E+000   6.753781E+000   6.484555E-001
   41401      22     1.420000     1.460000   4.444646E+000   2.729537E-001   1.528166E+000   4.584498E-001   4.171692E+000   1.069716E+000   3.101976E+000
   41401      23     1.460000     1.490000   3.316959E+000   4.610283E-001   2.261597E+000   6.784790E-001   2.855931E+000   1.583118E+000   1.272813E+000
   41401      24     1.490000     1.520000   3.416012E+000   7.231539E-001   2.914688E+000   8.744063E-001   2.692858E+000   2.040281E+000   6.525763E-001
   41401      25     1.520000     1.680000   2.089115E+001   1.376728E+000   7.810035E+000   2.343011E+000   1.951442E+001   5.467025E+000   1.404740E+001
   41401      26     1.680000     1.740000   7.400301E+000   1.970856E+000   7.089265E+000   2.126780E+000   5.429445E+000   4.962486E+000   4.669593E-001
   41401      27     1.740000     1.820000   6.859941E+000   1.935646E+000   6.708979E+000   2.012694E+000   4.924295E+000   4.696286E+000   2.280092E-001
   41401      28     1.820000     1.940000   7.844991E+000   1.282840E+000   5.665499E+000   1.699650E+000   6.562151E+000   3.965849E+000   2.596302E+000
   41401      29     1.940000     2.200000   1.524385E+001   4.561810E-001   2.621853E+000   7.865558E-001   1.478767E+001   1.835297E+000   1.295237E+001
   41401      30     2.200000     2.300000   5.897529E+000   1.631250E+000   5.731092E+000   1.719327E+000   4.266279E+000   4.011764E+000   2.545146E-001
   41401      31     2.300000     2.450000   6.412228E+000   1.915594E+000   6.401702E+000   1.920511E+000   4.496634E+000   4.481192E+000   1.544214E-002
   41401      32     2.450000     2.550000   2.808749E+000   5.614027E-001   2.375430E+000   7.126290E-001   2.247347E+000   1.662801E+000   5.845456E-001
   41401      33     2.550000     2.650000   2.466453E+000   1.471339E-001   9.560084E-001   2.868025E-001   2.319319E+000   6.692059E-001   1.650114E+000
   41401      34     2.650000     2.900000   5.107089E+000   1.378036E-005   9.321638E-004   2.796491E-004   5.107075E+000   6.525147E-004   5.106423E+000
   41401      35     2.900000     3.200000   4.829501E+000   3.850718E-001   2.529976E+000   7.589928E-001   4.444429E+000   1.770983E+000   2.673446E+000
   41401      36     3.200000     3.500000   4.479548E+000   1.298977E+000   4.426766E+000   1.328030E+000   3.180571E+000   3.098736E+000   8.183462E-002
   41401      37     3.500000     3.900000   5.317470E+000   7.565260E-001   3.369364E+000   1.010809E+000   4.560944E+000   2.358555E+000   2.202390E+000
   41401      38     3.900000     5.500000   8.889375E+000   6.492949E-002   4.881611E-001   1.464483E-001   8.824446E+000   3.417127E-001   8.482733E+000
   41401      39     5.500000     6.500000   2.171822E+000   6.432177E-001   2.162341E+000   6.487024E-001   1.528604E+000   1.513639E+000   1.496492E-002
   41401      40     6.500000     7.000000   6.459457E-001   4.646935E-002   3.705432E-001   1.111630E-001   5.994764E-001   2.593802E-001   3.400962E-001
   41401      41     7.000000     9.000000   1.525571E+000   3.188121E-002   2.567549E-001   7.702648E-002   1.493690E+000   1.797285E-001   1.313961E+000
   41401      42     9.000000    20.000000   1.633159E+000   2.703552E-002   2.268420E-001   6.805259E-002   1.606123E+000   1.587894E-001   1.447334E+000
   41501       1     0.200000     0.300000   5.582456E-006   3.540013E-006   2.917776E-006   8.753329E-007   2.042443E-006   2.042443E-006  -9.500342E-015
   41501       2     0.300000     0.345000   2.557270E-003   1.374824E-003   1.689209E-003   5.067628E-004   1.182447E-003   1.182447E-003  -8.478979E-013
   41501       3     0.345000     0.385000   2.512764E-003   1.152240E-003   1.943607E-003   5.830820E-004   1.360525E-003   1.360525E-003   3.397626E-012
   41501       4     0.385000     0.420000   1.293223E-002   5.311610E-003   1.088660E-002   3.265979E-003   7.620618E-003   7.620618E-003  -2.713014E-012
   41501       5     0.420000     0.450000   2.349464E-002   8.965829E-003   2.075544E-002   6.226633E-003   1.452881E-002   1.452881E-002  -6.748126E-012
   41501       6     0.450000     0.500000   1.310848E-001   4.710132E-002   1.199763E-001   3.599290E-002   8.398344E-002   8.398344E-002   1.054734E-011
   41501       7     0.500000     0.550000   1.748537E-001   5.938044E-002   1.649618E-001   4.948854E-002   1.154733E-001   1.154733E-001  -1.265998E-011
   41501       8     0.550000     0.610000   2.295775E-001   7.513671E-002   2.206297E-001   6.618892E-002   1.544408E-001   1.544408E-001   3.330081E-011
   41501       9     0.610000     0.690000   5.693172E-001   1.805662E-001   5.553585E-001   1.666076E-001   3.887510E-001   3.887510E-001   3.038508E-011
   41501      10     0.690000     0.780000   2.472789E+000   7.671523E-001   2.436624E+000   7.309872E-001   1.705637E+000   1.705637E+000   1.718456E-010
   41501      11     0.780000     0.800000   1.063069E+000   3.229205E-001   1.046062E+000   3.138185E-001   7.401489E-001   7.322432E-001   7.905700E-003
   41501      12     0.800000     0.870000   5.878988E+000   1.800823E+000   5.823911E+000   1.747173E+000   4.078165E+000   4.076738E+000   1.427180E-003
   41501      13     0.870000     0.880000   8.736691E-001   2.597824E-001   8.574349E-001   2.572305E-001   6.138867E-001   6.002045E-001   1.368226E-002
   41501      14     0.880000     1.030000   2.249240E+001   6.829704E+000   2.237432E+001   6.712297E+000   1.566270E+001   1.566203E+001   6.741012E-004
   41501      15     1.030000     1.080000   9.248799E+000   2.417837E+000   8.564283E+000   2.569285E+000   6.830962E+000   5.994998E+000   8.359638E-001
   41501      16     1.080000     1.140000   1.173685E+001   3.469084E+000   1.161309E+001   3.483926E+000   8.267766E+000   8.129161E+000   1.386045E-001
   41501      17     1.140000     1.200000   1.143670E+001   3.434944E+000   1.139399E+001   3.418198E+000   8.001752E+000   7.975795E+000   2.595700E-002
   41501      18     1.200000     1.240000   8.097833E+000   7.915382E-001   4.081893E+000   1.224568E+000   7.306294E+000   2.857325E+000   4.448969E+000
   41501      19     1.240000     1.280000   7.733813E+000   2.137214E+000   7.465363E+000   2.239609E+000   5.596599E+000   5.225754E+000   3.708452E-001
   41501      20     1.280000     1.340000   1.109154E+001   2.088466E+000   8.896254E+000   2.668876E+000   9.003077E+000   6.227377E+000   2.775699E+000
   41501      21     1.340000     1.420000   1.012492E+001   2.722731E+000   9.648315E+000   2.894495E+000   7.402190E+000   6.753821E+000   6.483695E-001
   41501      22     1.420000     1.460000   4.444646E+000   2.730476E-001   1.528559E+000   4.585678E-001   4.171598E+000   1.069992E+000   3.101606E+000
   41501      23     1.460000     1.490000   3.316959E+000   4.611150E-001   2.261737E+000   6.785210E-001   2.855844E+000   1.583216E+000   1.272628E+000
   41501      24     1.490000     1.520000   3.416012E+000   7.232148E-001   2.914777E+000   8.744331E-001   2.692797E+000   2.040344E+000   6.524528E-001
   41501      25     1.520000     1.680000   2.089115E+001   1.377207E+000   7.811668E+000   2.343501E+000   1.951394E+001   5.468168E+000   1.404577E+001
   41501      26     1.680000     1.740000   7.400301E+000   1.970894E+000   7.089312E+000   2.126793E+000   5.429407E+000   4.962518E+000   4.668888E-001
   41501      27     1.740000     1.820000   6.859941E+000   1.935866E+000   6.709256E+000   2.012777E+000   4.924075E+000   4.696479E+000   2.275961E-001
   41501      28     1.820000     1.940000   7.844991E+000   1.283144E+000   5.666255E+000   1.699877E+000   6.561847E+000   3.966379E+000   2.595469E+000
   41501      29     1.940000     2.200000   1.524385E+001   4.563582E-001   2.622452E+000   7.867356E-001   1.478749E+001   1.835716E+000   1.295178E+001
   41501      30     2.200000     2.300000   5.897529E+000   1.631276E+000   5.731123E+000   1.719337E+000   4.266253E+000   4.011786E+000   2.544662E-001
   41501      31     2.300000     2.450000   6.412228E+000   1.915596E+000   6.401704E+000   1.920511E+000   4.496632E+000   4.481193E+000   1.543947E-002
   41501      32     2.450000     2.550000   2.808749E+000   5.615300E-001   2.375679E+000   7.127037E-001   2.247219E+000   1.662975E+000   5.842439E-001
   41501      33     2.550000     2.650000   2.466453E+000   1.471513E-001   9.561473E-001   2.868442E-001   2.319302E+000   6.693031E-001   1.649999E+000
   41501      34     2.650000     2.900000   5.107089E+000   1.378252E-005   9.394326E-004   2.818298E-004   5.107075E+000   6.576029E-004   5.106418E+000
   41501      35     2.900000     3.200000   4.829501E+000   3.852811E-001   2.530665E+000   7.591995E-001   4.444220E+000   1.771466E+000   2.672754E+000
   41501      36     3.200000     3.500000   4.479548E+000   1.299009E+000   4.426805E+000   1.328041E+000   3.180539E+000   3.098763E+000   8.177582E-002
   41501      37     3.500000     3.900000   5.317470E+000   7.565500E-001   3.369377E+000   1.010813E+000   4.560920E+000   2.358564E+000   2.202357E+000
   41501      38     3.900000     5.500000   8.889375E+000   6.497734E-002   4.884091E-001   1.465227E-001   8.824398E+000   3.418864E-001   8.482511E+000
   41501      39     5.500000     6.500000   2.171822E+000   6.432231E-001   2.162347E+000   6.487042E-001   1.528598E+000   1.513643E+000   1.495521E-002
   41501      40     6.500000     7.000000   6.459457E-001   4.645717E-002   3.704956E-001   1.111487E-001   5.994886E-001   2.593469E-001   3.401417E-001
   41501      41     7.000000     9.000000   1.525571E+000   3.189442E-002   2.567735E-001   7.703205E-002   1.493677E+000   1.797415E-001   1.313935E+000
   41501      42     9.000000    20.000000   1.633159E+000   2.710515E-002   2.271445E-001   6.814335E-002   1.606054E+000   1.590011E-001   1.447053E+000
   41601       1     0.200000     0.300000   5.582456E-006   3.540013E-006   2.917776E-006   8.753329E-007   2.042443E-006   2.042443E-006  -9.500342E-015
   41601       2     0.300000     0.345000   2.557270E-003   1.374824E-003   1.689209E-003   5.067628E-004   1.182447E-003   1.182447E-003  -8.478979E-013
   41601       3     0.345000     0.385000   2.512764E-003   1.152240E-003   1.943607E-003   5.830820E-004   1.360525E-003   1.360525E-003   3.397626E-012
   41601       4     0.385000     0.420000   1.293223E-002   5.311610E-003   1.088660E-002   3.265979E-003   7.620618E-003   7.620618E-003  -2.713014E-012
   41601       5     0.420000     0.450000   2.349464E-002   8.965829E-003   2.075544E-002   6.226633E-003   1.452881E-002   1.452881E-002  -6.620381E-012
   41601       6     0.450000     0.500000   1.310848E-001   4.710132E-002   1.199763E-001   3.599290E-002   8.398344E-002   8.398344E-002   8.304454E-012
   41601       7     0.500000     0.550000   1.748537E-001   5.938044E-002   1.649618E-001   4.948854E-002   1.154733E-001   1.154733E-001  -1.663265E-011
   41601       8     0.550000     0.610000   2.295775E-001   7.513671E-002   2.206297E-001   6.618892E-002   1.544408E-001   1.544408E-001   1.049341E-011
   41601       9     0.610000     0.690000   5.693172E-001   1.805662E-001   5.553585E-001   1.666076E-001   3.887510E-001   3.887510E-001   3.803252E-011
   41601      10     0.690000     0.780000   2.472789E+000   7.671523E-001   2.436624E+000   7.309872E-001   1.705637E+000   1.705637E+000   1.009057E-010
   41601      11     0.780000     0.800000   1.063069E+000   3.229205E-001   1.046062E+000   3.138185E-001   7.401489E-001   7.322432E-001   7.905640E-003
   41601      12     0.800000     0.870000   5.878988E+000   1.800823E+000   5.823911E+000   1.747173E+000   4.078165E+000   4.076738E+000   1.427261E-003
   41601      13     0.870000     0.880000   8.736691E-001   2.597831E-001   8.574358E-001   2.572307E-001   6.138860E-001   6.002050E-001   1.368094E-002
   41601      14     0.880000     1.030000   2.249240E+001   6.829704E+000   2.237432E+001   6.712297E+000   1.566270E+001   1.566203E+001   6.739968E-004
   41601      15     1.030000     1.080000   9.248799E+000   2.417852E+000   8.564292E+000   2.569288E+000   6.830947E+000   5.995005E+000   8.359420E-001
   41601      16     1.080000     1.140000   1.173685E+001   3.469085E+000   1.161309E+001   3.483926E+000   8.267765E+000   8.129162E+000   1.386032E-001
   41601      17     1.140000     1.200000   1.143670E+001   3.434944E+000   1.139399E+001   3.418198E+000   8.001752E+000   7.975795E+000   2.595703E-002
   41601      18     1.200000     1.240000   8.097833E+000   7.917173E-001   4.082350E+000   1.224705E+000   7.306115E+000   2.857645E+000   4.448471E+000
   41601      19     1.240000     1.280000   7.733813E+000   2.137243E+000   7.465400E+000   2.239620E+000   5.596571E+000   5.225780E+000   3.707907E-001
   41601      20     1.280000     1.340000   1.109154E+001   2.088549E+000   8.896356E+000   2.668907E+000   9.002994E+000   6.227449E+000   2.775545E+000
   41601      21     1.340000     1.420000   1.012492E+001   2.722777E+000   9.648372E+000   2.894512E+000   7.402144E+000   6.753860E+000   6.482841E-001
   41601      22     1.420000     1.460000   4.444646E+000   2.731412E-001   1.528951E+000   4.586853E-001   4.171504E+000   1.070266E+000   3.101239E+000
   41601      23     1.460000     1.490000   3.316959E+000   4.612012E-001   2.261876E+000   6.785627E-001   2.855758E+000   1.583313E+000   1.272445E+000
   41601      24     1.490000     1.520000   3.416012E+000   7.232753E-001   2.914866E+000   8.744598E-001   2.692736E+000   2.040406E+000   6.523301E-001
   41601      25     1.520000     1.680000   2.089115E+001   1.377683E+000   7.813292E+000   2.343988E+000   1.951346E+001   5.469305E+000   1.404416E+001
   41601      26     1.680000     1.740000   7.400301E+000   1.970932E+000   7.089358E+000   2.126807E+000   5.429369E+000   4.962550E+000   4.668187E-001
   41601      27     1.740000     1.820000   6.859941E+000   1.936085E+000   6.709531E+000   2.012859E+000   4.923857E+000   4.696671E+000   2.271854E-001
   41601      28     1.820000     1.940000   7.844991E+000   1.283446E+000   5.667007E+000   1.700102E+000   6.561545E+000   3.966905E+000   2.594640E+000
   41601      29     1.940000     2.200000   1.524385E+001   4.565345E-001   2.623048E+000   7.869143E-001   1.478732E+001   1.836133E+000   1.295118E+001
   41601      30     2.200000     2.300000   5.897529E+000   1.631302E+000   5.731155E+000   1.719347E+000   4.266227E+000   4.011809E+000   2.544181E-001
   41601      31     2.300000     2.450000   6.412228E+000   1.915597E+000   6.401706E+000   1.920512E+000   4.496631E+000   4.481194E+000   1.543681E-002
   41601      32     2.450000     2.550000   2.808749E+000   5.616565E-001   2.375927E+000   7.127781E-001   2.247093E+000   1.663149E+000   5.839438E-001
   41601      33     2.550000     2.650000   2.466453E+000   1.471686E-001   9.562855E-001   2.868856E-001   2.319285E+000   6.693998E-001   1.649885E+000
   41601      34     2.650000     2.900000   5.107089E+000   1.378468E-005   9.467148E-004   2.840144E-004   5.107075E+000   6.627004E-004   5.106413E+000
   41601      35     2.900000     3.200000   4.829501E+000   3.854894E-001   2.531350E+000   7.594051E-001   4.444012E+000   1.771945E+000   2.672066E+000
   41601      36     3.200000     3.500000   4.479548E+000   1.299040E+000   4.426843E+000   1.328053E+000   3.180508E+000   3.098790E+000   8.171738E-002
   41601      37     3.500000     3.900000   5.317470E+000   7.565739E-001   3.369390E+000   1.010817E+000   4.560897E+000   2.358573E+000   2.202324E+000
   41601      38     3.900000     5.500000   8.889375E+000   6.502497E-002   4.886558E-001   1.465967E-001   8.824350E+000   3.420591E-001   8.482291E+000
   41601      39     5.500000     6.500000   2.171822E+000   6.432285E-001   2.162354E+000   6.487061E-001   1.528593E+000   1.513647E+000   1.494556E-002
   41601      40     6.500000     7.000000   6.459457E-001   4.644505E-002   3.704483E-001   1.111345E-001   5.995007E-001   2.593138E-001   3.401869E-001
   41601      41     7.000000     9.000000   1.525571E+000   3.190754E-002   2.567920E-001   7.703759E-002   1.493664E+000   1.797544E-001   1.313909E+000
   41601      42     9.000000    20.000000   1.633159E+000   2.717464E-002   2.274460E-001   6.823381E-002   1.605984E+000   1.592122E-001   1.446772E+000
   41701       1     0.200000     0.300000   5.582456E-006   3.540013E-006   2.917776E-006   8.753329E-007   2.042443E-006   2.042443E-006  -9.500342E-015
   41701       2     0.300000     0.345000   2.557270E-003   1.374824E-003   1.689209E-003   5.067628E-004   1.182447E-003   1.182447E-003  -8.478979E-013
   41701       3     0.345000     0.385000   2.512764E-003   1.152240E-003   1.943607E-003   5.830820E-004   1.360525E-003   1.360525E-003   3.397626E-012
   41701       4     0.385000     0.420000   1.293223E-002   5.311610E-003   1.088660E-002   3.265979E-003   7.620618E-003   7.620618E-003  -2.111349E-012
   41701       5     0.420000     0.450000   2.349464E-002   8.965829E-003   2.075544E-002   6.226633E-003   1.452881E-002   1.452881E-002  -7.274785E-012
   41701       6     0.450000     0.500000   1.310848E-001   4.710132E-002   1.199763E-001   3.599290E-002   8.398344E-002   8.398344E-002   1.728034E-012
   41701       7     0.500000     0.550000   1.748537E-001   5.938044E-002   1.649618E-001   4.948854E-002   1.154733E-001   1.154733E-001  -1.009809E-011
   41701       8     0.550000     0.610000   2.295775E-001   7.513671E-002   2.206297E-001   6.618892E-002   1.544408E-001   1.544408E-001   3.870562E-011
   41701       9     0.610000     0.690000   5.693172E-001   1.805662E-001   5.553585E-001   1.666076E-001   3.887510E-001   3.887510E-001   7.557704E-011
   41701      10     0.690000     0.780000   2.472789E+000   7.671523E-001   2.436624E+000   7.309872E-001   1.705637E+000   1.705637E+000   1.863452E-010
   41701      11     0.780000     0.800000   1.063069E+000   3.229206E-001   1.046062E+000   3.138185E-001   7.401488E-001   7.322432E-001   7.905581E-003
   41701      12     0.800000     0.870000   5.878988E+000   1.800823E+000   5.823911E+000   1.747173E+000   4.078165E+000   4.076738E+000   1.427341E-003
   41701      13     0.870000     0.880000   8.736691E-001   2.597838E-001   8.574366E-001   2.572310E-001   6.138852E-001   6.002056E-001   1.367962E-002
   41701      14     0.880000     1.030000   2.249240E+001   6.829704E+000   2.237432E+001   6.712297E+000   1.566270E+001   1.566203E+001   6.738930E-004
   41701      15     1.030000     1.080000   9.248799E+000   2.417867E+000   8.564302E+000   2.569290E+000   6.830932E+000   5.995011E+000   8.359204E-001
   41701      16     1.080000     1.140000   1.173685E+001   3.469086E+000   1.161309E+001   3.483927E+000   8.267764E+000   8.129162E+000   1.386019E-001
   41701      17     1.140000     1.200000   1.143670E+001   3.434944E+000   1.139399E+001   3.418198E+000   8.001752E+000   7.975795E+000   2.595705E-002
   41701      18     1.200000     1.240000   8.097833E+000   7.918953E-001   4.082803E+000   1.224841E+000   7.305937E+000   2.857962E+000   4.447975E+000
   41701      19     1.240000     1.280000   7.733813E+000   2.137271E+000   7.465436E+000   2.239631E+000   5.596542E+000   5.225805E+000   3.707364E-001
   41701      20     1.280000     1.340000   1.109154E+001   2.088632E+000   8.896457E+000   2.668937E+000   9.002911E+000   6.227520E+000   2.775391E+000
   41701      21     1.340000     1.420000   1.012492E+001   2.722822E+000   9.648428E+000   2.894528E+000   7.402099E+000   6.753900E+000   6.481991E-001
   41701      22     1.420000     1.460000   4.444646E+000   2.732343E-001   1.529341E+000   4.588023E-001   4.171411E+000   1.070539E+000   3.100873E+000
   41701      23     1.460000     1.490000   3.316959E+000   4.612869E-001   2.262014E+000   6.786042E-001   2.855672E+000   1.583410E+000   1.272262E+000
   41701      24     1.490000     1.520000   3.416012E+000   7.233355E-001   2.914954E+000   8.744863E-001   2.692676E+000   2.040468E+000   6.522081E-001
   41701      25     1.520000     1.680000   2.089115E+001   1.378157E+000   7.814907E+000   2.344472E+000   1.951299E+001   5.470435E+000   1.404256E+001
   41701      26     1.680000     1.740000   7.400301E+000   1.970970E+000   7.089404E+000   2.126821E+000   5.429332E+000   4.962583E+000   4.667490E-001
   41701      27     1.740000     1.820000   6.859941E+000   1.936302E+000   6.709804E+000   2.012941E+000   4.923640E+000   4.696863E+000   2.267769E-001
   41701      28     1.820000     1.940000   7.844991E+000   1.283747E+000   5.667755E+000   1.700327E+000   6.561244E+000   3.967429E+000   2.593815E+000
   41701      29     1.940000     2.200000   1.524385E+001   4.567098E-001   2.623640E+000   7.870920E-001   1.478714E+001   1.836548E+000   1.295059E+001
   41701      30     2.200000     2.300000   5.897529E+000   1.631328E+000   5.731186E+000   1.719356E+000   4.266201E+000   4.011830E+000   2.543702E-001
   41701      31     2.300000     2.450000   6.412228E+000   1.915599E+000   6.401707E+000   1.920512E+000   4.496629E+000   4.481195E+000   1.543417E-002
   41701      32     2.450000     2.550000   2.808749E+000   5.617824E-001   2.376173E+000   7.128520E-001   2.246967E+000   1.663321E+000   5.836454E-001
   41701      33     2.550000     2.650000   2.466453E+000   1.471858E-001   9.564230E-001   2.869269E-001   2.319268E+000   6.694961E-001   1.649771E+000
   41701      34     2.650000     2.900000   5.107089E+000   1.378683E-005   9.540091E-004   2.862027E-004   5.107075E+000   6.678064E-004   5.106408E+000
   41701      35     2.900000     3.200000   4.829501E+000   3.856965E-001   2.532032E+000   7.596096E-001   4.443804E+000   1.772422E+000   2.671382E+000
   41701      36     3.200000     3.500000   4.479548E+000   1.299071E+000   4.426882E+000   1.328064E+000   3.180476E+000   3.098817E+000   8.165929E-002
   41701      37     3.500000     3.900000   5.317470E+000   7.565977E-001   3.369403E+000   1.010821E+000   4.560873E+000   2.358582E+000   2.202291E+000
   41701      38     3.900000     5.500000   8.889375E+000   6.507237E-002   4.889013E-001   1.466704E-001   8.824303E+000   3.422309E-001   8.482072E+000
   41701      39     5.500000     6.500000   2.171822E+000   6.432339E-001   2.162360E+000   6.487079E-001   1.528588E+000   1.513652E+000   1.493597E-002
   41701      40     6.500000     7.000000   6.459457E-001   4.643301E-002   3.704012E-001   1.111204E-001   5.995127E-001   2.592808E-001   3.402319E-001
   41701      41     7.000000     9.000000   1.525571E+000   3.192058E-002   2.568104E-001   7.704311E-002   1.493650E+000   1.797673E-001   1.313883E+000
   41701      42     9.000000    20.000000   1.633159E+000   2.724398E-002   2.277466E-001   6.832397E-002   1.605915E+000   1.594226E-001   1.446492E+000
   41801       1     0.200000     0.300000   5.582456E-006   3.540013E-006   2.917776E-006   8.753329E-007   2.042443E-006   2.042443E-006  -9.500342E-015
   41801       2     0.300000     0.345000   2.557270E-003   1.374824E-003   1.689209E-003   5.067628E-004   1.182447E-003   1.182447E-003  -8.478979E-013
   41801       3     0.345000     0.385000   2.512764E-003   1.152240E-003   1.943607E-003   5.830820E-004   1.360525E-003   1.360525E-003   3.397626E-012
   41801       4     0.385000     0.420000   1.293223E-002   5.311610E-003   1.088660E-002   3.265979E-003   7.620618E-003   7.620618E-003  -2.111349E-012
   41801       5     0.420000     0.450000   2.349464E-002   8.965829E-003   2.075544E-002   6.226633E-003   1.452881E-002   1.452881E-002  -5.153144E-012
   41801       6     0.450000     0.500000   1.310848E-001   4.710132E-002   1.199763E-001   3.599290E-002   8.398344E-002   8.398344E-002   9.401840E-012
   41801       7     0.500000     0.550000   1.748537E-001   5.938044E-002   1.649618E-001   4.948854E-002   1.154733E-001   1.154733E-001  -6.825401E-012
   41801       8     0.550000     0.610000   2.295775E-001   7.513671E-002   2.206297E-001   6.618892E-002   1.544408E-001   1.544408E-001   4.228962E-011
   41801       9     0.610000     0.690000   5.693172E-001   1.805662E-001   5.553585E-001   1.666076E-001   3.887510E-001   3.887510E-001   8.134843E-011
   41801      10     0.690000     0.780000   2.472789E+000   7.671523E-001   2.436624E+000   7.309872E-001   1.705637E+000   1.705637E+000   1.245553E-010
   41801      11     0.780000     0.800000   1.063069E+000   3.229206E-001   1.046062E+000   3.138185E-001   7.401488E-001   7.322433E-001   7.905522E-003
   41801      12     0.800000     0.870000   5.878988E+000   1.800823E+000   5.823911E+000   1.747173E+000   4.078165E+000   4.076738E+000   1.427421E-003
   41801      13     0.870000     0.880000   8.736691E-001   2.597846E-001   8.574374E-001   2.572312E-001   6.138845E-001   6.002062E-001   1.367832E-002
   41801      14     0.880000     1.030000   2.249240E+001   6.829704E+000   2.237432E+001   6.712297E+000   1.566270E+001   1.566203E+001   6.737899E-004
   41801      15     1.030000     1.080000   9.248799E+000   2.417882E+000   8.564311E+000   2.569293E+000   6.830917E+000   5.995018E+000   8.358989E-001
   41801      16     1.080000     1.140000   1.173685E+001   3.469086E+000   1.161309E+001   3.483927E+000   8.267764E+000   8.129163E+000   1.386007E-001
   41801      17     1.140000     1.200000   1.143670E+001   3.434944E+000   1.139399E+001   3.418198E+000   8.001752E+000   7.975795E+000   2.595708E-002
   41801      18     1.200000     1.240000   8.097833E+000   7.920722E-001   4.083254E+000   1.224976E+000   7.305761E+000   2.858278E+000   4.447483E+000
   41801      19     1.240000     1.280000   7.733813E+000   2.137300E+000   7.465473E+000   2.239642E+000   5.596513E+000   5.225831E+000   3.706826E-001
   41801      20     1.280000     1.340000   1.109154E+001   2.088714E+000   8.896558E+000   2.668967E+000   9.002829E+000   6.227591E+000   2.775238E+000
   41801      21     1.340000     1.420000   1.012492E+001   2.722868E+000   9.648484E+000   2.894545E+000   7.402053E+000   6.753939E+000   6.481148E-001
   41801      22     1.420000     1.460000   4.444646E+000   2.733269E-001   1.529728E+000   4.589185E-001   4.171319E+000   1.070810E+000   3.100509E+000
   41801      23     1.460000     1.490000   3.316959E+000   4.613720E-001   2.262151E+000   6.786453E-001   2.855587E+000   1.583506E+000   1.272081E+000
   41801      24     1.490000     1.520000   3.416012E+000   7.233952E-001   2.915042E+000   8.745126E-001   2.692616E+000   2.040529E+000   6.520869E-001
   41801      25     1.520000     1.680000   2.089115E+001   1.378628E+000   7.816511E+000   2.344953E+000   1.951252E+001   5.471558E+000   1.404096E+001
   41801      26     1.680000     1.740000   7.400301E+000   1.971007E+000   7.089449E+000   2.126835E+000   5.429294E+000   4.962615E+000   4.666798E-001
   41801      27     1.740000     1.820000   6.859941E+000   1.936517E+000   6.710075E+000   2.013023E+000   4.923424E+000   4.697053E+000   2.263714E-001
   41801      28     1.820000     1.940000   7.844991E+000   1.284047E+000   5.668499E+000   1.700550E+000   6.560944E+000   3.967949E+000   2.592995E+000
   41801      29     1.940000     2.200000   1.524385E+001   4.568839E-001   2.624229E+000   7.872686E-001   1.478697E+001   1.836960E+000   1.295001E+001
   41801      30     2.200000     2.300000   5.897529E+000   1.631354E+000   5.731218E+000   1.719365E+000   4.266175E+000   4.011852E+000   2.543227E-001
   41801      31     2.300000     2.450000   6.412228E+000   1.915600E+000   6.401709E+000   1.920513E+000   4.496628E+000   4.481196E+000   1.543155E-002
   41801      32     2.450000     2.550000   2.808749E+000   5.619075E-001   2.376418E+000   7.129255E-001   2.246842E+000   1.663493E+000   5.833491E-001
   41801      33     2.550000     2.650000   2.466453E+000   1.472028E-001   9.565595E-001   2.869678E-001   2.319251E+000   6.695916E-001   1.649659E+000
   41801      34     2.650000     2.900000   5.107089E+000   1.378897E-005   9.613051E-004   2.883915E-004   5.107075E+000   6.729136E-004   5.106402E+000
   41801      35     2.900000     3.200000   4.829501E+000   3.859024E-001   2.532709E+000   7.598127E-001   4.443599E+000   1.772896E+000   2.670702E+000
   41801      36     3.200000     3.500000   4.479548E+000   1.299103E+000   4.426920E+000   1.328076E+000   3.180445E+000   3.098844E+000   8.160161E-002
   41801      37     3.500000     3.900000   5.317470E+000   7.566213E-001   3.369415E+000   1.010825E+000   4.560849E+000   2.358591E+000   2.202258E+000
   41801      38     3.900000     5.500000   8.889375E+000   6.511949E-002   4.891451E-001   1.467435E-001   8.824256E+000   3.424016E-001   8.481854E+000
   41801      39     5.500000     6.500000   2.171822E+000   6.432392E-001   2.162366E+000   6.487097E-001   1.528582E+000   1.513656E+000   1.492645E-002
   41801      40     6.500000     7.000000   6.459457E-001   4.642105E-002   3.703545E-001   1.111063E-001   5.995247E-001   2.592481E-001   3.402765E-001
   41801      41     7.000000     9.000000   1.525571E+000   3.193352E-002   2.568286E-001   7.704859E-002   1.493638E+000   1.797801E-001   1.313857E+000
   41801      42     9.000000    20.000000   1.633159E+000   2.731305E-002   2.280455E-001   6.841366E-002   1.605846E+000   1.596319E-001   1.446214E+000
   41901       1     0.200000     0.300000   5.582456E-006   3.540013E-006   2.917776E-006   8.753329E-007   2.042443E-006   2.042443E-006  -9.500342E-015
   41901       2     0.300000     0.345000   2.557270E-003   1.374824E-003   1.689209E-003   5.067628E-004   1.182447E-003   1.182447E-003  -8.478979E-013
   41901       3     0.345000     0.385000   2.512764E-003   1.152240E-003   1.943607E-003   5.830820E-004   1.360525E-003   1.360525E-003   3.397626E-012
   41901       4     0.385000     0.420000   1.293223E-002   5.311610E-003   1.088660E-002   3.265979E-003   7.620618E-003   7.620618E-003  -2.111349E-012
   41901       5     0.420000     0.450000   2.349464E-002   8.965829E-003   2.075544E-002   6.226633E-003   1.452881E-002   1.452881E-002  -6.747684E-012
   41901       6     0.450000     0.500000   1.310848E-001   4.710132E-002   1.199763E-001   3.599290E-002   8.398344E-002   8.398344E-002   7.931336E-012
   41901       7     0.500000     0.550000   1.748537E-001   5.938044E-002   1.649618E-001   4.948854E-002   1.154733E-001   1.154733E-001  -9.347870E-012
   41901       8     0.550000     0.610000   2.295775E-001   7.513671E-002   2.206297E-001   6.618892E-002   1.544408E-001   1.544408E-001   2.651956E-011
   41901       9     0.610000     0.690000   5.693172E-001   1.805662E-001   5.553585E-001   1.666076E-001   3.887510E-001   3.887510E-001   8.596390E-011
   41901      10     0.690000     0.780000   2.472789E+000   7.671523E-001   2.436624E+000   7.309872E-001   1.705637E+000   1.705637E+000   7.236789E-011
   41901      11     0.780000     0.800000   1.063069E+000   3.229206E-001   1.046062E+000   3.138186E-001   7.401488E-001   7.322433E-001   7.905464E-003
   41901      12     0.800000     0.870000   5.878988E+000   1.800823E+000   5.823911E+000   1.747173E+000   4.078165E+000   4.076738E+000   1.427501E-003
   41901      13     0.870000     0.880000   8.736691E-001   2.597853E-001   8.574382E-001   2.572315E-001   6.138838E-001   6.002068E-001   1.367703E-002
   41901      14     0.880000     1.030000   2.249240E+001   6.829704E+000   2.237432E+001   6.712297E+000   1.566270E+001   1.566203E+001   6.736880E-004
   41901      15     1.030000     1.080000   9.248799E+000   2.417897E+000   8.564320E+000   2.569296E+000   6.830902E+000   5.995024E+000   8.358776E-001
   41901      16     1.080000     1.140000   1.173685E+001   3.469087E+000   1.161309E+001   3.483927E+000   8.267763E+000   8.129163E+000   1.385994E-001
   41901      17     1.140000     1.200000   1.143670E+001   3.434944E+000   1.139399E+001   3.418198E+000   8.001752E+000   7.975795E+000   2.595710E-002
   41901      18     1.200000     1.240000   8.097833E+000   7.922471E-001   4.083700E+000   1.225110E+000   7.305586E+000   2.858590E+000   4.446996E+000
   41901      19     1.240000     1.280000   7.733813E+000   2.137328E+000   7.465508E+000   2.239653E+000   5.596485E+000   5.225856E+000   3.706294E-001
   41901      20     1.280000     1.340000   1.109154E+001   2.088795E+000   8.896658E+000   2.668997E+000   9.002748E+000   6.227661E+000   2.775087E+000
   41901      21     1.340000     1.420000   1.012492E+001   2.722912E+000   9.648539E+000   2.894562E+000   7.402009E+000   6.753977E+000   6.480314E-001
   41901      22     1.420000     1.460000   4.444646E+000   2.734185E-001   1.530112E+000   4.590335E-001   4.171227E+000   1.071078E+000   3.100149E+000
   41901      23     1.460000     1.490000   3.316959E+000   4.614561E-001   2.262287E+000   6.786861E-001   2.855503E+000   1.583601E+000   1.271902E+000
   41901      24     1.490000     1.520000   3.416012E+000   7.234543E-001   2.915129E+000   8.745386E-001   2.692557E+000   2.040590E+000   6.519672E-001
   41901      25     1.520000     1.680000   2.089115E+001   1.379094E+000   7.818097E+000   2.345429E+000   1.951205E+001   5.472668E+000   1.403939E+001
   41901      26     1.680000     1.740000   7.400301E+000   1.971044E+000   7.089494E+000   2.126848E+000   5.429257E+000   4.962646E+000   4.666114E-001
   41901      27     1.740000     1.820000   6.859941E+000   1.936731E+000   6.710343E+000   2.013103E+000   4.923211E+000   4.697240E+000   2.259703E-001
   41901      28     1.820000     1.940000   7.844991E+000   1.284343E+000   5.669234E+000   1.700770E+000   6.560649E+000   3.968464E+000   2.592185E+000
   41901      29     1.940000     2.200000   1.524385E+001   4.570562E-001   2.624811E+000   7.874432E-001   1.478679E+001   1.837367E+000   1.294943E+001
   41901      30     2.200000     2.300000   5.897529E+000   1.631379E+000   5.731248E+000   1.719375E+000   4.266150E+000   4.011874E+000   2.542758E-001
   41901      31     2.300000     2.450000   6.412228E+000   1.915602E+000   6.401711E+000   1.920513E+000   4.496626E+000   4.481197E+000   1.542896E-002
   41901      32     2.450000     2.550000   2.808749E+000   5.620312E-001   2.376660E+000   7.129981E-001   2.246718E+000   1.663662E+000   5.830559E-001
   41901      33     2.550000     2.650000   2.466453E+000   1.472196E-001   9.566944E-001   2.870083E-001   2.319234E+000   6.696861E-001   1.649548E+000
   41901      34     2.650000     2.900000   5.107089E+000   1.379111E-005   9.685706E-004   2.905712E-004   5.107075E+000   6.779995E-004   5.106397E+000
   41901      35     2.900000     3.200000   4.829501E+000   3.861061E-001   2.533379E+000   7.600137E-001   4.443395E+000   1.773365E+000   2.670030E+000
   41901      36     3.200000     3.500000   4.479548E+000   1.299133E+000   4.426957E+000   1.328087E+000   3.180414E+000   3.098870E+000   8.154457E-002
   41901      37     3.500000     3.900000   5.317470E+000   7.566447E-001   3.369428E+000   1.010828E+000   4.560826E+000   2.358600E+000   2.202226E+000
   41901      38     3.900000     5.500000   8.889375E+000   6.516613E-002   4.893864E-001   1.468159E-001   8.824209E+000   3.425705E-001   8.481639E+000
   41901      39     5.500000     6.500000   2.171822E+000   6.432445E-001   2.162371E+000   6.487114E-001   1.528577E+000   1.513660E+000   1.491705E-002
   41901      40     6.500000     7.000000   6.459457E-001   4.640922E-002   3.703082E-001   1.110925E-001   5.995365E-001   2.592158E-001   3.403208E-001
   41901      41     7.000000     9.000000   1.525571E+000   3.194632E-002   2.568468E-001   7.705403E-002   1.493625E+000   1.797927E-001   1.313832E+000
   41901      42     9.000000    20.000000   1.633159E+000   2.738151E-002   2.283416E-001   6.850247E-002   1.605777E+000   1.598391E-001   1.445938E+000
   42001       1     0.200000     0.300000   5.582456E-006   3.540013E-006   2.917776E-006   8.753329E-007   2.042443E-006   2.042443E-006  -9.500342E-015
   42001       2     0.300000     0.345000   2.557270E-003   1.374824E-003   1.689209E-003   5.067628E-004   1.182447E-003   1.182447E-003  -8.478979E-013
   42001       3     0.345000     0.385000   2.512764E-003   1.152240E-003   1.943607E-003   5.830820E-004   1.360525E-003   1.360525E-003   3.397626E-012
   42001       4     0.385000     0.420000   1.293223E-002   5.311610E-003   1.088660E-002   3.265979E-003   7.620618E-003   7.620618E-003  -1.879088E-012
   42001       5     0.420000     0.450000   2.349464E-002   8.965829E-003   2.075544E-002   6.226633E-003   1.452881E-002   1.452881E-002  -7.742250E-012
   42001       6     0.450000     0.500000   1.310848E-001   4.710132E-002   1.199763E-001   3.599290E-002   8.398344E-002   8.398344E-002   7.070969E-012
   42001       7     0.500000     0.550000   1.748537E-001   5.938044E-002   1.649618E-001   4.948854E-002   1.154733E-001   1.154733E-001   6.549400E-012
   42001       8     0.550000     0.610000   2.295775E-001   7.513671E-002   2.206297E-001   6.618892E-002   1.544408E-001   1.544408E-001   4.378220E-011
   42001       9     0.610000     0.690000   5.693172E-001   1.805662E-001   5.553585E-001   1.666076E-001   3.887510E-001   3.887510E-001   5.640921E-011
   42001      10     0.690000     0.780000   2.472789E+000   7.671523E-001   2.436624E+000   7.309872E-001   1.705637E+000   1.705637E+000   1.737372E-010
   42001      11     0.780000     0.800000   1.063069E+000   3.229207E-001   1.046062E+000   3.138186E-001   7.401487E-001   7.322433E-001   7.905406E-003
   42001      12     0.800000     0.870000   5.878988E+000   1.800823E+000   5.823911E+000   1.747173E+000   4.078165E+000   4.076738E+000   1.427579E-003
   42001      13     0.870000     0.880000   8.736691E-001   2.597860E-001   8.574390E-001   2.572317E-001   6.138831E-001   6.002073E-001   1.367575E-002
   42001      14     0.880000     1.030000   2.249240E+001   6.829704E+000   2.237432E+001   6.712297E+000   1.566270E+001   1.566203E+001   6.735871E-004
   42001      15     1.030000     1.080000   9.248799E+000   2.417912E+000   8.564329E+000   2.569299E+000   6.830887E+000   5.995030E+000   8.358566E-001
   42001      16     1.080000     1.140000   1.173685E+001   3.469088E+000   1.161309E+001   3.483927E+000   8.267762E+000   8.129164E+000   1.385982E-001
   42001      17     1.140000     1.200000   1.143670E+001   3.434944E+000   1.139399E+001   3.418198E+000   8.001752E+000   7.975795E+000   2.595712E-002
   42001      18     1.200000     1.240000   8.097833E+000   7.924203E-001   4.084141E+000   1.225242E+000   7.305412E+000   2.858899E+000   4.446514E+000
   42001      19     1.240000     1.280000   7.733813E+000   2.137356E+000   7.465544E+000   2.239663E+000   5.596457E+000   5.225881E+000   3.705767E-001
   42001      20     1.280000     1.340000   1.109154E+001   2.088875E+000   8.896757E+000   2.669027E+000   9.002667E+000   6.227730E+000   2.774938E+000
   42001      21     1.340000     1.420000   1.012492E+001   2.722957E+000   9.648593E+000   2.894578E+000   7.401964E+000   6.754015E+000   6.479488E-001
   42001      22     1.420000     1.460000   4.444646E+000   2.735093E-001   1.530491E+000   4.591474E-001   4.171136E+000   1.071344E+000   3.099792E+000
   42001      23     1.460000     1.490000   3.316959E+000   4.615393E-001   2.262421E+000   6.787264E-001   2.855420E+000   1.583695E+000   1.271725E+000
   42001      24     1.490000     1.520000   3.416012E+000   7.235128E-001   2.915215E+000   8.745644E-001   2.692499E+000   2.040650E+000   6.518485E-001
   42001      25     1.520000     1.680000   2.089115E+001   1.379556E+000   7.819668E+000   2.345901E+000   1.951159E+001   5.473768E+000   1.403782E+001
   42001      26     1.680000     1.740000   7.400301E+000   1.971080E+000   7.089539E+000   2.126862E+000   5.429221E+000   4.962677E+000   4.665437E-001
   42001      27     1.740000     1.820000   6.859941E+000   1.936942E+000   6.710609E+000   2.013183E+000   4.922999E+000   4.697426E+000   2.255732E-001
   42001      28     1.820000     1.940000   7.844991E+000   1.284636E+000   5.669962E+000   1.700989E+000   6.560355E+000   3.968973E+000   2.591382E+000
   42001      29     1.940000     2.200000   1.524385E+001   4.572269E-001   2.625387E+000   7.876162E-001   1.478662E+001   1.837771E+000   1.294885E+001
   42001      30     2.200000     2.300000   5.897529E+000   1.631404E+000   5.731279E+000   1.719384E+000   4.266125E+000   4.011895E+000   2.542292E-001
   42001      31     2.300000     2.450000   6.412228E+000   1.915603E+000   6.401712E+000   1.920514E+000   4.496625E+000   4.481199E+000   1.542639E-002
   42001      32     2.450000     2.550000   2.808749E+000   5.621537E-001   2.376900E+000   7.130700E-001   2.246596E+000   1.663830E+000   5.827655E-001
   42001      33     2.550000     2.650000   2.466453E+000   1.472363E-001   9.568281E-001   2.870484E-001   2.319217E+000   6.697797E-001   1.649437E+000
   42001      34     2.650000     2.900000   5.107089E+000   1.379323E-005   9.758167E-004   2.927450E-004   5.107075E+000   6.830717E-004   5.106392E+000
   42001      35     2.900000     3.200000   4.829501E+000   3.863079E-001   2.534043E+000   7.602128E-001   4.443193E+000   1.773830E+000   2.669363E+000
   42001      36     3.200000     3.500000   4.479548E+000   1.299164E+000   4.426994E+000   1.328098E+000   3.180384E+000   3.098896E+000   8.148809E-002
   42001      37     3.500000     3.900000   5.317470E+000   7.566678E-001   3.369440E+000   1.010832E+000   4.560803E+000   2.358608E+000   2.202194E+000
   42001      38     3.900000     5.500000   8.889375E+000   6.521236E-002   4.896255E-001   1.468877E-001   8.824163E+000   3.427379E-001   8.481425E+000
   42001      39     5.500000     6.500000   2.171822E+000   6.432497E-001   2.162377E+000   6.487132E-001   1.528572E+000   1.513664E+000   1.490776E-002
   42001      40     6.500000     7.000000   6.459457E-001   4.639743E-002   3.702621E-001   1.110786E-001   5.995483E-001   2.591835E-001   3.403648E-001
   42001      41     7.000000     9.000000   1.525571E+000   3.195908E-002   2.568649E-001   7.705948E-002   1.493612E+000   1.798054E-001   1.313807E+000
   42001      42     9.000000    20.000000   1.633159E+000   2.744951E-002   2.286353E-001   6.859059E-002   1.605709E+000   1.600447E-001   1.445665E+000
   42101       1     0.200000     0.300000   5.582456E-006   3.540013E-006   2.917776E-006   8.753329E-007   2.042443E-006   2.042443E-006  -9.500342E-015
   42101       2     0.300000     0.345000   2.557270E-003   1.374824E-003   1.689209E-003   5.067628E-004   1.182447E-003   1.182447E-003  -8.478979E-013
   42101       3     0.345000     0.385000   2.512764E-003   1.152240E-003   1.943607E-003   5.830820E-004   1.360525E-003   1.360525E-003   3.397626E-012
   42101       4     0.385000     0.420000   1.293223E-002   5.311610E-003   1.088660E-002   3.265979E-003   7.620618E-003   7.620618E-003  -1.879088E-012
   42101       5     0.420000     0.450000   2.349464E-002   8.965829E-003   2.075544E-002   6.226633E-003   1.452881E-002   1.452881E-002  -8.214218E-012
   42101       6     0.450000     0.500000   1.310848E-001   4.710132E-002   1.199763E-001   3.599290E-002   8.398344E-002   8.398344E-002   5.913922E-012
   42101       7     0.500000     0.550000   1.748537E-001   5.938044E-002   1.649618E-001   4.948854E-002   1.154733E-001   1.154733E-001   1.847744E-012
   42101       8     0.550000     0.610000   2.295775E-001   7.513671E-002   2.206297E-001   6.618892E-002   1.544408E-001   1.544408E-001   4.270895E-011
   42101       9     0.610000     0.690000   5.693172E-001   1.805662E-001   5.553585E-001   1.666076E-001   3.887510E-001   3.887510E-001   6.144463E-011
   42101      10     0.690000     0.780000   2.472789E+000   7.671523E-001   2.436624E+000   7.309872E-001   1.705637E+000   1.705637E+000   3.498399E-010
   42101      11     0.780000     0.800000   1.063069E+000   3.229207E-001   1.046062E+000   3.138186E-001   7.401487E-001   7.322433E-001   7.905349E-003
   42101      12     0.800000     0.870000   5.878988E+000   1.800823E+000   5.823911E+000   1.747173E+000   4.078165E+000   4.076738E+000   1.427657E-003
   42101      13     0.870000     0.880000   8.736691E-001   2.597867E-001   8.574398E-001   2.572320E-001   6.138824E-001   6.002079E-001   1.367449E-002
   42101      14     0.880000     1.030000   2.249240E+001   6.829705E+000   2.237432E+001   6.712297E+000   1.566270E+001   1.566203E+001   6.734872E-004
   42101      15     1.030000     1.080000   9.248799E+000   2.417926E+000   8.564338E+000   2.569301E+000   6.830872E+000   5.995037E+000   8.358357E-001
   42101      16     1.080000     1.140000   1.173685E+001   3.469089E+000   1.161309E+001   3.483928E+000   8.267761E+000   8.129164E+000   1.385969E-001
   42101      17     1.140000     1.200000   1.143670E+001   3.434944E+000   1.139399E+001   3.418198E+000   8.001753E+000   7.975795E+000   2.595715E-002
   42101      18     1.200000     1.240000   8.097833E+000   7.925920E-001   4.084578E+000   1.225373E+000   7.305241E+000   2.859205E+000   4.446036E+000
   42101      19     1.240000     1.280000   7.733813E+000   2.137384E+000   7.465579E+000   2.239674E+000   5.596430E+000   5.225905E+000   3.705244E-001
   42101      20     1.280000     1.340000   1.109154E+001   2.088955E+000   8.896855E+000   2.669056E+000   9.002588E+000   6.227798E+000   2.774789E+000
   42101      21     1.340000     1.420000   1.012492E+001   2.723001E+000   9.648647E+000   2.894594E+000   7.401920E+000   6.754053E+000   6.478670E-001
   42101      22     1.420000     1.460000   4.444646E+000   2.735993E-001   1.530868E+000   4.592604E-001   4.171046E+000   1.071608E+000   3.099439E+000
   42101      23     1.460000     1.490000   3.316959E+000   4.616219E-001   2.262554E+000   6.787663E-001   2.855337E+000   1.583788E+000   1.271549E+000
   42101      24     1.490000     1.520000   3.416012E+000   7.235707E-001   2.915300E+000   8.745899E-001   2.692441E+000   2.040710E+000   6.517310E-001
   42101      25     1.520000     1.680000   2.089115E+001   1.380013E+000   7.821226E+000   2.346368E+000   1.951113E+001   5.474858E+000   1.403628E+001
   42101      26     1.680000     1.740000   7.400301E+000   1.971117E+000   7.089583E+000   2.126875E+000   5.429185E+000   4.962708E+000   4.664766E-001
   42101      27     1.740000     1.820000   6.859941E+000   1.937151E+000   6.710872E+000   2.013262E+000   4.922790E+000   4.697610E+000   2.251795E-001
   42101      28     1.820000     1.940000   7.844991E+000   1.284927E+000   5.670684E+000   1.701205E+000   6.560064E+000   3.969479E+000   2.590586E+000
   42101      29     1.940000     2.200000   1.524385E+001   4.573962E-001   2.625959E+000   7.877876E-001   1.478645E+001   1.838171E+000   1.294828E+001
   42101      30     2.200000     2.300000   5.897529E+000   1.631429E+000   5.731309E+000   1.719393E+000   4.266100E+000   4.011916E+000   2.541831E-001
   42101      31     2.300000     2.450000   6.412228E+000   1.915605E+000   6.401714E+000   1.920514E+000   4.496623E+000   4.481200E+000   1.542385E-002
   42101      32     2.450000     2.550000   2.808749E+000   5.622752E-001   2.377138E+000   7.131414E-001   2.246474E+000   1.663996E+000   5.824776E-001
   42101      33     2.550000     2.650000   2.466453E+000   1.472527E-001   9.569607E-001   2.870882E-001   2.319201E+000   6.698725E-001   1.649328E+000
   42101      34     2.650000     2.900000   5.107089E+000   1.379535E-005   9.830493E-004   2.949148E-004   5.107075E+000   6.881345E-004   5.106387E+000
   42101      35     2.900000     3.200000   4.829501E+000   3.865081E-001   2.534700E+000   7.604101E-001   4.442993E+000   1.774290E+000   2.668703E+000
   42101      36     3.200000     3.500000   4.479548E+000   1.299194E+000   4.427031E+000   1.328109E+000   3.180354E+000   3.098922E+000   8.143212E-002
   42101      37     3.500000     3.900000   5.317470E+000   7.566907E-001   3.369453E+000   1.010836E+000   4.560780E+000   2.358617E+000   2.202163E+000
   42101      38     3.900000     5.500000   8.889375E+000   6.525823E-002   4.898626E-001   1.469588E-001   8.824117E+000   3.429038E-001   8.481213E+000
   42101      39     5.500000     6.500000   2.171822E+000   6.432548E-001   2.162383E+000   6.487149E-001   1.528567E+000   1.513668E+000   1.489858E-002
   42101      40     6.500000     7.000000   6.459457E-001   4.638572E-002   3.702162E-001   1.110649E-001   5.995600E-001   2.591514E-001   3.404087E-001
   42101      41     7.000000     9.000000   1.525571E+000   3.197178E-002   2.568830E-001   7.706490E-002   1.493599E+000   1.798181E-001   1.313781E+000
   42101      42     9.000000    20.000000   1.633159E+000   2.751711E-002   2.289269E-001   6.867808E-002   1.605642E+000   1.602488E-001   1.445393E+000
   42201       1     0.200000     0.300000   5.582456E-006   3.540013E-006   2.917776E-006   8.753329E-007   2.042443E-006   2.042443E-006  -9.500342E-015
   42201       2     0.300000     0.345000   2.557270E-003   1.374824E-003   1.689209E-003   5.067628E-004   1.182447E-003   1.182447E-003  -8.478979E-013
   42201       3     0.345000     0.385000   2.512764E-003   1.152240E-003   1.943607E-003   5.830820E-004   1.360525E-003   1.360525E-003   3.397626E-012
   42201       4     0.385000     0.420000   1.293223E-002   5.311610E-003   1.088660E-002   3.265979E-003   7.620618E-003   7.620618E-003  -1.879088E-012
   42201       5     0.420000     0.450000   2.349464E-002   8.965829E-003   2.075544E-002   6.226633E-003   1.452881E-002   1.452881E-002  -8.487327E-012
   42201       6     0.450000     0.500000   1.310848E-001   4.710132E-002   1.199763E-001   3.599290E-002   8.398344E-002   8.398344E-002   4.412026E-013
   42201       7     0.500000     0.550000   1.748537E-001   5.938044E-002   1.649618E-001   4.948854E-002   1.154733E-001   1.154733E-001  -2.452732E-012
   42201       8     0.550000     0.610000   2.295775E-001   7.513671E-002   2.206297E-001   6.618892E-002   1.544408E-001   1.544408E-001   4.699408E-011
   42201       9     0.610000     0.690000   5.693172E-001   1.805662E-001   5.553585E-001   1.666076E-001   3.887510E-001   3.887510E-001   5.448453E-011
   42201      10     0.690000     0.780000   2.472789E+000   7.671523E-001   2.436624E+000   7.309872E-001   1.705637E+000   1.705637E+000   3.020337E-010
   42201      11     0.780000     0.800000   1.063069E+000   3.229207E-001   1.046062E+000   3.138186E-001   7.401487E-001   7.322434E-001   7.905292E-003
   42201      12     0.800000     0.870000   5.878988E+000   1.800823E+000   5.823911E+000   1.747173E+000   4.078165E+000   4.076738E+000   1.427734E-003
   42201      13     0.870000     0.880000   8.736691E-001   2.597874E-001   8.574406E-001   2.572322E-001   6.138817E-001   6.002084E-001   1.367324E-002
   42201      14     0.880000     1.030000   2.249240E+001   6.829705E+000   2.237432E+001   6.712297E+000   1.566270E+001   1.566203E+001   6.733888E-004
   42201      15     1.030000     1.080000   9.248799E+000   2.417941E+000   8.564347E+000   2.569304E+000   6.830858E+000   5.995043E+000   8.358151E-001
   42201      16     1.080000     1.140000   1.173685E+001   3.469089E+000   1.161309E+001   3.483928E+000   8.267761E+000   8.129165E+000   1.385957E-001
   42201      17     1.140000     1.200000   1.143670E+001   3.434944E+000   1.139399E+001   3.418198E+000   8.001753E+000   7.975795E+000   2.595718E-002
   42201      18     1.200000     1.240000   8.097833E+000   7.927623E-001   4.085012E+000   1.225504E+000   7.305070E+000   2.859508E+000   4.445562E+000
   42201      19     1.240000     1.280000   7.733813E+000   2.137411E+000   7.465614E+000   2.239684E+000   5.596403E+000   5.225930E+000   3.704729E-001
   42201      20     1.280000     1.340000   1.109154E+001   2.089034E+000   8.896952E+000   2.669086E+000   9.002509E+000   6.227866E+000   2.774643E+000
   42201      21     1.340000     1.420000   1.012492E+001   2.723044E+000   9.648701E+000   2.894610E+000   7.401877E+000   6.754091E+000   6.477861E-001
   42201      22     1.420000     1.460000   4.444646E+000   2.736884E-001   1.531240E+000   4.593721E-001   4.170957E+000   1.071868E+000   3.099089E+000
   42201      23     1.460000     1.490000   3.316959E+000   4.617032E-001   2.262685E+000   6.788056E-001   2.855256E+000   1.583880E+000   1.271376E+000
   42201      24     1.490000     1.520000   3.416012E+000   7.236280E-001   2.915384E+000   8.746152E-001   2.692384E+000   2.040769E+000   6.516149E-001
   42201      25     1.520000     1.680000   2.089115E+001   1.380466E+000   7.822769E+000   2.346831E+000   1.951068E+001   5.475938E+000   1.403474E+001
   42201      26     1.680000     1.740000   7.400301E+000   1.971152E+000   7.089627E+000   2.126888E+000   5.429149E+000   4.962739E+000   4.664104E-001
   42201      27     1.740000     1.820000   6.859941E+000   1.937357E+000   6.711131E+000   2.013339E+000   4.922584E+000   4.697791E+000   2.247927E-001
   42201      28     1.820000     1.940000   7.844991E+000   1.285214E+000   5.671398E+000   1.701419E+000   6.559777E+000   3.969978E+000   2.589799E+000
   42201      29     1.940000     2.200000   1.524385E+001   4.575636E-001   2.626524E+000   7.879573E-001   1.478629E+001   1.838567E+000   1.294772E+001
   42201      30     2.200000     2.300000   5.897529E+000   1.631454E+000   5.731339E+000   1.719402E+000   4.266075E+000   4.011937E+000   2.541375E-001
   42201      31     2.300000     2.450000   6.412228E+000   1.915606E+000   6.401715E+000   1.920515E+000   4.496622E+000   4.481201E+000   1.542134E-002
   42201      32     2.450000     2.550000   2.808749E+000   5.623950E-001   2.377372E+000   7.132117E-001   2.246354E+000   1.664161E+000   5.821936E-001
   42201      33     2.550000     2.650000   2.466453E+000   1.472683E-001   9.570901E-001   2.871270E-001   2.319185E+000   6.699631E-001   1.649222E+000
   42201      34     2.650000     2.900000   5.107089E+000   1.379745E-005   9.902219E-004   2.970666E-004   5.107075E+000   6.931553E-004   5.106382E+000
   42201      35     2.900000     3.200000   4.829501E+000   3.867060E-001   2.535351E+000   7.606052E-001   4.442795E+000   1.774746E+000   2.668049E+000
   42201      36     3.200000     3.500000   4.479548E+000   1.299224E+000   4.427067E+000   1.328120E+000   3.180324E+000   3.098947E+000   8.137694E-002
   42201      37     3.500000     3.900000   5.317470E+000   7.567134E-001   3.369465E+000   1.010839E+000   4.560757E+000   2.358625E+000   2.202132E+000
   42201      38     3.900000     5.500000   8.889375E+000   6.530364E-002   4.900982E-001   1.470295E-001   8.824072E+000   3.430688E-001   8.481003E+000
   42201      39     5.500000     6.500000   2.171822E+000   6.432599E-001   2.162389E+000   6.487166E-001   1.528562E+000   1.513672E+000   1.488959E-002
   42201      40     6.500000     7.000000   6.459457E-001   4.637410E-002   3.701707E-001   1.110512E-001   5.995716E-001   2.591195E-001   3.404521E-001
   42201      41     7.000000     9.000000   1.525571E+000   3.198436E-002   2.569009E-001   7.707028E-002   1.493587E+000   1.798307E-001   1.313756E+000
   42201      42     9.000000    20.000000   1.633159E+000   2.758310E-002   2.292116E-001   6.876348E-002   1.605576E+000   1.604481E-001   1.445128E+000
   42301       1     0.200000     0.300000   5.582456E-006   3.540013E-006   2.917776E-006   8.753329E-007   2.042443E-006   2.042443E-006  -9.500342E-015
   42301       2     0.300000     0.345000   2.557270E-003   1.374824E-003   1.689209E-003   5.067628E-004   1.182447E-003   1.182447E-003  -8.478979E-013
   42301       3     0.345000     0.385000   2.512764E-003   1.152240E-003   1.943607E-003   5.830820E-004   1.360525E-003   1.360525E-003   3.397626E-012
   42301       4     0.385000     0.420000   1.293223E-002   5.311610E-003   1.088660E-002   3.265979E-003   7.620618E-003   7.620618E-003  -1.784942E-012
   42301       5     0.420000     0.450000   2.349464E-002   8.965829E-003   2.075544E-002   6.226633E-003   1.452881E-002   1.452881E-002  -8.815207E-012
   42301       6     0.450000     0.500000   1.310848E-001   4.710132E-002   1.199763E-001   3.599290E-002   8.398344E-002   8.398344E-002   1.091102E-011
   42301       7     0.500000     0.550000   1.748537E-001   5.938044E-002   1.649618E-001   4.948854E-002   1.154733E-001   1.154733E-001  -6.479386E-012
   42301       8     0.550000     0.610000   2.295775E-001   7.513671E-002   2.206297E-001   6.618892E-002   1.544408E-001   1.544408E-001   3.549894E-011
   42301       9     0.610000     0.690000   5.693172E-001   1.805662E-001   5.553585E-001   1.666076E-001   3.887510E-001   3.887510E-001   5.616230E-011
   42301      10     0.690000     0.780000   2.472789E+000   7.671523E-001   2.436624E+000   7.309872E-001   1.705637E+000   1.705637E+000   2.086811E-010
   42301      11     0.780000     0.800000   1.063069E+000   3.229208E-001   1.046062E+000   3.138186E-001   7.401486E-001   7.322434E-001   7.905236E-003
   42301      12     0.800000     0.870000   5.878988E+000   1.800823E+000   5.823911E+000   1.747173E+000   4.078165E+000   4.076738E+000   1.427811E-003
   42301      13     0.870000     0.880000   8.736691E-001   2.597881E-001   8.574414E-001   2.572324E-001   6.138810E-001   6.002090E-001   1.367200E-002
   42301      14     0.880000     1.030000   2.249240E+001   6.829705E+000   2.237432E+001   6.712297E+000   1.566270E+001   1.566203E+001   6.732912E-004
   42301      15     1.030000     1.080000   9.248799E+000   2.417955E+000   8.564356E+000   2.569307E+000   6.830844E+000   5.995049E+000   8.357947E-001
   42301      16     1.080000     1.140000   1.173685E+001   3.469090E+000   1.161309E+001   3.483928E+000   8.267760E+000   8.129165E+000   1.385945E-001
   42301      17     1.140000     1.200000   1.143670E+001   3.434944E+000   1.139399E+001   3.418198E+000   8.001753E+000   7.975795E+000   2.595722E-002
   42301      18     1.200000     1.240000   8.097833E+000   7.929313E-001   4.085442E+000   1.225633E+000   7.304901E+000   2.859809E+000   4.445092E+000
   42301      19     1.240000     1.280000   7.733813E+000   2.137438E+000   7.465648E+000   2.239694E+000   5.596376E+000   5.225954E+000   3.704217E-001
   42301      20     1.280000     1.340000   1.109154E+001   2.089112E+000   8.897048E+000   2.669114E+000   9.002431E+000   6.227934E+000   2.774497E+000
   42301      21     1.340000     1.420000   1.012492E+001   2.723087E+000   9.648754E+000   2.894626E+000   7.401833E+000   6.754128E+000   6.477057E-001
   42301      22     1.420000     1.460000   4.444646E+000   2.737769E-001   1.531610E+000   4.594830E-001   4.170869E+000   1.072127E+000   3.098742E+000
   42301      23     1.460000     1.490000   3.316959E+000   4.617839E-001   2.262816E+000   6.788447E-001   2.855175E+000   1.583971E+000   1.271204E+000
   42301      24     1.490000     1.520000   3.416012E+000   7.236848E-001   2.915467E+000   8.746402E-001   2.692327E+000   2.040827E+000   6.514996E-001
   42301      25     1.520000     1.680000   2.089115E+001   1.380917E+000   7.824301E+000   2.347290E+000   1.951023E+001   5.477011E+000   1.403322E+001
   42301      26     1.680000     1.740000   7.400301E+000   1.971188E+000   7.089670E+000   2.126901E+000   5.429114E+000   4.962769E+000   4.663447E-001
   42301      27     1.740000     1.820000   6.859941E+000   1.937561E+000   6.711388E+000   2.013416E+000   4.922380E+000   4.697971E+000   2.244086E-001
   42301      28     1.820000     1.940000   7.844991E+000   1.285499E+000   5.672106E+000   1.701632E+000   6.559492E+000   3.970474E+000   2.589018E+000
   42301      29     1.940000     2.200000   1.524385E+001   4.577300E-001   2.627086E+000   7.881257E-001   1.478612E+001   1.838960E+000   1.294716E+001
   42301      30     2.200000     2.300000   5.897529E+000   1.631478E+000   5.731369E+000   1.719411E+000   4.266050E+000   4.011958E+000   2.540923E-001
   42301      31     2.300000     2.450000   6.412228E+000   1.915607E+000   6.401717E+000   1.920515E+000   4.496621E+000   4.481202E+000   1.541884E-002
   42301      32     2.450000     2.550000   2.808749E+000   5.625139E-001   2.377605E+000   7.132816E-001   2.246235E+000   1.664324E+000   5.819116E-001
   42301      33     2.550000     2.650000   2.466453E+000   1.472838E-001   9.572186E-001   2.871656E-001   2.319170E+000   6.700530E-001   1.649116E+000
   42301      34     2.650000     2.900000   5.107089E+000   1.379954E-005   9.973928E-004   2.992178E-004   5.107075E+000   6.981750E-004   5.106377E+000
   42301      35     2.900000     3.200000   4.829501E+000   3.869027E-001   2.535997E+000   7.607990E-001   4.442598E+000   1.775198E+000   2.667401E+000
   42301      36     3.200000     3.500000   4.479548E+000   1.299253E+000   4.427103E+000   1.328131E+000   3.180294E+000   3.098972E+000   8.132217E-002
   42301      37     3.500000     3.900000   5.317470E+000   7.567359E-001   3.369477E+000   1.010843E+000   4.560735E+000   2.358634E+000   2.202101E+000
   42301      38     3.900000     5.500000   8.889375E+000   6.534878E-002   4.903323E-001   1.470997E-001   8.824026E+000   3.432326E-001   8.480794E+000
   42301      39     5.500000     6.500000   2.171822E+000   6.432649E-001   2.162394E+000   6.487183E-001   1.528557E+000   1.513676E+000   1.488071E-002
   42301      40     6.500000     7.000000   6.459457E-001   4.636244E-002   3.701251E-001   1.110375E-001   5.995833E-001   2.590876E-001   3.404957E-001
   42301      41     7.000000     9.000000   1.525571E+000   3.199682E-002   2.569190E-001   7.707570E-002   1.493574E+000   1.798433E-001   1.313731E+000
   42301      42     9.000000    20.000000   1.633159E+000   2.764884E-002   2.294948E-001   6.884845E-002   1.605510E+000   1.606464E-001   1.444864E+000
   42401       1     0.200000     0.300000   5.582456E-006   3.540013E-006   2.917776E-006   8.753329E-007   2.042443E-006   2.042443E-006  -9.500342E-015
   42401       2     0.300000     0.345000   2.557270E-003   1.374824E-003   1.689209E-003   5.067628E-004   1.182447E-003   1.182447E-003  -8.478979E-013
   42401       3     0.345000     0.385000   2.512764E-003   1.152240E-003   1.943607E-003   5.830820E-004   1.360525E-003   1.360525E-003   3.397626E-012
   42401       4     0.385000     0.420000   1.293223E-002   5.311610E-003   1.088660E-002   3.265979E-003   7.620618E-003   7.620618E-003  -1.665636E-012
   42401       5     0.420000     0.450000   2.349464E-002   8.965829E-003   2.075544E-002   6.226633E-003   1.452881E-002   1.452881E-002  -6.039426E-012
   42401       6     0.450000     0.500000   1.310848E-001   4.710132E-002   1.199763E-001   3.599290E-002   8.398344E-002   8.398344E-002   6.256731E-012
   42401       7     0.500000     0.550000   1.748537E-001   5.938044E-002   1.649618E-001   4.948854E-002   1.154733E-001   1.154733E-001  -1.061130E-011
   42401       8     0.550000     0.610000   2.295775E-001   7.513671E-002   2.206297E-001   6.618892E-002   1.544408E-001   1.544408E-001   1.547895E-011
   42401       9     0.610000     0.690000   5.693172E-001   1.805662E-001   5.553585E-001   1.666076E-001   3.887510E-001   3.887510E-001   1.014596E-010
   42401      10     0.690000     0.780000   2.472789E+000   7.671523E-001   2.436624E+000   7.309872E-001   1.705637E+000   1.705637E+000   1.468057E-010
   42401      11     0.780000     0.800000   1.063069E+000   3.229208E-001   1.046062E+000   3.138186E-001   7.401486E-001   7.322434E-001   7.905180E-003
   42401      12     0.800000     0.870000   5.878988E+000   1.800823E+000   5.823911E+000   1.747173E+000   4.078165E+000   4.076737E+000   1.427887E-003
   42401      13     0.870000     0.880000   8.736691E-001   2.597888E-001   8.574422E-001   2.572327E-001   6.138803E-001   6.002095E-001   1.367076E-002
   42401      14     0.880000     1.030000   2.249240E+001   6.829705E+000   2.237432E+001   6.712297E+000   1.566270E+001   1.566203E+001   6.731943E-004
   42401      15     1.030000     1.080000   9.248799E+000   2.417969E+000   8.564364E+000   2.569309E+000   6.830829E+000   5.995055E+000   8.357744E-001
   42401      16     1.080000     1.140000   1.173685E+001   3.469091E+000   1.161309E+001   3.483928E+000   8.267759E+000   8.129166E+000   1.385933E-001
   42401      17     1.140000     1.200000   1.143670E+001   3.434944E+000   1.139399E+001   3.418198E+000   8.001753E+000   7.975795E+000   2.595726E-002
   42401      18     1.200000     1.240000   8.097833E+000   7.930991E-001   4.085869E+000   1.225761E+000   7.304734E+000   2.860108E+000   4.444625E+000
   42401      19     1.240000     1.280000   7.733813E+000   2.137465E+000   7.465683E+000   2.239705E+000   5.596349E+000   5.225978E+000   3.703709E-001
   42401      20     1.280000     1.340000   1.109154E+001   2.089190E+000   8.897144E+000   2.669143E+000   9.002353E+000   6.228000E+000   2.774352E+000
   42401      21     1.340000     1.420000   1.012492E+001   2.723130E+000   9.648807E+000   2.894642E+000   7.401791E+000   6.754165E+000   6.476260E-001
   42401      22     1.420000     1.460000   4.444646E+000   2.738649E-001   1.531978E+000   4.595933E-001   4.170781E+000   1.072384E+000   3.098397E+000
   42401      23     1.460000     1.490000   3.316959E+000   4.618640E-001   2.262945E+000   6.788834E-001   2.855095E+000   1.584061E+000   1.271034E+000
   42401      24     1.490000     1.520000   3.416012E+000   7.237412E-001   2.915550E+000   8.746650E-001   2.692270E+000   2.040885E+000   6.513852E-001
   42401      25     1.520000     1.680000   2.089115E+001   1.381364E+000   7.825822E+000   2.347747E+000   1.950978E+001   5.478075E+000   1.403171E+001
   42401      26     1.680000     1.740000   7.400301E+000   1.971223E+000   7.089713E+000   2.126914E+000   5.429079E+000   4.962799E+000   4.662796E-001
   42401      27     1.740000     1.820000   6.859941E+000   1.937764E+000   6.711642E+000   2.013493E+000   4.922177E+000   4.698150E+000   2.240272E-001
   42401      28     1.820000     1.940000   7.844991E+000   1.285783E+000   5.672810E+000   1.701843E+000   6.559208E+000   3.970967E+000   2.588242E+000
   42401      29     1.940000     2.200000   1.524385E+001   4.578952E-001   2.627643E+000   7.882929E-001   1.478595E+001   1.839350E+000   1.294660E+001
   42401      30     2.200000     2.300000   5.897529E+000   1.631502E+000   5.731398E+000   1.719419E+000   4.266026E+000   4.011979E+000   2.540474E-001
   42401      31     2.300000     2.450000   6.412228E+000   1.915609E+000   6.401718E+000   1.920516E+000   4.496619E+000   4.481203E+000   1.541637E-002
   42401      32     2.450000     2.550000   2.808749E+000   5.626321E-001   2.377837E+000   7.133510E-001   2.246117E+000   1.664486E+000   5.816316E-001
   42401      33     2.550000     2.650000   2.466453E+000   1.472992E-001   9.573463E-001   2.872039E-001   2.319154E+000   6.701424E-001   1.649012E+000
   42401      34     2.650000     2.900000   5.107089E+000   1.380163E-005   1.004562E-003   3.013685E-004   5.107075E+000   7.031932E-004   5.106372E+000
   42401      35     2.900000     3.200000   4.829501E+000   3.870980E-001   2.536638E+000   7.609914E-001   4.442403E+000   1.775647E+000   2.666756E+000
   42401      36     3.200000     3.500000   4.479548E+000   1.299283E+000   4.427139E+000   1.328142E+000   3.180265E+000   3.098997E+000   8.126780E-002
   42401      37     3.500000     3.900000   5.317470E+000   7.567582E-001   3.369489E+000   1.010847E+000   4.560712E+000   2.358642E+000   2.202070E+000
   42401      38     3.900000     5.500000   8.889375E+000   6.539363E-002   4.905648E-001   1.471694E-001   8.823982E+000   3.433953E-001   8.480586E+000
   42401      39     5.500000     6.500000   2.171822E+000   6.432697E-001   2.162400E+000   6.487199E-001   1.528552E+000   1.513680E+000   1.487197E-002
   42401      40     6.500000     7.000000   6.459457E-001   4.635061E-002   3.700790E-001   1.110237E-001   5.995951E-001   2.590553E-001   3.405398E-001
   42401      41     7.000000     9.000000   1.525571E+000   3.200915E-002   2.569374E-001   7.708123E-002   1.493562E+000   1.798562E-001   1.313706E+000
   42401      42     9.000000    20.000000   1.633159E+000   2.771432E-002   2.297767E-001   6.893300E-002   1.605445E+000   1.608437E-001   1.444601E+000
   42501       1     0.200000     0.300000   5.582456E-006   3.540013E-006   2.917776E-006   8.753329E-007   2.042443E-006   2.042443E-006  -9.500342E-015
   42501       2     0.300000     0.345000   2.557270E-003   1.374824E-003   1.689209E-003   5.067628E-004   1.182447E-003   1.182447E-003  -8.478979E-013
   42501       3     0.345000     0.385000   2.512764E-003   1.152240E-003   1.943607E-003   5.830820E-004   1.360525E-003   1.360525E-003   3.397626E-012
   42501       4     0.385000     0.420000   1.293223E-002   5.311610E-003   1.088660E-002   3.265979E-003   7.620618E-003   7.620618E-003  -1.594441E-012
   42501       5     0.420000     0.450000   2.349464E-002   8.965829E-003   2.075544E-002   6.226633E-003   1.452881E-002   1.452881E-002  -6.713803E-012
   42501       6     0.450000     0.500000   1.310848E-001   4.710132E-002   1.199763E-001   3.599290E-002   8.398344E-002   8.398344E-002   4.875295E-012
   42501       7     0.500000     0.550000   1.748537E-001   5.938044E-002   1.649618E-001   4.948854E-002   1.154733E-001   1.154733E-001  -1.831729E-012
   42501       8     0.550000     0.610000   2.295775E-001   7.513671E-002   2.206297E-001   6.618892E-002   1.544408E-001   1.544408E-001   1.857323E-011
   42501       9     0.610000     0.690000   5.693172E-001   1.805662E-001   5.553585E-001   1.666076E-001   3.887510E-001   3.887510E-001   7.689688E-011
   42501      10     0.690000     0.780000   2.472789E+000   7.671523E-001   2.436624E+000   7.309872E-001   1.705637E+000   1.705637E+000   9.436185E-011
   42501      11     0.780000     0.800000   1.063069E+000   3.229208E-001   1.046062E+000   3.138186E-001   7.401486E-001   7.322434E-001   7.905125E-003
   42501      12     0.800000     0.870000   5.878988E+000   1.800823E+000   5.823911E+000   1.747173E+000   4.078165E+000   4.076737E+000   1.427962E-003
   42501      13     0.870000     0.880000   8.736691E-001   2.597894E-001   8.574430E-001   2.572329E-001   6.138796E-001   6.002101E-001   1.366955E-002
   42501      14     0.880000     1.030000   2.249240E+001   6.829705E+000   2.237432E+001   6.712297E+000   1.566270E+001   1.566203E+001   6.730988E-004
   42501      15     1.030000     1.080000   9.248799E+000   2.417983E+000   8.564373E+000   2.569312E+000   6.830815E+000   5.995061E+000   8.357544E-001
   42501      16     1.080000     1.140000   1.173685E+001   3.469091E+000   1.161309E+001   3.483928E+000   8.267759E+000   8.129166E+000   1.385922E-001
   42501      17     1.140000     1.200000   1.143670E+001   3.434944E+000   1.139399E+001   3.418198E+000   8.001753E+000   7.975795E+000   2.595731E-002
   42501      18     1.200000     1.240000   8.097833E+000   7.932655E-001   4.086293E+000   1.225888E+000   7.304567E+000   2.860405E+000   4.444162E+000
   42501      19     1.240000     1.280000   7.733813E+000   2.137491E+000   7.465716E+000   2.239715E+000   5.596322E+000   5.226001E+000   3.703208E-001
   42501      20     1.280000     1.340000   1.109154E+001   2.089267E+000   8.897238E+000   2.669171E+000   9.002276E+000   6.228067E+000   2.774209E+000
   42501      21     1.340000     1.420000   1.012492E+001   2.723173E+000   9.648859E+000   2.894658E+000   7.401748E+000   6.754201E+000   6.475471E-001
   42501      22     1.420000     1.460000   4.444646E+000   2.739520E-001   1.532341E+000   4.597023E-001   4.170694E+000   1.072639E+000   3.098055E+000
   42501      23     1.460000     1.490000   3.316959E+000   4.619431E-001   2.263072E+000   6.789217E-001   2.855016E+000   1.584151E+000   1.270865E+000
   42501      24     1.490000     1.520000   3.416012E+000   7.237970E-001   2.915632E+000   8.746896E-001   2.692215E+000   2.040942E+000   6.512722E-001
   42501      25     1.520000     1.680000   2.089115E+001   1.381806E+000   7.827330E+000   2.348199E+000   1.950934E+001   5.479131E+000   1.403021E+001
   42501      26     1.680000     1.740000   7.400301E+000   1.971257E+000   7.089755E+000   2.126927E+000   5.429044E+000   4.962829E+000   4.662152E-001
   42501      27     1.740000     1.820000   6.859941E+000   1.937964E+000   6.711894E+000   2.013568E+000   4.921977E+000   4.698325E+000   2.236516E-001
   42501      28     1.820000     1.940000   7.844991E+000   1.286063E+000   5.673506E+000   1.702052E+000   6.558928E+000   3.971454E+000   2.587474E+000
   42501      29     1.940000     2.200000   1.524385E+001   4.580587E-001   2.628195E+000   7.884585E-001   1.478579E+001   1.839736E+000   1.294605E+001
   42501      30     2.200000     2.300000   5.897529E+000   1.631526E+000   5.731427E+000   1.719428E+000   4.266002E+000   4.011999E+000   2.540029E-001
   42501      31     2.300000     2.450000   6.412228E+000   1.915610E+000   6.401720E+000   1.920516E+000   4.496618E+000   4.481204E+000   1.541392E-002
   42501      32     2.450000     2.550000   2.808749E+000   5.627488E-001   2.378065E+000   7.134195E-001   2.246000E+000   1.664645E+000   5.813549E-001
   42501      33     2.550000     2.650000   2.466453E+000   1.473140E-001   9.574717E-001   2.872415E-001   2.319139E+000   6.702302E-001   1.648909E+000
   42501      34     2.650000     2.900000   5.107089E+000   1.380370E-005   1.011688E-003   3.035065E-004   5.107075E+000   7.081819E-004   5.106367E+000
   42501      35     2.900000     3.200000   4.829501E+000   3.872913E-001   2.537272E+000   7.611817E-001   4.442210E+000   1.776091E+000   2.666119E+000
   42501      36     3.200000     3.500000   4.479548E+000   1.299312E+000   4.427174E+000   1.328152E+000   3.180236E+000   3.099022E+000   8.121414E-002
   42501      37     3.500000     3.900000   5.317470E+000   7.567803E-001   3.369500E+000   1.010850E+000   4.560690E+000   2.358650E+000   2.202040E+000
   42501      38     3.900000     5.500000   8.889375E+000   6.543811E-002   4.907958E-001   1.472387E-001   8.823937E+000   3.435570E-001   8.480380E+000
   42501      39     5.500000     6.500000   2.171822E+000   6.432746E-001   2.162405E+000   6.487216E-001   1.528547E+000   1.513684E+000   1.486329E-002
   42501      40     6.500000     7.000000   6.459457E-001   4.633909E-002   3.700339E-001   1.110102E-001   5.996066E-001   2.590237E-001   3.405829E-001
   42501      41     7.000000     9.000000   1.525571E+000   3.202133E-002   2.569554E-001   7.708663E-002   1.493550E+000   1.798688E-001   1.313681E+000
   42501      42     9.000000    20.000000   1.633159E+000   2.777895E-002   2.300546E-001   6.901637E-002   1.605380E+000   1.610382E-001   1.444342E+000
   42601       1     0.200000     0.300000   5.582456E-006   3.540013E-006   2.917776E-006   8.753329E-007   2.042443E-006   2.042443E-006  -9.500342E-015
   42601       2     0.300000     0.345000   2.557270E-003   1.374824E-003   1.689209E-003   5.067628E-004   1.182447E-003   1.182447E-003  -8.478979E-013
   42601       3     0.345000     0.385000   2.512764E-003   1.152240E-003   1.943607E-003   5.830820E-004   1.360525E-003   1.360525E-003   3.397626E-012
   42601       4     0.385000     0.420000   1.293223E-002   5.311610E-003   1.088660E-002   3.265979E-003   7.620618E-003   7.620618E-003  -1.193459E-012
   42601       5     0.420000     0.450000   2.349464E-002   8.965829E-003   2.075544E-002   6.226633E-003   1.452881E-002   1.452881E-002  -7.420422E-012
   42601       6     0.450000     0.500000   1.310848E-001   4.710132E-002   1.199763E-001   3.599290E-002   8.398344E-002   8.398344E-002   5.647149E-013
   42601       7     0.500000     0.550000   1.748537E-001   5.938044E-002   1.649618E-001   4.948854E-002   1.154733E-001   1.154733E-001  -4.363690E-012
   42601       8     0.550000     0.610000   2.295775E-001   7.513671E-002   2.206297E-001   6.618892E-002   1.544408E-001   1.544408E-001   3.132877E-011
   42601       9     0.610000     0.690000   5.693172E-001   1.805662E-001   5.553585E-001   1.666076E-001   3.887510E-001   3.887510E-001   7.504397E-011
   42601      10     0.690000     0.780000   2.472789E+000   7.671523E-001   2.436624E+000   7.309872E-001   1.705637E+000   1.705637E+000  -9.953682E-011
   42601      11     0.780000     0.800000   1.063069E+000   3.229209E-001   1.046062E+000   3.138186E-001   7.401485E-001   7.322435E-001   7.905071E-003
   42601      12     0.800000     0.870000   5.878988E+000   1.800823E+000   5.823911E+000   1.747173E+000   4.078165E+000   4.076737E+000   1.428037E-003
   42601      13     0.870000     0.880000   8.736691E-001   2.597901E-001   8.574437E-001   2.572331E-001   6.138789E-001   6.002106E-001   1.366834E-002
   42601      14     0.880000     1.030000   2.249240E+001   6.829705E+000   2.237432E+001   6.712297E+000   1.566270E+001   1.566203E+001   6.730046E-004
   42601      15     1.030000     1.080000   9.248799E+000   2.417997E+000   8.564381E+000   2.569314E+000   6.830802E+000   5.995067E+000   8.357346E-001
   42601      16     1.080000     1.140000   1.173685E+001   3.469092E+000   1.161310E+001   3.483929E+000   8.267758E+000   8.129167E+000   1.385911E-001
   42601      17     1.140000     1.200000   1.143670E+001   3.434944E+000   1.139399E+001   3.418198E+000   8.001753E+000   7.975795E+000   2.595737E-002
   42601      18     1.200000     1.240000   8.097833E+000   7.934305E-001   4.086713E+000   1.226014E+000   7.304402E+000   2.860699E+000   4.443703E+000
   42601      19     1.240000     1.280000   7.733813E+000   2.137517E+000   7.465750E+000   2.239725E+000   5.596296E+000   5.226025E+000   3.702712E-001
   42601      20     1.280000     1.340000   1.109154E+001   2.089343E+000   8.897332E+000   2.669200E+000   9.002199E+000   6.228132E+000   2.774067E+000
   42601      21     1.340000     1.420000   1.012492E+001   2.723215E+000   9.648910E+000   2.894673E+000   7.401706E+000   6.754237E+000   6.474690E-001
   42601      22     1.420000     1.460000   4.444646E+000   2.740384E-001   1.532701E+000   4.598104E-001   4.170607E+000   1.072891E+000   3.097716E+000
   42601      23     1.460000     1.490000   3.316959E+000   4.620214E-001   2.263198E+000   6.789595E-001   2.854937E+000   1.584239E+000   1.270699E+000
   42601      24     1.490000     1.520000   3.416012E+000   7.238521E-001   2.915713E+000   8.747139E-001   2.692159E+000   2.040999E+000   6.511604E-001
   42601      25     1.520000     1.680000   2.089115E+001   1.382246E+000   7.828825E+000   2.348648E+000   1.950890E+001   5.480178E+000   1.402872E+001
   42601      26     1.680000     1.740000   7.400301E+000   1.971292E+000   7.089797E+000   2.126939E+000   5.429010E+000   4.962858E+000   4.661517E-001
   42601      27     1.740000     1.820000   6.859941E+000   1.938161E+000   6.712141E+000   2.013642E+000   4.921780E+000   4.698499E+000   2.232811E-001
   42601      28     1.820000     1.940000   7.844991E+000   1.286341E+000   5.674194E+000   1.702258E+000   6.558650E+000   3.971936E+000   2.586714E+000
   42601      29     1.940000     2.200000   1.524385E+001   4.582208E-001   2.628742E+000   7.886225E-001   1.478563E+001   1.840119E+000   1.294551E+001
   42601      30     2.200000     2.300000   5.897529E+000   1.631550E+000   5.731456E+000   1.719437E+000   4.265978E+000   4.012019E+000   2.539589E-001
   42601      31     2.300000     2.450000   6.412228E+000   1.915611E+000   6.401721E+000   1.920516E+000   4.496617E+000   4.481205E+000   1.541150E-002
   42601      32     2.450000     2.550000   2.808749E+000   5.628643E-001   2.378291E+000   7.134873E-001   2.245885E+000   1.664804E+000   5.810813E-001
   42601      33     2.550000     2.650000   2.466453E+000   1.473284E-001   9.575952E-001   2.872786E-001   2.319125E+000   6.703166E-001   1.648808E+000
   42601      34     2.650000     2.900000   5.107089E+000   1.380577E-005   1.018781E-003   3.056343E-004   5.107075E+000   7.131466E-004   5.106362E+000
   42601      35     2.900000     3.200000   4.829501E+000   3.874828E-001   2.537901E+000   7.613702E-001   4.442018E+000   1.776531E+000   2.665488E+000
   42601      36     3.200000     3.500000   4.479548E+000   1.299340E+000   4.427209E+000   1.328163E+000   3.180208E+000   3.099046E+000   8.116111E-002
   42601      37     3.500000     3.900000   5.317470E+000   7.568022E-001   3.369511E+000   1.010853E+000   4.560668E+000   2.358658E+000   2.202010E+000
   42601      38     3.900000     5.500000   8.889375E+000   6.548222E-002   4.910253E-001   1.473076E-001   8.823893E+000   3.437177E-001   8.480175E+000
   42601      39     5.500000     6.500000   2.171822E+000   6.432794E-001   2.162411E+000   6.487232E-001   1.528542E+000   1.513688E+000   1.485465E-002
   42601      40     6.500000     7.000000   6.459457E-001   4.632780E-002   3.699898E-001   1.109969E-001   5.996179E-001   2.589928E-001   3.406251E-001
   42601      41     7.000000     9.000000   1.525571E+000   3.203337E-002   2.569731E-001   7.709193E-002   1.493538E+000   1.798812E-001   1.313657E+000
   42601      42     9.000000    20.000000   1.633159E+000   2.784285E-002   2.303291E-001   6.909872E-002   1.605316E+000   1.612304E-001   1.444086E+000
   42701       1     0.200000     0.300000   5.582456E-006   3.540013E-006   2.917776E-006   8.753329E-007   2.042443E-006   2.042443E-006  -9.500342E-015
   42701       2     0.300000     0.345000   2.557270E-003   1.374824E-003   1.689209E-003   5.067628E-004   1.182447E-003   1.182447E-003  -8.478979E-013
   42701       3     0.345000     0.385000   2.512764E-003   1.152240E-003   1.943607E-003   5.830820E-004   1.360525E-003   1.360525E-003   3.397626E-012
   42701       4     0.385000     0.420000   1.293223E-002   5.311610E-003   1.088660E-002   3.265979E-003   7.620618E-003   7.620618E-003  -1.193459E-012
   42701       5     0.420000     0.450000   2.349464E-002   8.965829E-003   2.075544E-002   6.226633E-003   1.452881E-002   1.452881E-002  -7.420422E-012
   42701       6     0.450000     0.500000   1.310848E-001   4.710132E-002   1.199763E-001   3.599290E-002   8.398344E-002   8.398344E-002  -3.761894E-012
   42701       7     0.500000     0.550000   1.748537E-001   5.938044E-002   1.649618E-001   4.948854E-002   1.154733E-001   1.154733E-001  -9.688389E-012
   42701       8     0.550000     0.610000   2.295775E-001   7.513671E-002   2.206297E-001   6.618892E-002   1.544408E-001   1.544408E-001   3.561412E-011
   42701       9     0.610000     0.690000   5.693172E-001   1.805662E-001   5.553585E-001   1.666076E-001   3.887510E-001   3.887510E-001   1.036759E-010
   42701      10     0.690000     0.780000   2.472789E+000   7.671523E-001   2.436624E+000   7.309872E-001   1.705637E+000   1.705637E+000  -3.399281E-012
   42701      11     0.780000     0.800000   1.063069E+000   3.229209E-001   1.046062E+000   3.138186E-001   7.401485E-001   7.322435E-001   7.905016E-003
   42701      12     0.800000     0.870000   5.878988E+000   1.800823E+000   5.823911E+000   1.747173E+000   4.078165E+000   4.076737E+000   1.428112E-003
   42701      13     0.870000     0.880000   8.736691E-001   2.597908E-001   8.574445E-001   2.572333E-001   6.138783E-001   6.002111E-001   1.366715E-002
   42701      14     0.880000     1.030000   2.249240E+001   6.829705E+000   2.237432E+001   6.712297E+000   1.566270E+001   1.566203E+001   6.729112E-004
   42701      15     1.030000     1.080000   9.248799E+000   2.418011E+000   8.564390E+000   2.569317E+000   6.830788E+000   5.995073E+000   8.357150E-001
   42701      16     1.080000     1.140000   1.173685E+001   3.469093E+000   1.161310E+001   3.483929E+000   8.267757E+000   8.129167E+000   1.385900E-001
   42701      17     1.140000     1.200000   1.143670E+001   3.434944E+000   1.139399E+001   3.418198E+000   8.001753E+000   7.975795E+000   2.595743E-002
   42701      18     1.200000     1.240000   8.097833E+000   7.935944E-001   4.087131E+000   1.226139E+000   7.304238E+000   2.860992E+000   4.443247E+000
   42701      19     1.240000     1.280000   7.733813E+000   2.137543E+000   7.465783E+000   2.239735E+000   5.596270E+000   5.226048E+000   3.702220E-001
   42701      20     1.280000     1.340000   1.109154E+001   2.089419E+000   8.897425E+000   2.669227E+000   9.002124E+000   6.228197E+000   2.773926E+000
   42701      21     1.340000     1.420000   1.012492E+001   2.723257E+000   9.648961E+000   2.894688E+000   7.401664E+000   6.754273E+000   6.473915E-001
   42701      22     1.420000     1.460000   4.444646E+000   2.741242E-001   1.533059E+000   4.599177E-001   4.170521E+000   1.073141E+000   3.097380E+000
   42701      23     1.460000     1.490000   3.316959E+000   4.620992E-001   2.263323E+000   6.789970E-001   2.854860E+000   1.584326E+000   1.270533E+000
   42701      24     1.490000     1.520000   3.416012E+000   7.239069E-001   2.915793E+000   8.747380E-001   2.692105E+000   2.041055E+000   6.510493E-001
   42701      25     1.520000     1.680000   2.089115E+001   1.382682E+000   7.830310E+000   2.349093E+000   1.950847E+001   5.481217E+000   1.402725E+001
   42701      26     1.680000     1.740000   7.400301E+000   1.971326E+000   7.089839E+000   2.126952E+000   5.428976E+000   4.962887E+000   4.660886E-001
   42701      27     1.740000     1.820000   6.859941E+000   1.938357E+000   6.712387E+000   2.013716E+000   4.921584E+000   4.698671E+000   2.229132E-001
   42701      28     1.820000     1.940000   7.844991E+000   1.286616E+000   5.674879E+000   1.702464E+000   6.558375E+000   3.972415E+000   2.585960E+000
   42701      29     1.940000     2.200000   1.524385E+001   4.583817E-001   2.629285E+000   7.887854E-001   1.478547E+001   1.840499E+000   1.294497E+001
   42701      30     2.200000     2.300000   5.897529E+000   1.631574E+000   5.731485E+000   1.719446E+000   4.265955E+000   4.012040E+000   2.539152E-001
   42701      31     2.300000     2.450000   6.412228E+000   1.915613E+000   6.401723E+000   1.920517E+000   4.496615E+000   4.481206E+000   1.540910E-002
   42701      32     2.450000     2.550000   2.808749E+000   5.629790E-001   2.378515E+000   7.135546E-001   2.245770E+000   1.664961E+000   5.808096E-001
   42701      33     2.550000     2.650000   2.466453E+000   1.473427E-001   9.577178E-001   2.873153E-001   2.319111E+000   6.704025E-001   1.648708E+000
   42701      34     2.650000     2.900000   5.107089E+000   1.380783E-005   1.025870E-003   3.077610E-004   5.107075E+000   7.181090E-004   5.106357E+000
   42701      35     2.900000     3.200000   4.829501E+000   3.876730E-001   2.538525E+000   7.615574E-001   4.441828E+000   1.776967E+000   2.664861E+000
   42701      36     3.200000     3.500000   4.479548E+000   1.299369E+000   4.427244E+000   1.328173E+000   3.180179E+000   3.099071E+000   8.110846E-002
   42701      37     3.500000     3.900000   5.317470E+000   7.568239E-001   3.369523E+000   1.010857E+000   4.560647E+000   2.358666E+000   2.201981E+000
   42701      38     3.900000     5.500000   8.889375E+000   6.552607E-002   4.912533E-001   1.473760E-001   8.823849E+000   3.438773E-001   8.479972E+000
   42701      39     5.500000     6.500000   2.171822E+000   6.432842E-001   2.162416E+000   6.487248E-001   1.528537E+000   1.513691E+000   1.484608E-002
   42701      40     6.500000     7.000000   6.459457E-001   4.631661E-002   3.699459E-001   1.109838E-001   5.996291E-001   2.589622E-001   3.406670E-001
   42701      41     7.000000     9.000000   1.525571E+000   3.204533E-002   2.569906E-001   7.709719E-002   1.493526E+000   1.798934E-001   1.313632E+000
   42701      42     9.000000    20.000000   1.633159E+000   2.790650E-002   2.306022E-001   6.918065E-002   1.605252E+000   1.614215E-001   1.443831E+000
   42801       1     0.200000     0.300000   5.582456E-006   3.540013E-006   2.917776E-006   8.753329E-007   2.042443E-006   2.042443E-006  -9.500342E-015
   42801       2     0.300000     0.345000   2.557270E-003   1.374824E-003   1.689209E-003   5.067628E-004   1.182447E-003   1.182447E-003  -8.478979E-013
   42801       3     0.345000     0.385000   2.512764E-003   1.152240E-003   1.943607E-003   5.830820E-004   1.360525E-003   1.360525E-003   3.397626E-012
   42801       4     0.385000     0.420000   1.293223E-002   5.311610E-003   1.088660E-002   3.265979E-003   7.620618E-003   7.620618E-003  -2.426330E-012
   42801       5     0.420000     0.450000   2.349464E-002   8.965829E-003   2.075544E-002   6.226633E-003   1.452881E-002   1.452881E-002  -7.420422E-012
   42801       6     0.450000     0.500000   1.310848E-001   4.710132E-002   1.199763E-001   3.599290E-002   8.398344E-002   8.398344E-002  -6.394107E-012
   42801       7     0.500000     0.550000   1.748537E-001   5.938044E-002   1.649618E-001   4.948854E-002   1.154733E-001   1.154733E-001  -8.163761E-012
   42801       8     0.550000     0.610000   2.295775E-001   7.513671E-002   2.206297E-001   6.618892E-002   1.544408E-001   1.544408E-001   4.826048E-011
   42801       9     0.610000     0.690000   5.693172E-001   1.805662E-001   5.553585E-001   1.666076E-001   3.887510E-001   3.887510E-001   8.329087E-011
   42801      10     0.690000     0.780000   2.472789E+000   7.671523E-001   2.436624E+000   7.309872E-001   1.705637E+000   1.705637E+000   1.277645E-012
   42801      11     0.780000     0.800000   1.063069E+000   3.229209E-001   1.046062E+000   3.138186E-001   7.401485E-001   7.322435E-001   7.904963E-003
   42801      12     0.800000     0.870000   5.878988E+000   1.800823E+000   5.823910E+000   1.747173E+000   4.078166E+000   4.076737E+000   1.428186E-003
   42801      13     0.870000     0.880000   8.736691E-001   2.597914E-001   8.574452E-001   2.572336E-001   6.138776E-001   6.002117E-001   1.366596E-002
   42801      14     0.880000     1.030000   2.249240E+001   6.829705E+000   2.237432E+001   6.712297E+000   1.566270E+001   1.566203E+001   6.728183E-004
   42801      15     1.030000     1.080000   9.248799E+000   2.418025E+000   8.564398E+000   2.569319E+000   6.830774E+000   5.995079E+000   8.356955E-001
   42801      16     1.080000     1.140000   1.173685E+001   3.469093E+000   1.161310E+001   3.483929E+000   8.267757E+000   8.129168E+000   1.385889E-001
   42801      17     1.140000     1.200000   1.143670E+001   3.434944E+000   1.139399E+001   3.418198E+000   8.001753E+000   7.975795E+000   2.595750E-002
   42801      18     1.200000     1.240000   8.097833E+000   7.937572E-001   4.087545E+000   1.226264E+000   7.304076E+000   2.861282E+000   4.442794E+000
   42801      19     1.240000     1.280000   7.733813E+000   2.137569E+000   7.465816E+000   2.239745E+000   5.596244E+000   5.226071E+000   3.701731E-001
   42801      20     1.280000     1.340000   1.109154E+001   2.089494E+000   8.897517E+000   2.669255E+000   9.002048E+000   6.228262E+000   2.773786E+000
   42801      21     1.340000     1.420000   1.012492E+001   2.723298E+000   9.649012E+000   2.894704E+000   7.401623E+000   6.754309E+000   6.473145E-001
   42801      22     1.420000     1.460000   4.444646E+000   2.742096E-001   1.533415E+000   4.600244E-001   4.170436E+000   1.073390E+000   3.097046E+000
   42801      23     1.460000     1.490000   3.316959E+000   4.621763E-001   2.263448E+000   6.790343E-001   2.854783E+000   1.584413E+000   1.270369E+000
   42801      24     1.490000     1.520000   3.416012E+000   7.239612E-001   2.915873E+000   8.747620E-001   2.692050E+000   2.041111E+000   6.509391E-001
   42801      25     1.520000     1.680000   2.089115E+001   1.383115E+000   7.831785E+000   2.349536E+000   1.950803E+001   5.482250E+000   1.402578E+001
   42801      26     1.680000     1.740000   7.400301E+000   1.971359E+000   7.089880E+000   2.126964E+000   5.428942E+000   4.962916E+000   4.660259E-001
   42801      27     1.740000     1.820000   6.859941E+000   1.938552E+000   6.712631E+000   2.013789E+000   4.921390E+000   4.698842E+000   2.225477E-001
   42801      28     1.820000     1.940000   7.844991E+000   1.286890E+000   5.675558E+000   1.702668E+000   6.558101E+000   3.972891E+000   2.585210E+000
   42801      29     1.940000     2.200000   1.524385E+001   4.585416E-001   2.629824E+000   7.889472E-001   1.478531E+001   1.840877E+000   1.294443E+001
   42801      30     2.200000     2.300000   5.897529E+000   1.631597E+000   5.731514E+000   1.719454E+000   4.265931E+000   4.012059E+000   2.538718E-001
   42801      31     2.300000     2.450000   6.412228E+000   1.915614E+000   6.401724E+000   1.920517E+000   4.496614E+000   4.481207E+000   1.540672E-002
   42801      32     2.450000     2.550000   2.808749E+000   5.630929E-001   2.378738E+000   7.136214E-001   2.245656E+000   1.665117E+000   5.805397E-001
   42801      33     2.550000     2.650000   2.466453E+000   1.473568E-001   9.578396E-001   2.873519E-001   2.319097E+000   6.704877E-001   1.648609E+000
   42801      34     2.650000     2.900000   5.107089E+000   1.380988E-005   1.032958E-003   3.098874E-004   5.107075E+000   7.230706E-004   5.106352E+000
   42801      35     2.900000     3.200000   4.829501E+000   3.878620E-001   2.539145E+000   7.617434E-001   4.441639E+000   1.777401E+000   2.664238E+000
   42801      36     3.200000     3.500000   4.479548E+000   1.299397E+000   4.427278E+000   1.328183E+000   3.180151E+000   3.099095E+000   8.105619E-002
   42801      37     3.500000     3.900000   5.317470E+000   7.568455E-001   3.369534E+000   1.010860E+000   4.560625E+000   2.358674E+000   2.201951E+000
   42801      38     3.900000     5.500000   8.889375E+000   6.556966E-002   4.914799E-001   1.474440E-001   8.823806E+000   3.440359E-001   8.479770E+000
   42801      39     5.500000     6.500000   2.171822E+000   6.432890E-001   2.162421E+000   6.487264E-001   1.528533E+000   1.513695E+000   1.483757E-002
   42801      40     6.500000     7.000000   6.459457E-001   4.630549E-002   3.699024E-001   1.109707E-001   5.996402E-001   2.589317E-001   3.407085E-001
   42801      41     7.000000     9.000000   1.525571E+000   3.205720E-002   2.570081E-001   7.710242E-002   1.493514E+000   1.799056E-001   1.313608E+000
   42801      42     9.000000    20.000000   1.633159E+000   2.796991E-002   2.308740E-001   6.926220E-002   1.605189E+000   1.616118E-001   1.443577E+000
   42901       1     0.200000     0.300000   5.582456E-006   3.540013E-006   2.917776E-006   8.753329E-007   2.042443E-006   2.042443E-006  -9.500342E-015
   42901       2     0.300000     0.345000   2.557270E-003   1.374824E-003   1.689209E-003   5.067628E-004   1.182447E-003   1.182447E-003  -8.478979E-013
   42901       3     0.345000     0.385000   2.512764E-003   1.152240E-003   1.943607E-003   5.830820E-004   1.360525E-003   1.360525E-003   3.397626E-012
   42901       4     0.385000     0.420000   1.293223E-002   5.311610E-003   1.088660E-002   3.265979E-003   7.620618E-003   7.620618E-003  -2.036490E-012
   42901       5     0.420000     0.450000   2.349464E-002   8.965829E-003   2.075544E-002   6.226633E-003   1.452881E-002   1.452881E-002  -8.679803E-012
   42901       6     0.450000     0.500000   1.310848E-001   4.710132E-002   1.199763E-001   3.599290E-002   8.398344E-002   8.398344E-002  -9.286294E-012
   42901       7     0.500000     0.550000   1.748537E-001   5.938044E-002   1.649618E-001   4.948854E-002   1.154733E-001   1.154733E-001  -1.180848E-011
   42901       8     0.550000     0.610000   2.295775E-001   7.513671E-002   2.206297E-001   6.618892E-002   1.544408E-001   1.544408E-001   3.838529E-011
   42901       9     0.610000     0.690000   5.693172E-001   1.805662E-001   5.553585E-001   1.666076E-001   3.887510E-001   3.887510E-001   5.999234E-011
   42901      10     0.690000     0.780000   2.472789E+000   7.671523E-001   2.436624E+000   7.309872E-001   1.705637E+000   1.705637E+000   5.404455E-011
   42901      11     0.780000     0.800000   1.063069E+000   3.229210E-001   1.046062E+000   3.138187E-001   7.401484E-001   7.322435E-001   7.904910E-003
   42901      12     0.800000     0.870000   5.878988E+000   1.800823E+000   5.823910E+000   1.747173E+000   4.078166E+000   4.076737E+000   1.428260E-003
   42901      13     0.870000     0.880000   8.736691E-001   2.597921E-001   8.574460E-001   2.572338E-001   6.138770E-001   6.002122E-001   1.366478E-002
   42901      14     0.880000     1.030000   2.249240E+001   6.829705E+000   2.237432E+001   6.712297E+000   1.566270E+001   1.566203E+001   6.727262E-004
   42901      15     1.030000     1.080000   9.248799E+000   2.418038E+000   8.564406E+000   2.569322E+000   6.830760E+000   5.995084E+000   8.356762E-001
   42901      16     1.080000     1.140000   1.173685E+001   3.469094E+000   1.161310E+001   3.483929E+000   8.267756E+000   8.129168E+000   1.385878E-001
   42901      17     1.140000     1.200000   1.143670E+001   3.434944E+000   1.139399E+001   3.418198E+000   8.001753E+000   7.975795E+000   2.595756E-002
   42901      18     1.200000     1.240000   8.097833E+000   7.939189E-001   4.087957E+000   1.226387E+000   7.303914E+000   2.861570E+000   4.442344E+000
   42901      19     1.240000     1.280000   7.733813E+000   2.137595E+000   7.465848E+000   2.239755E+000   5.596218E+000   5.226094E+000   3.701246E-001
   42901      20     1.280000     1.340000   1.109154E+001   2.089569E+000   8.897609E+000   2.669283E+000   9.001974E+000   6.228326E+000   2.773647E+000
   42901      21     1.340000     1.420000   1.012492E+001   2.723339E+000   9.649063E+000   2.894719E+000   7.401582E+000   6.754344E+000   6.472380E-001
   42901      22     1.420000     1.460000   4.444646E+000   2.742945E-001   1.533768E+000   4.601305E-001   4.170351E+000   1.073638E+000   3.096713E+000
   42901      23     1.460000     1.490000   3.316959E+000   4.622530E-001   2.263571E+000   6.790713E-001   2.854706E+000   1.584500E+000   1.270206E+000
   42901      24     1.490000     1.520000   3.416012E+000   7.240152E-001   2.915952E+000   8.747857E-001   2.691996E+000   2.041167E+000   6.508296E-001
   42901      25     1.520000     1.680000   2.089115E+001   1.383546E+000   7.833250E+000   2.349975E+000   1.950760E+001   5.483275E+000   1.402433E+001
   42901      26     1.680000     1.740000   7.400301E+000   1.971393E+000   7.089921E+000   2.126976E+000   5.428909E+000   4.962945E+000   4.659637E-001
   42901      27     1.740000     1.820000   6.859941E+000   1.938745E+000   6.712874E+000   2.013862E+000   4.921196E+000   4.699012E+000   2.221847E-001
   42901      28     1.820000     1.940000   7.844991E+000   1.287163E+000   5.676234E+000   1.702870E+000   6.557828E+000   3.973364E+000   2.584465E+000
   42901      29     1.940000     2.200000   1.524385E+001   4.587005E-001   2.630360E+000   7.891079E-001   1.478515E+001   1.841252E+000   1.294390E+001
   42901      30     2.200000     2.300000   5.897529E+000   1.631621E+000   5.731542E+000   1.719463E+000   4.265908E+000   4.012079E+000   2.538287E-001
   42901      31     2.300000     2.450000   6.412228E+000   1.915615E+000   6.401726E+000   1.920518E+000   4.496613E+000   4.481208E+000   1.540435E-002
   42901      32     2.450000     2.550000   2.808749E+000   5.632061E-001   2.378960E+000   7.136879E-001   2.245543E+000   1.665272E+000   5.802715E-001
   42901      33     2.550000     2.650000   2.466453E+000   1.473709E-001   9.579607E-001   2.873882E-001   2.319082E+000   6.705725E-001   1.648510E+000
   42901      34     2.650000     2.900000   5.107089E+000   1.381192E-005   1.040046E-003   3.120137E-004   5.107075E+000   7.280319E-004   5.106347E+000
   42901      35     2.900000     3.200000   4.829501E+000   3.880499E-001   2.539761E+000   7.619282E-001   4.441451E+000   1.777832E+000   2.663619E+000
   42901      36     3.200000     3.500000   4.479548E+000   1.299425E+000   4.427312E+000   1.328194E+000   3.180123E+000   3.099119E+000   8.100427E-002
   42901      37     3.500000     3.900000   5.317470E+000   7.568669E-001   3.369545E+000   1.010863E+000   4.560604E+000   2.358681E+000   2.201922E+000
   42901      38     3.900000     5.500000   8.889375E+000   6.561301E-002   4.917051E-001   1.475115E-001   8.823762E+000   3.441936E-001   8.479569E+000
   42901      39     5.500000     6.500000   2.171822E+000   6.432937E-001   2.162427E+000   6.487280E-001   1.528528E+000   1.513699E+000   1.482911E-002
   42901      40     6.500000     7.000000   6.459457E-001   4.629446E-002   3.698592E-001   1.109578E-001   5.996513E-001   2.589015E-001   3.407498E-001
   42901      41     7.000000     9.000000   1.525571E+000   3.206899E-002   2.570254E-001   7.710761E-002   1.493502E+000   1.799178E-001   1.313584E+000
   42901      42     9.000000    20.000000   1.633159E+000   2.803309E-002   2.311446E-001   6.934337E-002   1.605126E+000   1.618012E-001   1.443325E+000
   43001       1     0.200000     0.300000   5.582456E-006   3.540013E-006   2.917776E-006   8.753329E-007   2.042443E-006   2.042443E-006  -9.500342E-015
   43001       2     0.300000     0.345000   2.557270E-003   1.374824E-003   1.689209E-003   5.067628E-004   1.182447E-003   1.182447E-003  -8.478979E-013
   43001       3     0.345000     0.385000   2.512764E-003   1.152240E-003   1.943607E-003   5.830820E-004   1.360525E-003   1.360525E-003   3.397626E-012
   43001       4     0.385000     0.420000   1.293223E-002   5.311610E-003   1.088660E-002   3.265979E-003   7.620618E-003   7.620618E-003  -1.435277E-012
   43001       5     0.420000     0.450000   2.349464E-002   8.965829E-003   2.075544E-002   6.226633E-003   1.452881E-002   1.452881E-002  -1.013038E-011
   43001       6     0.450000     0.500000   1.310848E-001   4.710132E-002   1.199763E-001   3.599290E-002   8.398344E-002   8.398344E-002  -1.322717E-011
   43001       7     0.500000     0.550000   1.748537E-001   5.938044E-002   1.649618E-001   4.948854E-002   1.154733E-001   1.154733E-001  -1.743154E-011
   43001       8     0.550000     0.610000   2.295775E-001   7.513671E-002   2.206297E-001   6.618892E-002   1.544408E-001   1.544408E-001   1.650657E-011
   43001       9     0.610000     0.690000   5.693172E-001   1.805662E-001   5.553585E-001   1.666076E-001   3.887510E-001   3.887510E-001   4.827505E-011
   43001      10     0.690000     0.780000   2.472789E+000   7.671523E-001   2.436624E+000   7.309872E-001   1.705637E+000   1.705637E+000   1.077227E-010
   43001      11     0.780000     0.800000   1.063069E+000   3.229210E-001   1.046062E+000   3.138187E-001   7.401484E-001   7.322436E-001   7.904857E-003
   43001      12     0.800000     0.870000   5.878988E+000   1.800823E+000   5.823910E+000   1.747173E+000   4.078166E+000   4.076737E+000   1.428333E-003
   43001      13     0.870000     0.880000   8.736691E-001   2.597928E-001   8.574467E-001   2.572340E-001   6.138763E-001   6.002127E-001   1.366361E-002
   43001      14     0.880000     1.030000   2.249240E+001   6.829705E+000   2.237432E+001   6.712297E+000   1.566270E+001   1.566203E+001   6.726346E-004
   43001      15     1.030000     1.080000   9.248799E+000   2.418052E+000   8.564414E+000   2.569324E+000   6.830747E+000   5.995090E+000   8.356569E-001
   43001      16     1.080000     1.140000   1.173685E+001   3.469094E+000   1.161310E+001   3.483929E+000   8.267755E+000   8.129169E+000   1.385867E-001
   43001      17     1.140000     1.200000   1.143670E+001   3.434944E+000   1.139399E+001   3.418198E+000   8.001753E+000   7.975795E+000   2.595762E-002
   43001      18     1.200000     1.240000   8.097833E+000   7.940796E-001   4.088366E+000   1.226510E+000   7.303753E+000   2.861856E+000   4.441897E+000
   43001      19     1.240000     1.280000   7.733813E+000   2.137620E+000   7.465881E+000   2.239764E+000   5.596193E+000   5.226117E+000   3.700764E-001
   43001      20     1.280000     1.340000   1.109154E+001   2.089643E+000   8.897700E+000   2.669310E+000   9.001899E+000   6.228390E+000   2.773509E+000
   43001      21     1.340000     1.420000   1.012492E+001   2.723380E+000   9.649113E+000   2.894734E+000   7.401541E+000   6.754379E+000   6.471621E-001
   43001      22     1.420000     1.460000   4.444646E+000   2.743788E-001   1.534120E+000   4.602360E-001   4.170267E+000   1.073884E+000   3.096383E+000
   43001      23     1.460000     1.490000   3.316959E+000   4.623292E-001   2.263694E+000   6.791081E-001   2.854630E+000   1.584586E+000   1.270044E+000
   43001      24     1.490000     1.520000   3.416012E+000   7.240689E-001   2.916031E+000   8.748093E-001   2.691943E+000   2.041222E+000   6.507209E-001
   43001      25     1.520000     1.680000   2.089115E+001   1.383974E+000   7.834706E+000   2.350412E+000   1.950717E+001   5.484294E+000   1.402288E+001
   43001      26     1.680000     1.740000   7.400301E+000   1.971426E+000   7.089962E+000   2.126989E+000   5.428875E+000   4.962973E+000   4.659020E-001
   43001      27     1.740000     1.820000   6.859941E+000   1.938937E+000   6.713115E+000   2.013934E+000   4.921004E+000   4.699180E+000   2.218241E-001
   43001      28     1.820000     1.940000   7.844991E+000   1.287433E+000   5.676905E+000   1.703071E+000   6.557558E+000   3.973833E+000   2.583724E+000
   43001      29     1.940000     2.200000   1.524385E+001   4.588584E-001   2.630892E+000   7.892676E-001   1.478499E+001   1.841624E+000   1.294337E+001
   43001      30     2.200000     2.300000   5.897529E+000   1.631644E+000   5.731570E+000   1.719471E+000   4.265885E+000   4.012099E+000   2.537859E-001
   43001      31     2.300000     2.450000   6.412228E+000   1.915617E+000   6.401727E+000   1.920518E+000   4.496611E+000   4.481209E+000   1.540200E-002
   43001      32     2.450000     2.550000   2.808749E+000   5.633185E-001   2.379180E+000   7.137539E-001   2.245431E+000   1.665426E+000   5.800050E-001
   43001      33     2.550000     2.650000   2.466453E+000   1.473848E-001   9.580810E-001   2.874243E-001   2.319069E+000   6.706567E-001   1.648412E+000
   43001      34     2.650000     2.900000   5.107089E+000   1.381395E-005   1.047132E-003   3.141397E-004   5.107075E+000   7.329927E-004   5.106342E+000
   43001      35     2.900000     3.200000   4.829501E+000   3.882366E-001   2.540373E+000   7.621118E-001   4.441264E+000   1.778261E+000   2.663003E+000
   43001      36     3.200000     3.500000   4.479548E+000   1.299453E+000   4.427346E+000   1.328204E+000   3.180095E+000   3.099142E+000   8.095270E-002
   43001      37     3.500000     3.900000   5.317470E+000   7.568882E-001   3.369556E+000   1.010867E+000   4.560582E+000   2.358689E+000   2.201893E+000
   43001      38     3.900000     5.500000   8.889375E+000   6.565611E-002   4.919289E-001   1.475787E-001   8.823719E+000   3.443502E-001   8.479369E+000
   43001      39     5.500000     6.500000   2.171822E+000   6.432984E-001   2.162432E+000   6.487296E-001   1.528523E+000   1.513702E+000   1.482072E-002
   43001      40     6.500000     7.000000   6.459457E-001   4.628351E-002   3.698163E-001   1.109449E-001   5.996622E-001   2.588714E-001   3.407908E-001
   43001      41     7.000000     9.000000   1.525571E+000   3.208070E-002   2.570426E-001   7.711278E-002   1.493490E+000   1.799298E-001   1.313561E+000
   43001      42     9.000000    20.000000   1.633159E+000   2.809604E-002   2.314139E-001   6.942418E-002   1.605063E+000   1.619897E-001   1.443073E+000
   43101       1     0.200000     0.300000   5.582456E-006   3.540013E-006   2.917776E-006   8.753329E-007   2.042443E-006   2.042443E-006  -9.500342E-015
   43101       2     0.300000     0.345000   2.557270E-003   1.374824E-003   1.689209E-003   5.067628E-004   1.182447E-003   1.182447E-003  -8.478979E-013
   43101       3     0.345000     0.385000   2.512764E-003   1.152240E-003   1.943607E-003   5.830820E-004   1.360525E-003   1.360525E-003   3.397626E-012
   43101       4     0.385000     0.420000   1.293223E-002   5.311610E-003   1.088660E-002   3.265979E-003   7.620618E-003   7.620618E-003  -9.046453E-013
   43101       5     0.420000     0.450000   2.349464E-002   8.965829E-003   2.075544E-002   6.226633E-003   1.452881E-002   1.452881E-002  -8.344525E-012
   43101       6     0.450000     0.500000   1.310848E-001   4.710132E-002   1.199763E-001   3.599290E-002   8.398344E-002   8.398344E-002  -4.832579E-012
   43101       7     0.500000     0.550000   1.748537E-001   5.938044E-002   1.649618E-001   4.948854E-002   1.154733E-001   1.154733E-001  -2.163811E-011
   43101       8     0.550000     0.610000   2.295775E-001   7.513671E-002   2.206297E-001   6.618892E-002   1.544408E-001   1.544408E-001  -5.003414E-012
   43101       9     0.610000     0.690000   5.693172E-001   1.805662E-001   5.553585E-001   1.666076E-001   3.887510E-001   3.887510E-001   5.113243E-011
   43101      10     0.690000     0.780000   2.472789E+000   7.671523E-001   2.436624E+000   7.309872E-001   1.705637E+000   1.705637E+000   6.587730E-011
   43101      11     0.780000     0.800000   1.063069E+000   3.229210E-001   1.046062E+000   3.138187E-001   7.401484E-001   7.322436E-001   7.904804E-003
   43101      12     0.800000     0.870000   5.878988E+000   1.800823E+000   5.823910E+000   1.747173E+000   4.078166E+000   4.076737E+000   1.428406E-003
   43101      13     0.870000     0.880000   8.736691E-001   2.597934E-001   8.574474E-001   2.572342E-001   6.138757E-001   6.002132E-001   1.366245E-002
   43101      14     0.880000     1.030000   2.249240E+001   6.829705E+000   2.237432E+001   6.712297E+000   1.566270E+001   1.566203E+001   6.725439E-004
   43101      15     1.030000     1.080000   9.248799E+000   2.418065E+000   8.564422E+000   2.569327E+000   6.830734E+000   5.995096E+000   8.356379E-001
   43101      16     1.080000     1.140000   1.173685E+001   3.469095E+000   1.161310E+001   3.483930E+000   8.267755E+000   8.129169E+000   1.385856E-001
   43101      17     1.140000     1.200000   1.143670E+001   3.434944E+000   1.139399E+001   3.418198E+000   8.001753E+000   7.975795E+000   2.595768E-002
   43101      18     1.200000     1.240000   8.097833E+000   7.942392E-001   4.088772E+000   1.226632E+000   7.303594E+000   2.862140E+000   4.441453E+000
   43101      19     1.240000     1.280000   7.733813E+000   2.137646E+000   7.465913E+000   2.239774E+000   5.596168E+000   5.226139E+000   3.700286E-001
   43101      20     1.280000     1.340000   1.109154E+001   2.089717E+000   8.897790E+000   2.669337E+000   9.001826E+000   6.228453E+000   2.773372E+000
   43101      21     1.340000     1.420000   1.012492E+001   2.723420E+000   9.649163E+000   2.894749E+000   7.401500E+000   6.754414E+000   6.470867E-001
   43101      22     1.420000     1.460000   4.444646E+000   2.744626E-001   1.534469E+000   4.603406E-001   4.170183E+000   1.074128E+000   3.096055E+000
   43101      23     1.460000     1.490000   3.316959E+000   4.624047E-001   2.263815E+000   6.791445E-001   2.854554E+000   1.584671E+000   1.269884E+000
   43101      24     1.490000     1.520000   3.416012E+000   7.241221E-001   2.916109E+000   8.748328E-001   2.691890E+000   2.041276E+000   6.506130E-001
   43101      25     1.520000     1.680000   2.089115E+001   1.384399E+000   7.836152E+000   2.350845E+000   1.950675E+001   5.485306E+000   1.402144E+001
   43101      26     1.680000     1.740000   7.400301E+000   1.971459E+000   7.090002E+000   2.127001E+000   5.428842E+000   4.963001E+000   4.658407E-001
   43101      27     1.740000     1.820000   6.859941E+000   1.939127E+000   6.713353E+000   2.014006E+000   4.920814E+000   4.699347E+000   2.214668E-001
   43101      28     1.820000     1.940000   7.844991E+000   1.287702E+000   5.677571E+000   1.703271E+000   6.557289E+000   3.974300E+000   2.582989E+000
   43101      29     1.940000     2.200000   1.524385E+001   4.590152E-001   2.631420E+000   7.894261E-001   1.478483E+001   1.841994E+000   1.294284E+001
   43101      30     2.200000     2.300000   5.897529E+000   1.631667E+000   5.731598E+000   1.719479E+000   4.265862E+000   4.012118E+000   2.537435E-001
   43101      31     2.300000     2.450000   6.412228E+000   1.915618E+000   6.401729E+000   1.920519E+000   4.496610E+000   4.481210E+000   1.539967E-002
   43101      32     2.450000     2.550000   2.808749E+000   5.634301E-001   2.379398E+000   7.138193E-001   2.245319E+000   1.665578E+000   5.797407E-001
   43101      33     2.550000     2.650000   2.466453E+000   1.473985E-001   9.582001E-001   2.874600E-001   2.319055E+000   6.707400E-001   1.648315E+000
   43101      34     2.650000     2.900000   5.107089E+000   1.381598E-005   1.054203E-003   3.162609E-004   5.107075E+000   7.379420E-004   5.106337E+000
   43101      35     2.900000     3.200000   4.829501E+000   3.884220E-001   2.540980E+000   7.622940E-001   4.441079E+000   1.778686E+000   2.662393E+000
   43101      36     3.200000     3.500000   4.479548E+000   1.299481E+000   4.427380E+000   1.328214E+000   3.180067E+000   3.099166E+000   8.090158E-002
   43101      37     3.500000     3.900000   5.317470E+000   7.569093E-001   3.369566E+000   1.010870E+000   4.560561E+000   2.358696E+000   2.201865E+000
   43101      38     3.900000     5.500000   8.889375E+000   6.569893E-002   4.921514E-001   1.476454E-001   8.823676E+000   3.445060E-001   8.479170E+000
   43101      39     5.500000     6.500000   2.171822E+000   6.433031E-001   2.162437E+000   6.487312E-001   1.528519E+000   1.513706E+000   1.481241E-002
   43101      40     6.500000     7.000000   6.459457E-001   4.627262E-002   3.697737E-001   1.109321E-001   5.996731E-001   2.588416E-001   3.408315E-001
   43101      41     7.000000     9.000000   1.525571E+000   3.209232E-002   2.570597E-001   7.711791E-002   1.493479E+000   1.799418E-001   1.313537E+000
   43101      42     9.000000    20.000000   1.633159E+000   2.815842E-002   2.316806E-001   6.950418E-002   1.605000E+000   1.621764E-001   1.442824E+000
   43201       1     0.200000     0.300000   5.582456E-006   3.540013E-006   2.917776E-006   8.753329E-007   2.042443E-006   2.042443E-006  -9.500342E-015
   43201       2     0.300000     0.345000   2.557270E-003   1.374824E-003   1.689209E-003   5.067628E-004   1.182447E-003   1.182447E-003  -8.478979E-013
   43201       3     0.345000     0.385000   2.512764E-003   1.152240E-003   1.943607E-003   5.830820E-004   1.360525E-003   1.360525E-003   3.397626E-012
   43201       4     0.385000     0.420000   1.293223E-002   5.311610E-003   1.088660E-002   3.265979E-003   7.620618E-003   7.620618E-003  -9.046453E-013
   43201       5     0.420000     0.450000   2.349464E-002   8.965829E-003   2.075544E-002   6.226633E-003   1.452881E-002   1.452881E-002  -8.766916E-012
   43201       6     0.450000     0.500000   1.310848E-001   4.710132E-002   1.199763E-001   3.599290E-002   8.398344E-002   8.398344E-002  -7.138790E-012
   43201       7     0.500000     0.550000   1.748537E-001   5.938044E-002   1.649618E-001   4.948854E-002   1.154733E-001   1.154733E-001  -2.694620E-011
   43201       8     0.550000     0.610000   2.295775E-001   7.513671E-002   2.206297E-001   6.618892E-002   1.544408E-001   1.544408E-001   1.136968E-011
   43201       9     0.610000     0.690000   5.693172E-001   1.805662E-001   5.553585E-001   1.666076E-001   3.887510E-001   3.887510E-001   5.725054E-011
   43201      10     0.690000     0.780000   2.472789E+000   7.671523E-001   2.436624E+000   7.309872E-001   1.705637E+000   1.705637E+000   5.086642E-011
   43201      11     0.780000     0.800000   1.063069E+000   3.229210E-001   1.046062E+000   3.138187E-001   7.401484E-001   7.322436E-001   7.904752E-003
   43201      12     0.800000     0.870000   5.878988E+000   1.800823E+000   5.823910E+000   1.747173E+000   4.078166E+000   4.076737E+000   1.428478E-003
   43201      13     0.870000     0.880000   8.736691E-001   2.597940E-001   8.574482E-001   2.572345E-001   6.138750E-001   6.002137E-001   1.366130E-002
   43201      14     0.880000     1.030000   2.249240E+001   6.829705E+000   2.237432E+001   6.712297E+000   1.566270E+001   1.566203E+001   6.724542E-004
   43201      15     1.030000     1.080000   9.248799E+000   2.418078E+000   8.564430E+000   2.569329E+000   6.830720E+000   5.995101E+000   8.356190E-001
   43201      16     1.080000     1.140000   1.173685E+001   3.469096E+000   1.161310E+001   3.483930E+000   8.267754E+000   8.129170E+000   1.385845E-001
   43201      17     1.140000     1.200000   1.143670E+001   3.434944E+000   1.139399E+001   3.418198E+000   8.001753E+000   7.975795E+000   2.595775E-002
   43201      18     1.200000     1.240000   8.097833E+000   7.943977E-001   4.089175E+000   1.226753E+000   7.303435E+000   2.862423E+000   4.441012E+000
   43201      19     1.240000     1.280000   7.733813E+000   2.137671E+000   7.465945E+000   2.239783E+000   5.596143E+000   5.226161E+000   3.699812E-001
   43201      20     1.280000     1.340000   1.109154E+001   2.089790E+000   8.897880E+000   2.669364E+000   9.001752E+000   6.228516E+000   2.773236E+000
   43201      21     1.340000     1.420000   1.012492E+001   2.723461E+000   9.649212E+000   2.894764E+000   7.401460E+000   6.754448E+000   6.470120E-001
   43201      22     1.420000     1.460000   4.444646E+000   2.745458E-001   1.534815E+000   4.604444E-001   4.170100E+000   1.074370E+000   3.095730E+000
   43201      23     1.460000     1.490000   3.316959E+000   4.624794E-001   2.263935E+000   6.791806E-001   2.854480E+000   1.584755E+000   1.269725E+000
   43201      24     1.490000     1.520000   3.416012E+000   7.241748E-001   2.916187E+000   8.748560E-001   2.691837E+000   2.041331E+000   6.505061E-001
   43201      25     1.520000     1.680000   2.089115E+001   1.384820E+000   7.837587E+000   2.351276E+000   1.950633E+001   5.486311E+000   1.402002E+001
   43201      26     1.680000     1.740000   7.400301E+000   1.971492E+000   7.090042E+000   2.127013E+000   5.428810E+000   4.963029E+000   4.657801E-001
   43201      27     1.740000     1.820000   6.859941E+000   1.939315E+000   6.713589E+000   2.014077E+000   4.920626E+000   4.699513E+000   2.211137E-001
   43201      28     1.820000     1.940000   7.844991E+000   1.287968E+000   5.678231E+000   1.703469E+000   6.557023E+000   3.974762E+000   2.582261E+000
   43201      29     1.940000     2.200000   1.524385E+001   4.591708E-001   2.631945E+000   7.895834E-001   1.478468E+001   1.842361E+000   1.294232E+001
   43201      30     2.200000     2.300000   5.897529E+000   1.631690E+000   5.731625E+000   1.719488E+000   4.265839E+000   4.012138E+000   2.537014E-001
   43201      31     2.300000     2.450000   6.412228E+000   1.915619E+000   6.401730E+000   1.920519E+000   4.496609E+000   4.481211E+000   1.539736E-002
   43201      32     2.450000     2.550000   2.808749E+000   5.635406E-001   2.379614E+000   7.138842E-001   2.245209E+000   1.665730E+000   5.794788E-001
   43201      33     2.550000     2.650000   2.466453E+000   1.474116E-001   9.583172E-001   2.874952E-001   2.319042E+000   6.708221E-001   1.648220E+000
   43201      34     2.650000     2.900000   5.107089E+000   1.381800E-005   1.061245E-003   3.183735E-004   5.107075E+000   7.428714E-004   5.106332E+000
   43201      35     2.900000     3.200000   4.829501E+000   3.886060E-001   2.541583E+000   7.624748E-001   4.440895E+000   1.779108E+000   2.661787E+000
   43201      36     3.200000     3.500000   4.479548E+000   1.299508E+000   4.427413E+000   1.328224E+000   3.180040E+000   3.099189E+000   8.085096E-002
   43201      37     3.500000     3.900000   5.317470E+000   7.569302E-001   3.369577E+000   1.010873E+000   4.560540E+000   2.358704E+000   2.201836E+000
   43201      38     3.900000     5.500000   8.889375E+000   6.574146E-002   4.923729E-001   1.477119E-001   8.823634E+000   3.446610E-001   8.478973E+000
   43201      39     5.500000     6.500000   2.171822E+000   6.433077E-001   2.162442E+000   6.487327E-001   1.528514E+000   1.513710E+000   1.480423E-002
   43201      40     6.500000     7.000000   6.459457E-001   4.626181E-002   3.697313E-001   1.109194E-001   5.996839E-001   2.588119E-001   3.408720E-001
   43201      41     7.000000     9.000000   1.525571E+000   3.210386E-002   2.570767E-001   7.712301E-002   1.493467E+000   1.799537E-001   1.313514E+000
   43201      42     9.000000    20.000000   1.633159E+000   2.821986E-002   2.319432E-001   6.958297E-002   1.604939E+000   1.623603E-001   1.442579E+000
   43301       1     0.200000     0.300000   5.582456E-006   3.540013E-006   2.917776E-006   8.753329E-007   2.042443E-006   2.042443E-006  -9.500342E-015
   43301       2     0.300000     0.345000   2.557270E-003   1.374824E-003   1.689209E-003   5.067628E-004   1.182447E-003   1.182447E-003  -8.478979E-013
   43301       3     0.345000     0.385000   2.512764E-003   1.152240E-003   1.943607E-003   5.830820E-004   1.360525E-003   1.360525E-003   3.397626E-012
   43301       4     0.385000     0.420000   1.293223E-002   5.311610E-003   1.088660E-002   3.265979E-003   7.620618E-003   7.620618E-003  -9.046453E-013
   43301       5     0.420000     0.450000   2.349464E-002   8.965829E-003   2.075544E-002   6.226633E-003   1.452881E-002   1.452881E-002  -8.916324E-012
   43301       6     0.450000     0.500000   1.310848E-001   4.710132E-002   1.199763E-001   3.599290E-002   8.398344E-002   8.398344E-002  -1.091084E-011
   43301       7     0.500000     0.550000   1.748537E-001   5.938044E-002   1.649618E-001   4.948854E-002   1.154733E-001   1.154733E-001  -3.233738E-011
   43301       8     0.550000     0.610000   2.295775E-001   7.513671E-002   2.206297E-001   6.618892E-002   1.544408E-001   1.544408E-001  -1.129957E-012
   43301       9     0.610000     0.690000   5.693172E-001   1.805662E-001   5.553585E-001   1.666076E-001   3.887510E-001   3.887510E-001   4.335921E-011
   43301      10     0.690000     0.780000   2.472789E+000   7.671523E-001   2.436624E+000   7.309872E-001   1.705637E+000   1.705637E+000  -2.898126E-012
   43301      11     0.780000     0.800000   1.063069E+000   3.229211E-001   1.046062E+000   3.138187E-001   7.401483E-001   7.322436E-001   7.904700E-003
   43301      12     0.800000     0.870000   5.878988E+000   1.800823E+000   5.823910E+000   1.747173E+000   4.078166E+000   4.076737E+000   1.428550E-003
   43301      13     0.870000     0.880000   8.736691E-001   2.597947E-001   8.574489E-001   2.572347E-001   6.138744E-001   6.002142E-001   1.366015E-002
   43301      14     0.880000     1.030000   2.249240E+001   6.829705E+000   2.237432E+001   6.712297E+000   1.566270E+001   1.566203E+001   6.723650E-004
   43301      15     1.030000     1.080000   9.248799E+000   2.418092E+000   8.564438E+000   2.569331E+000   6.830707E+000   5.995107E+000   8.356003E-001
   43301      16     1.080000     1.140000   1.173685E+001   3.469096E+000   1.161310E+001   3.483930E+000   8.267754E+000   8.129170E+000   1.385835E-001
   43301      17     1.140000     1.200000   1.143670E+001   3.434944E+000   1.139399E+001   3.418198E+000   8.001753E+000   7.975795E+000   2.595783E-002
   43301      18     1.200000     1.240000   8.097833E+000   7.945554E-001   4.089577E+000   1.226873E+000   7.303277E+000   2.862704E+000   4.440574E+000
   43301      19     1.240000     1.280000   7.733813E+000   2.137696E+000   7.465977E+000   2.239793E+000   5.596118E+000   5.226184E+000   3.699341E-001
   43301      20     1.280000     1.340000   1.109154E+001   2.089863E+000   8.897969E+000   2.669391E+000   9.001680E+000   6.228578E+000   2.773101E+000
   43301      21     1.340000     1.420000   1.012492E+001   2.723501E+000   9.649261E+000   2.894778E+000   7.401420E+000   6.754483E+000   6.469377E-001
   43301      22     1.420000     1.460000   4.444646E+000   2.746285E-001   1.535159E+000   4.605477E-001   4.170017E+000   1.074611E+000   3.095406E+000
   43301      23     1.460000     1.490000   3.316959E+000   4.625537E-001   2.264055E+000   6.792164E-001   2.854405E+000   1.584838E+000   1.269567E+000
   43301      24     1.490000     1.520000   3.416012E+000   7.242272E-001   2.916264E+000   8.748791E-001   2.691784E+000   2.041385E+000   6.503998E-001
   43301      25     1.520000     1.680000   2.089115E+001   1.385240E+000   7.839015E+000   2.351705E+000   1.950591E+001   5.487311E+000   1.401860E+001
   43301      26     1.680000     1.740000   7.400301E+000   1.971524E+000   7.090082E+000   2.127025E+000   5.428777E+000   4.963057E+000   4.657198E-001
   43301      27     1.740000     1.820000   6.859941E+000   1.939502E+000   6.713824E+000   2.014147E+000   4.920439E+000   4.699677E+000   2.207625E-001
   43301      28     1.820000     1.940000   7.844991E+000   1.288233E+000   5.678888E+000   1.703666E+000   6.556758E+000   3.975222E+000   2.581536E+000
   43301      29     1.940000     2.200000   1.524385E+001   4.593256E-001   2.632466E+000   7.897398E-001   1.478452E+001   1.842726E+000   1.294180E+001
   43301      30     2.200000     2.300000   5.897529E+000   1.631712E+000   5.731653E+000   1.719496E+000   4.265816E+000   4.012157E+000   2.536595E-001
   43301      31     2.300000     2.450000   6.412228E+000   1.915621E+000   6.401732E+000   1.920520E+000   4.496607E+000   4.481212E+000   1.539507E-002
   43301      32     2.450000     2.550000   2.808749E+000   5.636505E-001   2.379829E+000   7.139487E-001   2.245099E+000   1.665880E+000   5.792184E-001
   43301      33     2.550000     2.650000   2.466453E+000   1.474247E-001   9.584338E-001   2.875301E-001   2.319029E+000   6.709037E-001   1.648125E+000
   43301      34     2.650000     2.900000   5.107089E+000   1.382002E-005   1.068293E-003   3.204878E-004   5.107075E+000   7.478048E-004   5.106328E+000
   43301      35     2.900000     3.200000   4.829501E+000   3.887890E-001   2.542182E+000   7.626546E-001   4.440712E+000   1.779527E+000   2.661184E+000
   43301      36     3.200000     3.500000   4.479548E+000   1.299535E+000   4.427446E+000   1.328234E+000   3.180013E+000   3.099212E+000   8.080063E-002
   43301      37     3.500000     3.900000   5.317470E+000   7.569510E-001   3.369588E+000   1.010876E+000   4.560519E+000   2.358711E+000   2.201808E+000
   43301      38     3.900000     5.500000   8.889375E+000   6.578379E-002   4.925932E-001   1.477779E-001   8.823591E+000   3.448152E-001   8.478776E+000
   43301      39     5.500000     6.500000   2.171822E+000   6.433122E-001   2.162448E+000   6.487343E-001   1.528509E+000   1.513713E+000   1.479610E-002
   43301      40     6.500000     7.000000   6.459457E-001   4.625105E-002   3.696891E-001   1.109067E-001   5.996947E-001   2.587824E-001   3.409123E-001
   43301      41     7.000000     9.000000   1.525571E+000   3.211532E-002   2.570936E-001   7.712809E-002   1.493456E+000   1.799655E-001   1.313490E+000
   43301      42     9.000000    20.000000   1.633159E+000   2.828114E-002   2.322049E-001   6.966148E-002   1.604878E+000   1.625435E-001   1.442334E+000
   43401       1     0.200000     0.300000   5.582456E-006   3.540013E-006   2.917776E-006   8.753329E-007   2.042443E-006   2.042443E-006  -9.500342E-015
   43401       2     0.300000     0.345000   2.557270E-003   1.374824E-003   1.689209E-003   5.067628E-004   1.182447E-003   1.182447E-003  -8.478979E-013
   43401       3     0.345000     0.385000   2.512764E-003   1.152240E-003   1.943607E-003   5.830820E-004   1.360525E-003   1.360525E-003   3.397626E-012
   43401       4     0.385000     0.420000   1.293223E-002   5.311610E-003   1.088660E-002   3.265979E-003   7.620618E-003   7.620618E-003  -9.046453E-013
   43401       5     0.420000     0.450000   2.349464E-002   8.965829E-003   2.075544E-002   6.226633E-003   1.452881E-002   1.452881E-002  -8.159940E-012
   43401       6     0.450000     0.500000   1.310848E-001   4.710132E-002   1.199763E-001   3.599290E-002   8.398344E-002   8.398344E-002  -1.365512E-011
   43401       7     0.500000     0.550000   1.748537E-001   5.938044E-002   1.649618E-001   4.948854E-002   1.154733E-001   1.154733E-001  -1.316959E-011
   43401       8     0.550000     0.610000   2.295775E-001   7.513671E-002   2.206297E-001   6.618892E-002   1.544408E-001   1.544408E-001   1.472303E-011
   43401       9     0.610000     0.690000   5.693172E-001   1.805662E-001   5.553585E-001   1.666076E-001   3.887510E-001   3.887510E-001   5.051276E-011
   43401      10     0.690000     0.780000   2.472789E+000   7.671523E-001   2.436624E+000   7.309872E-001   1.705637E+000   1.705637E+000   5.550138E-011
   43401      11     0.780000     0.800000   1.063069E+000   3.229211E-001   1.046062E+000   3.138187E-001   7.401483E-001   7.322437E-001   7.904648E-003
   43401      12     0.800000     0.870000   5.878988E+000   1.800823E+000   5.823910E+000   1.747173E+000   4.078166E+000   4.076737E+000   1.428621E-003
   43401      13     0.870000     0.880000   8.736691E-001   2.597953E-001   8.574496E-001   2.572349E-001   6.138737E-001   6.002147E-001   1.365901E-002
   43401      14     0.880000     1.030000   2.249240E+001   6.829705E+000   2.237432E+001   6.712297E+000   1.566270E+001   1.566203E+001   6.722764E-004
   43401      15     1.030000     1.080000   9.248799E+000   2.418105E+000   8.564446E+000   2.569334E+000   6.830694E+000   5.995112E+000   8.355816E-001
   43401      16     1.080000     1.140000   1.173685E+001   3.469097E+000   1.161310E+001   3.483930E+000   8.267753E+000   8.129171E+000   1.385824E-001
   43401      17     1.140000     1.200000   1.143670E+001   3.434944E+000   1.139399E+001   3.418198E+000   8.001753E+000   7.975795E+000   2.595790E-002
   43401      18     1.200000     1.240000   8.097833E+000   7.947122E-001   4.089975E+000   1.226993E+000   7.303121E+000   2.862983E+000   4.440138E+000
   43401      19     1.240000     1.280000   7.733813E+000   2.137720E+000   7.466008E+000   2.239802E+000   5.596093E+000   5.226206E+000   3.698874E-001
   43401      20     1.280000     1.340000   1.109154E+001   2.089936E+000   8.898058E+000   2.669417E+000   9.001607E+000   6.228640E+000   2.772967E+000
   43401      21     1.340000     1.420000   1.012492E+001   2.723540E+000   9.649310E+000   2.894793E+000   7.401381E+000   6.754517E+000   6.468639E-001
   43401      22     1.420000     1.460000   4.444646E+000   2.747109E-001   1.535502E+000   4.606505E-001   4.169935E+000   1.074851E+000   3.095084E+000
   43401      23     1.460000     1.490000   3.316959E+000   4.626275E-001   2.264174E+000   6.792521E-001   2.854331E+000   1.584921E+000   1.269410E+000
   43401      24     1.490000     1.520000   3.416012E+000   7.242793E-001   2.916340E+000   8.749020E-001   2.691732E+000   2.041438E+000   6.502942E-001
   43401      25     1.520000     1.680000   2.089115E+001   1.385658E+000   7.840435E+000   2.352130E+000   1.950549E+001   5.488304E+000   1.401719E+001
   43401      26     1.680000     1.740000   7.400301E+000   1.971557E+000   7.090121E+000   2.127036E+000   5.428745E+000   4.963085E+000   4.656599E-001
   43401      27     1.740000     1.820000   6.859941E+000   1.939688E+000   6.714057E+000   2.014217E+000   4.920253E+000   4.699840E+000   2.204134E-001
   43401      28     1.820000     1.940000   7.844991E+000   1.288497E+000   5.679542E+000   1.703863E+000   6.556494E+000   3.975679E+000   2.580815E+000
   43401      29     1.940000     2.200000   1.524385E+001   4.594795E-001   2.632984E+000   7.898953E-001   1.478437E+001   1.843089E+000   1.294128E+001
   43401      30     2.200000     2.300000   5.897529E+000   1.631735E+000   5.731680E+000   1.719504E+000   4.265794E+000   4.012176E+000   2.536179E-001
   43401      31     2.300000     2.450000   6.412228E+000   1.915622E+000   6.401733E+000   1.920520E+000   4.496606E+000   4.481213E+000   1.539278E-002
   43401      32     2.450000     2.550000   2.808749E+000   5.637599E-001   2.380043E+000   7.140129E-001   2.244989E+000   1.666030E+000   5.789594E-001
   43401      33     2.550000     2.650000   2.466453E+000   1.474377E-001   9.585498E-001   2.875649E-001   2.319016E+000   6.709849E-001   1.648031E+000
   43401      34     2.650000     2.900000   5.107089E+000   1.382203E-005   1.075345E-003   3.226036E-004   5.107075E+000   7.527417E-004   5.106323E+000
   43401      35     2.900000     3.200000   4.829501E+000   3.889711E-001   2.542778E+000   7.628335E-001   4.440530E+000   1.779945E+000   2.660585E+000
   43401      36     3.200000     3.500000   4.479548E+000   1.299562E+000   4.427479E+000   1.328244E+000   3.179986E+000   3.099235E+000   8.075060E-002
   43401      37     3.500000     3.900000   5.317470E+000   7.569717E-001   3.369598E+000   1.010879E+000   4.560499E+000   2.358719E+000   2.201780E+000
   43401      38     3.900000     5.500000   8.889375E+000   6.582593E-002   4.928123E-001   1.478437E-001   8.823549E+000   3.449686E-001   8.478581E+000
   43401      39     5.500000     6.500000   2.171822E+000   6.433167E-001   2.162453E+000   6.487358E-001   1.528505E+000   1.513717E+000   1.478804E-002
   43401      40     6.500000     7.000000   6.459457E-001   4.624032E-002   3.696471E-001   1.108941E-001   5.997054E-001   2.587530E-001   3.409524E-001
   43401      41     7.000000     9.000000   1.525571E+000   3.212672E-002   2.571105E-001   7.713316E-002   1.493444E+000   1.799774E-001   1.313467E+000
   43401      42     9.000000    20.000000   1.633159E+000   2.834226E-002   2.324657E-001   6.973972E-002   1.604817E+000   1.627260E-001   1.442091E+000
   43501       1     0.200000     0.300000   5.582456E-006   3.540013E-006   2.917776E-006   8.753329E-007   2.042443E-006   2.042443E-006  -9.500342E-015
   43501       2     0.300000     0.345000   2.557270E-003   1.374824E-003   1.689209E-003   5.067628E-004   1.182447E-003   1.182447E-003  -8.478979E-013
   43501       3     0.345000     0.385000   2.512764E-003   1.152240E-003   1.943607E-003   5.830820E-004   1.360525E-003   1.360525E-003   3.397626E-012
   43501       4     0.385000     0.420000   1.293223E-002   5.311610E-003   1.088660E-002   3.265979E-003   7.620618E-003   7.620618E-003  -7.394727E-013
   43501       5     0.420000     0.450000   2.349464E-002   8.965829E-003   2.075544E-002   6.226633E-003   1.452881E-002   1.452881E-002  -9.074581E-012
   43501       6     0.450000     0.500000   1.310848E-001   4.710132E-002   1.199763E-001   3.599290E-002   8.398344E-002   8.398344E-002  -1.750981E-011
   43501       7     0.500000     0.550000   1.748537E-001   5.938044E-002   1.649618E-001   4.948854E-002   1.154733E-001   1.154733E-001  -1.634154E-011
   43501       8     0.550000     0.610000   2.295775E-001   7.513671E-002   2.206297E-001   6.618892E-002   1.544408E-001   1.544408E-001   4.682080E-011
   43501       9     0.610000     0.690000   5.693172E-001   1.805662E-001   5.553585E-001   1.666076E-001   3.887510E-001   3.887510E-001   4.120337E-011
   43501      10     0.690000     0.780000   2.472789E+000   7.671523E-001   2.436624E+000   7.309872E-001   1.705637E+000   1.705637E+000   1.279208E-010
   43501      11     0.780000     0.800000   1.063069E+000   3.229211E-001   1.046062E+000   3.138187E-001   7.401483E-001   7.322437E-001   7.904597E-003
   43501      12     0.800000     0.870000   5.878988E+000   1.800823E+000   5.823910E+000   1.747173E+000   4.078166E+000   4.076737E+000   1.428692E-003
   43501      13     0.870000     0.880000   8.736691E-001   2.597959E-001   8.574503E-001   2.572351E-001   6.138731E-001   6.002152E-001   1.365788E-002
   43501      14     0.880000     1.030000   2.249240E+001   6.829705E+000   2.237432E+001   6.712297E+000   1.566270E+001   1.566203E+001   6.721883E-004
   43501      15     1.030000     1.080000   9.248799E+000   2.418118E+000   8.564454E+000   2.569336E+000   6.830681E+000   5.995118E+000   8.355631E-001
   43501      16     1.080000     1.140000   1.173685E+001   3.469097E+000   1.161310E+001   3.483930E+000   8.267752E+000   8.129171E+000   1.385814E-001
   43501      17     1.140000     1.200000   1.143670E+001   3.434944E+000   1.139399E+001   3.418198E+000   8.001753E+000   7.975795E+000   2.595797E-002
   43501      18     1.200000     1.240000   8.097833E+000   7.948681E-001   4.090372E+000   1.227112E+000   7.302965E+000   2.863260E+000   4.439704E+000
   43501      19     1.240000     1.280000   7.733813E+000   2.137745E+000   7.466039E+000   2.239812E+000   5.596068E+000   5.226228E+000   3.698409E-001
   43501      20     1.280000     1.340000   1.109154E+001   2.090007E+000   8.898146E+000   2.669444E+000   9.001535E+000   6.228702E+000   2.772833E+000
   43501      21     1.340000     1.420000   1.012492E+001   2.723580E+000   9.649358E+000   2.894807E+000   7.401341E+000   6.754551E+000   6.467905E-001
   43501      22     1.420000     1.460000   4.444646E+000   2.747929E-001   1.535843E+000   4.607528E-001   4.169853E+000   1.075090E+000   3.094763E+000
   43501      23     1.460000     1.490000   3.316959E+000   4.627009E-001   2.264292E+000   6.792875E-001   2.854258E+000   1.585004E+000   1.269254E+000
   43501      24     1.490000     1.520000   3.416012E+000   7.243311E-001   2.916416E+000   8.749248E-001   2.691680E+000   2.041491E+000   6.501892E-001
   43501      25     1.520000     1.680000   2.089115E+001   1.386073E+000   7.841846E+000   2.352554E+000   1.950508E+001   5.489292E+000   1.401578E+001
   43501      26     1.680000     1.740000   7.400301E+000   1.971589E+000   7.090160E+000   2.127048E+000   5.428713E+000   4.963112E+000   4.656004E-001
   43501      27     1.740000     1.820000   6.859941E+000   1.939873E+000   6.714289E+000   2.014287E+000   4.920068E+000   4.700002E+000   2.200662E-001
   43501      28     1.820000     1.940000   7.844991E+000   1.288759E+000   5.680191E+000   1.704057E+000   6.556232E+000   3.976134E+000   2.580098E+000
   43501      29     1.940000     2.200000   1.524385E+001   4.596326E-001   2.633500E+000   7.900499E-001   1.478422E+001   1.843450E+000   1.294077E+001
   43501      30     2.200000     2.300000   5.897529E+000   1.631757E+000   5.731707E+000   1.719512E+000   4.265772E+000   4.012195E+000   2.535765E-001
   43501      31     2.300000     2.450000   6.412228E+000   1.915623E+000   6.401735E+000   1.920520E+000   4.496605E+000   4.481214E+000   1.539051E-002
   43501      32     2.450000     2.550000   2.808749E+000   5.638686E-001   2.380255E+000   7.140766E-001   2.244881E+000   1.666179E+000   5.787019E-001
   43501      33     2.550000     2.650000   2.466453E+000   1.474506E-001   9.586652E-001   2.875996E-001   2.319003E+000   6.710656E-001   1.647937E+000
   43501      34     2.650000     2.900000   5.107089E+000   1.382403E-005   1.082402E-003   3.247205E-004   5.107075E+000   7.576811E-004   5.106318E+000
   43501      35     2.900000     3.200000   4.829501E+000   3.891522E-001   2.543371E+000   7.630113E-001   4.440349E+000   1.780360E+000   2.659989E+000
   43501      36     3.200000     3.500000   4.479548E+000   1.299589E+000   4.427512E+000   1.328253E+000   3.179959E+000   3.099258E+000   8.070088E-002
   43501      37     3.500000     3.900000   5.317470E+000   7.569923E-001   3.369609E+000   1.010883E+000   4.560478E+000   2.358726E+000   2.201752E+000
   43501      38     3.900000     5.500000   8.889375E+000   6.586786E-002   4.930303E-001   1.479091E-001   8.823507E+000   3.451212E-001   8.478386E+000
   43501      39     5.500000     6.500000   2.171822E+000   6.433212E-001   2.162458E+000   6.487373E-001   1.528500E+000   1.513720E+000   1.478012E-002
   43501      40     6.500000     7.000000   6.459457E-001   4.622936E-002   3.696043E-001   1.108813E-001   5.997164E-001   2.587230E-001   3.409934E-001
   43501      41     7.000000     9.000000   1.525571E+000   3.213800E-002   2.571280E-001   7.713840E-002   1.493433E+000   1.799896E-001   1.313443E+000
   43501      42     9.000000    20.000000   1.633159E+000   2.840321E-002   2.327255E-001   6.981766E-002   1.604756E+000   1.629079E-001   1.441848E+000
   43601       1     0.200000     0.300000   5.582456E-006   3.540013E-006   2.917776E-006   8.753329E-007   2.042443E-006   2.042443E-006  -9.500342E-015
   43601       2     0.300000     0.345000   2.557270E-003   1.374824E-003   1.689209E-003   5.067628E-004   1.182447E-003   1.182447E-003  -8.478979E-013
   43601       3     0.345000     0.385000   2.512764E-003   1.152240E-003   1.943607E-003   5.830820E-004   1.360525E-003   1.360525E-003   3.397626E-012
   43601       4     0.385000     0.420000   1.293223E-002   5.311610E-003   1.088660E-002   3.265979E-003   7.620618E-003   7.620618E-003  -7.394727E-013
   43601       5     0.420000     0.450000   2.349464E-002   8.965829E-003   2.075544E-002   6.226633E-003   1.452881E-002   1.452881E-002  -7.920784E-012
   43601       6     0.450000     0.500000   1.310848E-001   4.710132E-002   1.199763E-001   3.599290E-002   8.398344E-002   8.398344E-002  -9.415330E-012
   43601       7     0.500000     0.550000   1.748537E-001   5.938044E-002   1.649618E-001   4.948854E-002   1.154733E-001   1.154733E-001  -1.311415E-011
   43601       8     0.550000     0.610000   2.295775E-001   7.513671E-002   2.206297E-001   6.618892E-002   1.544408E-001   1.544408E-001   5.396650E-011
   43601       9     0.610000     0.690000   5.693172E-001   1.805662E-001   5.553585E-001   1.666076E-001   3.887510E-001   3.887510E-001   7.897488E-011
   43601      10     0.690000     0.780000   2.472789E+000   7.671523E-001   2.436624E+000   7.309872E-001   1.705637E+000   1.705637E+000   7.547385E-011
   43601      11     0.780000     0.800000   1.063069E+000   3.229212E-001   1.046062E+000   3.138187E-001   7.401482E-001   7.322437E-001   7.904546E-003
   43601      12     0.800000     0.870000   5.878988E+000   1.800823E+000   5.823910E+000   1.747173E+000   4.078166E+000   4.076737E+000   1.428762E-003
   43601      13     0.870000     0.880000   8.736691E-001   2.597966E-001   8.574510E-001   2.572353E-001   6.138725E-001   6.002157E-001   1.365676E-002
   43601      14     0.880000     1.030000   2.249240E+001   6.829705E+000   2.237433E+001   6.712298E+000   1.566270E+001   1.566203E+001   6.721008E-004
   43601      15     1.030000     1.080000   9.248799E+000   2.418131E+000   8.564462E+000   2.569339E+000   6.830668E+000   5.995123E+000   8.355447E-001
   43601      16     1.080000     1.140000   1.173685E+001   3.469098E+000   1.161310E+001   3.483931E+000   8.267752E+000   8.129172E+000   1.385804E-001
   43601      17     1.140000     1.200000   1.143670E+001   3.434944E+000   1.139399E+001   3.418198E+000   8.001753E+000   7.975795E+000   2.595804E-002
   43601      18     1.200000     1.240000   8.097833E+000   7.950230E-001   4.090766E+000   1.227230E+000   7.302810E+000   2.863536E+000   4.439274E+000
   43601      19     1.240000     1.280000   7.733813E+000   2.137769E+000   7.466070E+000   2.239821E+000   5.596044E+000   5.226249E+000   3.697946E-001
   43601      20     1.280000     1.340000   1.109154E+001   2.090079E+000   8.898233E+000   2.669470E+000   9.001464E+000   6.228763E+000   2.772700E+000
   43601      21     1.340000     1.420000   1.012492E+001   2.723619E+000   9.649406E+000   2.894822E+000   7.401302E+000   6.754584E+000   6.467175E-001
   43601      22     1.420000     1.460000   4.444646E+000   2.748744E-001   1.536182E+000   4.608545E-001   4.169771E+000   1.075327E+000   3.094444E+000
   43601      23     1.460000     1.490000   3.316959E+000   4.627739E-001   2.264409E+000   6.793227E-001   2.854185E+000   1.585086E+000   1.269099E+000
   43601      24     1.490000     1.520000   3.416012E+000   7.243826E-001   2.916492E+000   8.749475E-001   2.691629E+000   2.041544E+000   6.500848E-001
   43601      25     1.520000     1.680000   2.089115E+001   1.386486E+000   7.843250E+000   2.352975E+000   1.950466E+001   5.490275E+000   1.401439E+001
   43601      26     1.680000     1.740000   7.400301E+000   1.971621E+000   7.090199E+000   2.127060E+000   5.428681E+000   4.963140E+000   4.655412E-001
   43601      27     1.740000     1.820000   6.859941E+000   1.940057E+000   6.714519E+000   2.014356E+000   4.919885E+000   4.700164E+000   2.197211E-001
   43601      28     1.820000     1.940000   7.844991E+000   1.289020E+000   5.680838E+000   1.704251E+000   6.555971E+000   3.976586E+000   2.579385E+000
   43601      29     1.940000     2.200000   1.524385E+001   4.597848E-001   2.634012E+000   7.902037E-001   1.478407E+001   1.843809E+000   1.294026E+001
   43601      30     2.200000     2.300000   5.897529E+000   1.631779E+000   5.731734E+000   1.719520E+000   4.265749E+000   4.012214E+000   2.535354E-001
   43601      31     2.300000     2.450000   6.412228E+000   1.915625E+000   6.401736E+000   1.920521E+000   4.496603E+000   4.481215E+000   1.538826E-002
   43601      32     2.450000     2.550000   2.808749E+000   5.639767E-001   2.380467E+000   7.141401E-001   2.244773E+000   1.666327E+000   5.784458E-001
   43601      33     2.550000     2.650000   2.466453E+000   1.474635E-001   9.587799E-001   2.876340E-001   2.318990E+000   6.711459E-001   1.647844E+000
   43601      34     2.650000     2.900000   5.107089E+000   1.382602E-005   1.089460E-003   3.268380E-004   5.107075E+000   7.626220E-004   5.106313E+000
   43601      35     2.900000     3.200000   4.829501E+000   3.893324E-001   2.543960E+000   7.631881E-001   4.440169E+000   1.780772E+000   2.659396E+000
   43601      36     3.200000     3.500000   4.479548E+000   1.299616E+000   4.427544E+000   1.328263E+000   3.179932E+000   3.099281E+000   8.065146E-002
   43601      37     3.500000     3.900000   5.317470E+000   7.570127E-001   3.369619E+000   1.010886E+000   4.560458E+000   2.358733E+000   2.201724E+000
   43601      38     3.900000     5.500000   8.889375E+000   6.590958E-002   4.932471E-001   1.479741E-001   8.823466E+000   3.452730E-001   8.478193E+000
   43601      39     5.500000     6.500000   2.171822E+000   6.433256E-001   2.162463E+000   6.487388E-001   1.528496E+000   1.513724E+000   1.477225E-002
   43601      40     6.500000     7.000000   6.459457E-001   4.621846E-002   3.695617E-001   1.108685E-001   5.997273E-001   2.586932E-001   3.410341E-001
   43601      41     7.000000     9.000000   1.525571E+000   3.214921E-002   2.571454E-001   7.714361E-002   1.493422E+000   1.800018E-001   1.313420E+000
   43601      42     9.000000    20.000000   1.633159E+000   2.846397E-002   2.329843E-001   6.989530E-002   1.604695E+000   1.630890E-001   1.441606E+000
   43701       1     0.200000     0.300000   5.582456E-006   3.540013E-006   2.917776E-006   8.753329E-007   2.042443E-006   2.042443E-006  -9.500342E-015
   43701       2     0.300000     0.345000   2.557270E-003   1.374824E-003   1.689209E-003   5.067628E-004   1.182447E-003   1.182447E-003  -8.478979E-013
   43701       3     0.345000     0.385000   2.512764E-003   1.152240E-003   1.943607E-003   5.830820E-004   1.360525E-003   1.360525E-003   3.397626E-012
   43701       4     0.385000     0.420000   1.293223E-002   5.311610E-003   1.088660E-002   3.265979E-003   7.620618E-003   7.620618E-003  -7.394727E-013
   43701       5     0.420000     0.450000   2.349464E-002   8.965829E-003   2.075544E-002   6.226633E-003   1.452881E-002   1.452881E-002  -8.154286E-012
   43701       6     0.450000     0.500000   1.310848E-001   4.710132E-002   1.199763E-001   3.599290E-002   8.398344E-002   8.398344E-002  -1.310595E-011
   43701       7     0.500000     0.550000   1.748537E-001   5.938044E-002   1.649618E-001   4.948854E-002   1.154733E-001   1.154733E-001  -6.720235E-012
   43701       8     0.550000     0.610000   2.295775E-001   7.513671E-002   2.206297E-001   6.618892E-002   1.544408E-001   1.544408E-001   4.638614E-011
   43701       9     0.610000     0.690000   5.693172E-001   1.805662E-001   5.553585E-001   1.666076E-001   3.887510E-001   3.887510E-001   6.907519E-011
   43701      10     0.690000     0.780000   2.472789E+000   7.671523E-001   2.436624E+000   7.309872E-001   1.705637E+000   1.705637E+000   9.634649E-011
   43701      11     0.780000     0.800000   1.063069E+000   3.229212E-001   1.046062E+000   3.138187E-001   7.401482E-001   7.322437E-001   7.904496E-003
   43701      12     0.800000     0.870000   5.878988E+000   1.800822E+000   5.823910E+000   1.747173E+000   4.078166E+000   4.076737E+000   1.428832E-003
   43701      13     0.870000     0.880000   8.736691E-001   2.597972E-001   8.574517E-001   2.572355E-001   6.138719E-001   6.002162E-001   1.365564E-002
   43701      14     0.880000     1.030000   2.249240E+001   6.829705E+000   2.237433E+001   6.712298E+000   1.566270E+001   1.566203E+001   6.720138E-004
   43701      15     1.030000     1.080000   9.248799E+000   2.418144E+000   8.564470E+000   2.569341E+000   6.830655E+000   5.995129E+000   8.355264E-001
   43701      16     1.080000     1.140000   1.173685E+001   3.469099E+000   1.161310E+001   3.483931E+000   8.267751E+000   8.129172E+000   1.385793E-001
   43701      17     1.140000     1.200000   1.143670E+001   3.434944E+000   1.139399E+001   3.418198E+000   8.001753E+000   7.975795E+000   2.595811E-002
   43701      18     1.200000     1.240000   8.097833E+000   7.951771E-001   4.091158E+000   1.227347E+000   7.302656E+000   2.863810E+000   4.438845E+000
   43701      19     1.240000     1.280000   7.733813E+000   2.137794E+000   7.466101E+000   2.239830E+000   5.596020E+000   5.226271E+000   3.697487E-001
   43701      20     1.280000     1.340000   1.109154E+001   2.090150E+000   8.898320E+000   2.669496E+000   9.001393E+000   6.228824E+000   2.772569E+000
   43701      21     1.340000     1.420000   1.012492E+001   2.723658E+000   9.649454E+000   2.894836E+000   7.401263E+000   6.754618E+000   6.466451E-001
   43701      22     1.420000     1.460000   4.444646E+000   2.749556E-001   1.536519E+000   4.609557E-001   4.169690E+000   1.075563E+000   3.094127E+000
   43701      23     1.460000     1.490000   3.316959E+000   4.628465E-001   2.264526E+000   6.793577E-001   2.854112E+000   1.585168E+000   1.268945E+000
   43701      24     1.490000     1.520000   3.416012E+000   7.244337E-001   2.916567E+000   8.749700E-001   2.691578E+000   2.041597E+000   6.499811E-001
   43701      25     1.520000     1.680000   2.089115E+001   1.386896E+000   7.844645E+000   2.353393E+000   1.950425E+001   5.491251E+000   1.401300E+001
   43701      26     1.680000     1.740000   7.400301E+000   1.971652E+000   7.090238E+000   2.127071E+000   5.428649E+000   4.963167E+000   4.654824E-001
   43701      27     1.740000     1.820000   6.859941E+000   1.940239E+000   6.714749E+000   2.014425E+000   4.919702E+000   4.700324E+000   2.193780E-001
   43701      28     1.820000     1.940000   7.844991E+000   1.289280E+000   5.681480E+000   1.704444E+000   6.555711E+000   3.977036E+000   2.578675E+000
   43701      29     1.940000     2.200000   1.524385E+001   4.599362E-001   2.634522E+000   7.903565E-001   1.478391E+001   1.844165E+000   1.293975E+001
   43701      30     2.200000     2.300000   5.897529E+000   1.631801E+000   5.731761E+000   1.719528E+000   4.265727E+000   4.012233E+000   2.534946E-001
   43701      31     2.300000     2.450000   6.412228E+000   1.915626E+000   6.401737E+000   1.920521E+000   4.496602E+000   4.481216E+000   1.538602E-002
   43701      32     2.450000     2.550000   2.808749E+000   5.640841E-001   2.380677E+000   7.142031E-001   2.244665E+000   1.666474E+000   5.781912E-001
   43701      33     2.550000     2.650000   2.466453E+000   1.474762E-001   9.588940E-001   2.876682E-001   2.318977E+000   6.712258E-001   1.647751E+000
   43701      34     2.650000     2.900000   5.107089E+000   1.382801E-005   1.096521E-003   3.289562E-004   5.107075E+000   7.675645E-004   5.106308E+000
   43701      35     2.900000     3.200000   4.829501E+000   3.895116E-001   2.544547E+000   7.633640E-001   4.439989E+000   1.781183E+000   2.658807E+000
   43701      36     3.200000     3.500000   4.479548E+000   1.299642E+000   4.427576E+000   1.328273E+000   3.179906E+000   3.099303E+000   8.060235E-002
   43701      37     3.500000     3.900000   5.317470E+000   7.570330E-001   3.369629E+000   1.010889E+000   4.560437E+000   2.358740E+000   2.201697E+000
   43701      38     3.900000     5.500000   8.889375E+000   6.595108E-002   4.934627E-001   1.480388E-001   8.823424E+000   3.454239E-001   8.478000E+000
   43701      39     5.500000     6.500000   2.171822E+000   6.433300E-001   2.162467E+000   6.487402E-001   1.528492E+000   1.513727E+000   1.476443E-002
   43701      40     6.500000     7.000000   6.459457E-001   4.620763E-002   3.695194E-001   1.108558E-001   5.997381E-001   2.586636E-001   3.410745E-001
   43701      41     7.000000     9.000000   1.525571E+000   3.216034E-002   2.571627E-001   7.714880E-002   1.493411E+000   1.800139E-001   1.313397E+000
   43701      42     9.000000    20.000000   1.633159E+000   2.852455E-002   2.332421E-001   6.997263E-002   1.604634E+000   1.632695E-001   1.441365E+000
   43801       1     0.200000     0.300000   5.582456E-006   3.540013E-006   2.917776E-006   8.753329E-007   2.042443E-006   2.042443E-006  -9.500342E-015
   43801       2     0.300000     0.345000   2.557270E-003   1.374824E-003   1.689209E-003   5.067628E-004   1.182447E-003   1.182447E-003  -8.478979E-013
   43801       3     0.345000     0.385000   2.512764E-003   1.152240E-003   1.943607E-003   5.830820E-004   1.360525E-003   1.360525E-003   3.397626E-012
   43801       4     0.385000     0.420000   1.293223E-002   5.311610E-003   1.088660E-002   3.265979E-003   7.620618E-003   7.620618E-003  -4.842324E-013
   43801       5     0.420000     0.450000   2.349464E-002   8.965829E-003   2.075544E-002   6.226633E-003   1.452881E-002   1.452881E-002  -9.890842E-012
   43801       6     0.450000     0.500000   1.310848E-001   4.710132E-002   1.199763E-001   3.599290E-002   8.398344E-002   8.398344E-002  -1.437235E-011
   43801       7     0.500000     0.550000   1.748537E-001   5.938044E-002   1.649618E-001   4.948854E-002   1.154733E-001   1.154733E-001   8.882145E-012
   43801       8     0.550000     0.610000   2.295775E-001   7.513671E-002   2.206297E-001   6.618892E-002   1.544408E-001   1.544408E-001   5.072581E-011
   43801       9     0.610000     0.690000   5.693172E-001   1.805662E-001   5.553585E-001   1.666076E-001   3.887510E-001   3.887510E-001   8.419521E-011
   43801      10     0.690000     0.780000   2.472789E+000   7.671523E-001   2.436624E+000   7.309872E-001   1.705637E+000   1.705637E+000   1.579021E-010
   43801      11     0.780000     0.800000   1.063069E+000   3.229212E-001   1.046062E+000   3.138187E-001   7.401482E-001   7.322437E-001   7.904445E-003
   43801      12     0.800000     0.870000   5.878988E+000   1.800822E+000   5.823910E+000   1.747173E+000   4.078166E+000   4.076737E+000   1.428902E-003
   43801      13     0.870000     0.880000   8.736691E-001   2.597978E-001   8.574525E-001   2.572357E-001   6.138712E-001   6.002167E-001   1.365453E-002
   43801      14     0.880000     1.030000   2.249240E+001   6.829705E+000   2.237433E+001   6.712298E+000   1.566270E+001   1.566203E+001   6.719273E-004
   43801      15     1.030000     1.080000   9.248799E+000   2.418156E+000   8.564477E+000   2.569343E+000   6.830642E+000   5.995134E+000   8.355082E-001
   43801      16     1.080000     1.140000   1.173685E+001   3.469099E+000   1.161310E+001   3.483931E+000   8.267751E+000   8.129172E+000   1.385783E-001
   43801      17     1.140000     1.200000   1.143670E+001   3.434944E+000   1.139399E+001   3.418198E+000   8.001753E+000   7.975795E+000   2.595818E-002
   43801      18     1.200000     1.240000   8.097833E+000   7.953303E-001   4.091547E+000   1.227464E+000   7.302502E+000   2.864083E+000   4.438420E+000
   43801      19     1.240000     1.280000   7.733813E+000   2.137818E+000   7.466132E+000   2.239840E+000   5.595996E+000   5.226292E+000   3.697031E-001
   43801      20     1.280000     1.340000   1.109154E+001   2.090221E+000   8.898407E+000   2.669522E+000   9.001322E+000   6.228885E+000   2.772437E+000
   43801      21     1.340000     1.420000   1.012492E+001   2.723697E+000   9.649501E+000   2.894850E+000   7.401224E+000   6.754651E+000   6.465731E-001
   43801      22     1.420000     1.460000   4.444646E+000   2.750363E-001   1.536855E+000   4.610564E-001   4.169609E+000   1.075798E+000   3.093811E+000
   43801      23     1.460000     1.490000   3.316959E+000   4.629186E-001   2.264641E+000   6.793924E-001   2.854040E+000   1.585249E+000   1.268791E+000
   43801      24     1.490000     1.520000   3.416012E+000   7.244846E-001   2.916641E+000   8.749924E-001   2.691527E+000   2.041649E+000   6.498781E-001
   43801      25     1.520000     1.680000   2.089115E+001   1.387305E+000   7.846032E+000   2.353809E+000   1.950384E+001   5.492222E+000   1.401162E+001
   43801      26     1.680000     1.740000   7.400301E+000   1.971684E+000   7.090277E+000   2.127083E+000   5.428618E+000   4.963194E+000   4.654240E-001
   43801      27     1.740000     1.820000   6.859941E+000   1.940421E+000   6.714976E+000   2.014493E+000   4.919520E+000   4.700483E+000   2.190369E-001
   43801      28     1.820000     1.940000   7.844991E+000   1.289538E+000   5.682119E+000   1.704636E+000   6.555453E+000   3.977483E+000   2.577970E+000
   43801      29     1.940000     2.200000   1.524385E+001   4.600867E-001   2.635028E+000   7.905084E-001   1.478376E+001   1.844520E+000   1.293924E+001
   43801      30     2.200000     2.300000   5.897529E+000   1.631823E+000   5.731788E+000   1.719536E+000   4.265705E+000   4.012251E+000   2.534540E-001
   43801      31     2.300000     2.450000   6.412228E+000   1.915627E+000   6.401739E+000   1.920522E+000   4.496601E+000   4.481217E+000   1.538379E-002
   43801      32     2.450000     2.550000   2.808749E+000   5.641910E-001   2.380886E+000   7.142658E-001   2.244558E+000   1.666620E+000   5.779381E-001
   43801      33     2.550000     2.650000   2.466453E+000   1.474888E-001   9.590075E-001   2.877022E-001   2.318964E+000   6.713052E-001   1.647659E+000
   43801      34     2.650000     2.900000   5.107089E+000   1.383000E-005   1.103583E-003   3.310749E-004   5.107075E+000   7.725080E-004   5.106303E+000
   43801      35     2.900000     3.200000   4.829501E+000   3.896898E-001   2.545129E+000   7.635388E-001   4.439811E+000   1.781590E+000   2.658221E+000
   43801      36     3.200000     3.500000   4.479548E+000   1.299668E+000   4.427608E+000   1.328283E+000   3.179879E+000   3.099326E+000   8.055354E-002
   43801      37     3.500000     3.900000   5.317470E+000   7.570532E-001   3.369639E+000   1.010892E+000   4.560417E+000   2.358748E+000   2.201670E+000
   43801      38     3.900000     5.500000   8.889375E+000   6.599238E-002   4.936771E-001   1.481031E-001   8.823383E+000   3.455740E-001   8.477809E+000
   43801      39     5.500000     6.500000   2.171822E+000   6.433343E-001   2.162472E+000   6.487417E-001   1.528487E+000   1.513731E+000   1.475665E-002
   43801      40     6.500000     7.000000   6.459457E-001   4.619689E-002   3.694774E-001   1.108432E-001   5.997488E-001   2.586342E-001   3.411147E-001
   43801      41     7.000000     9.000000   1.525571E+000   3.217141E-002   2.571799E-001   7.715396E-002   1.493400E+000   1.800259E-001   1.313374E+000
   43801      42     9.000000    20.000000   1.633159E+000   2.858495E-002   2.334989E-001   7.004967E-002   1.604574E+000   1.634492E-001   1.441125E+000
   43901       1     0.200000     0.300000   5.582456E-006   3.540013E-006   2.917776E-006   8.753329E-007   2.042443E-006   2.042443E-006  -9.500342E-015
   43901       2     0.300000     0.345000   2.557270E-003   1.374824E-003   1.689209E-003   5.067628E-004   1.182447E-003   1.182447E-003  -8.478979E-013
   43901       3     0.345000     0.385000   2.512764E-003   1.152240E-003   1.943607E-003   5.830820E-004   1.360525E-003   1.360525E-003   3.397626E-012
   43901       4     0.385000     0.420000   1.293223E-002   5.311610E-003   1.088660E-002   3.265979E-003   7.620618E-003   7.620618E-003  -4.842324E-013
   43901       5     0.420000     0.450000   2.349464E-002   8.965829E-003   2.075544E-002   6.226633E-003   1.452881E-002   1.452881E-002  -1.047146E-011
   43901       6     0.450000     0.500000   1.310848E-001   4.710132E-002   1.199763E-001   3.599290E-002   8.398344E-002   8.398344E-002  -1.290704E-011
   43901       7     0.500000     0.550000   1.748537E-001   5.938044E-002   1.649618E-001   4.948854E-002   1.154733E-001   1.154733E-001   6.181500E-012
   43901       8     0.550000     0.610000   2.295775E-001   7.513671E-002   2.206297E-001   6.618892E-002   1.544408E-001   1.544408E-001   6.067413E-011
   43901       9     0.610000     0.690000   5.693172E-001   1.805662E-001   5.553585E-001   1.666076E-001   3.887510E-001   3.887510E-001   8.524337E-011
   43901      10     0.690000     0.780000   2.472789E+000   7.671523E-001   2.436624E+000   7.309872E-001   1.705637E+000   1.705637E+000   8.350898E-011
   43901      11     0.780000     0.800000   1.063069E+000   3.229213E-001   1.046063E+000   3.138188E-001   7.401482E-001   7.322438E-001   7.904395E-003
   43901      12     0.800000     0.870000   5.878988E+000   1.800822E+000   5.823910E+000   1.747173E+000   4.078166E+000   4.076737E+000   1.428971E-003
   43901      13     0.870000     0.880000   8.736691E-001   2.597984E-001   8.574531E-001   2.572359E-001   6.138706E-001   6.002172E-001   1.365343E-002
   43901      14     0.880000     1.030000   2.249240E+001   6.829705E+000   2.237433E+001   6.712298E+000   1.566270E+001   1.566203E+001   6.718414E-004
   43901      15     1.030000     1.080000   9.248799E+000   2.418169E+000   8.564485E+000   2.569345E+000   6.830630E+000   5.995139E+000   8.354901E-001
   43901      16     1.080000     1.140000   1.173685E+001   3.469100E+000   1.161310E+001   3.483931E+000   8.267750E+000   8.129173E+000   1.385773E-001
   43901      17     1.140000     1.200000   1.143670E+001   3.434944E+000   1.139399E+001   3.418198E+000   8.001753E+000   7.975795E+000   2.595825E-002
   43901      18     1.200000     1.240000   8.097833E+000   7.954825E-001   4.091934E+000   1.227580E+000   7.302350E+000   2.864354E+000   4.437997E+000
   43901      19     1.240000     1.280000   7.733813E+000   2.137842E+000   7.466163E+000   2.239849E+000   5.595972E+000   5.226314E+000   3.696578E-001
   43901      20     1.280000     1.340000   1.109154E+001   2.090291E+000   8.898493E+000   2.669548E+000   9.001252E+000   6.228945E+000   2.772307E+000
   43901      21     1.340000     1.420000   1.012492E+001   2.723735E+000   9.649549E+000   2.894865E+000   7.401186E+000   6.754684E+000   6.465015E-001
   43901      22     1.420000     1.460000   4.444646E+000   2.751167E-001   1.537189E+000   4.611566E-001   4.169529E+000   1.076032E+000   3.093497E+000
   43901      23     1.460000     1.490000   3.316959E+000   4.629902E-001   2.264757E+000   6.794270E-001   2.853969E+000   1.585330E+000   1.268639E+000
   43901      24     1.490000     1.520000   3.416012E+000   7.245351E-001   2.916715E+000   8.750146E-001   2.691476E+000   2.041701E+000   6.497756E-001
   43901      25     1.520000     1.680000   2.089115E+001   1.387711E+000   7.847410E+000   2.354223E+000   1.950344E+001   5.493187E+000   1.401025E+001
   43901      26     1.680000     1.740000   7.400301E+000   1.971715E+000   7.090315E+000   2.127094E+000   5.428586E+000   4.963220E+000   4.653659E-001
   43901      27     1.740000     1.820000   6.859941E+000   1.940602E+000   6.715203E+000   2.014561E+000   4.919340E+000   4.700642E+000   2.186979E-001
   43901      28     1.820000     1.940000   7.844991E+000   1.289795E+000   5.682754E+000   1.704826E+000   6.555196E+000   3.977928E+000   2.577269E+000
   43901      29     1.940000     2.200000   1.524385E+001   4.602363E-001   2.635532E+000   7.906595E-001   1.478361E+001   1.844872E+000   1.293874E+001
   43901      30     2.200000     2.300000   5.897529E+000   1.631845E+000   5.731814E+000   1.719544E+000   4.265684E+000   4.012270E+000   2.534137E-001
   43901      31     2.300000     2.450000   6.412228E+000   1.915628E+000   6.401740E+000   1.920522E+000   4.496600E+000   4.481218E+000   1.538158E-002
   43901      32     2.450000     2.550000   2.808749E+000   5.642973E-001   2.381094E+000   7.143281E-001   2.244452E+000   1.666766E+000   5.776863E-001
   43901      33     2.550000     2.650000   2.466453E+000   1.475014E-001   9.591204E-001   2.877361E-001   2.318952E+000   6.713843E-001   1.647568E+000
   43901      34     2.650000     2.900000   5.107089E+000   1.383198E-005   1.110647E-003   3.331942E-004   5.107075E+000   7.774532E-004   5.106298E+000
   43901      35     2.900000     3.200000   4.829501E+000   3.898670E-001   2.545709E+000   7.637126E-001   4.439634E+000   1.781996E+000   2.657638E+000
   43901      36     3.200000     3.500000   4.479548E+000   1.299695E+000   4.427640E+000   1.328292E+000   3.179853E+000   3.099348E+000   8.050502E-002
   43901      37     3.500000     3.900000   5.317470E+000   7.570733E-001   3.369650E+000   1.010895E+000   4.560397E+000   2.358755E+000   2.201642E+000
   43901      38     3.900000     5.500000   8.889375E+000   6.603348E-002   4.938904E-001   1.481671E-001   8.823342E+000   3.457232E-001   8.477618E+000
   43901      39     5.500000     6.500000   2.171822E+000   6.433387E-001   2.162477E+000   6.487432E-001   1.528483E+000   1.513734E+000   1.474891E-002
   43901      40     6.500000     7.000000   6.459457E-001   4.618621E-002   3.694356E-001   1.108307E-001   5.997595E-001   2.586049E-001   3.411546E-001
   43901      41     7.000000     9.000000   1.525571E+000   3.218241E-002   2.571970E-001   7.715910E-002   1.493389E+000   1.800379E-001   1.313351E+000
   43901      42     9.000000    20.000000   1.633159E+000   2.864516E-002   2.337547E-001   7.012641E-002   1.604514E+000   1.636283E-001   1.440885E+000
   44001       1     0.200000     0.300000   5.582456E-006   3.540013E-006   2.917776E-006   8.753329E-007   2.042443E-006   2.042443E-006  -9.500342E-015
   44001       2     0.300000     0.345000   2.557270E-003   1.374824E-003   1.689209E-003   5.067628E-004   1.182447E-003   1.182447E-003  -8.478979E-013
   44001       3     0.345000     0.385000   2.512764E-003   1.152240E-003   1.943607E-003   5.830820E-004   1.360525E-003   1.360525E-003   3.397626E-012
   44001       4     0.385000     0.420000   1.293223E-002   5.311610E-003   1.088660E-002   3.265979E-003   7.620618E-003   7.620618E-003  -4.842324E-013
   44001       5     0.420000     0.450000   2.349464E-002   8.965829E-003   2.075544E-002   6.226633E-003   1.452881E-002   1.452881E-002  -1.072033E-011
   44001       6     0.450000     0.500000   1.310848E-001   4.710132E-002   1.199763E-001   3.599290E-002   8.398344E-002   8.398344E-002  -1.495298E-011
   44001       7     0.500000     0.550000   1.748537E-001   5.938044E-002   1.649618E-001   4.948854E-002   1.154733E-001   1.154733E-001   1.269335E-011
   44001       8     0.550000     0.610000   2.295775E-001   7.513671E-002   2.206297E-001   6.618892E-002   1.544408E-001   1.544408E-001   4.835815E-011
   44001       9     0.610000     0.690000   5.693172E-001   1.805662E-001   5.553585E-001   1.666076E-001   3.887510E-001   3.887510E-001   1.106168E-010
   44001      10     0.690000     0.780000   2.472789E+000   7.671523E-001   2.436624E+000   7.309872E-001   1.705637E+000   1.705637E+000   1.116827E-010
   44001      11     0.780000     0.800000   1.063069E+000   3.229213E-001   1.046063E+000   3.138188E-001   7.401481E-001   7.322438E-001   7.904346E-003
   44001      12     0.800000     0.870000   5.878988E+000   1.800822E+000   5.823910E+000   1.747173E+000   4.078166E+000   4.076737E+000   1.429040E-003
   44001      13     0.870000     0.880000   8.736691E-001   2.597990E-001   8.574538E-001   2.572362E-001   6.138700E-001   6.002177E-001   1.365234E-002
   44001      14     0.880000     1.030000   2.249240E+001   6.829706E+000   2.237433E+001   6.712298E+000   1.566270E+001   1.566203E+001   6.717560E-004
   44001      15     1.030000     1.080000   9.248799E+000   2.418182E+000   8.564493E+000   2.569348E+000   6.830617E+000   5.995145E+000   8.354722E-001
   44001      16     1.080000     1.140000   1.173685E+001   3.469100E+000   1.161310E+001   3.483931E+000   8.267750E+000   8.129173E+000   1.385763E-001
   44001      17     1.140000     1.200000   1.143670E+001   3.434944E+000   1.139399E+001   3.418198E+000   8.001753E+000   7.975795E+000   2.595832E-002
   44001      18     1.200000     1.240000   8.097833E+000   7.956339E-001   4.092318E+000   1.227696E+000   7.302199E+000   2.864623E+000   4.437576E+000
   44001      19     1.240000     1.280000   7.733813E+000   2.137866E+000   7.466193E+000   2.239858E+000   5.595948E+000   5.226335E+000   3.696127E-001
   44001      20     1.280000     1.340000   1.109154E+001   2.090360E+000   8.898578E+000   2.669573E+000   9.001182E+000   6.229005E+000   2.772178E+000
   44001      21     1.340000     1.420000   1.012492E+001   2.723774E+000   9.649596E+000   2.894879E+000   7.401147E+000   6.754717E+000   6.464304E-001
   44001      22     1.420000     1.460000   4.444646E+000   2.751966E-001   1.537521E+000   4.612562E-001   4.169449E+000   1.076264E+000   3.093185E+000
   44001      23     1.460000     1.490000   3.316959E+000   4.630615E-001   2.264871E+000   6.794613E-001   2.853897E+000   1.585410E+000   1.268488E+000
   44001      24     1.490000     1.520000   3.416012E+000   7.245853E-001   2.916789E+000   8.750368E-001   2.691426E+000   2.041752E+000   6.496738E-001
   44001      25     1.520000     1.680000   2.089115E+001   1.388114E+000   7.848781E+000   2.354634E+000   1.950303E+001   5.494147E+000   1.400889E+001
   44001      26     1.680000     1.740000   7.400301E+000   1.971746E+000   7.090353E+000   2.127106E+000   5.428555E+000   4.963247E+000   4.653082E-001
   44001      27     1.740000     1.820000   6.859941E+000   1.940781E+000   6.715428E+000   2.014628E+000   4.919160E+000   4.700799E+000   2.183607E-001
   44001      28     1.820000     1.940000   7.844991E+000   1.290050E+000   5.683385E+000   1.705016E+000   6.554941E+000   3.978370E+000   2.576571E+000
   44001      29     1.940000     2.200000   1.524385E+001   4.603852E-001   2.636032E+000   7.908097E-001   1.478346E+001   1.845223E+000   1.293824E+001
   44001      30     2.200000     2.300000   5.897529E+000   1.631867E+000   5.731840E+000   1.719552E+000   4.265662E+000   4.012288E+000   2.533736E-001
   44001      31     2.300000     2.450000   6.412228E+000   1.915630E+000   6.401742E+000   1.920522E+000   4.496599E+000   4.481219E+000   1.537938E-002
   44001      32     2.450000     2.550000   2.808749E+000   5.644030E-001   2.381300E+000   7.143901E-001   2.244346E+000   1.666910E+000   5.774360E-001
   44001      33     2.550000     2.650000   2.466453E+000   1.475139E-001   9.592326E-001   2.877698E-001   2.318939E+000   6.714628E-001   1.647477E+000
   44001      34     2.650000     2.900000   5.107089E+000   1.383395E-005   1.117714E-003   3.353142E-004   5.107075E+000   7.823999E-004   5.106293E+000
   44001      35     2.900000     3.200000   4.829501E+000   3.900434E-001   2.546285E+000   7.638855E-001   4.439458E+000   1.782400E+000   2.657058E+000
   44001      36     3.200000     3.500000   4.479548E+000   1.299721E+000   4.427672E+000   1.328302E+000   3.179827E+000   3.099370E+000   8.045679E-002
   44001      37     3.500000     3.900000   5.317470E+000   7.570932E-001   3.369660E+000   1.010898E+000   4.560377E+000   2.358762E+000   2.201615E+000
   44001      38     3.900000     5.500000   8.889375E+000   6.607438E-002   4.941025E-001   1.482307E-001   8.823301E+000   3.458717E-001   8.477429E+000
   44001      39     5.500000     6.500000   2.171822E+000   6.433430E-001   2.162482E+000   6.487446E-001   1.528479E+000   1.513737E+000   1.474122E-002
   44001      40     6.500000     7.000000   6.459457E-001   4.617559E-002   3.693941E-001   1.108182E-001   5.997701E-001   2.585759E-001   3.411943E-001
   44001      41     7.000000     9.000000   1.525571E+000   3.219335E-002   2.572140E-001   7.716421E-002   1.493378E+000   1.800498E-001   1.313328E+000
   44001      42     9.000000    20.000000   1.633159E+000   2.870520E-002   2.340095E-001   7.020286E-002   1.604454E+000   1.638067E-001   1.440647E+000
   44101       1     0.200000     0.300000   5.582456E-006   3.540013E-006   2.917776E-006   8.753329E-007   2.042443E-006   2.042443E-006  -9.500342E-015
   44101       2     0.300000     0.345000   2.557270E-003   1.374824E-003   1.689209E-003   5.067628E-004   1.182447E-003   1.182447E-003  -8.478979E-013
   44101       3     0.345000     0.385000   2.512764E-003   1.152240E-003   1.943607E-003   5.830820E-004   1.360525E-003   1.360525E-003   3.397626E-012
   44101       4     0.385000     0.420000   1.293223E-002   5.311610E-003   1.088660E-002   3.265979E-003   7.620618E-003   7.620618E-003  -4.842324E-013
   44101       5     0.420000     0.450000   2.349464E-002   8.965829E-003   2.075544E-002   6.226633E-003   1.452881E-002   1.452881E-002  -1.106944E-011
   44101       6     0.450000     0.500000   1.310848E-001   4.710132E-002   1.199763E-001   3.599290E-002   8.398344E-002   8.398344E-002   1.467099E-011
   44101       7     0.500000     0.550000   1.748537E-001   5.938044E-002   1.649618E-001   4.948854E-002   1.154733E-001   1.154733E-001   9.921036E-012
   44101       8     0.550000     0.610000   2.295775E-001   7.513671E-002   2.206297E-001   6.618892E-002   1.544408E-001   1.544408E-001   6.297207E-011
   44101       9     0.610000     0.690000   5.693172E-001   1.805662E-001   5.553585E-001   1.666076E-001   3.887510E-001   3.887510E-001   1.174055E-010
   44101      10     0.690000     0.780000   2.472789E+000   7.671523E-001   2.436624E+000   7.309872E-001   1.705637E+000   1.705637E+000   1.803862E-010
   44101      11     0.780000     0.800000   1.063069E+000   3.229213E-001   1.046063E+000   3.138188E-001   7.401481E-001   7.322438E-001   7.904296E-003
   44101      12     0.800000     0.870000   5.878988E+000   1.800822E+000   5.823910E+000   1.747173E+000   4.078166E+000   4.076737E+000   1.429108E-003
   44101      13     0.870000     0.880000   8.736691E-001   2.597997E-001   8.574545E-001   2.572364E-001   6.138694E-001   6.002182E-001   1.365125E-002
   44101      14     0.880000     1.030000   2.249240E+001   6.829706E+000   2.237433E+001   6.712298E+000   1.566270E+001   1.566203E+001   6.716712E-004
   44101      15     1.030000     1.080000   9.248799E+000   2.418194E+000   8.564500E+000   2.569350E+000   6.830604E+000   5.995150E+000   8.354543E-001
   44101      16     1.080000     1.140000   1.173685E+001   3.469101E+000   1.161311E+001   3.483932E+000   8.267749E+000   8.129174E+000   1.385753E-001
   44101      17     1.140000     1.200000   1.143670E+001   3.434944E+000   1.139399E+001   3.418198E+000   8.001753E+000   7.975795E+000   2.595839E-002
   44101      18     1.200000     1.240000   8.097833E+000   7.957844E-001   4.092701E+000   1.227810E+000   7.302048E+000   2.864891E+000   4.437158E+000
   44101      19     1.240000     1.280000   7.733813E+000   2.137889E+000   7.466223E+000   2.239867E+000   5.595924E+000   5.226356E+000   3.695679E-001
   44101      20     1.280000     1.340000   1.109154E+001   2.090430E+000   8.898663E+000   2.669599E+000   9.001113E+000   6.229064E+000   2.772049E+000
   44101      21     1.340000     1.420000   1.012492E+001   2.723812E+000   9.649642E+000   2.894893E+000   7.401109E+000   6.754750E+000   6.463597E-001
   44101      22     1.420000     1.460000   4.444646E+000   2.752761E-001   1.537851E+000   4.613552E-001   4.169370E+000   1.076496E+000   3.092874E+000
   44101      23     1.460000     1.490000   3.316959E+000   4.631323E-001   2.264985E+000   6.794954E-001   2.853827E+000   1.585489E+000   1.268337E+000
   44101      24     1.490000     1.520000   3.416012E+000   7.246352E-001   2.916862E+000   8.750587E-001   2.691376E+000   2.041804E+000   6.495727E-001
   44101      25     1.520000     1.680000   2.089115E+001   1.388516E+000   7.850144E+000   2.355043E+000   1.950263E+001   5.495101E+000   1.400753E+001
   44101      26     1.680000     1.740000   7.400301E+000   1.971777E+000   7.090391E+000   2.127117E+000   5.428524E+000   4.963273E+000   4.652509E-001
   44101      27     1.740000     1.820000   6.859941E+000   1.940960E+000   6.715651E+000   2.014695E+000   4.918982E+000   4.700956E+000   2.180260E-001
   44101      28     1.820000     1.940000   7.844991E+000   1.290304E+000   5.684013E+000   1.705204E+000   6.554687E+000   3.978809E+000   2.575878E+000
   44101      29     1.940000     2.200000   1.524385E+001   4.605331E-001   2.636530E+000   7.909589E-001   1.478332E+001   1.845571E+000   1.293775E+001
   44101      30     2.200000     2.300000   5.897529E+000   1.631888E+000   5.731867E+000   1.719560E+000   4.265640E+000   4.012307E+000   2.533338E-001
   44101      31     2.300000     2.450000   6.412228E+000   1.915631E+000   6.401743E+000   1.920523E+000   4.496597E+000   4.481220E+000   1.537720E-002
   44101      32     2.450000     2.550000   2.808749E+000   5.645080E-001   2.381506E+000   7.144517E-001   2.244241E+000   1.667054E+000   5.771874E-001
   44101      33     2.550000     2.650000   2.466453E+000   1.475262E-001   9.593440E-001   2.878032E-001   2.318927E+000   6.715408E-001   1.647386E+000
   44101      34     2.650000     2.900000   5.107089E+000   1.383592E-005   1.124774E-003   3.374323E-004   5.107075E+000   7.873421E-004   5.106288E+000
   44101      35     2.900000     3.200000   4.829501E+000   3.902187E-001   2.546858E+000   7.640573E-001   4.439282E+000   1.782800E+000   2.656482E+000
   44101      36     3.200000     3.500000   4.479548E+000   1.299747E+000   4.427703E+000   1.328311E+000   3.179801E+000   3.099392E+000   8.040890E-002
   44101      37     3.500000     3.900000   5.317470E+000   7.571130E-001   3.369670E+000   1.010901E+000   4.560357E+000   2.358769E+000   2.201589E+000
   44101      38     3.900000     5.500000   8.889375E+000   6.611505E-002   4.943134E-001   1.482940E-001   8.823260E+000   3.460194E-001   8.477241E+000
   44101      39     5.500000     6.500000   2.171822E+000   6.433472E-001   2.162487E+000   6.487460E-001   1.528474E+000   1.513741E+000   1.473359E-002
   44101      40     6.500000     7.000000   6.459457E-001   4.616504E-002   3.693528E-001   1.108058E-001   5.997807E-001   2.585470E-001   3.412337E-001
   44101      41     7.000000     9.000000   1.525571E+000   3.220422E-002   2.572310E-001   7.716930E-002   1.493367E+000   1.800617E-001   1.313305E+000
   44101      42     9.000000    20.000000   1.633159E+000   2.876488E-002   2.342627E-001   7.027880E-002   1.604394E+000   1.639839E-001   1.440410E+000
   44201       1     0.200000     0.300000   5.582456E-006   3.540013E-006   2.917776E-006   8.753329E-007   2.042443E-006   2.042443E-006  -9.500342E-015
   44201       2     0.300000     0.345000   2.557270E-003   1.374824E-003   1.689209E-003   5.067628E-004   1.182447E-003   1.182447E-003  -8.478979E-013
   44201       3     0.345000     0.385000   2.512764E-003   1.152240E-003   1.943607E-003   5.830820E-004   1.360525E-003   1.360525E-003   3.397626E-012
   44201       4     0.385000     0.420000   1.293223E-002   5.311610E-003   1.088660E-002   3.265979E-003   7.620618E-003   7.620618E-003  -4.842324E-013
   44201       5     0.420000     0.450000   2.349464E-002   8.965829E-003   2.075544E-002   6.226633E-003   1.452881E-002   1.452881E-002  -1.021501E-011
   44201       6     0.450000     0.500000   1.310848E-001   4.710132E-002   1.199763E-001   3.599290E-002   8.398344E-002   8.398344E-002   1.163622E-011
   44201       7     0.500000     0.550000   1.748537E-001   5.938044E-002   1.649618E-001   4.948854E-002   1.154733E-001   1.154733E-001   9.175383E-012
   44201       8     0.550000     0.610000   2.295775E-001   7.513671E-002   2.206297E-001   6.618892E-002   1.544408E-001   1.544408E-001   7.359263E-011
   44201       9     0.610000     0.690000   5.693172E-001   1.805662E-001   5.553585E-001   1.666076E-001   3.887510E-001   3.887510E-001   1.054947E-010
   44201      10     0.690000     0.780000   2.472789E+000   7.671523E-001   2.436624E+000   7.309872E-001   1.705637E+000   1.705637E+000   2.065896E-010
   44201      11     0.780000     0.800000   1.063069E+000   3.229213E-001   1.046063E+000   3.138188E-001   7.401481E-001   7.322438E-001   7.904247E-003
   44201      12     0.800000     0.870000   5.878988E+000   1.800822E+000   5.823910E+000   1.747173E+000   4.078166E+000   4.076737E+000   1.429176E-003
   44201      13     0.870000     0.880000   8.736691E-001   2.598003E-001   8.574552E-001   2.572366E-001   6.138688E-001   6.002186E-001   1.365017E-002
   44201      14     0.880000     1.030000   2.249240E+001   6.829706E+000   2.237433E+001   6.712298E+000   1.566270E+001   1.566203E+001   6.715873E-004
   44201      15     1.030000     1.080000   9.248799E+000   2.418207E+000   8.564508E+000   2.569352E+000   6.830592E+000   5.995155E+000   8.354367E-001
   44201      16     1.080000     1.140000   1.173685E+001   3.469101E+000   1.161311E+001   3.483932E+000   8.267748E+000   8.129174E+000   1.385743E-001
   44201      17     1.140000     1.200000   1.143670E+001   3.434944E+000   1.139399E+001   3.418198E+000   8.001753E+000   7.975795E+000   2.595847E-002
   44201      18     1.200000     1.240000   8.097833E+000   7.959340E-001   4.093081E+000   1.227924E+000   7.301899E+000   2.865157E+000   4.436742E+000
   44201      19     1.240000     1.280000   7.733813E+000   2.137913E+000   7.466253E+000   2.239876E+000   5.595901E+000   5.226377E+000   3.695235E-001
   44201      20     1.280000     1.340000   1.109154E+001   2.090499E+000   8.898747E+000   2.669624E+000   9.001044E+000   6.229123E+000   2.771921E+000
   44201      21     1.340000     1.420000   1.012492E+001   2.723849E+000   9.649688E+000   2.894907E+000   7.401071E+000   6.754782E+000   6.462896E-001
   44201      22     1.420000     1.460000   4.444646E+000   2.753551E-001   1.538178E+000   4.614535E-001   4.169291E+000   1.076725E+000   3.092566E+000
   44201      23     1.460000     1.490000   3.316959E+000   4.632023E-001   2.265097E+000   6.795292E-001   2.853757E+000   1.585568E+000   1.268188E+000
   44201      24     1.490000     1.520000   3.416012E+000   7.246847E-001   2.916935E+000   8.750805E-001   2.691327E+000   2.041855E+000   6.494723E-001
   44201      25     1.520000     1.680000   2.089115E+001   1.388914E+000   7.851498E+000   2.355449E+000   1.950223E+001   5.496048E+000   1.400619E+001
   44201      26     1.680000     1.740000   7.400301E+000   1.971808E+000   7.090428E+000   2.127128E+000   5.428494E+000   4.963300E+000   4.651941E-001
   44201      27     1.740000     1.820000   6.859941E+000   1.941136E+000   6.715872E+000   2.014762E+000   4.918805E+000   4.701110E+000   2.176951E-001
   44201      28     1.820000     1.940000   7.844991E+000   1.290556E+000   5.684636E+000   1.705391E+000   6.554435E+000   3.979245E+000   2.575190E+000
   44201      29     1.940000     2.200000   1.524385E+001   4.606800E-001   2.637024E+000   7.911071E-001   1.478317E+001   1.845917E+000   1.293725E+001
   44201      30     2.200000     2.300000   5.897529E+000   1.631910E+000   5.731893E+000   1.719568E+000   4.265619E+000   4.012325E+000   2.532942E-001
   44201      31     2.300000     2.450000   6.412228E+000   1.915632E+000   6.401744E+000   1.920523E+000   4.496596E+000   4.481221E+000   1.537503E-002
   44201      32     2.450000     2.550000   2.808749E+000   5.646120E-001   2.381709E+000   7.145127E-001   2.244137E+000   1.667196E+000   5.769409E-001
   44201      33     2.550000     2.650000   2.466453E+000   1.475381E-001   9.594538E-001   2.878361E-001   2.318915E+000   6.716176E-001   1.647298E+000
   44201      34     2.650000     2.900000   5.107089E+000   1.383789E-005   1.131807E-003   3.395420E-004   5.107075E+000   7.922647E-004   5.106283E+000
   44201      35     2.900000     3.200000   4.829501E+000   3.903927E-001   2.547426E+000   7.642278E-001   4.439108E+000   1.783198E+000   2.655910E+000
   44201      36     3.200000     3.500000   4.479548E+000   1.299772E+000   4.427735E+000   1.328320E+000   3.179776E+000   3.099414E+000   8.036146E-002
   44201      37     3.500000     3.900000   5.317470E+000   7.571327E-001   3.369680E+000   1.010904E+000   4.560338E+000   2.358776E+000   2.201562E+000
   44201      38     3.900000     5.500000   8.889375E+000   6.615547E-002   4.945235E-001   1.483570E-001   8.823220E+000   3.461664E-001   8.477053E+000
   44201      39     5.500000     6.500000   2.171822E+000   6.433515E-001   2.162492E+000   6.487475E-001   1.528470E+000   1.513744E+000   1.472607E-002
   44201      40     6.500000     7.000000   6.459457E-001   4.615455E-002   3.693117E-001   1.107935E-001   5.997912E-001   2.585182E-001   3.412730E-001
   44201      41     7.000000     9.000000   1.525571E+000   3.221501E-002   2.572479E-001   7.717436E-002   1.493356E+000   1.800735E-001   1.313283E+000
   44201      42     9.000000    20.000000   1.633159E+000   2.882369E-002   2.345121E-001   7.035363E-002   1.604335E+000   1.641585E-001   1.440177E+000
   44301       1     0.200000     0.300000   5.582456E-006   3.540013E-006   2.917776E-006   8.753329E-007   2.042443E-006   2.042443E-006  -9.500342E-015
   44301       2     0.300000     0.345000   2.557270E-003   1.374824E-003   1.689209E-003   5.067628E-004   1.182447E-003   1.182447E-003  -8.478979E-013
   44301       3     0.345000     0.385000   2.512764E-003   1.152240E-003   1.943607E-003   5.830820E-004   1.360525E-003   1.360525E-003   3.397626E-012
   44301       4     0.385000     0.420000   1.293223E-002   5.311610E-003   1.088660E-002   3.265979E-003   7.620618E-003   7.620618E-003  -4.842324E-013
   44301       5     0.420000     0.450000   2.349464E-002   8.965829E-003   2.075544E-002   6.226633E-003   1.452881E-002   1.452881E-002  -1.021501E-011
   44301       6     0.450000     0.500000   1.310848E-001   4.710132E-002   1.199763E-001   3.599290E-002   8.398344E-002   8.398344E-002   1.163622E-011
   44301       7     0.500000     0.550000   1.748537E-001   5.938044E-002   1.649618E-001   4.948854E-002   1.154733E-001   1.154733E-001   8.615858E-012
   44301       8     0.550000     0.610000   2.295775E-001   7.513671E-002   2.206297E-001   6.618892E-002   1.544408E-001   1.544408E-001   5.060147E-011
   44301       9     0.610000     0.690000   5.693172E-001   1.805662E-001   5.553585E-001   1.666076E-001   3.887510E-001   3.887510E-001   8.730705E-011
   44301      10     0.690000     0.780000   2.472789E+000   7.671523E-001   2.436624E+000   7.309872E-001   1.705637E+000   1.705637E+000   1.198823E-010
   44301      11     0.780000     0.800000   1.063069E+000   3.229214E-001   1.046063E+000   3.138188E-001   7.401480E-001   7.322438E-001   7.904198E-003
   44301      12     0.800000     0.870000   5.878988E+000   1.800822E+000   5.823910E+000   1.747173E+000   4.078166E+000   4.076737E+000   1.429243E-003
   44301      13     0.870000     0.880000   8.736691E-001   2.598009E-001   8.574559E-001   2.572368E-001   6.138682E-001   6.002191E-001   1.364909E-002
   44301      14     0.880000     1.030000   2.249240E+001   6.829706E+000   2.237433E+001   6.712298E+000   1.566270E+001   1.566203E+001   6.715039E-004
   44301      15     1.030000     1.080000   9.248799E+000   2.418219E+000   8.564515E+000   2.569355E+000   6.830580E+000   5.995161E+000   8.354191E-001
   44301      16     1.080000     1.140000   1.173685E+001   3.469102E+000   1.161311E+001   3.483932E+000   8.267748E+000   8.129175E+000   1.385734E-001
   44301      17     1.140000     1.200000   1.143670E+001   3.434944E+000   1.139399E+001   3.418198E+000   8.001753E+000   7.975795E+000   2.595854E-002
   44301      18     1.200000     1.240000   8.097833E+000   7.960828E-001   4.093459E+000   1.228038E+000   7.301750E+000   2.865421E+000   4.436329E+000
   44301      19     1.240000     1.280000   7.733813E+000   2.137936E+000   7.466283E+000   2.239885E+000   5.595877E+000   5.226398E+000   3.694794E-001
   44301      20     1.280000     1.340000   1.109154E+001   2.090567E+000   8.898831E+000   2.669649E+000   9.000976E+000   6.229182E+000   2.771794E+000
   44301      21     1.340000     1.420000   1.012492E+001   2.723887E+000   9.649734E+000   2.894920E+000   7.401034E+000   6.754814E+000   6.462199E-001
   44301      22     1.420000     1.460000   4.444646E+000   2.754336E-001   1.538504E+000   4.615513E-001   4.169212E+000   1.076953E+000   3.092259E+000
   44301      23     1.460000     1.490000   3.316959E+000   4.632720E-001   2.265209E+000   6.795627E-001   2.853687E+000   1.585646E+000   1.268041E+000
   44301      24     1.490000     1.520000   3.416012E+000   7.247339E-001   2.917007E+000   8.751022E-001   2.691278E+000   2.041905E+000   6.493726E-001
   44301      25     1.520000     1.680000   2.089115E+001   1.389311E+000   7.852844E+000   2.355853E+000   1.950184E+001   5.496991E+000   1.400485E+001
   44301      26     1.680000     1.740000   7.400301E+000   1.971838E+000   7.090465E+000   2.127140E+000   5.428463E+000   4.963326E+000   4.651377E-001
   44301      27     1.740000     1.820000   6.859941E+000   1.941311E+000   6.716092E+000   2.014827E+000   4.918630E+000   4.701264E+000   2.173659E-001
   44301      28     1.820000     1.940000   7.844991E+000   1.290806E+000   5.685255E+000   1.705577E+000   6.554185E+000   3.979679E+000   2.574506E+000
   44301      29     1.940000     2.200000   1.524385E+001   4.608261E-001   2.637515E+000   7.912545E-001   1.478302E+001   1.846260E+000   1.293676E+001
   44301      30     2.200000     2.300000   5.897529E+000   1.631931E+000   5.731918E+000   1.719575E+000   4.265598E+000   4.012343E+000   2.532549E-001
   44301      31     2.300000     2.450000   6.412228E+000   1.915633E+000   6.401746E+000   1.920524E+000   4.496595E+000   4.481222E+000   1.537288E-002
   44301      32     2.450000     2.550000   2.808749E+000   5.647155E-001   2.381911E+000   7.145734E-001   2.244034E+000   1.667338E+000   5.766958E-001
   44301      33     2.550000     2.650000   2.466453E+000   1.475499E-001   9.595629E-001   2.878689E-001   2.318903E+000   6.716941E-001   1.647209E+000
   44301      34     2.650000     2.900000   5.107089E+000   1.383984E-005   1.138842E-003   3.416527E-004   5.107075E+000   7.971896E-004   5.106278E+000
   44301      35     2.900000     3.200000   4.829501E+000   3.905658E-001   2.547991E+000   7.643974E-001   4.438935E+000   1.783594E+000   2.655341E+000
   44301      36     3.200000     3.500000   4.479548E+000   1.299798E+000   4.427766E+000   1.328330E+000   3.179750E+000   3.099436E+000   8.031429E-002
   44301      37     3.500000     3.900000   5.317470E+000   7.571522E-001   3.369690E+000   1.010907E+000   4.560318E+000   2.358783E+000   2.201536E+000
   44301      38     3.900000     5.500000   8.889375E+000   6.619570E-002   4.947325E-001   1.484197E-001   8.823179E+000   3.463127E-001   8.476867E+000
   44301      39     5.500000     6.500000   2.171822E+000   6.433556E-001   2.162496E+000   6.487489E-001   1.528466E+000   1.513747E+000   1.471860E-002
   44301      40     6.500000     7.000000   6.459457E-001   4.614412E-002   3.692709E-001   1.107813E-001   5.998016E-001   2.584896E-001   3.413120E-001
   44301      41     7.000000     9.000000   1.525571E+000   3.222574E-002   2.572646E-001   7.717939E-002   1.493345E+000   1.800852E-001   1.313260E+000
   44301      42     9.000000    20.000000   1.633159E+000   2.888234E-002   2.347607E-001   7.042820E-002   1.604277E+000   1.643325E-001   1.439944E+000
   44401       1     0.200000     0.300000   5.582456E-006   3.540013E-006   2.917776E-006   8.753329E-007   2.042443E-006   2.042443E-006  -9.500342E-015
   44401       2     0.300000     0.345000   2.557270E-003   1.374824E-003   1.689209E-003   5.067628E-004   1.182447E-003   1.182447E-003  -8.478979E-013
   44401       3     0.345000     0.385000   2.512764E-003   1.152240E-003   1.943607E-003   5.830820E-004   1.360525E-003   1.360525E-003   3.397626E-012
   44401       4     0.385000     0.420000   1.293223E-002   5.311610E-003   1.088660E-002   3.265979E-003   7.620618E-003   7.620618E-003  -9.145471E-013
   44401       5     0.420000     0.450000   2.349464E-002   8.965829E-003   2.075544E-002   6.226633E-003   1.452881E-002   1.452881E-002  -1.056453E-011
   44401       6     0.450000     0.500000   1.310848E-001   4.710132E-002   1.199763E-001   3.599290E-002   8.398344E-002   8.398344E-002   1.091614E-011
   44401       7     0.500000     0.550000   1.748537E-001   5.938044E-002   1.649618E-001   4.948854E-002   1.154733E-001   1.154733E-001   1.062136E-011
   44401       8     0.550000     0.610000   2.295775E-001   7.513671E-002   2.206297E-001   6.618892E-002   1.544408E-001   1.544408E-001   5.813949E-011
   44401       9     0.610000     0.690000   5.693172E-001   1.805662E-001   5.553585E-001   1.666076E-001   3.887510E-001   3.887510E-001   9.674678E-011
   44401      10     0.690000     0.780000   2.472789E+000   7.671523E-001   2.436624E+000   7.309872E-001   1.705637E+000   1.705637E+000  -1.056244E-011
   44401      11     0.780000     0.800000   1.063069E+000   3.229214E-001   1.046063E+000   3.138188E-001   7.401480E-001   7.322439E-001   7.904150E-003
   44401      12     0.800000     0.870000   5.878988E+000   1.800822E+000   5.823910E+000   1.747173E+000   4.078166E+000   4.076737E+000   1.429311E-003
   44401      13     0.870000     0.880000   8.736691E-001   2.598014E-001   8.574566E-001   2.572370E-001   6.138676E-001   6.002196E-001   1.364803E-002
   44401      14     0.880000     1.030000   2.249240E+001   6.829706E+000   2.237433E+001   6.712298E+000   1.566270E+001   1.566203E+001   6.714210E-004
   44401      15     1.030000     1.080000   9.248799E+000   2.418231E+000   8.564522E+000   2.569357E+000   6.830567E+000   5.995166E+000   8.354016E-001
   44401      16     1.080000     1.140000   1.173685E+001   3.469103E+000   1.161311E+001   3.483932E+000   8.267747E+000   8.129175E+000   1.385724E-001
   44401      17     1.140000     1.200000   1.143670E+001   3.434944E+000   1.139399E+001   3.418198E+000   8.001753E+000   7.975795E+000   2.595862E-002
   44401      18     1.200000     1.240000   8.097833E+000   7.962307E-001   4.093834E+000   1.228150E+000   7.301602E+000   2.865684E+000   4.435918E+000
   44401      19     1.240000     1.280000   7.733813E+000   2.137959E+000   7.466312E+000   2.239894E+000   5.595854E+000   5.226419E+000   3.694356E-001
   44401      20     1.280000     1.340000   1.109154E+001   2.090635E+000   8.898914E+000   2.669674E+000   9.000908E+000   6.229240E+000   2.771668E+000
   44401      21     1.340000     1.420000   1.012492E+001   2.723924E+000   9.649780E+000   2.894934E+000   7.400997E+000   6.754846E+000   6.461506E-001
   44401      22     1.420000     1.460000   4.444646E+000   2.755118E-001   1.538829E+000   4.616486E-001   4.169134E+000   1.077180E+000   3.091954E+000
   44401      23     1.460000     1.490000   3.316959E+000   4.633413E-001   2.265320E+000   6.795961E-001   2.853618E+000   1.585724E+000   1.267893E+000
   44401      24     1.490000     1.520000   3.416012E+000   7.247828E-001   2.917079E+000   8.751237E-001   2.691229E+000   2.041955E+000   6.492735E-001
   44401      25     1.520000     1.680000   2.089115E+001   1.389705E+000   7.854183E+000   2.356255E+000   1.950144E+001   5.497928E+000   1.400351E+001
   44401      26     1.680000     1.740000   7.400301E+000   1.971868E+000   7.090502E+000   2.127151E+000   5.428433E+000   4.963351E+000   4.650816E-001
   44401      27     1.740000     1.820000   6.859941E+000   1.941486E+000   6.716310E+000   2.014893E+000   4.918456E+000   4.701417E+000   2.170386E-001
   44401      28     1.820000     1.940000   7.844991E+000   1.291056E+000   5.685871E+000   1.705761E+000   6.553935E+000   3.980110E+000   2.573826E+000
   44401      29     1.940000     2.200000   1.524385E+001   4.609715E-001   2.638003E+000   7.914010E-001   1.478288E+001   1.846602E+000   1.293628E+001
   44401      30     2.200000     2.300000   5.897529E+000   1.631952E+000   5.731944E+000   1.719583E+000   4.265577E+000   4.012361E+000   2.532159E-001
   44401      31     2.300000     2.450000   6.412228E+000   1.915634E+000   6.401747E+000   1.920524E+000   4.496594E+000   4.481223E+000   1.537074E-002
   44401      32     2.450000     2.550000   2.808749E+000   5.648185E-001   2.382112E+000   7.146337E-001   2.243931E+000   1.667479E+000   5.764520E-001
   44401      33     2.550000     2.650000   2.466453E+000   1.475616E-001   9.596715E-001   2.879015E-001   2.318892E+000   6.717701E-001   1.647122E+000
   44401      34     2.650000     2.900000   5.107089E+000   1.384180E-005   1.145880E-003   3.437639E-004   5.107075E+000   8.021159E-004   5.106273E+000
   44401      35     2.900000     3.200000   4.829501E+000   3.907380E-001   2.548554E+000   7.645661E-001   4.438763E+000   1.783988E+000   2.654775E+000
   44401      36     3.200000     3.500000   4.479548E+000   1.299823E+000   4.427796E+000   1.328339E+000   3.179725E+000   3.099457E+000   8.026739E-002
   44401      37     3.500000     3.900000   5.317470E+000   7.571717E-001   3.369699E+000   1.010910E+000   4.560299E+000   2.358790E+000   2.201509E+000
   44401      38     3.900000     5.500000   8.889375E+000   6.623574E-002   4.949404E-001   1.484821E-001   8.823139E+000   3.464582E-001   8.476681E+000
   44401      39     5.500000     6.500000   2.171822E+000   6.433598E-001   2.162501E+000   6.487503E-001   1.528462E+000   1.513751E+000   1.471117E-002
   44401      40     6.500000     7.000000   6.459457E-001   4.613374E-002   3.692303E-001   1.107691E-001   5.998120E-001   2.584612E-001   3.413508E-001
   44401      41     7.000000     9.000000   1.525571E+000   3.223641E-002   2.572813E-001   7.718440E-002   1.493335E+000   1.800969E-001   1.313238E+000
   44401      42     9.000000    20.000000   1.633159E+000   2.894082E-002   2.350083E-001   7.050249E-002   1.604218E+000   1.645058E-001   1.439712E+000
   44501       1     0.200000     0.300000   5.582456E-006   3.540013E-006   2.917776E-006   8.753329E-007   2.042443E-006   2.042443E-006  -9.500342E-015
   44501       2     0.300000     0.345000   2.557270E-003   1.374824E-003   1.689209E-003   5.067628E-004   1.182447E-003   1.182447E-003  -8.478979E-013
   44501       3     0.345000     0.385000   2.512764E-003   1.152240E-003   1.943607E-003   5.830820E-004   1.360525E-003   1.360525E-003   3.397626E-012
   44501       4     0.385000     0.420000   1.293223E-002   5.311610E-003   1.088660E-002   3.265979E-003   7.620618E-003   7.620618E-003  -9.145471E-013
   44501       5     0.420000     0.450000   2.349464E-002   8.965829E-003   2.075544E-002   6.226633E-003   1.452881E-002   1.452881E-002  -9.471647E-012
   44501       6     0.450000     0.500000   1.310848E-001   4.710132E-002   1.199763E-001   3.599290E-002   8.398344E-002   8.398344E-002   6.862982E-012
   44501       7     0.500000     0.550000   1.748537E-001   5.938044E-002   1.649618E-001   4.948854E-002   1.154733E-001   1.154733E-001   7.746692E-012
   44501       8     0.550000     0.610000   2.295775E-001   7.513671E-002   2.206297E-001   6.618892E-002   1.544408E-001   1.544408E-001   6.709078E-011
   44501       9     0.610000     0.690000   5.693172E-001   1.805662E-001   5.553585E-001   1.666076E-001   3.887510E-001   3.887510E-001   8.915896E-011
   44501      10     0.690000     0.780000   2.472789E+000   7.671523E-001   2.436624E+000   7.309872E-001   1.705637E+000   1.705637E+000   6.512124E-011
   44501      11     0.780000     0.800000   1.063069E+000   3.229214E-001   1.046063E+000   3.138188E-001   7.401480E-001   7.322439E-001   7.904101E-003
   44501      12     0.800000     0.870000   5.878988E+000   1.800822E+000   5.823910E+000   1.747173E+000   4.078166E+000   4.076737E+000   1.429377E-003
   44501      13     0.870000     0.880000   8.736691E-001   2.598020E-001   8.574572E-001   2.572372E-001   6.138670E-001   6.002201E-001   1.364697E-002
   44501      14     0.880000     1.030000   2.249240E+001   6.829706E+000   2.237433E+001   6.712298E+000   1.566270E+001   1.566203E+001   6.713386E-004
   44501      15     1.030000     1.080000   9.248799E+000   2.418244E+000   8.564530E+000   2.569359E+000   6.830555E+000   5.995171E+000   8.353843E-001
   44501      16     1.080000     1.140000   1.173685E+001   3.469103E+000   1.161311E+001   3.483932E+000   8.267747E+000   8.129175E+000   1.385714E-001
   44501      17     1.140000     1.200000   1.143670E+001   3.434943E+000   1.139399E+001   3.418198E+000   8.001753E+000   7.975795E+000   2.595870E-002
   44501      18     1.200000     1.240000   8.097833E+000   7.963779E-001   4.094208E+000   1.228262E+000   7.301455E+000   2.865945E+000   4.435509E+000
   44501      19     1.240000     1.280000   7.733813E+000   2.137982E+000   7.466341E+000   2.239902E+000   5.595831E+000   5.226439E+000   3.693920E-001
   44501      20     1.280000     1.340000   1.109154E+001   2.090703E+000   8.898997E+000   2.669699E+000   9.000840E+000   6.229298E+000   2.771542E+000
   44501      21     1.340000     1.420000   1.012492E+001   2.723961E+000   9.649826E+000   2.894948E+000   7.400960E+000   6.754878E+000   6.460817E-001
   44501      22     1.420000     1.460000   4.444646E+000   2.755896E-001   1.539152E+000   4.617455E-001   4.169056E+000   1.077406E+000   3.091650E+000
   44501      23     1.460000     1.490000   3.316959E+000   4.634101E-001   2.265431E+000   6.796293E-001   2.853549E+000   1.585802E+000   1.267747E+000
   44501      24     1.490000     1.520000   3.416012E+000   7.248314E-001   2.917150E+000   8.751451E-001   2.691180E+000   2.042005E+000   6.491749E-001
   44501      25     1.520000     1.680000   2.089115E+001   1.390098E+000   7.855515E+000   2.356655E+000   1.950105E+001   5.498861E+000   1.400219E+001
   44501      26     1.680000     1.740000   7.400301E+000   1.971898E+000   7.090539E+000   2.127162E+000   5.428403E+000   4.963377E+000   4.650259E-001
   44501      27     1.740000     1.820000   6.859941E+000   1.941659E+000   6.716527E+000   2.014958E+000   4.918282E+000   4.701569E+000   2.167130E-001
   44501      28     1.820000     1.940000   7.844991E+000   1.291304E+000   5.686484E+000   1.705945E+000   6.553687E+000   3.980539E+000   2.573149E+000
   44501      29     1.940000     2.200000   1.524385E+001   4.611161E-001   2.638489E+000   7.915468E-001   1.478273E+001   1.846942E+000   1.293579E+001
   44501      30     2.200000     2.300000   5.897529E+000   1.631973E+000   5.731969E+000   1.719591E+000   4.265556E+000   4.012379E+000   2.531770E-001
   44501      31     2.300000     2.450000   6.412228E+000   1.915636E+000   6.401748E+000   1.920525E+000   4.496592E+000   4.481224E+000   1.536861E-002
   44501      32     2.450000     2.550000   2.808749E+000   5.649209E-001   2.382313E+000   7.146938E-001   2.243828E+000   1.667619E+000   5.762095E-001
   44501      33     2.550000     2.650000   2.466453E+000   1.475732E-001   9.597796E-001   2.879339E-001   2.318880E+000   6.718457E-001   1.647034E+000
   44501      34     2.650000     2.900000   5.107089E+000   1.384375E-005   1.152920E-003   3.458760E-004   5.107075E+000   8.070440E-004   5.106268E+000
   44501      35     2.900000     3.200000   4.829501E+000   3.909094E-001   2.549113E+000   7.647339E-001   4.438592E+000   1.784379E+000   2.654212E+000
   44501      36     3.200000     3.500000   4.479548E+000   1.299848E+000   4.427827E+000   1.328348E+000   3.179700E+000   3.099479E+000   8.022077E-002
   44501      37     3.500000     3.900000   5.317470E+000   7.571910E-001   3.369709E+000   1.010913E+000   4.560279E+000   2.358796E+000   2.201483E+000
   44501      38     3.900000     5.500000   8.889375E+000   6.627560E-002   4.951472E-001   1.485442E-001   8.823100E+000   3.466030E-001   8.476497E+000
   44501      39     5.500000     6.500000   2.171822E+000   6.433639E-001   2.162506E+000   6.487517E-001   1.528458E+000   1.513754E+000   1.470379E-002
   44501      40     6.500000     7.000000   6.459457E-001   4.612343E-002   3.691899E-001   1.107570E-001   5.998223E-001   2.584329E-001   3.413894E-001
   44501      41     7.000000     9.000000   1.525571E+000   3.224701E-002   2.572980E-001   7.718939E-002   1.493324E+000   1.801086E-001   1.313215E+000
   44501      42     9.000000    20.000000   1.633159E+000   2.899913E-002   2.352550E-001   7.057651E-002   1.604160E+000   1.646785E-001   1.439481E+000
   44601       1     0.200000     0.300000   5.582456E-006   3.540013E-006   2.917776E-006   8.753329E-007   2.042443E-006   2.042443E-006  -9.500342E-015
   44601       2     0.300000     0.345000   2.557270E-003   1.374824E-003   1.689209E-003   5.067628E-004   1.182447E-003   1.182447E-003  -8.478979E-013
   44601       3     0.345000     0.385000   2.512764E-003   1.152240E-003   1.943607E-003   5.830820E-004   1.360525E-003   1.360525E-003   3.397626E-012
   44601       4     0.385000     0.420000   1.293223E-002   5.311610E-003   1.088660E-002   3.265979E-003   7.620618E-003   7.620618E-003   6.379975E-013
   44601       5     0.420000     0.450000   2.349464E-002   8.965829E-003   2.075544E-002   6.226633E-003   1.452881E-002   1.452881E-002  -8.682412E-012
   44601       6     0.450000     0.500000   1.310848E-001   4.710132E-002   1.199763E-001   3.599290E-002   8.398344E-002   8.398344E-002   4.997475E-012
   44601       7     0.500000     0.550000   1.748537E-001   5.938044E-002   1.649618E-001   4.948854E-002   1.154733E-001   1.154733E-001   2.461698E-012
   44601       8     0.550000     0.610000   2.295775E-001   7.513671E-002   2.206297E-001   6.618892E-002   1.544408E-001   1.544408E-001   6.708761E-011
   44601       9     0.610000     0.690000   5.693172E-001   1.805662E-001   5.553585E-001   1.666076E-001   3.887510E-001   3.887510E-001   7.062673E-011
   44601      10     0.690000     0.780000   2.472789E+000   7.671523E-001   2.436624E+000   7.309872E-001   1.705637E+000   1.705637E+000   7.681922E-011
   44601      11     0.780000     0.800000   1.063069E+000   3.229214E-001   1.046063E+000   3.138188E-001   7.401480E-001   7.322439E-001   7.904053E-003
   44601      12     0.800000     0.870000   5.878988E+000   1.800822E+000   5.823910E+000   1.747173E+000   4.078166E+000   4.076737E+000   1.429444E-003
   44601      13     0.870000     0.880000   8.736691E-001   2.598026E-001   8.574579E-001   2.572374E-001   6.138664E-001   6.002205E-001   1.364591E-002
   44601      14     0.880000     1.030000   2.249240E+001   6.829706E+000   2.237433E+001   6.712298E+000   1.566270E+001   1.566203E+001   6.712566E-004
   44601      15     1.030000     1.080000   9.248799E+000   2.418256E+000   8.564537E+000   2.569361E+000   6.830543E+000   5.995176E+000   8.353670E-001
   44601      16     1.080000     1.140000   1.173685E+001   3.469104E+000   1.161311E+001   3.483932E+000   8.267746E+000   8.129176E+000   1.385705E-001
   44601      17     1.140000     1.200000   1.143670E+001   3.434943E+000   1.139399E+001   3.418198E+000   8.001753E+000   7.975795E+000   2.595877E-002
   44601      18     1.200000     1.240000   8.097833E+000   7.965242E-001   4.094579E+000   1.228374E+000   7.301309E+000   2.866205E+000   4.435103E+000
   44601      19     1.240000     1.280000   7.733813E+000   2.138005E+000   7.466371E+000   2.239911E+000   5.595808E+000   5.226459E+000   3.693486E-001
   44601      20     1.280000     1.340000   1.109154E+001   2.090770E+000   8.899079E+000   2.669724E+000   9.000773E+000   6.229356E+000   2.771417E+000
   44601      21     1.340000     1.420000   1.012492E+001   2.723998E+000   9.649871E+000   2.894961E+000   7.400923E+000   6.754909E+000   6.460132E-001
   44601      22     1.420000     1.460000   4.444646E+000   2.756671E-001   1.539473E+000   4.618418E-001   4.168979E+000   1.077631E+000   3.091348E+000
   44601      23     1.460000     1.490000   3.316959E+000   4.634786E-001   2.265541E+000   6.796623E-001   2.853480E+000   1.585879E+000   1.267602E+000
   44601      24     1.490000     1.520000   3.416012E+000   7.248798E-001   2.917221E+000   8.751664E-001   2.691132E+000   2.042055E+000   6.490769E-001
   44601      25     1.520000     1.680000   2.089115E+001   1.390488E+000   7.856839E+000   2.357052E+000   1.950066E+001   5.499788E+000   1.400087E+001
   44601      26     1.680000     1.740000   7.400301E+000   1.971928E+000   7.090575E+000   2.127173E+000   5.428373E+000   4.963403E+000   4.649704E-001
   44601      27     1.740000     1.820000   6.859941E+000   1.941832E+000   6.716743E+000   2.015023E+000   4.918110E+000   4.701720E+000   2.163894E-001
   44601      28     1.820000     1.940000   7.844991E+000   1.291550E+000   5.687093E+000   1.706128E+000   6.553441E+000   3.980965E+000   2.572475E+000
   44601      29     1.940000     2.200000   1.524385E+001   4.612599E-001   2.638972E+000   7.916917E-001   1.478259E+001   1.847281E+000   1.293531E+001
   44601      30     2.200000     2.300000   5.897529E+000   1.631994E+000   5.731995E+000   1.719598E+000   4.265535E+000   4.012396E+000   2.531385E-001
   44601      31     2.300000     2.450000   6.412228E+000   1.915637E+000   6.401750E+000   1.920525E+000   4.496591E+000   4.481225E+000   1.536649E-002
   44601      32     2.450000     2.550000   2.808749E+000   5.650227E-001   2.382512E+000   7.147535E-001   2.243726E+000   1.667758E+000   5.759684E-001
   44601      33     2.550000     2.650000   2.466453E+000   1.475848E-001   9.598871E-001   2.879661E-001   2.318869E+000   6.719209E-001   1.646948E+000
   44601      34     2.650000     2.900000   5.107089E+000   1.384569E-005   1.159962E-003   3.479885E-004   5.107075E+000   8.119731E-004   5.106263E+000
   44601      35     2.900000     3.200000   4.829501E+000   3.910799E-001   2.549669E+000   7.649008E-001   4.438421E+000   1.784769E+000   2.653652E+000
   44601      36     3.200000     3.500000   4.479548E+000   1.299873E+000   4.427857E+000   1.328357E+000   3.179675E+000   3.099500E+000   8.017442E-002
   44601      37     3.500000     3.900000   5.317470E+000   7.572102E-001   3.369719E+000   1.010916E+000   4.560260E+000   2.358803E+000   2.201457E+000
   44601      38     3.900000     5.500000   8.889375E+000   6.631526E-002   4.953530E-001   1.486059E-001   8.823060E+000   3.467471E-001   8.476313E+000
   44601      39     5.500000     6.500000   2.171822E+000   6.433680E-001   2.162510E+000   6.487530E-001   1.528454E+000   1.513757E+000   1.469652E-002
   44601      40     6.500000     7.000000   6.459457E-001   4.611297E-002   3.691490E-001   1.107447E-001   5.998328E-001   2.584043E-001   3.414284E-001
   44601      41     7.000000     9.000000   1.525571E+000   3.225752E-002   2.573149E-001   7.719448E-002   1.493314E+000   1.801204E-001   1.313193E+000
   44601      42     9.000000    20.000000   1.633159E+000   2.905727E-002   2.355008E-001   7.065025E-002   1.604102E+000   1.648506E-001   1.439251E+000
   44701       1     0.200000     0.300000   5.582456E-006   3.540013E-006   2.917776E-006   8.753329E-007   2.042443E-006   2.042443E-006  -9.500342E-015
   44701       2     0.300000     0.345000   2.557270E-003   1.374824E-003   1.689209E-003   5.067628E-004   1.182447E-003   1.182447E-003  -8.478979E-013
   44701       3     0.345000     0.385000   2.512764E-003   1.152240E-003   1.943607E-003   5.830820E-004   1.360525E-003   1.360525E-003   3.397626E-012
   44701       4     0.385000     0.420000   1.293223E-002   5.311610E-003   1.088660E-002   3.265979E-003   7.620618E-003   7.620618E-003   6.379975E-013
   44701       5     0.420000     0.450000   2.349464E-002   8.965829E-003   2.075544E-002   6.226633E-003   1.452881E-002   1.452881E-002  -9.462080E-012
   44701       6     0.450000     0.500000   1.310848E-001   4.710132E-002   1.199763E-001   3.599290E-002   8.398344E-002   8.398344E-002   3.530440E-012
   44701       7     0.500000     0.550000   1.748537E-001   5.938044E-002   1.649618E-001   4.948854E-002   1.154733E-001   1.154733E-001   5.550005E-013
   44701       8     0.550000     0.610000   2.295775E-001   7.513671E-002   2.206297E-001   6.618892E-002   1.544408E-001   1.544408E-001   6.687959E-011
   44701       9     0.610000     0.690000   5.693172E-001   1.805662E-001   5.553585E-001   1.666076E-001   3.887510E-001   3.887510E-001   5.365203E-011
   44701      10     0.690000     0.780000   2.472789E+000   7.671523E-001   2.436624E+000   7.309872E-001   1.705637E+000   1.705637E+000   9.370327E-011
   44701      11     0.780000     0.800000   1.063069E+000   3.229215E-001   1.046063E+000   3.138188E-001   7.401479E-001   7.322439E-001   7.904006E-003
   44701      12     0.800000     0.870000   5.878988E+000   1.800822E+000   5.823910E+000   1.747173E+000   4.078166E+000   4.076737E+000   1.429510E-003
   44701      13     0.870000     0.880000   8.736691E-001   2.598032E-001   8.574586E-001   2.572376E-001   6.138659E-001   6.002210E-001   1.364487E-002
   44701      14     0.880000     1.030000   2.249240E+001   6.829706E+000   2.237433E+001   6.712298E+000   1.566270E+001   1.566203E+001   6.711759E-004
   44701      15     1.030000     1.080000   9.248799E+000   2.418268E+000   8.564544E+000   2.569363E+000   6.830531E+000   5.995181E+000   8.353500E-001
   44701      16     1.080000     1.140000   1.173685E+001   3.469104E+000   1.161311E+001   3.483933E+000   8.267746E+000   8.129176E+000   1.385696E-001
   44701      17     1.140000     1.200000   1.143670E+001   3.434943E+000   1.139399E+001   3.418198E+000   8.001753E+000   7.975795E+000   2.595886E-002
   44701      18     1.200000     1.240000   8.097833E+000   7.966695E-001   4.094948E+000   1.228484E+000   7.301163E+000   2.866464E+000   4.434700E+000
   44701      19     1.240000     1.280000   7.733813E+000   2.138028E+000   7.466399E+000   2.239920E+000   5.595785E+000   5.226480E+000   3.693058E-001
   44701      20     1.280000     1.340000   1.109154E+001   2.090837E+000   8.899161E+000   2.669748E+000   9.000706E+000   6.229413E+000   2.771293E+000
   44701      21     1.340000     1.420000   1.012492E+001   2.724035E+000   9.649915E+000   2.894975E+000   7.400886E+000   6.754941E+000   6.459454E-001
   44701      22     1.420000     1.460000   4.444646E+000   2.757438E-001   1.539791E+000   4.619373E-001   4.168902E+000   1.077854E+000   3.091048E+000
   44701      23     1.460000     1.490000   3.316959E+000   4.635464E-001   2.265650E+000   6.796949E-001   2.853413E+000   1.585955E+000   1.267458E+000
   44701      24     1.490000     1.520000   3.416012E+000   7.249276E-001   2.917291E+000   8.751874E-001   2.691084E+000   2.042104E+000   6.489800E-001
   44701      25     1.520000     1.680000   2.089115E+001   1.390876E+000   7.858154E+000   2.357446E+000   1.950027E+001   5.500708E+000   1.399956E+001
   44701      26     1.680000     1.740000   7.400301E+000   1.971958E+000   7.090611E+000   2.127183E+000   5.428344E+000   4.963428E+000   4.649157E-001
   44701      27     1.740000     1.820000   6.859941E+000   1.942002E+000   6.716956E+000   2.015087E+000   4.917940E+000   4.701869E+000   2.160705E-001
   44701      28     1.820000     1.940000   7.844991E+000   1.291795E+000   5.687697E+000   1.706309E+000   6.553196E+000   3.981388E+000   2.571809E+000
   44701      29     1.940000     2.200000   1.524385E+001   4.614024E-001   2.639451E+000   7.918354E-001   1.478245E+001   1.847616E+000   1.293483E+001
   44701      30     2.200000     2.300000   5.897529E+000   1.632015E+000   5.732020E+000   1.719606E+000   4.265514E+000   4.012414E+000   2.531002E-001
   44701      31     2.300000     2.450000   6.412228E+000   1.915638E+000   6.401751E+000   1.920525E+000   4.496590E+000   4.481226E+000   1.536440E-002
   44701      32     2.450000     2.550000   2.808749E+000   5.651235E-001   2.382708E+000   7.148125E-001   2.243626E+000   1.667896E+000   5.757299E-001
   44701      33     2.550000     2.650000   2.466453E+000   1.475959E-001   9.599926E-001   2.879978E-001   2.318857E+000   6.719948E-001   1.646863E+000
   44701      34     2.650000     2.900000   5.107089E+000   1.384763E-005   1.166960E-003   3.500879E-004   5.107075E+000   8.168718E-004   5.106258E+000
   44701      35     2.900000     3.200000   4.829501E+000   3.912488E-001   2.550220E+000   7.650661E-001   4.438252E+000   1.785154E+000   2.653098E+000
   44701      36     3.200000     3.500000   4.479548E+000   1.299898E+000   4.427888E+000   1.328366E+000   3.179650E+000   3.099521E+000   8.012863E-002
   44701      37     3.500000     3.900000   5.317470E+000   7.572292E-001   3.369728E+000   1.010918E+000   4.560241E+000   2.358810E+000   2.201432E+000
   44701      38     3.900000     5.500000   8.889375E+000   6.635464E-002   4.955577E-001   1.486673E-001   8.823021E+000   3.468904E-001   8.476130E+000
   44701      39     5.500000     6.500000   2.171822E+000   6.433721E-001   2.162515E+000   6.487544E-001   1.528450E+000   1.513760E+000   1.468930E-002
   44701      40     6.500000     7.000000   6.459457E-001   4.610269E-002   3.691088E-001   1.107327E-001   5.998430E-001   2.583762E-001   3.414668E-001
   44701      41     7.000000     9.000000   1.525571E+000   3.226790E-002   2.573317E-001   7.719951E-002   1.493303E+000   1.801322E-001   1.313171E+000
   44701      42     9.000000    20.000000   1.633159E+000   2.911461E-002   2.357431E-001   7.072294E-002   1.604044E+000   1.650202E-001   1.439024E+000
   44801       1     0.200000     0.300000   5.582456E-006   3.540013E-006   2.917776E-006   8.753329E-007   2.042443E-006   2.042443E-006  -9.500342E-015
   44801       2     0.300000     0.345000   2.557270E-003   1.374824E-003   1.689209E-003   5.067628E-004   1.182447E-003   1.182447E-003  -8.478979E-013
   44801       3     0.345000     0.385000   2.512764E-003   1.152240E-003   1.943607E-003   5.830820E-004   1.360525E-003   1.360525E-003   3.397626E-012
   44801       4     0.385000     0.420000   1.293223E-002   5.311610E-003   1.088660E-002   3.265979E-003   7.620618E-003   7.620618E-003   6.379975E-013
   44801       5     0.420000     0.450000   2.349464E-002   8.965829E-003   2.075544E-002   6.226633E-003   1.452881E-002   1.452881E-002  -1.097725E-011
   44801       6     0.450000     0.500000   1.310848E-001   4.710132E-002   1.199763E-001   3.599290E-002   8.398344E-002   8.398344E-002   3.205769E-013
   44801       7     0.500000     0.550000   1.748537E-001   5.938044E-002   1.649618E-001   4.948854E-002   1.154733E-001   1.154733E-001   3.926595E-012
   44801       8     0.550000     0.610000   2.295775E-001   7.513671E-002   2.206297E-001   6.618892E-002   1.544408E-001   1.544408E-001   5.340570E-011
   44801       9     0.610000     0.690000   5.693172E-001   1.805662E-001   5.553585E-001   1.666076E-001   3.887510E-001   3.887510E-001   5.931461E-011
   44801      10     0.690000     0.780000   2.472789E+000   7.671523E-001   2.436624E+000   7.309872E-001   1.705637E+000   1.705637E+000   8.376611E-011
   44801      11     0.780000     0.800000   1.063069E+000   3.229215E-001   1.046063E+000   3.138188E-001   7.401479E-001   7.322439E-001   7.903960E-003
   44801      12     0.800000     0.870000   5.878988E+000   1.800822E+000   5.823910E+000   1.747173E+000   4.078166E+000   4.076737E+000   1.429576E-003
   44801      13     0.870000     0.880000   8.736691E-001   2.598038E-001   8.574592E-001   2.572378E-001   6.138653E-001   6.002214E-001   1.364384E-002
   44801      14     0.880000     1.030000   2.249240E+001   6.829706E+000   2.237433E+001   6.712298E+000   1.566270E+001   1.566203E+001   6.710960E-004
   44801      15     1.030000     1.080000   9.248799E+000   2.418280E+000   8.564551E+000   2.569365E+000   6.830519E+000   5.995186E+000   8.353331E-001
   44801      16     1.080000     1.140000   1.173685E+001   3.469105E+000   1.161311E+001   3.483933E+000   8.267745E+000   8.129177E+000   1.385687E-001
   44801      17     1.140000     1.200000   1.143670E+001   3.434943E+000   1.139399E+001   3.418198E+000   8.001753E+000   7.975794E+000   2.595896E-002
   44801      18     1.200000     1.240000   8.097833E+000   7.968138E-001   4.095315E+000   1.228594E+000   7.301019E+000   2.866720E+000   4.434299E+000
   44801      19     1.240000     1.280000   7.733813E+000   2.138050E+000   7.466428E+000   2.239928E+000   5.595763E+000   5.226500E+000   3.692634E-001
   44801      20     1.280000     1.340000   1.109154E+001   2.090903E+000   8.899242E+000   2.669773E+000   9.000640E+000   6.229469E+000   2.771170E+000
   44801      21     1.340000     1.420000   1.012492E+001   2.724071E+000   9.649960E+000   2.894988E+000   7.400850E+000   6.754972E+000   6.458781E-001
   44801      22     1.420000     1.460000   4.444646E+000   2.758201E-001   1.540106E+000   4.620319E-001   4.168826E+000   1.078075E+000   3.090751E+000
   44801      23     1.460000     1.490000   3.316959E+000   4.636135E-001   2.265757E+000   6.797271E-001   2.853345E+000   1.586030E+000   1.267315E+000
   44801      24     1.490000     1.520000   3.416012E+000   7.249750E-001   2.917361E+000   8.752083E-001   2.691037E+000   2.042153E+000   6.488839E-001
   44801      25     1.520000     1.680000   2.089115E+001   1.391260E+000   7.859460E+000   2.357838E+000   1.949989E+001   5.501622E+000   1.399827E+001
   44801      26     1.680000     1.740000   7.400301E+000   1.971987E+000   7.090647E+000   2.127194E+000   5.428314E+000   4.963453E+000   4.648615E-001
   44801      27     1.740000     1.820000   6.859941E+000   1.942170E+000   6.717166E+000   2.015150E+000   4.917772E+000   4.702016E+000   2.157553E-001
   44801      28     1.820000     1.940000   7.844991E+000   1.292037E+000   5.688295E+000   1.706489E+000   6.552954E+000   3.981807E+000   2.571148E+000
   44801      29     1.940000     2.200000   1.524385E+001   4.615439E-001   2.639926E+000   7.919779E-001   1.478231E+001   1.847949E+000   1.293436E+001
   44801      30     2.200000     2.300000   5.897529E+000   1.632035E+000   5.732045E+000   1.719613E+000   4.265494E+000   4.012431E+000   2.530622E-001
   44801      31     2.300000     2.450000   6.412228E+000   1.915639E+000   6.401752E+000   1.920526E+000   4.496589E+000   4.481227E+000   1.536233E-002
   44801      32     2.450000     2.550000   2.808749E+000   5.652232E-001   2.382903E+000   7.148710E-001   2.243526E+000   1.668032E+000   5.754937E-001
   44801      33     2.550000     2.650000   2.466453E+000   1.476066E-001   9.600966E-001   2.880290E-001   2.318847E+000   6.720676E-001   1.646779E+000
   44801      34     2.650000     2.900000   5.107089E+000   1.384956E-005   1.173929E-003   3.521786E-004   5.107075E+000   8.217500E-004   5.106254E+000
   44801      35     2.900000     3.200000   4.829501E+000   3.914163E-001   2.550767E+000   7.652300E-001   4.438085E+000   1.785537E+000   2.652548E+000
   44801      36     3.200000     3.500000   4.479548E+000   1.299922E+000   4.427917E+000   1.328375E+000   3.179625E+000   3.099542E+000   8.008330E-002
   44801      37     3.500000     3.900000   5.317470E+000   7.572481E-001   3.369737E+000   1.010921E+000   4.560222E+000   2.358816E+000   2.201406E+000
   44801      38     3.900000     5.500000   8.889375E+000   6.639376E-002   4.957615E-001   1.487285E-001   8.822981E+000   3.470331E-001   8.475948E+000
   44801      39     5.500000     6.500000   2.171822E+000   6.433761E-001   2.162519E+000   6.487557E-001   1.528446E+000   1.513763E+000   1.468212E-002
   44801      40     6.500000     7.000000   6.459457E-001   4.609258E-002   3.690693E-001   1.107208E-001   5.998531E-001   2.583485E-001   3.415047E-001
   44801      41     7.000000     9.000000   1.525571E+000   3.227822E-002   2.573482E-001   7.720447E-002   1.493293E+000   1.801438E-001   1.313149E+000
   44801      42     9.000000    20.000000   1.633159E+000   2.917137E-002   2.359828E-001   7.079483E-002   1.603988E+000   1.651879E-001   1.438800E+000
   44901       1     0.200000     0.300000   5.582456E-006   3.540013E-006   2.917776E-006   8.753329E-007   2.042443E-006   2.042443E-006  -9.500342E-015
   44901       2     0.300000     0.345000   2.557270E-003   1.374824E-003   1.689209E-003   5.067628E-004   1.182447E-003   1.182447E-003  -8.478979E-013
   44901       3     0.345000     0.385000   2.512764E-003   1.152240E-003   1.943607E-003   5.830820E-004   1.360525E-003   1.360525E-003   3.397626E-012
   44901       4     0.385000     0.420000   1.293223E-002   5.311610E-003   1.088660E-002   3.265979E-003   7.620618E-003   7.620618E-003   6.379975E-013
   44901       5     0.420000     0.450000   2.349464E-002   8.965829E-003   2.075544E-002   6.226633E-003   1.452881E-002   1.452881E-002  -1.157778E-011
   44901       6     0.450000     0.500000   1.310848E-001   4.710132E-002   1.199763E-001   3.599290E-002   8.398344E-002   8.398344E-002  -1.131276E-012
   44901       7     0.500000     0.550000   1.748537E-001   5.938044E-002   1.649618E-001   4.948854E-002   1.154733E-001   1.154733E-001   9.999224E-013
   44901       8     0.550000     0.610000   2.295775E-001   7.513671E-002   2.206297E-001   6.618892E-002   1.544408E-001   1.544408E-001   4.973355E-011
   44901       9     0.610000     0.690000   5.693172E-001   1.805662E-001   5.553585E-001   1.666076E-001   3.887510E-001   3.887510E-001   5.696388E-011
   44901      10     0.690000     0.780000   2.472789E+000   7.671523E-001   2.436624E+000   7.309872E-001   1.705637E+000   1.705637E+000   6.584733E-011
   44901      11     0.780000     0.800000   1.063069E+000   3.229215E-001   1.046063E+000   3.138188E-001   7.401479E-001   7.322440E-001   7.903913E-003
   44901      12     0.800000     0.870000   5.878988E+000   1.800822E+000   5.823910E+000   1.747173E+000   4.078166E+000   4.076737E+000   1.429641E-003
   44901      13     0.870000     0.880000   8.736691E-001   2.598044E-001   8.574599E-001   2.572380E-001   6.138647E-001   6.002219E-001   1.364281E-002
   44901      14     0.880000     1.030000   2.249240E+001   6.829706E+000   2.237433E+001   6.712298E+000   1.566270E+001   1.566203E+001   6.710167E-004
   44901      15     1.030000     1.080000   9.248799E+000   2.418292E+000   8.564558E+000   2.569367E+000   6.830507E+000   5.995191E+000   8.353164E-001
   44901      16     1.080000     1.140000   1.173685E+001   3.469105E+000   1.161311E+001   3.483933E+000   8.267745E+000   8.129177E+000   1.385678E-001
   44901      17     1.140000     1.200000   1.143670E+001   3.434943E+000   1.139399E+001   3.418198E+000   8.001754E+000   7.975794E+000   2.595906E-002
   44901      18     1.200000     1.240000   8.097833E+000   7.969573E-001   4.095679E+000   1.228704E+000   7.300875E+000   2.866975E+000   4.433900E+000
   44901      19     1.240000     1.280000   7.733813E+000   2.138073E+000   7.466456E+000   2.239937E+000   5.595741E+000   5.226520E+000   3.692212E-001
   44901      20     1.280000     1.340000   1.109154E+001   2.090969E+000   8.899322E+000   2.669797E+000   9.000574E+000   6.229526E+000   2.771048E+000
   44901      21     1.340000     1.420000   1.012492E+001   2.724107E+000   9.650004E+000   2.895001E+000   7.400814E+000   6.755003E+000   6.458112E-001
   44901      22     1.420000     1.460000   4.444646E+000   2.758959E-001   1.540420E+000   4.621261E-001   4.168750E+000   1.078294E+000   3.090456E+000
   44901      23     1.460000     1.490000   3.316959E+000   4.636802E-001   2.265864E+000   6.797592E-001   2.853279E+000   1.586105E+000   1.267174E+000
   44901      24     1.490000     1.520000   3.416012E+000   7.250221E-001   2.917430E+000   8.752290E-001   2.690989E+000   2.042201E+000   6.487884E-001
   44901      25     1.520000     1.680000   2.089115E+001   1.391643E+000   7.860758E+000   2.358227E+000   1.949951E+001   5.502531E+000   1.399697E+001
   44901      26     1.680000     1.740000   7.400301E+000   1.972016E+000   7.090683E+000   2.127205E+000   5.428285E+000   4.963478E+000   4.648076E-001
   44901      27     1.740000     1.820000   6.859941E+000   1.942337E+000   6.717375E+000   2.015213E+000   4.917605E+000   4.702163E+000   2.154420E-001
   44901      28     1.820000     1.940000   7.844991E+000   1.292278E+000   5.688890E+000   1.706667E+000   6.552713E+000   3.982223E+000   2.570490E+000
   44901      29     1.940000     2.200000   1.524385E+001   4.616846E-001   2.640399E+000   7.921197E-001   1.478217E+001   1.848279E+000   1.293389E+001
   44901      30     2.200000     2.300000   5.897529E+000   1.632055E+000   5.732070E+000   1.719621E+000   4.265473E+000   4.012449E+000   2.530245E-001
   44901      31     2.300000     2.450000   6.412228E+000   1.915640E+000   6.401754E+000   1.920526E+000   4.496588E+000   4.481228E+000   1.536027E-002
   44901      32     2.450000     2.550000   2.808749E+000   5.653225E-001   2.383097E+000   7.149292E-001   2.243427E+000   1.668168E+000   5.752587E-001
   44901      33     2.550000     2.650000   2.466453E+000   1.476173E-001   9.602001E-001   2.880600E-001   2.318836E+000   6.721401E-001   1.646696E+000
   44901      34     2.650000     2.900000   5.107089E+000   1.385149E-005   1.180897E-003   3.542690E-004   5.107075E+000   8.266277E-004   5.106249E+000
   44901      35     2.900000     3.200000   4.829501E+000   3.915830E-001   2.551310E+000   7.653930E-001   4.437918E+000   1.785917E+000   2.652001E+000
   44901      36     3.200000     3.500000   4.479548E+000   1.299947E+000   4.427947E+000   1.328384E+000   3.179601E+000   3.099563E+000   8.003824E-002
   44901      37     3.500000     3.900000   5.317470E+000   7.572668E-001   3.369746E+000   1.010924E+000   4.560204E+000   2.358822E+000   2.201381E+000
   44901      38     3.900000     5.500000   8.889375E+000   6.643269E-002   4.959642E-001   1.487893E-001   8.822943E+000   3.471749E-001   8.475768E+000
   44901      39     5.500000     6.500000   2.171822E+000   6.433801E-001   2.162524E+000   6.487571E-001   1.528442E+000   1.513767E+000   1.467502E-002
   44901      40     6.500000     7.000000   6.459457E-001   4.608244E-002   3.690295E-001   1.107089E-001   5.998633E-001   2.583207E-001   3.415426E-001
   44901      41     7.000000     9.000000   1.525571E+000   3.228856E-002   2.573648E-001   7.720943E-002   1.493283E+000   1.801553E-001   1.313127E+000
   44901      42     9.000000    20.000000   1.633159E+000   2.922794E-002   2.362214E-001   7.086643E-002   1.603931E+000   1.653550E-001   1.438576E+000
