# SOCRATES band-resolved flux diagnostic (appended time series)
# source (sw/lw) = sw
# n_profile      = 1
# n_layer        = 60
# n_band         = 42
# Profile 1 only. Level 0 = TOA, level n_layer = surface.
# call_index increments once per logged call to this routine for this source (sw/lw), throttled by SOCRATES_BAND_FLUX_STRIDE (currently every 100 call(s)).
# column_absorption = net_down(TOA) - net_down(surface), i.e. net energy this band deposits in the column.
#call_index  band  wl_short_um  wl_long_um  down_toa  up_toa  down_surf  up_surf  net_toa  net_surf  column_absorption
       1       1     0.200000     0.300000   5.582456E-006   2.938599E-006   3.776939E-006   1.133082E-006   2.643857E-006   2.643857E-006  -4.911299E-015
       1       2     0.300000     0.345000   2.557270E-003   1.160959E-003   1.994730E-003   5.984189E-004   1.396311E-003   1.396311E-003   9.565853E-013
       1       3     0.345000     0.385000   2.512764E-003   1.006153E-003   2.152302E-003   6.456906E-004   1.506611E-003   1.506611E-003  -5.730525E-013
       1       4     0.385000     0.420000   1.293223E-002   4.781073E-003   1.164451E-002   3.493352E-003   8.151155E-003   8.151155E-003   2.336780E-012
       1       5     0.420000     0.450000   2.349464E-002   8.255229E-003   2.177059E-002   6.531176E-003   1.523941E-002   1.523941E-002  -5.401755E-012
       1       6     0.450000     0.500000   1.310848E-001   4.421893E-002   1.240940E-001   3.722821E-002   8.686582E-002   8.686582E-002   7.881515E-012
       1       7     0.500000     0.550000   1.748537E-001   5.680007E-002   1.686481E-001   5.059442E-002   1.180536E-001   1.180536E-001   3.284983E-011
       1       8     0.550000     0.610000   2.295775E-001   7.279690E-002   2.239723E-001   6.719170E-002   1.567806E-001   1.567806E-001  -3.789868E-011
       1       9     0.610000     0.690000   5.693172E-001   1.769141E-001   5.605758E-001   1.681727E-001   3.924031E-001   3.924031E-001   4.683126E-011
       1      10     0.690000     0.780000   2.472789E+000   7.577010E-001   2.450126E+000   7.350378E-001   1.715088E+000   1.715088E+000  -5.962697E-011
       1      11     0.780000     0.800000   1.063069E+000   3.241398E-001   1.055609E+000   3.166826E-001   7.389296E-001   7.389261E-001   3.490696E-006
       1      12     0.800000     0.870000   5.878988E+000   1.787489E+000   5.844998E+000   1.753499E+000   4.091499E+000   4.091499E+000   5.450162E-007
       1      13     0.870000     0.880000   8.736691E-001   2.649440E-001   8.695958E-001   2.608787E-001   6.087251E-001   6.087170E-001   8.046435E-006
       1      14     0.880000     1.030000   2.249240E+001   6.799491E+000   2.241845E+001   6.725534E+000   1.569291E+001   1.569291E+001   3.415275E-007
       1      15     1.030000     1.080000   9.248799E+000   2.788380E+000   9.227949E+000   2.768385E+000   6.460419E+000   6.459564E+000   8.551719E-004
       1      16     1.080000     1.140000   1.173685E+001   3.535822E+000   1.171566E+001   3.514698E+000   8.201028E+000   8.200963E+000   6.538556E-005
       1      17     1.140000     1.200000   1.143670E+001   3.442659E+000   1.142004E+001   3.426011E+000   7.994038E+000   7.994027E+000   1.102861E-005
       1      18     1.200000     1.240000   8.097833E+000   2.419592E+000   8.068623E+000   2.420587E+000   5.678241E+000   5.648036E+000   3.020504E-002
       1      19     1.240000     1.280000   7.733813E+000   2.325858E+000   7.725338E+000   2.317601E+000   5.407955E+000   5.407737E+000   2.184836E-004
       1      20     1.280000     1.340000   1.109154E+001   3.331769E+000   1.107803E+001   3.323408E+000   7.759774E+000   7.754618E+000   5.156462E-003
       1      21     1.340000     1.420000   1.012492E+001   3.042416E+000   1.011685E+001   3.035054E+000   7.082505E+000   7.081793E+000   7.116320E-004
       1      22     1.420000     1.460000   4.444646E+000   1.226780E+000   4.293422E+000   1.288026E+000   3.217866E+000   3.005395E+000   2.124710E-001
       1      23     1.460000     1.490000   3.316959E+000   9.941653E-001   3.312540E+000   9.937620E-001   2.322794E+000   2.318778E+000   4.015622E-003
       1      24     1.490000     1.520000   3.416012E+000   1.025582E+000   3.413664E+000   1.024099E+000   2.390429E+000   2.389565E+000   8.648138E-004
       1      25     1.520000     1.680000   2.089115E+001   6.132860E+000   2.069646E+001   6.208939E+000   1.475829E+001   1.448752E+001   2.707642E-001
       1      26     1.680000     1.740000   7.400301E+000   2.221594E+000   7.397783E+000   2.219335E+000   5.178707E+000   5.178448E+000   2.589046E-004
       1      27     1.740000     1.820000   6.859941E+000   2.059088E+000   6.857852E+000   2.057356E+000   4.800854E+000   4.800497E+000   3.570267E-004
       1      28     1.820000     1.940000   7.844991E+000   2.346029E+000   7.833558E+000   2.350067E+000   5.498962E+000   5.483490E+000   1.547217E-002
       1      29     1.940000     2.200000   1.524385E+001   3.491460E+000   1.312349E+001   3.937047E+000   1.175239E+001   9.186443E+000   2.565947E+000
       1      30     2.200000     2.300000   5.897529E+000   1.769618E+000   5.896817E+000   1.769045E+000   4.127911E+000   4.127772E+000   1.390981E-004
       1      31     2.300000     2.450000   6.412228E+000   1.924051E+000   6.411671E+000   1.923501E+000   4.488177E+000   4.488170E+000   7.288820E-006
       1      32     2.450000     2.550000   2.808749E+000   8.421307E-001   2.807851E+000   8.423554E-001   1.966619E+000   1.965496E+000   1.122638E-003
       1      33     2.550000     2.650000   2.466453E+000   7.323517E-001   2.457643E+000   7.372930E-001   1.734102E+000   1.720350E+000   1.375131E-002
       1      34     2.650000     2.900000   5.107089E+000   3.283970E-001   1.523408E+000   4.570224E-001   4.778692E+000   1.066386E+000   3.712307E+000
       1      35     2.900000     3.200000   4.829501E+000   1.438390E+000   4.817335E+000   1.445200E+000   3.391111E+000   3.372134E+000   1.897705E-002
       1      36     3.200000     3.500000   4.479548E+000   1.343893E+000   4.479408E+000   1.343822E+000   3.135654E+000   3.135585E+000   6.911200E-005
       1      37     3.500000     3.900000   5.317470E+000   1.592415E+000   5.314171E+000   1.594251E+000   3.725055E+000   3.719920E+000   5.135502E-003
       1      38     3.900000     5.500000   8.889375E+000   1.747198E+000   6.334568E+000   1.900370E+000   7.142178E+000   4.434197E+000   2.707980E+000
       1      39     5.500000     6.500000   2.171822E+000   6.515434E-001   2.171810E+000   6.515429E-001   1.520278E+000   1.520267E+000   1.132168E-005
       1      40     6.500000     7.000000   6.459457E-001   1.937830E-001   6.459434E-001   1.937830E-001   4.521628E-001   4.521604E-001   2.421260E-006
       1      41     7.000000     9.000000   1.525571E+000   4.557188E-001   1.523389E+000   4.570168E-001   1.069852E+000   1.066372E+000   3.479723E-003
       1      42     9.000000    20.000000   1.633159E+000   3.562931E-001   1.277197E+000   3.831591E-001   1.276866E+000   8.940379E-001   3.828279E-001
     101       1     0.200000     0.300000   5.582456E-006   2.938599E-006   3.776939E-006   1.133082E-006   2.643857E-006   2.643857E-006  -4.911299E-015
     101       2     0.300000     0.345000   2.557270E-003   1.160959E-003   1.994730E-003   5.984189E-004   1.396311E-003   1.396311E-003   9.565853E-013
     101       3     0.345000     0.385000   2.512764E-003   1.006153E-003   2.152302E-003   6.456906E-004   1.506611E-003   1.506611E-003  -5.730525E-013
     101       4     0.385000     0.420000   1.293223E-002   4.781073E-003   1.164451E-002   3.493352E-003   8.151155E-003   8.151155E-003   4.769834E-012
     101       5     0.420000     0.450000   2.349464E-002   8.255229E-003   2.177059E-002   6.531176E-003   1.523941E-002   1.523941E-002  -8.030028E-012
     101       6     0.450000     0.500000   1.310848E-001   4.421893E-002   1.240940E-001   3.722821E-002   8.686582E-002   8.686582E-002   1.683055E-011
     101       7     0.500000     0.550000   1.748537E-001   5.680007E-002   1.686481E-001   5.059442E-002   1.180536E-001   1.180536E-001  -1.276018E-011
     101       8     0.550000     0.610000   2.295775E-001   7.279690E-002   2.239723E-001   6.719170E-002   1.567806E-001   1.567806E-001  -2.567965E-011
     101       9     0.610000     0.690000   5.693172E-001   1.769141E-001   5.605758E-001   1.681727E-001   3.924031E-001   3.924031E-001   9.540213E-011
     101      10     0.690000     0.780000   2.472789E+000   7.577010E-001   2.450126E+000   7.350378E-001   1.715088E+000   1.715088E+000   2.860570E-010
     101      11     0.780000     0.800000   1.063069E+000   3.241398E-001   1.055609E+000   3.166826E-001   7.389296E-001   7.389261E-001   3.488814E-006
     101      12     0.800000     0.870000   5.878988E+000   1.787489E+000   5.844998E+000   1.753499E+000   4.091499E+000   4.091499E+000   5.458765E-007
     101      13     0.870000     0.880000   8.736691E-001   2.649440E-001   8.695958E-001   2.608787E-001   6.087251E-001   6.087170E-001   8.027776E-006
     101      14     0.880000     1.030000   2.249240E+001   6.799491E+000   2.241845E+001   6.725534E+000   1.569291E+001   1.569291E+001   3.383105E-007
     101      15     1.030000     1.080000   9.248799E+000   2.788380E+000   9.227949E+000   2.768385E+000   6.460419E+000   6.459564E+000   8.549984E-004
     101      16     1.080000     1.140000   1.173685E+001   3.535822E+000   1.171566E+001   3.514698E+000   8.201028E+000   8.200963E+000   6.534175E-005
     101      17     1.140000     1.200000   1.143670E+001   3.442659E+000   1.142004E+001   3.426011E+000   7.994038E+000   7.994027E+000   1.097948E-005
     101      18     1.200000     1.240000   8.097833E+000   2.419598E+000   8.068627E+000   2.420588E+000   5.678234E+000   5.648039E+000   3.019549E-002
     101      19     1.240000     1.280000   7.733813E+000   2.325859E+000   7.725339E+000   2.317602E+000   5.407954E+000   5.407737E+000   2.168607E-004
     101      20     1.280000     1.340000   1.109154E+001   3.331768E+000   1.107802E+001   3.323407E+000   7.759775E+000   7.754617E+000   5.157103E-003
     101      21     1.340000     1.420000   1.012492E+001   3.042417E+000   1.011685E+001   3.035055E+000   7.082504E+000   7.081794E+000   7.094821E-004
     101      22     1.420000     1.460000   4.444646E+000   1.226913E+000   4.293591E+000   1.288077E+000   3.217733E+000   3.005514E+000   2.122193E-001
     101      23     1.460000     1.490000   3.316959E+000   9.941682E-001   3.312543E+000   9.937629E-001   2.322791E+000   2.318780E+000   4.010518E-003
     101      24     1.490000     1.520000   3.416012E+000   1.025584E+000   3.413666E+000   1.024100E+000   2.390427E+000   2.389566E+000   8.608625E-004
     101      25     1.520000     1.680000   2.089115E+001   6.133059E+000   2.069664E+001   6.208992E+000   1.475809E+001   1.448765E+001   2.704412E-001
     101      26     1.680000     1.740000   7.400301E+000   2.221595E+000   7.397785E+000   2.219335E+000   5.178706E+000   5.178449E+000   2.567929E-004
     101      27     1.740000     1.820000   6.859941E+000   2.059096E+000   6.857862E+000   2.057358E+000   4.800845E+000   4.800503E+000   3.423881E-004
     101      28     1.820000     1.940000   7.844991E+000   2.346146E+000   7.833690E+000   2.350107E+000   5.498845E+000   5.483583E+000   1.526137E-002
     101      29     1.940000     2.200000   1.524385E+001   3.493612E+000   1.312728E+001   3.938183E+000   1.175024E+001   9.189093E+000   2.561145E+000
     101      30     2.200000     2.300000   5.897529E+000   1.769619E+000   5.896817E+000   1.769045E+000   4.127910E+000   4.127772E+000   1.379160E-004
     101      31     2.300000     2.450000   6.412228E+000   1.924051E+000   6.411671E+000   1.923501E+000   4.488177E+000   4.488170E+000   7.237912E-006
     101      32     2.450000     2.550000   2.808749E+000   8.421488E-001   2.807872E+000   8.423615E-001   1.966600E+000   1.965510E+000   1.090393E-003
     101      33     2.550000     2.650000   2.466453E+000   7.325507E-001   2.457878E+000   7.373633E-001   1.733903E+000   1.720514E+000   1.338825E-002
     101      34     2.650000     2.900000   5.107089E+000   3.296515E-001   1.529192E+000   4.587575E-001   4.777438E+000   1.070434E+000   3.707004E+000
     101      35     2.900000     3.200000   4.829501E+000   1.438508E+000   4.817471E+000   1.445241E+000   3.390993E+000   3.372230E+000   1.876289E-002
     101      36     3.200000     3.500000   4.479548E+000   1.343895E+000   4.479409E+000   1.343823E+000   3.135653E+000   3.135586E+000   6.730426E-005
     101      37     3.500000     3.900000   5.317470E+000   1.592415E+000   5.314170E+000   1.594251E+000   3.725056E+000   3.719919E+000   5.136838E-003
     101      38     3.900000     5.500000   8.889375E+000   1.748234E+000   6.336694E+000   1.901008E+000   7.141142E+000   4.435686E+000   2.705456E+000
     101      39     5.500000     6.500000   2.171822E+000   6.515436E-001   2.171810E+000   6.515430E-001   1.520278E+000   1.520267E+000   1.105463E-005
     101      40     6.500000     7.000000   6.459457E-001   1.937830E-001   6.459434E-001   1.937830E-001   4.521627E-001   4.521604E-001   2.370234E-006
     101      41     7.000000     9.000000   1.525571E+000   4.557193E-001   1.523390E+000   4.570169E-001   1.069852E+000   1.066373E+000   3.478902E-003
     101      42     9.000000    20.000000   1.633159E+000   3.570039E-001   1.278759E+000   3.836276E-001   1.276155E+000   8.951312E-001   3.810238E-001
     201       1     0.200000     0.300000   5.582456E-006   2.938599E-006   3.776939E-006   1.133082E-006   2.643857E-006   2.643857E-006  -4.911299E-015
     201       2     0.300000     0.345000   2.557270E-003   1.160959E-003   1.994730E-003   5.984189E-004   1.396311E-003   1.396311E-003   9.565853E-013
     201       3     0.345000     0.385000   2.512764E-003   1.006153E-003   2.152302E-003   6.456906E-004   1.506611E-003   1.506611E-003  -5.730525E-013
     201       4     0.385000     0.420000   1.293223E-002   4.781073E-003   1.164451E-002   3.493352E-003   8.151155E-003   8.151155E-003   1.018952E-012
     201       5     0.420000     0.450000   2.349464E-002   8.255229E-003   2.177059E-002   6.531176E-003   1.523941E-002   1.523941E-002  -4.777179E-012
     201       6     0.450000     0.500000   1.310848E-001   4.421893E-002   1.240940E-001   3.722821E-002   8.686582E-002   8.686582E-002  -9.203180E-012
     201       7     0.500000     0.550000   1.748537E-001   5.680007E-002   1.686481E-001   5.059442E-002   1.180536E-001   1.180536E-001   2.322760E-011
     201       8     0.550000     0.610000   2.295775E-001   7.279690E-002   2.239723E-001   6.719170E-002   1.567806E-001   1.567806E-001  -1.517764E-011
     201       9     0.610000     0.690000   5.693172E-001   1.769141E-001   5.605758E-001   1.681727E-001   3.924031E-001   3.924031E-001   6.697981E-011
     201      10     0.690000     0.780000   2.472789E+000   7.577010E-001   2.450126E+000   7.350378E-001   1.715088E+000   1.715088E+000   3.537401E-010
     201      11     0.780000     0.800000   1.063069E+000   3.241398E-001   1.055609E+000   3.166826E-001   7.389296E-001   7.389261E-001   3.487217E-006
     201      12     0.800000     0.870000   5.878988E+000   1.787489E+000   5.844998E+000   1.753499E+000   4.091499E+000   4.091499E+000   5.467029E-007
     201      13     0.870000     0.880000   8.736691E-001   2.649440E-001   8.695958E-001   2.608787E-001   6.087251E-001   6.087171E-001   8.011133E-006
     201      14     0.880000     1.030000   2.249240E+001   6.799491E+000   2.241845E+001   6.725534E+000   1.569291E+001   1.569291E+001   3.354267E-007
     201      15     1.030000     1.080000   9.248799E+000   2.788380E+000   9.227949E+000   2.768385E+000   6.460419E+000   6.459564E+000   8.548360E-004
     201      16     1.080000     1.140000   1.173685E+001   3.535822E+000   1.171566E+001   3.514698E+000   8.201028E+000   8.200963E+000   6.529726E-005
     201      17     1.140000     1.200000   1.143670E+001   3.442659E+000   1.142004E+001   3.426011E+000   7.994038E+000   7.994027E+000   1.093669E-005
     201      18     1.200000     1.240000   8.097833E+000   2.419604E+000   8.068630E+000   2.420589E+000   5.678229E+000   5.648041E+000   3.018721E-002
     201      19     1.240000     1.280000   7.733813E+000   2.325860E+000   7.725340E+000   2.317602E+000   5.407953E+000   5.407738E+000   2.154010E-004
     201      20     1.280000     1.340000   1.109154E+001   3.331768E+000   1.107802E+001   3.323407E+000   7.759775E+000   7.754617E+000   5.157679E-003
     201      21     1.340000     1.420000   1.012492E+001   3.042418E+000   1.011685E+001   3.035055E+000   7.082503E+000   7.081795E+000   7.075601E-004
     201      22     1.420000     1.460000   4.444646E+000   1.227031E+000   4.293737E+000   1.288121E+000   3.217615E+000   3.005616E+000   2.119989E-001
     201      23     1.460000     1.490000   3.316959E+000   9.941708E-001   3.312546E+000   9.937638E-001   2.322788E+000   2.318782E+000   4.005951E-003
     201      24     1.490000     1.520000   3.416012E+000   1.025586E+000   3.413668E+000   1.024101E+000   2.390425E+000   2.389568E+000   8.573427E-004
     201      25     1.520000     1.680000   2.089115E+001   6.133231E+000   2.069679E+001   6.209037E+000   1.475792E+001   1.448775E+001   2.701640E-001
     201      26     1.680000     1.740000   7.400301E+000   2.221596E+000   7.397786E+000   2.219336E+000   5.178705E+000   5.178450E+000   2.548692E-004
     201      27     1.740000     1.820000   6.859941E+000   2.059103E+000   6.857870E+000   2.057361E+000   4.800838E+000   4.800509E+000   3.291933E-004
     201      28     1.820000     1.940000   7.844991E+000   2.346251E+000   7.833808E+000   2.350143E+000   5.498740E+000   5.483666E+000   1.507414E-002
     201      29     1.940000     2.200000   1.524385E+001   3.495728E+000   1.313094E+001   3.939281E+000   1.174812E+001   9.191656E+000   2.556466E+000
     201      30     2.200000     2.300000   5.897529E+000   1.769619E+000   5.896818E+000   1.769045E+000   4.127909E+000   4.127773E+000   1.368415E-004
     201      31     2.300000     2.450000   6.412228E+000   1.924051E+000   6.411671E+000   1.923501E+000   4.488177E+000   4.488170E+000   7.190564E-006
     201      32     2.450000     2.550000   2.808749E+000   8.421651E-001   2.807890E+000   8.423669E-001   1.966584E+000   1.965523E+000   1.061323E-003
     201      33     2.550000     2.650000   2.466453E+000   7.327294E-001   2.458087E+000   7.374260E-001   1.733724E+000   1.720661E+000   1.306327E-002
     201      34     2.650000     2.900000   5.107089E+000   3.308998E-001   1.534950E+000   4.604851E-001   4.776189E+000   1.074465E+000   3.701724E+000
     201      35     2.900000     3.200000   4.829501E+000   1.438615E+000   4.817595E+000   1.445279E+000   3.390886E+000   3.372317E+000   1.856911E-002
     201      36     3.200000     3.500000   4.479548E+000   1.343895E+000   4.479410E+000   1.343823E+000   3.135652E+000   3.135587E+000   6.566017E-005
     201      37     3.500000     3.900000   5.317470E+000   1.592414E+000   5.314169E+000   1.594251E+000   3.725057E+000   3.719918E+000   5.138207E-003
     201      38     3.900000     5.500000   8.889375E+000   1.749247E+000   6.338767E+000   1.901630E+000   7.140128E+000   4.437137E+000   2.702991E+000
     201      39     5.500000     6.500000   2.171822E+000   6.515437E-001   2.171810E+000   6.515430E-001   1.520278E+000   1.520267E+000   1.079977E-005
     201      40     6.500000     7.000000   6.459457E-001   1.937830E-001   6.459434E-001   1.937830E-001   4.521627E-001   4.521604E-001   2.322054E-006
     201      41     7.000000     9.000000   1.525571E+000   4.557197E-001   1.523390E+000   4.570171E-001   1.069851E+000   1.066373E+000   3.478199E-003
     201      42     9.000000    20.000000   1.633159E+000   3.577153E-001   1.280313E+000   3.840940E-001   1.275444E+000   8.962193E-001   3.792243E-001
     301       1     0.200000     0.300000   5.582456E-006   2.938599E-006   3.776939E-006   1.133082E-006   2.643857E-006   2.643857E-006  -4.911299E-015
     301       2     0.300000     0.345000   2.557270E-003   1.160959E-003   1.994730E-003   5.984189E-004   1.396311E-003   1.396311E-003   9.565853E-013
     301       3     0.345000     0.385000   2.512764E-003   1.006153E-003   2.152302E-003   6.456906E-004   1.506611E-003   1.506611E-003  -5.730525E-013
     301       4     0.385000     0.420000   1.293223E-002   4.781073E-003   1.164451E-002   3.493352E-003   8.151155E-003   8.151155E-003   3.265886E-012
     301       5     0.420000     0.450000   2.349464E-002   8.255229E-003   2.177059E-002   6.531176E-003   1.523941E-002   1.523941E-002  -4.005504E-012
     301       6     0.450000     0.500000   1.310848E-001   4.421893E-002   1.240940E-001   3.722821E-002   8.686582E-002   8.686582E-002  -5.205142E-012
     301       7     0.500000     0.550000   1.748537E-001   5.680007E-002   1.686481E-001   5.059442E-002   1.180536E-001   1.180536E-001   8.401169E-012
     301       8     0.550000     0.610000   2.295775E-001   7.279690E-002   2.239723E-001   6.719170E-002   1.567806E-001   1.567806E-001  -2.803896E-011
     301       9     0.610000     0.690000   5.693172E-001   1.769141E-001   5.605758E-001   1.681727E-001   3.924031E-001   3.924031E-001   1.226796E-012
     301      10     0.690000     0.780000   2.472789E+000   7.577010E-001   2.450126E+000   7.350378E-001   1.715088E+000   1.715088E+000   1.613616E-010
     301      11     0.780000     0.800000   1.063069E+000   3.241398E-001   1.055609E+000   3.166826E-001   7.389296E-001   7.389261E-001   3.485903E-006
     301      12     0.800000     0.870000   5.878988E+000   1.787489E+000   5.844998E+000   1.753499E+000   4.091499E+000   4.091499E+000   5.475028E-007
     301      13     0.870000     0.880000   8.736691E-001   2.649440E-001   8.695958E-001   2.608787E-001   6.087251E-001   6.087171E-001   7.995623E-006
     301      14     0.880000     1.030000   2.249240E+001   6.799491E+000   2.241845E+001   6.725534E+000   1.569291E+001   1.569291E+001   3.328539E-007
     301      15     1.030000     1.080000   9.248799E+000   2.788380E+000   9.227949E+000   2.768385E+000   6.460419E+000   6.459564E+000   8.546652E-004
     301      16     1.080000     1.140000   1.173685E+001   3.535822E+000   1.171566E+001   3.514698E+000   8.201028E+000   8.200963E+000   6.525208E-005
     301      17     1.140000     1.200000   1.143670E+001   3.442659E+000   1.142004E+001   3.426011E+000   7.994038E+000   7.994027E+000   1.089949E-005
     301      18     1.200000     1.240000   8.097833E+000   2.419609E+000   8.068634E+000   2.420590E+000   5.678223E+000   5.648044E+000   3.017970E-002
     301      19     1.240000     1.280000   7.733813E+000   2.325861E+000   7.725341E+000   2.317602E+000   5.407953E+000   5.407739E+000   2.140911E-004
     301      20     1.280000     1.340000   1.109154E+001   3.331768E+000   1.107802E+001   3.323407E+000   7.759775E+000   7.754617E+000   5.158226E-003
     301      21     1.340000     1.420000   1.012492E+001   3.042419E+000   1.011685E+001   3.035055E+000   7.082502E+000   7.081796E+000   7.058297E-004
     301      22     1.420000     1.460000   4.444646E+000   1.227137E+000   4.293863E+000   1.288159E+000   3.217509E+000   3.005704E+000   2.118046E-001
     301      23     1.460000     1.490000   3.316959E+000   9.941730E-001   3.312548E+000   9.937645E-001   2.322786E+000   2.318784E+000   4.001956E-003
     301      24     1.490000     1.520000   3.416012E+000   1.025588E+000   3.413670E+000   1.024101E+000   2.390424E+000   2.389569E+000   8.541904E-004
     301      25     1.520000     1.680000   2.089115E+001   6.133380E+000   2.069692E+001   6.209076E+000   1.475777E+001   1.448784E+001   2.699244E-001
     301      26     1.680000     1.740000   7.400301E+000   2.221597E+000   7.397787E+000   2.219336E+000   5.178704E+000   5.178451E+000   2.531368E-004
     301      27     1.740000     1.820000   6.859941E+000   2.059110E+000   6.857877E+000   2.057363E+000   4.800831E+000   4.800514E+000   3.174302E-004
     301      28     1.820000     1.940000   7.844991E+000   2.346343E+000   7.833912E+000   2.350174E+000   5.498648E+000   5.483738E+000   1.490989E-002
     301      29     1.940000     2.200000   1.524385E+001   3.497798E+000   1.313446E+001   3.940338E+000   1.174605E+001   9.194123E+000   2.551929E+000
     301      30     2.200000     2.300000   5.897529E+000   1.769620E+000   5.896819E+000   1.769046E+000   4.127909E+000   4.127773E+000   1.358628E-004
     301      31     2.300000     2.450000   6.412228E+000   1.924051E+000   6.411671E+000   1.923501E+000   4.488177E+000   4.488170E+000   7.146545E-006
     301      32     2.450000     2.550000   2.808749E+000   8.421798E-001   2.807906E+000   8.423718E-001   1.966569E+000   1.965534E+000   1.035166E-003
     301      33     2.550000     2.650000   2.466453E+000   7.328877E-001   2.458271E+000   7.374812E-001   1.733566E+000   1.720790E+000   1.277615E-002
     301      34     2.650000     2.900000   5.107089E+000   3.321271E-001   1.540626E+000   4.621878E-001   4.774962E+000   1.078438E+000   3.696524E+000
     301      35     2.900000     3.200000   4.829501E+000   1.438712E+000   4.817707E+000   1.445312E+000   3.390788E+000   3.372395E+000   1.839351E-002
     301      36     3.200000     3.500000   4.479548E+000   1.343896E+000   4.479411E+000   1.343823E+000   3.135652E+000   3.135587E+000   6.417539E-005
     301      37     3.500000     3.900000   5.317470E+000   1.592413E+000   5.314168E+000   1.594250E+000   3.725057E+000   3.719918E+000   5.139561E-003
     301      38     3.900000     5.500000   8.889375E+000   1.750228E+000   6.340767E+000   1.902230E+000   7.139147E+000   4.438537E+000   2.700610E+000
     301      39     5.500000     6.500000   2.171822E+000   6.515439E-001   2.171810E+000   6.515431E-001   1.520278E+000   1.520267E+000   1.056282E-005
     301      40     6.500000     7.000000   6.459457E-001   1.937830E-001   6.459435E-001   1.937830E-001   4.521627E-001   4.521604E-001   2.277333E-006
     301      41     7.000000     9.000000   1.525571E+000   4.557201E-001   1.523391E+000   4.570172E-001   1.069851E+000   1.066373E+000   3.477549E-003
     301      42     9.000000    20.000000   1.633159E+000   3.584169E-001   1.281840E+000   3.845519E-001   1.274742E+000   8.972879E-001   3.774541E-001
     401       1     0.200000     0.300000   5.582456E-006   2.938599E-006   3.776939E-006   1.133082E-006   2.643857E-006   2.643857E-006  -4.911299E-015
     401       2     0.300000     0.345000   2.557270E-003   1.160959E-003   1.994730E-003   5.984189E-004   1.396311E-003   1.396311E-003   9.565853E-013
     401       3     0.345000     0.385000   2.512764E-003   1.006153E-003   2.152302E-003   6.456906E-004   1.506611E-003   1.506611E-003  -5.730525E-013
     401       4     0.385000     0.420000   1.293223E-002   4.781073E-003   1.164451E-002   3.493352E-003   8.151155E-003   8.151155E-003   1.147599E-011
     401       5     0.420000     0.450000   2.349464E-002   8.255229E-003   2.177059E-002   6.531176E-003   1.523941E-002   1.523941E-002  -1.479702E-012
     401       6     0.450000     0.500000   1.310848E-001   4.421893E-002   1.240940E-001   3.722821E-002   8.686582E-002   8.686582E-002   2.480030E-011
     401       7     0.500000     0.550000   1.748537E-001   5.680007E-002   1.686481E-001   5.059442E-002   1.180536E-001   1.180536E-001   1.705783E-011
     401       8     0.550000     0.610000   2.295775E-001   7.279690E-002   2.239723E-001   6.719170E-002   1.567806E-001   1.567806E-001  -4.992487E-011
     401       9     0.610000     0.690000   5.693172E-001   1.769141E-001   5.605758E-001   1.681727E-001   3.924031E-001   3.924031E-001   6.872874E-011
     401      10     0.690000     0.780000   2.472789E+000   7.577010E-001   2.450126E+000   7.350378E-001   1.715088E+000   1.715088E+000   1.082827E-010
     401      11     0.780000     0.800000   1.063069E+000   3.241398E-001   1.055609E+000   3.166826E-001   7.389296E-001   7.389261E-001   3.484555E-006
     401      12     0.800000     0.870000   5.878988E+000   1.787489E+000   5.844998E+000   1.753499E+000   4.091499E+000   4.091499E+000   5.482778E-007
     401      13     0.870000     0.880000   8.736691E-001   2.649440E-001   8.695958E-001   2.608787E-001   6.087250E-001   6.087171E-001   7.981113E-006
     401      14     0.880000     1.030000   2.249240E+001   6.799491E+000   2.241845E+001   6.725534E+000   1.569291E+001   1.569291E+001   3.305026E-007
     401      15     1.030000     1.080000   9.248799E+000   2.788380E+000   9.227949E+000   2.768385E+000   6.460419E+000   6.459564E+000   8.545036E-004
     401      16     1.080000     1.140000   1.173685E+001   3.535822E+000   1.171566E+001   3.514698E+000   8.201028E+000   8.200963E+000   6.520712E-005
     401      17     1.140000     1.200000   1.143670E+001   3.442659E+000   1.142004E+001   3.426011E+000   7.994038E+000   7.994027E+000   1.086625E-005
     401      18     1.200000     1.240000   8.097833E+000   2.419614E+000   8.068637E+000   2.420591E+000   5.678219E+000   5.648046E+000   3.017302E-002
     401      19     1.240000     1.280000   7.733813E+000   2.325861E+000   7.725342E+000   2.317603E+000   5.407952E+000   5.407739E+000   2.128763E-004
     401      20     1.280000     1.340000   1.109154E+001   3.331767E+000   1.107802E+001   3.323407E+000   7.759775E+000   7.754617E+000   5.158728E-003
     401      21     1.340000     1.420000   1.012492E+001   3.042420E+000   1.011685E+001   3.035056E+000   7.082501E+000   7.081797E+000   7.042194E-004
     401      22     1.420000     1.460000   4.444646E+000   1.227233E+000   4.293976E+000   1.288193E+000   3.217412E+000   3.005783E+000   2.116290E-001
     401      23     1.460000     1.490000   3.316959E+000   9.941750E-001   3.312551E+000   9.937652E-001   2.322784E+000   2.318785E+000   3.998421E-003
     401      24     1.490000     1.520000   3.416012E+000   1.025590E+000   3.413672E+000   1.024102E+000   2.390422E+000   2.389571E+000   8.513082E-004
     401      25     1.520000     1.680000   2.089115E+001   6.133513E+000   2.069703E+001   6.209110E+000   1.475764E+001   1.448792E+001   2.697124E-001
     401      26     1.680000     1.740000   7.400301E+000   2.221598E+000   7.397788E+000   2.219336E+000   5.178703E+000   5.178451E+000   2.515428E-004
     401      27     1.740000     1.820000   6.859941E+000   2.059116E+000   6.857884E+000   2.057365E+000   4.800825E+000   4.800519E+000   3.066588E-004
     401      28     1.820000     1.940000   7.844991E+000   2.346427E+000   7.834006E+000   2.350202E+000   5.498564E+000   5.483804E+000   1.476018E-002
     401      29     1.940000     2.200000   1.524385E+001   3.499825E+000   1.313787E+001   3.941360E+000   1.174403E+001   9.196506E+000   2.547519E+000
     401      30     2.200000     2.300000   5.897529E+000   1.769620E+000   5.896819E+000   1.769046E+000   4.127908E+000   4.127773E+000   1.349545E-004
     401      31     2.300000     2.450000   6.412228E+000   1.924051E+000   6.411671E+000   1.923501E+000   4.488177E+000   4.488170E+000   7.105148E-006
     401      32     2.450000     2.550000   2.808749E+000   8.421933E-001   2.807921E+000   8.423764E-001   1.966556E+000   1.965545E+000   1.011120E-003
     401      33     2.550000     2.650000   2.466453E+000   7.330318E-001   2.458438E+000   7.375313E-001   1.733421E+000   1.720906E+000   1.251508E-002
     401      34     2.650000     2.900000   5.107089E+000   3.333344E-001   1.546214E+000   4.638642E-001   4.773755E+000   1.082350E+000   3.691405E+000
     401      35     2.900000     3.200000   4.829501E+000   1.438803E+000   4.817811E+000   1.445343E+000   3.390698E+000   3.372468E+000   1.823083E-002
     401      36     3.200000     3.500000   4.479548E+000   1.343897E+000   4.479411E+000   1.343823E+000   3.135651E+000   3.135588E+000   6.280492E-005
     401      37     3.500000     3.900000   5.317470E+000   1.592412E+000   5.314167E+000   1.594250E+000   3.725058E+000   3.719917E+000   5.140944E-003
     401      38     3.900000     5.500000   8.889375E+000   1.751180E+000   6.342703E+000   1.902811E+000   7.138195E+000   4.439892E+000   2.698303E+000
     401      39     5.500000     6.500000   2.171822E+000   6.515440E-001   2.171810E+000   6.515431E-001   1.520278E+000   1.520267E+000   1.034045E-005
     401      40     6.500000     7.000000   6.459457E-001   1.937831E-001   6.459435E-001   1.937830E-001   4.521627E-001   4.521604E-001   2.235401E-006
     401      41     7.000000     9.000000   1.525571E+000   4.557204E-001   1.523391E+000   4.570173E-001   1.069851E+000   1.066374E+000   3.476964E-003
     401      42     9.000000    20.000000   1.633159E+000   3.591080E-001   1.283337E+000   3.850011E-001   1.274051E+000   8.983360E-001   3.757149E-001
     501       1     0.200000     0.300000   5.582456E-006   2.938599E-006   3.776939E-006   1.133082E-006   2.643857E-006   2.643857E-006  -4.911299E-015
     501       2     0.300000     0.345000   2.557270E-003   1.160959E-003   1.994730E-003   5.984189E-004   1.396311E-003   1.396311E-003   9.565853E-013
     501       3     0.345000     0.385000   2.512764E-003   1.006153E-003   2.152302E-003   6.456906E-004   1.506611E-003   1.506611E-003  -5.730525E-013
     501       4     0.385000     0.420000   1.293223E-002   4.781073E-003   1.164451E-002   3.493352E-003   8.151155E-003   8.151155E-003   1.204725E-011
     501       5     0.420000     0.450000   2.349464E-002   8.255229E-003   2.177059E-002   6.531176E-003   1.523941E-002   1.523941E-002   1.654623E-012
     501       6     0.450000     0.500000   1.310848E-001   4.421893E-002   1.240940E-001   3.722821E-002   8.686582E-002   8.686582E-002   3.593059E-011
     501       7     0.500000     0.550000   1.748537E-001   5.680007E-002   1.686481E-001   5.059442E-002   1.180536E-001   1.180536E-001   2.789613E-011
     501       8     0.550000     0.610000   2.295775E-001   7.279690E-002   2.239723E-001   6.719170E-002   1.567806E-001   1.567806E-001  -3.458669E-011
     501       9     0.610000     0.690000   5.693172E-001   1.769141E-001   5.605758E-001   1.681727E-001   3.924031E-001   3.924031E-001   6.606815E-011
     501      10     0.690000     0.780000   2.472789E+000   7.577010E-001   2.450126E+000   7.350378E-001   1.715088E+000   1.715088E+000   3.527263E-010
     501      11     0.780000     0.800000   1.063069E+000   3.241398E-001   1.055609E+000   3.166826E-001   7.389296E-001   7.389261E-001   3.483323E-006
     501      12     0.800000     0.870000   5.878988E+000   1.787489E+000   5.844998E+000   1.753499E+000   4.091499E+000   4.091499E+000   5.490284E-007
     501      13     0.870000     0.880000   8.736691E-001   2.649440E-001   8.695958E-001   2.608787E-001   6.087250E-001   6.087171E-001   7.967333E-006
     501      14     0.880000     1.030000   2.249240E+001   6.799491E+000   2.241845E+001   6.725534E+000   1.569291E+001   1.569291E+001   3.283297E-007
     501      15     1.030000     1.080000   9.248799E+000   2.788380E+000   9.227949E+000   2.768385E+000   6.460419E+000   6.459564E+000   8.543498E-004
     501      16     1.080000     1.140000   1.173685E+001   3.535822E+000   1.171566E+001   3.514698E+000   8.201028E+000   8.200963E+000   6.516308E-005
     501      17     1.140000     1.200000   1.143670E+001   3.442659E+000   1.142004E+001   3.426011E+000   7.994038E+000   7.994027E+000   1.083627E-005
     501      18     1.200000     1.240000   8.097833E+000   2.419618E+000   8.068640E+000   2.420592E+000   5.678215E+000   5.648048E+000   3.016711E-002
     501      19     1.240000     1.280000   7.733813E+000   2.325862E+000   7.725342E+000   2.317603E+000   5.407951E+000   5.407740E+000   2.117377E-004
     501      20     1.280000     1.340000   1.109154E+001   3.331767E+000   1.107802E+001   3.323407E+000   7.759776E+000   7.754616E+000   5.159191E-003
     501      21     1.340000     1.420000   1.012492E+001   3.042421E+000   1.011685E+001   3.035056E+000   7.082500E+000   7.081797E+000   7.027208E-004
     501      22     1.420000     1.460000   4.444646E+000   1.227323E+000   4.294078E+000   1.288223E+000   3.217323E+000   3.005854E+000   2.114686E-001
     501      23     1.460000     1.490000   3.316959E+000   9.941769E-001   3.312553E+000   9.937658E-001   2.322782E+000   2.318787E+000   3.995180E-003
     501      24     1.490000     1.520000   3.416012E+000   1.025591E+000   3.413674E+000   1.024102E+000   2.390420E+000   2.389572E+000   8.486317E-004
     501      25     1.520000     1.680000   2.089115E+001   6.133632E+000   2.069713E+001   6.209140E+000   1.475752E+001   1.448799E+001   2.695218E-001
     501      26     1.680000     1.740000   7.400301E+000   2.221599E+000   7.397789E+000   2.219337E+000   5.178702E+000   5.178452E+000   2.500590E-004
     501      27     1.740000     1.820000   6.859941E+000   2.059122E+000   6.857890E+000   2.057367E+000   4.800820E+000   4.800523E+000   2.966889E-004
     501      28     1.820000     1.940000   7.844991E+000   2.346504E+000   7.834093E+000   2.350228E+000   5.498487E+000   5.483865E+000   1.462199E-002
     501      29     1.940000     2.200000   1.524385E+001   3.501808E+000   1.314116E+001   3.942347E+000   1.174204E+001   9.198811E+000   2.543232E+000
     501      30     2.200000     2.300000   5.897529E+000   1.769621E+000   5.896820E+000   1.769046E+000   4.127908E+000   4.127774E+000   1.341022E-004
     501      31     2.300000     2.450000   6.412228E+000   1.924051E+000   6.411671E+000   1.923501E+000   4.488177E+000   4.488170E+000   7.065995E-006
     501      32     2.450000     2.550000   2.808749E+000   8.422058E-001   2.807935E+000   8.423805E-001   1.966543E+000   1.965555E+000   9.888189E-004
     501      33     2.550000     2.650000   2.466453E+000   7.331646E-001   2.458591E+000   7.375773E-001   1.733289E+000   1.721014E+000   1.227501E-002
     501      34     2.650000     2.900000   5.107089E+000   3.345230E-001   1.551714E+000   4.655142E-001   4.772566E+000   1.086200E+000   3.686366E+000
     501      35     2.900000     3.200000   4.829501E+000   1.438887E+000   4.817908E+000   1.445372E+000   3.390614E+000   3.372535E+000   1.807871E-002
     501      36     3.200000     3.500000   4.479548E+000   1.343898E+000   4.479412E+000   1.343824E+000   3.135650E+000   3.135589E+000   6.152919E-005
     501      37     3.500000     3.900000   5.317470E+000   1.592412E+000   5.314166E+000   1.594250E+000   3.725059E+000   3.719916E+000   5.142341E-003
     501      38     3.900000     5.500000   8.889375E+000   1.752105E+000   6.344579E+000   1.903374E+000   7.137270E+000   4.441206E+000   2.696064E+000
     501      39     5.500000     6.500000   2.171822E+000   6.515441E-001   2.171810E+000   6.515431E-001   1.520277E+000   1.520267E+000   1.013018E-005
     501      40     6.500000     7.000000   6.459457E-001   1.937831E-001   6.459435E-001   1.937831E-001   4.521626E-001   4.521605E-001   2.195826E-006
     501      41     7.000000     9.000000   1.525571E+000   4.557207E-001   1.523391E+000   4.570174E-001   1.069850E+000   1.066374E+000   3.476416E-003
     501      42     9.000000    20.000000   1.633159E+000   3.597886E-001   1.284805E+000   3.854416E-001   1.273370E+000   8.993638E-001   3.740065E-001
     601       1     0.200000     0.300000   5.582456E-006   2.938599E-006   3.776939E-006   1.133082E-006   2.643857E-006   2.643857E-006  -4.911299E-015
     601       2     0.300000     0.345000   2.557270E-003   1.160959E-003   1.994730E-003   5.984189E-004   1.396311E-003   1.396311E-003   9.565853E-013
     601       3     0.345000     0.385000   2.512764E-003   1.006153E-003   2.152302E-003   6.456906E-004   1.506611E-003   1.506611E-003  -5.730525E-013
     601       4     0.385000     0.420000   1.293223E-002   4.781073E-003   1.164451E-002   3.493352E-003   8.151155E-003   8.151155E-003   1.178246E-011
     601       5     0.420000     0.450000   2.349464E-002   8.255229E-003   2.177059E-002   6.531176E-003   1.523941E-002   1.523941E-002   1.282750E-012
     601       6     0.450000     0.500000   1.310848E-001   4.421893E-002   1.240940E-001   3.722821E-002   8.686582E-002   8.686582E-002   1.215743E-011
     601       7     0.500000     0.550000   1.748537E-001   5.680007E-002   1.686481E-001   5.059442E-002   1.180536E-001   1.180536E-001   1.167637E-011
     601       8     0.550000     0.610000   2.295775E-001   7.279690E-002   2.239723E-001   6.719170E-002   1.567806E-001   1.567806E-001  -3.081702E-013
     601       9     0.610000     0.690000   5.693172E-001   1.769141E-001   5.605758E-001   1.681727E-001   3.924031E-001   3.924031E-001   3.280642E-011
     601      10     0.690000     0.780000   2.472789E+000   7.577010E-001   2.450126E+000   7.350378E-001   1.715088E+000   1.715088E+000   1.353939E-010
     601      11     0.780000     0.800000   1.063069E+000   3.241398E-001   1.055609E+000   3.166826E-001   7.389296E-001   7.389261E-001   3.482186E-006
     601      12     0.800000     0.870000   5.878988E+000   1.787489E+000   5.844998E+000   1.753499E+000   4.091499E+000   4.091499E+000   5.497558E-007
     601      13     0.870000     0.880000   8.736691E-001   2.649440E-001   8.695958E-001   2.608787E-001   6.087250E-001   6.087171E-001   7.954134E-006
     601      14     0.880000     1.030000   2.249240E+001   6.799491E+000   2.241845E+001   6.725534E+000   1.569291E+001   1.569291E+001   3.263121E-007
     601      15     1.030000     1.080000   9.248799E+000   2.788380E+000   9.227949E+000   2.768385E+000   6.460419E+000   6.459564E+000   8.542035E-004
     601      16     1.080000     1.140000   1.173685E+001   3.535822E+000   1.171566E+001   3.514698E+000   8.201028E+000   8.200963E+000   6.512068E-005
     601      17     1.140000     1.200000   1.143670E+001   3.442659E+000   1.142004E+001   3.426011E+000   7.994038E+000   7.994027E+000   1.080900E-005
     601      18     1.200000     1.240000   8.097833E+000   2.419621E+000   8.068643E+000   2.420593E+000   5.678211E+000   5.648050E+000   3.016168E-002
     601      19     1.240000     1.280000   7.733813E+000   2.325863E+000   7.725343E+000   2.317603E+000   5.407951E+000   5.407740E+000   2.106633E-004
     601      20     1.280000     1.340000   1.109154E+001   3.331767E+000   1.107802E+001   3.323407E+000   7.759776E+000   7.754616E+000   5.159663E-003
     601      21     1.340000     1.420000   1.012492E+001   3.042422E+000   1.011685E+001   3.035056E+000   7.082499E+000   7.081798E+000   7.013058E-004
     601      22     1.420000     1.460000   4.444646E+000   1.227406E+000   4.294171E+000   1.288251E+000   3.217240E+000   3.005919E+000   2.113207E-001
     601      23     1.460000     1.490000   3.316959E+000   9.941786E-001   3.312555E+000   9.937664E-001   2.322780E+000   2.318788E+000   3.992143E-003
     601      24     1.490000     1.520000   3.416012E+000   1.025593E+000   3.413675E+000   1.024103E+000   2.390419E+000   2.389573E+000   8.461268E-004
     601      25     1.520000     1.680000   2.089115E+001   6.133741E+000   2.069723E+001   6.209168E+000   1.475741E+001   1.448806E+001   2.693489E-001
     601      26     1.680000     1.740000   7.400301E+000   2.221600E+000   7.397790E+000   2.219337E+000   5.178701E+000   5.178453E+000   2.486683E-004
     601      27     1.740000     1.820000   6.859941E+000   2.059127E+000   6.857896E+000   2.057369E+000   4.800815E+000   4.800527E+000   2.873836E-004
     601      28     1.820000     1.940000   7.844991E+000   2.346576E+000   7.834173E+000   2.350252E+000   5.498415E+000   5.483921E+000   1.449365E-002
     601      29     1.940000     2.200000   1.524385E+001   3.503746E+000   1.314434E+001   3.943303E+000   1.174010E+001   9.201041E+000   2.539062E+000
     601      30     2.200000     2.300000   5.897529E+000   1.769621E+000   5.896820E+000   1.769046E+000   4.127907E+000   4.127774E+000   1.332988E-004
     601      31     2.300000     2.450000   6.412228E+000   1.924051E+000   6.411671E+000   1.923501E+000   4.488177E+000   4.488170E+000   7.028808E-006
     601      32     2.450000     2.550000   2.808749E+000   8.422175E-001   2.807948E+000   8.423845E-001   1.966532E+000   1.965564E+000   9.679761E-004
     601      33     2.550000     2.650000   2.466453E+000   7.332879E-001   2.458733E+000   7.376199E-001   1.733165E+000   1.721113E+000   1.205244E-002
     601      34     2.650000     2.900000   5.107089E+000   3.356936E-001   1.557124E+000   4.671371E-001   4.771396E+000   1.089987E+000   3.681409E+000
     601      35     2.900000     3.200000   4.829501E+000   1.438966E+000   4.817999E+000   1.445400E+000   3.390535E+000   3.372599E+000   1.793558E-002
     601      36     3.200000     3.500000   4.479548E+000   1.343898E+000   4.479413E+000   1.343824E+000   3.135649E+000   3.135589E+000   6.033432E-005
     601      37     3.500000     3.900000   5.317470E+000   1.592411E+000   5.314165E+000   1.594250E+000   3.725060E+000   3.719916E+000   5.143726E-003
     601      38     3.900000     5.500000   8.889375E+000   1.753004E+000   6.346400E+000   1.903920E+000   7.136371E+000   4.442480E+000   2.693891E+000
     601      39     5.500000     6.500000   2.171822E+000   6.515442E-001   2.171811E+000   6.515432E-001   1.520277E+000   1.520267E+000   9.930391E-006
     601      40     6.500000     7.000000   6.459457E-001   1.937831E-001   6.459435E-001   1.937831E-001   4.521626E-001   4.521605E-001   2.158304E-006
     601      41     7.000000     9.000000   1.525571E+000   4.557210E-001   1.523392E+000   4.570175E-001   1.069850E+000   1.066374E+000   3.475920E-003
     601      42     9.000000    20.000000   1.633159E+000   3.604589E-001   1.286245E+000   3.858736E-001   1.272700E+000   9.003717E-001   3.723283E-001
     701       1     0.200000     0.300000   5.582456E-006   2.938599E-006   3.776939E-006   1.133082E-006   2.643857E-006   2.643857E-006  -4.911299E-015
     701       2     0.300000     0.345000   2.557270E-003   1.160959E-003   1.994730E-003   5.984189E-004   1.396311E-003   1.396311E-003   9.565853E-013
     701       3     0.345000     0.385000   2.512764E-003   1.006153E-003   2.152302E-003   6.456906E-004   1.506611E-003   1.506611E-003  -5.730525E-013
     701       4     0.385000     0.420000   1.293223E-002   4.781073E-003   1.164451E-002   3.493352E-003   8.151155E-003   8.151155E-003   1.217463E-011
     701       5     0.420000     0.450000   2.349464E-002   8.255229E-003   2.177059E-002   6.531176E-003   1.523941E-002   1.523941E-002  -4.192204E-012
     701       6     0.450000     0.500000   1.310848E-001   4.421893E-002   1.240940E-001   3.722821E-002   8.686582E-002   8.686582E-002   1.263589E-011
     701       7     0.500000     0.550000   1.748537E-001   5.680007E-002   1.686481E-001   5.059442E-002   1.180536E-001   1.180536E-001  -8.522391E-012
     701       8     0.550000     0.610000   2.295775E-001   7.279690E-002   2.239723E-001   6.719170E-002   1.567806E-001   1.567806E-001   3.594325E-011
     701       9     0.610000     0.690000   5.693172E-001   1.769141E-001   5.605758E-001   1.681727E-001   3.924031E-001   3.924031E-001  -4.519018E-011
     701      10     0.690000     0.780000   2.472789E+000   7.577010E-001   2.450126E+000   7.350378E-001   1.715088E+000   1.715088E+000   8.272494E-012
     701      11     0.780000     0.800000   1.063069E+000   3.241398E-001   1.055609E+000   3.166826E-001   7.389296E-001   7.389261E-001   3.481107E-006
     701      12     0.800000     0.870000   5.878988E+000   1.787489E+000   5.844998E+000   1.753499E+000   4.091499E+000   4.091499E+000   5.504630E-007
     701      13     0.870000     0.880000   8.736691E-001   2.649440E-001   8.695958E-001   2.608787E-001   6.087250E-001   6.087171E-001   7.941602E-006
     701      14     0.880000     1.030000   2.249240E+001   6.799491E+000   2.241845E+001   6.725534E+000   1.569291E+001   1.569291E+001   3.244288E-007
     701      15     1.030000     1.080000   9.248799E+000   2.788380E+000   9.227949E+000   2.768385E+000   6.460419E+000   6.459564E+000   8.540689E-004
     701      16     1.080000     1.140000   1.173685E+001   3.535822E+000   1.171566E+001   3.514698E+000   8.201028E+000   8.200963E+000   6.508008E-005
     701      17     1.140000     1.200000   1.143670E+001   3.442659E+000   1.142004E+001   3.426011E+000   7.994038E+000   7.994027E+000   1.078412E-005
     701      18     1.200000     1.240000   8.097833E+000   2.419625E+000   8.068645E+000   2.420594E+000   5.678208E+000   5.648052E+000   3.015662E-002
     701      19     1.240000     1.280000   7.733813E+000   2.325863E+000   7.725344E+000   2.317603E+000   5.407950E+000   5.407741E+000   2.096488E-004
     701      20     1.280000     1.340000   1.109154E+001   3.331767E+000   1.107802E+001   3.323407E+000   7.759776E+000   7.754616E+000   5.160151E-003
     701      21     1.340000     1.420000   1.012492E+001   3.042422E+000   1.011686E+001   3.035057E+000   7.082499E+000   7.081799E+000   6.999648E-004
     701      22     1.420000     1.460000   4.444646E+000   1.227483E+000   4.294256E+000   1.288277E+000   3.217163E+000   3.005979E+000   2.111840E-001
     701      23     1.460000     1.490000   3.316959E+000   9.941802E-001   3.312556E+000   9.937669E-001   2.322779E+000   2.318789E+000   3.989297E-003
     701      24     1.490000     1.520000   3.416012E+000   1.025594E+000   3.413677E+000   1.024103E+000   2.390418E+000   2.389574E+000   8.437837E-004
     701      25     1.520000     1.680000   2.089115E+001   6.133840E+000   2.069731E+001   6.209193E+000   1.475731E+001   1.448812E+001   2.691909E-001
     701      26     1.680000     1.740000   7.400301E+000   2.221601E+000   7.397790E+000   2.219337E+000   5.178701E+000   5.178453E+000   2.473606E-004
     701      27     1.740000     1.820000   6.859941E+000   2.059132E+000   6.857901E+000   2.057370E+000   4.800810E+000   4.800531E+000   2.786760E-004
     701      28     1.820000     1.940000   7.844991E+000   2.346643E+000   7.834248E+000   2.350275E+000   5.498348E+000   5.483974E+000   1.437413E-002
     701      29     1.940000     2.200000   1.524385E+001   3.505641E+000   1.314743E+001   3.944229E+000   1.173821E+001   9.203201E+000   2.535008E+000
     701      30     2.200000     2.300000   5.897529E+000   1.769622E+000   5.896821E+000   1.769046E+000   4.127907E+000   4.127775E+000   1.325398E-004
     701      31     2.300000     2.450000   6.412228E+000   1.924051E+000   6.411671E+000   1.923501E+000   4.488177E+000   4.488170E+000   6.993431E-006
     701      32     2.450000     2.550000   2.808749E+000   8.422285E-001   2.807960E+000   8.423881E-001   1.966521E+000   1.965572E+000   9.484336E-004
     701      33     2.550000     2.650000   2.466453E+000   7.334026E-001   2.458865E+000   7.376594E-001   1.733051E+000   1.721205E+000   1.184553E-002
     701      34     2.650000     2.900000   5.107089E+000   3.368441E-001   1.562433E+000   4.687300E-001   4.770245E+000   1.093703E+000   3.676542E+000
     701      35     2.900000     3.200000   4.829501E+000   1.439041E+000   4.818085E+000   1.445426E+000   3.390460E+000   3.372660E+000   1.780046E-002
     701      36     3.200000     3.500000   4.479548E+000   1.343899E+000   4.479414E+000   1.343824E+000   3.135649E+000   3.135590E+000   5.921390E-005
     701      37     3.500000     3.900000   5.317470E+000   1.592410E+000   5.314165E+000   1.594249E+000   3.725060E+000   3.719915E+000   5.145121E-003
     701      38     3.900000     5.500000   8.889375E+000   1.753878E+000   6.348166E+000   1.904450E+000   7.135498E+000   4.443716E+000   2.691781E+000
     701      39     5.500000     6.500000   2.171822E+000   6.515443E-001   2.171811E+000   6.515432E-001   1.520277E+000   1.520268E+000   9.740854E-006
     701      40     6.500000     7.000000   6.459457E-001   1.937831E-001   6.459436E-001   1.937831E-001   4.521626E-001   4.521605E-001   2.122737E-006
     701      41     7.000000     9.000000   1.525571E+000   4.557213E-001   1.523392E+000   4.570176E-001   1.069850E+000   1.066374E+000   3.475488E-003
     701      42     9.000000    20.000000   1.633159E+000   3.611171E-001   1.287654E+000   3.862962E-001   1.272042E+000   9.013579E-001   3.706839E-001
     801       1     0.200000     0.300000   5.582456E-006   2.938599E-006   3.776939E-006   1.133082E-006   2.643857E-006   2.643857E-006  -4.911299E-015
     801       2     0.300000     0.345000   2.557270E-003   1.160959E-003   1.994730E-003   5.984189E-004   1.396311E-003   1.396311E-003   9.565853E-013
     801       3     0.345000     0.385000   2.512764E-003   1.006153E-003   2.152302E-003   6.456906E-004   1.506611E-003   1.506611E-003  -5.730525E-013
     801       4     0.385000     0.420000   1.293223E-002   4.781073E-003   1.164451E-002   3.493352E-003   8.151155E-003   8.151155E-003   1.184134E-011
     801       5     0.420000     0.450000   2.349464E-002   8.255229E-003   2.177059E-002   6.531176E-003   1.523941E-002   1.523941E-002   3.818107E-012
     801       6     0.450000     0.500000   1.310848E-001   4.421893E-002   1.240940E-001   3.722821E-002   8.686582E-002   8.686582E-002  -2.469037E-011
     801       7     0.500000     0.550000   1.748537E-001   5.680007E-002   1.686481E-001   5.059442E-002   1.180536E-001   1.180536E-001  -5.477174E-012
     801       8     0.550000     0.610000   2.295775E-001   7.279690E-002   2.239723E-001   6.719170E-002   1.567806E-001   1.567806E-001  -3.730821E-012
     801       9     0.610000     0.690000   5.693172E-001   1.769141E-001   5.605758E-001   1.681727E-001   3.924031E-001   3.924031E-001   4.905909E-012
     801      10     0.690000     0.780000   2.472789E+000   7.577010E-001   2.450126E+000   7.350378E-001   1.715088E+000   1.715088E+000   3.985887E-010
     801      11     0.780000     0.800000   1.063069E+000   3.241398E-001   1.055609E+000   3.166826E-001   7.389296E-001   7.389261E-001   3.480268E-006
     801      12     0.800000     0.870000   5.878988E+000   1.787489E+000   5.844998E+000   1.753499E+000   4.091499E+000   4.091499E+000   5.511502E-007
     801      13     0.870000     0.880000   8.736691E-001   2.649441E-001   8.695958E-001   2.608788E-001   6.087250E-001   6.087171E-001   7.929579E-006
     801      14     0.880000     1.030000   2.249240E+001   6.799491E+000   2.241845E+001   6.725534E+000   1.569291E+001   1.569291E+001   3.226549E-007
     801      15     1.030000     1.080000   9.248799E+000   2.788380E+000   9.227949E+000   2.768385E+000   6.460418E+000   6.459565E+000   8.539468E-004
     801      16     1.080000     1.140000   1.173685E+001   3.535822E+000   1.171566E+001   3.514698E+000   8.201028E+000   8.200963E+000   6.504135E-005
     801      17     1.140000     1.200000   1.143670E+001   3.442659E+000   1.142004E+001   3.426011E+000   7.994038E+000   7.994027E+000   1.076120E-005
     801      18     1.200000     1.240000   8.097833E+000   2.419628E+000   8.068647E+000   2.420594E+000   5.678205E+000   5.648053E+000   3.015194E-002
     801      19     1.240000     1.280000   7.733813E+000   2.325864E+000   7.725344E+000   2.317603E+000   5.407950E+000   5.407741E+000   2.086844E-004
     801      20     1.280000     1.340000   1.109154E+001   3.331766E+000   1.107802E+001   3.323407E+000   7.759776E+000   7.754616E+000   5.160645E-003
     801      21     1.340000     1.420000   1.012492E+001   3.042423E+000   1.011686E+001   3.035057E+000   7.082498E+000   7.081799E+000   6.986948E-004
     801      22     1.420000     1.460000   4.444646E+000   1.227555E+000   4.294335E+000   1.288300E+000   3.217091E+000   3.006034E+000   2.110561E-001
     801      23     1.460000     1.490000   3.316959E+000   9.941817E-001   3.312558E+000   9.937674E-001   2.322777E+000   2.318791E+000   3.986601E-003
     801      24     1.490000     1.520000   3.416012E+000   1.025595E+000   3.413678E+000   1.024104E+000   2.390416E+000   2.389575E+000   8.415762E-004
     801      25     1.520000     1.680000   2.089115E+001   6.133932E+000   2.069739E+001   6.209216E+000   1.475722E+001   1.448817E+001   2.690447E-001
     801      26     1.680000     1.740000   7.400301E+000   2.221601E+000   7.397791E+000   2.219337E+000   5.178700E+000   5.178454E+000   2.461209E-004
     801      27     1.740000     1.820000   6.859941E+000   2.059136E+000   6.857907E+000   2.057372E+000   4.800805E+000   4.800535E+000   2.704431E-004
     801      28     1.820000     1.940000   7.844991E+000   2.346706E+000   7.834319E+000   2.350296E+000   5.498285E+000   5.484023E+000   1.426144E-002
     801      29     1.940000     2.200000   1.524385E+001   3.507494E+000   1.315042E+001   3.945126E+000   1.173636E+001   9.205295E+000   2.531061E+000
     801      30     2.200000     2.300000   5.897529E+000   1.769622E+000   5.896821E+000   1.769046E+000   4.127907E+000   4.127775E+000   1.318177E-004
     801      31     2.300000     2.450000   6.412228E+000   1.924051E+000   6.411671E+000   1.923501E+000   4.488177E+000   4.488170E+000   6.959599E-006
     801      32     2.450000     2.550000   2.808749E+000   8.422389E-001   2.807972E+000   8.423916E-001   1.966510E+000   1.965580E+000   9.299424E-004
     801      33     2.550000     2.650000   2.466453E+000   7.335105E-001   2.458988E+000   7.376965E-001   1.732943E+000   1.721292E+000   1.165097E-002
     801      34     2.650000     2.900000   5.107089E+000   3.379776E-001   1.567652E+000   4.702957E-001   4.769112E+000   1.097357E+000   3.671755E+000
     801      35     2.900000     3.200000   4.829501E+000   1.439112E+000   4.818167E+000   1.445450E+000   3.390389E+000   3.372717E+000   1.767226E-002
     801      36     3.200000     3.500000   4.479548E+000   1.343900E+000   4.479414E+000   1.343824E+000   3.135648E+000   3.135590E+000   5.815377E-005
     801      37     3.500000     3.900000   5.317470E+000   1.592409E+000   5.314164E+000   1.594249E+000   3.725061E+000   3.719915E+000   5.146519E-003
     801      38     3.900000     5.500000   8.889375E+000   1.754727E+000   6.349883E+000   1.904965E+000   7.134648E+000   4.444918E+000   2.689730E+000
     801      39     5.500000     6.500000   2.171822E+000   6.515444E-001   2.171811E+000   6.515433E-001   1.520277E+000   1.520268E+000   9.559808E-006
     801      40     6.500000     7.000000   6.459457E-001   1.937831E-001   6.459436E-001   1.937831E-001   4.521626E-001   4.521605E-001   2.088816E-006
     801      41     7.000000     9.000000   1.525571E+000   4.557215E-001   1.523392E+000   4.570176E-001   1.069850E+000   1.066374E+000   3.475093E-003
     801      42     9.000000    20.000000   1.633159E+000   3.617652E-001   1.289036E+000   3.867108E-001   1.271394E+000   9.023251E-001   3.690686E-001
     901       1     0.200000     0.300000   5.582456E-006   2.938599E-006   3.776939E-006   1.133082E-006   2.643857E-006   2.643857E-006  -4.911299E-015
     901       2     0.300000     0.345000   2.557270E-003   1.160959E-003   1.994730E-003   5.984189E-004   1.396311E-003   1.396311E-003   9.565853E-013
     901       3     0.345000     0.385000   2.512764E-003   1.006153E-003   2.152302E-003   6.456906E-004   1.506611E-003   1.506611E-003  -5.730525E-013
     901       4     0.385000     0.420000   1.293223E-002   4.781073E-003   1.164451E-002   3.493352E-003   8.151155E-003   8.151155E-003   9.542669E-012
     901       5     0.420000     0.450000   2.349464E-002   8.255229E-003   2.177059E-002   6.531176E-003   1.523941E-002   1.523941E-002  -9.149407E-012
     901       6     0.450000     0.500000   1.310848E-001   4.421893E-002   1.240940E-001   3.722821E-002   8.686582E-002   8.686582E-002  -1.939431E-011
     901       7     0.500000     0.550000   1.748537E-001   5.680007E-002   1.686481E-001   5.059442E-002   1.180536E-001   1.180536E-001  -1.063080E-011
     901       8     0.550000     0.610000   2.295775E-001   7.279690E-002   2.239723E-001   6.719170E-002   1.567806E-001   1.567806E-001   3.915923E-012
     901       9     0.610000     0.690000   5.693172E-001   1.769141E-001   5.605758E-001   1.681727E-001   3.924031E-001   3.924031E-001  -3.971412E-011
     901      10     0.690000     0.780000   2.472789E+000   7.577010E-001   2.450126E+000   7.350378E-001   1.715088E+000   1.715088E+000  -1.806399E-011
     901      11     0.780000     0.800000   1.063069E+000   3.241398E-001   1.055609E+000   3.166826E-001   7.389296E-001   7.389261E-001   3.479657E-006
     901      12     0.800000     0.870000   5.878988E+000   1.787489E+000   5.844998E+000   1.753499E+000   4.091499E+000   4.091499E+000   5.518181E-007
     901      13     0.870000     0.880000   8.736691E-001   2.649441E-001   8.695958E-001   2.608788E-001   6.087250E-001   6.087171E-001   7.917891E-006
     901      14     0.880000     1.030000   2.249240E+001   6.799491E+000   2.241845E+001   6.725534E+000   1.569291E+001   1.569291E+001   3.209793E-007
     901      15     1.030000     1.080000   9.248799E+000   2.788380E+000   9.227949E+000   2.768385E+000   6.460418E+000   6.459565E+000   8.538335E-004
     901      16     1.080000     1.140000   1.173685E+001   3.535822E+000   1.171566E+001   3.514698E+000   8.201028E+000   8.200963E+000   6.500401E-005
     901      17     1.140000     1.200000   1.143670E+001   3.442659E+000   1.142004E+001   3.426011E+000   7.994038E+000   7.994027E+000   1.074004E-005
     901      18     1.200000     1.240000   8.097833E+000   2.419630E+000   8.068650E+000   2.420595E+000   5.678202E+000   5.648055E+000   3.014762E-002
     901      19     1.240000     1.280000   7.733813E+000   2.325864E+000   7.725345E+000   2.317603E+000   5.407949E+000   5.407741E+000   2.077650E-004
     901      20     1.280000     1.340000   1.109154E+001   3.331766E+000   1.107802E+001   3.323407E+000   7.759777E+000   7.754616E+000   5.161157E-003
     901      21     1.340000     1.420000   1.012492E+001   3.042424E+000   1.011686E+001   3.035057E+000   7.082497E+000   7.081800E+000   6.974881E-004
     901      22     1.420000     1.460000   4.444646E+000   1.227623E+000   4.294409E+000   1.288323E+000   3.217022E+000   3.006086E+000   2.109362E-001
     901      23     1.460000     1.490000   3.316959E+000   9.941832E-001   3.312560E+000   9.937679E-001   2.322776E+000   2.318792E+000   3.984040E-003
     901      24     1.490000     1.520000   3.416012E+000   1.025596E+000   3.413680E+000   1.024104E+000   2.390415E+000   2.389576E+000   8.394798E-004
     901      25     1.520000     1.680000   2.089115E+001   6.134018E+000   2.069746E+001   6.209238E+000   1.475713E+001   1.448822E+001   2.689088E-001
     901      26     1.680000     1.740000   7.400301E+000   2.221602E+000   7.397792E+000   2.219338E+000   5.178699E+000   5.178454E+000   2.449421E-004
     901      27     1.740000     1.820000   6.859941E+000   2.059141E+000   6.857911E+000   2.057373E+000   4.800801E+000   4.800538E+000   2.626435E-004
     901      28     1.820000     1.940000   7.844991E+000   2.346766E+000   7.834386E+000   2.350316E+000   5.498225E+000   5.484070E+000   1.415495E-002
     901      29     1.940000     2.200000   1.524385E+001   3.509306E+000   1.315332E+001   3.945997E+000   1.173454E+001   9.207327E+000   2.527217E+000
     901      30     2.200000     2.300000   5.897529E+000   1.769622E+000   5.896822E+000   1.769046E+000   4.127906E+000   4.127775E+000   1.311294E-004
     901      31     2.300000     2.450000   6.412228E+000   1.924051E+000   6.411671E+000   1.923501E+000   4.488177E+000   4.488170E+000   6.927201E-006
     901      32     2.450000     2.550000   2.808749E+000   8.422487E-001   2.807983E+000   8.423949E-001   1.966500E+000   1.965588E+000   9.124085E-004
     901      33     2.550000     2.650000   2.466453E+000   7.336123E-001   2.459105E+000   7.377315E-001   1.732841E+000   1.721373E+000   1.146763E-002
     901      34     2.650000     2.900000   5.107089E+000   3.390946E-001   1.572780E+000   4.718341E-001   4.767995E+000   1.100946E+000   3.667048E+000
     901      35     2.900000     3.200000   4.829501E+000   1.439180E+000   4.818244E+000   1.445473E+000   3.390321E+000   3.372771E+000   1.755023E-002
     901      36     3.200000     3.500000   4.479548E+000   1.343900E+000   4.479415E+000   1.343825E+000   3.135648E+000   3.135591E+000   5.714817E-005
     901      37     3.500000     3.900000   5.317470E+000   1.592409E+000   5.314163E+000   1.594249E+000   3.725062E+000   3.719914E+000   5.147917E-003
     901      38     3.900000     5.500000   8.889375E+000   1.755554E+000   6.351553E+000   1.905466E+000   7.133821E+000   4.446087E+000   2.687734E+000
     901      39     5.500000     6.500000   2.171822E+000   6.515445E-001   2.171811E+000   6.515433E-001   1.520277E+000   1.520268E+000   9.386582E-006
     901      40     6.500000     7.000000   6.459457E-001   1.937832E-001   6.459436E-001   1.937831E-001   4.521626E-001   4.521605E-001   2.056403E-006
     901      41     7.000000     9.000000   1.525571E+000   4.557217E-001   1.523392E+000   4.570177E-001   1.069849E+000   1.066375E+000   3.474721E-003
     901      42     9.000000    20.000000   1.633159E+000   3.624031E-001   1.290391E+000   3.871172E-001   1.270756E+000   9.032735E-001   3.674824E-001
    1001       1     0.200000     0.300000   5.582456E-006   2.938599E-006   3.776939E-006   1.133082E-006   2.643857E-006   2.643857E-006  -4.911299E-015
    1001       2     0.300000     0.345000   2.557270E-003   1.160959E-003   1.994730E-003   5.984189E-004   1.396311E-003   1.396311E-003   9.565853E-013
    1001       3     0.345000     0.385000   2.512764E-003   1.006153E-003   2.152302E-003   6.456906E-004   1.506611E-003   1.506611E-003  -5.730525E-013
    1001       4     0.385000     0.420000   1.293223E-002   4.781073E-003   1.164451E-002   3.493352E-003   8.151155E-003   8.151155E-003   4.405368E-012
    1001       5     0.420000     0.450000   2.349464E-002   8.255229E-003   2.177059E-002   6.531176E-003   1.523941E-002   1.523941E-002   2.550326E-012
    1001       6     0.450000     0.500000   1.310848E-001   4.421893E-002   1.240940E-001   3.722821E-002   8.686582E-002   8.686582E-002   2.918731E-011
    1001       7     0.500000     0.550000   1.748537E-001   5.680007E-002   1.686481E-001   5.059442E-002   1.180536E-001   1.180536E-001  -1.577150E-011
    1001       8     0.550000     0.610000   2.295775E-001   7.279690E-002   2.239723E-001   6.719170E-002   1.567806E-001   1.567806E-001   2.753997E-011
    1001       9     0.610000     0.690000   5.693172E-001   1.769141E-001   5.605758E-001   1.681727E-001   3.924031E-001   3.924031E-001  -1.223732E-011
    1001      10     0.690000     0.780000   2.472789E+000   7.577010E-001   2.450126E+000   7.350378E-001   1.715088E+000   1.715088E+000  -8.818901E-011
    1001      11     0.780000     0.800000   1.063069E+000   3.241398E-001   1.055609E+000   3.166826E-001   7.389296E-001   7.389261E-001   3.479243E-006
    1001      12     0.800000     0.870000   5.878988E+000   1.787489E+000   5.844998E+000   1.753499E+000   4.091499E+000   4.091499E+000   5.524681E-007
    1001      13     0.870000     0.880000   8.736691E-001   2.649441E-001   8.695959E-001   2.608788E-001   6.087250E-001   6.087171E-001   7.906594E-006
    1001      14     0.880000     1.030000   2.249240E+001   6.799491E+000   2.241845E+001   6.725534E+000   1.569291E+001   1.569291E+001   3.193912E-007
    1001      15     1.030000     1.080000   9.248799E+000   2.788380E+000   9.227949E+000   2.768385E+000   6.460418E+000   6.459565E+000   8.537287E-004
    1001      16     1.080000     1.140000   1.173685E+001   3.535822E+000   1.171566E+001   3.514698E+000   8.201028E+000   8.200963E+000   6.496792E-005
    1001      17     1.140000     1.200000   1.143670E+001   3.442659E+000   1.142004E+001   3.426011E+000   7.994038E+000   7.994027E+000   1.072041E-005
    1001      18     1.200000     1.240000   8.097833E+000   2.419633E+000   8.068652E+000   2.420595E+000   5.678200E+000   5.648056E+000   3.014362E-002
    1001      19     1.240000     1.280000   7.733813E+000   2.325865E+000   7.725345E+000   2.317604E+000   5.407949E+000   5.407742E+000   2.068851E-004
    1001      20     1.280000     1.340000   1.109154E+001   3.331766E+000   1.107802E+001   3.323407E+000   7.759777E+000   7.754615E+000   5.161669E-003
    1001      21     1.340000     1.420000   1.012492E+001   3.042424E+000   1.011686E+001   3.035057E+000   7.082497E+000   7.081800E+000   6.963386E-004
    1001      22     1.420000     1.460000   4.444646E+000   1.227688E+000   4.294478E+000   1.288343E+000   3.216958E+000   3.006135E+000   2.108233E-001
    1001      23     1.460000     1.490000   3.316959E+000   9.941845E-001   3.312561E+000   9.937683E-001   2.322774E+000   2.318793E+000   3.981607E-003
    1001      24     1.490000     1.520000   3.416012E+000   1.025597E+000   3.413681E+000   1.024104E+000   2.390414E+000   2.389577E+000   8.374801E-004
    1001      25     1.520000     1.680000   2.089115E+001   6.134098E+000   2.069753E+001   6.209258E+000   1.475705E+001   1.448827E+001   2.687816E-001
    1001      26     1.680000     1.740000   7.400301E+000   2.221603E+000   7.397793E+000   2.219338E+000   5.178699E+000   5.178455E+000   2.438167E-004
    1001      27     1.740000     1.820000   6.859941E+000   2.059145E+000   6.857916E+000   2.057375E+000   4.800796E+000   4.800541E+000   2.552178E-004
    1001      28     1.820000     1.940000   7.844991E+000   2.346823E+000   7.834450E+000   2.350335E+000   5.498168E+000   5.484115E+000   1.405377E-002
    1001      29     1.940000     2.200000   1.524385E+001   3.511078E+000   1.315615E+001   3.946844E+000   1.173277E+001   9.209302E+000   2.523470E+000
    1001      30     2.200000     2.300000   5.897529E+000   1.769623E+000   5.896822E+000   1.769047E+000   4.127906E+000   4.127775E+000   1.304708E-004
    1001      31     2.300000     2.450000   6.412228E+000   1.924051E+000   6.411671E+000   1.923501E+000   4.488177E+000   4.488170E+000   6.896090E-006
    1001      32     2.450000     2.550000   2.808749E+000   8.422581E-001   2.807993E+000   8.423980E-001   1.966491E+000   1.965595E+000   8.957034E-004
    1001      33     2.550000     2.650000   2.466453E+000   7.337088E-001   2.459215E+000   7.377646E-001   1.732744E+000   1.721451E+000   1.129384E-002
    1001      34     2.650000     2.900000   5.107089E+000   3.401962E-001   1.577819E+000   4.733458E-001   4.766893E+000   1.104474E+000   3.662419E+000
    1001      35     2.900000     3.200000   4.829501E+000   1.439244E+000   4.818319E+000   1.445496E+000   3.390257E+000   3.372823E+000   1.743354E-002
    1001      36     3.200000     3.500000   4.479548E+000   1.343901E+000   4.479416E+000   1.343825E+000   3.135647E+000   3.135591E+000   5.618972E-005
    1001      37     3.500000     3.900000   5.317470E+000   1.592408E+000   5.314162E+000   1.594249E+000   3.725063E+000   3.719913E+000   5.149313E-003
    1001      38     3.900000     5.500000   8.889375E+000   1.756359E+000   6.353177E+000   1.905953E+000   7.133016E+000   4.447224E+000   2.685792E+000
    1001      39     5.500000     6.500000   2.171822E+000   6.515446E-001   2.171811E+000   6.515433E-001   1.520277E+000   1.520268E+000   9.220465E-006
    1001      40     6.500000     7.000000   6.459457E-001   1.937832E-001   6.459436E-001   1.937831E-001   4.521626E-001   4.521605E-001   2.025361E-006
    1001      41     7.000000     9.000000   1.525571E+000   4.557219E-001   1.523393E+000   4.570178E-001   1.069849E+000   1.066375E+000   3.474367E-003
    1001      42     9.000000    20.000000   1.633159E+000   3.630310E-001   1.291720E+000   3.875159E-001   1.270128E+000   9.042037E-001   3.659242E-001
    1101       1     0.200000     0.300000   5.582456E-006   2.938599E-006   3.776939E-006   1.133082E-006   2.643857E-006   2.643857E-006  -4.911299E-015
    1101       2     0.300000     0.345000   2.557270E-003   1.160959E-003   1.994730E-003   5.984189E-004   1.396311E-003   1.396311E-003   9.565853E-013
    1101       3     0.345000     0.385000   2.512764E-003   1.006153E-003   2.152302E-003   6.456906E-004   1.506611E-003   1.506611E-003  -5.730525E-013
    1101       4     0.385000     0.420000   1.293223E-002   4.781073E-003   1.164451E-002   3.493352E-003   8.151155E-003   8.151155E-003   5.537713E-012
    1101       5     0.420000     0.450000   2.349464E-002   8.255229E-003   2.177059E-002   6.531176E-003   1.523941E-002   1.523941E-002   3.008822E-012
    1101       6     0.450000     0.500000   1.310848E-001   4.421893E-002   1.240940E-001   3.722821E-002   8.686582E-002   8.686582E-002   1.157069E-011
    1101       7     0.500000     0.550000   1.748537E-001   5.680007E-002   1.686481E-001   5.059442E-002   1.180536E-001   1.180536E-001  -3.589948E-012
    1101       8     0.550000     0.610000   2.295775E-001   7.279690E-002   2.239723E-001   6.719170E-002   1.567806E-001   1.567806E-001   5.693507E-011
    1101       9     0.610000     0.690000   5.693172E-001   1.769141E-001   5.605758E-001   1.681727E-001   3.924031E-001   3.924031E-001  -1.670408E-011
    1101      10     0.690000     0.780000   2.472789E+000   7.577010E-001   2.450126E+000   7.350378E-001   1.715088E+000   1.715088E+000   1.717078E-010
    1101      11     0.780000     0.800000   1.063069E+000   3.241398E-001   1.055609E+000   3.166826E-001   7.389296E-001   7.389261E-001   3.478975E-006
    1101      12     0.800000     0.870000   5.878988E+000   1.787489E+000   5.844998E+000   1.753499E+000   4.091499E+000   4.091499E+000   5.530996E-007
    1101      13     0.870000     0.880000   8.736691E-001   2.649441E-001   8.695959E-001   2.608788E-001   6.087250E-001   6.087171E-001   7.895744E-006
    1101      14     0.880000     1.030000   2.249240E+001   6.799491E+000   2.241845E+001   6.725534E+000   1.569291E+001   1.569291E+001   3.178768E-007
    1101      15     1.030000     1.080000   9.248799E+000   2.788380E+000   9.227949E+000   2.768385E+000   6.460418E+000   6.459565E+000   8.536289E-004
    1101      16     1.080000     1.140000   1.173685E+001   3.535822E+000   1.171566E+001   3.514699E+000   8.201028E+000   8.200963E+000   6.493301E-005
    1101      17     1.140000     1.200000   1.143670E+001   3.442659E+000   1.142004E+001   3.426011E+000   7.994038E+000   7.994027E+000   1.070214E-005
    1101      18     1.200000     1.240000   8.097833E+000   2.419635E+000   8.068654E+000   2.420596E+000   5.678197E+000   5.648057E+000   3.013990E-002
    1101      19     1.240000     1.280000   7.733813E+000   2.325865E+000   7.725346E+000   2.317604E+000   5.407948E+000   5.407742E+000   2.060412E-004
    1101      20     1.280000     1.340000   1.109154E+001   3.331765E+000   1.107802E+001   3.323406E+000   7.759777E+000   7.754615E+000   5.162170E-003
    1101      21     1.340000     1.420000   1.012492E+001   3.042425E+000   1.011686E+001   3.035057E+000   7.082496E+000   7.081801E+000   6.952412E-004
    1101      22     1.420000     1.460000   4.444646E+000   1.227749E+000   4.294544E+000   1.288363E+000   3.216897E+000   3.006181E+000   2.107164E-001
    1101      23     1.460000     1.490000   3.316959E+000   9.941858E-001   3.312563E+000   9.937688E-001   2.322773E+000   2.318794E+000   3.979297E-003
    1101      24     1.490000     1.520000   3.416012E+000   1.025599E+000   3.413682E+000   1.024105E+000   2.390413E+000   2.389577E+000   8.355704E-004
    1101      25     1.520000     1.680000   2.089115E+001   6.134174E+000   2.069759E+001   6.209277E+000   1.475697E+001   1.448831E+001   2.686621E-001
    1101      26     1.680000     1.740000   7.400301E+000   2.221603E+000   7.397793E+000   2.219338E+000   5.178698E+000   5.178455E+000   2.427396E-004
    1101      27     1.740000     1.820000   6.859941E+000   2.059149E+000   6.857920E+000   2.057376E+000   4.800792E+000   4.800544E+000   2.481300E-004
    1101      28     1.820000     1.940000   7.844991E+000   2.346877E+000   7.834510E+000   2.350353E+000   5.498114E+000   5.484157E+000   1.395740E-002
    1101      29     1.940000     2.200000   1.524385E+001   3.512812E+000   1.315889E+001   3.947667E+000   1.173104E+001   9.211222E+000   2.519815E+000
    1101      30     2.200000     2.300000   5.897529E+000   1.769623E+000   5.896822E+000   1.769047E+000   4.127906E+000   4.127776E+000   1.298391E-004
    1101      31     2.300000     2.450000   6.412228E+000   1.924051E+000   6.411671E+000   1.923501E+000   4.488177E+000   4.488170E+000   6.866166E-006
    1101      32     2.450000     2.550000   2.808749E+000   8.422671E-001   2.808003E+000   8.424010E-001   1.966482E+000   1.965602E+000   8.797497E-004
    1101      33     2.550000     2.650000   2.466453E+000   7.338007E-001   2.459320E+000   7.377960E-001   1.732653E+000   1.721524E+000   1.112861E-002
    1101      34     2.650000     2.900000   5.107089E+000   3.412828E-001   1.582771E+000   4.748313E-001   4.765806E+000   1.107940E+000   3.657867E+000
    1101      35     2.900000     3.200000   4.829501E+000   1.439306E+000   4.818390E+000   1.445517E+000   3.390195E+000   3.372873E+000   1.732163E-002
    1101      36     3.200000     3.500000   4.479548E+000   1.343901E+000   4.479416E+000   1.343825E+000   3.135647E+000   3.135591E+000   5.527395E-005
    1101      37     3.500000     3.900000   5.317470E+000   1.592407E+000   5.314161E+000   1.594248E+000   3.725063E+000   3.719913E+000   5.150703E-003
    1101      38     3.900000     5.500000   8.889375E+000   1.757143E+000   6.354757E+000   1.906427E+000   7.132232E+000   4.448330E+000   2.683902E+000
    1101      39     5.500000     6.500000   2.171822E+000   6.515447E-001   2.171811E+000   6.515433E-001   1.520277E+000   1.520268E+000   9.060876E-006
    1101      40     6.500000     7.000000   6.459457E-001   1.937832E-001   6.459436E-001   1.937831E-001   4.521625E-001   4.521605E-001   1.995583E-006
    1101      41     7.000000     9.000000   1.525571E+000   4.557221E-001   1.523393E+000   4.570178E-001   1.069849E+000   1.066375E+000   3.474025E-003
    1101      42     9.000000    20.000000   1.633159E+000   3.636492E-001   1.293023E+000   3.879070E-001   1.269510E+000   9.051163E-001   3.643934E-001
    1201       1     0.200000     0.300000   5.582456E-006   2.938599E-006   3.776939E-006   1.133082E-006   2.643857E-006   2.643857E-006  -4.911299E-015
    1201       2     0.300000     0.345000   2.557270E-003   1.160959E-003   1.994730E-003   5.984189E-004   1.396311E-003   1.396311E-003   9.565853E-013
    1201       3     0.345000     0.385000   2.512764E-003   1.006153E-003   2.152302E-003   6.456906E-004   1.506611E-003   1.506611E-003  -5.730525E-013
    1201       4     0.385000     0.420000   1.293223E-002   4.781073E-003   1.164451E-002   3.493352E-003   8.151155E-003   8.151155E-003   5.600942E-012
    1201       5     0.420000     0.450000   2.349464E-002   8.255229E-003   2.177059E-002   6.531176E-003   1.523941E-002   1.523941E-002   1.527327E-012
    1201       6     0.450000     0.500000   1.310848E-001   4.421893E-002   1.240940E-001   3.722821E-002   8.686582E-002   8.686582E-002   3.390677E-012
    1201       7     0.500000     0.550000   1.748537E-001   5.680007E-002   1.686481E-001   5.059442E-002   1.180536E-001   1.180536E-001  -3.304629E-011
    1201       8     0.550000     0.610000   2.295775E-001   7.279690E-002   2.239723E-001   6.719170E-002   1.567806E-001   1.567806E-001   2.121922E-011
    1201       9     0.610000     0.690000   5.693172E-001   1.769141E-001   5.605758E-001   1.681727E-001   3.924031E-001   3.924031E-001   1.090206E-011
    1201      10     0.690000     0.780000   2.472789E+000   7.577010E-001   2.450126E+000   7.350378E-001   1.715088E+000   1.715088E+000   2.373222E-010
    1201      11     0.780000     0.800000   1.063069E+000   3.241398E-001   1.055609E+000   3.166826E-001   7.389296E-001   7.389261E-001   3.478821E-006
    1201      12     0.800000     0.870000   5.878988E+000   1.787489E+000   5.844998E+000   1.753499E+000   4.091499E+000   4.091499E+000   5.537159E-007
    1201      13     0.870000     0.880000   8.736691E-001   2.649441E-001   8.695959E-001   2.608788E-001   6.087250E-001   6.087171E-001   7.885372E-006
    1201      14     0.880000     1.030000   2.249240E+001   6.799491E+000   2.241845E+001   6.725534E+000   1.569291E+001   1.569291E+001   3.164396E-007
    1201      15     1.030000     1.080000   9.248799E+000   2.788381E+000   9.227950E+000   2.768385E+000   6.460418E+000   6.459565E+000   8.535351E-004
    1201      16     1.080000     1.140000   1.173685E+001   3.535822E+000   1.171566E+001   3.514699E+000   8.201028E+000   8.200963E+000   6.489922E-005
    1201      17     1.140000     1.200000   1.143670E+001   3.442659E+000   1.142004E+001   3.426011E+000   7.994038E+000   7.994027E+000   1.068517E-005
    1201      18     1.200000     1.240000   8.097833E+000   2.419638E+000   8.068655E+000   2.420597E+000   5.678195E+000   5.648059E+000   3.013644E-002
    1201      19     1.240000     1.280000   7.733813E+000   2.325866E+000   7.725346E+000   2.317604E+000   5.407948E+000   5.407743E+000   2.052317E-004
    1201      20     1.280000     1.340000   1.109154E+001   3.331765E+000   1.107802E+001   3.323406E+000   7.759778E+000   7.754615E+000   5.162656E-003
    1201      21     1.340000     1.420000   1.012492E+001   3.042426E+000   1.011686E+001   3.035058E+000   7.082495E+000   7.081801E+000   6.941900E-004
    1201      22     1.420000     1.460000   4.444646E+000   1.227807E+000   4.294605E+000   1.288382E+000   3.216839E+000   3.006224E+000   2.106153E-001
    1201      23     1.460000     1.490000   3.316959E+000   9.941871E-001   3.312564E+000   9.937692E-001   2.322772E+000   2.318795E+000   3.977110E-003
    1201      24     1.490000     1.520000   3.416012E+000   1.025600E+000   3.413683E+000   1.024105E+000   2.390412E+000   2.389578E+000   8.337508E-004
    1201      25     1.520000     1.680000   2.089115E+001   6.134244E+000   2.069765E+001   6.209294E+000   1.475690E+001   1.448835E+001   2.685501E-001
    1201      26     1.680000     1.740000   7.400301E+000   2.221604E+000   7.397794E+000   2.219338E+000   5.178697E+000   5.178456E+000   2.417091E-004
    1201      27     1.740000     1.820000   6.859941E+000   2.059153E+000   6.857925E+000   2.057377E+000   4.800789E+000   4.800547E+000   2.413698E-004
    1201      28     1.820000     1.940000   7.844991E+000   2.346928E+000   7.834568E+000   2.350370E+000   5.498063E+000   5.484197E+000   1.386561E-002
    1201      29     1.940000     2.200000   1.524385E+001   3.514508E+000   1.316156E+001   3.948467E+000   1.172934E+001   9.213089E+000   2.516254E+000
    1201      30     2.200000     2.300000   5.897529E+000   1.769623E+000   5.896823E+000   1.769047E+000   4.127905E+000   4.127776E+000   1.292331E-004
    1201      31     2.300000     2.450000   6.412228E+000   1.924051E+000   6.411671E+000   1.923501E+000   4.488177E+000   4.488170E+000   6.837392E-006
    1201      32     2.450000     2.550000   2.808749E+000   8.422757E-001   2.808013E+000   8.424039E-001   1.966474E+000   1.965609E+000   8.645137E-004
    1201      33     2.550000     2.650000   2.466453E+000   7.338880E-001   2.459420E+000   7.378259E-001   1.732565E+000   1.721594E+000   1.097166E-002
    1201      34     2.650000     2.900000   5.107089E+000   3.423535E-001   1.587630E+000   4.762890E-001   4.764736E+000   1.111341E+000   3.653395E+000
    1201      35     2.900000     3.200000   4.829501E+000   1.439366E+000   4.818458E+000   1.445537E+000   3.390135E+000   3.372921E+000   1.721422E-002
    1201      36     3.200000     3.500000   4.479548E+000   1.343902E+000   4.479417E+000   1.343825E+000   3.135646E+000   3.135592E+000   5.439914E-005
    1201      37     3.500000     3.900000   5.317470E+000   1.592406E+000   5.314160E+000   1.594248E+000   3.725064E+000   3.719912E+000   5.152084E-003
    1201      38     3.900000     5.500000   8.889375E+000   1.757906E+000   6.356295E+000   1.906889E+000   7.131469E+000   4.449407E+000   2.682062E+000
    1201      39     5.500000     6.500000   2.171822E+000   6.515448E-001   2.171811E+000   6.515434E-001   1.520277E+000   1.520268E+000   8.907817E-006
    1201      40     6.500000     7.000000   6.459457E-001   1.937832E-001   6.459436E-001   1.937831E-001   4.521625E-001   4.521606E-001   1.967048E-006
    1201      41     7.000000     9.000000   1.525571E+000   4.557223E-001   1.523393E+000   4.570179E-001   1.069849E+000   1.066375E+000   3.473698E-003
    1201      42     9.000000    20.000000   1.633159E+000   3.642567E-001   1.294300E+000   3.882901E-001   1.268902E+000   9.060102E-001   3.628920E-001
    1301       1     0.200000     0.300000   5.582456E-006   2.938599E-006   3.776939E-006   1.133082E-006   2.643857E-006   2.643857E-006  -4.911299E-015
    1301       2     0.300000     0.345000   2.557270E-003   1.160959E-003   1.994730E-003   5.984189E-004   1.396311E-003   1.396311E-003   9.565853E-013
    1301       3     0.345000     0.385000   2.512764E-003   1.006153E-003   2.152302E-003   6.456906E-004   1.506611E-003   1.506611E-003  -5.730525E-013
    1301       4     0.385000     0.420000   1.293223E-002   4.781073E-003   1.164451E-002   3.493352E-003   8.151155E-003   8.151155E-003  -1.174479E-012
    1301       5     0.420000     0.450000   2.349464E-002   8.255229E-003   2.177059E-002   6.531176E-003   1.523941E-002   1.523941E-002   4.477311E-012
    1301       6     0.450000     0.500000   1.310848E-001   4.421893E-002   1.240940E-001   3.722821E-002   8.686582E-002   8.686582E-002   1.922160E-011
    1301       7     0.500000     0.550000   1.748537E-001   5.680007E-002   1.686481E-001   5.059442E-002   1.180536E-001   1.180536E-001  -8.837098E-012
    1301       8     0.550000     0.610000   2.295775E-001   7.279690E-002   2.239723E-001   6.719170E-002   1.567806E-001   1.567806E-001   5.730105E-011
    1301       9     0.610000     0.690000   5.693172E-001   1.769141E-001   5.605758E-001   1.681727E-001   3.924031E-001   3.924031E-001   2.708278E-011
    1301      10     0.690000     0.780000   2.472789E+000   7.577010E-001   2.450126E+000   7.350378E-001   1.715088E+000   1.715088E+000   1.741309E-010
    1301      11     0.780000     0.800000   1.063069E+000   3.241398E-001   1.055609E+000   3.166826E-001   7.389296E-001   7.389261E-001   3.478741E-006
    1301      12     0.800000     0.870000   5.878988E+000   1.787489E+000   5.844998E+000   1.753499E+000   4.091499E+000   4.091499E+000   5.543162E-007
    1301      13     0.870000     0.880000   8.736691E-001   2.649441E-001   8.695959E-001   2.608788E-001   6.087250E-001   6.087171E-001   7.875378E-006
    1301      14     0.880000     1.030000   2.249240E+001   6.799491E+000   2.241845E+001   6.725534E+000   1.569291E+001   1.569291E+001   3.150629E-007
    1301      15     1.030000     1.080000   9.248799E+000   2.788381E+000   9.227950E+000   2.768385E+000   6.460418E+000   6.459565E+000   8.534472E-004
    1301      16     1.080000     1.140000   1.173685E+001   3.535822E+000   1.171566E+001   3.514699E+000   8.201028E+000   8.200963E+000   6.486673E-005
    1301      17     1.140000     1.200000   1.143670E+001   3.442659E+000   1.142004E+001   3.426011E+000   7.994037E+000   7.994027E+000   1.066934E-005
    1301      18     1.200000     1.240000   8.097833E+000   2.419640E+000   8.068657E+000   2.420597E+000   5.678193E+000   5.648060E+000   3.013320E-002
    1301      19     1.240000     1.280000   7.733813E+000   2.325866E+000   7.725347E+000   2.317604E+000   5.407947E+000   5.407743E+000   2.044536E-004
    1301      20     1.280000     1.340000   1.109154E+001   3.331765E+000   1.107802E+001   3.323406E+000   7.759778E+000   7.754615E+000   5.163120E-003
    1301      21     1.340000     1.420000   1.012492E+001   3.042426E+000   1.011686E+001   3.035058E+000   7.082495E+000   7.081802E+000   6.931799E-004
    1301      22     1.420000     1.460000   4.444646E+000   1.227862E+000   4.294664E+000   1.288399E+000   3.216784E+000   3.006265E+000   2.105191E-001
    1301      23     1.460000     1.490000   3.316959E+000   9.941882E-001   3.312565E+000   9.937696E-001   2.322771E+000   2.318796E+000   3.975043E-003
    1301      24     1.490000     1.520000   3.416012E+000   1.025601E+000   3.413684E+000   1.024105E+000   2.390411E+000   2.389579E+000   8.320134E-004
    1301      25     1.520000     1.680000   2.089115E+001   6.134311E+000   2.069770E+001   6.209311E+000   1.475684E+001   1.448839E+001   2.684444E-001
    1301      26     1.680000     1.740000   7.400301E+000   2.221604E+000   7.397795E+000   2.219338E+000   5.178697E+000   5.178456E+000   2.407206E-004
    1301      27     1.740000     1.820000   6.859941E+000   2.059156E+000   6.857929E+000   2.057379E+000   4.800785E+000   4.800550E+000   2.348984E-004
    1301      28     1.820000     1.940000   7.844991E+000   2.346977E+000   7.834623E+000   2.350387E+000   5.498014E+000   5.484236E+000   1.377782E-002
    1301      29     1.940000     2.200000   1.524385E+001   3.516166E+000   1.316415E+001   3.949245E+000   1.172768E+001   9.214905E+000   2.512779E+000
    1301      30     2.200000     2.300000   5.897529E+000   1.769624E+000   5.896823E+000   1.769047E+000   4.127905E+000   4.127776E+000   1.286503E-004
    1301      31     2.300000     2.450000   6.412228E+000   1.924051E+000   6.411671E+000   1.923501E+000   4.488177E+000   4.488170E+000   6.809663E-006
    1301      32     2.450000     2.550000   2.808749E+000   8.422839E-001   2.808022E+000   8.424066E-001   1.966465E+000   1.965615E+000   8.499142E-004
    1301      33     2.550000     2.650000   2.466453E+000   7.339713E-001   2.459514E+000   7.378543E-001   1.732482E+000   1.721660E+000   1.082192E-002
    1301      34     2.650000     2.900000   5.107089E+000   3.434094E-001   1.592401E+000   4.777204E-001   4.763680E+000   1.114681E+000   3.648999E+000
    1301      35     2.900000     3.200000   4.829501E+000   1.439423E+000   4.818524E+000   1.445557E+000   3.390078E+000   3.372967E+000   1.711089E-002
    1301      36     3.200000     3.500000   4.479548E+000   1.343902E+000   4.479417E+000   1.343825E+000   3.135646E+000   3.135592E+000   5.356071E-005
    1301      37     3.500000     3.900000   5.317470E+000   1.592406E+000   5.314159E+000   1.594248E+000   3.725065E+000   3.719911E+000   5.153455E-003
    1301      38     3.900000     5.500000   8.889375E+000   1.758650E+000   6.357792E+000   1.907338E+000   7.130725E+000   4.450455E+000   2.680271E+000
    1301      39     5.500000     6.500000   2.171822E+000   6.515449E-001   2.171811E+000   6.515434E-001   1.520277E+000   1.520268E+000   8.760657E-006
    1301      40     6.500000     7.000000   6.459457E-001   1.937832E-001   6.459437E-001   1.937831E-001   4.521625E-001   4.521606E-001   1.939640E-006
    1301      41     7.000000     9.000000   1.525571E+000   4.557225E-001   1.523393E+000   4.570179E-001   1.069849E+000   1.066375E+000   3.473387E-003
    1301      42     9.000000    20.000000   1.633159E+000   3.648543E-001   1.295552E+000   3.886657E-001   1.268305E+000   9.068866E-001   3.614180E-001
    1401       1     0.200000     0.300000   5.582456E-006   2.938599E-006   3.776939E-006   1.133082E-006   2.643857E-006   2.643857E-006  -4.911299E-015
    1401       2     0.300000     0.345000   2.557270E-003   1.160959E-003   1.994730E-003   5.984189E-004   1.396311E-003   1.396311E-003   9.565853E-013
    1401       3     0.345000     0.385000   2.512764E-003   1.006153E-003   2.152302E-003   6.456906E-004   1.506611E-003   1.506611E-003  -5.730525E-013
    1401       4     0.385000     0.420000   1.293223E-002   4.781073E-003   1.164451E-002   3.493352E-003   8.151155E-003   8.151155E-003  -1.811993E-012
    1401       5     0.420000     0.450000   2.349464E-002   8.255229E-003   2.177059E-002   6.531176E-003   1.523941E-002   1.523941E-002  -4.120577E-012
    1401       6     0.450000     0.500000   1.310848E-001   4.421893E-002   1.240940E-001   3.722821E-002   8.686582E-002   8.686582E-002   1.385939E-011
    1401       7     0.500000     0.550000   1.748537E-001   5.680007E-002   1.686481E-001   5.059442E-002   1.180536E-001   1.180536E-001  -1.426484E-011
    1401       8     0.550000     0.610000   2.295775E-001   7.279690E-002   2.239723E-001   6.719170E-002   1.567806E-001   1.567806E-001   6.721593E-011
    1401       9     0.610000     0.690000   5.693172E-001   1.769141E-001   5.605758E-001   1.681727E-001   3.924031E-001   3.924031E-001  -3.914424E-012
    1401      10     0.690000     0.780000   2.472789E+000   7.577010E-001   2.450126E+000   7.350378E-001   1.715088E+000   1.715088E+000   2.596723E-010
    1401      11     0.780000     0.800000   1.063069E+000   3.241398E-001   1.055609E+000   3.166826E-001   7.389296E-001   7.389261E-001   3.478717E-006
    1401      12     0.800000     0.870000   5.878988E+000   1.787489E+000   5.844998E+000   1.753499E+000   4.091499E+000   4.091499E+000   5.549012E-007
    1401      13     0.870000     0.880000   8.736691E-001   2.649441E-001   8.695959E-001   2.608788E-001   6.087250E-001   6.087171E-001   7.865683E-006
    1401      14     0.880000     1.030000   2.249240E+001   6.799491E+000   2.241845E+001   6.725534E+000   1.569291E+001   1.569291E+001   3.137525E-007
    1401      15     1.030000     1.080000   9.248799E+000   2.788381E+000   9.227950E+000   2.768385E+000   6.460418E+000   6.459565E+000   8.533661E-004
    1401      16     1.080000     1.140000   1.173685E+001   3.535822E+000   1.171566E+001   3.514699E+000   8.201028E+000   8.200963E+000   6.483554E-005
    1401      17     1.140000     1.200000   1.143670E+001   3.442659E+000   1.142004E+001   3.426012E+000   7.994037E+000   7.994027E+000   1.065458E-005
    1401      18     1.200000     1.240000   8.097833E+000   2.419642E+000   8.068659E+000   2.420598E+000   5.678191E+000   5.648061E+000   3.013019E-002
    1401      19     1.240000     1.280000   7.733813E+000   2.325866E+000   7.725347E+000   2.317604E+000   5.407947E+000   5.407743E+000   2.037054E-004
    1401      20     1.280000     1.340000   1.109154E+001   3.331765E+000   1.107802E+001   3.323406E+000   7.759778E+000   7.754615E+000   5.163563E-003
    1401      21     1.340000     1.420000   1.012492E+001   3.042427E+000   1.011686E+001   3.035058E+000   7.082494E+000   7.081802E+000   6.922100E-004
    1401      22     1.420000     1.460000   4.444646E+000   1.227914E+000   4.294720E+000   1.288416E+000   3.216732E+000   3.006304E+000   2.104277E-001
    1401      23     1.460000     1.490000   3.316959E+000   9.941893E-001   3.312566E+000   9.937699E-001   2.322770E+000   2.318796E+000   3.973084E-003
    1401      24     1.490000     1.520000   3.416012E+000   1.025601E+000   3.413685E+000   1.024106E+000   2.390410E+000   2.389580E+000   8.303538E-004
    1401      25     1.520000     1.680000   2.089115E+001   6.134374E+000   2.069776E+001   6.209327E+000   1.475677E+001   1.448843E+001   2.683447E-001
    1401      26     1.680000     1.740000   7.400301E+000   2.221605E+000   7.397795E+000   2.219339E+000   5.178696E+000   5.178457E+000   2.397720E-004
    1401      27     1.740000     1.820000   6.859941E+000   2.059160E+000   6.857933E+000   2.057380E+000   4.800782E+000   4.800553E+000   2.287024E-004
    1401      28     1.820000     1.940000   7.844991E+000   2.347025E+000   7.834675E+000   2.350403E+000   5.497967E+000   5.484273E+000   1.369385E-002
    1401      29     1.940000     2.200000   1.524385E+001   3.517789E+000   1.316667E+001   3.950002E+000   1.172606E+001   9.216672E+000   2.509390E+000
    1401      30     2.200000     2.300000   5.897529E+000   1.769624E+000   5.896824E+000   1.769047E+000   4.127905E+000   4.127776E+000   1.280894E-004
    1401      31     2.300000     2.450000   6.412228E+000   1.924051E+000   6.411671E+000   1.923501E+000   4.488177E+000   4.488170E+000   6.782932E-006
    1401      32     2.450000     2.550000   2.808749E+000   8.422917E-001   2.808031E+000   8.424093E-001   1.966458E+000   1.965622E+000   8.359197E-004
    1401      33     2.550000     2.650000   2.466453E+000   7.340508E-001   2.459605E+000   7.378815E-001   1.732403E+000   1.721723E+000   1.067905E-002
    1401      34     2.650000     2.900000   5.107089E+000   3.444506E-001   1.597085E+000   4.791254E-001   4.762639E+000   1.117959E+000   3.644679E+000
    1401      35     2.900000     3.200000   4.829501E+000   1.439478E+000   4.818587E+000   1.445576E+000   3.390023E+000   3.373011E+000   1.701144E-002
    1401      36     3.200000     3.500000   4.479548E+000   1.343903E+000   4.479418E+000   1.343825E+000   3.135645E+000   3.135592E+000   5.275680E-005
    1401      37     3.500000     3.900000   5.317470E+000   1.592405E+000   5.314158E+000   1.594248E+000   3.725066E+000   3.719911E+000   5.154817E-003
    1401      38     3.900000     5.500000   8.889375E+000   1.759373E+000   6.359249E+000   1.907775E+000   7.130002E+000   4.451475E+000   2.678527E+000
    1401      39     5.500000     6.500000   2.171822E+000   6.515450E-001   2.171811E+000   6.515434E-001   1.520277E+000   1.520268E+000   8.619166E-006
    1401      40     6.500000     7.000000   6.459457E-001   1.937832E-001   6.459437E-001   1.937831E-001   4.521625E-001   4.521606E-001   1.913315E-006
    1401      41     7.000000     9.000000   1.525571E+000   4.557226E-001   1.523393E+000   4.570180E-001   1.069848E+000   1.066375E+000   3.473095E-003
    1401      42     9.000000    20.000000   1.633159E+000   3.654417E-001   1.296779E+000   3.890337E-001   1.267717E+000   9.077454E-001   3.599719E-001
    1501       1     0.200000     0.300000   5.582456E-006   2.938599E-006   3.776939E-006   1.133082E-006   2.643857E-006   2.643857E-006  -4.911299E-015
    1501       2     0.300000     0.345000   2.557270E-003   1.160959E-003   1.994730E-003   5.984189E-004   1.396311E-003   1.396311E-003   9.565853E-013
    1501       3     0.345000     0.385000   2.512764E-003   1.006153E-003   2.152302E-003   6.456906E-004   1.506611E-003   1.506611E-003  -5.730525E-013
    1501       4     0.385000     0.420000   1.293223E-002   4.781073E-003   1.164451E-002   3.493352E-003   8.151155E-003   8.151155E-003   4.238727E-013
    1501       5     0.420000     0.450000   2.349464E-002   8.255229E-003   2.177059E-002   6.531176E-003   1.523941E-002   1.523941E-002   5.810095E-012
    1501       6     0.450000     0.500000   1.310848E-001   4.421893E-002   1.240940E-001   3.722821E-002   8.686582E-002   8.686582E-002   1.094258E-011
    1501       7     0.500000     0.550000   1.748537E-001   5.680007E-002   1.686481E-001   5.059442E-002   1.180536E-001   1.180536E-001   2.733262E-011
    1501       8     0.550000     0.610000   2.295775E-001   7.279690E-002   2.239723E-001   6.719170E-002   1.567806E-001   1.567806E-001   7.976378E-011
    1501       9     0.610000     0.690000   5.693172E-001   1.769141E-001   5.605758E-001   1.681727E-001   3.924031E-001   3.924031E-001   6.307438E-011
    1501      10     0.690000     0.780000   2.472789E+000   7.577010E-001   2.450126E+000   7.350378E-001   1.715088E+000   1.715088E+000   3.215939E-011
    1501      11     0.780000     0.800000   1.063069E+000   3.241398E-001   1.055609E+000   3.166826E-001   7.389296E-001   7.389261E-001   3.478737E-006
    1501      12     0.800000     0.870000   5.878988E+000   1.787489E+000   5.844998E+000   1.753499E+000   4.091499E+000   4.091499E+000   5.554728E-007
    1501      13     0.870000     0.880000   8.736691E-001   2.649441E-001   8.695959E-001   2.608788E-001   6.087250E-001   6.087171E-001   7.856215E-006
    1501      14     0.880000     1.030000   2.249240E+001   6.799491E+000   2.241845E+001   6.725534E+000   1.569291E+001   1.569291E+001   3.125004E-007
    1501      15     1.030000     1.080000   9.248799E+000   2.788381E+000   9.227950E+000   2.768385E+000   6.460418E+000   6.459565E+000   8.532871E-004
    1501      16     1.080000     1.140000   1.173685E+001   3.535822E+000   1.171566E+001   3.514699E+000   8.201028E+000   8.200963E+000   6.480568E-005
    1501      17     1.140000     1.200000   1.143670E+001   3.442659E+000   1.142004E+001   3.426012E+000   7.994037E+000   7.994027E+000   1.064087E-005
    1501      18     1.200000     1.240000   8.097833E+000   2.419643E+000   8.068660E+000   2.420598E+000   5.678189E+000   5.648062E+000   3.012736E-002
    1501      19     1.240000     1.280000   7.733813E+000   2.325867E+000   7.725348E+000   2.317604E+000   5.407947E+000   5.407744E+000   2.029864E-004
    1501      20     1.280000     1.340000   1.109154E+001   3.331764E+000   1.107802E+001   3.323406E+000   7.759778E+000   7.754614E+000   5.163978E-003
    1501      21     1.340000     1.420000   1.012492E+001   3.042427E+000   1.011686E+001   3.035058E+000   7.082494E+000   7.081802E+000   6.912790E-004
    1501      22     1.420000     1.460000   4.444646E+000   1.227964E+000   4.294772E+000   1.288432E+000   3.216682E+000   3.006340E+000   2.103415E-001
    1501      23     1.460000     1.490000   3.316959E+000   9.941904E-001   3.312568E+000   9.937703E-001   2.322769E+000   2.318797E+000   3.971229E-003
    1501      24     1.490000     1.520000   3.416012E+000   1.025602E+000   3.413686E+000   1.024106E+000   2.390409E+000   2.389580E+000   8.287655E-004
    1501      25     1.520000     1.680000   2.089115E+001   6.134434E+000   2.069781E+001   6.209342E+000   1.475671E+001   1.448846E+001   2.682503E-001
    1501      26     1.680000     1.740000   7.400301E+000   2.221605E+000   7.397796E+000   2.219339E+000   5.178696E+000   5.178457E+000   2.388630E-004
    1501      27     1.740000     1.820000   6.859941E+000   2.059163E+000   6.857936E+000   2.057381E+000   4.800778E+000   4.800555E+000   2.227793E-004
    1501      28     1.820000     1.940000   7.844991E+000   2.347069E+000   7.834726E+000   2.350418E+000   5.497922E+000   5.484308E+000   1.361375E-002
    1501      29     1.940000     2.200000   1.524385E+001   3.519375E+000   1.316913E+001   3.950738E+000   1.172447E+001   9.218389E+000   2.506085E+000
    1501      30     2.200000     2.300000   5.897529E+000   1.769624E+000   5.896824E+000   1.769047E+000   4.127904E+000   4.127777E+000   1.275499E-004
    1501      31     2.300000     2.450000   6.412228E+000   1.924051E+000   6.411671E+000   1.923501E+000   4.488177E+000   4.488170E+000   6.757184E-006
    1501      32     2.450000     2.550000   2.808749E+000   8.422993E-001   2.808039E+000   8.424118E-001   1.966450E+000   1.965627E+000   8.225098E-004
    1501      33     2.550000     2.650000   2.466453E+000   7.341266E-001   2.459691E+000   7.379073E-001   1.732327E+000   1.721784E+000   1.054297E-002
    1501      34     2.650000     2.900000   5.107089E+000   3.454756E-001   1.601674E+000   4.805023E-001   4.761614E+000   1.121172E+000   3.640442E+000
    1501      35     2.900000     3.200000   4.829501E+000   1.439531E+000   4.818648E+000   1.445594E+000   3.389969E+000   3.373054E+000   1.691572E-002
    1501      36     3.200000     3.500000   4.479548E+000   1.343903E+000   4.479418E+000   1.343825E+000   3.135645E+000   3.135593E+000   5.198689E-005
    1501      37     3.500000     3.900000   5.317470E+000   1.592404E+000   5.314158E+000   1.594247E+000   3.725066E+000   3.719910E+000   5.156171E-003
    1501      38     3.900000     5.500000   8.889375E+000   1.760077E+000   6.360665E+000   1.908199E+000   7.129298E+000   4.452465E+000   2.676833E+000
    1501      39     5.500000     6.500000   2.171822E+000   6.515450E-001   2.171812E+000   6.515435E-001   1.520277E+000   1.520268E+000   8.483465E-006
    1501      40     6.500000     7.000000   6.459457E-001   1.937833E-001   6.459437E-001   1.937831E-001   4.521625E-001   4.521606E-001   1.888067E-006
    1501      41     7.000000     9.000000   1.525571E+000   4.557228E-001   1.523394E+000   4.570181E-001   1.069848E+000   1.066375E+000   3.472814E-003
    1501      42     9.000000    20.000000   1.633159E+000   3.660177E-001   1.297979E+000   3.893937E-001   1.267141E+000   9.085852E-001   3.585560E-001
    1601       1     0.200000     0.300000   5.582456E-006   2.938599E-006   3.776939E-006   1.133082E-006   2.643857E-006   2.643857E-006  -4.911299E-015
    1601       2     0.300000     0.345000   2.557270E-003   1.160959E-003   1.994730E-003   5.984189E-004   1.396311E-003   1.396311E-003   9.565853E-013
    1601       3     0.345000     0.385000   2.512764E-003   1.006153E-003   2.152302E-003   6.456906E-004   1.506611E-003   1.506611E-003  -5.730525E-013
    1601       4     0.385000     0.420000   1.293223E-002   4.781073E-003   1.164451E-002   3.493352E-003   8.151155E-003   8.151155E-003   9.531438E-013
    1601       5     0.420000     0.450000   2.349464E-002   8.255229E-003   2.177059E-002   6.531176E-003   1.523941E-002   1.523941E-002   2.696175E-012
    1601       6     0.450000     0.500000   1.310848E-001   4.421893E-002   1.240940E-001   3.722821E-002   8.686582E-002   8.686582E-002   6.710160E-012
    1601       7     0.500000     0.550000   1.748537E-001   5.680007E-002   1.686481E-001   5.059442E-002   1.180536E-001   1.180536E-001  -2.682715E-012
    1601       8     0.550000     0.610000   2.295775E-001   7.279690E-002   2.239723E-001   6.719170E-002   1.567806E-001   1.567806E-001   2.325382E-011
    1601       9     0.610000     0.690000   5.693172E-001   1.769141E-001   5.605758E-001   1.681727E-001   3.924031E-001   3.924031E-001   5.013467E-011
    1601      10     0.690000     0.780000   2.472789E+000   7.577010E-001   2.450126E+000   7.350378E-001   1.715088E+000   1.715088E+000   1.575027E-010
    1601      11     0.780000     0.800000   1.063069E+000   3.241398E-001   1.055609E+000   3.166826E-001   7.389296E-001   7.389261E-001   3.478768E-006
    1601      12     0.800000     0.870000   5.878988E+000   1.787489E+000   5.844998E+000   1.753499E+000   4.091499E+000   4.091499E+000   5.560299E-007
    1601      13     0.870000     0.880000   8.736691E-001   2.649441E-001   8.695959E-001   2.608788E-001   6.087250E-001   6.087171E-001   7.846930E-006
    1601      14     0.880000     1.030000   2.249240E+001   6.799491E+000   2.241845E+001   6.725534E+000   1.569291E+001   1.569291E+001   3.113009E-007
    1601      15     1.030000     1.080000   9.248799E+000   2.788381E+000   9.227950E+000   2.768385E+000   6.460418E+000   6.459565E+000   8.532093E-004
    1601      16     1.080000     1.140000   1.173685E+001   3.535822E+000   1.171566E+001   3.514699E+000   8.201028E+000   8.200963E+000   6.477705E-005
    1601      17     1.140000     1.200000   1.143670E+001   3.442659E+000   1.142004E+001   3.426012E+000   7.994037E+000   7.994027E+000   1.062804E-005
    1601      18     1.200000     1.240000   8.097833E+000   2.419645E+000   8.068661E+000   2.420598E+000   5.678188E+000   5.648063E+000   3.012469E-002
    1601      19     1.240000     1.280000   7.733813E+000   2.325867E+000   7.725348E+000   2.317604E+000   5.407946E+000   5.407744E+000   2.022932E-004
    1601      20     1.280000     1.340000   1.109154E+001   3.331764E+000   1.107802E+001   3.323406E+000   7.759779E+000   7.754614E+000   5.164368E-003
    1601      21     1.340000     1.420000   1.012492E+001   3.042428E+000   1.011686E+001   3.035058E+000   7.082493E+000   7.081803E+000   6.903839E-004
    1601      22     1.420000     1.460000   4.444646E+000   1.228011E+000   4.294822E+000   1.288446E+000   3.216635E+000   3.006375E+000   2.102597E-001
    1601      23     1.460000     1.490000   3.316959E+000   9.941914E-001   3.312569E+000   9.937706E-001   2.322768E+000   2.318798E+000   3.969470E-003
    1601      24     1.490000     1.520000   3.416012E+000   1.025603E+000   3.413687E+000   1.024106E+000   2.390408E+000   2.389581E+000   8.272363E-004
    1601      25     1.520000     1.680000   2.089115E+001   6.134491E+000   2.069785E+001   6.209356E+000   1.475666E+001   1.448850E+001   2.681602E-001
    1601      26     1.680000     1.740000   7.400301E+000   2.221606E+000   7.397796E+000   2.219339E+000   5.178695E+000   5.178457E+000   2.379887E-004
    1601      27     1.740000     1.820000   6.859941E+000   2.059166E+000   6.857940E+000   2.057382E+000   4.800775E+000   4.800558E+000   2.170864E-004
    1601      28     1.820000     1.940000   7.844991E+000   2.347113E+000   7.834774E+000   2.350432E+000   5.497879E+000   5.484342E+000   1.353696E-002
    1601      29     1.940000     2.200000   1.524385E+001   3.520927E+000   1.317152E+001   3.951455E+000   1.172292E+001   9.220061E+000   2.502861E+000
    1601      30     2.200000     2.300000   5.897529E+000   1.769625E+000   5.896824E+000   1.769047E+000   4.127904E+000   4.127777E+000   1.270294E-004
    1601      31     2.300000     2.450000   6.412228E+000   1.924051E+000   6.411671E+000   1.923501E+000   4.488177E+000   4.488170E+000   6.732305E-006
    1601      32     2.450000     2.550000   2.808749E+000   8.423065E-001   2.808047E+000   8.424142E-001   1.966443E+000   1.965633E+000   8.096009E-004
    1601      33     2.550000     2.650000   2.466453E+000   7.341993E-001   2.459774E+000   7.379321E-001   1.732254E+000   1.721842E+000   1.041250E-002
    1601      34     2.650000     2.900000   5.107089E+000   3.464865E-001   1.606179E+000   4.818537E-001   4.760603E+000   1.124325E+000   3.636277E+000
    1601      35     2.900000     3.200000   4.829501E+000   1.439583E+000   4.818707E+000   1.445612E+000   3.389918E+000   3.373095E+000   1.682331E-002
    1601      36     3.200000     3.500000   4.479548E+000   1.343904E+000   4.479419E+000   1.343826E+000   3.135644E+000   3.135593E+000   5.124626E-005
    1601      37     3.500000     3.900000   5.317470E+000   1.592403E+000   5.314157E+000   1.594247E+000   3.725067E+000   3.719910E+000   5.157516E-003
    1601      38     3.900000     5.500000   8.889375E+000   1.760762E+000   6.362043E+000   1.908613E+000   7.128613E+000   4.453430E+000   2.675183E+000
    1601      39     5.500000     6.500000   2.171822E+000   6.515451E-001   2.171812E+000   6.515435E-001   1.520276E+000   1.520268E+000   8.352778E-006
    1601      40     6.500000     7.000000   6.459457E-001   1.937833E-001   6.459437E-001   1.937831E-001   4.521625E-001   4.521606E-001   1.863769E-006
    1601      41     7.000000     9.000000   1.525571E+000   4.557230E-001   1.523394E+000   4.570181E-001   1.069848E+000   1.066376E+000   3.472539E-003
    1601      42     9.000000    20.000000   1.633159E+000   3.665837E-001   1.299154E+000   3.897463E-001   1.266575E+000   9.094081E-001   3.571671E-001
    1701       1     0.200000     0.300000   5.582456E-006   2.938599E-006   3.776939E-006   1.133082E-006   2.643857E-006   2.643857E-006  -4.911299E-015
    1701       2     0.300000     0.345000   2.557270E-003   1.160959E-003   1.994730E-003   5.984189E-004   1.396311E-003   1.396311E-003   9.565853E-013
    1701       3     0.345000     0.385000   2.512764E-003   1.006153E-003   2.152302E-003   6.456906E-004   1.506611E-003   1.506611E-003  -5.730525E-013
    1701       4     0.385000     0.420000   1.293223E-002   4.781073E-003   1.164451E-002   3.493352E-003   8.151155E-003   8.151155E-003  -2.089039E-012
    1701       5     0.420000     0.450000   2.349464E-002   8.255229E-003   2.177059E-002   6.531176E-003   1.523941E-002   1.523941E-002   3.071675E-013
    1701       6     0.450000     0.500000   1.310848E-001   4.421893E-002   1.240940E-001   3.722821E-002   8.686582E-002   8.686582E-002   2.800216E-011
    1701       7     0.500000     0.550000   1.748537E-001   5.680007E-002   1.686481E-001   5.059442E-002   1.180536E-001   1.180536E-001  -2.675171E-011
    1701       8     0.550000     0.610000   2.295775E-001   7.279690E-002   2.239723E-001   6.719170E-002   1.567806E-001   1.567806E-001   3.587225E-011
    1701       9     0.610000     0.690000   5.693172E-001   1.769141E-001   5.605758E-001   1.681727E-001   3.924031E-001   3.924031E-001   2.317430E-011
    1701      10     0.690000     0.780000   2.472789E+000   7.577010E-001   2.450126E+000   7.350378E-001   1.715088E+000   1.715088E+000   2.874412E-011
    1701      11     0.780000     0.800000   1.063069E+000   3.241398E-001   1.055609E+000   3.166826E-001   7.389296E-001   7.389261E-001   3.478811E-006
    1701      12     0.800000     0.870000   5.878988E+000   1.787489E+000   5.844998E+000   1.753499E+000   4.091499E+000   4.091499E+000   5.565748E-007
    1701      13     0.870000     0.880000   8.736691E-001   2.649441E-001   8.695959E-001   2.608788E-001   6.087250E-001   6.087171E-001   7.837792E-006
    1701      14     0.880000     1.030000   2.249240E+001   6.799491E+000   2.241845E+001   6.725534E+000   1.569291E+001   1.569291E+001   3.101539E-007
    1701      15     1.030000     1.080000   9.248799E+000   2.788381E+000   9.227950E+000   2.768385E+000   6.460418E+000   6.459565E+000   8.531329E-004
    1701      16     1.080000     1.140000   1.173685E+001   3.535822E+000   1.171566E+001   3.514699E+000   8.201028E+000   8.200963E+000   6.474963E-005
    1701      17     1.140000     1.200000   1.143670E+001   3.442659E+000   1.142004E+001   3.426012E+000   7.994037E+000   7.994027E+000   1.061615E-005
    1701      18     1.200000     1.240000   8.097833E+000   2.419647E+000   8.068663E+000   2.420599E+000   5.678186E+000   5.648064E+000   3.012219E-002
    1701      19     1.240000     1.280000   7.733813E+000   2.325868E+000   7.725349E+000   2.317605E+000   5.407946E+000   5.407744E+000   2.016276E-004
    1701      20     1.280000     1.340000   1.109154E+001   3.331764E+000   1.107802E+001   3.323406E+000   7.759779E+000   7.754614E+000   5.164736E-003
    1701      21     1.340000     1.420000   1.012492E+001   3.042428E+000   1.011686E+001   3.035058E+000   7.082493E+000   7.081803E+000   6.895218E-004
    1701      22     1.420000     1.460000   4.444646E+000   1.228055E+000   4.294868E+000   1.288460E+000   3.216590E+000   3.006407E+000   2.101832E-001
    1701      23     1.460000     1.490000   3.316959E+000   9.941923E-001   3.312570E+000   9.937709E-001   2.322767E+000   2.318799E+000   3.967802E-003
    1701      24     1.490000     1.520000   3.416012E+000   1.025604E+000   3.413688E+000   1.024106E+000   2.390408E+000   2.389582E+000   8.257711E-004
    1701      25     1.520000     1.680000   2.089115E+001   6.134545E+000   2.069790E+001   6.209369E+000   1.475660E+001   1.448853E+001   2.680746E-001
    1701      26     1.680000     1.740000   7.400301E+000   2.221606E+000   7.397797E+000   2.219339E+000   5.178695E+000   5.178458E+000   2.371514E-004
    1701      27     1.740000     1.820000   6.859941E+000   2.059169E+000   6.857943E+000   2.057383E+000   4.800772E+000   4.800560E+000   2.116481E-004
    1701      28     1.820000     1.940000   7.844991E+000   2.347154E+000   7.834820E+000   2.350446E+000   5.497837E+000   5.484374E+000   1.346377E-002
    1701      29     1.940000     2.200000   1.524385E+001   3.522444E+000   1.317384E+001   3.952151E+000   1.172141E+001   9.221686E+000   2.499721E+000
    1701      30     2.200000     2.300000   5.897529E+000   1.769625E+000   5.896825E+000   1.769047E+000   4.127904E+000   4.127777E+000   1.265283E-004
    1701      31     2.300000     2.450000   6.412228E+000   1.924051E+000   6.411671E+000   1.923501E+000   4.488177E+000   4.488170E+000   6.708347E-006
    1701      32     2.450000     2.550000   2.808749E+000   8.423135E-001   2.808055E+000   8.424165E-001   1.966436E+000   1.965639E+000   7.972210E-004
    1701      33     2.550000     2.650000   2.466453E+000   7.342685E-001   2.459852E+000   7.379557E-001   1.732185E+000   1.721897E+000   1.028831E-002
    1701      34     2.650000     2.900000   5.107089E+000   3.474800E-001   1.610585E+000   4.831756E-001   4.759609E+000   1.127410E+000   3.632199E+000
    1701      35     2.900000     3.200000   4.829501E+000   1.439632E+000   4.818764E+000   1.445629E+000   3.389869E+000   3.373135E+000   1.673430E-002
    1701      36     3.200000     3.500000   4.479548E+000   1.343904E+000   4.479419E+000   1.343826E+000   3.135644E+000   3.135593E+000   5.053719E-005
    1701      37     3.500000     3.900000   5.317470E+000   1.592402E+000   5.314156E+000   1.594247E+000   3.725068E+000   3.719909E+000   5.158854E-003
    1701      38     3.900000     5.500000   8.889375E+000   1.761427E+000   6.363379E+000   1.909014E+000   7.127948E+000   4.454365E+000   2.673583E+000
    1701      39     5.500000     6.500000   2.171822E+000   6.515452E-001   2.171812E+000   6.515435E-001   1.520276E+000   1.520268E+000   8.227720E-006
    1701      40     6.500000     7.000000   6.459457E-001   1.937833E-001   6.459437E-001   1.937831E-001   4.521624E-001   4.521606E-001   1.840504E-006
    1701      41     7.000000     9.000000   1.525571E+000   4.557231E-001   1.523394E+000   4.570182E-001   1.069848E+000   1.066376E+000   3.472277E-003
    1701      42     9.000000    20.000000   1.633159E+000   3.671374E-001   1.300302E+000   3.900905E-001   1.266022E+000   9.102111E-001   3.558105E-001
    1801       1     0.200000     0.300000   5.582456E-006   2.938599E-006   3.776939E-006   1.133082E-006   2.643857E-006   2.643857E-006  -4.911299E-015
    1801       2     0.300000     0.345000   2.557270E-003   1.160959E-003   1.994730E-003   5.984189E-004   1.396311E-003   1.396311E-003   9.565853E-013
    1801       3     0.345000     0.385000   2.512764E-003   1.006153E-003   2.152302E-003   6.456906E-004   1.506611E-003   1.506611E-003  -5.730525E-013
    1801       4     0.385000     0.420000   1.293223E-002   4.781073E-003   1.164451E-002   3.493352E-003   8.151155E-003   8.151155E-003   1.759072E-012
    1801       5     0.420000     0.450000   2.349464E-002   8.255229E-003   2.177059E-002   6.531176E-003   1.523941E-002   1.523941E-002   2.443734E-012
    1801       6     0.450000     0.500000   1.310848E-001   4.421893E-002   1.240940E-001   3.722821E-002   8.686582E-002   8.686582E-002   2.592968E-011
    1801       7     0.500000     0.550000   1.748537E-001   5.680007E-002   1.686481E-001   5.059442E-002   1.180536E-001   1.180536E-001  -1.868293E-011
    1801       8     0.550000     0.610000   2.295775E-001   7.279690E-002   2.239723E-001   6.719170E-002   1.567806E-001   1.567806E-001   1.967068E-011
    1801       9     0.610000     0.690000   5.693172E-001   1.769141E-001   5.605758E-001   1.681727E-001   3.924031E-001   3.924031E-001  -2.759520E-011
    1801      10     0.690000     0.780000   2.472789E+000   7.577010E-001   2.450126E+000   7.350378E-001   1.715088E+000   1.715088E+000   2.416245E-011
    1801      11     0.780000     0.800000   1.063069E+000   3.241398E-001   1.055609E+000   3.166826E-001   7.389296E-001   7.389261E-001   3.478838E-006
    1801      12     0.800000     0.870000   5.878988E+000   1.787489E+000   5.844998E+000   1.753499E+000   4.091499E+000   4.091499E+000   5.571067E-007
    1801      13     0.870000     0.880000   8.736691E-001   2.649441E-001   8.695959E-001   2.608788E-001   6.087250E-001   6.087171E-001   7.828803E-006
    1801      14     0.880000     1.030000   2.249240E+001   6.799491E+000   2.241845E+001   6.725534E+000   1.569291E+001   1.569291E+001   3.090516E-007
    1801      15     1.030000     1.080000   9.248799E+000   2.788381E+000   9.227950E+000   2.768385E+000   6.460418E+000   6.459565E+000   8.530586E-004
    1801      16     1.080000     1.140000   1.173685E+001   3.535822E+000   1.171566E+001   3.514699E+000   8.201028E+000   8.200963E+000   6.472329E-005
    1801      17     1.140000     1.200000   1.143670E+001   3.442659E+000   1.142004E+001   3.426012E+000   7.994037E+000   7.994027E+000   1.060503E-005
    1801      18     1.200000     1.240000   8.097833E+000   2.419648E+000   8.068664E+000   2.420599E+000   5.678185E+000   5.648065E+000   3.011984E-002
    1801      19     1.240000     1.280000   7.733813E+000   2.325868E+000   7.725349E+000   2.317605E+000   5.407945E+000   5.407744E+000   2.009856E-004
    1801      20     1.280000     1.340000   1.109154E+001   3.331764E+000   1.107802E+001   3.323406E+000   7.759779E+000   7.754614E+000   5.165087E-003
    1801      21     1.340000     1.420000   1.012492E+001   3.042429E+000   1.011686E+001   3.035059E+000   7.082492E+000   7.081804E+000   6.886902E-004
    1801      22     1.420000     1.460000   4.444646E+000   1.228097E+000   4.294911E+000   1.288473E+000   3.216549E+000   3.006438E+000   2.101109E-001
    1801      23     1.460000     1.490000   3.316959E+000   9.941932E-001   3.312571E+000   9.937712E-001   2.322766E+000   2.318799E+000   3.966218E-003
    1801      24     1.490000     1.520000   3.416012E+000   1.025605E+000   3.413689E+000   1.024107E+000   2.390407E+000   2.389582E+000   8.243580E-004
    1801      25     1.520000     1.680000   2.089115E+001   6.134597E+000   2.069794E+001   6.209382E+000   1.475655E+001   1.448856E+001   2.679926E-001
    1801      26     1.680000     1.740000   7.400301E+000   2.221607E+000   7.397797E+000   2.219339E+000   5.178694E+000   5.178458E+000   2.363452E-004
    1801      27     1.740000     1.820000   6.859941E+000   2.059172E+000   6.857947E+000   2.057384E+000   4.800769E+000   4.800563E+000   2.064156E-004
    1801      28     1.820000     1.940000   7.844991E+000   2.347193E+000   7.834864E+000   2.350459E+000   5.497798E+000   5.484405E+000   1.339351E-002
    1801      29     1.940000     2.200000   1.524385E+001   3.523927E+000   1.317609E+001   3.952828E+000   1.171992E+001   9.223266E+000   2.496657E+000
    1801      30     2.200000     2.300000   5.897529E+000   1.769625E+000   5.896825E+000   1.769047E+000   4.127903E+000   4.127777E+000   1.260441E-004
    1801      31     2.300000     2.450000   6.412228E+000   1.924051E+000   6.411671E+000   1.923501E+000   4.488177E+000   4.488170E+000   6.685178E-006
    1801      32     2.450000     2.550000   2.808749E+000   8.423202E-001   2.808063E+000   8.424188E-001   1.966429E+000   1.965644E+000   7.852818E-004
    1801      33     2.550000     2.650000   2.466453E+000   7.343349E-001   2.459928E+000   7.379783E-001   1.732118E+000   1.721949E+000   1.016908E-002
    1801      34     2.650000     2.900000   5.107089E+000   3.484592E-001   1.614907E+000   4.844720E-001   4.758630E+000   1.130435E+000   3.628195E+000
    1801      35     2.900000     3.200000   4.829501E+000   1.439680E+000   4.818818E+000   1.445645E+000   3.389821E+000   3.373173E+000   1.664822E-002
    1801      36     3.200000     3.500000   4.479548E+000   1.343904E+000   4.479420E+000   1.343826E+000   3.135644E+000   3.135594E+000   4.985437E-005
    1801      37     3.500000     3.900000   5.317470E+000   1.592402E+000   5.314155E+000   1.594247E+000   3.725069E+000   3.719909E+000   5.160179E-003
    1801      38     3.900000     5.500000   8.889375E+000   1.762075E+000   6.364680E+000   1.909404E+000   7.127301E+000   4.455276E+000   2.672024E+000
    1801      39     5.500000     6.500000   2.171822E+000   6.515453E-001   2.171812E+000   6.515435E-001   1.520276E+000   1.520268E+000   8.107298E-006
    1801      40     6.500000     7.000000   6.459457E-001   1.937833E-001   6.459437E-001   1.937831E-001   4.521624E-001   4.521606E-001   1.818122E-006
    1801      41     7.000000     9.000000   1.525571E+000   4.557233E-001   1.523394E+000   4.570182E-001   1.069848E+000   1.066376E+000   3.472021E-003
    1801      42     9.000000    20.000000   1.633159E+000   3.676807E-001   1.301425E+000   3.904274E-001   1.265478E+000   9.109972E-001   3.544810E-001
    1901       1     0.200000     0.300000   5.582456E-006   2.938599E-006   3.776939E-006   1.133082E-006   2.643857E-006   2.643857E-006  -4.911299E-015
    1901       2     0.300000     0.345000   2.557270E-003   1.160959E-003   1.994730E-003   5.984189E-004   1.396311E-003   1.396311E-003   9.565853E-013
    1901       3     0.345000     0.385000   2.512764E-003   1.006153E-003   2.152302E-003   6.456906E-004   1.506611E-003   1.506611E-003  -5.730525E-013
    1901       4     0.385000     0.420000   1.293223E-002   4.781073E-003   1.164451E-002   3.493352E-003   8.151155E-003   8.151155E-003   2.423853E-012
    1901       5     0.420000     0.450000   2.349464E-002   8.255229E-003   2.177059E-002   6.531176E-003   1.523941E-002   1.523941E-002  -2.429197E-012
    1901       6     0.450000     0.500000   1.310848E-001   4.421893E-002   1.240940E-001   3.722821E-002   8.686582E-002   8.686582E-002  -1.615615E-011
    1901       7     0.500000     0.550000   1.748537E-001   5.680007E-002   1.686481E-001   5.059442E-002   1.180536E-001   1.180536E-001   2.921935E-011
    1901       8     0.550000     0.610000   2.295775E-001   7.279690E-002   2.239723E-001   6.719170E-002   1.567806E-001   1.567806E-001   3.026934E-011
    1901       9     0.610000     0.690000   5.693172E-001   1.769141E-001   5.605758E-001   1.681727E-001   3.924031E-001   3.924031E-001  -1.193989E-012
    1901      10     0.690000     0.780000   2.472789E+000   7.577010E-001   2.450126E+000   7.350378E-001   1.715088E+000   1.715088E+000  -2.469092E-011
    1901      11     0.780000     0.800000   1.063069E+000   3.241398E-001   1.055609E+000   3.166826E-001   7.389296E-001   7.389261E-001   3.478835E-006
    1901      12     0.800000     0.870000   5.878988E+000   1.787489E+000   5.844998E+000   1.753499E+000   4.091499E+000   4.091499E+000   5.576261E-007
    1901      13     0.870000     0.880000   8.736691E-001   2.649441E-001   8.695959E-001   2.608788E-001   6.087250E-001   6.087171E-001   7.820000E-006
    1901      14     0.880000     1.030000   2.249240E+001   6.799491E+000   2.241845E+001   6.725534E+000   1.569291E+001   1.569291E+001   3.079995E-007
    1901      15     1.030000     1.080000   9.248799E+000   2.788381E+000   9.227950E+000   2.768385E+000   6.460418E+000   6.459565E+000   8.529873E-004
    1901      16     1.080000     1.140000   1.173685E+001   3.535822E+000   1.171566E+001   3.514699E+000   8.201028E+000   8.200963E+000   6.469813E-005
    1901      17     1.140000     1.200000   1.143670E+001   3.442659E+000   1.142004E+001   3.426012E+000   7.994037E+000   7.994027E+000   1.059469E-005
    1901      18     1.200000     1.240000   8.097833E+000   2.419649E+000   8.068665E+000   2.420600E+000   5.678183E+000   5.648066E+000   3.011762E-002
    1901      19     1.240000     1.280000   7.733813E+000   2.325868E+000   7.725350E+000   2.317605E+000   5.407945E+000   5.407745E+000   2.003680E-004
    1901      20     1.280000     1.340000   1.109154E+001   3.331764E+000   1.107802E+001   3.323406E+000   7.759779E+000   7.754614E+000   5.165418E-003
    1901      21     1.340000     1.420000   1.012492E+001   3.042429E+000   1.011686E+001   3.035059E+000   7.082492E+000   7.081804E+000   6.878878E-004
    1901      22     1.420000     1.460000   4.444646E+000   1.228137E+000   4.294951E+000   1.288485E+000   3.216509E+000   3.006466E+000   2.100431E-001
    1901      23     1.460000     1.490000   3.316959E+000   9.941940E-001   3.312572E+000   9.937715E-001   2.322765E+000   2.318800E+000   3.964711E-003
    1901      24     1.490000     1.520000   3.416012E+000   1.025606E+000   3.413690E+000   1.024107E+000   2.390406E+000   2.389583E+000   8.230001E-004
    1901      25     1.520000     1.680000   2.089115E+001   6.134647E+000   2.069798E+001   6.209394E+000   1.475650E+001   1.448859E+001   2.679143E-001
    1901      26     1.680000     1.740000   7.400301E+000   2.221607E+000   7.397798E+000   2.219339E+000   5.178694E+000   5.178458E+000   2.355715E-004
    1901      27     1.740000     1.820000   6.859941E+000   2.059175E+000   6.857950E+000   2.057385E+000   4.800766E+000   4.800565E+000   2.014023E-004
    1901      28     1.820000     1.940000   7.844991E+000   2.347231E+000   7.834906E+000   2.350472E+000   5.497760E+000   5.484434E+000   1.332631E-002
    1901      29     1.940000     2.200000   1.524385E+001   3.525376E+000   1.317829E+001   3.953487E+000   1.171847E+001   9.224802E+000   2.493671E+000
    1901      30     2.200000     2.300000   5.897529E+000   1.769626E+000   5.896825E+000   1.769048E+000   4.127903E+000   4.127778E+000   1.255767E-004
    1901      31     2.300000     2.450000   6.412228E+000   1.924051E+000   6.411671E+000   1.923501E+000   4.488177E+000   4.488170E+000   6.662821E-006
    1901      32     2.450000     2.550000   2.808749E+000   8.423266E-001   2.808070E+000   8.424209E-001   1.966423E+000   1.965649E+000   7.737919E-004
    1901      33     2.550000     2.650000   2.466453E+000   7.343984E-001   2.460000E+000   7.379999E-001   1.732055E+000   1.722000E+000   1.005514E-002
    1901      34     2.650000     2.900000   5.107089E+000   3.494219E-001   1.619134E+000   4.857402E-001   4.757667E+000   1.133394E+000   3.624274E+000
    1901      35     2.900000     3.200000   4.829501E+000   1.439726E+000   4.818871E+000   1.445661E+000   3.389775E+000   3.373210E+000   1.656512E-002
    1901      36     3.200000     3.500000   4.479548E+000   1.343905E+000   4.479420E+000   1.343826E+000   3.135643E+000   3.135594E+000   4.919891E-005
    1901      37     3.500000     3.900000   5.317470E+000   1.592401E+000   5.314154E+000   1.594246E+000   3.725069E+000   3.719908E+000   5.161492E-003
    1901      38     3.900000     5.500000   8.889375E+000   1.762704E+000   6.365944E+000   1.909783E+000   7.126671E+000   4.456161E+000   2.670510E+000
    1901      39     5.500000     6.500000   2.171822E+000   6.515453E-001   2.171812E+000   6.515436E-001   1.520276E+000   1.520268E+000   7.991937E-006
    1901      40     6.500000     7.000000   6.459457E-001   1.937833E-001   6.459438E-001   1.937831E-001   4.521624E-001   4.521606E-001   1.796666E-006
    1901      41     7.000000     9.000000   1.525571E+000   4.557234E-001   1.523394E+000   4.570182E-001   1.069848E+000   1.066376E+000   3.471776E-003
    1901      42     9.000000    20.000000   1.633159E+000   3.682120E-001   1.302520E+000   3.907561E-001   1.264947E+000   9.117643E-001   3.531826E-001
    2001       1     0.200000     0.300000   5.582456E-006   2.938599E-006   3.776939E-006   1.133082E-006   2.643857E-006   2.643857E-006  -4.911299E-015
    2001       2     0.300000     0.345000   2.557270E-003   1.160959E-003   1.994730E-003   5.984189E-004   1.396311E-003   1.396311E-003   9.565853E-013
    2001       3     0.345000     0.385000   2.512764E-003   1.006153E-003   2.152302E-003   6.456906E-004   1.506611E-003   1.506611E-003  -5.730525E-013
    2001       4     0.385000     0.420000   1.293223E-002   4.781073E-003   1.164451E-002   3.493352E-003   8.151155E-003   8.151155E-003   1.126258E-011
    2001       5     0.420000     0.450000   2.349464E-002   8.255229E-003   2.177059E-002   6.531176E-003   1.523941E-002   1.523941E-002  -4.138131E-013
    2001       6     0.450000     0.500000   1.310848E-001   4.421893E-002   1.240940E-001   3.722821E-002   8.686582E-002   8.686582E-002   1.257938E-011
    2001       7     0.500000     0.550000   1.748537E-001   5.680007E-002   1.686481E-001   5.059442E-002   1.180536E-001   1.180536E-001   3.933635E-011
    2001       8     0.550000     0.610000   2.295775E-001   7.279690E-002   2.239723E-001   6.719170E-002   1.567806E-001   1.567806E-001   2.704337E-012
    2001       9     0.610000     0.690000   5.693172E-001   1.769141E-001   5.605758E-001   1.681727E-001   3.924031E-001   3.924031E-001  -9.637513E-012
    2001      10     0.690000     0.780000   2.472789E+000   7.577010E-001   2.450126E+000   7.350378E-001   1.715088E+000   1.715088E+000   1.097302E-010
    2001      11     0.780000     0.800000   1.063069E+000   3.241398E-001   1.055609E+000   3.166826E-001   7.389296E-001   7.389261E-001   3.478848E-006
    2001      12     0.800000     0.870000   5.878988E+000   1.787489E+000   5.844998E+000   1.753499E+000   4.091499E+000   4.091499E+000   5.581349E-007
    2001      13     0.870000     0.880000   8.736691E-001   2.649441E-001   8.695959E-001   2.608788E-001   6.087250E-001   6.087171E-001   7.811372E-006
    2001      14     0.880000     1.030000   2.249240E+001   6.799491E+000   2.241845E+001   6.725534E+000   1.569291E+001   1.569291E+001   3.069888E-007
    2001      15     1.030000     1.080000   9.248799E+000   2.788381E+000   9.227950E+000   2.768385E+000   6.460418E+000   6.459565E+000   8.529198E-004
    2001      16     1.080000     1.140000   1.173685E+001   3.535822E+000   1.171566E+001   3.514699E+000   8.201028E+000   8.200963E+000   6.467395E-005
    2001      17     1.140000     1.200000   1.143670E+001   3.442659E+000   1.142004E+001   3.426012E+000   7.994037E+000   7.994027E+000   1.058506E-005
    2001      18     1.200000     1.240000   8.097833E+000   2.419651E+000   8.068666E+000   2.420600E+000   5.678182E+000   5.648066E+000   3.011552E-002
    2001      19     1.240000     1.280000   7.733813E+000   2.325869E+000   7.725350E+000   2.317605E+000   5.407945E+000   5.407745E+000   1.997723E-004
    2001      20     1.280000     1.340000   1.109154E+001   3.331763E+000   1.107802E+001   3.323406E+000   7.759779E+000   7.754614E+000   5.165733E-003
    2001      21     1.340000     1.420000   1.012492E+001   3.042430E+000   1.011686E+001   3.035059E+000   7.082491E+000   7.081804E+000   6.871131E-004
    2001      22     1.420000     1.460000   4.444646E+000   1.228174E+000   4.294989E+000   1.288497E+000   3.216472E+000   3.006492E+000   2.099794E-001
    2001      23     1.460000     1.490000   3.316959E+000   9.941949E-001   3.312573E+000   9.937718E-001   2.322764E+000   2.318801E+000   3.963273E-003
    2001      24     1.490000     1.520000   3.416012E+000   1.025606E+000   3.413691E+000   1.024107E+000   2.390405E+000   2.389584E+000   8.216938E-004
    2001      25     1.520000     1.680000   2.089115E+001   6.134694E+000   2.069802E+001   6.209406E+000   1.475645E+001   1.448861E+001   2.678396E-001
    2001      26     1.680000     1.740000   7.400301E+000   2.221608E+000   7.397798E+000   2.219339E+000   5.178694E+000   5.178459E+000   2.348264E-004
    2001      27     1.740000     1.820000   6.859941E+000   2.059178E+000   6.857953E+000   2.057386E+000   4.800763E+000   4.800567E+000   1.965840E-004
    2001      28     1.820000     1.940000   7.844991E+000   2.347267E+000   7.834946E+000   2.350484E+000   5.497724E+000   5.484462E+000   1.326184E-002
    2001      29     1.940000     2.200000   1.524385E+001   3.526793E+000   1.318042E+001   3.954127E+000   1.171706E+001   9.226297E+000   2.490760E+000
    2001      30     2.200000     2.300000   5.897529E+000   1.769626E+000   5.896825E+000   1.769048E+000   4.127903E+000   4.127778E+000   1.251252E-004
    2001      31     2.300000     2.450000   6.412228E+000   1.924052E+000   6.411671E+000   1.923501E+000   4.488177E+000   4.488170E+000   6.641211E-006
    2001      32     2.450000     2.550000   2.808749E+000   8.423329E-001   2.808077E+000   8.424230E-001   1.966416E+000   1.965654E+000   7.627219E-004
    2001      33     2.550000     2.650000   2.466453E+000   7.344593E-001   2.460069E+000   7.380206E-001   1.731994E+000   1.722048E+000   9.945939E-003
    2001      34     2.650000     2.900000   5.107089E+000   3.503699E-001   1.623275E+000   4.869825E-001   4.756719E+000   1.136293E+000   3.620427E+000
    2001      35     2.900000     3.200000   4.829501E+000   1.439771E+000   4.818922E+000   1.445677E+000   3.389730E+000   3.373246E+000   1.648472E-002
    2001      36     3.200000     3.500000   4.479548E+000   1.343905E+000   4.479420E+000   1.343826E+000   3.135643E+000   3.135594E+000   4.856820E-005
    2001      37     3.500000     3.900000   5.317470E+000   1.592400E+000   5.314153E+000   1.594246E+000   3.725070E+000   3.719907E+000   5.162791E-003
    2001      38     3.900000     5.500000   8.889375E+000   1.763317E+000   6.367174E+000   1.910152E+000   7.126058E+000   4.457022E+000   2.669036E+000
    2001      39     5.500000     6.500000   2.171822E+000   6.515454E-001   2.171812E+000   6.515436E-001   1.520276E+000   1.520268E+000   7.880931E-006
    2001      40     6.500000     7.000000   6.459457E-001   1.937833E-001   6.459438E-001   1.937831E-001   4.521624E-001   4.521606E-001   1.776032E-006
    2001      41     7.000000     9.000000   1.525571E+000   4.557235E-001   1.523394E+000   4.570183E-001   1.069848E+000   1.066376E+000   3.471541E-003
    2001      42     9.000000    20.000000   1.633159E+000   3.687327E-001   1.303592E+000   3.910777E-001   1.264426E+000   9.125146E-001   3.519116E-001
    2101       1     0.200000     0.300000   5.582456E-006   2.938599E-006   3.776939E-006   1.133082E-006   2.643857E-006   2.643857E-006  -4.911299E-015
    2101       2     0.300000     0.345000   2.557270E-003   1.160959E-003   1.994730E-003   5.984189E-004   1.396311E-003   1.396311E-003   9.565853E-013
    2101       3     0.345000     0.385000   2.512764E-003   1.006153E-003   2.152302E-003   6.456906E-004   1.506611E-003   1.506611E-003  -5.730525E-013
    2101       4     0.385000     0.420000   1.293223E-002   4.781073E-003   1.164451E-002   3.493352E-003   8.151155E-003   8.151155E-003   9.495576E-012
    2101       5     0.420000     0.450000   2.349464E-002   8.255229E-003   2.177059E-002   6.531176E-003   1.523941E-002   1.523941E-002   3.646930E-012
    2101       6     0.450000     0.500000   1.310848E-001   4.421893E-002   1.240940E-001   3.722821E-002   8.686582E-002   8.686582E-002   5.403469E-012
    2101       7     0.500000     0.550000   1.748537E-001   5.680007E-002   1.686481E-001   5.059442E-002   1.180536E-001   1.180536E-001   6.953872E-011
    2101       8     0.550000     0.610000   2.295775E-001   7.279690E-002   2.239723E-001   6.719170E-002   1.567806E-001   1.567806E-001   3.710671E-011
    2101       9     0.610000     0.690000   5.693172E-001   1.769141E-001   5.605758E-001   1.681727E-001   3.924031E-001   3.924031E-001   4.403444E-011
    2101      10     0.690000     0.780000   2.472789E+000   7.577010E-001   2.450126E+000   7.350378E-001   1.715088E+000   1.715088E+000   2.661631E-010
    2101      11     0.780000     0.800000   1.063069E+000   3.241398E-001   1.055609E+000   3.166826E-001   7.389296E-001   7.389261E-001   3.478812E-006
    2101      12     0.800000     0.870000   5.878988E+000   1.787489E+000   5.844998E+000   1.753499E+000   4.091499E+000   4.091499E+000   5.586325E-007
    2101      13     0.870000     0.880000   8.736691E-001   2.649441E-001   8.695959E-001   2.608788E-001   6.087249E-001   6.087171E-001   7.802927E-006
    2101      14     0.880000     1.030000   2.249240E+001   6.799491E+000   2.241845E+001   6.725534E+000   1.569291E+001   1.569291E+001   3.060249E-007
    2101      15     1.030000     1.080000   9.248799E+000   2.788381E+000   9.227950E+000   2.768385E+000   6.460418E+000   6.459565E+000   8.528548E-004
    2101      16     1.080000     1.140000   1.173685E+001   3.535822E+000   1.171566E+001   3.514699E+000   8.201028E+000   8.200963E+000   6.465089E-005
    2101      17     1.140000     1.200000   1.143670E+001   3.442659E+000   1.142004E+001   3.426012E+000   7.994037E+000   7.994027E+000   1.057615E-005
    2101      18     1.200000     1.240000   8.097833E+000   2.419652E+000   8.068667E+000   2.420600E+000   5.678181E+000   5.648067E+000   3.011354E-002
    2101      19     1.240000     1.280000   7.733813E+000   2.325869E+000   7.725350E+000   2.317605E+000   5.407944E+000   5.407745E+000   1.991989E-004
    2101      20     1.280000     1.340000   1.109154E+001   3.331763E+000   1.107802E+001   3.323406E+000   7.759779E+000   7.754613E+000   5.166034E-003
    2101      21     1.340000     1.420000   1.012492E+001   3.042430E+000   1.011686E+001   3.035059E+000   7.082491E+000   7.081805E+000   6.863655E-004
    2101      22     1.420000     1.460000   4.444646E+000   1.228209E+000   4.295024E+000   1.288507E+000   3.216437E+000   3.006517E+000   2.099197E-001
    2101      23     1.460000     1.490000   3.316959E+000   9.941956E-001   3.312573E+000   9.937720E-001   2.322763E+000   2.318801E+000   3.961904E-003
    2101      24     1.490000     1.520000   3.416012E+000   1.025607E+000   3.413692E+000   1.024107E+000   2.390405E+000   2.389584E+000   8.204367E-004
    2101      25     1.520000     1.680000   2.089115E+001   6.134739E+000   2.069806E+001   6.209418E+000   1.475641E+001   1.448864E+001   2.677683E-001
    2101      26     1.680000     1.740000   7.400301E+000   2.221608E+000   7.397799E+000   2.219340E+000   5.178693E+000   5.178459E+000   2.341111E-004
    2101      27     1.740000     1.820000   6.859941E+000   2.059180E+000   6.857956E+000   2.057387E+000   4.800761E+000   4.800569E+000   1.919670E-004
    2101      28     1.820000     1.940000   7.844991E+000   2.347302E+000   7.834985E+000   2.350495E+000   5.497690E+000   5.484489E+000   1.320014E-002
    2101      29     1.940000     2.200000   1.524385E+001   3.528178E+000   1.318250E+001   3.954750E+000   1.171567E+001   9.227750E+000   2.487922E+000
    2101      30     2.200000     2.300000   5.897529E+000   1.769626E+000   5.896826E+000   1.769048E+000   4.127903E+000   4.127778E+000   1.246891E-004
    2101      31     2.300000     2.450000   6.412228E+000   1.924052E+000   6.411671E+000   1.923501E+000   4.488177E+000   4.488170E+000   6.620350E-006
    2101      32     2.450000     2.550000   2.808749E+000   8.423389E-001   2.808083E+000   8.424250E-001   1.966410E+000   1.965658E+000   7.520647E-004
    2101      33     2.550000     2.650000   2.466453E+000   7.345175E-001   2.460135E+000   7.380404E-001   1.731936E+000   1.722094E+000   9.841571E-003
    2101      34     2.650000     2.900000   5.107089E+000   3.513013E-001   1.627324E+000   4.881971E-001   4.755788E+000   1.139127E+000   3.616661E+000
    2101      35     2.900000     3.200000   4.829501E+000   1.439814E+000   4.818972E+000   1.445692E+000   3.389687E+000   3.373280E+000   1.640703E-002
    2101      36     3.200000     3.500000   4.479548E+000   1.343905E+000   4.479421E+000   1.343826E+000   3.135643E+000   3.135595E+000   4.796260E-005
    2101      37     3.500000     3.900000   5.317470E+000   1.592400E+000   5.314153E+000   1.594246E+000   3.725071E+000   3.719907E+000   5.164080E-003
    2101      38     3.900000     5.500000   8.889375E+000   1.763913E+000   6.368370E+000   1.910511E+000   7.125463E+000   4.457859E+000   2.667604E+000
    2101      39     5.500000     6.500000   2.171822E+000   6.515454E-001   2.171812E+000   6.515436E-001   1.520276E+000   1.520268E+000   7.774618E-006
    2101      40     6.500000     7.000000   6.459457E-001   1.937833E-001   6.459438E-001   1.937831E-001   4.521624E-001   4.521606E-001   1.756250E-006
    2101      41     7.000000     9.000000   1.525571E+000   4.557237E-001   1.523394E+000   4.570183E-001   1.069847E+000   1.066376E+000   3.471313E-003
    2101      42     9.000000    20.000000   1.633159E+000   3.692412E-001   1.304637E+000   3.913912E-001   1.263918E+000   9.132461E-001   3.506716E-001
    2201       1     0.200000     0.300000   5.582456E-006   2.938599E-006   3.776939E-006   1.133082E-006   2.643857E-006   2.643857E-006  -4.911299E-015
    2201       2     0.300000     0.345000   2.557270E-003   1.160959E-003   1.994730E-003   5.984189E-004   1.396311E-003   1.396311E-003   9.565853E-013
    2201       3     0.345000     0.385000   2.512764E-003   1.006153E-003   2.152302E-003   6.456906E-004   1.506611E-003   1.506611E-003  -5.730525E-013
    2201       4     0.385000     0.420000   1.293223E-002   4.781073E-003   1.164451E-002   3.493352E-003   8.151155E-003   8.151155E-003   1.056904E-011
    2201       5     0.420000     0.450000   2.349464E-002   8.255229E-003   2.177059E-002   6.531176E-003   1.523941E-002   1.523941E-002   8.472920E-012
    2201       6     0.450000     0.500000   1.310848E-001   4.421893E-002   1.240940E-001   3.722821E-002   8.686582E-002   8.686582E-002  -2.389097E-011
    2201       7     0.500000     0.550000   1.748537E-001   5.680007E-002   1.686481E-001   5.059442E-002   1.180536E-001   1.180536E-001   5.392307E-011
    2201       8     0.550000     0.610000   2.295775E-001   7.279690E-002   2.239723E-001   6.719170E-002   1.567806E-001   1.567806E-001   6.803147E-011
    2201       9     0.610000     0.690000   5.693172E-001   1.769141E-001   5.605758E-001   1.681727E-001   3.924031E-001   3.924031E-001  -4.494372E-011
    2201      10     0.690000     0.780000   2.472789E+000   7.577010E-001   2.450126E+000   7.350378E-001   1.715088E+000   1.715088E+000   1.567213E-010
    2201      11     0.780000     0.800000   1.063069E+000   3.241398E-001   1.055609E+000   3.166826E-001   7.389296E-001   7.389261E-001   3.478774E-006
    2201      12     0.800000     0.870000   5.878988E+000   1.787489E+000   5.844998E+000   1.753499E+000   4.091499E+000   4.091499E+000   5.591185E-007
    2201      13     0.870000     0.880000   8.736691E-001   2.649441E-001   8.695959E-001   2.608788E-001   6.087249E-001   6.087171E-001   7.794673E-006
    2201      14     0.880000     1.030000   2.249240E+001   6.799491E+000   2.241845E+001   6.725534E+000   1.569291E+001   1.569291E+001   3.050916E-007
    2201      15     1.030000     1.080000   9.248799E+000   2.788381E+000   9.227950E+000   2.768385E+000   6.460418E+000   6.459565E+000   8.527925E-004
    2201      16     1.080000     1.140000   1.173685E+001   3.535822E+000   1.171566E+001   3.514699E+000   8.201028E+000   8.200963E+000   6.462875E-005
    2201      17     1.140000     1.200000   1.143670E+001   3.442659E+000   1.142004E+001   3.426012E+000   7.994037E+000   7.994027E+000   1.056775E-005
    2201      18     1.200000     1.240000   8.097833E+000   2.419653E+000   8.068668E+000   2.420601E+000   5.678180E+000   5.648068E+000   3.011165E-002
    2201      19     1.240000     1.280000   7.733813E+000   2.325869E+000   7.725351E+000   2.317605E+000   5.407944E+000   5.407745E+000   1.986440E-004
    2201      20     1.280000     1.340000   1.109154E+001   3.331763E+000   1.107802E+001   3.323406E+000   7.759780E+000   7.754613E+000   5.166319E-003
    2201      21     1.340000     1.420000   1.012492E+001   3.042430E+000   1.011686E+001   3.035059E+000   7.082490E+000   7.081805E+000   6.856389E-004
    2201      22     1.420000     1.460000   4.444646E+000   1.228243E+000   4.295058E+000   1.288517E+000   3.216403E+000   3.006540E+000   2.098628E-001
    2201      23     1.460000     1.490000   3.316959E+000   9.941964E-001   3.312574E+000   9.937723E-001   2.322763E+000   2.318802E+000   3.960583E-003
    2201      24     1.490000     1.520000   3.416012E+000   1.025608E+000   3.413692E+000   1.024108E+000   2.390404E+000   2.389585E+000   8.192191E-004
    2201      25     1.520000     1.680000   2.089115E+001   6.134782E+000   2.069809E+001   6.209428E+000   1.475637E+001   1.448867E+001   2.676996E-001
    2201      26     1.680000     1.740000   7.400301E+000   2.221609E+000   7.397799E+000   2.219340E+000   5.178693E+000   5.178459E+000   2.334197E-004
    2201      27     1.740000     1.820000   6.859941E+000   2.059183E+000   6.857958E+000   2.057388E+000   4.800758E+000   4.800571E+000   1.875065E-004
    2201      28     1.820000     1.940000   7.844991E+000   2.347335E+000   7.835022E+000   2.350507E+000   5.497656E+000   5.484516E+000   1.314054E-002
    2201      29     1.940000     2.200000   1.524385E+001   3.529534E+000   1.318452E+001   3.955357E+000   1.171432E+001   9.229166E+000   2.485150E+000
    2201      30     2.200000     2.300000   5.897529E+000   1.769626E+000   5.896826E+000   1.769048E+000   4.127902E+000   4.127778E+000   1.242663E-004
    2201      31     2.300000     2.450000   6.412228E+000   1.924052E+000   6.411671E+000   1.923501E+000   4.488177E+000   4.488170E+000   6.600112E-006
    2201      32     2.450000     2.550000   2.808749E+000   8.423447E-001   2.808090E+000   8.424269E-001   1.966405E+000   1.965663E+000   7.417469E-004
    2201      33     2.550000     2.650000   2.466453E+000   7.345737E-001   2.460198E+000   7.380595E-001   1.731880E+000   1.722139E+000   9.740849E-003
    2201      34     2.650000     2.900000   5.107089E+000   3.522202E-001   1.631295E+000   4.893886E-001   4.754869E+000   1.141907E+000   3.612962E+000
    2201      35     2.900000     3.200000   4.829501E+000   1.439856E+000   4.819020E+000   1.445706E+000   3.389645E+000   3.373314E+000   1.633169E-002
    2201      36     3.200000     3.500000   4.479548E+000   1.343906E+000   4.479421E+000   1.343826E+000   3.135642E+000   3.135595E+000   4.737713E-005
    2201      37     3.500000     3.900000   5.317470E+000   1.592399E+000   5.314152E+000   1.594246E+000   3.725072E+000   3.719906E+000   5.165355E-003
    2201      38     3.900000     5.500000   8.889375E+000   1.764494E+000   6.369537E+000   1.910861E+000   7.124881E+000   4.458676E+000   2.666205E+000
    2201      39     5.500000     6.500000   2.171822E+000   6.515455E-001   2.171812E+000   6.515436E-001   1.520276E+000   1.520268E+000   7.671961E-006
    2201      40     6.500000     7.000000   6.459457E-001   1.937833E-001   6.459438E-001   1.937831E-001   4.521624E-001   4.521607E-001   1.737163E-006
    2201      41     7.000000     9.000000   1.525571E+000   4.557238E-001   1.523395E+000   4.570184E-001   1.069847E+000   1.066376E+000   3.471095E-003
    2201      42     9.000000    20.000000   1.633159E+000   3.697402E-001   1.305661E+000   3.916983E-001   1.263419E+000   9.139627E-001   3.494560E-001
    2301       1     0.200000     0.300000   5.582456E-006   2.938599E-006   3.776939E-006   1.133082E-006   2.643857E-006   2.643857E-006  -4.911299E-015
    2301       2     0.300000     0.345000   2.557270E-003   1.160959E-003   1.994730E-003   5.984189E-004   1.396311E-003   1.396311E-003   9.565853E-013
    2301       3     0.345000     0.385000   2.512764E-003   1.006153E-003   2.152302E-003   6.456906E-004   1.506611E-003   1.506611E-003  -5.730525E-013
    2301       4     0.385000     0.420000   1.293223E-002   4.781073E-003   1.164451E-002   3.493352E-003   8.151155E-003   8.151155E-003   7.581408E-012
    2301       5     0.420000     0.450000   2.349464E-002   8.255229E-003   2.177059E-002   6.531176E-003   1.523941E-002   1.523941E-002  -9.889468E-013
    2301       6     0.450000     0.500000   1.310848E-001   4.421893E-002   1.240940E-001   3.722821E-002   8.686582E-002   8.686582E-002   1.448891E-011
    2301       7     0.500000     0.550000   1.748537E-001   5.680007E-002   1.686481E-001   5.059442E-002   1.180536E-001   1.180536E-001   3.840207E-011
    2301       8     0.550000     0.610000   2.295775E-001   7.279690E-002   2.239723E-001   6.719170E-002   1.567806E-001   1.567806E-001   8.374745E-012
    2301       9     0.610000     0.690000   5.693172E-001   1.769141E-001   5.605758E-001   1.681727E-001   3.924031E-001   3.924031E-001   1.944100E-011
    2301      10     0.690000     0.780000   2.472789E+000   7.577010E-001   2.450126E+000   7.350378E-001   1.715088E+000   1.715088E+000   1.315361E-010
    2301      11     0.780000     0.800000   1.063069E+000   3.241398E-001   1.055609E+000   3.166826E-001   7.389296E-001   7.389261E-001   3.478721E-006
    2301      12     0.800000     0.870000   5.878988E+000   1.787489E+000   5.844998E+000   1.753499E+000   4.091499E+000   4.091499E+000   5.595958E-007
    2301      13     0.870000     0.880000   8.736691E-001   2.649441E-001   8.695959E-001   2.608788E-001   6.087249E-001   6.087171E-001   7.786573E-006
    2301      14     0.880000     1.030000   2.249240E+001   6.799491E+000   2.241845E+001   6.725534E+000   1.569291E+001   1.569291E+001   3.042005E-007
    2301      15     1.030000     1.080000   9.248799E+000   2.788381E+000   9.227950E+000   2.768385E+000   6.460418E+000   6.459565E+000   8.527320E-004
    2301      16     1.080000     1.140000   1.173685E+001   3.535822E+000   1.171566E+001   3.514699E+000   8.201028E+000   8.200963E+000   6.460762E-005
    2301      17     1.140000     1.200000   1.143670E+001   3.442659E+000   1.142004E+001   3.426012E+000   7.994037E+000   7.994027E+000   1.056009E-005
    2301      18     1.200000     1.240000   8.097833E+000   2.419654E+000   8.068669E+000   2.420601E+000   5.678178E+000   5.648069E+000   3.010987E-002
    2301      19     1.240000     1.280000   7.733813E+000   2.325870E+000   7.725351E+000   2.317605E+000   5.407944E+000   5.407746E+000   1.981109E-004
    2301      20     1.280000     1.340000   1.109154E+001   3.331763E+000   1.107802E+001   3.323406E+000   7.759780E+000   7.754613E+000   5.166597E-003
    2301      21     1.340000     1.420000   1.012492E+001   3.042431E+000   1.011686E+001   3.035059E+000   7.082490E+000   7.081805E+000   6.849387E-004
    2301      22     1.420000     1.460000   4.444646E+000   1.228274E+000   4.295089E+000   1.288527E+000   3.216372E+000   3.006562E+000   2.098095E-001
    2301      23     1.460000     1.490000   3.316959E+000   9.941971E-001   3.312575E+000   9.937725E-001   2.322762E+000   2.318802E+000   3.959329E-003
    2301      24     1.490000     1.520000   3.416012E+000   1.025608E+000   3.413693E+000   1.024108E+000   2.390403E+000   2.389585E+000   8.180524E-004
    2301      25     1.520000     1.680000   2.089115E+001   6.134823E+000   2.069813E+001   6.209439E+000   1.475632E+001   1.448869E+001   2.676345E-001
    2301      26     1.680000     1.740000   7.400301E+000   2.221609E+000   7.397800E+000   2.219340E+000   5.178692E+000   5.178460E+000   2.327572E-004
    2301      27     1.740000     1.820000   6.859941E+000   2.059185E+000   6.857961E+000   2.057388E+000   4.800756E+000   4.800573E+000   1.832482E-004
    2301      28     1.820000     1.940000   7.844991E+000   2.347367E+000   7.835058E+000   2.350517E+000   5.497624E+000   5.484540E+000   1.308369E-002
    2301      29     1.940000     2.200000   1.524385E+001   3.530858E+000   1.318649E+001   3.955947E+000   1.171299E+001   9.230542E+000   2.482450E+000
    2301      30     2.200000     2.300000   5.897529E+000   1.769626E+000   5.896826E+000   1.769048E+000   4.127902E+000   4.127778E+000   1.238586E-004
    2301      31     2.300000     2.450000   6.412228E+000   1.924052E+000   6.411671E+000   1.923501E+000   4.488176E+000   4.488170E+000   6.580621E-006
    2301      32     2.450000     2.550000   2.808749E+000   8.423502E-001   2.808096E+000   8.424288E-001   1.966399E+000   1.965667E+000   7.318459E-004
    2301      33     2.550000     2.650000   2.466453E+000   7.346272E-001   2.460259E+000   7.380776E-001   1.731826E+000   1.722181E+000   9.645119E-003
    2301      34     2.650000     2.900000   5.107089E+000   3.531212E-001   1.635170E+000   4.905511E-001   4.753968E+000   1.144619E+000   3.609349E+000
    2301      35     2.900000     3.200000   4.829501E+000   1.439896E+000   4.819066E+000   1.445720E+000   3.389605E+000   3.373346E+000   1.625893E-002
    2301      36     3.200000     3.500000   4.479548E+000   1.343906E+000   4.479421E+000   1.343826E+000   3.135642E+000   3.135595E+000   4.681675E-005
    2301      37     3.500000     3.900000   5.317470E+000   1.592398E+000   5.314151E+000   1.594245E+000   3.725072E+000   3.719906E+000   5.166629E-003
    2301      38     3.900000     5.500000   8.889375E+000   1.765058E+000   6.370669E+000   1.911201E+000   7.124317E+000   4.459468E+000   2.664849E+000
    2301      39     5.500000     6.500000   2.171822E+000   6.515456E-001   2.171812E+000   6.515436E-001   1.520276E+000   1.520268E+000   7.573900E-006
    2301      40     6.500000     7.000000   6.459457E-001   1.937833E-001   6.459438E-001   1.937831E-001   4.521624E-001   4.521607E-001   1.718905E-006
    2301      41     7.000000     9.000000   1.525571E+000   4.557239E-001   1.523395E+000   4.570184E-001   1.069847E+000   1.066376E+000   3.470886E-003
    2301      42     9.000000    20.000000   1.633159E+000   3.702263E-001   1.306657E+000   3.919970E-001   1.262933E+000   9.146598E-001   3.482728E-001
    2401       1     0.200000     0.300000   5.582456E-006   2.938599E-006   3.776939E-006   1.133082E-006   2.643857E-006   2.643857E-006  -4.911299E-015
    2401       2     0.300000     0.345000   2.557270E-003   1.160959E-003   1.994730E-003   5.984189E-004   1.396311E-003   1.396311E-003   9.565853E-013
    2401       3     0.345000     0.385000   2.512764E-003   1.006153E-003   2.152302E-003   6.456906E-004   1.506611E-003   1.506611E-003  -5.730525E-013
    2401       4     0.385000     0.420000   1.293223E-002   4.781073E-003   1.164451E-002   3.493352E-003   8.151155E-003   8.151155E-003   7.771271E-012
    2401       5     0.420000     0.450000   2.349464E-002   8.255229E-003   2.177059E-002   6.531176E-003   1.523941E-002   1.523941E-002   1.615669E-012
    2401       6     0.450000     0.500000   1.310848E-001   4.421893E-002   1.240940E-001   3.722821E-002   8.686582E-002   8.686582E-002   1.086235E-011
    2401       7     0.500000     0.550000   1.748537E-001   5.680007E-002   1.686481E-001   5.059442E-002   1.180536E-001   1.180536E-001   1.307435E-011
    2401       8     0.550000     0.610000   2.295775E-001   7.279690E-002   2.239723E-001   6.719170E-002   1.567806E-001   1.567806E-001   6.681294E-012
    2401       9     0.610000     0.690000   5.693172E-001   1.769141E-001   5.605758E-001   1.681727E-001   3.924031E-001   3.924031E-001   6.914924E-011
    2401      10     0.690000     0.780000   2.472789E+000   7.577010E-001   2.450126E+000   7.350378E-001   1.715088E+000   1.715088E+000   3.790546E-011
    2401      11     0.780000     0.800000   1.063069E+000   3.241398E-001   1.055609E+000   3.166826E-001   7.389296E-001   7.389261E-001   3.478663E-006
    2401      12     0.800000     0.870000   5.878988E+000   1.787489E+000   5.844998E+000   1.753499E+000   4.091499E+000   4.091499E+000   5.600619E-007
    2401      13     0.870000     0.880000   8.736691E-001   2.649441E-001   8.695959E-001   2.608788E-001   6.087249E-001   6.087172E-001   7.778633E-006
    2401      14     0.880000     1.030000   2.249240E+001   6.799491E+000   2.241845E+001   6.725534E+000   1.569291E+001   1.569291E+001   3.033403E-007
    2401      15     1.030000     1.080000   9.248799E+000   2.788381E+000   9.227950E+000   2.768385E+000   6.460418E+000   6.459565E+000   8.526741E-004
    2401      16     1.080000     1.140000   1.173685E+001   3.535822E+000   1.171566E+001   3.514699E+000   8.201028E+000   8.200963E+000   6.458736E-005
    2401      17     1.140000     1.200000   1.143670E+001   3.442659E+000   1.142004E+001   3.426012E+000   7.994037E+000   7.994027E+000   1.055286E-005
    2401      18     1.200000     1.240000   8.097833E+000   2.419655E+000   8.068670E+000   2.420601E+000   5.678177E+000   5.648069E+000   3.010819E-002
    2401      19     1.240000     1.280000   7.733813E+000   2.325870E+000   7.725351E+000   2.317605E+000   5.407943E+000   5.407746E+000   1.975944E-004
    2401      20     1.280000     1.340000   1.109154E+001   3.331763E+000   1.107802E+001   3.323406E+000   7.759780E+000   7.754613E+000   5.166867E-003
    2401      21     1.340000     1.420000   1.012492E+001   3.042431E+000   1.011686E+001   3.035059E+000   7.082490E+000   7.081805E+000   6.842582E-004
    2401      22     1.420000     1.460000   4.444646E+000   1.228304E+000   4.295119E+000   1.288536E+000   3.216342E+000   3.006583E+000   2.097585E-001
    2401      23     1.460000     1.490000   3.316959E+000   9.941978E-001   3.312576E+000   9.937727E-001   2.322761E+000   2.318803E+000   3.958121E-003
    2401      24     1.490000     1.520000   3.416012E+000   1.025609E+000   3.413694E+000   1.024108E+000   2.390403E+000   2.389586E+000   8.169211E-004
    2401      25     1.520000     1.680000   2.089115E+001   6.134863E+000   2.069816E+001   6.209449E+000   1.475629E+001   1.448871E+001   2.675717E-001
    2401      26     1.680000     1.740000   7.400301E+000   2.221609E+000   7.397800E+000   2.219340E+000   5.178692E+000   5.178460E+000   2.321162E-004
    2401      27     1.740000     1.820000   6.859941E+000   2.059188E+000   6.857964E+000   2.057389E+000   4.800754E+000   4.800575E+000   1.791297E-004
    2401      28     1.820000     1.940000   7.844991E+000   2.347398E+000   7.835092E+000   2.350528E+000   5.497593E+000   5.484565E+000   1.302872E-002
    2401      29     1.940000     2.200000   1.524385E+001   3.532154E+000   1.318841E+001   3.956522E+000   1.171170E+001   9.231884E+000   2.479812E+000
    2401      30     2.200000     2.300000   5.897529E+000   1.769627E+000   5.896826E+000   1.769048E+000   4.127902E+000   4.127778E+000   1.234627E-004
    2401      31     2.300000     2.450000   6.412228E+000   1.924052E+000   6.411671E+000   1.923501E+000   4.488176E+000   4.488170E+000   6.561693E-006
    2401      32     2.450000     2.550000   2.808749E+000   8.423556E-001   2.808102E+000   8.424306E-001   1.966394E+000   1.965671E+000   7.222436E-004
    2401      33     2.550000     2.650000   2.466453E+000   7.346788E-001   2.460317E+000   7.380951E-001   1.731775E+000   1.722222E+000   9.552595E-003
    2401      34     2.650000     2.900000   5.107089E+000   3.540097E-001   1.638970E+000   4.916910E-001   4.753080E+000   1.147279E+000   3.605801E+000
    2401      35     2.900000     3.200000   4.829501E+000   1.439935E+000   4.819111E+000   1.445733E+000   3.389566E+000   3.373378E+000   1.618829E-002
    2401      36     3.200000     3.500000   4.479548E+000   1.343906E+000   4.479422E+000   1.343827E+000   3.135642E+000   3.135595E+000   4.627425E-005
    2401      37     3.500000     3.900000   5.317470E+000   1.592397E+000   5.314150E+000   1.594245E+000   3.725073E+000   3.719905E+000   5.167887E-003
    2401      38     3.900000     5.500000   8.889375E+000   1.765609E+000   6.371775E+000   1.911532E+000   7.123766E+000   4.460242E+000   2.663524E+000
    2401      39     5.500000     6.500000   2.171822E+000   6.515456E-001   2.171812E+000   6.515436E-001   1.520276E+000   1.520269E+000   7.479188E-006
    2401      40     6.500000     7.000000   6.459457E-001   1.937834E-001   6.459438E-001   1.937831E-001   4.521624E-001   4.521607E-001   1.701282E-006
    2401      41     7.000000     9.000000   1.525571E+000   4.557240E-001   1.523395E+000   4.570184E-001   1.069847E+000   1.066376E+000   3.470682E-003
    2401      42     9.000000    20.000000   1.633159E+000   3.707031E-001   1.307632E+000   3.922897E-001   1.262456E+000   9.153425E-001   3.471132E-001
    2501       1     0.200000     0.300000   5.582456E-006   2.938599E-006   3.776939E-006   1.133082E-006   2.643857E-006   2.643857E-006  -4.911299E-015
    2501       2     0.300000     0.345000   2.557270E-003   1.160959E-003   1.994730E-003   5.984189E-004   1.396311E-003   1.396311E-003   9.565853E-013
    2501       3     0.345000     0.385000   2.512764E-003   1.006153E-003   2.152302E-003   6.456906E-004   1.506611E-003   1.506611E-003  -5.730525E-013
    2501       4     0.385000     0.420000   1.293223E-002   4.781073E-003   1.164451E-002   3.493352E-003   8.151155E-003   8.151155E-003   1.270089E-011
    2501       5     0.420000     0.450000   2.349464E-002   8.255229E-003   2.177059E-002   6.531176E-003   1.523941E-002   1.523941E-002   2.486797E-012
    2501       6     0.450000     0.500000   1.310848E-001   4.421893E-002   1.240940E-001   3.722821E-002   8.686582E-002   8.686582E-002   2.943837E-011
    2501       7     0.500000     0.550000   1.748537E-001   5.680007E-002   1.686481E-001   5.059442E-002   1.180536E-001   1.180536E-001   2.202216E-011
    2501       8     0.550000     0.610000   2.295775E-001   7.279690E-002   2.239723E-001   6.719170E-002   1.567806E-001   1.567806E-001  -8.562845E-012
    2501       9     0.610000     0.690000   5.693172E-001   1.769141E-001   5.605758E-001   1.681727E-001   3.924031E-001   3.924031E-001   6.454337E-011
    2501      10     0.690000     0.780000   2.472789E+000   7.577010E-001   2.450126E+000   7.350378E-001   1.715088E+000   1.715088E+000   9.561241E-011
    2501      11     0.780000     0.800000   1.063069E+000   3.241398E-001   1.055609E+000   3.166826E-001   7.389296E-001   7.389261E-001   3.478575E-006
    2501      12     0.800000     0.870000   5.878988E+000   1.787489E+000   5.844998E+000   1.753499E+000   4.091499E+000   4.091499E+000   5.605185E-007
    2501      13     0.870000     0.880000   8.736691E-001   2.649441E-001   8.695959E-001   2.608788E-001   6.087249E-001   6.087172E-001   7.770856E-006
    2501      14     0.880000     1.030000   2.249240E+001   6.799491E+000   2.241845E+001   6.725534E+000   1.569291E+001   1.569291E+001   3.025140E-007
    2501      15     1.030000     1.080000   9.248799E+000   2.788381E+000   9.227950E+000   2.768385E+000   6.460418E+000   6.459565E+000   8.526170E-004
    2501      16     1.080000     1.140000   1.173685E+001   3.535822E+000   1.171566E+001   3.514699E+000   8.201028E+000   8.200963E+000   6.456799E-005
    2501      17     1.140000     1.200000   1.143670E+001   3.442659E+000   1.142004E+001   3.426012E+000   7.994037E+000   7.994027E+000   1.054613E-005
    2501      18     1.200000     1.240000   8.097833E+000   2.419656E+000   8.068671E+000   2.420601E+000   5.678176E+000   5.648070E+000   3.010658E-002
    2501      19     1.240000     1.280000   7.733813E+000   2.325870E+000   7.725352E+000   2.317605E+000   5.407943E+000   5.407746E+000   1.970957E-004
    2501      20     1.280000     1.340000   1.109154E+001   3.331763E+000   1.107802E+001   3.323406E+000   7.759780E+000   7.754613E+000   5.167133E-003
    2501      21     1.340000     1.420000   1.012492E+001   3.042432E+000   1.011687E+001   3.035060E+000   7.082489E+000   7.081806E+000   6.835990E-004
    2501      22     1.420000     1.460000   4.444646E+000   1.228333E+000   4.295147E+000   1.288544E+000   3.216313E+000   3.006603E+000   2.097102E-001
    2501      23     1.460000     1.490000   3.316959E+000   9.941984E-001   3.312576E+000   9.937729E-001   2.322760E+000   2.318804E+000   3.956967E-003
    2501      24     1.490000     1.520000   3.416012E+000   1.025610E+000   3.413694E+000   1.024108E+000   2.390402E+000   2.389586E+000   8.158282E-004
    2501      25     1.520000     1.680000   2.089115E+001   6.134901E+000   2.069819E+001   6.209458E+000   1.475625E+001   1.448874E+001   2.675114E-001
    2501      26     1.680000     1.740000   7.400301E+000   2.221610E+000   7.397800E+000   2.219340E+000   5.178692E+000   5.178460E+000   2.314987E-004
    2501      27     1.740000     1.820000   6.859941E+000   2.059190E+000   6.857966E+000   2.057390E+000   4.800751E+000   4.800576E+000   1.751690E-004
    2501      28     1.820000     1.940000   7.844991E+000   2.347427E+000   7.835125E+000   2.350538E+000   5.497564E+000   5.484588E+000   1.297585E-002
    2501      29     1.940000     2.200000   1.524385E+001   3.533422E+000   1.319027E+001   3.957082E+000   1.171043E+001   9.233190E+000   2.477238E+000
    2501      30     2.200000     2.300000   5.897529E+000   1.769627E+000   5.896827E+000   1.769048E+000   4.127902E+000   4.127779E+000   1.230792E-004
    2501      31     2.300000     2.450000   6.412228E+000   1.924052E+000   6.411671E+000   1.923501E+000   4.488176E+000   4.488170E+000   6.543373E-006
    2501      32     2.450000     2.550000   2.808749E+000   8.423608E-001   2.808108E+000   8.424323E-001   1.966388E+000   1.965675E+000   7.129676E-004
    2501      33     2.550000     2.650000   2.466453E+000   7.347284E-001   2.460373E+000   7.381119E-001   1.731725E+000   1.722261E+000   9.463801E-003
    2501      34     2.650000     2.900000   5.107089E+000   3.548831E-001   1.642686E+000   4.928057E-001   4.752206E+000   1.149880E+000   3.602326E+000
    2501      35     2.900000     3.200000   4.829501E+000   1.439973E+000   4.819154E+000   1.445746E+000   3.389528E+000   3.373408E+000   1.611983E-002
    2501      36     3.200000     3.500000   4.479548E+000   1.343907E+000   4.479422E+000   1.343827E+000   3.135641E+000   3.135596E+000   4.575155E-005
    2501      37     3.500000     3.900000   5.317470E+000   1.592397E+000   5.314149E+000   1.594245E+000   3.725074E+000   3.719905E+000   5.169138E-003
    2501      38     3.900000     5.500000   8.889375E+000   1.766146E+000   6.372852E+000   1.911856E+000   7.123230E+000   4.460996E+000   2.662233E+000
    2501      39     5.500000     6.500000   2.171822E+000   6.515457E-001   2.171812E+000   6.515437E-001   1.520276E+000   1.520269E+000   7.388227E-006
    2501      40     6.500000     7.000000   6.459457E-001   1.937834E-001   6.459438E-001   1.937831E-001   4.521624E-001   4.521607E-001   1.684339E-006
    2501      41     7.000000     9.000000   1.525571E+000   4.557241E-001   1.523395E+000   4.570185E-001   1.069847E+000   1.066376E+000   3.470482E-003
    2501      42     9.000000    20.000000   1.633159E+000   3.711690E-001   1.308584E+000   3.925753E-001   1.261990E+000   9.160089E-001   3.459810E-001
    2601       1     0.200000     0.300000   5.582456E-006   2.938599E-006   3.776939E-006   1.133082E-006   2.643857E-006   2.643857E-006  -4.911299E-015
    2601       2     0.300000     0.345000   2.557270E-003   1.160959E-003   1.994730E-003   5.984189E-004   1.396311E-003   1.396311E-003   9.565853E-013
    2601       3     0.345000     0.385000   2.512764E-003   1.006153E-003   2.152302E-003   6.456906E-004   1.506611E-003   1.506611E-003  -5.730525E-013
    2601       4     0.385000     0.420000   1.293223E-002   4.781073E-003   1.164451E-002   3.493352E-003   8.151155E-003   8.151155E-003   1.337599E-011
    2601       5     0.420000     0.450000   2.349464E-002   8.255229E-003   2.177059E-002   6.531176E-003   1.523941E-002   1.523941E-002   6.132317E-013
    2601       6     0.450000     0.500000   1.310848E-001   4.421893E-002   1.240940E-001   3.722821E-002   8.686582E-002   8.686582E-002  -3.273257E-012
    2601       7     0.500000     0.550000   1.748537E-001   5.680007E-002   1.686481E-001   5.059442E-002   1.180536E-001   1.180536E-001   4.187675E-011
    2601       8     0.550000     0.610000   2.295775E-001   7.279690E-002   2.239723E-001   6.719170E-002   1.567806E-001   1.567806E-001  -2.138145E-011
    2601       9     0.610000     0.690000   5.693172E-001   1.769141E-001   5.605758E-001   1.681727E-001   3.924031E-001   3.924031E-001  -3.660516E-012
    2601      10     0.690000     0.780000   2.472789E+000   7.577010E-001   2.450126E+000   7.350378E-001   1.715088E+000   1.715088E+000   2.229128E-011
    2601      11     0.780000     0.800000   1.063069E+000   3.241398E-001   1.055609E+000   3.166826E-001   7.389296E-001   7.389261E-001   3.478474E-006
    2601      12     0.800000     0.870000   5.878988E+000   1.787489E+000   5.844998E+000   1.753499E+000   4.091499E+000   4.091499E+000   5.609663E-007
    2601      13     0.870000     0.880000   8.736691E-001   2.649441E-001   8.695959E-001   2.608788E-001   6.087249E-001   6.087172E-001   7.763236E-006
    2601      14     0.880000     1.030000   2.249240E+001   6.799491E+000   2.241845E+001   6.725534E+000   1.569291E+001   1.569291E+001   3.017179E-007
    2601      15     1.030000     1.080000   9.248799E+000   2.788381E+000   9.227950E+000   2.768385E+000   6.460418E+000   6.459565E+000   8.525609E-004
    2601      16     1.080000     1.140000   1.173685E+001   3.535822E+000   1.171566E+001   3.514699E+000   8.201028E+000   8.200963E+000   6.454947E-005
    2601      17     1.140000     1.200000   1.143670E+001   3.442659E+000   1.142004E+001   3.426012E+000   7.994037E+000   7.994027E+000   1.053988E-005
    2601      18     1.200000     1.240000   8.097833E+000   2.419657E+000   8.068672E+000   2.420602E+000   5.678175E+000   5.648070E+000   3.010506E-002
    2601      19     1.240000     1.280000   7.733813E+000   2.325870E+000   7.725352E+000   2.317606E+000   5.407943E+000   5.407746E+000   1.966140E-004
    2601      20     1.280000     1.340000   1.109154E+001   3.331763E+000   1.107802E+001   3.323405E+000   7.759780E+000   7.754613E+000   5.167389E-003
    2601      21     1.340000     1.420000   1.012492E+001   3.042432E+000   1.011687E+001   3.035060E+000   7.082489E+000   7.081806E+000   6.829591E-004
    2601      22     1.420000     1.460000   4.444646E+000   1.228360E+000   4.295173E+000   1.288552E+000   3.216286E+000   3.006621E+000   2.096642E-001
    2601      23     1.460000     1.490000   3.316959E+000   9.941990E-001   3.312577E+000   9.937731E-001   2.322760E+000   2.318804E+000   3.955861E-003
    2601      24     1.490000     1.520000   3.416012E+000   1.025610E+000   3.413695E+000   1.024109E+000   2.390401E+000   2.389587E+000   8.147737E-004
    2601      25     1.520000     1.680000   2.089115E+001   6.134938E+000   2.069822E+001   6.209467E+000   1.475621E+001   1.448876E+001   2.674537E-001
    2601      26     1.680000     1.740000   7.400301E+000   2.221610E+000   7.397801E+000   2.219340E+000   5.178691E+000   5.178461E+000   2.309033E-004
    2601      27     1.740000     1.820000   6.859941E+000   2.059192E+000   6.857968E+000   2.057391E+000   4.800749E+000   4.800578E+000   1.713605E-004
    2601      28     1.820000     1.940000   7.844991E+000   2.347456E+000   7.835157E+000   2.350547E+000   5.497535E+000   5.484610E+000   1.292502E-002
    2601      29     1.940000     2.200000   1.524385E+001   3.534662E+000   1.319209E+001   3.957627E+000   1.170919E+001   9.234463E+000   2.474725E+000
    2601      30     2.200000     2.300000   5.897529E+000   1.769627E+000   5.896827E+000   1.769048E+000   4.127902E+000   4.127779E+000   1.227077E-004
    2601      31     2.300000     2.450000   6.412228E+000   1.924052E+000   6.411671E+000   1.923501E+000   4.488176E+000   4.488170E+000   6.525643E-006
    2601      32     2.450000     2.550000   2.808749E+000   8.423659E-001   2.808113E+000   8.424340E-001   1.966383E+000   1.965679E+000   7.040136E-004
    2601      33     2.550000     2.650000   2.466453E+000   7.347759E-001   2.460427E+000   7.381281E-001   1.731677E+000   1.722299E+000   9.378663E-003
    2601      34     2.650000     2.900000   5.107089E+000   3.557417E-001   1.646319E+000   4.938957E-001   4.751347E+000   1.152423E+000   3.598924E+000
    2601      35     2.900000     3.200000   4.829501E+000   1.440010E+000   4.819196E+000   1.445759E+000   3.389491E+000   3.373438E+000   1.605347E-002
    2601      36     3.200000     3.500000   4.479548E+000   1.343907E+000   4.479422E+000   1.343827E+000   3.135641E+000   3.135596E+000   4.524792E-005
    2601      37     3.500000     3.900000   5.317470E+000   1.592396E+000   5.314149E+000   1.594245E+000   3.725074E+000   3.719904E+000   5.170378E-003
    2601      38     3.900000     5.500000   8.889375E+000   1.766668E+000   6.373900E+000   1.912170E+000   7.122707E+000   4.461730E+000   2.660977E+000
    2601      39     5.500000     6.500000   2.171822E+000   6.515457E-001   2.171812E+000   6.515437E-001   1.520276E+000   1.520269E+000   7.300772E-006
    2601      40     6.500000     7.000000   6.459457E-001   1.937834E-001   6.459438E-001   1.937832E-001   4.521624E-001   4.521607E-001   1.668044E-006
    2601      41     7.000000     9.000000   1.525571E+000   4.557242E-001   1.523395E+000   4.570185E-001   1.069847E+000   1.066377E+000   3.470290E-003
    2601      42     9.000000    20.000000   1.633159E+000   3.716243E-001   1.309514E+000   3.928541E-001   1.261535E+000   9.166596E-001   3.448750E-001
    2701       1     0.200000     0.300000   5.582456E-006   2.938599E-006   3.776939E-006   1.133082E-006   2.643857E-006   2.643857E-006  -4.911299E-015
    2701       2     0.300000     0.345000   2.557270E-003   1.160959E-003   1.994730E-003   5.984189E-004   1.396311E-003   1.396311E-003   9.565853E-013
    2701       3     0.345000     0.385000   2.512764E-003   1.006153E-003   2.152302E-003   6.456906E-004   1.506611E-003   1.506611E-003  -5.730525E-013
    2701       4     0.385000     0.420000   1.293223E-002   4.781073E-003   1.164451E-002   3.493352E-003   8.151155E-003   8.151155E-003   7.816362E-012
    2701       5     0.420000     0.450000   2.349464E-002   8.255229E-003   2.177059E-002   6.531176E-003   1.523941E-002   1.523941E-002  -2.379000E-012
    2701       6     0.450000     0.500000   1.310848E-001   4.421893E-002   1.240940E-001   3.722821E-002   8.686582E-002   8.686582E-002  -1.124818E-011
    2701       7     0.500000     0.550000   1.748537E-001   5.680007E-002   1.686481E-001   5.059442E-002   1.180536E-001   1.180536E-001   1.799597E-011
    2701       8     0.550000     0.610000   2.295775E-001   7.279690E-002   2.239723E-001   6.719170E-002   1.567806E-001   1.567806E-001   8.449103E-012
    2701       9     0.610000     0.690000   5.693172E-001   1.769141E-001   5.605758E-001   1.681727E-001   3.924031E-001   3.924031E-001  -3.414535E-011
    2701      10     0.690000     0.780000   2.472789E+000   7.577010E-001   2.450126E+000   7.350378E-001   1.715088E+000   1.715088E+000   8.131895E-011
    2701      11     0.780000     0.800000   1.063069E+000   3.241398E-001   1.055609E+000   3.166826E-001   7.389296E-001   7.389261E-001   3.478368E-006
    2701      12     0.800000     0.870000   5.878988E+000   1.787489E+000   5.844998E+000   1.753499E+000   4.091499E+000   4.091499E+000   5.614047E-007
    2701      13     0.870000     0.880000   8.736691E-001   2.649441E-001   8.695959E-001   2.608788E-001   6.087249E-001   6.087172E-001   7.755773E-006
    2701      14     0.880000     1.030000   2.249240E+001   6.799491E+000   2.241845E+001   6.725534E+000   1.569291E+001   1.569291E+001   3.009521E-007
    2701      15     1.030000     1.080000   9.248799E+000   2.788381E+000   9.227950E+000   2.768385E+000   6.460418E+000   6.459565E+000   8.525070E-004
    2701      16     1.080000     1.140000   1.173685E+001   3.535822E+000   1.171566E+001   3.514699E+000   8.201028E+000   8.200963E+000   6.453172E-005
    2701      17     1.140000     1.200000   1.143670E+001   3.442659E+000   1.142004E+001   3.426012E+000   7.994037E+000   7.994027E+000   1.053400E-005
    2701      18     1.200000     1.240000   8.097833E+000   2.419658E+000   8.068673E+000   2.420602E+000   5.678175E+000   5.648071E+000   3.010362E-002
    2701      19     1.240000     1.280000   7.733813E+000   2.325871E+000   7.725352E+000   2.317606E+000   5.407943E+000   5.407747E+000   1.961475E-004
    2701      20     1.280000     1.340000   1.109154E+001   3.331762E+000   1.107802E+001   3.323405E+000   7.759780E+000   7.754613E+000   5.167639E-003
    2701      21     1.340000     1.420000   1.012492E+001   3.042432E+000   1.011687E+001   3.035060E+000   7.082489E+000   7.081806E+000   6.823368E-004
    2701      22     1.420000     1.460000   4.444646E+000   1.228386E+000   4.295199E+000   1.288560E+000   3.216260E+000   3.006639E+000   2.096203E-001
    2701      23     1.460000     1.490000   3.316959E+000   9.941996E-001   3.312578E+000   9.937733E-001   2.322759E+000   2.318804E+000   3.954798E-003
    2701      24     1.490000     1.520000   3.416012E+000   1.025611E+000   3.413696E+000   1.024109E+000   2.390401E+000   2.389587E+000   8.137522E-004
    2701      25     1.520000     1.680000   2.089115E+001   6.134973E+000   2.069825E+001   6.209476E+000   1.475618E+001   1.448878E+001   2.673979E-001
    2701      26     1.680000     1.740000   7.400301E+000   2.221610E+000   7.397801E+000   2.219340E+000   5.178691E+000   5.178461E+000   2.303275E-004
    2701      27     1.740000     1.820000   6.859941E+000   2.059194E+000   6.857971E+000   2.057391E+000   4.800747E+000   4.800580E+000   1.676829E-004
    2701      28     1.820000     1.940000   7.844991E+000   2.347484E+000   7.835188E+000   2.350556E+000   5.497508E+000   5.484632E+000   1.287593E-002
    2701      29     1.940000     2.200000   1.524385E+001   3.535875E+000   1.319386E+001   3.958159E+000   1.170797E+001   9.235704E+000   2.472271E+000
    2701      30     2.200000     2.300000   5.897529E+000   1.769627E+000   5.896827E+000   1.769048E+000   4.127901E+000   4.127779E+000   1.223470E-004
    2701      31     2.300000     2.450000   6.412228E+000   1.924052E+000   6.411671E+000   1.923501E+000   4.488176E+000   4.488170E+000   6.508438E-006
    2701      32     2.450000     2.550000   2.808749E+000   8.423707E-001   2.808119E+000   8.424356E-001   1.966379E+000   1.965683E+000   6.953369E-004
    2701      33     2.550000     2.650000   2.466453E+000   7.348217E-001   2.460479E+000   7.381436E-001   1.731632E+000   1.722335E+000   9.296580E-003
    2701      34     2.650000     2.900000   5.107089E+000   3.565872E-001   1.649877E+000   4.949630E-001   4.750502E+000   1.154914E+000   3.595588E+000
    2701      35     2.900000     3.200000   4.829501E+000   1.440046E+000   4.819237E+000   1.445771E+000   3.389455E+000   3.373466E+000   1.598900E-002
    2701      36     3.200000     3.500000   4.479548E+000   1.343907E+000   4.479423E+000   1.343827E+000   3.135641E+000   3.135596E+000   4.476079E-005
    2701      37     3.500000     3.900000   5.317470E+000   1.592395E+000   5.314148E+000   1.594244E+000   3.725075E+000   3.719903E+000   5.171606E-003
    2701      38     3.900000     5.500000   8.889375E+000   1.767178E+000   6.374924E+000   1.912477E+000   7.122197E+000   4.462447E+000   2.659751E+000
    2701      39     5.500000     6.500000   2.171822E+000   6.515458E-001   2.171812E+000   6.515437E-001   1.520276E+000   1.520269E+000   7.216413E-006
    2701      40     6.500000     7.000000   6.459457E-001   1.937834E-001   6.459438E-001   1.937832E-001   4.521623E-001   4.521607E-001   1.652328E-006
    2701      41     7.000000     9.000000   1.525571E+000   4.557243E-001   1.523395E+000   4.570186E-001   1.069847E+000   1.066377E+000   3.470103E-003
    2701      42     9.000000    20.000000   1.633159E+000   3.720701E-001   1.310423E+000   3.931270E-001   1.261089E+000   9.172962E-001   3.437925E-001
    2801       1     0.200000     0.300000   5.582456E-006   2.938599E-006   3.776939E-006   1.133082E-006   2.643857E-006   2.643857E-006  -4.911299E-015
    2801       2     0.300000     0.345000   2.557270E-003   1.160959E-003   1.994730E-003   5.984189E-004   1.396311E-003   1.396311E-003   9.565853E-013
    2801       3     0.345000     0.385000   2.512764E-003   1.006153E-003   2.152302E-003   6.456906E-004   1.506611E-003   1.506611E-003  -5.730525E-013
    2801       4     0.385000     0.420000   1.293223E-002   4.781073E-003   1.164451E-002   3.493352E-003   8.151155E-003   8.151155E-003   5.732609E-012
    2801       5     0.420000     0.450000   2.349464E-002   8.255229E-003   2.177059E-002   6.531176E-003   1.523941E-002   1.523941E-002   1.866503E-012
    2801       6     0.450000     0.500000   1.310848E-001   4.421893E-002   1.240940E-001   3.722821E-002   8.686582E-002   8.686582E-002  -3.908332E-011
    2801       7     0.500000     0.550000   1.748537E-001   5.680007E-002   1.686481E-001   5.059442E-002   1.180536E-001   1.180536E-001  -1.835010E-011
    2801       8     0.550000     0.610000   2.295775E-001   7.279690E-002   2.239723E-001   6.719170E-002   1.567806E-001   1.567806E-001   4.464368E-011
    2801       9     0.610000     0.690000   5.693172E-001   1.769141E-001   5.605758E-001   1.681727E-001   3.924031E-001   3.924031E-001   4.510503E-012
    2801      10     0.690000     0.780000   2.472789E+000   7.577010E-001   2.450126E+000   7.350378E-001   1.715088E+000   1.715088E+000   7.539547E-011
    2801      11     0.780000     0.800000   1.063069E+000   3.241398E-001   1.055609E+000   3.166826E-001   7.389296E-001   7.389261E-001   3.478237E-006
    2801      12     0.800000     0.870000   5.878988E+000   1.787489E+000   5.844998E+000   1.753499E+000   4.091499E+000   4.091499E+000   5.618349E-007
    2801      13     0.870000     0.880000   8.736691E-001   2.649442E-001   8.695960E-001   2.608788E-001   6.087249E-001   6.087172E-001   7.748472E-006
    2801      14     0.880000     1.030000   2.249240E+001   6.799491E+000   2.241845E+001   6.725534E+000   1.569291E+001   1.569291E+001   3.002137E-007
    2801      15     1.030000     1.080000   9.248799E+000   2.788381E+000   9.227950E+000   2.768385E+000   6.460418E+000   6.459565E+000   8.524542E-004
    2801      16     1.080000     1.140000   1.173685E+001   3.535822E+000   1.171566E+001   3.514699E+000   8.201028E+000   8.200963E+000   6.451481E-005
    2801      17     1.140000     1.200000   1.143670E+001   3.442659E+000   1.142004E+001   3.426012E+000   7.994037E+000   7.994027E+000   1.052857E-005
    2801      18     1.200000     1.240000   8.097833E+000   2.419659E+000   8.068674E+000   2.420602E+000   5.678174E+000   5.648071E+000   3.010224E-002
    2801      19     1.240000     1.280000   7.733813E+000   2.325871E+000   7.725352E+000   2.317606E+000   5.407942E+000   5.407747E+000   1.956972E-004
    2801      20     1.280000     1.340000   1.109154E+001   3.331762E+000   1.107802E+001   3.323405E+000   7.759780E+000   7.754613E+000   5.167885E-003
    2801      21     1.340000     1.420000   1.012492E+001   3.042433E+000   1.011687E+001   3.035060E+000   7.082488E+000   7.081807E+000   6.817346E-004
    2801      22     1.420000     1.460000   4.444646E+000   1.228411E+000   4.295223E+000   1.288567E+000   3.216235E+000   3.006656E+000   2.095786E-001
    2801      23     1.460000     1.490000   3.316959E+000   9.942002E-001   3.312578E+000   9.937735E-001   2.322759E+000   2.318805E+000   3.953789E-003
    2801      24     1.490000     1.520000   3.416012E+000   1.025611E+000   3.413696E+000   1.024109E+000   2.390400E+000   2.389587E+000   8.127660E-004
    2801      25     1.520000     1.680000   2.089115E+001   6.135006E+000   2.069828E+001   6.209485E+000   1.475614E+001   1.448880E+001   2.673444E-001
    2801      26     1.680000     1.740000   7.400301E+000   2.221611E+000   7.397801E+000   2.219340E+000   5.178691E+000   5.178461E+000   2.297734E-004
    2801      27     1.740000     1.820000   6.859941E+000   2.059196E+000   6.857973E+000   2.057392E+000   4.800745E+000   4.800581E+000   1.641531E-004
    2801      28     1.820000     1.940000   7.844991E+000   2.347510E+000   7.835218E+000   2.350565E+000   5.497481E+000   5.484652E+000   1.282878E-002
    2801      29     1.940000     2.200000   1.524385E+001   3.537062E+000   1.319559E+001   3.958676E+000   1.170679E+001   9.236912E+000   2.469877E+000
    2801      30     2.200000     2.300000   5.897529E+000   1.769628E+000   5.896827E+000   1.769048E+000   4.127901E+000   4.127779E+000   1.219976E-004
    2801      31     2.300000     2.450000   6.412228E+000   1.924052E+000   6.411671E+000   1.923501E+000   4.488176E+000   4.488170E+000   6.491795E-006
    2801      32     2.450000     2.550000   2.808749E+000   8.423754E-001   2.808124E+000   8.424372E-001   1.966374E+000   1.965687E+000   6.869576E-004
    2801      33     2.550000     2.650000   2.466453E+000   7.348656E-001   2.460528E+000   7.381585E-001   1.731588E+000   1.722370E+000   9.217994E-003
    2801      34     2.650000     2.900000   5.107089E+000   3.574165E-001   1.653349E+000   4.960047E-001   4.749673E+000   1.157344E+000   3.592328E+000
    2801      35     2.900000     3.200000   4.829501E+000   1.440080E+000   4.819277E+000   1.445783E+000   3.389420E+000   3.373494E+000   1.592650E-002
    2801      36     3.200000     3.500000   4.479548E+000   1.343907E+000   4.479423E+000   1.343827E+000   3.135640E+000   3.135596E+000   4.429192E-005
    2801      37     3.500000     3.900000   5.317470E+000   1.592395E+000   5.314147E+000   1.594244E+000   3.725076E+000   3.719903E+000   5.172826E-003
    2801      38     3.900000     5.500000   8.889375E+000   1.767674E+000   6.375919E+000   1.912776E+000   7.121701E+000   4.463143E+000   2.658558E+000
    2801      39     5.500000     6.500000   2.171822E+000   6.515458E-001   2.171812E+000   6.515437E-001   1.520276E+000   1.520269E+000   7.135623E-006
    2801      40     6.500000     7.000000   6.459457E-001   1.937834E-001   6.459439E-001   1.937832E-001   4.521623E-001   4.521607E-001   1.637245E-006
    2801      41     7.000000     9.000000   1.525571E+000   4.557244E-001   1.523395E+000   4.570186E-001   1.069847E+000   1.066377E+000   3.469920E-003
    2801      42     9.000000    20.000000   1.633159E+000   3.725046E-001   1.311309E+000   3.933927E-001   1.260654E+000   9.179164E-001   3.427379E-001
    2901       1     0.200000     0.300000   5.582456E-006   2.938599E-006   3.776939E-006   1.133082E-006   2.643857E-006   2.643857E-006  -4.911299E-015
    2901       2     0.300000     0.345000   2.557270E-003   1.160959E-003   1.994730E-003   5.984189E-004   1.396311E-003   1.396311E-003   9.565853E-013
    2901       3     0.345000     0.385000   2.512764E-003   1.006153E-003   2.152302E-003   6.456906E-004   1.506611E-003   1.506611E-003  -5.730525E-013
    2901       4     0.385000     0.420000   1.293223E-002   4.781073E-003   1.164451E-002   3.493352E-003   8.151155E-003   8.151155E-003   3.188557E-012
    2901       5     0.420000     0.450000   2.349464E-002   8.255229E-003   2.177059E-002   6.531176E-003   1.523941E-002   1.523941E-002   1.274628E-012
    2901       6     0.450000     0.500000   1.310848E-001   4.421893E-002   1.240940E-001   3.722821E-002   8.686582E-002   8.686582E-002  -2.770863E-011
    2901       7     0.500000     0.550000   1.748537E-001   5.680007E-002   1.686481E-001   5.059442E-002   1.180536E-001   1.180536E-001  -2.269579E-011
    2901       8     0.550000     0.610000   2.295775E-001   7.279690E-002   2.239723E-001   6.719170E-002   1.567806E-001   1.567806E-001   2.463907E-011
    2901       9     0.610000     0.690000   5.693172E-001   1.769141E-001   5.605758E-001   1.681727E-001   3.924031E-001   3.924031E-001  -3.304529E-011
    2901      10     0.690000     0.780000   2.472789E+000   7.577010E-001   2.450126E+000   7.350378E-001   1.715088E+000   1.715088E+000   7.670686E-011
    2901      11     0.780000     0.800000   1.063069E+000   3.241398E-001   1.055609E+000   3.166826E-001   7.389296E-001   7.389261E-001   3.478098E-006
    2901      12     0.800000     0.870000   5.878988E+000   1.787489E+000   5.844998E+000   1.753499E+000   4.091499E+000   4.091499E+000   5.622559E-007
    2901      13     0.870000     0.880000   8.736691E-001   2.649442E-001   8.695960E-001   2.608788E-001   6.087249E-001   6.087172E-001   7.741330E-006
    2901      14     0.880000     1.030000   2.249240E+001   6.799491E+000   2.241845E+001   6.725534E+000   1.569291E+001   1.569291E+001   2.995006E-007
    2901      15     1.030000     1.080000   9.248799E+000   2.788381E+000   9.227950E+000   2.768385E+000   6.460418E+000   6.459565E+000   8.524029E-004
    2901      16     1.080000     1.140000   1.173685E+001   3.535822E+000   1.171566E+001   3.514699E+000   8.201028E+000   8.200963E+000   6.449861E-005
    2901      17     1.140000     1.200000   1.143670E+001   3.442659E+000   1.142004E+001   3.426012E+000   7.994037E+000   7.994027E+000   1.052341E-005
    2901      18     1.200000     1.240000   8.097833E+000   2.419660E+000   8.068674E+000   2.420602E+000   5.678173E+000   5.648072E+000   3.010092E-002
    2901      19     1.240000     1.280000   7.733813E+000   2.325871E+000   7.725353E+000   2.317606E+000   5.407942E+000   5.407747E+000   1.952599E-004
    2901      20     1.280000     1.340000   1.109154E+001   3.331762E+000   1.107802E+001   3.323405E+000   7.759781E+000   7.754612E+000   5.168127E-003
    2901      21     1.340000     1.420000   1.012492E+001   3.042433E+000   1.011687E+001   3.035060E+000   7.082488E+000   7.081807E+000   6.811474E-004
    2901      22     1.420000     1.460000   4.444646E+000   1.228435E+000   4.295246E+000   1.288574E+000   3.216211E+000   3.006672E+000   2.095385E-001
    2901      23     1.460000     1.490000   3.316959E+000   9.942007E-001   3.312579E+000   9.937737E-001   2.322758E+000   2.318805E+000   3.952814E-003
    2901      24     1.490000     1.520000   3.416012E+000   1.025612E+000   3.413697E+000   1.024109E+000   2.390400E+000   2.389588E+000   8.118080E-004
    2901      25     1.520000     1.680000   2.089115E+001   6.135039E+000   2.069831E+001   6.209493E+000   1.475611E+001   1.448882E+001   2.672925E-001
    2901      26     1.680000     1.740000   7.400301E+000   2.221611E+000   7.397802E+000   2.219341E+000   5.178690E+000   5.178461E+000   2.292361E-004
    2901      27     1.740000     1.820000   6.859941E+000   2.059198E+000   6.857975E+000   2.057393E+000   4.800743E+000   4.800583E+000   1.607349E-004
    2901      28     1.820000     1.940000   7.844991E+000   2.347536E+000   7.835246E+000   2.350574E+000   5.497455E+000   5.484672E+000   1.278310E-002
    2901      29     1.940000     2.200000   1.524385E+001   3.538224E+000   1.319727E+001   3.959182E+000   1.170563E+001   9.238091E+000   2.467535E+000
    2901      30     2.200000     2.300000   5.897529E+000   1.769628E+000   5.896828E+000   1.769048E+000   4.127901E+000   4.127779E+000   1.216577E-004
    2901      31     2.300000     2.450000   6.412228E+000   1.924052E+000   6.411671E+000   1.923501E+000   4.488176E+000   4.488170E+000   6.475607E-006
    2901      32     2.450000     2.550000   2.808749E+000   8.423800E-001   2.808129E+000   8.424387E-001   1.966369E+000   1.965690E+000   6.788152E-004
    2901      33     2.550000     2.650000   2.466453E+000   7.349081E-001   2.460576E+000   7.381728E-001   1.731545E+000   1.722403E+000   9.141931E-003
    2901      34     2.650000     2.900000   5.107089E+000   3.582339E-001   1.656752E+000   4.970256E-001   4.748855E+000   1.159726E+000   3.589129E+000
    2901      35     2.900000     3.200000   4.829501E+000   1.440114E+000   4.819316E+000   1.445795E+000   3.389387E+000   3.373521E+000   1.586567E-002
    2901      36     3.200000     3.500000   4.479548E+000   1.343908E+000   4.479423E+000   1.343827E+000   3.135640E+000   3.135596E+000   4.383711E-005
    2901      37     3.500000     3.900000   5.317470E+000   1.592394E+000   5.314146E+000   1.594244E+000   3.725076E+000   3.719902E+000   5.174032E-003
    2901      38     3.900000     5.500000   8.889375E+000   1.768158E+000   6.376891E+000   1.913067E+000   7.121217E+000   4.463824E+000   2.657393E+000
    2901      39     5.500000     6.500000   2.171822E+000   6.515458E-001   2.171812E+000   6.515437E-001   1.520276E+000   1.520269E+000   7.057524E-006
    2901      40     6.500000     7.000000   6.459457E-001   1.937834E-001   6.459439E-001   1.937832E-001   4.521623E-001   4.521607E-001   1.622674E-006
    2901      41     7.000000     9.000000   1.525571E+000   4.557245E-001   1.523395E+000   4.570186E-001   1.069847E+000   1.066377E+000   3.469740E-003
    2901      42     9.000000    20.000000   1.633159E+000   3.729305E-001   1.312177E+000   3.936532E-001   1.260228E+000   9.185240E-001   3.417044E-001
    3001       1     0.200000     0.300000   5.582456E-006   2.938599E-006   3.776939E-006   1.133082E-006   2.643857E-006   2.643857E-006  -4.911299E-015
    3001       2     0.300000     0.345000   2.557270E-003   1.160959E-003   1.994730E-003   5.984189E-004   1.396311E-003   1.396311E-003   9.565853E-013
    3001       3     0.345000     0.385000   2.512764E-003   1.006153E-003   2.152302E-003   6.456906E-004   1.506611E-003   1.506611E-003  -5.730525E-013
    3001       4     0.385000     0.420000   1.293223E-002   4.781073E-003   1.164451E-002   3.493352E-003   8.151155E-003   8.151155E-003   6.295048E-012
    3001       5     0.420000     0.450000   2.349464E-002   8.255229E-003   2.177059E-002   6.531176E-003   1.523941E-002   1.523941E-002   3.705912E-012
    3001       6     0.450000     0.500000   1.310848E-001   4.421893E-002   1.240940E-001   3.722821E-002   8.686582E-002   8.686582E-002  -4.517858E-011
    3001       7     0.500000     0.550000   1.748537E-001   5.680007E-002   1.686481E-001   5.059442E-002   1.180536E-001   1.180536E-001  -5.252757E-012
    3001       8     0.550000     0.610000   2.295775E-001   7.279690E-002   2.239723E-001   6.719170E-002   1.567806E-001   1.567806E-001   2.416778E-011
    3001       9     0.610000     0.690000   5.693172E-001   1.769141E-001   5.605758E-001   1.681727E-001   3.924031E-001   3.924031E-001  -3.268169E-011
    3001      10     0.690000     0.780000   2.472789E+000   7.577010E-001   2.450126E+000   7.350378E-001   1.715088E+000   1.715088E+000   1.816951E-010
    3001      11     0.780000     0.800000   1.063069E+000   3.241398E-001   1.055609E+000   3.166826E-001   7.389296E-001   7.389261E-001   3.477946E-006
    3001      12     0.800000     0.870000   5.878988E+000   1.787489E+000   5.844998E+000   1.753499E+000   4.091499E+000   4.091499E+000   5.626701E-007
    3001      13     0.870000     0.880000   8.736691E-001   2.649442E-001   8.695960E-001   2.608788E-001   6.087249E-001   6.087172E-001   7.734336E-006
    3001      14     0.880000     1.030000   2.249240E+001   6.799491E+000   2.241845E+001   6.725534E+000   1.569291E+001   1.569291E+001   2.988190E-007
    3001      15     1.030000     1.080000   9.248799E+000   2.788381E+000   9.227950E+000   2.768385E+000   6.460418E+000   6.459565E+000   8.523530E-004
    3001      16     1.080000     1.140000   1.173685E+001   3.535822E+000   1.171566E+001   3.514699E+000   8.201028E+000   8.200963E+000   6.448317E-005
    3001      17     1.140000     1.200000   1.143670E+001   3.442659E+000   1.142004E+001   3.426012E+000   7.994037E+000   7.994027E+000   1.051868E-005
    3001      18     1.200000     1.240000   8.097833E+000   2.419661E+000   8.068675E+000   2.420602E+000   5.678172E+000   5.648072E+000   3.009965E-002
    3001      19     1.240000     1.280000   7.733813E+000   2.325871E+000   7.725353E+000   2.317606E+000   5.407942E+000   5.407747E+000   1.948382E-004
    3001      20     1.280000     1.340000   1.109154E+001   3.331762E+000   1.107802E+001   3.323405E+000   7.759781E+000   7.754612E+000   5.168360E-003
    3001      21     1.340000     1.420000   1.012492E+001   3.042433E+000   1.011687E+001   3.035060E+000   7.082488E+000   7.081807E+000   6.805780E-004
    3001      22     1.420000     1.460000   4.444646E+000   1.228457E+000   4.295268E+000   1.288580E+000   3.216188E+000   3.006688E+000   2.095006E-001
    3001      23     1.460000     1.490000   3.316959E+000   9.942013E-001   3.312580E+000   9.937739E-001   2.322758E+000   2.318806E+000   3.951882E-003
    3001      24     1.490000     1.520000   3.416012E+000   1.025612E+000   3.413698E+000   1.024109E+000   2.390399E+000   2.389588E+000   8.108837E-004
    3001      25     1.520000     1.680000   2.089115E+001   6.135070E+000   2.069834E+001   6.209501E+000   1.475608E+001   1.448883E+001   2.672428E-001
    3001      26     1.680000     1.740000   7.400301E+000   2.221611E+000   7.397802E+000   2.219341E+000   5.178690E+000   5.178461E+000   2.287190E-004
    3001      27     1.740000     1.820000   6.859941E+000   2.059200E+000   6.857977E+000   2.057393E+000   4.800741E+000   4.800584E+000   1.574581E-004
    3001      28     1.820000     1.940000   7.844991E+000   2.347560E+000   7.835274E+000   2.350582E+000   5.497431E+000   5.484692E+000   1.273931E-002
    3001      29     1.940000     2.200000   1.524385E+001   3.539360E+000   1.319891E+001   3.959674E+000   1.170449E+001   9.239240E+000   2.465250E+000
    3001      30     2.200000     2.300000   5.897529E+000   1.769628E+000   5.896828E+000   1.769048E+000   4.127901E+000   4.127779E+000   1.213284E-004
    3001      31     2.300000     2.450000   6.412228E+000   1.924052E+000   6.411671E+000   1.923501E+000   4.488176E+000   4.488170E+000   6.459962E-006
    3001      32     2.450000     2.550000   2.808749E+000   8.423844E-001   2.808134E+000   8.424402E-001   1.966365E+000   1.965694E+000   6.709652E-004
    3001      33     2.550000     2.650000   2.466453E+000   7.349487E-001   2.460622E+000   7.381866E-001   1.731505E+000   1.722435E+000   9.069305E-003
    3001      34     2.650000     2.900000   5.107089E+000   3.590351E-001   1.660071E+000   4.980214E-001   4.748054E+000   1.162050E+000   3.586004E+000
    3001      35     2.900000     3.200000   4.829501E+000   1.440147E+000   4.819353E+000   1.445806E+000   3.389354E+000   3.373547E+000   1.580669E-002
    3001      36     3.200000     3.500000   4.479548E+000   1.343908E+000   4.479424E+000   1.343827E+000   3.135640E+000   3.135597E+000   4.339970E-005
    3001      37     3.500000     3.900000   5.317470E+000   1.592393E+000   5.314146E+000   1.594244E+000   3.725077E+000   3.719902E+000   5.175231E-003
    3001      38     3.900000     5.500000   8.889375E+000   1.768630E+000   6.377837E+000   1.913351E+000   7.120745E+000   4.464486E+000   2.656260E+000
    3001      39     5.500000     6.500000   2.171822E+000   6.515459E-001   2.171812E+000   6.515437E-001   1.520276E+000   1.520269E+000   6.982734E-006
    3001      40     6.500000     7.000000   6.459457E-001   1.937834E-001   6.459439E-001   1.937832E-001   4.521623E-001   4.521607E-001   1.608696E-006
    3001      41     7.000000     9.000000   1.525571E+000   4.557246E-001   1.523396E+000   4.570187E-001   1.069846E+000   1.066377E+000   3.469569E-003
    3001      42     9.000000    20.000000   1.633159E+000   3.733453E-001   1.313023E+000   3.939068E-001   1.259814E+000   9.191158E-001   3.406979E-001
    3101       1     0.200000     0.300000   5.582456E-006   2.938599E-006   3.776939E-006   1.133082E-006   2.643857E-006   2.643857E-006  -4.911299E-015
    3101       2     0.300000     0.345000   2.557270E-003   1.160959E-003   1.994730E-003   5.984189E-004   1.396311E-003   1.396311E-003   9.565853E-013
    3101       3     0.345000     0.385000   2.512764E-003   1.006153E-003   2.152302E-003   6.456906E-004   1.506611E-003   1.506611E-003  -5.730525E-013
    3101       4     0.385000     0.420000   1.293223E-002   4.781073E-003   1.164451E-002   3.493352E-003   8.151155E-003   8.151155E-003   3.882079E-012
    3101       5     0.420000     0.450000   2.349464E-002   8.255229E-003   2.177059E-002   6.531176E-003   1.523941E-002   1.523941E-002  -5.133494E-012
    3101       6     0.450000     0.500000   1.310848E-001   4.421893E-002   1.240940E-001   3.722821E-002   8.686582E-002   8.686582E-002  -3.599523E-011
    3101       7     0.500000     0.550000   1.748537E-001   5.680007E-002   1.686481E-001   5.059442E-002   1.180536E-001   1.180536E-001  -2.878615E-011
    3101       8     0.550000     0.610000   2.295775E-001   7.279690E-002   2.239723E-001   6.719170E-002   1.567806E-001   1.567806E-001  -1.739586E-011
    3101       9     0.610000     0.690000   5.693172E-001   1.769141E-001   5.605758E-001   1.681727E-001   3.924031E-001   3.924031E-001   3.390321E-011
    3101      10     0.690000     0.780000   2.472789E+000   7.577010E-001   2.450126E+000   7.350378E-001   1.715088E+000   1.715088E+000   1.689495E-010
    3101      11     0.780000     0.800000   1.063069E+000   3.241398E-001   1.055609E+000   3.166826E-001   7.389296E-001   7.389261E-001   3.477787E-006
    3101      12     0.800000     0.870000   5.878988E+000   1.787489E+000   5.844998E+000   1.753499E+000   4.091499E+000   4.091499E+000   5.630763E-007
    3101      13     0.870000     0.880000   8.736691E-001   2.649442E-001   8.695960E-001   2.608788E-001   6.087249E-001   6.087172E-001   7.727498E-006
    3101      14     0.880000     1.030000   2.249240E+001   6.799491E+000   2.241845E+001   6.725534E+000   1.569291E+001   1.569291E+001   2.981606E-007
    3101      15     1.030000     1.080000   9.248799E+000   2.788381E+000   9.227950E+000   2.768385E+000   6.460418E+000   6.459565E+000   8.523049E-004
    3101      16     1.080000     1.140000   1.173685E+001   3.535822E+000   1.171566E+001   3.514699E+000   8.201028E+000   8.200963E+000   6.446838E-005
    3101      17     1.140000     1.200000   1.143670E+001   3.442659E+000   1.142004E+001   3.426012E+000   7.994037E+000   7.994027E+000   1.051430E-005
    3101      18     1.200000     1.240000   8.097833E+000   2.419661E+000   8.068676E+000   2.420603E+000   5.678171E+000   5.648073E+000   3.009845E-002
    3101      19     1.240000     1.280000   7.733813E+000   2.325872E+000   7.725353E+000   2.317606E+000   5.407942E+000   5.407747E+000   1.944302E-004
    3101      20     1.280000     1.340000   1.109154E+001   3.331762E+000   1.107802E+001   3.323405E+000   7.759781E+000   7.754612E+000   5.168587E-003
    3101      21     1.340000     1.420000   1.012492E+001   3.042434E+000   1.011687E+001   3.035060E+000   7.082487E+000   7.081807E+000   6.800253E-004
    3101      22     1.420000     1.460000   4.444646E+000   1.228479E+000   4.295289E+000   1.288587E+000   3.216167E+000   3.006702E+000   2.094643E-001
    3101      23     1.460000     1.490000   3.316959E+000   9.942018E-001   3.312580E+000   9.937741E-001   2.322757E+000   2.318806E+000   3.950992E-003
    3101      24     1.490000     1.520000   3.416012E+000   1.025613E+000   3.413698E+000   1.024109E+000   2.390399E+000   2.389589E+000   8.099893E-004
    3101      25     1.520000     1.680000   2.089115E+001   6.135100E+000   2.069836E+001   6.209508E+000   1.475605E+001   1.448885E+001   2.671949E-001
    3101      26     1.680000     1.740000   7.400301E+000   2.221611E+000   7.397802E+000   2.219341E+000   5.178690E+000   5.178462E+000   2.282200E-004
    3101      27     1.740000     1.820000   6.859941E+000   2.059202E+000   6.857979E+000   2.057394E+000   4.800740E+000   4.800585E+000   1.543045E-004
    3101      28     1.820000     1.940000   7.844991E+000   2.347584E+000   7.835300E+000   2.350590E+000   5.497407E+000   5.484710E+000   1.269715E-002
    3101      29     1.940000     2.200000   1.524385E+001   3.540472E+000   1.320051E+001   3.960154E+000   1.170338E+001   9.240360E+000   2.463018E+000
    3101      30     2.200000     2.300000   5.897529E+000   1.769628E+000   5.896828E+000   1.769048E+000   4.127901E+000   4.127780E+000   1.210087E-004
    3101      31     2.300000     2.450000   6.412228E+000   1.924052E+000   6.411671E+000   1.923501E+000   4.488176E+000   4.488170E+000   6.444798E-006
    3101      32     2.450000     2.550000   2.808749E+000   8.423887E-001   2.808139E+000   8.424416E-001   1.966361E+000   1.965697E+000   6.633667E-004
    3101      33     2.550000     2.650000   2.466453E+000   7.349876E-001   2.460666E+000   7.381998E-001   1.731466E+000   1.722466E+000   8.999584E-003
    3101      34     2.650000     2.900000   5.107089E+000   3.598216E-001   1.663313E+000   4.989940E-001   4.747268E+000   1.164319E+000   3.582948E+000
    3101      35     2.900000     3.200000   4.829501E+000   1.440179E+000   4.819390E+000   1.445817E+000   3.389322E+000   3.373573E+000   1.574939E-002
    3101      36     3.200000     3.500000   4.479548E+000   1.343908E+000   4.479424E+000   1.343827E+000   3.135640E+000   3.135597E+000   4.297751E-005
    3101      37     3.500000     3.900000   5.317470E+000   1.592393E+000   5.314145E+000   1.594243E+000   3.725078E+000   3.719901E+000   5.176420E-003
    3101      38     3.900000     5.500000   8.889375E+000   1.769089E+000   6.378757E+000   1.913627E+000   7.120286E+000   4.465130E+000   2.655156E+000
    3101      39     5.500000     6.500000   2.171822E+000   6.515459E-001   2.171813E+000   6.515438E-001   1.520276E+000   1.520269E+000   6.910919E-006
    3101      40     6.500000     7.000000   6.459457E-001   1.937834E-001   6.459439E-001   1.937832E-001   4.521623E-001   4.521607E-001   1.595254E-006
    3101      41     7.000000     9.000000   1.525571E+000   4.557247E-001   1.523396E+000   4.570187E-001   1.069846E+000   1.066377E+000   3.469404E-003
    3101      42     9.000000    20.000000   1.633159E+000   3.737498E-001   1.313847E+000   3.941541E-001   1.259409E+000   9.196930E-001   3.397161E-001
    3201       1     0.200000     0.300000   5.582456E-006   2.938599E-006   3.776939E-006   1.133082E-006   2.643857E-006   2.643857E-006  -4.911299E-015
    3201       2     0.300000     0.345000   2.557270E-003   1.160959E-003   1.994730E-003   5.984189E-004   1.396311E-003   1.396311E-003   9.565853E-013
    3201       3     0.345000     0.385000   2.512764E-003   1.006153E-003   2.152302E-003   6.456906E-004   1.506611E-003   1.506611E-003  -5.730525E-013
    3201       4     0.385000     0.420000   1.293223E-002   4.781073E-003   1.164451E-002   3.493352E-003   8.151155E-003   8.151155E-003   1.773737E-012
    3201       5     0.420000     0.450000   2.349464E-002   8.255229E-003   2.177059E-002   6.531176E-003   1.523941E-002   1.523941E-002  -2.972992E-012
    3201       6     0.450000     0.500000   1.310848E-001   4.421893E-002   1.240940E-001   3.722821E-002   8.686582E-002   8.686582E-002  -1.316142E-012
    3201       7     0.500000     0.550000   1.748537E-001   5.680007E-002   1.686481E-001   5.059442E-002   1.180536E-001   1.180536E-001  -1.933023E-011
    3201       8     0.550000     0.610000   2.295775E-001   7.279690E-002   2.239723E-001   6.719170E-002   1.567806E-001   1.567806E-001  -2.221295E-011
    3201       9     0.610000     0.690000   5.693172E-001   1.769141E-001   5.605758E-001   1.681727E-001   3.924031E-001   3.924031E-001  -5.496870E-011
    3201      10     0.690000     0.780000   2.472789E+000   7.577010E-001   2.450126E+000   7.350378E-001   1.715088E+000   1.715088E+000   1.266296E-010
    3201      11     0.780000     0.800000   1.063069E+000   3.241398E-001   1.055609E+000   3.166826E-001   7.389296E-001   7.389261E-001   3.477627E-006
    3201      12     0.800000     0.870000   5.878988E+000   1.787489E+000   5.844998E+000   1.753499E+000   4.091499E+000   4.091499E+000   5.634743E-007
    3201      13     0.870000     0.880000   8.736691E-001   2.649442E-001   8.695960E-001   2.608788E-001   6.087249E-001   6.087172E-001   7.720810E-006
    3201      14     0.880000     1.030000   2.249240E+001   6.799491E+000   2.241845E+001   6.725534E+000   1.569291E+001   1.569291E+001   2.975230E-007
    3201      15     1.030000     1.080000   9.248799E+000   2.788381E+000   9.227950E+000   2.768385E+000   6.460418E+000   6.459565E+000   8.522582E-004
    3201      16     1.080000     1.140000   1.173685E+001   3.535822E+000   1.171566E+001   3.514699E+000   8.201028E+000   8.200963E+000   6.445417E-005
    3201      17     1.140000     1.200000   1.143670E+001   3.442659E+000   1.142004E+001   3.426012E+000   7.994037E+000   7.994027E+000   1.051014E-005
    3201      18     1.200000     1.240000   8.097833E+000   2.419662E+000   8.068676E+000   2.420603E+000   5.678171E+000   5.648073E+000   3.009729E-002
    3201      19     1.240000     1.280000   7.733813E+000   2.325872E+000   7.725353E+000   2.317606E+000   5.407941E+000   5.407747E+000   1.940337E-004
    3201      20     1.280000     1.340000   1.109154E+001   3.331762E+000   1.107802E+001   3.323405E+000   7.759781E+000   7.754612E+000   5.168810E-003
    3201      21     1.340000     1.420000   1.012492E+001   3.042434E+000   1.011687E+001   3.035060E+000   7.082487E+000   7.081808E+000   6.794862E-004
    3201      22     1.420000     1.460000   4.444646E+000   1.228500E+000   4.295309E+000   1.288593E+000   3.216146E+000   3.006716E+000   2.094293E-001
    3201      23     1.460000     1.490000   3.316959E+000   9.942023E-001   3.312581E+000   9.937742E-001   2.322757E+000   2.318807E+000   3.950134E-003
    3201      24     1.490000     1.520000   3.416012E+000   1.025613E+000   3.413699E+000   1.024110E+000   2.390398E+000   2.389589E+000   8.091200E-004
    3201      25     1.520000     1.680000   2.089115E+001   6.135130E+000   2.069839E+001   6.209516E+000   1.475602E+001   1.448887E+001   2.671484E-001
    3201      26     1.680000     1.740000   7.400301E+000   2.221612E+000   7.397803E+000   2.219341E+000   5.178690E+000   5.178462E+000   2.277358E-004
    3201      27     1.740000     1.820000   6.859941E+000   2.059203E+000   6.857981E+000   2.057394E+000   4.800738E+000   4.800587E+000   1.512497E-004
    3201      28     1.820000     1.940000   7.844991E+000   2.347607E+000   7.835326E+000   2.350598E+000   5.497384E+000   5.484728E+000   1.265627E-002
    3201      29     1.940000     2.200000   1.524385E+001   3.541561E+000   1.320208E+001   3.960623E+000   1.170229E+001   9.241454E+000   2.460835E+000
    3201      30     2.200000     2.300000   5.897529E+000   1.769628E+000   5.896828E+000   1.769048E+000   4.127900E+000   4.127780E+000   1.206974E-004
    3201      31     2.300000     2.450000   6.412228E+000   1.924052E+000   6.411671E+000   1.923501E+000   4.488176E+000   4.488170E+000   6.430039E-006
    3201      32     2.450000     2.550000   2.808749E+000   8.423929E-001   2.808143E+000   8.424430E-001   1.966356E+000   1.965700E+000   6.559751E-004
    3201      33     2.550000     2.650000   2.466453E+000   7.350253E-001   2.460708E+000   7.382125E-001   1.731428E+000   1.722496E+000   8.932094E-003
    3201      34     2.650000     2.900000   5.107089E+000   3.605960E-001   1.666489E+000   4.999466E-001   4.746493E+000   1.166542E+000   3.579951E+000
    3201      35     2.900000     3.200000   4.829501E+000   1.440210E+000   4.819425E+000   1.445828E+000   3.389291E+000   3.373598E+000   1.569357E-002
    3201      36     3.200000     3.500000   4.479548E+000   1.343908E+000   4.479424E+000   1.343827E+000   3.135639E+000   3.135597E+000   4.256768E-005
    3201      37     3.500000     3.900000   5.317470E+000   1.592392E+000   5.314144E+000   1.594243E+000   3.725078E+000   3.719901E+000   5.177596E-003
    3201      38     3.900000     5.500000   8.889375E+000   1.769537E+000   6.379656E+000   1.913897E+000   7.119838E+000   4.465759E+000   2.654079E+000
    3201      39     5.500000     6.500000   2.171822E+000   6.515460E-001   2.171813E+000   6.515438E-001   1.520276E+000   1.520269E+000   6.841519E-006
    3201      40     6.500000     7.000000   6.459457E-001   1.937834E-001   6.459439E-001   1.937832E-001   4.521623E-001   4.521607E-001   1.582270E-006
    3201      41     7.000000     9.000000   1.525571E+000   4.557248E-001   1.523396E+000   4.570187E-001   1.069846E+000   1.066377E+000   3.469240E-003
    3201      42     9.000000    20.000000   1.633159E+000   3.741460E-001   1.314655E+000   3.943964E-001   1.259013E+000   9.202584E-001   3.387545E-001
    3301       1     0.200000     0.300000   5.582456E-006   2.938599E-006   3.776939E-006   1.133082E-006   2.643857E-006   2.643857E-006  -4.911299E-015
    3301       2     0.300000     0.345000   2.557270E-003   1.160959E-003   1.994730E-003   5.984189E-004   1.396311E-003   1.396311E-003   9.565853E-013
    3301       3     0.345000     0.385000   2.512764E-003   1.006153E-003   2.152302E-003   6.456906E-004   1.506611E-003   1.506611E-003  -5.730525E-013
    3301       4     0.385000     0.420000   1.293223E-002   4.781073E-003   1.164451E-002   3.493352E-003   8.151155E-003   8.151155E-003   1.496931E-012
    3301       5     0.420000     0.450000   2.349464E-002   8.255229E-003   2.177059E-002   6.531176E-003   1.523941E-002   1.523941E-002  -4.469321E-012
    3301       6     0.450000     0.500000   1.310848E-001   4.421893E-002   1.240940E-001   3.722821E-002   8.686582E-002   8.686582E-002   1.783079E-011
    3301       7     0.500000     0.550000   1.748537E-001   5.680007E-002   1.686481E-001   5.059442E-002   1.180536E-001   1.180536E-001  -1.500337E-011
    3301       8     0.550000     0.610000   2.295775E-001   7.279690E-002   2.239723E-001   6.719170E-002   1.567806E-001   1.567806E-001   4.550138E-011
    3301       9     0.610000     0.690000   5.693172E-001   1.769141E-001   5.605758E-001   1.681727E-001   3.924031E-001   3.924031E-001  -1.260054E-010
    3301      10     0.690000     0.780000   2.472789E+000   7.577010E-001   2.450126E+000   7.350378E-001   1.715088E+000   1.715088E+000   1.166862E-010
    3301      11     0.780000     0.800000   1.063069E+000   3.241398E-001   1.055609E+000   3.166826E-001   7.389296E-001   7.389261E-001   3.477464E-006
    3301      12     0.800000     0.870000   5.878988E+000   1.787489E+000   5.844998E+000   1.753499E+000   4.091499E+000   4.091499E+000   5.638655E-007
    3301      13     0.870000     0.880000   8.736691E-001   2.649442E-001   8.695960E-001   2.608788E-001   6.087249E-001   6.087172E-001   7.714264E-006
    3301      14     0.880000     1.030000   2.249240E+001   6.799491E+000   2.241845E+001   6.725534E+000   1.569291E+001   1.569291E+001   2.969108E-007
    3301      15     1.030000     1.080000   9.248799E+000   2.788381E+000   9.227950E+000   2.768385E+000   6.460417E+000   6.459565E+000   8.522132E-004
    3301      16     1.080000     1.140000   1.173685E+001   3.535822E+000   1.171566E+001   3.514699E+000   8.201028E+000   8.200963E+000   6.444057E-005
    3301      17     1.140000     1.200000   1.143670E+001   3.442659E+000   1.142004E+001   3.426012E+000   7.994037E+000   7.994027E+000   1.050632E-005
    3301      18     1.200000     1.240000   8.097833E+000   2.419663E+000   8.068677E+000   2.420603E+000   5.678170E+000   5.648074E+000   3.009618E-002
    3301      19     1.240000     1.280000   7.733813E+000   2.325872E+000   7.725354E+000   2.317606E+000   5.407941E+000   5.407748E+000   1.936505E-004
    3301      20     1.280000     1.340000   1.109154E+001   3.331762E+000   1.107802E+001   3.323405E+000   7.759781E+000   7.754612E+000   5.169028E-003
    3301      21     1.340000     1.420000   1.012492E+001   3.042434E+000   1.011687E+001   3.035060E+000   7.082487E+000   7.081808E+000   6.789637E-004
    3301      22     1.420000     1.460000   4.444646E+000   1.228520E+000   4.295328E+000   1.288599E+000   3.216126E+000   3.006730E+000   2.093959E-001
    3301      23     1.460000     1.490000   3.316959E+000   9.942027E-001   3.312581E+000   9.937744E-001   2.322756E+000   2.318807E+000   3.949319E-003
    3301      24     1.490000     1.520000   3.416012E+000   1.025614E+000   3.413699E+000   1.024110E+000   2.390398E+000   2.389589E+000   8.082803E-004
    3301      25     1.520000     1.680000   2.089115E+001   6.135158E+000   2.069841E+001   6.209523E+000   1.475599E+001   1.448889E+001   2.671037E-001
    3301      26     1.680000     1.740000   7.400301E+000   2.221612E+000   7.397803E+000   2.219341E+000   5.178689E+000   5.178462E+000   2.272695E-004
    3301      27     1.740000     1.820000   6.859941E+000   2.059205E+000   6.857983E+000   2.057395E+000   4.800736E+000   4.800588E+000   1.483180E-004
    3301      28     1.820000     1.940000   7.844991E+000   2.347629E+000   7.835350E+000   2.350605E+000   5.497362E+000   5.484745E+000   1.261701E-002
    3301      29     1.940000     2.200000   1.524385E+001   3.542627E+000   1.320360E+001   3.961080E+000   1.170122E+001   9.242521E+000   2.458703E+000
    3301      30     2.200000     2.300000   5.897529E+000   1.769628E+000   5.896828E+000   1.769049E+000   4.127900E+000   4.127780E+000   1.203954E-004
    3301      31     2.300000     2.450000   6.412228E+000   1.924052E+000   6.411671E+000   1.923501E+000   4.488176E+000   4.488170E+000   6.415752E-006
    3301      32     2.450000     2.550000   2.808749E+000   8.423969E-001   2.808148E+000   8.424444E-001   1.966352E+000   1.965704E+000   6.488308E-004
    3301      33     2.550000     2.650000   2.466453E+000   7.350614E-001   2.460749E+000   7.382247E-001   1.731392E+000   1.722524E+000   8.867541E-003
    3301      34     2.650000     2.900000   5.107089E+000   3.613546E-001   1.669584E+000   5.008753E-001   4.745735E+000   1.168709E+000   3.577026E+000
    3301      35     2.900000     3.200000   4.829501E+000   1.440240E+000   4.819460E+000   1.445838E+000   3.389261E+000   3.373622E+000   1.563935E-002
    3301      36     3.200000     3.500000   4.479548E+000   1.343909E+000   4.479424E+000   1.343827E+000   3.135639E+000   3.135597E+000   4.217292E-005
    3301      37     3.500000     3.900000   5.317470E+000   1.592391E+000   5.314143E+000   1.594243E+000   3.725079E+000   3.719900E+000   5.178764E-003
    3301      38     3.900000     5.500000   8.889375E+000   1.769973E+000   6.380530E+000   1.914159E+000   7.119402E+000   4.466371E+000   2.653031E+000
    3301      39     5.500000     6.500000   2.171822E+000   6.515460E-001   2.171813E+000   6.515438E-001   1.520276E+000   1.520269E+000   6.775134E-006
    3301      40     6.500000     7.000000   6.459457E-001   1.937834E-001   6.459439E-001   1.937832E-001   4.521623E-001   4.521607E-001   1.569819E-006
    3301      41     7.000000     9.000000   1.525571E+000   4.557249E-001   1.523396E+000   4.570187E-001   1.069846E+000   1.066377E+000   3.469079E-003
    3301      42     9.000000    20.000000   1.633159E+000   3.745313E-001   1.315441E+000   3.946322E-001   1.258628E+000   9.208085E-001   3.378191E-001
    3401       1     0.200000     0.300000   5.582456E-006   2.938599E-006   3.776939E-006   1.133082E-006   2.643857E-006   2.643857E-006  -4.911299E-015
    3401       2     0.300000     0.345000   2.557270E-003   1.160959E-003   1.994730E-003   5.984189E-004   1.396311E-003   1.396311E-003   9.565853E-013
    3401       3     0.345000     0.385000   2.512764E-003   1.006153E-003   2.152302E-003   6.456906E-004   1.506611E-003   1.506611E-003  -5.730525E-013
    3401       4     0.385000     0.420000   1.293223E-002   4.781073E-003   1.164451E-002   3.493352E-003   8.151155E-003   8.151155E-003   2.239641E-012
    3401       5     0.420000     0.450000   2.349464E-002   8.255229E-003   2.177059E-002   6.531176E-003   1.523941E-002   1.523941E-002  -4.102860E-012
    3401       6     0.450000     0.500000   1.310848E-001   4.421893E-002   1.240940E-001   3.722821E-002   8.686582E-002   8.686582E-002   3.702336E-011
    3401       7     0.500000     0.550000   1.748537E-001   5.680007E-002   1.686481E-001   5.059442E-002   1.180536E-001   1.180536E-001   3.348558E-012
    3401       8     0.550000     0.610000   2.295775E-001   7.279690E-002   2.239723E-001   6.719170E-002   1.567806E-001   1.567806E-001   8.342932E-011
    3401       9     0.610000     0.690000   5.693172E-001   1.769141E-001   5.605758E-001   1.681727E-001   3.924031E-001   3.924031E-001  -2.054301E-012
    3401      10     0.690000     0.780000   2.472789E+000   7.577010E-001   2.450126E+000   7.350378E-001   1.715088E+000   1.715088E+000   4.434892E-010
    3401      11     0.780000     0.800000   1.063069E+000   3.241398E-001   1.055609E+000   3.166826E-001   7.389296E-001   7.389261E-001   3.477309E-006
    3401      12     0.800000     0.870000   5.878988E+000   1.787489E+000   5.844998E+000   1.753499E+000   4.091499E+000   4.091499E+000   5.642502E-007
    3401      13     0.870000     0.880000   8.736691E-001   2.649442E-001   8.695960E-001   2.608788E-001   6.087249E-001   6.087172E-001   7.707852E-006
    3401      14     0.880000     1.030000   2.249240E+001   6.799491E+000   2.241845E+001   6.725534E+000   1.569291E+001   1.569291E+001   2.963192E-007
    3401      15     1.030000     1.080000   9.248799E+000   2.788381E+000   9.227950E+000   2.768385E+000   6.460417E+000   6.459565E+000   8.521694E-004
    3401      16     1.080000     1.140000   1.173685E+001   3.535822E+000   1.171566E+001   3.514699E+000   8.201028E+000   8.200963E+000   6.442751E-005
    3401      17     1.140000     1.200000   1.143670E+001   3.442659E+000   1.142004E+001   3.426012E+000   7.994037E+000   7.994027E+000   1.050282E-005
    3401      18     1.200000     1.240000   8.097833E+000   2.419663E+000   8.068677E+000   2.420603E+000   5.678169E+000   5.648074E+000   3.009514E-002
    3401      19     1.240000     1.280000   7.733813E+000   2.325872E+000   7.725354E+000   2.317606E+000   5.407941E+000   5.407748E+000   1.932796E-004
    3401      20     1.280000     1.340000   1.109154E+001   3.331762E+000   1.107802E+001   3.323405E+000   7.759781E+000   7.754612E+000   5.169239E-003
    3401      21     1.340000     1.420000   1.012492E+001   3.042434E+000   1.011687E+001   3.035061E+000   7.082486E+000   7.081808E+000   6.784566E-004
    3401      22     1.420000     1.460000   4.444646E+000   1.228539E+000   4.295347E+000   1.288604E+000   3.216107E+000   3.006743E+000   2.093640E-001
    3401      23     1.460000     1.490000   3.316959E+000   9.942032E-001   3.312582E+000   9.937745E-001   2.322756E+000   2.318807E+000   3.948538E-003
    3401      24     1.490000     1.520000   3.416012E+000   1.025614E+000   3.413700E+000   1.024110E+000   2.390397E+000   2.389590E+000   8.074671E-004
    3401      25     1.520000     1.680000   2.089115E+001   6.135185E+000   2.069843E+001   6.209530E+000   1.475596E+001   1.448890E+001   2.670607E-001
    3401      26     1.680000     1.740000   7.400301E+000   2.221612E+000   7.397803E+000   2.219341E+000   5.178689E+000   5.178462E+000   2.268191E-004
    3401      27     1.740000     1.820000   6.859941E+000   2.059207E+000   6.857985E+000   2.057395E+000   4.800735E+000   4.800589E+000   1.454974E-004
    3401      28     1.820000     1.940000   7.844991E+000   2.347650E+000   7.835374E+000   2.350612E+000   5.497341E+000   5.484762E+000   1.257923E-002
    3401      29     1.940000     2.200000   1.524385E+001   3.543670E+000   1.320509E+001   3.961526E+000   1.170018E+001   9.243561E+000   2.456619E+000
    3401      30     2.200000     2.300000   5.897529E+000   1.769629E+000   5.896829E+000   1.769049E+000   4.127900E+000   4.127780E+000   1.201020E-004
    3401      31     2.300000     2.450000   6.412228E+000   1.924052E+000   6.411671E+000   1.923501E+000   4.488176E+000   4.488170E+000   6.401906E-006
    3401      32     2.450000     2.550000   2.808749E+000   8.424008E-001   2.808152E+000   8.424457E-001   1.966348E+000   1.965707E+000   6.419206E-004
    3401      33     2.550000     2.650000   2.466453E+000   7.350960E-001   2.460788E+000   7.382364E-001   1.731357E+000   1.722552E+000   8.805680E-003
    3401      34     2.650000     2.900000   5.107089E+000   3.620988E-001   1.672607E+000   5.017822E-001   4.744990E+000   1.170825E+000   3.574165E+000
    3401      35     2.900000     3.200000   4.829501E+000   1.440269E+000   4.819493E+000   1.445848E+000   3.389232E+000   3.373645E+000   1.558661E-002
    3401      36     3.200000     3.500000   4.479548E+000   1.343909E+000   4.479425E+000   1.343827E+000   3.135639E+000   3.135597E+000   4.179190E-005
    3401      37     3.500000     3.900000   5.317470E+000   1.592391E+000   5.314143E+000   1.594243E+000   3.725080E+000   3.719900E+000   5.179924E-003
    3401      38     3.900000     5.500000   8.889375E+000   1.770397E+000   6.381381E+000   1.914414E+000   7.118978E+000   4.466967E+000   2.652011E+000
    3401      39     5.500000     6.500000   2.171822E+000   6.515460E-001   2.171813E+000   6.515438E-001   1.520276E+000   1.520269E+000   6.711356E-006
    3401      40     6.500000     7.000000   6.459457E-001   1.937834E-001   6.459439E-001   1.937832E-001   4.521623E-001   4.521607E-001   1.557845E-006
    3401      41     7.000000     9.000000   1.525571E+000   4.557250E-001   1.523396E+000   4.570188E-001   1.069846E+000   1.066377E+000   3.468920E-003
    3401      42     9.000000    20.000000   1.633159E+000   3.749070E-001   1.316208E+000   3.948623E-001   1.258252E+000   9.213453E-001   3.369066E-001
    3501       1     0.200000     0.300000   5.582456E-006   2.938599E-006   3.776939E-006   1.133082E-006   2.643857E-006   2.643857E-006  -4.911299E-015
    3501       2     0.300000     0.345000   2.557270E-003   1.160959E-003   1.994730E-003   5.984189E-004   1.396311E-003   1.396311E-003   9.565853E-013
    3501       3     0.345000     0.385000   2.512764E-003   1.006153E-003   2.152302E-003   6.456906E-004   1.506611E-003   1.506611E-003  -5.730525E-013
    3501       4     0.385000     0.420000   1.293223E-002   4.781073E-003   1.164451E-002   3.493352E-003   8.151155E-003   8.151155E-003   2.622437E-012
    3501       5     0.420000     0.450000   2.349464E-002   8.255229E-003   2.177059E-002   6.531176E-003   1.523941E-002   1.523941E-002  -1.227645E-012
    3501       6     0.450000     0.500000   1.310848E-001   4.421893E-002   1.240940E-001   3.722821E-002   8.686582E-002   8.686582E-002   2.855947E-011
    3501       7     0.500000     0.550000   1.748537E-001   5.680007E-002   1.686481E-001   5.059442E-002   1.180536E-001   1.180536E-001  -6.174894E-012
    3501       8     0.550000     0.610000   2.295775E-001   7.279690E-002   2.239723E-001   6.719170E-002   1.567806E-001   1.567806E-001   6.859341E-011
    3501       9     0.610000     0.690000   5.693172E-001   1.769141E-001   5.605758E-001   1.681727E-001   3.924031E-001   3.924031E-001  -9.645046E-011
    3501      10     0.690000     0.780000   2.472789E+000   7.577010E-001   2.450126E+000   7.350378E-001   1.715088E+000   1.715088E+000   2.438134E-010
    3501      11     0.780000     0.800000   1.063069E+000   3.241398E-001   1.055609E+000   3.166826E-001   7.389296E-001   7.389261E-001   3.477156E-006
    3501      12     0.800000     0.870000   5.878988E+000   1.787489E+000   5.844998E+000   1.753499E+000   4.091499E+000   4.091499E+000   5.646275E-007
    3501      13     0.870000     0.880000   8.736691E-001   2.649442E-001   8.695960E-001   2.608788E-001   6.087249E-001   6.087172E-001   7.701585E-006
    3501      14     0.880000     1.030000   2.249240E+001   6.799491E+000   2.241845E+001   6.725534E+000   1.569291E+001   1.569291E+001   2.957509E-007
    3501      15     1.030000     1.080000   9.248799E+000   2.788381E+000   9.227950E+000   2.768385E+000   6.460417E+000   6.459565E+000   8.521271E-004
    3501      16     1.080000     1.140000   1.173685E+001   3.535822E+000   1.171566E+001   3.514699E+000   8.201028E+000   8.200963E+000   6.441494E-005
    3501      17     1.140000     1.200000   1.143670E+001   3.442659E+000   1.142004E+001   3.426012E+000   7.994037E+000   7.994027E+000   1.049953E-005
    3501      18     1.200000     1.240000   8.097833E+000   2.419664E+000   8.068678E+000   2.420603E+000   5.678169E+000   5.648075E+000   3.009414E-002
    3501      19     1.240000     1.280000   7.733813E+000   2.325873E+000   7.725354E+000   2.317606E+000   5.407941E+000   5.407748E+000   1.929196E-004
    3501      20     1.280000     1.340000   1.109154E+001   3.331761E+000   1.107802E+001   3.323405E+000   7.759781E+000   7.754612E+000   5.169446E-003
    3501      21     1.340000     1.420000   1.012492E+001   3.042435E+000   1.011687E+001   3.035061E+000   7.082486E+000   7.081808E+000   6.779625E-004
    3501      22     1.420000     1.460000   4.444646E+000   1.228558E+000   4.295364E+000   1.288609E+000   3.216088E+000   3.006755E+000   2.093331E-001
    3501      23     1.460000     1.490000   3.316959E+000   9.942036E-001   3.312582E+000   9.937747E-001   2.322755E+000   2.318808E+000   3.947786E-003
    3501      24     1.490000     1.520000   3.416012E+000   1.025615E+000   3.413700E+000   1.024110E+000   2.390397E+000   2.389590E+000   8.066777E-004
    3501      25     1.520000     1.680000   2.089115E+001   6.135211E+000   2.069845E+001   6.209536E+000   1.475594E+001   1.448892E+001   2.670191E-001
    3501      26     1.680000     1.740000   7.400301E+000   2.221612E+000   7.397804E+000   2.219341E+000   5.178689E+000   5.178462E+000   2.263828E-004
    3501      27     1.740000     1.820000   6.859941E+000   2.059208E+000   6.857986E+000   2.057396E+000   4.800733E+000   4.800590E+000   1.427727E-004
    3501      28     1.820000     1.940000   7.844991E+000   2.347671E+000   7.835397E+000   2.350619E+000   5.497320E+000   5.484778E+000   1.254271E-002
    3501      29     1.940000     2.200000   1.524385E+001   3.544692E+000   1.320654E+001   3.961962E+000   1.169916E+001   9.244579E+000   2.454579E+000
    3501      30     2.200000     2.300000   5.897529E+000   1.769629E+000   5.896829E+000   1.769049E+000   4.127900E+000   4.127780E+000   1.198163E-004
    3501      31     2.300000     2.450000   6.412228E+000   1.924052E+000   6.411671E+000   1.923501E+000   4.488176E+000   4.488170E+000   6.388446E-006
    3501      32     2.450000     2.550000   2.808749E+000   8.424045E-001   2.808156E+000   8.424469E-001   1.966345E+000   1.965710E+000   6.352081E-004
    3501      33     2.550000     2.650000   2.466453E+000   7.351293E-001   2.460826E+000   7.382477E-001   1.731324E+000   1.722578E+000   8.746047E-003
    3501      34     2.650000     2.900000   5.107089E+000   3.628300E-001   1.675563E+000   5.026689E-001   4.744259E+000   1.172894E+000   3.571365E+000
    3501      35     2.900000     3.200000   4.829501E+000   1.440298E+000   4.819526E+000   1.445858E+000   3.389203E+000   3.373668E+000   1.553522E-002
    3501      36     3.200000     3.500000   4.479548E+000   1.343909E+000   4.479425E+000   1.343827E+000   3.135639E+000   3.135597E+000   4.142269E-005
    3501      37     3.500000     3.900000   5.317470E+000   1.592390E+000   5.314142E+000   1.594243E+000   3.725080E+000   3.719899E+000   5.181074E-003
    3501      38     3.900000     5.500000   8.889375E+000   1.770811E+000   6.382211E+000   1.914663E+000   7.118564E+000   4.467548E+000   2.651017E+000
    3501      39     5.500000     6.500000   2.171822E+000   6.515461E-001   2.171813E+000   6.515438E-001   1.520276E+000   1.520269E+000   6.649912E-006
    3501      40     6.500000     7.000000   6.459457E-001   1.937834E-001   6.459439E-001   1.937832E-001   4.521623E-001   4.521607E-001   1.546309E-006
    3501      41     7.000000     9.000000   1.525571E+000   4.557251E-001   1.523396E+000   4.570188E-001   1.069846E+000   1.066377E+000   3.468763E-003
    3501      42     9.000000    20.000000   1.633159E+000   3.752740E-001   1.316957E+000   3.950871E-001   1.257885E+000   9.218700E-001   3.360150E-001
    3601       1     0.200000     0.300000   5.582456E-006   2.938599E-006   3.776939E-006   1.133082E-006   2.643857E-006   2.643857E-006  -4.911299E-015
    3601       2     0.300000     0.345000   2.557270E-003   1.160959E-003   1.994730E-003   5.984189E-004   1.396311E-003   1.396311E-003   9.565853E-013
    3601       3     0.345000     0.385000   2.512764E-003   1.006153E-003   2.152302E-003   6.456906E-004   1.506611E-003   1.506611E-003  -5.730525E-013
    3601       4     0.385000     0.420000   1.293223E-002   4.781073E-003   1.164451E-002   3.493352E-003   8.151155E-003   8.151155E-003   4.059603E-012
    3601       5     0.420000     0.450000   2.349464E-002   8.255229E-003   2.177059E-002   6.531176E-003   1.523941E-002   1.523941E-002   6.064909E-012
    3601       6     0.450000     0.500000   1.310848E-001   4.421893E-002   1.240940E-001   3.722821E-002   8.686582E-002   8.686582E-002   2.118684E-011
    3601       7     0.500000     0.550000   1.748537E-001   5.680007E-002   1.686481E-001   5.059442E-002   1.180536E-001   1.180536E-001   5.354606E-012
    3601       8     0.550000     0.610000   2.295775E-001   7.279690E-002   2.239723E-001   6.719170E-002   1.567806E-001   1.567806E-001   7.711520E-011
    3601       9     0.610000     0.690000   5.693172E-001   1.769141E-001   5.605758E-001   1.681727E-001   3.924031E-001   3.924031E-001  -7.498624E-011
    3601      10     0.690000     0.780000   2.472789E+000   7.577010E-001   2.450126E+000   7.350378E-001   1.715088E+000   1.715088E+000   2.486142E-010
    3601      11     0.780000     0.800000   1.063069E+000   3.241398E-001   1.055609E+000   3.166826E-001   7.389296E-001   7.389261E-001   3.476999E-006
    3601      12     0.800000     0.870000   5.878988E+000   1.787489E+000   5.844998E+000   1.753499E+000   4.091499E+000   4.091499E+000   5.649989E-007
    3601      13     0.870000     0.880000   8.736691E-001   2.649442E-001   8.695960E-001   2.608788E-001   6.087249E-001   6.087172E-001   7.695450E-006
    3601      14     0.880000     1.030000   2.249240E+001   6.799491E+000   2.241845E+001   6.725534E+000   1.569291E+001   1.569291E+001   2.952029E-007
    3601      15     1.030000     1.080000   9.248799E+000   2.788381E+000   9.227950E+000   2.768385E+000   6.460417E+000   6.459565E+000   8.520868E-004
    3601      16     1.080000     1.140000   1.173685E+001   3.535822E+000   1.171566E+001   3.514699E+000   8.201028E+000   8.200963E+000   6.440294E-005
    3601      17     1.140000     1.200000   1.143670E+001   3.442659E+000   1.142004E+001   3.426012E+000   7.994037E+000   7.994027E+000   1.049659E-005
    3601      18     1.200000     1.240000   8.097833E+000   2.419665E+000   8.068679E+000   2.420604E+000   5.678168E+000   5.648075E+000   3.009318E-002
    3601      19     1.240000     1.280000   7.733813E+000   2.325873E+000   7.725354E+000   2.317606E+000   5.407941E+000   5.407748E+000   1.925721E-004
    3601      20     1.280000     1.340000   1.109154E+001   3.331761E+000   1.107802E+001   3.323405E+000   7.759781E+000   7.754612E+000   5.169648E-003
    3601      21     1.340000     1.420000   1.012492E+001   3.042435E+000   1.011687E+001   3.035061E+000   7.082486E+000   7.081808E+000   6.774839E-004
    3601      22     1.420000     1.460000   4.444646E+000   1.228575E+000   4.295381E+000   1.288614E+000   3.216070E+000   3.006767E+000   2.093036E-001
    3601      23     1.460000     1.490000   3.316959E+000   9.942040E-001   3.312583E+000   9.937748E-001   2.322755E+000   2.318808E+000   3.947073E-003
    3601      24     1.490000     1.520000   3.416012E+000   1.025615E+000   3.413701E+000   1.024110E+000   2.390396E+000   2.389590E+000   8.059173E-004
    3601      25     1.520000     1.680000   2.089115E+001   6.135236E+000   2.069848E+001   6.209543E+000   1.475591E+001   1.448893E+001   2.669791E-001
    3601      26     1.680000     1.740000   7.400301E+000   2.221613E+000   7.397804E+000   2.219341E+000   5.178689E+000   5.178463E+000   2.259636E-004
    3601      27     1.740000     1.820000   6.859941E+000   2.059210E+000   6.857988E+000   2.057396E+000   4.800732E+000   4.800592E+000   1.401676E-004
    3601      28     1.820000     1.940000   7.844991E+000   2.347690E+000   7.835419E+000   2.350626E+000   5.497301E+000   5.484793E+000   1.250775E-002
    3601      29     1.940000     2.200000   1.524385E+001   3.545692E+000   1.320796E+001   3.962387E+000   1.169816E+001   9.245571E+000   2.452587E+000
    3601      30     2.200000     2.300000   5.897529E+000   1.769629E+000   5.896829E+000   1.769049E+000   4.127900E+000   4.127780E+000   1.195393E-004
    3601      31     2.300000     2.450000   6.412228E+000   1.924052E+000   6.411671E+000   1.923501E+000   4.488176E+000   4.488170E+000   6.375434E-006
    3601      32     2.450000     2.550000   2.808749E+000   8.424082E-001   2.808160E+000   8.424481E-001   1.966341E+000   1.965712E+000   6.287292E-004
    3601      33     2.550000     2.650000   2.466453E+000   7.351610E-001   2.460861E+000   7.382584E-001   1.731292E+000   1.722603E+000   8.689305E-003
    3601      34     2.650000     2.900000   5.107089E+000   3.635442E-001   1.678438E+000   5.035314E-001   4.743545E+000   1.174907E+000   3.568638E+000
    3601      35     2.900000     3.200000   4.829501E+000   1.440325E+000   4.819558E+000   1.445867E+000   3.389176E+000   3.373690E+000   1.548534E-002
    3601      36     3.200000     3.500000   4.479548E+000   1.343909E+000   4.479425E+000   1.343828E+000   3.135639E+000   3.135598E+000   4.106788E-005
    3601      37     3.500000     3.900000   5.317470E+000   1.592389E+000   5.314141E+000   1.594242E+000   3.725081E+000   3.719899E+000   5.182220E-003
    3601      38     3.900000     5.500000   8.889375E+000   1.771213E+000   6.383015E+000   1.914905E+000   7.118162E+000   4.468111E+000   2.650052E+000
    3601      39     5.500000     6.500000   2.171822E+000   6.515461E-001   2.171813E+000   6.515438E-001   1.520275E+000   1.520269E+000   6.591452E-006
    3601      40     6.500000     7.000000   6.459457E-001   1.937835E-001   6.459439E-001   1.937832E-001   4.521623E-001   4.521607E-001   1.535289E-006
    3601      41     7.000000     9.000000   1.525571E+000   4.557252E-001   1.523396E+000   4.570188E-001   1.069846E+000   1.066377E+000   3.468609E-003
    3601      42     9.000000    20.000000   1.633159E+000   3.756293E-001   1.317684E+000   3.953053E-001   1.257530E+000   9.223790E-001   3.351507E-001
    3701       1     0.200000     0.300000   5.582456E-006   2.938599E-006   3.776939E-006   1.133082E-006   2.643857E-006   2.643857E-006  -4.911299E-015
    3701       2     0.300000     0.345000   2.557270E-003   1.160959E-003   1.994730E-003   5.984189E-004   1.396311E-003   1.396311E-003   9.565853E-013
    3701       3     0.345000     0.385000   2.512764E-003   1.006153E-003   2.152302E-003   6.456906E-004   1.506611E-003   1.506611E-003  -5.730525E-013
    3701       4     0.385000     0.420000   1.293223E-002   4.781073E-003   1.164451E-002   3.493352E-003   8.151155E-003   8.151155E-003   3.190972E-012
    3701       5     0.420000     0.450000   2.349464E-002   8.255229E-003   2.177059E-002   6.531176E-003   1.523941E-002   1.523941E-002   4.412304E-013
    3701       6     0.450000     0.500000   1.310848E-001   4.421893E-002   1.240940E-001   3.722821E-002   8.686582E-002   8.686582E-002   4.256107E-011
    3701       7     0.500000     0.550000   1.748537E-001   5.680007E-002   1.686481E-001   5.059442E-002   1.180536E-001   1.180536E-001  -9.729106E-012
    3701       8     0.550000     0.610000   2.295775E-001   7.279690E-002   2.239723E-001   6.719170E-002   1.567806E-001   1.567806E-001   6.359324E-011
    3701       9     0.610000     0.690000   5.693172E-001   1.769141E-001   5.605758E-001   1.681727E-001   3.924031E-001   3.924031E-001  -7.580198E-011
    3701      10     0.690000     0.780000   2.472789E+000   7.577010E-001   2.450126E+000   7.350378E-001   1.715088E+000   1.715088E+000   1.464782E-010
    3701      11     0.780000     0.800000   1.063069E+000   3.241398E-001   1.055609E+000   3.166826E-001   7.389296E-001   7.389261E-001   3.476846E-006
    3701      12     0.800000     0.870000   5.878988E+000   1.787489E+000   5.844998E+000   1.753499E+000   4.091499E+000   4.091499E+000   5.653643E-007
    3701      13     0.870000     0.880000   8.736691E-001   2.649442E-001   8.695960E-001   2.608788E-001   6.087249E-001   6.087172E-001   7.689449E-006
    3701      14     0.880000     1.030000   2.249240E+001   6.799491E+000   2.241845E+001   6.725534E+000   1.569291E+001   1.569291E+001   2.946776E-007
    3701      15     1.030000     1.080000   9.248799E+000   2.788381E+000   9.227950E+000   2.768385E+000   6.460417E+000   6.459565E+000   8.520478E-004
    3701      16     1.080000     1.140000   1.173685E+001   3.535822E+000   1.171566E+001   3.514699E+000   8.201028E+000   8.200963E+000   6.439135E-005
    3701      17     1.140000     1.200000   1.143670E+001   3.442659E+000   1.142004E+001   3.426012E+000   7.994037E+000   7.994027E+000   1.049381E-005
    3701      18     1.200000     1.240000   8.097833E+000   2.419665E+000   8.068679E+000   2.420604E+000   5.678168E+000   5.648075E+000   3.009225E-002
    3701      19     1.240000     1.280000   7.733813E+000   2.325873E+000   7.725355E+000   2.317606E+000   5.407940E+000   5.407748E+000   1.922341E-004
    3701      20     1.280000     1.340000   1.109154E+001   3.331761E+000   1.107802E+001   3.323405E+000   7.759782E+000   7.754612E+000   5.169845E-003
    3701      21     1.340000     1.420000   1.012492E+001   3.042435E+000   1.011687E+001   3.035061E+000   7.082486E+000   7.081809E+000   6.770171E-004
    3701      22     1.420000     1.460000   4.444646E+000   1.228593E+000   4.295397E+000   1.288619E+000   3.216053E+000   3.006778E+000   2.092750E-001
    3701      23     1.460000     1.490000   3.316959E+000   9.942044E-001   3.312583E+000   9.937749E-001   2.322755E+000   2.318808E+000   3.946387E-003
    3701      24     1.490000     1.520000   3.416012E+000   1.025616E+000   3.413701E+000   1.024110E+000   2.390396E+000   2.389591E+000   8.051778E-004
    3701      25     1.520000     1.680000   2.089115E+001   6.135260E+000   2.069850E+001   6.209549E+000   1.475589E+001   1.448895E+001   2.669403E-001
    3701      26     1.680000     1.740000   7.400301E+000   2.221613E+000   7.397804E+000   2.219341E+000   5.178688E+000   5.178463E+000   2.255567E-004
    3701      27     1.740000     1.820000   6.859941E+000   2.059211E+000   6.857990E+000   2.057397E+000   4.800730E+000   4.800593E+000   1.376456E-004
    3701      28     1.820000     1.940000   7.844991E+000   2.347709E+000   7.835440E+000   2.350632E+000   5.497282E+000   5.484808E+000   1.247387E-002
    3701      29     1.940000     2.200000   1.524385E+001   3.546672E+000   1.320934E+001   3.962803E+000   1.169718E+001   9.246541E+000   2.450636E+000
    3701      30     2.200000     2.300000   5.897529E+000   1.769629E+000   5.896829E+000   1.769049E+000   4.127900E+000   4.127780E+000   1.192691E-004
    3701      31     2.300000     2.450000   6.412228E+000   1.924052E+000   6.411671E+000   1.923501E+000   4.488176E+000   4.488170E+000   6.362761E-006
    3701      32     2.450000     2.550000   2.808749E+000   8.424117E-001   2.808164E+000   8.424493E-001   1.966338E+000   1.965715E+000   6.224212E-004
    3701      33     2.550000     2.650000   2.466453E+000   7.351917E-001   2.460896E+000   7.382688E-001   1.731262E+000   1.722627E+000   8.634462E-003
    3701      34     2.650000     2.900000   5.107089E+000   3.642465E-001   1.681252E+000   5.043755E-001   4.742843E+000   1.176876E+000   3.565966E+000
    3701      35     2.900000     3.200000   4.829501E+000   1.440352E+000   4.819588E+000   1.445877E+000   3.389149E+000   3.373712E+000   1.543667E-002
    3701      36     3.200000     3.500000   4.479548E+000   1.343909E+000   4.479425E+000   1.343828E+000   3.135638E+000   3.135598E+000   4.072333E-005
    3701      37     3.500000     3.900000   5.317470E+000   1.592389E+000   5.314140E+000   1.594242E+000   3.725082E+000   3.719898E+000   5.183355E-003
    3701      38     3.900000     5.500000   8.889375E+000   1.771605E+000   6.383801E+000   1.915140E+000   7.117770E+000   4.468660E+000   2.649110E+000
    3701      39     5.500000     6.500000   2.171822E+000   6.515461E-001   2.171813E+000   6.515438E-001   1.520275E+000   1.520269E+000   6.535056E-006
    3701      40     6.500000     7.000000   6.459457E-001   1.937835E-001   6.459439E-001   1.937832E-001   4.521623E-001   4.521607E-001   1.524658E-006
    3701      41     7.000000     9.000000   1.525571E+000   4.557253E-001   1.523396E+000   4.570189E-001   1.069846E+000   1.066377E+000   3.468457E-003
    3701      42     9.000000    20.000000   1.633159E+000   3.759766E-001   1.318396E+000   3.955187E-001   1.257182E+000   9.228770E-001   3.343054E-001
    3801       1     0.200000     0.300000   5.582456E-006   2.938599E-006   3.776939E-006   1.133082E-006   2.643857E-006   2.643857E-006  -4.911299E-015
    3801       2     0.300000     0.345000   2.557270E-003   1.160959E-003   1.994730E-003   5.984189E-004   1.396311E-003   1.396311E-003   9.565853E-013
    3801       3     0.345000     0.385000   2.512764E-003   1.006153E-003   2.152302E-003   6.456906E-004   1.506611E-003   1.506611E-003  -5.730525E-013
    3801       4     0.385000     0.420000   1.293223E-002   4.781073E-003   1.164451E-002   3.493352E-003   8.151155E-003   8.151155E-003   3.736279E-012
    3801       5     0.420000     0.450000   2.349464E-002   8.255229E-003   2.177059E-002   6.531176E-003   1.523941E-002   1.523941E-002   7.204910E-012
    3801       6     0.450000     0.500000   1.310848E-001   4.421893E-002   1.240940E-001   3.722821E-002   8.686582E-002   8.686582E-002   2.539724E-011
    3801       7     0.500000     0.550000   1.748537E-001   5.680007E-002   1.686481E-001   5.059442E-002   1.180536E-001   1.180536E-001   1.445324E-011
    3801       8     0.550000     0.610000   2.295775E-001   7.279690E-002   2.239723E-001   6.719170E-002   1.567806E-001   1.567806E-001   5.259643E-011
    3801       9     0.610000     0.690000   5.693172E-001   1.769141E-001   5.605758E-001   1.681727E-001   3.924031E-001   3.924031E-001  -3.444939E-011
    3801      10     0.690000     0.780000   2.472789E+000   7.577010E-001   2.450126E+000   7.350378E-001   1.715088E+000   1.715088E+000   1.990847E-010
    3801      11     0.780000     0.800000   1.063069E+000   3.241398E-001   1.055609E+000   3.166826E-001   7.389296E-001   7.389261E-001   3.476699E-006
    3801      12     0.800000     0.870000   5.878988E+000   1.787489E+000   5.844998E+000   1.753499E+000   4.091499E+000   4.091499E+000   5.657224E-007
    3801      13     0.870000     0.880000   8.736691E-001   2.649442E-001   8.695960E-001   2.608788E-001   6.087249E-001   6.087172E-001   7.683581E-006
    3801      14     0.880000     1.030000   2.249240E+001   6.799491E+000   2.241845E+001   6.725534E+000   1.569291E+001   1.569291E+001   2.941684E-007
    3801      15     1.030000     1.080000   9.248799E+000   2.788381E+000   9.227951E+000   2.768385E+000   6.460417E+000   6.459565E+000   8.520104E-004
    3801      16     1.080000     1.140000   1.173685E+001   3.535822E+000   1.171566E+001   3.514699E+000   8.201028E+000   8.200963E+000   6.438019E-005
    3801      17     1.140000     1.200000   1.143670E+001   3.442659E+000   1.142004E+001   3.426012E+000   7.994037E+000   7.994027E+000   1.049127E-005
    3801      18     1.200000     1.240000   8.097833E+000   2.419666E+000   8.068680E+000   2.420604E+000   5.678167E+000   5.648076E+000   3.009136E-002
    3801      19     1.240000     1.280000   7.733813E+000   2.325873E+000   7.725355E+000   2.317606E+000   5.407940E+000   5.407748E+000   1.919063E-004
    3801      20     1.280000     1.340000   1.109154E+001   3.331761E+000   1.107802E+001   3.323405E+000   7.759782E+000   7.754612E+000   5.170038E-003
    3801      21     1.340000     1.420000   1.012492E+001   3.042436E+000   1.011687E+001   3.035061E+000   7.082485E+000   7.081809E+000   6.765635E-004
    3801      22     1.420000     1.460000   4.444646E+000   1.228609E+000   4.295413E+000   1.288624E+000   3.216037E+000   3.006789E+000   2.092475E-001
    3801      23     1.460000     1.490000   3.316959E+000   9.942047E-001   3.312583E+000   9.937750E-001   2.322754E+000   2.318808E+000   3.945728E-003
    3801      24     1.490000     1.520000   3.416012E+000   1.025616E+000   3.413702E+000   1.024110E+000   2.390396E+000   2.389591E+000   8.044617E-004
    3801      25     1.520000     1.680000   2.089115E+001   6.135284E+000   2.069852E+001   6.209555E+000   1.475586E+001   1.448896E+001   2.669029E-001
    3801      26     1.680000     1.740000   7.400301E+000   2.221613E+000   7.397804E+000   2.219341E+000   5.178688E+000   5.178463E+000   2.251631E-004
    3801      27     1.740000     1.820000   6.859941E+000   2.059212E+000   6.857991E+000   2.057397E+000   4.800729E+000   4.800594E+000   1.352163E-004
    3801      28     1.820000     1.940000   7.844991E+000   2.347728E+000   7.835460E+000   2.350638E+000   5.497263E+000   5.484822E+000   1.244121E-002
    3801      29     1.940000     2.200000   1.524385E+001   3.547633E+000   1.321070E+001   3.963210E+000   1.169622E+001   9.247489E+000   2.448728E+000
    3801      30     2.200000     2.300000   5.897529E+000   1.769629E+000   5.896829E+000   1.769049E+000   4.127899E+000   4.127780E+000   1.190062E-004
    3801      31     2.300000     2.450000   6.412228E+000   1.924052E+000   6.411671E+000   1.923501E+000   4.488176E+000   4.488170E+000   6.350458E-006
    3801      32     2.450000     2.550000   2.808749E+000   8.424152E-001   2.808168E+000   8.424505E-001   1.966334E+000   1.965718E+000   6.163053E-004
    3801      33     2.550000     2.650000   2.466453E+000   7.352211E-001   2.460929E+000   7.382787E-001   1.731232E+000   1.722650E+000   8.581842E-003
    3801      34     2.650000     2.900000   5.107089E+000   3.649352E-001   1.683998E+000   5.051995E-001   4.742154E+000   1.178799E+000   3.563355E+000
    3801      35     2.900000     3.200000   4.829501E+000   1.440379E+000   4.819619E+000   1.445886E+000   3.389122E+000   3.373733E+000   1.538926E-002
    3801      36     3.200000     3.500000   4.479548E+000   1.343910E+000   4.479426E+000   1.343828E+000   3.135638E+000   3.135598E+000   4.039015E-005
    3801      37     3.500000     3.900000   5.317470E+000   1.592388E+000   5.314140E+000   1.594242E+000   3.725082E+000   3.719898E+000   5.184482E-003
    3801      38     3.900000     5.500000   8.889375E+000   1.771986E+000   6.384565E+000   1.915369E+000   7.117389E+000   4.469195E+000   2.648193E+000
    3801      39     5.500000     6.500000   2.171822E+000   6.515462E-001   2.171813E+000   6.515438E-001   1.520275E+000   1.520269E+000   6.480907E-006
    3801      40     6.500000     7.000000   6.459457E-001   1.937835E-001   6.459439E-001   1.937832E-001   4.521623E-001   4.521608E-001   1.514440E-006
    3801      41     7.000000     9.000000   1.525571E+000   4.557254E-001   1.523396E+000   4.570189E-001   1.069846E+000   1.066377E+000   3.468306E-003
    3801      42     9.000000    20.000000   1.633159E+000   3.763148E-001   1.319090E+000   3.957269E-001   1.256844E+000   9.233627E-001   3.334814E-001
    3901       1     0.200000     0.300000   5.582456E-006   2.938599E-006   3.776939E-006   1.133082E-006   2.643857E-006   2.643857E-006  -4.911299E-015
    3901       2     0.300000     0.345000   2.557270E-003   1.160959E-003   1.994730E-003   5.984189E-004   1.396311E-003   1.396311E-003   9.565853E-013
    3901       3     0.345000     0.385000   2.512764E-003   1.006153E-003   2.152302E-003   6.456906E-004   1.506611E-003   1.506611E-003  -5.730525E-013
    3901       4     0.385000     0.420000   1.293223E-002   4.781073E-003   1.164451E-002   3.493352E-003   8.151155E-003   8.151155E-003   3.413358E-012
    3901       5     0.420000     0.450000   2.349464E-002   8.255229E-003   2.177059E-002   6.531176E-003   1.523941E-002   1.523941E-002   4.219014E-012
    3901       6     0.450000     0.500000   1.310848E-001   4.421893E-002   1.240940E-001   3.722821E-002   8.686582E-002   8.686582E-002   3.195263E-012
    3901       7     0.500000     0.550000   1.748537E-001   5.680007E-002   1.686481E-001   5.059442E-002   1.180536E-001   1.180536E-001   1.933934E-011
    3901       8     0.550000     0.610000   2.295775E-001   7.279690E-002   2.239723E-001   6.719170E-002   1.567806E-001   1.567806E-001   6.450862E-011
    3901       9     0.610000     0.690000   5.693172E-001   1.769141E-001   5.605758E-001   1.681727E-001   3.924031E-001   3.924031E-001  -1.546252E-011
    3901      10     0.690000     0.780000   2.472789E+000   7.577010E-001   2.450126E+000   7.350378E-001   1.715088E+000   1.715088E+000   1.817799E-010
    3901      11     0.780000     0.800000   1.063069E+000   3.241398E-001   1.055609E+000   3.166826E-001   7.389296E-001   7.389261E-001   3.476555E-006
    3901      12     0.800000     0.870000   5.878988E+000   1.787489E+000   5.844998E+000   1.753499E+000   4.091499E+000   4.091499E+000   5.660768E-007
    3901      13     0.870000     0.880000   8.736691E-001   2.649442E-001   8.695960E-001   2.608788E-001   6.087249E-001   6.087172E-001   7.677843E-006
    3901      14     0.880000     1.030000   2.249240E+001   6.799491E+000   2.241845E+001   6.725534E+000   1.569291E+001   1.569291E+001   2.936799E-007
    3901      15     1.030000     1.080000   9.248799E+000   2.788381E+000   9.227951E+000   2.768385E+000   6.460417E+000   6.459565E+000   8.519756E-004
    3901      16     1.080000     1.140000   1.173685E+001   3.535822E+000   1.171566E+001   3.514699E+000   8.201028E+000   8.200963E+000   6.436958E-005
    3901      17     1.140000     1.200000   1.143670E+001   3.442659E+000   1.142004E+001   3.426012E+000   7.994037E+000   7.994027E+000   1.048909E-005
    3901      18     1.200000     1.240000   8.097833E+000   2.419666E+000   8.068680E+000   2.420604E+000   5.678167E+000   5.648076E+000   3.009053E-002
    3901      19     1.240000     1.280000   7.733813E+000   2.325873E+000   7.725355E+000   2.317607E+000   5.407940E+000   5.407749E+000   1.915907E-004
    3901      20     1.280000     1.340000   1.109154E+001   3.331761E+000   1.107802E+001   3.323405E+000   7.759782E+000   7.754612E+000   5.170228E-003
    3901      21     1.340000     1.420000   1.012492E+001   3.042436E+000   1.011687E+001   3.035061E+000   7.082485E+000   7.081809E+000   6.761258E-004
    3901      22     1.420000     1.460000   4.444646E+000   1.228625E+000   4.295428E+000   1.288628E+000   3.216021E+000   3.006800E+000   2.092214E-001
    3901      23     1.460000     1.490000   3.316959E+000   9.942051E-001   3.312584E+000   9.937752E-001   2.322754E+000   2.318809E+000   3.945104E-003
    3901      24     1.490000     1.520000   3.416012E+000   1.025616E+000   3.413702E+000   1.024111E+000   2.390395E+000   2.389591E+000   8.037744E-004
    3901      25     1.520000     1.680000   2.089115E+001   6.135306E+000   2.069854E+001   6.209561E+000   1.475584E+001   1.448897E+001   2.668674E-001
    3901      26     1.680000     1.740000   7.400301E+000   2.221613E+000   7.397805E+000   2.219341E+000   5.178688E+000   5.178463E+000   2.247862E-004
    3901      27     1.740000     1.820000   6.859941E+000   2.059214E+000   6.857992E+000   2.057398E+000   4.800728E+000   4.800595E+000   1.329060E-004
    3901      28     1.820000     1.940000   7.844991E+000   2.347745E+000   7.835480E+000   2.350644E+000   5.497246E+000   5.484836E+000   1.241009E-002
    3901      29     1.940000     2.200000   1.524385E+001   3.548572E+000   1.321202E+001   3.963605E+000   1.169528E+001   9.248412E+000   2.446867E+000
    3901      30     2.200000     2.300000   5.897529E+000   1.769629E+000   5.896829E+000   1.769049E+000   4.127899E+000   4.127781E+000   1.187516E-004
    3901      31     2.300000     2.450000   6.412228E+000   1.924052E+000   6.411671E+000   1.923501E+000   4.488176E+000   4.488170E+000   6.338602E-006
    3901      32     2.450000     2.550000   2.808749E+000   8.424185E-001   2.808172E+000   8.424516E-001   1.966331E+000   1.965720E+000   6.104258E-004
    3901      33     2.550000     2.650000   2.466453E+000   7.352489E-001   2.460960E+000   7.382881E-001   1.731204E+000   1.722672E+000   8.532213E-003
    3901      34     2.650000     2.900000   5.107089E+000   3.656055E-001   1.686662E+000   5.059986E-001   4.741484E+000   1.180663E+000   3.560820E+000
    3901      35     2.900000     3.200000   4.829501E+000   1.440404E+000   4.819648E+000   1.445894E+000   3.389097E+000   3.373753E+000   1.534329E-002
    3901      36     3.200000     3.500000   4.479548E+000   1.343910E+000   4.479426E+000   1.343828E+000   3.135638E+000   3.135598E+000   4.007120E-005
    3901      37     3.500000     3.900000   5.317470E+000   1.592388E+000   5.314139E+000   1.594242E+000   3.725083E+000   3.719897E+000   5.185609E-003
    3901      38     3.900000     5.500000   8.889375E+000   1.772356E+000   6.385304E+000   1.915591E+000   7.117019E+000   4.469713E+000   2.647307E+000
    3901      39     5.500000     6.500000   2.171822E+000   6.515462E-001   2.171813E+000   6.515438E-001   1.520275E+000   1.520269E+000   6.429678E-006
    3901      40     6.500000     7.000000   6.459457E-001   1.937835E-001   6.459439E-001   1.937832E-001   4.521623E-001   4.521608E-001   1.504730E-006
    3901      41     7.000000     9.000000   1.525571E+000   4.557254E-001   1.523396E+000   4.570189E-001   1.069846E+000   1.066377E+000   3.468155E-003
    3901      42     9.000000    20.000000   1.633159E+000   3.766407E-001   1.319760E+000   3.959280E-001   1.256518E+000   9.238321E-001   3.326861E-001
    4001       1     0.200000     0.300000   5.582456E-006   2.938599E-006   3.776939E-006   1.133082E-006   2.643857E-006   2.643857E-006  -4.911299E-015
    4001       2     0.300000     0.345000   2.557270E-003   1.160959E-003   1.994730E-003   5.984189E-004   1.396311E-003   1.396311E-003   9.565853E-013
    4001       3     0.345000     0.385000   2.512764E-003   1.006153E-003   2.152302E-003   6.456906E-004   1.506611E-003   1.506611E-003  -5.730525E-013
    4001       4     0.385000     0.420000   1.293223E-002   4.781073E-003   1.164451E-002   3.493352E-003   8.151155E-003   8.151155E-003   4.230121E-012
    4001       5     0.420000     0.450000   2.349464E-002   8.255229E-003   2.177059E-002   6.531176E-003   1.523941E-002   1.523941E-002  -6.002455E-013
    4001       6     0.450000     0.500000   1.310848E-001   4.421893E-002   1.240940E-001   3.722821E-002   8.686582E-002   8.686582E-002  -8.750528E-012
    4001       7     0.500000     0.550000   1.748537E-001   5.680007E-002   1.686481E-001   5.059442E-002   1.180536E-001   1.180536E-001   9.980294E-012
    4001       8     0.550000     0.610000   2.295775E-001   7.279690E-002   2.239723E-001   6.719170E-002   1.567806E-001   1.567806E-001   5.714848E-011
    4001       9     0.610000     0.690000   5.693172E-001   1.769141E-001   5.605758E-001   1.681727E-001   3.924031E-001   3.924031E-001  -6.507500E-011
    4001      10     0.690000     0.780000   2.472789E+000   7.577010E-001   2.450126E+000   7.350378E-001   1.715088E+000   1.715088E+000   2.689731E-010
    4001      11     0.780000     0.800000   1.063069E+000   3.241398E-001   1.055609E+000   3.166826E-001   7.389296E-001   7.389261E-001   3.476412E-006
    4001      12     0.800000     0.870000   5.878988E+000   1.787489E+000   5.844998E+000   1.753499E+000   4.091499E+000   4.091499E+000   5.664249E-007
    4001      13     0.870000     0.880000   8.736691E-001   2.649442E-001   8.695960E-001   2.608788E-001   6.087249E-001   6.087172E-001   7.672236E-006
    4001      14     0.880000     1.030000   2.249240E+001   6.799491E+000   2.241845E+001   6.725534E+000   1.569291E+001   1.569291E+001   2.932125E-007
    4001      15     1.030000     1.080000   9.248799E+000   2.788381E+000   9.227951E+000   2.768385E+000   6.460417E+000   6.459565E+000   8.519417E-004
    4001      16     1.080000     1.140000   1.173685E+001   3.535822E+000   1.171566E+001   3.514699E+000   8.201028E+000   8.200963E+000   6.435935E-005
    4001      17     1.140000     1.200000   1.143670E+001   3.442659E+000   1.142004E+001   3.426012E+000   7.994037E+000   7.994027E+000   1.048707E-005
    4001      18     1.200000     1.240000   8.097833E+000   2.419667E+000   8.068681E+000   2.420604E+000   5.678166E+000   5.648076E+000   3.008972E-002
    4001      19     1.240000     1.280000   7.733813E+000   2.325873E+000   7.725355E+000   2.317607E+000   5.407940E+000   5.407749E+000   1.912837E-004
    4001      20     1.280000     1.340000   1.109154E+001   3.331761E+000   1.107802E+001   3.323405E+000   7.759782E+000   7.754611E+000   5.170413E-003
    4001      21     1.340000     1.420000   1.012492E+001   3.042436E+000   1.011687E+001   3.035061E+000   7.082485E+000   7.081809E+000   6.756994E-004
    4001      22     1.420000     1.460000   4.444646E+000   1.228640E+000   4.295442E+000   1.288633E+000   3.216006E+000   3.006810E+000   2.091961E-001
    4001      23     1.460000     1.490000   3.316959E+000   9.942054E-001   3.312584E+000   9.937753E-001   2.322753E+000   2.318809E+000   3.944503E-003
    4001      24     1.490000     1.520000   3.416012E+000   1.025617E+000   3.413702E+000   1.024111E+000   2.390395E+000   2.389592E+000   8.031061E-004
    4001      25     1.520000     1.680000   2.089115E+001   6.135328E+000   2.069855E+001   6.209566E+000   1.475582E+001   1.448899E+001   2.668328E-001
    4001      26     1.680000     1.740000   7.400301E+000   2.221614E+000   7.397805E+000   2.219341E+000   5.178688E+000   5.178463E+000   2.244205E-004
    4001      27     1.740000     1.820000   6.859941E+000   2.059215E+000   6.857994E+000   2.057398E+000   4.800726E+000   4.800596E+000   1.306723E-004
    4001      28     1.820000     1.940000   7.844991E+000   2.347762E+000   7.835499E+000   2.350650E+000   5.497229E+000   5.484849E+000   1.237996E-002
    4001      29     1.940000     2.200000   1.524385E+001   3.549492E+000   1.321331E+001   3.963992E+000   1.169436E+001   9.249314E+000   2.445044E+000
    4001      30     2.200000     2.300000   5.897529E+000   1.769629E+000   5.896830E+000   1.769049E+000   4.127899E+000   4.127781E+000   1.185033E-004
    4001      31     2.300000     2.450000   6.412228E+000   1.924052E+000   6.411671E+000   1.923501E+000   4.488176E+000   4.488170E+000   6.327057E-006
    4001      32     2.450000     2.550000   2.808749E+000   8.424217E-001   2.808176E+000   8.424527E-001   1.966328E+000   1.965723E+000   6.047018E-004
    4001      33     2.550000     2.650000   2.466453E+000   7.352756E-001   2.460991E+000   7.382972E-001   1.731178E+000   1.722693E+000   8.484347E-003
    4001      34     2.650000     2.900000   5.107089E+000   3.662638E-001   1.689266E+000   5.067797E-001   4.740825E+000   1.182486E+000   3.558339E+000
    4001      35     2.900000     3.200000   4.829501E+000   1.440429E+000   4.819676E+000   1.445903E+000   3.389072E+000   3.373773E+000   1.529843E-002
    4001      36     3.200000     3.500000   4.479548E+000   1.343910E+000   4.479426E+000   1.343828E+000   3.135638E+000   3.135598E+000   3.976161E-005
    4001      37     3.500000     3.900000   5.317470E+000   1.592387E+000   5.314138E+000   1.594242E+000   3.725084E+000   3.719897E+000   5.186727E-003
    4001      38     3.900000     5.500000   8.889375E+000   1.772716E+000   6.386024E+000   1.915807E+000   7.116659E+000   4.470217E+000   2.646442E+000
    4001      39     5.500000     6.500000   2.171822E+000   6.515462E-001   2.171813E+000   6.515439E-001   1.520275E+000   1.520269E+000   6.380377E-006
    4001      40     6.500000     7.000000   6.459457E-001   1.937835E-001   6.459439E-001   1.937832E-001   4.521623E-001   4.521608E-001   1.495380E-006
    4001      41     7.000000     9.000000   1.525571E+000   4.557255E-001   1.523396E+000   4.570189E-001   1.069846E+000   1.066378E+000   3.468006E-003
    4001      42     9.000000    20.000000   1.633159E+000   3.769586E-001   1.320415E+000   3.961246E-001   1.256200E+000   9.242907E-001   3.319097E-001
    4101       1     0.200000     0.300000   5.582456E-006   2.938599E-006   3.776939E-006   1.133082E-006   2.643857E-006   2.643857E-006  -4.911299E-015
    4101       2     0.300000     0.345000   2.557270E-003   1.160959E-003   1.994730E-003   5.984189E-004   1.396311E-003   1.396311E-003   9.565853E-013
    4101       3     0.345000     0.385000   2.512764E-003   1.006153E-003   2.152302E-003   6.456906E-004   1.506611E-003   1.506611E-003  -5.730525E-013
    4101       4     0.385000     0.420000   1.293223E-002   4.781073E-003   1.164451E-002   3.493352E-003   8.151155E-003   8.151155E-003  -5.041419E-013
    4101       5     0.420000     0.450000   2.349464E-002   8.255229E-003   2.177059E-002   6.531176E-003   1.523941E-002   1.523941E-002   7.065806E-012
    4101       6     0.450000     0.500000   1.310848E-001   4.421893E-002   1.240940E-001   3.722821E-002   8.686582E-002   8.686582E-002  -1.845618E-011
    4101       7     0.500000     0.550000   1.748537E-001   5.680007E-002   1.686481E-001   5.059442E-002   1.180536E-001   1.180536E-001   6.259160E-012
    4101       8     0.550000     0.610000   2.295775E-001   7.279690E-002   2.239723E-001   6.719170E-002   1.567806E-001   1.567806E-001   7.990603E-011
    4101       9     0.610000     0.690000   5.693172E-001   1.769141E-001   5.605758E-001   1.681727E-001   3.924031E-001   3.924031E-001  -5.327377E-011
    4101      10     0.690000     0.780000   2.472789E+000   7.577010E-001   2.450126E+000   7.350378E-001   1.715088E+000   1.715088E+000   3.258662E-010
    4101      11     0.780000     0.800000   1.063069E+000   3.241398E-001   1.055609E+000   3.166826E-001   7.389296E-001   7.389261E-001   3.476268E-006
    4101      12     0.800000     0.870000   5.878988E+000   1.787489E+000   5.844998E+000   1.753499E+000   4.091499E+000   4.091499E+000   5.667671E-007
    4101      13     0.870000     0.880000   8.736691E-001   2.649442E-001   8.695960E-001   2.608788E-001   6.087249E-001   6.087172E-001   7.666761E-006
    4101      14     0.880000     1.030000   2.249240E+001   6.799491E+000   2.241845E+001   6.725534E+000   1.569291E+001   1.569291E+001   2.927566E-007
    4101      15     1.030000     1.080000   9.248799E+000   2.788381E+000   9.227951E+000   2.768385E+000   6.460417E+000   6.459565E+000   8.519093E-004
    4101      16     1.080000     1.140000   1.173685E+001   3.535822E+000   1.171566E+001   3.514699E+000   8.201028E+000   8.200963E+000   6.434954E-005
    4101      17     1.140000     1.200000   1.143670E+001   3.442659E+000   1.142004E+001   3.426012E+000   7.994037E+000   7.994027E+000   1.048526E-005
    4101      18     1.200000     1.240000   8.097833E+000   2.419667E+000   8.068681E+000   2.420604E+000   5.678166E+000   5.648077E+000   3.008894E-002
    4101      19     1.240000     1.280000   7.733813E+000   2.325874E+000   7.725355E+000   2.317607E+000   5.407940E+000   5.407749E+000   1.909860E-004
    4101      20     1.280000     1.340000   1.109154E+001   3.331761E+000   1.107802E+001   3.323405E+000   7.759782E+000   7.754611E+000   5.170595E-003
    4101      21     1.340000     1.420000   1.012492E+001   3.042436E+000   1.011687E+001   3.035061E+000   7.082485E+000   7.081809E+000   6.752850E-004
    4101      22     1.420000     1.460000   4.444646E+000   1.228655E+000   4.295456E+000   1.288637E+000   3.215991E+000   3.006819E+000   2.091717E-001
    4101      23     1.460000     1.490000   3.316959E+000   9.942057E-001   3.312585E+000   9.937754E-001   2.322753E+000   2.318809E+000   3.943927E-003
    4101      24     1.490000     1.520000   3.416012E+000   1.025617E+000   3.413703E+000   1.024111E+000   2.390394E+000   2.389592E+000   8.024587E-004
    4101      25     1.520000     1.680000   2.089115E+001   6.135348E+000   2.069857E+001   6.209572E+000   1.475580E+001   1.448900E+001   2.667994E-001
    4101      26     1.680000     1.740000   7.400301E+000   2.221614E+000   7.397805E+000   2.219342E+000   5.178688E+000   5.178464E+000   2.240672E-004
    4101      27     1.740000     1.820000   6.859941E+000   2.059216E+000   6.857995E+000   2.057399E+000   4.800725E+000   4.800597E+000   1.285248E-004
    4101      28     1.820000     1.940000   7.844991E+000   2.347778E+000   7.835517E+000   2.350655E+000   5.497213E+000   5.484862E+000   1.235095E-002
    4101      29     1.940000     2.200000   1.524385E+001   3.550394E+000   1.321456E+001   3.964369E+000   1.169346E+001   9.250195E+000   2.443261E+000
    4101      30     2.200000     2.300000   5.897529E+000   1.769630E+000   5.896830E+000   1.769049E+000   4.127899E+000   4.127781E+000   1.182615E-004
    4101      31     2.300000     2.450000   6.412228E+000   1.924052E+000   6.411671E+000   1.923501E+000   4.488176E+000   4.488170E+000   6.315849E-006
    4101      32     2.450000     2.550000   2.808749E+000   8.424248E-001   2.808179E+000   8.424537E-001   1.966324E+000   1.965725E+000   5.991481E-004
    4101      33     2.550000     2.650000   2.466453E+000   7.353013E-001   2.461019E+000   7.383058E-001   1.731152E+000   1.722714E+000   8.438537E-003
    4101      34     2.650000     2.900000   5.107089E+000   3.669080E-001   1.691803E+000   5.075410E-001   4.740181E+000   1.184262E+000   3.555919E+000
    4101      35     2.900000     3.200000   4.829501E+000   1.440453E+000   4.819704E+000   1.445911E+000   3.389048E+000   3.373793E+000   1.525473E-002
    4101      36     3.200000     3.500000   4.479548E+000   1.343910E+000   4.479426E+000   1.343828E+000   3.135638E+000   3.135598E+000   3.946238E-005
    4101      37     3.500000     3.900000   5.317470E+000   1.592386E+000   5.314138E+000   1.594241E+000   3.725084E+000   3.719896E+000   5.187839E-003
    4101      38     3.900000     5.500000   8.889375E+000   1.773066E+000   6.386724E+000   1.916017E+000   7.116309E+000   4.470707E+000   2.645603E+000
    4101      39     5.500000     6.500000   2.171822E+000   6.515463E-001   2.171813E+000   6.515439E-001   1.520275E+000   1.520269E+000   6.333265E-006
    4101      40     6.500000     7.000000   6.459457E-001   1.937835E-001   6.459439E-001   1.937832E-001   4.521623E-001   4.521608E-001   1.486423E-006
    4101      41     7.000000     9.000000   1.525571E+000   4.557256E-001   1.523397E+000   4.570190E-001   1.069845E+000   1.066378E+000   3.467858E-003
    4101      42     9.000000    20.000000   1.633159E+000   3.772669E-001   1.321053E+000   3.963158E-001   1.255892E+000   9.247368E-001   3.311552E-001
    4201       1     0.200000     0.300000   5.582456E-006   2.938599E-006   3.776939E-006   1.133082E-006   2.643857E-006   2.643857E-006  -4.911299E-015
    4201       2     0.300000     0.345000   2.557270E-003   1.160959E-003   1.994730E-003   5.984189E-004   1.396311E-003   1.396311E-003   9.565853E-013
    4201       3     0.345000     0.385000   2.512764E-003   1.006153E-003   2.152302E-003   6.456906E-004   1.506611E-003   1.506611E-003  -5.730525E-013
    4201       4     0.385000     0.420000   1.293223E-002   4.781073E-003   1.164451E-002   3.493352E-003   8.151155E-003   8.151155E-003  -1.218602E-012
    4201       5     0.420000     0.450000   2.349464E-002   8.255229E-003   2.177059E-002   6.531176E-003   1.523941E-002   1.523941E-002   1.401282E-012
    4201       6     0.450000     0.500000   1.310848E-001   4.421893E-002   1.240940E-001   3.722821E-002   8.686582E-002   8.686582E-002  -6.866036E-012
    4201       7     0.500000     0.550000   1.748537E-001   5.680007E-002   1.686481E-001   5.059442E-002   1.180536E-001   1.180536E-001  -1.151444E-011
    4201       8     0.550000     0.610000   2.295775E-001   7.279690E-002   2.239723E-001   6.719170E-002   1.567806E-001   1.567806E-001   3.782985E-011
    4201       9     0.610000     0.690000   5.693172E-001   1.769141E-001   5.605758E-001   1.681727E-001   3.924031E-001   3.924031E-001  -5.668543E-011
    4201      10     0.690000     0.780000   2.472789E+000   7.577010E-001   2.450126E+000   7.350378E-001   1.715088E+000   1.715088E+000   4.459104E-010
    4201      11     0.780000     0.800000   1.063069E+000   3.241398E-001   1.055609E+000   3.166826E-001   7.389296E-001   7.389261E-001   3.476119E-006
    4201      12     0.800000     0.870000   5.878988E+000   1.787489E+000   5.844998E+000   1.753499E+000   4.091499E+000   4.091499E+000   5.671038E-007
    4201      13     0.870000     0.880000   8.736691E-001   2.649442E-001   8.695960E-001   2.608788E-001   6.087249E-001   6.087172E-001   7.661413E-006
    4201      14     0.880000     1.030000   2.249240E+001   6.799491E+000   2.241845E+001   6.725534E+000   1.569291E+001   1.569291E+001   2.923213E-007
    4201      15     1.030000     1.080000   9.248799E+000   2.788381E+000   9.227951E+000   2.768385E+000   6.460417E+000   6.459565E+000   8.518784E-004
    4201      16     1.080000     1.140000   1.173685E+001   3.535822E+000   1.171566E+001   3.514699E+000   8.201028E+000   8.200963E+000   6.434019E-005
    4201      17     1.140000     1.200000   1.143670E+001   3.442659E+000   1.142004E+001   3.426012E+000   7.994037E+000   7.994027E+000   1.048367E-005
    4201      18     1.200000     1.240000   8.097833E+000   2.419668E+000   8.068681E+000   2.420604E+000   5.678165E+000   5.648077E+000   3.008820E-002
    4201      19     1.240000     1.280000   7.733813E+000   2.325874E+000   7.725356E+000   2.317607E+000   5.407940E+000   5.407749E+000   1.906978E-004
    4201      20     1.280000     1.340000   1.109154E+001   3.331761E+000   1.107802E+001   3.323405E+000   7.759782E+000   7.754611E+000   5.170773E-003
    4201      21     1.340000     1.420000   1.012492E+001   3.042437E+000   1.011687E+001   3.035061E+000   7.082484E+000   7.081810E+000   6.748829E-004
    4201      22     1.420000     1.460000   4.444646E+000   1.228669E+000   4.295470E+000   1.288641E+000   3.215977E+000   3.006829E+000   2.091483E-001
    4201      23     1.460000     1.490000   3.316959E+000   9.942061E-001   3.312585E+000   9.937755E-001   2.322753E+000   2.318809E+000   3.943376E-003
    4201      24     1.490000     1.520000   3.416012E+000   1.025617E+000   3.413703E+000   1.024111E+000   2.390394E+000   2.389592E+000   8.018327E-004
    4201      25     1.520000     1.680000   2.089115E+001   6.135369E+000   2.069859E+001   6.209577E+000   1.475578E+001   1.448901E+001   2.667671E-001
    4201      26     1.680000     1.740000   7.400301E+000   2.221614E+000   7.397805E+000   2.219342E+000   5.178687E+000   5.178464E+000   2.237268E-004
    4201      27     1.740000     1.820000   6.859941E+000   2.059217E+000   6.857997E+000   2.057399E+000   4.800724E+000   4.800598E+000   1.264665E-004
    4201      28     1.820000     1.940000   7.844991E+000   2.347794E+000   7.835534E+000   2.350660E+000   5.497197E+000   5.484874E+000   1.232310E-002
    4201      29     1.940000     2.200000   1.524385E+001   3.551278E+000   1.321579E+001   3.964738E+000   1.169257E+001   9.251055E+000   2.441517E+000
    4201      30     2.200000     2.300000   5.897529E+000   1.769630E+000   5.896830E+000   1.769049E+000   4.127899E+000   4.127781E+000   1.180264E-004
    4201      31     2.300000     2.450000   6.412228E+000   1.924052E+000   6.411671E+000   1.923501E+000   4.488176E+000   4.488170E+000   6.304985E-006
    4201      32     2.450000     2.550000   2.808749E+000   8.424278E-001   2.808182E+000   8.424547E-001   1.966321E+000   1.965728E+000   5.937699E-004
    4201      33     2.550000     2.650000   2.466453E+000   7.353257E-001   2.461047E+000   7.383140E-001   1.731128E+000   1.722733E+000   8.394899E-003
    4201      34     2.650000     2.900000   5.107089E+000   3.675373E-001   1.694273E+000   5.082819E-001   4.739552E+000   1.185991E+000   3.553561E+000
    4201      35     2.900000     3.200000   4.829501E+000   1.440477E+000   4.819731E+000   1.445919E+000   3.389024E+000   3.373812E+000   1.521221E-002
    4201      36     3.200000     3.500000   4.479548E+000   1.343910E+000   4.479426E+000   1.343828E+000   3.135638E+000   3.135598E+000   3.917382E-005
    4201      37     3.500000     3.900000   5.317470E+000   1.592386E+000   5.314137E+000   1.594241E+000   3.725085E+000   3.719896E+000   5.188948E-003
    4201      38     3.900000     5.500000   8.889375E+000   1.773406E+000   6.387403E+000   1.916221E+000   7.115970E+000   4.471182E+000   2.644788E+000
    4201      39     5.500000     6.500000   2.171822E+000   6.515463E-001   2.171813E+000   6.515439E-001   1.520275E+000   1.520269E+000   6.288417E-006
    4201      40     6.500000     7.000000   6.459457E-001   1.937835E-001   6.459440E-001   1.937832E-001   4.521622E-001   4.521608E-001   1.477868E-006
    4201      41     7.000000     9.000000   1.525571E+000   4.557257E-001   1.523397E+000   4.570190E-001   1.069845E+000   1.066378E+000   3.467711E-003
    4201      42     9.000000    20.000000   1.633159E+000   3.775653E-001   1.321671E+000   3.965014E-001   1.255594E+000   9.251699E-001   3.304238E-001
    4301       1     0.200000     0.300000   5.582456E-006   2.938599E-006   3.776939E-006   1.133082E-006   2.643857E-006   2.643857E-006  -4.911299E-015
    4301       2     0.300000     0.345000   2.557270E-003   1.160959E-003   1.994730E-003   5.984189E-004   1.396311E-003   1.396311E-003   9.565853E-013
    4301       3     0.345000     0.385000   2.512764E-003   1.006153E-003   2.152302E-003   6.456906E-004   1.506611E-003   1.506611E-003  -5.730525E-013
    4301       4     0.385000     0.420000   1.293223E-002   4.781073E-003   1.164451E-002   3.493352E-003   8.151155E-003   8.151155E-003   4.923770E-013
    4301       5     0.420000     0.450000   2.349464E-002   8.255229E-003   2.177059E-002   6.531176E-003   1.523941E-002   1.523941E-002   2.421235E-012
    4301       6     0.450000     0.500000   1.310848E-001   4.421893E-002   1.240940E-001   3.722821E-002   8.686582E-002   8.686582E-002   1.362682E-011
    4301       7     0.500000     0.550000   1.748537E-001   5.680007E-002   1.686481E-001   5.059442E-002   1.180536E-001   1.180536E-001   2.111472E-011
    4301       8     0.550000     0.610000   2.295775E-001   7.279690E-002   2.239723E-001   6.719170E-002   1.567806E-001   1.567806E-001   6.202847E-011
    4301       9     0.610000     0.690000   5.693172E-001   1.769141E-001   5.605758E-001   1.681727E-001   3.924031E-001   3.924031E-001  -1.974360E-011
    4301      10     0.690000     0.780000   2.472789E+000   7.577010E-001   2.450126E+000   7.350378E-001   1.715088E+000   1.715088E+000   1.580078E-010
    4301      11     0.780000     0.800000   1.063069E+000   3.241398E-001   1.055609E+000   3.166826E-001   7.389296E-001   7.389261E-001   3.475988E-006
    4301      12     0.800000     0.870000   5.878988E+000   1.787489E+000   5.844998E+000   1.753499E+000   4.091499E+000   4.091499E+000   5.674358E-007
    4301      13     0.870000     0.880000   8.736691E-001   2.649442E-001   8.695960E-001   2.608788E-001   6.087249E-001   6.087172E-001   7.656176E-006
    4301      14     0.880000     1.030000   2.249240E+001   6.799491E+000   2.241845E+001   6.725534E+000   1.569291E+001   1.569291E+001   2.919035E-007
    4301      15     1.030000     1.080000   9.248799E+000   2.788381E+000   9.227951E+000   2.768385E+000   6.460417E+000   6.459565E+000   8.518485E-004
    4301      16     1.080000     1.140000   1.173685E+001   3.535822E+000   1.171566E+001   3.514699E+000   8.201028E+000   8.200963E+000   6.433117E-005
    4301      17     1.140000     1.200000   1.143670E+001   3.442659E+000   1.142004E+001   3.426012E+000   7.994037E+000   7.994027E+000   1.048231E-005
    4301      18     1.200000     1.240000   8.097833E+000   2.419668E+000   8.068682E+000   2.420605E+000   5.678165E+000   5.648077E+000   3.008749E-002
    4301      19     1.240000     1.280000   7.733813E+000   2.325874E+000   7.725356E+000   2.317607E+000   5.407939E+000   5.407749E+000   1.904180E-004
    4301      20     1.280000     1.340000   1.109154E+001   3.331761E+000   1.107802E+001   3.323405E+000   7.759782E+000   7.754611E+000   5.170948E-003
    4301      21     1.340000     1.420000   1.012492E+001   3.042437E+000   1.011687E+001   3.035061E+000   7.082484E+000   7.081810E+000   6.744934E-004
    4301      22     1.420000     1.460000   4.444646E+000   1.228682E+000   4.295482E+000   1.288645E+000   3.215963E+000   3.006838E+000   2.091257E-001
    4301      23     1.460000     1.490000   3.316959E+000   9.942064E-001   3.312585E+000   9.937756E-001   2.322753E+000   2.318810E+000   3.942849E-003
    4301      24     1.490000     1.520000   3.416012E+000   1.025618E+000   3.413704E+000   1.024111E+000   2.390394E+000   2.389592E+000   8.012251E-004
    4301      25     1.520000     1.680000   2.089115E+001   6.135388E+000   2.069861E+001   6.209582E+000   1.475576E+001   1.448902E+001   2.667360E-001
    4301      26     1.680000     1.740000   7.400301E+000   2.221614E+000   7.397805E+000   2.219342E+000   5.178687E+000   5.178464E+000   2.233974E-004
    4301      27     1.740000     1.820000   6.859941E+000   2.059218E+000   6.857998E+000   2.057399E+000   4.800723E+000   4.800598E+000   1.244838E-004
    4301      28     1.820000     1.940000   7.844991E+000   2.347809E+000   7.835551E+000   2.350665E+000   5.497182E+000   5.484886E+000   1.229624E-002
    4301      29     1.940000     2.200000   1.524385E+001   3.552143E+000   1.321699E+001   3.965098E+000   1.169171E+001   9.251895E+000   2.439811E+000
    4301      30     2.200000     2.300000   5.897529E+000   1.769630E+000   5.896830E+000   1.769049E+000   4.127899E+000   4.127781E+000   1.177973E-004
    4301      31     2.300000     2.450000   6.412228E+000   1.924052E+000   6.411671E+000   1.923501E+000   4.488176E+000   4.488170E+000   6.294431E-006
    4301      32     2.450000     2.550000   2.808749E+000   8.424308E-001   2.808186E+000   8.424557E-001   1.966318E+000   1.965730E+000   5.885524E-004
    4301      33     2.550000     2.650000   2.466453E+000   7.353490E-001   2.461073E+000   7.383219E-001   1.731104E+000   1.722751E+000   8.353157E-003
    4301      34     2.650000     2.900000   5.107089E+000   3.681542E-001   1.696684E+000   5.090052E-001   4.738935E+000   1.187679E+000   3.551256E+000
    4301      35     2.900000     3.200000   4.829501E+000   1.440500E+000   4.819757E+000   1.445927E+000   3.389001E+000   3.373830E+000   1.517073E-002
    4301      36     3.200000     3.500000   4.479548E+000   1.343910E+000   4.479426E+000   1.343828E+000   3.135637E+000   3.135599E+000   3.889454E-005
    4301      37     3.500000     3.900000   5.317470E+000   1.592385E+000   5.314136E+000   1.594241E+000   3.725085E+000   3.719895E+000   5.190052E-003
    4301      38     3.900000     5.500000   8.889375E+000   1.773736E+000   6.388063E+000   1.916419E+000   7.115639E+000   4.471644E+000   2.643995E+000
    4301      39     5.500000     6.500000   2.171822E+000   6.515463E-001   2.171813E+000   6.515439E-001   1.520275E+000   1.520269E+000   6.245366E-006
    4301      40     6.500000     7.000000   6.459457E-001   1.937835E-001   6.459440E-001   1.937832E-001   4.521622E-001   4.521608E-001   1.469647E-006
    4301      41     7.000000     9.000000   1.525571E+000   4.557258E-001   1.523397E+000   4.570190E-001   1.069845E+000   1.066378E+000   3.467564E-003
    4301      42     9.000000    20.000000   1.633159E+000   3.778556E-001   1.322275E+000   3.966824E-001   1.255303E+000   9.255922E-001   3.297111E-001
    4401       1     0.200000     0.300000   5.582456E-006   2.938599E-006   3.776939E-006   1.133082E-006   2.643857E-006   2.643857E-006  -4.911299E-015
    4401       2     0.300000     0.345000   2.557270E-003   1.160959E-003   1.994730E-003   5.984189E-004   1.396311E-003   1.396311E-003   9.565853E-013
    4401       3     0.345000     0.385000   2.512764E-003   1.006153E-003   2.152302E-003   6.456906E-004   1.506611E-003   1.506611E-003  -5.730525E-013
    4401       4     0.385000     0.420000   1.293223E-002   4.781073E-003   1.164451E-002   3.493352E-003   8.151155E-003   8.151155E-003  -3.808221E-013
    4401       5     0.420000     0.450000   2.349464E-002   8.255229E-003   2.177059E-002   6.531176E-003   1.523941E-002   1.523941E-002   4.089541E-013
    4401       6     0.450000     0.500000   1.310848E-001   4.421893E-002   1.240940E-001   3.722821E-002   8.686582E-002   8.686582E-002   2.980864E-011
    4401       7     0.500000     0.550000   1.748537E-001   5.680007E-002   1.686481E-001   5.059442E-002   1.180536E-001   1.180536E-001   7.215534E-012
    4401       8     0.550000     0.610000   2.295775E-001   7.279690E-002   2.239723E-001   6.719170E-002   1.567806E-001   1.567806E-001   4.691172E-011
    4401       9     0.610000     0.690000   5.693172E-001   1.769141E-001   5.605758E-001   1.681727E-001   3.924031E-001   3.924031E-001  -5.591583E-011
    4401      10     0.690000     0.780000   2.472789E+000   7.577010E-001   2.450126E+000   7.350378E-001   1.715088E+000   1.715088E+000   2.028282E-010
    4401      11     0.780000     0.800000   1.063069E+000   3.241398E-001   1.055609E+000   3.166826E-001   7.389296E-001   7.389261E-001   3.475858E-006
    4401      12     0.800000     0.870000   5.878988E+000   1.787489E+000   5.844998E+000   1.753499E+000   4.091499E+000   4.091499E+000   5.677624E-007
    4401      13     0.870000     0.880000   8.736691E-001   2.649442E-001   8.695960E-001   2.608788E-001   6.087249E-001   6.087172E-001   7.651060E-006
    4401      14     0.880000     1.030000   2.249240E+001   6.799491E+000   2.241845E+001   6.725534E+000   1.569291E+001   1.569291E+001   2.914971E-007
    4401      15     1.030000     1.080000   9.248799E+000   2.788382E+000   9.227951E+000   2.768385E+000   6.460417E+000   6.459565E+000   8.518202E-004
    4401      16     1.080000     1.140000   1.173685E+001   3.535822E+000   1.171566E+001   3.514699E+000   8.201028E+000   8.200963E+000   6.432252E-005
    4401      17     1.140000     1.200000   1.143670E+001   3.442659E+000   1.142004E+001   3.426012E+000   7.994037E+000   7.994027E+000   1.048111E-005
    4401      18     1.200000     1.240000   8.097833E+000   2.419668E+000   8.068682E+000   2.420605E+000   5.678164E+000   5.648078E+000   3.008681E-002
    4401      19     1.240000     1.280000   7.733813E+000   2.325874E+000   7.725356E+000   2.317607E+000   5.407939E+000   5.407749E+000   1.901459E-004
    4401      20     1.280000     1.340000   1.109154E+001   3.331760E+000   1.107802E+001   3.323405E+000   7.759782E+000   7.754611E+000   5.171120E-003
    4401      21     1.340000     1.420000   1.012492E+001   3.042437E+000   1.011687E+001   3.035061E+000   7.082484E+000   7.081810E+000   6.741139E-004
    4401      22     1.420000     1.460000   4.444646E+000   1.228695E+000   4.295495E+000   1.288648E+000   3.215950E+000   3.006846E+000   2.091039E-001
    4401      23     1.460000     1.490000   3.316959E+000   9.942066E-001   3.312586E+000   9.937757E-001   2.322752E+000   2.318810E+000   3.942338E-003
    4401      24     1.490000     1.520000   3.416012E+000   1.025618E+000   3.413704E+000   1.024111E+000   2.390393E+000   2.389593E+000   8.006351E-004
    4401      25     1.520000     1.680000   2.089115E+001   6.135407E+000   2.069862E+001   6.209587E+000   1.475574E+001   1.448904E+001   2.667059E-001
    4401      26     1.680000     1.740000   7.400301E+000   2.221614E+000   7.397806E+000   2.219342E+000   5.178687E+000   5.178464E+000   2.230780E-004
    4401      27     1.740000     1.820000   6.859941E+000   2.059219E+000   6.857999E+000   2.057400E+000   4.800722E+000   4.800599E+000   1.225683E-004
    4401      28     1.820000     1.940000   7.844991E+000   2.347824E+000   7.835567E+000   2.350670E+000   5.497167E+000   5.484897E+000   1.227028E-002
    4401      29     1.940000     2.200000   1.524385E+001   3.552993E+000   1.321817E+001   3.965450E+000   1.169086E+001   9.252717E+000   2.438139E+000
    4401      30     2.200000     2.300000   5.897529E+000   1.769630E+000   5.896830E+000   1.769049E+000   4.127899E+000   4.127781E+000   1.175738E-004
    4401      31     2.300000     2.450000   6.412228E+000   1.924052E+000   6.411671E+000   1.923501E+000   4.488176E+000   4.488170E+000   6.284160E-006
    4401      32     2.450000     2.550000   2.808749E+000   8.424336E-001   2.808189E+000   8.424566E-001   1.966316E+000   1.965732E+000   5.834805E-004
    4401      33     2.550000     2.650000   2.466453E+000   7.353714E-001   2.461098E+000   7.383295E-001   1.731082E+000   1.722769E+000   8.313063E-003
    4401      34     2.650000     2.900000   5.107089E+000   3.687599E-001   1.699042E+000   5.097126E-001   4.738329E+000   1.189329E+000   3.549000E+000
    4401      35     2.900000     3.200000   4.829501E+000   1.440522E+000   4.819783E+000   1.445935E+000   3.388978E+000   3.373848E+000   1.513024E-002
    4401      36     3.200000     3.500000   4.479548E+000   1.343911E+000   4.479427E+000   1.343828E+000   3.135637E+000   3.135599E+000   3.862368E-005
    4401      37     3.500000     3.900000   5.317470E+000   1.592384E+000   5.314136E+000   1.594241E+000   3.725086E+000   3.719895E+000   5.191147E-003
    4401      38     3.900000     5.500000   8.889375E+000   1.774058E+000   6.388706E+000   1.916612E+000   7.115317E+000   4.472094E+000   2.643223E+000
    4401      39     5.500000     6.500000   2.171822E+000   6.515463E-001   2.171813E+000   6.515439E-001   1.520275E+000   1.520269E+000   6.203943E-006
    4401      40     6.500000     7.000000   6.459457E-001   1.937835E-001   6.459440E-001   1.937832E-001   4.521622E-001   4.521608E-001   1.461717E-006
    4401      41     7.000000     9.000000   1.525571E+000   4.557259E-001   1.523397E+000   4.570191E-001   1.069845E+000   1.066378E+000   3.467419E-003
    4401      42     9.000000    20.000000   1.633159E+000   3.781387E-001   1.322864E+000   3.968592E-001   1.255020E+000   9.260048E-001   3.290154E-001
    4501       1     0.200000     0.300000   5.582456E-006   2.938599E-006   3.776939E-006   1.133082E-006   2.643857E-006   2.643857E-006  -4.911299E-015
    4501       2     0.300000     0.345000   2.557270E-003   1.160959E-003   1.994730E-003   5.984189E-004   1.396311E-003   1.396311E-003   9.565853E-013
    4501       3     0.345000     0.385000   2.512764E-003   1.006153E-003   2.152302E-003   6.456906E-004   1.506611E-003   1.506611E-003  -5.730525E-013
    4501       4     0.385000     0.420000   1.293223E-002   4.781073E-003   1.164451E-002   3.493352E-003   8.151155E-003   8.151155E-003  -2.273296E-012
    4501       5     0.420000     0.450000   2.349464E-002   8.255229E-003   2.177059E-002   6.531176E-003   1.523941E-002   1.523941E-002   6.192095E-014
    4501       6     0.450000     0.500000   1.310848E-001   4.421893E-002   1.240940E-001   3.722821E-002   8.686582E-002   8.686582E-002   2.142367E-011
    4501       7     0.500000     0.550000   1.748537E-001   5.680007E-002   1.686481E-001   5.059442E-002   1.180536E-001   1.180536E-001  -2.501235E-011
    4501       8     0.550000     0.610000   2.295775E-001   7.279690E-002   2.239723E-001   6.719170E-002   1.567806E-001   1.567806E-001   3.983514E-011
    4501       9     0.610000     0.690000   5.693172E-001   1.769141E-001   5.605758E-001   1.681727E-001   3.924031E-001   3.924031E-001  -5.710726E-011
    4501      10     0.690000     0.780000   2.472789E+000   7.577010E-001   2.450126E+000   7.350378E-001   1.715088E+000   1.715088E+000   2.690588E-010
    4501      11     0.780000     0.800000   1.063069E+000   3.241398E-001   1.055609E+000   3.166826E-001   7.389296E-001   7.389261E-001   3.475735E-006
    4501      12     0.800000     0.870000   5.878988E+000   1.787489E+000   5.844998E+000   1.753499E+000   4.091499E+000   4.091499E+000   5.680845E-007
    4501      13     0.870000     0.880000   8.736691E-001   2.649442E-001   8.695960E-001   2.608788E-001   6.087249E-001   6.087172E-001   7.646068E-006
    4501      14     0.880000     1.030000   2.249240E+001   6.799491E+000   2.241845E+001   6.725534E+000   1.569291E+001   1.569291E+001   2.910994E-007
    4501      15     1.030000     1.080000   9.248799E+000   2.788382E+000   9.227951E+000   2.768385E+000   6.460417E+000   6.459565E+000   8.517934E-004
    4501      16     1.080000     1.140000   1.173685E+001   3.535822E+000   1.171566E+001   3.514699E+000   8.201028E+000   8.200963E+000   6.431417E-005
    4501      17     1.140000     1.200000   1.143670E+001   3.442659E+000   1.142004E+001   3.426012E+000   7.994037E+000   7.994027E+000   1.048002E-005
    4501      18     1.200000     1.240000   8.097833E+000   2.419669E+000   8.068683E+000   2.420605E+000   5.678164E+000   5.648078E+000   3.008615E-002
    4501      19     1.240000     1.280000   7.733813E+000   2.325874E+000   7.725356E+000   2.317607E+000   5.407939E+000   5.407749E+000   1.898800E-004
    4501      20     1.280000     1.340000   1.109154E+001   3.331760E+000   1.107802E+001   3.323405E+000   7.759782E+000   7.754611E+000   5.171287E-003
    4501      21     1.340000     1.420000   1.012492E+001   3.042437E+000   1.011687E+001   3.035061E+000   7.082484E+000   7.081810E+000   6.737428E-004
    4501      22     1.420000     1.460000   4.444646E+000   1.228708E+000   4.295507E+000   1.288652E+000   3.215938E+000   3.006855E+000   2.090829E-001
    4501      23     1.460000     1.490000   3.316959E+000   9.942069E-001   3.312586E+000   9.937758E-001   2.322752E+000   2.318810E+000   3.941837E-003
    4501      24     1.490000     1.520000   3.416012E+000   1.025618E+000   3.413704E+000   1.024111E+000   2.390393E+000   2.389593E+000   8.000602E-004
    4501      25     1.520000     1.680000   2.089115E+001   6.135425E+000   2.069864E+001   6.209591E+000   1.475572E+001   1.448905E+001   2.666768E-001
    4501      26     1.680000     1.740000   7.400301E+000   2.221615E+000   7.397806E+000   2.219342E+000   5.178687E+000   5.178464E+000   2.227662E-004
    4501      27     1.740000     1.820000   6.859941E+000   2.059220E+000   6.858000E+000   2.057400E+000   4.800721E+000   4.800600E+000   1.207013E-004
    4501      28     1.820000     1.940000   7.844991E+000   2.347838E+000   7.835583E+000   2.350675E+000   5.497153E+000   5.484908E+000   1.224498E-002
    4501      29     1.940000     2.200000   1.524385E+001   3.553828E+000   1.321932E+001   3.965796E+000   1.169002E+001   9.253523E+000   2.436499E+000
    4501      30     2.200000     2.300000   5.897529E+000   1.769630E+000   5.896830E+000   1.769049E+000   4.127899E+000   4.127781E+000   1.173553E-004
    4501      31     2.300000     2.450000   6.412228E+000   1.924052E+000   6.411671E+000   1.923501E+000   4.488176E+000   4.488170E+000   6.274122E-006
    4501      32     2.450000     2.550000   2.808749E+000   8.424364E-001   2.808192E+000   8.424576E-001   1.966313E+000   1.965734E+000   5.785313E-004
    4501      33     2.550000     2.650000   2.466453E+000   7.353932E-001   2.461123E+000   7.383368E-001   1.731060E+000   1.722786E+000   8.274136E-003
    4501      34     2.650000     2.900000   5.107089E+000   3.693579E-001   1.701361E+000   5.104082E-001   4.737731E+000   1.190952E+000   3.546779E+000
    4501      35     2.900000     3.200000   4.829501E+000   1.440544E+000   4.819808E+000   1.445943E+000   3.388956E+000   3.373866E+000   1.509062E-002
    4501      36     3.200000     3.500000   4.479548E+000   1.343911E+000   4.479427E+000   1.343828E+000   3.135637E+000   3.135599E+000   3.835943E-005
    4501      37     3.500000     3.900000   5.317470E+000   1.592384E+000   5.314135E+000   1.594240E+000   3.725087E+000   3.719894E+000   5.192230E-003
    4501      38     3.900000     5.500000   8.889375E+000   1.774374E+000   6.389337E+000   1.916801E+000   7.115001E+000   4.472536E+000   2.642465E+000
    4501      39     5.500000     6.500000   2.171822E+000   6.515463E-001   2.171813E+000   6.515439E-001   1.520275E+000   1.520269E+000   6.163582E-006
    4501      40     6.500000     7.000000   6.459457E-001   1.937835E-001   6.459440E-001   1.937832E-001   4.521622E-001   4.521608E-001   1.453991E-006
    4501      41     7.000000     9.000000   1.525571E+000   4.557259E-001   1.523397E+000   4.570191E-001   1.069845E+000   1.066378E+000   3.467277E-003
    4501      42     9.000000    20.000000   1.633159E+000   3.784172E-001   1.323444E+000   3.970333E-001   1.254742E+000   9.264110E-001   3.283307E-001
    4601       1     0.200000     0.300000   5.582456E-006   2.938599E-006   3.776939E-006   1.133082E-006   2.643857E-006   2.643857E-006  -4.911299E-015
    4601       2     0.300000     0.345000   2.557270E-003   1.160959E-003   1.994730E-003   5.984189E-004   1.396311E-003   1.396311E-003   9.565853E-013
    4601       3     0.345000     0.385000   2.512764E-003   1.006153E-003   2.152302E-003   6.456906E-004   1.506611E-003   1.506611E-003  -5.730525E-013
    4601       4     0.385000     0.420000   1.293223E-002   4.781073E-003   1.164451E-002   3.493352E-003   8.151155E-003   8.151155E-003  -2.040423E-012
    4601       5     0.420000     0.450000   2.349464E-002   8.255229E-003   2.177059E-002   6.531176E-003   1.523941E-002   1.523941E-002  -2.176296E-012
    4601       6     0.450000     0.500000   1.310848E-001   4.421893E-002   1.240940E-001   3.722821E-002   8.686582E-002   8.686582E-002   3.339232E-011
    4601       7     0.500000     0.550000   1.748537E-001   5.680007E-002   1.686481E-001   5.059442E-002   1.180536E-001   1.180536E-001  -1.359082E-011
    4601       8     0.550000     0.610000   2.295775E-001   7.279690E-002   2.239723E-001   6.719170E-002   1.567806E-001   1.567806E-001   4.601930E-011
    4601       9     0.610000     0.690000   5.693172E-001   1.769141E-001   5.605758E-001   1.681727E-001   3.924031E-001   3.924031E-001  -5.713430E-012
    4601      10     0.690000     0.780000   2.472789E+000   7.577010E-001   2.450126E+000   7.350378E-001   1.715088E+000   1.715088E+000   2.544855E-010
    4601      11     0.780000     0.800000   1.063069E+000   3.241398E-001   1.055609E+000   3.166826E-001   7.389296E-001   7.389261E-001   3.475614E-006
    4601      12     0.800000     0.870000   5.878988E+000   1.787489E+000   5.844998E+000   1.753499E+000   4.091499E+000   4.091499E+000   5.683995E-007
    4601      13     0.870000     0.880000   8.736691E-001   2.649442E-001   8.695960E-001   2.608788E-001   6.087249E-001   6.087172E-001   7.641167E-006
    4601      14     0.880000     1.030000   2.249240E+001   6.799491E+000   2.241845E+001   6.725534E+000   1.569291E+001   1.569291E+001   2.907142E-007
    4601      15     1.030000     1.080000   9.248799E+000   2.788382E+000   9.227951E+000   2.768385E+000   6.460417E+000   6.459565E+000   8.517671E-004
    4601      16     1.080000     1.140000   1.173685E+001   3.535822E+000   1.171566E+001   3.514699E+000   8.201028E+000   8.200963E+000   6.430600E-005
    4601      17     1.140000     1.200000   1.143670E+001   3.442659E+000   1.142004E+001   3.426012E+000   7.994037E+000   7.994027E+000   1.047896E-005
    4601      18     1.200000     1.240000   8.097833E+000   2.419669E+000   8.068683E+000   2.420605E+000   5.678164E+000   5.648078E+000   3.008551E-002
    4601      19     1.240000     1.280000   7.733813E+000   2.325874E+000   7.725356E+000   2.317607E+000   5.407939E+000   5.407749E+000   1.896190E-004
    4601      20     1.280000     1.340000   1.109154E+001   3.331760E+000   1.107802E+001   3.323405E+000   7.759782E+000   7.754611E+000   5.171451E-003
    4601      21     1.340000     1.420000   1.012492E+001   3.042437E+000   1.011687E+001   3.035062E+000   7.082484E+000   7.081810E+000   6.733786E-004
    4601      22     1.420000     1.460000   4.444646E+000   1.228720E+000   4.295519E+000   1.288656E+000   3.215925E+000   3.006863E+000   2.090624E-001
    4601      23     1.460000     1.490000   3.316959E+000   9.942072E-001   3.312586E+000   9.937759E-001   2.322752E+000   2.318810E+000   3.941344E-003
    4601      24     1.490000     1.520000   3.416012E+000   1.025619E+000   3.413705E+000   1.024111E+000   2.390393E+000   2.389593E+000   7.994958E-004
    4601      25     1.520000     1.680000   2.089115E+001   6.135443E+000   2.069865E+001   6.209596E+000   1.475571E+001   1.448906E+001   2.666481E-001
    4601      26     1.680000     1.740000   7.400301E+000   2.221615E+000   7.397806E+000   2.219342E+000   5.178687E+000   5.178464E+000   2.224602E-004
    4601      27     1.740000     1.820000   6.859941E+000   2.059222E+000   6.858001E+000   2.057400E+000   4.800720E+000   4.800601E+000   1.188664E-004
    4601      28     1.820000     1.940000   7.844991E+000   2.347852E+000   7.835599E+000   2.350680E+000   5.497139E+000   5.484919E+000   1.222013E-002
    4601      29     1.940000     2.200000   1.524385E+001   3.554649E+000   1.322045E+001   3.966135E+000   1.168920E+001   9.254315E+000   2.434886E+000
    4601      30     2.200000     2.300000   5.897529E+000   1.769630E+000   5.896830E+000   1.769049E+000   4.127898E+000   4.127781E+000   1.171408E-004
    4601      31     2.300000     2.450000   6.412228E+000   1.924052E+000   6.411672E+000   1.923501E+000   4.488176E+000   4.488170E+000   6.264265E-006
    4601      32     2.450000     2.550000   2.808749E+000   8.424391E-001   2.808195E+000   8.424585E-001   1.966310E+000   1.965736E+000   5.736727E-004
    4601      33     2.550000     2.650000   2.466453E+000   7.354146E-001   2.461147E+000   7.383441E-001   1.731039E+000   1.722803E+000   8.235900E-003
    4601      34     2.650000     2.900000   5.107089E+000   3.699506E-001   1.703649E+000   5.110946E-001   4.737139E+000   1.192554E+000   3.544584E+000
    4601      35     2.900000     3.200000   4.829501E+000   1.440566E+000   4.819833E+000   1.445950E+000   3.388935E+000   3.373883E+000   1.505175E-002
    4601      36     3.200000     3.500000   4.479548E+000   1.343911E+000   4.479427E+000   1.343828E+000   3.135637E+000   3.135599E+000   3.809993E-005
    4601      37     3.500000     3.900000   5.317470E+000   1.592383E+000   5.314134E+000   1.594240E+000   3.725087E+000   3.719894E+000   5.193294E-003
    4601      38     3.900000     5.500000   8.889375E+000   1.774685E+000   6.389957E+000   1.916987E+000   7.114690E+000   4.472970E+000   2.641720E+000
    4601      39     5.500000     6.500000   2.171822E+000   6.515464E-001   2.171813E+000   6.515439E-001   1.520275E+000   1.520269E+000   6.123893E-006
    4601      40     6.500000     7.000000   6.459457E-001   1.937835E-001   6.459440E-001   1.937832E-001   4.521622E-001   4.521608E-001   1.446410E-006
    4601      41     7.000000     9.000000   1.525571E+000   4.557260E-001   1.523397E+000   4.570191E-001   1.069845E+000   1.066378E+000   3.467138E-003
    4601      42     9.000000    20.000000   1.633159E+000   3.786930E-001   1.324019E+000   3.972056E-001   1.254466E+000   9.268130E-001   3.276529E-001
    4701       1     0.200000     0.300000   5.582456E-006   2.938599E-006   3.776939E-006   1.133082E-006   2.643857E-006   2.643857E-006  -4.911299E-015
    4701       2     0.300000     0.345000   2.557270E-003   1.160959E-003   1.994730E-003   5.984189E-004   1.396311E-003   1.396311E-003   9.565853E-013
    4701       3     0.345000     0.385000   2.512764E-003   1.006153E-003   2.152302E-003   6.456906E-004   1.506611E-003   1.506611E-003  -5.730525E-013
    4701       4     0.385000     0.420000   1.293223E-002   4.781073E-003   1.164451E-002   3.493352E-003   8.151155E-003   8.151155E-003  -3.050669E-012
    4701       5     0.420000     0.450000   2.349464E-002   8.255229E-003   2.177059E-002   6.531176E-003   1.523941E-002   1.523941E-002  -3.503760E-012
    4701       6     0.450000     0.500000   1.310848E-001   4.421893E-002   1.240940E-001   3.722821E-002   8.686582E-002   8.686582E-002   2.920779E-011
    4701       7     0.500000     0.550000   1.748537E-001   5.680007E-002   1.686481E-001   5.059442E-002   1.180536E-001   1.180536E-001  -1.837738E-011
    4701       8     0.550000     0.610000   2.295775E-001   7.279690E-002   2.239723E-001   6.719170E-002   1.567806E-001   1.567806E-001   6.456524E-011
    4701       9     0.610000     0.690000   5.693172E-001   1.769141E-001   5.605758E-001   1.681727E-001   3.924031E-001   3.924031E-001  -7.168854E-011
    4701      10     0.690000     0.780000   2.472789E+000   7.577010E-001   2.450126E+000   7.350378E-001   1.715088E+000   1.715088E+000   1.820406E-010
    4701      11     0.780000     0.800000   1.063069E+000   3.241398E-001   1.055609E+000   3.166826E-001   7.389296E-001   7.389261E-001   3.475500E-006
    4701      12     0.800000     0.870000   5.878988E+000   1.787489E+000   5.844998E+000   1.753499E+000   4.091499E+000   4.091499E+000   5.687102E-007
    4701      13     0.870000     0.880000   8.736691E-001   2.649442E-001   8.695960E-001   2.608788E-001   6.087249E-001   6.087172E-001   7.636360E-006
    4701      14     0.880000     1.030000   2.249240E+001   6.799491E+000   2.241845E+001   6.725534E+000   1.569291E+001   1.569291E+001   2.903367E-007
    4701      15     1.030000     1.080000   9.248799E+000   2.788382E+000   9.227951E+000   2.768385E+000   6.460417E+000   6.459565E+000   8.517427E-004
    4701      16     1.080000     1.140000   1.173685E+001   3.535822E+000   1.171566E+001   3.514699E+000   8.201028E+000   8.200963E+000   6.429818E-005
    4701      17     1.140000     1.200000   1.143670E+001   3.442659E+000   1.142004E+001   3.426012E+000   7.994037E+000   7.994027E+000   1.047804E-005
    4701      18     1.200000     1.240000   8.097833E+000   2.419670E+000   8.068683E+000   2.420605E+000   5.678163E+000   5.648078E+000   3.008492E-002
    4701      19     1.240000     1.280000   7.733813E+000   2.325875E+000   7.725356E+000   2.317607E+000   5.407939E+000   5.407749E+000   1.893650E-004
    4701      20     1.280000     1.340000   1.109154E+001   3.331760E+000   1.107802E+001   3.323405E+000   7.759783E+000   7.754611E+000   5.171614E-003
    4701      21     1.340000     1.420000   1.012492E+001   3.042438E+000   1.011687E+001   3.035062E+000   7.082483E+000   7.081810E+000   6.730231E-004
    4701      22     1.420000     1.460000   4.444646E+000   1.228732E+000   4.295530E+000   1.288659E+000   3.215914E+000   3.006871E+000   2.090426E-001
    4701      23     1.460000     1.490000   3.316959E+000   9.942075E-001   3.312587E+000   9.937760E-001   2.322751E+000   2.318811E+000   3.940863E-003
    4701      24     1.490000     1.520000   3.416012E+000   1.025619E+000   3.413705E+000   1.024111E+000   2.390392E+000   2.389593E+000   7.989472E-004
    4701      25     1.520000     1.680000   2.089115E+001   6.135460E+000   2.069867E+001   6.209600E+000   1.475569E+001   1.448907E+001   2.666204E-001
    4701      26     1.680000     1.740000   7.400301E+000   2.221615E+000   7.397806E+000   2.219342E+000   5.178687E+000   5.178464E+000   2.221630E-004
    4701      27     1.740000     1.820000   6.859941E+000   2.059223E+000   6.858002E+000   2.057401E+000   4.800719E+000   4.800602E+000   1.170888E-004
    4701      28     1.820000     1.940000   7.844991E+000   2.347866E+000   7.835614E+000   2.350684E+000   5.497126E+000   5.484930E+000   1.219606E-002
    4701      29     1.940000     2.200000   1.524385E+001   3.555455E+000   1.322156E+001   3.966467E+000   1.168839E+001   9.255090E+000   2.433304E+000
    4701      30     2.200000     2.300000   5.897529E+000   1.769630E+000   5.896831E+000   1.769049E+000   4.127898E+000   4.127781E+000   1.169314E-004
    4701      31     2.300000     2.450000   6.412228E+000   1.924052E+000   6.411672E+000   1.923501E+000   4.488176E+000   4.488170E+000   6.254665E-006
    4701      32     2.450000     2.550000   2.808749E+000   8.424418E-001   2.808198E+000   8.424594E-001   1.966307E+000   1.965739E+000   5.689490E-004
    4701      33     2.550000     2.650000   2.466453E+000   7.354352E-001   2.461170E+000   7.383510E-001   1.731018E+000   1.722819E+000   8.199107E-003
    4701      34     2.650000     2.900000   5.107089E+000   3.705335E-001   1.705891E+000   5.117673E-001   4.736556E+000   1.194124E+000   3.542432E+000
    4701      35     2.900000     3.200000   4.829501E+000   1.440587E+000   4.819857E+000   1.445957E+000   3.388914E+000   3.373900E+000   1.501376E-002
    4701      36     3.200000     3.500000   4.479548E+000   1.343911E+000   4.479427E+000   1.343828E+000   3.135637E+000   3.135599E+000   3.784784E-005
    4701      37     3.500000     3.900000   5.317470E+000   1.592383E+000   5.314134E+000   1.594240E+000   3.725088E+000   3.719894E+000   5.194348E-003
    4701      38     3.900000     5.500000   8.889375E+000   1.774989E+000   6.390564E+000   1.917169E+000   7.114386E+000   4.473394E+000   2.640992E+000
    4701      39     5.500000     6.500000   2.171822E+000   6.515464E-001   2.171813E+000   6.515439E-001   1.520275E+000   1.520269E+000   6.085494E-006
    4701      40     6.500000     7.000000   6.459457E-001   1.937835E-001   6.459440E-001   1.937832E-001   4.521622E-001   4.521608E-001   1.439057E-006
    4701      41     7.000000     9.000000   1.525571E+000   4.557261E-001   1.523397E+000   4.570191E-001   1.069845E+000   1.066378E+000   3.467000E-003
    4701      42     9.000000    20.000000   1.633159E+000   3.789628E-001   1.324581E+000   3.973744E-001   1.254196E+000   9.272069E-001   3.269892E-001
    4801       1     0.200000     0.300000   5.582456E-006   2.938599E-006   3.776939E-006   1.133082E-006   2.643857E-006   2.643857E-006  -4.911299E-015
    4801       2     0.300000     0.345000   2.557270E-003   1.160959E-003   1.994730E-003   5.984189E-004   1.396311E-003   1.396311E-003   9.565853E-013
    4801       3     0.345000     0.385000   2.512764E-003   1.006153E-003   2.152302E-003   6.456906E-004   1.506611E-003   1.506611E-003  -5.730525E-013
    4801       4     0.385000     0.420000   1.293223E-002   4.781073E-003   1.164451E-002   3.493352E-003   8.151155E-003   8.151155E-003  -3.227547E-012
    4801       5     0.420000     0.450000   2.349464E-002   8.255229E-003   2.177059E-002   6.531176E-003   1.523941E-002   1.523941E-002  -6.940984E-012
    4801       6     0.450000     0.500000   1.310848E-001   4.421893E-002   1.240940E-001   3.722821E-002   8.686582E-002   8.686582E-002   1.892568E-011
    4801       7     0.500000     0.550000   1.748537E-001   5.680007E-002   1.686481E-001   5.059442E-002   1.180536E-001   1.180536E-001  -2.867390E-011
    4801       8     0.550000     0.610000   2.295775E-001   7.279690E-002   2.239723E-001   6.719170E-002   1.567806E-001   1.567806E-001   5.101902E-011
    4801       9     0.610000     0.690000   5.693172E-001   1.769141E-001   5.605758E-001   1.681727E-001   3.924031E-001   3.924031E-001  -2.755918E-011
    4801      10     0.690000     0.780000   2.472789E+000   7.577010E-001   2.450126E+000   7.350378E-001   1.715088E+000   1.715088E+000   6.961209E-011
    4801      11     0.780000     0.800000   1.063069E+000   3.241398E-001   1.055609E+000   3.166826E-001   7.389296E-001   7.389261E-001   3.475398E-006
    4801      12     0.800000     0.870000   5.878988E+000   1.787489E+000   5.844998E+000   1.753499E+000   4.091499E+000   4.091499E+000   5.690157E-007
    4801      13     0.870000     0.880000   8.736691E-001   2.649442E-001   8.695960E-001   2.608788E-001   6.087248E-001   6.087172E-001   7.631631E-006
    4801      14     0.880000     1.030000   2.249240E+001   6.799491E+000   2.241845E+001   6.725534E+000   1.569291E+001   1.569291E+001   2.899702E-007
    4801      15     1.030000     1.080000   9.248799E+000   2.788382E+000   9.227951E+000   2.768385E+000   6.460417E+000   6.459565E+000   8.517193E-004
    4801      16     1.080000     1.140000   1.173685E+001   3.535822E+000   1.171566E+001   3.514699E+000   8.201028E+000   8.200963E+000   6.429057E-005
    4801      17     1.140000     1.200000   1.143670E+001   3.442659E+000   1.142004E+001   3.426012E+000   7.994037E+000   7.994027E+000   1.047722E-005
    4801      18     1.200000     1.240000   8.097833E+000   2.419670E+000   8.068684E+000   2.420605E+000   5.678163E+000   5.648079E+000   3.008435E-002
    4801      19     1.240000     1.280000   7.733813E+000   2.325875E+000   7.725357E+000   2.317607E+000   5.407939E+000   5.407750E+000   1.891167E-004
    4801      20     1.280000     1.340000   1.109154E+001   3.331760E+000   1.107802E+001   3.323405E+000   7.759783E+000   7.754611E+000   5.171773E-003
    4801      21     1.340000     1.420000   1.012492E+001   3.042438E+000   1.011687E+001   3.035062E+000   7.082483E+000   7.081811E+000   6.726758E-004
    4801      22     1.420000     1.460000   4.444646E+000   1.228744E+000   4.295541E+000   1.288662E+000   3.215902E+000   3.006879E+000   2.090235E-001
    4801      23     1.460000     1.490000   3.316959E+000   9.942077E-001   3.312587E+000   9.937760E-001   2.322751E+000   2.318811E+000   3.940393E-003
    4801      24     1.490000     1.520000   3.416012E+000   1.025619E+000   3.413705E+000   1.024112E+000   2.390392E+000   2.389594E+000   7.984110E-004
    4801      25     1.520000     1.680000   2.089115E+001   6.135477E+000   2.069868E+001   6.209605E+000   1.475567E+001   1.448908E+001   2.665935E-001
    4801      26     1.680000     1.740000   7.400301E+000   2.221615E+000   7.397806E+000   2.219342E+000   5.178686E+000   5.178464E+000   2.218727E-004
    4801      27     1.740000     1.820000   6.859941E+000   2.059223E+000   6.858003E+000   2.057401E+000   4.800718E+000   4.800602E+000   1.153529E-004
    4801      28     1.820000     1.940000   7.844991E+000   2.347879E+000   7.835628E+000   2.350688E+000   5.497112E+000   5.484940E+000   1.217256E-002
    4801      29     1.940000     2.200000   1.524385E+001   3.556247E+000   1.322264E+001   3.966793E+000   1.168760E+001   9.255850E+000   2.431752E+000
    4801      30     2.200000     2.300000   5.897529E+000   1.769630E+000   5.896831E+000   1.769049E+000   4.127898E+000   4.127781E+000   1.167265E-004
    4801      31     2.300000     2.450000   6.412228E+000   1.924052E+000   6.411672E+000   1.923501E+000   4.488176E+000   4.488170E+000   6.245275E-006
    4801      32     2.450000     2.550000   2.808749E+000   8.424444E-001   2.808201E+000   8.424602E-001   1.966305E+000   1.965741E+000   5.643349E-004
    4801      33     2.550000     2.650000   2.466453E+000   7.354552E-001   2.461193E+000   7.383578E-001   1.730998E+000   1.722835E+000   8.163343E-003
    4801      34     2.650000     2.900000   5.107089E+000   3.711092E-001   1.708097E+000   5.124292E-001   4.735980E+000   1.195668E+000   3.540312E+000
    4801      35     2.900000     3.200000   4.829501E+000   1.440608E+000   4.819881E+000   1.445964E+000   3.388893E+000   3.373917E+000   1.497655E-002
    4801      36     3.200000     3.500000   4.479548E+000   1.343911E+000   4.479427E+000   1.343828E+000   3.135637E+000   3.135599E+000   3.760153E-005
    4801      37     3.500000     3.900000   5.317470E+000   1.592382E+000   5.314133E+000   1.594240E+000   3.725088E+000   3.719893E+000   5.195387E-003
    4801      38     3.900000     5.500000   8.889375E+000   1.775286E+000   6.391158E+000   1.917347E+000   7.114089E+000   4.473811E+000   2.640278E+000
    4801      39     5.500000     6.500000   2.171822E+000   6.515464E-001   2.171813E+000   6.515439E-001   1.520275E+000   1.520269E+000   6.047963E-006
    4801      40     6.500000     7.000000   6.459457E-001   1.937835E-001   6.459440E-001   1.937832E-001   4.521622E-001   4.521608E-001   1.431875E-006
    4801      41     7.000000     9.000000   1.525571E+000   4.557262E-001   1.523397E+000   4.570192E-001   1.069845E+000   1.066378E+000   3.466863E-003
    4801      42     9.000000    20.000000   1.633159E+000   3.792288E-001   1.325136E+000   3.975407E-001   1.253930E+000   9.275951E-001   3.263351E-001
    4901       1     0.200000     0.300000   5.582456E-006   2.938599E-006   3.776939E-006   1.133082E-006   2.643857E-006   2.643857E-006  -4.911299E-015
    4901       2     0.300000     0.345000   2.557270E-003   1.160959E-003   1.994730E-003   5.984189E-004   1.396311E-003   1.396311E-003   9.565853E-013
    4901       3     0.345000     0.385000   2.512764E-003   1.006153E-003   2.152302E-003   6.456906E-004   1.506611E-003   1.506611E-003  -5.730525E-013
    4901       4     0.385000     0.420000   1.293223E-002   4.781073E-003   1.164451E-002   3.493352E-003   8.151155E-003   8.151155E-003  -3.218302E-012
    4901       5     0.420000     0.450000   2.349464E-002   8.255229E-003   2.177059E-002   6.531176E-003   1.523941E-002   1.523941E-002  -5.977233E-012
    4901       6     0.450000     0.500000   1.310848E-001   4.421893E-002   1.240940E-001   3.722821E-002   8.686582E-002   8.686582E-002   2.103748E-011
    4901       7     0.500000     0.550000   1.748537E-001   5.680007E-002   1.686481E-001   5.059442E-002   1.180536E-001   1.180536E-001  -3.234255E-011
    4901       8     0.550000     0.610000   2.295775E-001   7.279690E-002   2.239723E-001   6.719170E-002   1.567806E-001   1.567806E-001   6.662360E-011
    4901       9     0.610000     0.690000   5.693172E-001   1.769141E-001   5.605758E-001   1.681727E-001   3.924031E-001   3.924031E-001   3.666251E-011
    4901      10     0.690000     0.780000   2.472789E+000   7.577010E-001   2.450126E+000   7.350378E-001   1.715088E+000   1.715088E+000   5.338530E-011
    4901      11     0.780000     0.800000   1.063069E+000   3.241398E-001   1.055609E+000   3.166826E-001   7.389296E-001   7.389261E-001   3.475298E-006
    4901      12     0.800000     0.870000   5.878988E+000   1.787489E+000   5.844998E+000   1.753499E+000   4.091499E+000   4.091499E+000   5.693158E-007
    4901      13     0.870000     0.880000   8.736691E-001   2.649442E-001   8.695960E-001   2.608788E-001   6.087248E-001   6.087172E-001   7.626989E-006
    4901      14     0.880000     1.030000   2.249240E+001   6.799491E+000   2.241845E+001   6.725534E+000   1.569291E+001   1.569291E+001   2.896099E-007
    4901      15     1.030000     1.080000   9.248799E+000   2.788382E+000   9.227951E+000   2.768385E+000   6.460417E+000   6.459565E+000   8.516966E-004
    4901      16     1.080000     1.140000   1.173685E+001   3.535822E+000   1.171566E+001   3.514699E+000   8.201028E+000   8.200963E+000   6.428316E-005
    4901      17     1.140000     1.200000   1.143670E+001   3.442659E+000   1.142004E+001   3.426012E+000   7.994037E+000   7.994027E+000   1.047645E-005
    4901      18     1.200000     1.240000   8.097833E+000   2.419670E+000   8.068684E+000   2.420605E+000   5.678163E+000   5.648079E+000   3.008379E-002
    4901      19     1.240000     1.280000   7.733813E+000   2.325875E+000   7.725357E+000   2.317607E+000   5.407939E+000   5.407750E+000   1.888732E-004
    4901      20     1.280000     1.340000   1.109154E+001   3.331760E+000   1.107802E+001   3.323405E+000   7.759783E+000   7.754611E+000   5.171929E-003
    4901      21     1.340000     1.420000   1.012492E+001   3.042438E+000   1.011687E+001   3.035062E+000   7.082483E+000   7.081811E+000   6.723350E-004
    4901      22     1.420000     1.460000   4.444646E+000   1.228755E+000   4.295552E+000   1.288665E+000   3.215891E+000   3.006886E+000   2.090047E-001
    4901      23     1.460000     1.490000   3.316959E+000   9.942080E-001   3.312587E+000   9.937761E-001   2.322751E+000   2.318811E+000   3.939932E-003
    4901      24     1.490000     1.520000   3.416012E+000   1.025620E+000   3.413706E+000   1.024112E+000   2.390392E+000   2.389594E+000   7.978850E-004
    4901      25     1.520000     1.680000   2.089115E+001   6.135494E+000   2.069870E+001   6.209609E+000   1.475565E+001   1.448909E+001   2.665672E-001
    4901      26     1.680000     1.740000   7.400301E+000   2.221615E+000   7.397807E+000   2.219342E+000   5.178686E+000   5.178465E+000   2.215880E-004
    4901      27     1.740000     1.820000   6.859941E+000   2.059224E+000   6.858005E+000   2.057401E+000   4.800717E+000   4.800603E+000   1.136498E-004
    4901      28     1.820000     1.940000   7.844991E+000   2.347892E+000   7.835643E+000   2.350693E+000   5.497099E+000   5.484950E+000   1.214951E-002
    4901      29     1.940000     2.200000   1.524385E+001   3.557027E+000   1.322371E+001   3.967113E+000   1.168682E+001   9.256597E+000   2.430226E+000
    4901      30     2.200000     2.300000   5.897529E+000   1.769631E+000   5.896831E+000   1.769049E+000   4.127898E+000   4.127782E+000   1.165255E-004
    4901      31     2.300000     2.450000   6.412228E+000   1.924052E+000   6.411672E+000   1.923501E+000   4.488176E+000   4.488170E+000   6.236060E-006
    4901      32     2.450000     2.550000   2.808749E+000   8.424469E-001   2.808204E+000   8.424611E-001   1.966302E+000   1.965743E+000   5.598089E-004
    4901      33     2.550000     2.650000   2.466453E+000   7.354748E-001   2.461215E+000   7.383644E-001   1.730979E+000   1.722850E+000   8.128298E-003
    4901      34     2.650000     2.900000   5.107089E+000   3.716793E-001   1.710273E+000   5.130818E-001   4.735410E+000   1.197191E+000   3.538219E+000
    4901      35     2.900000     3.200000   4.829501E+000   1.440628E+000   4.819904E+000   1.445971E+000   3.388873E+000   3.373933E+000   1.494005E-002
    4901      36     3.200000     3.500000   4.479548E+000   1.343911E+000   4.479427E+000   1.343828E+000   3.135637E+000   3.135599E+000   3.735990E-005
    4901      37     3.500000     3.900000   5.317470E+000   1.592381E+000   5.314132E+000   1.594240E+000   3.725089E+000   3.719893E+000   5.196411E-003
    4901      38     3.900000     5.500000   8.889375E+000   1.775579E+000   6.391742E+000   1.917523E+000   7.113796E+000   4.474220E+000   2.639577E+000
    4901      39     5.500000     6.500000   2.171822E+000   6.515464E-001   2.171813E+000   6.515439E-001   1.520275E+000   1.520269E+000   6.011134E-006
    4901      40     6.500000     7.000000   6.459457E-001   1.937835E-001   6.459440E-001   1.937832E-001   4.521622E-001   4.521608E-001   1.424838E-006
    4901      41     7.000000     9.000000   1.525571E+000   4.557263E-001   1.523397E+000   4.570192E-001   1.069845E+000   1.066378E+000   3.466728E-003
    4901      42     9.000000    20.000000   1.633159E+000   3.794916E-001   1.325684E+000   3.977051E-001   1.253667E+000   9.279787E-001   3.256886E-001
    5001       1     0.200000     0.300000   5.582456E-006   2.938599E-006   3.776939E-006   1.133082E-006   2.643857E-006   2.643857E-006  -4.911299E-015
    5001       2     0.300000     0.345000   2.557270E-003   1.160959E-003   1.994730E-003   5.984189E-004   1.396311E-003   1.396311E-003   9.565853E-013
    5001       3     0.345000     0.385000   2.512764E-003   1.006153E-003   2.152302E-003   6.456906E-004   1.506611E-003   1.506611E-003  -5.730525E-013
    5001       4     0.385000     0.420000   1.293223E-002   4.781073E-003   1.164451E-002   3.493352E-003   8.151155E-003   8.151155E-003  -1.211854E-012
    5001       5     0.420000     0.450000   2.349464E-002   8.255229E-003   2.177059E-002   6.531176E-003   1.523941E-002   1.523941E-002  -2.647972E-012
    5001       6     0.450000     0.500000   1.310848E-001   4.421893E-002   1.240940E-001   3.722821E-002   8.686582E-002   8.686582E-002   2.820807E-011
    5001       7     0.500000     0.550000   1.748537E-001   5.680007E-002   1.686481E-001   5.059442E-002   1.180536E-001   1.180536E-001  -2.666389E-011
    5001       8     0.550000     0.610000   2.295775E-001   7.279690E-002   2.239723E-001   6.719170E-002   1.567806E-001   1.567806E-001   1.710088E-011
    5001       9     0.610000     0.690000   5.693172E-001   1.769141E-001   5.605758E-001   1.681727E-001   3.924031E-001   3.924031E-001   1.969186E-011
    5001      10     0.690000     0.780000   2.472789E+000   7.577010E-001   2.450126E+000   7.350378E-001   1.715088E+000   1.715088E+000   2.957412E-011
    5001      11     0.780000     0.800000   1.063069E+000   3.241398E-001   1.055609E+000   3.166826E-001   7.389296E-001   7.389261E-001   3.475197E-006
    5001      12     0.800000     0.870000   5.878988E+000   1.787489E+000   5.844998E+000   1.753499E+000   4.091499E+000   4.091499E+000   5.696106E-007
    5001      13     0.870000     0.880000   8.736691E-001   2.649442E-001   8.695960E-001   2.608788E-001   6.087248E-001   6.087172E-001   7.622441E-006
    5001      14     0.880000     1.030000   2.249240E+001   6.799491E+000   2.241845E+001   6.725534E+000   1.569291E+001   1.569291E+001   2.892633E-007
    5001      15     1.030000     1.080000   9.248799E+000   2.788382E+000   9.227951E+000   2.768385E+000   6.460417E+000   6.459566E+000   8.516754E-004
    5001      16     1.080000     1.140000   1.173685E+001   3.535822E+000   1.171566E+001   3.514699E+000   8.201028E+000   8.200963E+000   6.427608E-005
    5001      17     1.140000     1.200000   1.143670E+001   3.442659E+000   1.142004E+001   3.426012E+000   7.994037E+000   7.994027E+000   1.047577E-005
    5001      18     1.200000     1.240000   8.097833E+000   2.419670E+000   8.068684E+000   2.420605E+000   5.678162E+000   5.648079E+000   3.008327E-002
    5001      19     1.240000     1.280000   7.733813E+000   2.325875E+000   7.725357E+000   2.317607E+000   5.407938E+000   5.407750E+000   1.886359E-004
    5001      20     1.280000     1.340000   1.109154E+001   3.331760E+000   1.107802E+001   3.323405E+000   7.759783E+000   7.754611E+000   5.172083E-003
    5001      21     1.340000     1.420000   1.012492E+001   3.042438E+000   1.011687E+001   3.035062E+000   7.082483E+000   7.081811E+000   6.720012E-004
    5001      22     1.420000     1.460000   4.444646E+000   1.228766E+000   4.295562E+000   1.288669E+000   3.215880E+000   3.006893E+000   2.089867E-001
    5001      23     1.460000     1.490000   3.316959E+000   9.942082E-001   3.312587E+000   9.937762E-001   2.322751E+000   2.318811E+000   3.939479E-003
    5001      24     1.490000     1.520000   3.416012E+000   1.025620E+000   3.413706E+000   1.024112E+000   2.390392E+000   2.389594E+000   7.973728E-004
    5001      25     1.520000     1.680000   2.089115E+001   6.135510E+000   2.069871E+001   6.209613E+000   1.475564E+001   1.448910E+001   2.665416E-001
    5001      26     1.680000     1.740000   7.400301E+000   2.221615E+000   7.397807E+000   2.219342E+000   5.178686E+000   5.178465E+000   2.213110E-004
    5001      27     1.740000     1.820000   6.859941E+000   2.059225E+000   6.858006E+000   2.057402E+000   4.800716E+000   4.800604E+000   1.119965E-004
    5001      28     1.820000     1.940000   7.844991E+000   2.347904E+000   7.835657E+000   2.350697E+000   5.497087E+000   5.484960E+000   1.212714E-002
    5001      29     1.940000     2.200000   1.524385E+001   3.557792E+000   1.322476E+001   3.967427E+000   1.168606E+001   9.257329E+000   2.428729E+000
    5001      30     2.200000     2.300000   5.897529E+000   1.769631E+000   5.896831E+000   1.769049E+000   4.127898E+000   4.127782E+000   1.163290E-004
    5001      31     2.300000     2.450000   6.412228E+000   1.924052E+000   6.411672E+000   1.923501E+000   4.488176E+000   4.488170E+000   6.227070E-006
    5001      32     2.450000     2.550000   2.808749E+000   8.424494E-001   2.808206E+000   8.424619E-001   1.966300E+000   1.965744E+000   5.553990E-004
    5001      33     2.550000     2.650000   2.466453E+000   7.354938E-001   2.461236E+000   7.383708E-001   1.730960E+000   1.722865E+000   8.094475E-003
    5001      34     2.650000     2.900000   5.107089E+000   3.722402E-001   1.712406E+000   5.137217E-001   4.734849E+000   1.198684E+000   3.536165E+000
    5001      35     2.900000     3.200000   4.829501E+000   1.440648E+000   4.819927E+000   1.445978E+000   3.388853E+000   3.373949E+000   1.490434E-002
    5001      36     3.200000     3.500000   4.479548E+000   1.343911E+000   4.479428E+000   1.343828E+000   3.135636E+000   3.135599E+000   3.712471E-005
    5001      37     3.500000     3.900000   5.317470E+000   1.592381E+000   5.314132E+000   1.594239E+000   3.725090E+000   3.719892E+000   5.197424E-003
    5001      38     3.900000     5.500000   8.889375E+000   1.775865E+000   6.392313E+000   1.917694E+000   7.113510E+000   4.474619E+000   2.638891E+000
    5001      39     5.500000     6.500000   2.171822E+000   6.515465E-001   2.171813E+000   6.515439E-001   1.520275E+000   1.520269E+000   5.975457E-006
    5001      40     6.500000     7.000000   6.459457E-001   1.937835E-001   6.459440E-001   1.937832E-001   4.521622E-001   4.521608E-001   1.418005E-006
    5001      41     7.000000     9.000000   1.525571E+000   4.557263E-001   1.523397E+000   4.570192E-001   1.069845E+000   1.066378E+000   3.466595E-003
    5001      42     9.000000    20.000000   1.633159E+000   3.797490E-001   1.326221E+000   3.978664E-001   1.253410E+000   9.283549E-001   3.250550E-001
    5101       1     0.200000     0.300000   5.582456E-006   2.938599E-006   3.776939E-006   1.133082E-006   2.643857E-006   2.643857E-006  -4.911299E-015
    5101       2     0.300000     0.345000   2.557270E-003   1.160959E-003   1.994730E-003   5.984189E-004   1.396311E-003   1.396311E-003   9.565853E-013
    5101       3     0.345000     0.385000   2.512764E-003   1.006153E-003   2.152302E-003   6.456906E-004   1.506611E-003   1.506611E-003  -5.730525E-013
    5101       4     0.385000     0.420000   1.293223E-002   4.781073E-003   1.164451E-002   3.493352E-003   8.151155E-003   8.151155E-003  -2.194658E-012
    5101       5     0.420000     0.450000   2.349464E-002   8.255229E-003   2.177059E-002   6.531176E-003   1.523941E-002   1.523941E-002  -5.725403E-013
    5101       6     0.450000     0.500000   1.310848E-001   4.421893E-002   1.240940E-001   3.722821E-002   8.686582E-002   8.686582E-002   3.027023E-012
    5101       7     0.500000     0.550000   1.748537E-001   5.680007E-002   1.686481E-001   5.059442E-002   1.180536E-001   1.180536E-001  -3.750314E-011
    5101       8     0.550000     0.610000   2.295775E-001   7.279690E-002   2.239723E-001   6.719170E-002   1.567806E-001   1.567806E-001   2.039632E-011
    5101       9     0.610000     0.690000   5.693172E-001   1.769141E-001   5.605758E-001   1.681727E-001   3.924031E-001   3.924031E-001  -2.910405E-011
    5101      10     0.690000     0.780000   2.472789E+000   7.577010E-001   2.450126E+000   7.350378E-001   1.715088E+000   1.715088E+000   2.908962E-011
    5101      11     0.780000     0.800000   1.063069E+000   3.241398E-001   1.055609E+000   3.166826E-001   7.389296E-001   7.389261E-001   3.475098E-006
    5101      12     0.800000     0.870000   5.878988E+000   1.787489E+000   5.844998E+000   1.753499E+000   4.091499E+000   4.091499E+000   5.699006E-007
    5101      13     0.870000     0.880000   8.736691E-001   2.649442E-001   8.695960E-001   2.608788E-001   6.087248E-001   6.087172E-001   7.617973E-006
    5101      14     0.880000     1.030000   2.249240E+001   6.799491E+000   2.241845E+001   6.725534E+000   1.569291E+001   1.569291E+001   2.889220E-007
    5101      15     1.030000     1.080000   9.248799E+000   2.788382E+000   9.227951E+000   2.768385E+000   6.460417E+000   6.459566E+000   8.516547E-004
    5101      16     1.080000     1.140000   1.173685E+001   3.535822E+000   1.171566E+001   3.514699E+000   8.201028E+000   8.200963E+000   6.426915E-005
    5101      17     1.140000     1.200000   1.143670E+001   3.442659E+000   1.142004E+001   3.426012E+000   7.994037E+000   7.994027E+000   1.047511E-005
    5101      18     1.200000     1.240000   8.097833E+000   2.419671E+000   8.068685E+000   2.420605E+000   5.678162E+000   5.648079E+000   3.008276E-002
    5101      19     1.240000     1.280000   7.733813E+000   2.325875E+000   7.725357E+000   2.317607E+000   5.407938E+000   5.407750E+000   1.884027E-004
    5101      20     1.280000     1.340000   1.109154E+001   3.331760E+000   1.107802E+001   3.323405E+000   7.759783E+000   7.754611E+000   5.172234E-003
    5101      21     1.340000     1.420000   1.012492E+001   3.042438E+000   1.011687E+001   3.035062E+000   7.082483E+000   7.081811E+000   6.716733E-004
    5101      22     1.420000     1.460000   4.444646E+000   1.228776E+000   4.295572E+000   1.288672E+000   3.215869E+000   3.006900E+000   2.089689E-001
    5101      23     1.460000     1.490000   3.316959E+000   9.942085E-001   3.312588E+000   9.937763E-001   2.322750E+000   2.318811E+000   3.939034E-003
    5101      24     1.490000     1.520000   3.416012E+000   1.025620E+000   3.413706E+000   1.024112E+000   2.390391E+000   2.389594E+000   7.968694E-004
    5101      25     1.520000     1.680000   2.089115E+001   6.135525E+000   2.069872E+001   6.209617E+000   1.475562E+001   1.448911E+001   2.665164E-001
    5101      26     1.680000     1.740000   7.400301E+000   2.221615E+000   7.397807E+000   2.219342E+000   5.178686E+000   5.178465E+000   2.210388E-004
    5101      27     1.740000     1.820000   6.859941E+000   2.059226E+000   6.858007E+000   2.057402E+000   4.800715E+000   4.800605E+000   1.103704E-004
    5101      28     1.820000     1.940000   7.844991E+000   2.347917E+000   7.835670E+000   2.350701E+000   5.497074E+000   5.484969E+000   1.210513E-002
    5101      29     1.940000     2.200000   1.524385E+001   3.558546E+000   1.322578E+001   3.967735E+000   1.168530E+001   9.258049E+000   2.427255E+000
    5101      30     2.200000     2.300000   5.897529E+000   1.769631E+000   5.896831E+000   1.769049E+000   4.127898E+000   4.127782E+000   1.161360E-004
    5101      31     2.300000     2.450000   6.412228E+000   1.924052E+000   6.411672E+000   1.923501E+000   4.488176E+000   4.488170E+000   6.218233E-006
    5101      32     2.450000     2.550000   2.808749E+000   8.424518E-001   2.808209E+000   8.424627E-001   1.966297E+000   1.965746E+000   5.510658E-004
    5101      33     2.550000     2.650000   2.466453E+000   7.355124E-001   2.461257E+000   7.383770E-001   1.730941E+000   1.722880E+000   8.061223E-003
    5101      34     2.650000     2.900000   5.107089E+000   3.727963E-001   1.714512E+000   5.143535E-001   4.734293E+000   1.200158E+000   3.534135E+000
    5101      35     2.900000     3.200000   4.829501E+000   1.440667E+000   4.819949E+000   1.445985E+000   3.388834E+000   3.373964E+000   1.486926E-002
    5101      36     3.200000     3.500000   4.479548E+000   1.343912E+000   4.479428E+000   1.343828E+000   3.135636E+000   3.135599E+000   3.689353E-005
    5101      37     3.500000     3.900000   5.317470E+000   1.592380E+000   5.314131E+000   1.594239E+000   3.725090E+000   3.719892E+000   5.198421E-003
    5101      38     3.900000     5.500000   8.889375E+000   1.776146E+000   6.392876E+000   1.917863E+000   7.113229E+000   4.475013E+000   2.638216E+000
    5101      39     5.500000     6.500000   2.171822E+000   6.515465E-001   2.171813E+000   6.515439E-001   1.520275E+000   1.520269E+000   5.940347E-006
    5101      40     6.500000     7.000000   6.459457E-001   1.937835E-001   6.459440E-001   1.937832E-001   4.521622E-001   4.521608E-001   1.411294E-006
    5101      41     7.000000     9.000000   1.525571E+000   4.557264E-001   1.523397E+000   4.570192E-001   1.069845E+000   1.066378E+000   3.466463E-003
    5101      42     9.000000    20.000000   1.633159E+000   3.800039E-001   1.326753E+000   3.980260E-001   1.253155E+000   9.287273E-001   3.244277E-001
    5201       1     0.200000     0.300000   5.582456E-006   2.938599E-006   3.776939E-006   1.133082E-006   2.643857E-006   2.643857E-006  -4.911299E-015
    5201       2     0.300000     0.345000   2.557270E-003   1.160959E-003   1.994730E-003   5.984189E-004   1.396311E-003   1.396311E-003   9.565853E-013
    5201       3     0.345000     0.385000   2.512764E-003   1.006153E-003   2.152302E-003   6.456906E-004   1.506611E-003   1.506611E-003  -5.730525E-013
    5201       4     0.385000     0.420000   1.293223E-002   4.781073E-003   1.164451E-002   3.493352E-003   8.151155E-003   8.151155E-003  -9.215649E-013
    5201       5     0.420000     0.450000   2.349464E-002   8.255229E-003   2.177059E-002   6.531176E-003   1.523941E-002   1.523941E-002  -2.192401E-012
    5201       6     0.450000     0.500000   1.310848E-001   4.421893E-002   1.240940E-001   3.722821E-002   8.686582E-002   8.686582E-002  -6.516385E-012
    5201       7     0.500000     0.550000   1.748537E-001   5.680007E-002   1.686481E-001   5.059442E-002   1.180536E-001   1.180536E-001  -4.875339E-011
    5201       8     0.550000     0.610000   2.295775E-001   7.279690E-002   2.239723E-001   6.719170E-002   1.567806E-001   1.567806E-001   5.876596E-011
    5201       9     0.610000     0.690000   5.693172E-001   1.769141E-001   5.605758E-001   1.681727E-001   3.924031E-001   3.924031E-001   7.224277E-012
    5201      10     0.690000     0.780000   2.472789E+000   7.577010E-001   2.450126E+000   7.350378E-001   1.715088E+000   1.715088E+000   2.458682E-010
    5201      11     0.780000     0.800000   1.063069E+000   3.241398E-001   1.055609E+000   3.166826E-001   7.389296E-001   7.389261E-001   3.475002E-006
    5201      12     0.800000     0.870000   5.878988E+000   1.787489E+000   5.844998E+000   1.753499E+000   4.091499E+000   4.091499E+000   5.701863E-007
    5201      13     0.870000     0.880000   8.736691E-001   2.649442E-001   8.695960E-001   2.608788E-001   6.087248E-001   6.087172E-001   7.613602E-006
    5201      14     0.880000     1.030000   2.249240E+001   6.799491E+000   2.241845E+001   6.725534E+000   1.569291E+001   1.569291E+001   2.885865E-007
    5201      15     1.030000     1.080000   9.248799E+000   2.788382E+000   9.227951E+000   2.768385E+000   6.460417E+000   6.459566E+000   8.516351E-004
    5201      16     1.080000     1.140000   1.173685E+001   3.535822E+000   1.171566E+001   3.514699E+000   8.201028E+000   8.200963E+000   6.426248E-005
    5201      17     1.140000     1.200000   1.143670E+001   3.442659E+000   1.142004E+001   3.426012E+000   7.994037E+000   7.994027E+000   1.047456E-005
    5201      18     1.200000     1.240000   8.097833E+000   2.419671E+000   8.068685E+000   2.420605E+000   5.678162E+000   5.648079E+000   3.008228E-002
    5201      19     1.240000     1.280000   7.733813E+000   2.325875E+000   7.725357E+000   2.317607E+000   5.407938E+000   5.407750E+000   1.881752E-004
    5201      20     1.280000     1.340000   1.109154E+001   3.331760E+000   1.107802E+001   3.323405E+000   7.759783E+000   7.754611E+000   5.172382E-003
    5201      21     1.340000     1.420000   1.012492E+001   3.042438E+000   1.011687E+001   3.035062E+000   7.082482E+000   7.081811E+000   6.713529E-004
    5201      22     1.420000     1.460000   4.444646E+000   1.228787E+000   4.295582E+000   1.288675E+000   3.215859E+000   3.006907E+000   2.089519E-001
    5201      23     1.460000     1.490000   3.316959E+000   9.942087E-001   3.312588E+000   9.937764E-001   2.322750E+000   2.318812E+000   3.938599E-003
    5201      24     1.490000     1.520000   3.416012E+000   1.025621E+000   3.413707E+000   1.024112E+000   2.390391E+000   2.389595E+000   7.963789E-004
    5201      25     1.520000     1.680000   2.089115E+001   6.135540E+000   2.069874E+001   6.209621E+000   1.475561E+001   1.448912E+001   2.664921E-001
    5201      26     1.680000     1.740000   7.400301E+000   2.221616E+000   7.397807E+000   2.219342E+000   5.178686E+000   5.178465E+000   2.207736E-004
    5201      27     1.740000     1.820000   6.859941E+000   2.059227E+000   6.858008E+000   2.057402E+000   4.800714E+000   4.800605E+000   1.087893E-004
    5201      28     1.820000     1.940000   7.844991E+000   2.347929E+000   7.835684E+000   2.350705E+000   5.497062E+000   5.484979E+000   1.208375E-002
    5201      29     1.940000     2.200000   1.524385E+001   3.559286E+000   1.322679E+001   3.968037E+000   1.168456E+001   9.258754E+000   2.425810E+000
    5201      30     2.200000     2.300000   5.897529E+000   1.769631E+000   5.896831E+000   1.769049E+000   4.127898E+000   4.127782E+000   1.159473E-004
    5201      31     2.300000     2.450000   6.412228E+000   1.924052E+000   6.411672E+000   1.923501E+000   4.488176E+000   4.488170E+000   6.209610E-006
    5201      32     2.450000     2.550000   2.808749E+000   8.424542E-001   2.808212E+000   8.424635E-001   1.966295E+000   1.965748E+000   5.468445E-004
    5201      33     2.550000     2.650000   2.466453E+000   7.355303E-001   2.461277E+000   7.383831E-001   1.730923E+000   1.722894E+000   8.029108E-003
    5201      34     2.650000     2.900000   5.107089E+000   3.733440E-001   1.716579E+000   5.149737E-001   4.733745E+000   1.201605E+000   3.532140E+000
    5201      35     2.900000     3.200000   4.829501E+000   1.440686E+000   4.819971E+000   1.445991E+000   3.388815E+000   3.373980E+000   1.483494E-002
    5201      36     3.200000     3.500000   4.479548E+000   1.343912E+000   4.479428E+000   1.343828E+000   3.135636E+000   3.135599E+000   3.666835E-005
    5201      37     3.500000     3.900000   5.317470E+000   1.592380E+000   5.314130E+000   1.594239E+000   3.725091E+000   3.719891E+000   5.199406E-003
    5201      38     3.900000     5.500000   8.889375E+000   1.776422E+000   6.393426E+000   1.918028E+000   7.112953E+000   4.475398E+000   2.637555E+000
    5201      39     5.500000     6.500000   2.171822E+000   6.515465E-001   2.171813E+000   6.515439E-001   1.520275E+000   1.520269E+000   5.906207E-006
    5201      40     6.500000     7.000000   6.459457E-001   1.937835E-001   6.459440E-001   1.937832E-001   4.521622E-001   4.521608E-001   1.404761E-006
    5201      41     7.000000     9.000000   1.525571E+000   4.557265E-001   1.523398E+000   4.570193E-001   1.069845E+000   1.066378E+000   3.466335E-003
    5201      42     9.000000    20.000000   1.633159E+000   3.802541E-001   1.327276E+000   3.981828E-001   1.252905E+000   9.290932E-001   3.238116E-001
    5301       1     0.200000     0.300000   5.582456E-006   2.938599E-006   3.776939E-006   1.133082E-006   2.643857E-006   2.643857E-006  -4.911299E-015
    5301       2     0.300000     0.345000   2.557270E-003   1.160959E-003   1.994730E-003   5.984189E-004   1.396311E-003   1.396311E-003   9.565853E-013
    5301       3     0.345000     0.385000   2.512764E-003   1.006153E-003   2.152302E-003   6.456906E-004   1.506611E-003   1.506611E-003  -5.730525E-013
    5301       4     0.385000     0.420000   1.293223E-002   4.781073E-003   1.164451E-002   3.493352E-003   8.151155E-003   8.151155E-003  -1.190371E-012
    5301       5     0.420000     0.450000   2.349464E-002   8.255229E-003   2.177059E-002   6.531176E-003   1.523941E-002   1.523941E-002   2.261512E-012
    5301       6     0.450000     0.500000   1.310848E-001   4.421893E-002   1.240940E-001   3.722821E-002   8.686582E-002   8.686582E-002  -1.803335E-011
    5301       7     0.500000     0.550000   1.748537E-001   5.680007E-002   1.686481E-001   5.059442E-002   1.180536E-001   1.180536E-001  -4.864723E-011
    5301       8     0.550000     0.610000   2.295775E-001   7.279690E-002   2.239723E-001   6.719170E-002   1.567806E-001   1.567806E-001   4.642231E-011
    5301       9     0.610000     0.690000   5.693172E-001   1.769141E-001   5.605758E-001   1.681727E-001   3.924031E-001   3.924031E-001   8.229861E-012
    5301      10     0.690000     0.780000   2.472789E+000   7.577010E-001   2.450126E+000   7.350378E-001   1.715088E+000   1.715088E+000   2.487681E-010
    5301      11     0.780000     0.800000   1.063069E+000   3.241398E-001   1.055609E+000   3.166826E-001   7.389296E-001   7.389261E-001   3.474912E-006
    5301      12     0.800000     0.870000   5.878988E+000   1.787489E+000   5.844998E+000   1.753499E+000   4.091499E+000   4.091499E+000   5.704680E-007
    5301      13     0.870000     0.880000   8.736691E-001   2.649442E-001   8.695960E-001   2.608788E-001   6.087248E-001   6.087172E-001   7.609320E-006
    5301      14     0.880000     1.030000   2.249240E+001   6.799491E+000   2.241845E+001   6.725534E+000   1.569291E+001   1.569291E+001   2.882629E-007
    5301      15     1.030000     1.080000   9.248799E+000   2.788382E+000   9.227951E+000   2.768385E+000   6.460417E+000   6.459566E+000   8.516167E-004
    5301      16     1.080000     1.140000   1.173685E+001   3.535822E+000   1.171566E+001   3.514699E+000   8.201028E+000   8.200963E+000   6.425606E-005
    5301      17     1.140000     1.200000   1.143670E+001   3.442659E+000   1.142004E+001   3.426012E+000   7.994037E+000   7.994027E+000   1.047413E-005
    5301      18     1.200000     1.240000   8.097833E+000   2.419671E+000   8.068685E+000   2.420606E+000   5.678161E+000   5.648080E+000   3.008183E-002
    5301      19     1.240000     1.280000   7.733813E+000   2.325875E+000   7.725357E+000   2.317607E+000   5.407938E+000   5.407750E+000   1.879533E-004
    5301      20     1.280000     1.340000   1.109154E+001   3.331760E+000   1.107802E+001   3.323405E+000   7.759783E+000   7.754611E+000   5.172526E-003
    5301      21     1.340000     1.420000   1.012492E+001   3.042439E+000   1.011687E+001   3.035062E+000   7.082482E+000   7.081811E+000   6.710398E-004
    5301      22     1.420000     1.460000   4.444646E+000   1.228796E+000   4.295591E+000   1.288677E+000   3.215849E+000   3.006914E+000   2.089355E-001
    5301      23     1.460000     1.490000   3.316959E+000   9.942090E-001   3.312588E+000   9.937765E-001   2.322750E+000   2.318812E+000   3.938173E-003
    5301      24     1.490000     1.520000   3.416012E+000   1.025621E+000   3.413707E+000   1.024112E+000   2.390391E+000   2.389595E+000   7.959010E-004
    5301      25     1.520000     1.680000   2.089115E+001   6.135555E+000   2.069875E+001   6.209625E+000   1.475559E+001   1.448912E+001   2.664684E-001
    5301      26     1.680000     1.740000   7.400301E+000   2.221616E+000   7.397807E+000   2.219342E+000   5.178686E+000   5.178465E+000   2.205154E-004
    5301      27     1.740000     1.820000   6.859941E+000   2.059228E+000   6.858009E+000   2.057403E+000   4.800713E+000   4.800606E+000   1.072527E-004
    5301      28     1.820000     1.940000   7.844991E+000   2.347940E+000   7.835697E+000   2.350709E+000   5.497051E+000   5.484988E+000   1.206297E-002
    5301      29     1.940000     2.200000   1.524385E+001   3.560014E+000   1.322778E+001   3.968334E+000   1.168384E+001   9.259445E+000   2.424391E+000
    5301      30     2.200000     2.300000   5.897529E+000   1.769631E+000   5.896831E+000   1.769049E+000   4.127898E+000   4.127782E+000   1.157628E-004
    5301      31     2.300000     2.450000   6.412228E+000   1.924052E+000   6.411672E+000   1.923501E+000   4.488176E+000   4.488170E+000   6.201196E-006
    5301      32     2.450000     2.550000   2.808749E+000   8.424565E-001   2.808214E+000   8.424643E-001   1.966293E+000   1.965750E+000   5.427324E-004
    5301      33     2.550000     2.650000   2.466453E+000   7.355477E-001   2.461296E+000   7.383889E-001   1.730906E+000   1.722908E+000   7.998123E-003
    5301      34     2.650000     2.900000   5.107089E+000   3.738834E-001   1.718608E+000   5.155824E-001   4.733206E+000   1.203026E+000   3.530180E+000
    5301      35     2.900000     3.200000   4.829501E+000   1.440705E+000   4.819992E+000   1.445998E+000   3.388796E+000   3.373995E+000   1.480134E-002
    5301      36     3.200000     3.500000   4.479548E+000   1.343912E+000   4.479428E+000   1.343828E+000   3.135636E+000   3.135600E+000   3.644907E-005
    5301      37     3.500000     3.900000   5.317470E+000   1.592379E+000   5.314130E+000   1.594239E+000   3.725091E+000   3.719891E+000   5.200382E-003
    5301      38     3.900000     5.500000   8.889375E+000   1.776691E+000   6.393964E+000   1.918189E+000   7.112684E+000   4.475775E+000   2.636909E+000
    5301      39     5.500000     6.500000   2.171822E+000   6.515465E-001   2.171813E+000   6.515439E-001   1.520275E+000   1.520269E+000   5.873036E-006
    5301      40     6.500000     7.000000   6.459457E-001   1.937835E-001   6.459440E-001   1.937832E-001   4.521622E-001   4.521608E-001   1.398405E-006
    5301      41     7.000000     9.000000   1.525571E+000   4.557265E-001   1.523398E+000   4.570193E-001   1.069845E+000   1.066378E+000   3.466209E-003
    5301      42     9.000000    20.000000   1.633159E+000   3.804995E-001   1.327789E+000   3.983368E-001   1.252659E+000   9.294526E-001   3.232068E-001
    5401       1     0.200000     0.300000   5.582456E-006   2.938599E-006   3.776939E-006   1.133082E-006   2.643857E-006   2.643857E-006  -4.911299E-015
    5401       2     0.300000     0.345000   2.557270E-003   1.160959E-003   1.994730E-003   5.984189E-004   1.396311E-003   1.396311E-003   9.565853E-013
    5401       3     0.345000     0.385000   2.512764E-003   1.006153E-003   2.152302E-003   6.456906E-004   1.506611E-003   1.506611E-003  -5.730525E-013
    5401       4     0.385000     0.420000   1.293223E-002   4.781073E-003   1.164451E-002   3.493352E-003   8.151155E-003   8.151155E-003   1.085378E-012
    5401       5     0.420000     0.450000   2.349464E-002   8.255229E-003   2.177059E-002   6.531176E-003   1.523941E-002   1.523941E-002   9.567225E-013
    5401       6     0.450000     0.500000   1.310848E-001   4.421893E-002   1.240940E-001   3.722821E-002   8.686582E-002   8.686582E-002  -8.089682E-012
    5401       7     0.500000     0.550000   1.748537E-001   5.680007E-002   1.686481E-001   5.059442E-002   1.180536E-001   1.180536E-001  -4.924018E-011
    5401       8     0.550000     0.610000   2.295775E-001   7.279690E-002   2.239723E-001   6.719170E-002   1.567806E-001   1.567806E-001   2.669223E-011
    5401       9     0.610000     0.690000   5.693172E-001   1.769141E-001   5.605758E-001   1.681727E-001   3.924031E-001   3.924031E-001  -3.428097E-011
    5401      10     0.690000     0.780000   2.472789E+000   7.577010E-001   2.450126E+000   7.350378E-001   1.715088E+000   1.715088E+000   1.421534E-010
    5401      11     0.780000     0.800000   1.063069E+000   3.241398E-001   1.055609E+000   3.166826E-001   7.389296E-001   7.389261E-001   3.474823E-006
    5401      12     0.800000     0.870000   5.878988E+000   1.787489E+000   5.844998E+000   1.753499E+000   4.091499E+000   4.091499E+000   5.707447E-007
    5401      13     0.870000     0.880000   8.736691E-001   2.649442E-001   8.695960E-001   2.608788E-001   6.087248E-001   6.087172E-001   7.605112E-006
    5401      14     0.880000     1.030000   2.249240E+001   6.799491E+000   2.241845E+001   6.725534E+000   1.569291E+001   1.569291E+001   2.879459E-007
    5401      15     1.030000     1.080000   9.248799E+000   2.788382E+000   9.227951E+000   2.768385E+000   6.460417E+000   6.459566E+000   8.515986E-004
    5401      16     1.080000     1.140000   1.173685E+001   3.535822E+000   1.171566E+001   3.514699E+000   8.201028E+000   8.200963E+000   6.424978E-005
    5401      17     1.140000     1.200000   1.143670E+001   3.442659E+000   1.142004E+001   3.426012E+000   7.994037E+000   7.994027E+000   1.047370E-005
    5401      18     1.200000     1.240000   8.097833E+000   2.419672E+000   8.068685E+000   2.420606E+000   5.678161E+000   5.648080E+000   3.008139E-002
    5401      19     1.240000     1.280000   7.733813E+000   2.325875E+000   7.725357E+000   2.317607E+000   5.407938E+000   5.407750E+000   1.877353E-004
    5401      20     1.280000     1.340000   1.109154E+001   3.331760E+000   1.107801E+001   3.323404E+000   7.759783E+000   7.754610E+000   5.172668E-003
    5401      21     1.340000     1.420000   1.012492E+001   3.042439E+000   1.011687E+001   3.035062E+000   7.082482E+000   7.081811E+000   6.707322E-004
    5401      22     1.420000     1.460000   4.444646E+000   1.228806E+000   4.295601E+000   1.288680E+000   3.215840E+000   3.006920E+000   2.089194E-001
    5401      23     1.460000     1.490000   3.316959E+000   9.942092E-001   3.312588E+000   9.937765E-001   2.322750E+000   2.318812E+000   3.937755E-003
    5401      24     1.490000     1.520000   3.416012E+000   1.025621E+000   3.413707E+000   1.024112E+000   2.390390E+000   2.389595E+000   7.954313E-004
    5401      25     1.520000     1.680000   2.089115E+001   6.135570E+000   2.069876E+001   6.209629E+000   1.475558E+001   1.448913E+001   2.664453E-001
    5401      26     1.680000     1.740000   7.400301E+000   2.221616E+000   7.397807E+000   2.219342E+000   5.178685E+000   5.178465E+000   2.202616E-004
    5401      27     1.740000     1.820000   6.859941E+000   2.059229E+000   6.858009E+000   2.057403E+000   4.800712E+000   4.800607E+000   1.057413E-004
    5401      28     1.820000     1.940000   7.844991E+000   2.347952E+000   7.835710E+000   2.350713E+000   5.497039E+000   5.484997E+000   1.204254E-002
    5401      29     1.940000     2.200000   1.524385E+001   3.560730E+000   1.322875E+001   3.968625E+000   1.168312E+001   9.260125E+000   2.422995E+000
    5401      30     2.200000     2.300000   5.897529E+000   1.769631E+000   5.896831E+000   1.769049E+000   4.127898E+000   4.127782E+000   1.155815E-004
    5401      31     2.300000     2.450000   6.412228E+000   1.924052E+000   6.411672E+000   1.923501E+000   4.488176E+000   4.488170E+000   6.192925E-006
    5401      32     2.450000     2.550000   2.808749E+000   8.424588E-001   2.808217E+000   8.424650E-001   1.966290E+000   1.965752E+000   5.386909E-004
    5401      33     2.550000     2.650000   2.466453E+000   7.355647E-001   2.461316E+000   7.383947E-001   1.730889E+000   1.722921E+000   7.967654E-003
    5401      34     2.650000     2.900000   5.107089E+000   3.744180E-001   1.720611E+000   5.161832E-001   4.732671E+000   1.204427E+000   3.528244E+000
    5401      35     2.900000     3.200000   4.829501E+000   1.440723E+000   4.820013E+000   1.446004E+000   3.388778E+000   3.374009E+000   1.476833E-002
    5401      36     3.200000     3.500000   4.479548E+000   1.343912E+000   4.479428E+000   1.343828E+000   3.135636E+000   3.135600E+000   3.623349E-005
    5401      37     3.500000     3.900000   5.317470E+000   1.592379E+000   5.314129E+000   1.594239E+000   3.725092E+000   3.719890E+000   5.201341E-003
    5401      38     3.900000     5.500000   8.889375E+000   1.776956E+000   6.394494E+000   1.918348E+000   7.112419E+000   4.476146E+000   2.636273E+000
    5401      39     5.500000     6.500000   2.171822E+000   6.515465E-001   2.171813E+000   6.515440E-001   1.520275E+000   1.520269E+000   5.840392E-006
    5401      40     6.500000     7.000000   6.459457E-001   1.937835E-001   6.459440E-001   1.937832E-001   4.521622E-001   4.521608E-001   1.392163E-006
    5401      41     7.000000     9.000000   1.525571E+000   4.557266E-001   1.523398E+000   4.570193E-001   1.069844E+000   1.066378E+000   3.466085E-003
    5401      42     9.000000    20.000000   1.633159E+000   3.807425E-001   1.328298E+000   3.984893E-001   1.252416E+000   9.298083E-001   3.226081E-001
    5501       1     0.200000     0.300000   5.582456E-006   2.938599E-006   3.776939E-006   1.133082E-006   2.643857E-006   2.643857E-006  -4.911299E-015
    5501       2     0.300000     0.345000   2.557270E-003   1.160959E-003   1.994730E-003   5.984189E-004   1.396311E-003   1.396311E-003   9.565853E-013
    5501       3     0.345000     0.385000   2.512764E-003   1.006153E-003   2.152302E-003   6.456906E-004   1.506611E-003   1.506611E-003  -5.730525E-013
    5501       4     0.385000     0.420000   1.293223E-002   4.781073E-003   1.164451E-002   3.493352E-003   8.151155E-003   8.151155E-003   2.493943E-013
    5501       5     0.420000     0.450000   2.349464E-002   8.255229E-003   2.177059E-002   6.531176E-003   1.523941E-002   1.523941E-002   1.950067E-012
    5501       6     0.450000     0.500000   1.310848E-001   4.421893E-002   1.240940E-001   3.722821E-002   8.686582E-002   8.686582E-002   2.702255E-012
    5501       7     0.500000     0.550000   1.748537E-001   5.680007E-002   1.686481E-001   5.059442E-002   1.180536E-001   1.180536E-001  -2.776102E-011
    5501       8     0.550000     0.610000   2.295775E-001   7.279690E-002   2.239723E-001   6.719170E-002   1.567806E-001   1.567806E-001   5.307035E-011
    5501       9     0.610000     0.690000   5.693172E-001   1.769141E-001   5.605758E-001   1.681727E-001   3.924031E-001   3.924031E-001  -4.957657E-011
    5501      10     0.690000     0.780000   2.472789E+000   7.577010E-001   2.450126E+000   7.350378E-001   1.715088E+000   1.715088E+000   2.233138E-010
    5501      11     0.780000     0.800000   1.063069E+000   3.241398E-001   1.055609E+000   3.166826E-001   7.389296E-001   7.389261E-001   3.474733E-006
    5501      12     0.800000     0.870000   5.878988E+000   1.787489E+000   5.844998E+000   1.753499E+000   4.091499E+000   4.091499E+000   5.710173E-007
    5501      13     0.870000     0.880000   8.736691E-001   2.649442E-001   8.695960E-001   2.608788E-001   6.087248E-001   6.087172E-001   7.600995E-006
    5501      14     0.880000     1.030000   2.249240E+001   6.799491E+000   2.241845E+001   6.725534E+000   1.569291E+001   1.569291E+001   2.876374E-007
    5501      15     1.030000     1.080000   9.248799E+000   2.788382E+000   9.227951E+000   2.768385E+000   6.460417E+000   6.459566E+000   8.515816E-004
    5501      16     1.080000     1.140000   1.173685E+001   3.535822E+000   1.171566E+001   3.514699E+000   8.201028E+000   8.200963E+000   6.424379E-005
    5501      17     1.140000     1.200000   1.143670E+001   3.442659E+000   1.142004E+001   3.426012E+000   7.994037E+000   7.994027E+000   1.047336E-005
    5501      18     1.200000     1.240000   8.097833E+000   2.419672E+000   8.068686E+000   2.420606E+000   5.678161E+000   5.648080E+000   3.008097E-002
    5501      19     1.240000     1.280000   7.733813E+000   2.325876E+000   7.725358E+000   2.317607E+000   5.407938E+000   5.407750E+000   1.875227E-004
    5501      20     1.280000     1.340000   1.109154E+001   3.331760E+000   1.107801E+001   3.323404E+000   7.759783E+000   7.754610E+000   5.172808E-003
    5501      21     1.340000     1.420000   1.012492E+001   3.042439E+000   1.011687E+001   3.035062E+000   7.082482E+000   7.081812E+000   6.704305E-004
    5501      22     1.420000     1.460000   4.444646E+000   1.228815E+000   4.295609E+000   1.288683E+000   3.215830E+000   3.006927E+000   2.089038E-001
    5501      23     1.460000     1.490000   3.316959E+000   9.942094E-001   3.312589E+000   9.937766E-001   2.322749E+000   2.318812E+000   3.937346E-003
    5501      24     1.490000     1.520000   3.416012E+000   1.025621E+000   3.413707E+000   1.024112E+000   2.390390E+000   2.389595E+000   7.949734E-004
    5501      25     1.520000     1.680000   2.089115E+001   6.135584E+000   2.069877E+001   6.209632E+000   1.475556E+001   1.448914E+001   2.664227E-001
    5501      26     1.680000     1.740000   7.400301E+000   2.221616E+000   7.397808E+000   2.219342E+000   5.178685E+000   5.178465E+000   2.200145E-004
    5501      27     1.740000     1.820000   6.859941E+000   2.059230E+000   6.858010E+000   2.057403E+000   4.800712E+000   4.800607E+000   1.042747E-004
    5501      28     1.820000     1.940000   7.844991E+000   2.347963E+000   7.835722E+000   2.350717E+000   5.497028E+000   5.485005E+000   1.202271E-002
    5501      29     1.940000     2.200000   1.524385E+001   3.561433E+000   1.322970E+001   3.968911E+000   1.168242E+001   9.260792E+000   2.421625E+000
    5501      30     2.200000     2.300000   5.897529E+000   1.769631E+000   5.896831E+000   1.769049E+000   4.127897E+000   4.127782E+000   1.154042E-004
    5501      31     2.300000     2.450000   6.412228E+000   1.924052E+000   6.411672E+000   1.923501E+000   4.488176E+000   4.488170E+000   6.184854E-006
    5501      32     2.450000     2.550000   2.808749E+000   8.424610E-001   2.808219E+000   8.424658E-001   1.966288E+000   1.965753E+000   5.347516E-004
    5501      33     2.550000     2.650000   2.466453E+000   7.355812E-001   2.461334E+000   7.384002E-001   1.730872E+000   1.722934E+000   7.938280E-003
    5501      34     2.650000     2.900000   5.107089E+000   3.749434E-001   1.722573E+000   5.167719E-001   4.732146E+000   1.205801E+000   3.526345E+000
    5501      35     2.900000     3.200000   4.829501E+000   1.440741E+000   4.820034E+000   1.446010E+000   3.388760E+000   3.374024E+000   1.473603E-002
    5501      36     3.200000     3.500000   4.479548E+000   1.343912E+000   4.479428E+000   1.343828E+000   3.135636E+000   3.135600E+000   3.602361E-005
    5501      37     3.500000     3.900000   5.317470E+000   1.592378E+000   5.314129E+000   1.594239E+000   3.725092E+000   3.719890E+000   5.202291E-003
    5501      38     3.900000     5.500000   8.889375E+000   1.777215E+000   6.395011E+000   1.918503E+000   7.112160E+000   4.476508E+000   2.635652E+000
    5501      39     5.500000     6.500000   2.171822E+000   6.515465E-001   2.171813E+000   6.515440E-001   1.520275E+000   1.520269E+000   5.808790E-006
    5501      40     6.500000     7.000000   6.459457E-001   1.937835E-001   6.459440E-001   1.937832E-001   4.521622E-001   4.521608E-001   1.386100E-006
    5501      41     7.000000     9.000000   1.525571E+000   4.557267E-001   1.523398E+000   4.570193E-001   1.069844E+000   1.066378E+000   3.465962E-003
    5501      42     9.000000    20.000000   1.633159E+000   3.809802E-001   1.328796E+000   3.986387E-001   1.252179E+000   9.301569E-001   3.220219E-001
    5601       1     0.200000     0.300000   5.582456E-006   2.938599E-006   3.776939E-006   1.133082E-006   2.643857E-006   2.643857E-006  -4.911299E-015
    5601       2     0.300000     0.345000   2.557270E-003   1.160959E-003   1.994730E-003   5.984189E-004   1.396311E-003   1.396311E-003   9.565853E-013
    5601       3     0.345000     0.385000   2.512764E-003   1.006153E-003   2.152302E-003   6.456906E-004   1.506611E-003   1.506611E-003  -5.730525E-013
    5601       4     0.385000     0.420000   1.293223E-002   4.781073E-003   1.164451E-002   3.493352E-003   8.151155E-003   8.151155E-003   1.602860E-012
    5601       5     0.420000     0.450000   2.349464E-002   8.255229E-003   2.177059E-002   6.531176E-003   1.523941E-002   1.523941E-002   3.351000E-013
    5601       6     0.450000     0.500000   1.310848E-001   4.421893E-002   1.240940E-001   3.722821E-002   8.686582E-002   8.686582E-002  -2.545442E-011
    5601       7     0.500000     0.550000   1.748537E-001   5.680007E-002   1.686481E-001   5.059442E-002   1.180536E-001   1.180536E-001   9.359236E-012
    5601       8     0.550000     0.610000   2.295775E-001   7.279690E-002   2.239723E-001   6.719170E-002   1.567806E-001   1.567806E-001   4.811346E-011
    5601       9     0.610000     0.690000   5.693172E-001   1.769141E-001   5.605758E-001   1.681727E-001   3.924031E-001   3.924031E-001  -5.003581E-011
    5601      10     0.690000     0.780000   2.472789E+000   7.577010E-001   2.450126E+000   7.350378E-001   1.715088E+000   1.715088E+000   3.726286E-011
    5601      11     0.780000     0.800000   1.063069E+000   3.241398E-001   1.055609E+000   3.166826E-001   7.389296E-001   7.389261E-001   3.474642E-006
    5601      12     0.800000     0.870000   5.878988E+000   1.787489E+000   5.844998E+000   1.753499E+000   4.091499E+000   4.091499E+000   5.712850E-007
    5601      13     0.870000     0.880000   8.736691E-001   2.649442E-001   8.695960E-001   2.608788E-001   6.087248E-001   6.087172E-001   7.596950E-006
    5601      14     0.880000     1.030000   2.249240E+001   6.799491E+000   2.241845E+001   6.725534E+000   1.569291E+001   1.569291E+001   2.873365E-007
    5601      15     1.030000     1.080000   9.248799E+000   2.788382E+000   9.227951E+000   2.768385E+000   6.460417E+000   6.459566E+000   8.515651E-004
    5601      16     1.080000     1.140000   1.173685E+001   3.535822E+000   1.171566E+001   3.514699E+000   8.201028E+000   8.200963E+000   6.423795E-005
    5601      17     1.140000     1.200000   1.143670E+001   3.442659E+000   1.142004E+001   3.426012E+000   7.994037E+000   7.994027E+000   1.047304E-005
    5601      18     1.200000     1.240000   8.097833E+000   2.419672E+000   8.068686E+000   2.420606E+000   5.678161E+000   5.648080E+000   3.008056E-002
    5601      19     1.240000     1.280000   7.733813E+000   2.325876E+000   7.725358E+000   2.317607E+000   5.407938E+000   5.407750E+000   1.873141E-004
    5601      20     1.280000     1.340000   1.109154E+001   3.331759E+000   1.107801E+001   3.323404E+000   7.759783E+000   7.754610E+000   5.172945E-003
    5601      21     1.340000     1.420000   1.012492E+001   3.042439E+000   1.011687E+001   3.035062E+000   7.082482E+000   7.081812E+000   6.701343E-004
    5601      22     1.420000     1.460000   4.444646E+000   1.228824E+000   4.295618E+000   1.288685E+000   3.215821E+000   3.006933E+000   2.088886E-001
    5601      23     1.460000     1.490000   3.316959E+000   9.942097E-001   3.312589E+000   9.937767E-001   2.322749E+000   2.318812E+000   3.936944E-003
    5601      24     1.490000     1.520000   3.416012E+000   1.025622E+000   3.413708E+000   1.024112E+000   2.390390E+000   2.389595E+000   7.945240E-004
    5601      25     1.520000     1.680000   2.089115E+001   6.135597E+000   2.069879E+001   6.209636E+000   1.475555E+001   1.448915E+001   2.664006E-001
    5601      26     1.680000     1.740000   7.400301E+000   2.221616E+000   7.397808E+000   2.219342E+000   5.178685E+000   5.178465E+000   2.197721E-004
    5601      27     1.740000     1.820000   6.859941E+000   2.059231E+000   6.858011E+000   2.057403E+000   4.800711E+000   4.800608E+000   1.028353E-004
    5601      28     1.820000     1.940000   7.844991E+000   2.347974E+000   7.835734E+000   2.350720E+000   5.497017E+000   5.485014E+000   1.200324E-002
    5601      29     1.940000     2.200000   1.524385E+001   3.562125E+000   1.323064E+001   3.969191E+000   1.168172E+001   9.261447E+000   2.420278E+000
    5601      30     2.200000     2.300000   5.897529E+000   1.769631E+000   5.896832E+000   1.769049E+000   4.127897E+000   4.127782E+000   1.152302E-004
    5601      31     2.300000     2.450000   6.412228E+000   1.924052E+000   6.411672E+000   1.923501E+000   4.488176E+000   4.488170E+000   6.176929E-006
    5601      32     2.450000     2.550000   2.808749E+000   8.424632E-001   2.808222E+000   8.424665E-001   1.966286E+000   1.965755E+000   5.308848E-004
    5601      33     2.550000     2.650000   2.466453E+000   7.355973E-001   2.461352E+000   7.384057E-001   1.730856E+000   1.722947E+000   7.909486E-003
    5601      34     2.650000     2.900000   5.107089E+000   3.754633E-001   1.724507E+000   5.173522E-001   4.731626E+000   1.207155E+000   3.524471E+000
    5601      35     2.900000     3.200000   4.829501E+000   1.440759E+000   4.820054E+000   1.446016E+000   3.388742E+000   3.374038E+000   1.470431E-002
    5601      36     3.200000     3.500000   4.479548E+000   1.343912E+000   4.479428E+000   1.343829E+000   3.135636E+000   3.135600E+000   3.581760E-005
    5601      37     3.500000     3.900000   5.317470E+000   1.592378E+000   5.314128E+000   1.594238E+000   3.725093E+000   3.719890E+000   5.203226E-003
    5601      38     3.900000     5.500000   8.889375E+000   1.777470E+000   6.395519E+000   1.918656E+000   7.111906E+000   4.476864E+000   2.635042E+000
    5601      39     5.500000     6.500000   2.171822E+000   6.515466E-001   2.171813E+000   6.515440E-001   1.520275E+000   1.520269E+000   5.777773E-006
    5601      40     6.500000     7.000000   6.459457E-001   1.937835E-001   6.459440E-001   1.937832E-001   4.521622E-001   4.521608E-001   1.380153E-006
    5601      41     7.000000     9.000000   1.525571E+000   4.557268E-001   1.523398E+000   4.570193E-001   1.069844E+000   1.066378E+000   3.465840E-003
    5601      42     9.000000    20.000000   1.633159E+000   3.812149E-001   1.329288E+000   3.987863E-001   1.251944E+000   9.305014E-001   3.214426E-001
    5701       1     0.200000     0.300000   5.582456E-006   2.938599E-006   3.776939E-006   1.133082E-006   2.643857E-006   2.643857E-006  -4.911299E-015
    5701       2     0.300000     0.345000   2.557270E-003   1.160959E-003   1.994730E-003   5.984189E-004   1.396311E-003   1.396311E-003   9.565853E-013
    5701       3     0.345000     0.385000   2.512764E-003   1.006153E-003   2.152302E-003   6.456906E-004   1.506611E-003   1.506611E-003  -5.730525E-013
    5701       4     0.385000     0.420000   1.293223E-002   4.781073E-003   1.164451E-002   3.493352E-003   8.151155E-003   8.151155E-003   1.701826E-012
    5701       5     0.420000     0.450000   2.349464E-002   8.255229E-003   2.177059E-002   6.531176E-003   1.523941E-002   1.523941E-002   1.260204E-012
    5701       6     0.450000     0.500000   1.310848E-001   4.421893E-002   1.240940E-001   3.722821E-002   8.686582E-002   8.686582E-002  -3.440721E-011
    5701       7     0.500000     0.550000   1.748537E-001   5.680007E-002   1.686481E-001   5.059442E-002   1.180536E-001   1.180536E-001   1.474268E-011
    5701       8     0.550000     0.610000   2.295775E-001   7.279690E-002   2.239723E-001   6.719170E-002   1.567806E-001   1.567806E-001   7.903633E-011
    5701       9     0.610000     0.690000   5.693172E-001   1.769141E-001   5.605758E-001   1.681727E-001   3.924031E-001   3.924031E-001  -5.202716E-011
    5701      10     0.690000     0.780000   2.472789E+000   7.577010E-001   2.450126E+000   7.350378E-001   1.715088E+000   1.715088E+000  -1.884071E-011
    5701      11     0.780000     0.800000   1.063069E+000   3.241398E-001   1.055609E+000   3.166826E-001   7.389296E-001   7.389261E-001   3.474554E-006
    5701      12     0.800000     0.870000   5.878988E+000   1.787489E+000   5.844998E+000   1.753499E+000   4.091499E+000   4.091499E+000   5.715484E-007
    5701      13     0.870000     0.880000   8.736691E-001   2.649442E-001   8.695960E-001   2.608788E-001   6.087248E-001   6.087172E-001   7.592978E-006
    5701      14     0.880000     1.030000   2.249240E+001   6.799491E+000   2.241845E+001   6.725534E+000   1.569291E+001   1.569291E+001   2.870385E-007
    5701      15     1.030000     1.080000   9.248799E+000   2.788382E+000   9.227951E+000   2.768385E+000   6.460417E+000   6.459566E+000   8.515491E-004
    5701      16     1.080000     1.140000   1.173685E+001   3.535822E+000   1.171566E+001   3.514699E+000   8.201028E+000   8.200963E+000   6.423229E-005
    5701      17     1.140000     1.200000   1.143670E+001   3.442659E+000   1.142004E+001   3.426012E+000   7.994037E+000   7.994027E+000   1.047277E-005
    5701      18     1.200000     1.240000   8.097833E+000   2.419672E+000   8.068686E+000   2.420606E+000   5.678160E+000   5.648080E+000   3.008017E-002
    5701      19     1.240000     1.280000   7.733813E+000   2.325876E+000   7.725358E+000   2.317607E+000   5.407938E+000   5.407750E+000   1.871098E-004
    5701      20     1.280000     1.340000   1.109154E+001   3.331759E+000   1.107801E+001   3.323404E+000   7.759783E+000   7.754610E+000   5.173079E-003
    5701      21     1.340000     1.420000   1.012492E+001   3.042439E+000   1.011687E+001   3.035062E+000   7.082482E+000   7.081812E+000   6.698437E-004
    5701      22     1.420000     1.460000   4.444646E+000   1.228833E+000   4.295627E+000   1.288688E+000   3.215812E+000   3.006939E+000   2.088737E-001
    5701      23     1.460000     1.490000   3.316959E+000   9.942099E-001   3.312589E+000   9.937768E-001   2.322749E+000   2.318812E+000   3.936551E-003
    5701      24     1.490000     1.520000   3.416012E+000   1.025622E+000   3.413708E+000   1.024112E+000   2.390390E+000   2.389596E+000   7.940838E-004
    5701      25     1.520000     1.680000   2.089115E+001   6.135611E+000   2.069880E+001   6.209639E+000   1.475554E+001   1.448916E+001   2.663790E-001
    5701      26     1.680000     1.740000   7.400301E+000   2.221616E+000   7.397808E+000   2.219342E+000   5.178685E+000   5.178465E+000   2.195348E-004
    5701      27     1.740000     1.820000   6.859941E+000   2.059231E+000   6.858012E+000   2.057404E+000   4.800710E+000   4.800609E+000   1.014271E-004
    5701      28     1.820000     1.940000   7.844991E+000   2.347985E+000   7.835746E+000   2.350724E+000   5.497006E+000   5.485022E+000   1.198420E-002
    5701      29     1.940000     2.200000   1.524385E+001   3.562806E+000   1.323156E+001   3.969467E+000   1.168104E+001   9.262090E+000   2.418954E+000
    5701      30     2.200000     2.300000   5.897529E+000   1.769631E+000   5.896832E+000   1.769050E+000   4.127897E+000   4.127782E+000   1.150595E-004
    5701      31     2.300000     2.450000   6.412228E+000   1.924052E+000   6.411672E+000   1.923501E+000   4.488176E+000   4.488170E+000   6.169163E-006
    5701      32     2.450000     2.550000   2.808749E+000   8.424653E-001   2.808224E+000   8.424672E-001   1.966284E+000   1.965757E+000   5.270980E-004
    5701      33     2.550000     2.650000   2.466453E+000   7.356130E-001   2.461370E+000   7.384110E-001   1.730840E+000   1.722959E+000   7.881421E-003
    5701      34     2.650000     2.900000   5.107089E+000   3.759768E-001   1.726411E+000   5.179233E-001   4.731112E+000   1.208488E+000   3.522625E+000
    5701      35     2.900000     3.200000   4.829501E+000   1.440776E+000   4.820074E+000   1.446022E+000   3.388725E+000   3.374052E+000   1.467319E-002
    5701      36     3.200000     3.500000   4.479548E+000   1.343912E+000   4.479428E+000   1.343829E+000   3.135636E+000   3.135600E+000   3.561588E-005
    5701      37     3.500000     3.900000   5.317470E+000   1.592377E+000   5.314127E+000   1.594238E+000   3.725093E+000   3.719889E+000   5.204148E-003
    5701      38     3.900000     5.500000   8.889375E+000   1.777719E+000   6.396018E+000   1.918805E+000   7.111656E+000   4.477213E+000   2.634443E+000
    5701      39     5.500000     6.500000   2.171822E+000   6.515466E-001   2.171813E+000   6.515440E-001   1.520275E+000   1.520269E+000   5.747435E-006
    5701      40     6.500000     7.000000   6.459457E-001   1.937835E-001   6.459440E-001   1.937832E-001   4.521622E-001   4.521608E-001   1.374333E-006
    5701      41     7.000000     9.000000   1.525571E+000   4.557268E-001   1.523398E+000   4.570194E-001   1.069844E+000   1.066379E+000   3.465721E-003
    5701      42     9.000000    20.000000   1.633159E+000   3.814462E-001   1.329773E+000   3.989318E-001   1.251713E+000   9.308410E-001   3.208717E-001
    5801       1     0.200000     0.300000   5.582456E-006   2.938599E-006   3.776939E-006   1.133082E-006   2.643857E-006   2.643857E-006  -4.911299E-015
    5801       2     0.300000     0.345000   2.557270E-003   1.160959E-003   1.994730E-003   5.984189E-004   1.396311E-003   1.396311E-003   9.565853E-013
    5801       3     0.345000     0.385000   2.512764E-003   1.006153E-003   2.152302E-003   6.456906E-004   1.506611E-003   1.506611E-003  -5.730525E-013
    5801       4     0.385000     0.420000   1.293223E-002   4.781073E-003   1.164451E-002   3.493352E-003   8.151155E-003   8.151155E-003   2.132596E-012
    5801       5     0.420000     0.450000   2.349464E-002   8.255229E-003   2.177059E-002   6.531176E-003   1.523941E-002   1.523941E-002  -3.469692E-012
    5801       6     0.450000     0.500000   1.310848E-001   4.421893E-002   1.240940E-001   3.722821E-002   8.686582E-002   8.686582E-002  -4.101358E-012
    5801       7     0.500000     0.550000   1.748537E-001   5.680007E-002   1.686481E-001   5.059442E-002   1.180536E-001   1.180536E-001   1.154422E-011
    5801       8     0.550000     0.610000   2.295775E-001   7.279690E-002   2.239723E-001   6.719170E-002   1.567806E-001   1.567806E-001   3.281425E-011
    5801       9     0.610000     0.690000   5.693172E-001   1.769141E-001   5.605758E-001   1.681727E-001   3.924031E-001   3.924031E-001   2.647771E-012
    5801      10     0.690000     0.780000   2.472789E+000   7.577010E-001   2.450126E+000   7.350378E-001   1.715088E+000   1.715088E+000   1.275586E-010
    5801      11     0.780000     0.800000   1.063069E+000   3.241398E-001   1.055609E+000   3.166826E-001   7.389296E-001   7.389261E-001   3.474471E-006
    5801      12     0.800000     0.870000   5.878988E+000   1.787489E+000   5.844998E+000   1.753499E+000   4.091499E+000   4.091499E+000   5.718087E-007
    5801      13     0.870000     0.880000   8.736691E-001   2.649442E-001   8.695961E-001   2.608788E-001   6.087248E-001   6.087172E-001   7.589088E-006
    5801      14     0.880000     1.030000   2.249240E+001   6.799491E+000   2.241845E+001   6.725534E+000   1.569291E+001   1.569291E+001   2.867530E-007
    5801      15     1.030000     1.080000   9.248799E+000   2.788382E+000   9.227951E+000   2.768385E+000   6.460417E+000   6.459566E+000   8.515344E-004
    5801      16     1.080000     1.140000   1.173685E+001   3.535822E+000   1.171566E+001   3.514699E+000   8.201028E+000   8.200963E+000   6.422692E-005
    5801      17     1.140000     1.200000   1.143670E+001   3.442659E+000   1.142004E+001   3.426012E+000   7.994037E+000   7.994027E+000   1.047262E-005
    5801      18     1.200000     1.240000   8.097833E+000   2.419673E+000   8.068686E+000   2.420606E+000   5.678160E+000   5.648080E+000   3.007980E-002
    5801      19     1.240000     1.280000   7.733813E+000   2.325876E+000   7.725358E+000   2.317607E+000   5.407937E+000   5.407751E+000   1.869111E-004
    5801      20     1.280000     1.340000   1.109154E+001   3.331759E+000   1.107801E+001   3.323404E+000   7.759783E+000   7.754610E+000   5.173210E-003
    5801      21     1.340000     1.420000   1.012492E+001   3.042439E+000   1.011687E+001   3.035062E+000   7.082481E+000   7.081812E+000   6.695596E-004
    5801      22     1.420000     1.460000   4.444646E+000   1.228842E+000   4.295635E+000   1.288690E+000   3.215804E+000   3.006944E+000   2.088596E-001
    5801      23     1.460000     1.490000   3.316959E+000   9.942101E-001   3.312589E+000   9.937768E-001   2.322749E+000   2.318813E+000   3.936169E-003
    5801      24     1.490000     1.520000   3.416012E+000   1.025622E+000   3.413708E+000   1.024112E+000   2.390389E+000   2.389596E+000   7.936560E-004
    5801      25     1.520000     1.680000   2.089115E+001   6.135624E+000   2.069881E+001   6.209643E+000   1.475552E+001   1.448917E+001   2.663582E-001
    5801      26     1.680000     1.740000   7.400301E+000   2.221616E+000   7.397808E+000   2.219342E+000   5.178685E+000   5.178466E+000   2.193046E-004
    5801      27     1.740000     1.820000   6.859941E+000   2.059232E+000   6.858013E+000   2.057404E+000   4.800709E+000   4.800609E+000   1.000660E-004
    5801      28     1.820000     1.940000   7.844991E+000   2.347995E+000   7.835758E+000   2.350727E+000   5.496996E+000   5.485030E+000   1.196580E-002
    5801      29     1.940000     2.200000   1.524385E+001   3.563475E+000   1.323246E+001   3.969737E+000   1.168038E+001   9.262719E+000   2.417656E+000
    5801      30     2.200000     2.300000   5.897529E+000   1.769632E+000   5.896832E+000   1.769050E+000   4.127897E+000   4.127782E+000   1.148928E-004
    5801      31     2.300000     2.450000   6.412228E+000   1.924052E+000   6.411672E+000   1.923501E+000   4.488176E+000   4.488170E+000   6.161606E-006
    5801      32     2.450000     2.550000   2.808749E+000   8.424674E-001   2.808226E+000   8.424679E-001   1.966282E+000   1.965758E+000   5.234189E-004
    5801      33     2.550000     2.650000   2.466453E+000   7.356280E-001   2.461387E+000   7.384160E-001   1.730825E+000   1.722971E+000   7.854587E-003
    5801      34     2.650000     2.900000   5.107089E+000   3.764803E-001   1.728273E+000   5.184818E-001   4.730609E+000   1.209791E+000   3.520818E+000
    5801      35     2.900000     3.200000   4.829501E+000   1.440793E+000   4.820093E+000   1.446028E+000   3.388708E+000   3.374065E+000   1.464276E-002
    5801      36     3.200000     3.500000   4.479548E+000   1.343912E+000   4.479429E+000   1.343829E+000   3.135635E+000   3.135600E+000   3.542009E-005
    5801      37     3.500000     3.900000   5.317470E+000   1.592377E+000   5.314127E+000   1.594238E+000   3.725094E+000   3.719889E+000   5.205064E-003
    5801      38     3.900000     5.500000   8.889375E+000   1.777963E+000   6.396503E+000   1.918951E+000   7.111413E+000   4.477552E+000   2.633860E+000
    5801      39     5.500000     6.500000   2.171822E+000   6.515466E-001   2.171813E+000   6.515440E-001   1.520275E+000   1.520269E+000   5.718149E-006
    5801      40     6.500000     7.000000   6.459457E-001   1.937835E-001   6.459440E-001   1.937832E-001   4.521622E-001   4.521608E-001   1.368693E-006
    5801      41     7.000000     9.000000   1.525571E+000   4.557269E-001   1.523398E+000   4.570194E-001   1.069844E+000   1.066379E+000   3.465602E-003
    5801      42     9.000000    20.000000   1.633159E+000   3.816719E-001   1.330247E+000   3.990742E-001   1.251487E+000   9.311731E-001   3.203139E-001
    5901       1     0.200000     0.300000   5.582456E-006   2.938599E-006   3.776939E-006   1.133082E-006   2.643857E-006   2.643857E-006  -4.911299E-015
    5901       2     0.300000     0.345000   2.557270E-003   1.160959E-003   1.994730E-003   5.984189E-004   1.396311E-003   1.396311E-003   9.565853E-013
    5901       3     0.345000     0.385000   2.512764E-003   1.006153E-003   2.152302E-003   6.456906E-004   1.506611E-003   1.506611E-003  -5.730525E-013
    5901       4     0.385000     0.420000   1.293223E-002   4.781073E-003   1.164451E-002   3.493352E-003   8.151155E-003   8.151155E-003   1.290862E-012
    5901       5     0.420000     0.450000   2.349464E-002   8.255229E-003   2.177059E-002   6.531176E-003   1.523941E-002   1.523941E-002  -6.021746E-013
    5901       6     0.450000     0.500000   1.310848E-001   4.421893E-002   1.240940E-001   3.722821E-002   8.686582E-002   8.686582E-002   1.558340E-011
    5901       7     0.500000     0.550000   1.748537E-001   5.680007E-002   1.686481E-001   5.059442E-002   1.180536E-001   1.180536E-001   2.283984E-011
    5901       8     0.550000     0.610000   2.295775E-001   7.279690E-002   2.239723E-001   6.719170E-002   1.567806E-001   1.567806E-001   2.459860E-011
    5901       9     0.610000     0.690000   5.693172E-001   1.769141E-001   5.605758E-001   1.681727E-001   3.924031E-001   3.924031E-001  -3.972200E-011
    5901      10     0.690000     0.780000   2.472789E+000   7.577010E-001   2.450126E+000   7.350378E-001   1.715088E+000   1.715088E+000   3.716778E-010
    5901      11     0.780000     0.800000   1.063069E+000   3.241398E-001   1.055609E+000   3.166826E-001   7.389296E-001   7.389261E-001   3.474388E-006
    5901      12     0.800000     0.870000   5.878988E+000   1.787489E+000   5.844998E+000   1.753499E+000   4.091499E+000   4.091499E+000   5.720642E-007
    5901      13     0.870000     0.880000   8.736691E-001   2.649442E-001   8.695961E-001   2.608788E-001   6.087248E-001   6.087172E-001   7.585262E-006
    5901      14     0.880000     1.030000   2.249240E+001   6.799491E+000   2.241845E+001   6.725534E+000   1.569291E+001   1.569291E+001   2.864719E-007
    5901      15     1.030000     1.080000   9.248799E+000   2.788382E+000   9.227951E+000   2.768385E+000   6.460417E+000   6.459566E+000   8.515198E-004
    5901      16     1.080000     1.140000   1.173685E+001   3.535822E+000   1.171566E+001   3.514699E+000   8.201028E+000   8.200963E+000   6.422166E-005
    5901      17     1.140000     1.200000   1.143670E+001   3.442659E+000   1.142004E+001   3.426012E+000   7.994037E+000   7.994027E+000   1.047248E-005
    5901      18     1.200000     1.240000   8.097833E+000   2.419673E+000   8.068687E+000   2.420606E+000   5.678160E+000   5.648081E+000   3.007943E-002
    5901      19     1.240000     1.280000   7.733813E+000   2.325876E+000   7.725358E+000   2.317607E+000   5.407937E+000   5.407751E+000   1.867157E-004
    5901      20     1.280000     1.340000   1.109154E+001   3.331759E+000   1.107801E+001   3.323404E+000   7.759784E+000   7.754610E+000   5.173340E-003
    5901      21     1.340000     1.420000   1.012492E+001   3.042440E+000   1.011687E+001   3.035062E+000   7.082481E+000   7.081812E+000   6.692804E-004
    5901      22     1.420000     1.460000   4.444646E+000   1.228850E+000   4.295643E+000   1.288693E+000   3.215796E+000   3.006950E+000   2.088457E-001
    5901      23     1.460000     1.490000   3.316959E+000   9.942103E-001   3.312590E+000   9.937769E-001   2.322749E+000   2.318813E+000   3.935792E-003
    5901      24     1.490000     1.520000   3.416012E+000   1.025622E+000   3.413709E+000   1.024113E+000   2.390389E+000   2.389596E+000   7.932352E-004
    5901      25     1.520000     1.680000   2.089115E+001   6.135636E+000   2.069882E+001   6.209646E+000   1.475551E+001   1.448917E+001   2.663377E-001
    5901      26     1.680000     1.740000   7.400301E+000   2.221617E+000   7.397808E+000   2.219342E+000   5.178685E+000   5.178466E+000   2.190782E-004
    5901      27     1.740000     1.820000   6.859941E+000   2.059233E+000   6.858014E+000   2.057404E+000   4.800708E+000   4.800610E+000   9.872630E-005
    5901      28     1.820000     1.940000   7.844991E+000   2.348005E+000   7.835769E+000   2.350731E+000   5.496986E+000   5.485038E+000   1.194770E-002
    5901      29     1.940000     2.200000   1.524385E+001   3.564133E+000   1.323334E+001   3.970002E+000   1.167972E+001   9.263339E+000   2.416379E+000
    5901      30     2.200000     2.300000   5.897529E+000   1.769632E+000   5.896832E+000   1.769050E+000   4.127897E+000   4.127782E+000   1.147289E-004
    5901      31     2.300000     2.450000   6.412228E+000   1.924052E+000   6.411672E+000   1.923501E+000   4.488176E+000   4.488170E+000   6.154172E-006
    5901      32     2.450000     2.550000   2.808749E+000   8.424694E-001   2.808229E+000   8.424686E-001   1.966280E+000   1.965760E+000   5.198006E-004
    5901      33     2.550000     2.650000   2.466453E+000   7.356428E-001   2.461403E+000   7.384210E-001   1.730811E+000   1.722982E+000   7.828182E-003
    5901      34     2.650000     2.900000   5.107089E+000   3.769793E-001   1.730111E+000   5.190333E-001   4.730110E+000   1.211078E+000   3.519032E+000
    5901      35     2.900000     3.200000   4.829501E+000   1.440810E+000   4.820112E+000   1.446034E+000   3.388691E+000   3.374078E+000   1.461284E-002
    5901      36     3.200000     3.500000   4.479548E+000   1.343913E+000   4.479429E+000   1.343829E+000   3.135635E+000   3.135600E+000   3.522749E-005
    5901      37     3.500000     3.900000   5.317470E+000   1.592376E+000   5.314126E+000   1.594238E+000   3.725094E+000   3.719888E+000   5.205965E-003
    5901      38     3.900000     5.500000   8.889375E+000   1.778202E+000   6.396981E+000   1.919094E+000   7.111173E+000   4.477887E+000   2.633286E+000
    5901      39     5.500000     6.500000   2.171822E+000   6.515466E-001   2.171813E+000   6.515440E-001   1.520275E+000   1.520269E+000   5.689312E-006
    5901      40     6.500000     7.000000   6.459457E-001   1.937835E-001   6.459440E-001   1.937832E-001   4.521622E-001   4.521608E-001   1.363145E-006
    5901      41     7.000000     9.000000   1.525571E+000   4.557270E-001   1.523398E+000   4.570194E-001   1.069844E+000   1.066379E+000   3.465486E-003
    5901      42     9.000000    20.000000   1.633159E+000   3.818954E-001   1.330717E+000   3.992151E-001   1.251264E+000   9.315018E-001   3.197617E-001
    6001       1     0.200000     0.300000   5.582456E-006   2.938599E-006   3.776939E-006   1.133082E-006   2.643857E-006   2.643857E-006  -4.911299E-015
    6001       2     0.300000     0.345000   2.557270E-003   1.160959E-003   1.994730E-003   5.984189E-004   1.396311E-003   1.396311E-003   9.565853E-013
    6001       3     0.345000     0.385000   2.512764E-003   1.006153E-003   2.152302E-003   6.456906E-004   1.506611E-003   1.506611E-003  -5.730525E-013
    6001       4     0.385000     0.420000   1.293223E-002   4.781073E-003   1.164451E-002   3.493352E-003   8.151155E-003   8.151155E-003  -1.881630E-012
    6001       5     0.420000     0.450000   2.349464E-002   8.255229E-003   2.177059E-002   6.531176E-003   1.523941E-002   1.523941E-002  -3.433422E-012
    6001       6     0.450000     0.500000   1.310848E-001   4.421893E-002   1.240940E-001   3.722821E-002   8.686582E-002   8.686582E-002   1.161145E-011
    6001       7     0.500000     0.550000   1.748537E-001   5.680007E-002   1.686481E-001   5.059442E-002   1.180536E-001   1.180536E-001   1.058159E-011
    6001       8     0.550000     0.610000   2.295775E-001   7.279690E-002   2.239723E-001   6.719170E-002   1.567806E-001   1.567806E-001   4.681111E-011
    6001       9     0.610000     0.690000   5.693172E-001   1.769141E-001   5.605758E-001   1.681727E-001   3.924031E-001   3.924031E-001  -6.638512E-011
    6001      10     0.690000     0.780000   2.472789E+000   7.577010E-001   2.450126E+000   7.350378E-001   1.715088E+000   1.715088E+000   3.254521E-010
    6001      11     0.780000     0.800000   1.063069E+000   3.241398E-001   1.055609E+000   3.166826E-001   7.389296E-001   7.389261E-001   3.474303E-006
    6001      12     0.800000     0.870000   5.878988E+000   1.787489E+000   5.844998E+000   1.753499E+000   4.091499E+000   4.091499E+000   5.723167E-007
    6001      13     0.870000     0.880000   8.736691E-001   2.649442E-001   8.695961E-001   2.608788E-001   6.087248E-001   6.087172E-001   7.581515E-006
    6001      14     0.880000     1.030000   2.249240E+001   6.799491E+000   2.241845E+001   6.725534E+000   1.569291E+001   1.569291E+001   2.861969E-007
    6001      15     1.030000     1.080000   9.248799E+000   2.788382E+000   9.227951E+000   2.768385E+000   6.460417E+000   6.459566E+000   8.515060E-004
    6001      16     1.080000     1.140000   1.173685E+001   3.535822E+000   1.171566E+001   3.514699E+000   8.201028E+000   8.200963E+000   6.421662E-005
    6001      17     1.140000     1.200000   1.143670E+001   3.442659E+000   1.142004E+001   3.426012E+000   7.994037E+000   7.994027E+000   1.047239E-005
    6001      18     1.200000     1.240000   8.097833E+000   2.419673E+000   8.068687E+000   2.420606E+000   5.678160E+000   5.648081E+000   3.007908E-002
    6001      19     1.240000     1.280000   7.733813E+000   2.325876E+000   7.725358E+000   2.317607E+000   5.407937E+000   5.407751E+000   1.865247E-004
    6001      20     1.280000     1.340000   1.109154E+001   3.331759E+000   1.107801E+001   3.323404E+000   7.759784E+000   7.754610E+000   5.173466E-003
    6001      21     1.340000     1.420000   1.012492E+001   3.042440E+000   1.011687E+001   3.035062E+000   7.082481E+000   7.081812E+000   6.690064E-004
    6001      22     1.420000     1.460000   4.444646E+000   1.228858E+000   4.295651E+000   1.288695E+000   3.215788E+000   3.006955E+000   2.088322E-001
    6001      23     1.460000     1.490000   3.316959E+000   9.942105E-001   3.312590E+000   9.937770E-001   2.322748E+000   2.318813E+000   3.935424E-003
    6001      24     1.490000     1.520000   3.416012E+000   1.025623E+000   3.413709E+000   1.024113E+000   2.390389E+000   2.389596E+000   7.928239E-004
    6001      25     1.520000     1.680000   2.089115E+001   6.135649E+000   2.069883E+001   6.209649E+000   1.475550E+001   1.448918E+001   2.663176E-001
    6001      26     1.680000     1.740000   7.400301E+000   2.221617E+000   7.397808E+000   2.219342E+000   5.178685E+000   5.178466E+000   2.188572E-004
    6001      27     1.740000     1.820000   6.859941E+000   2.059234E+000   6.858015E+000   2.057404E+000   4.800708E+000   4.800610E+000   9.742186E-005
    6001      28     1.820000     1.940000   7.844991E+000   2.348015E+000   7.835780E+000   2.350734E+000   5.496976E+000   5.485046E+000   1.193006E-002
    6001      29     1.940000     2.200000   1.524385E+001   3.564780E+000   1.323421E+001   3.970263E+000   1.167907E+001   9.263947E+000   2.415124E+000
    6001      30     2.200000     2.300000   5.897529E+000   1.769632E+000   5.896832E+000   1.769050E+000   4.127897E+000   4.127782E+000   1.145683E-004
    6001      31     2.300000     2.450000   6.412228E+000   1.924052E+000   6.411672E+000   1.923501E+000   4.488176E+000   4.488170E+000   6.146901E-006
    6001      32     2.450000     2.550000   2.808749E+000   8.424714E-001   2.808231E+000   8.424692E-001   1.966278E+000   1.965762E+000   5.162640E-004
    6001      33     2.550000     2.650000   2.466453E+000   7.356571E-001   2.461419E+000   7.384258E-001   1.730796E+000   1.722994E+000   7.802618E-003
    6001      34     2.650000     2.900000   5.107089E+000   3.774706E-001   1.731915E+000   5.195745E-001   4.729619E+000   1.212341E+000   3.517278E+000
    6001      35     2.900000     3.200000   4.829501E+000   1.440826E+000   4.820131E+000   1.446039E+000   3.388675E+000   3.374091E+000   1.458351E-002
    6001      36     3.200000     3.500000   4.479548E+000   1.343913E+000   4.479429E+000   1.343829E+000   3.135635E+000   3.135600E+000   3.503943E-005
    6001      37     3.500000     3.900000   5.317470E+000   1.592376E+000   5.314126E+000   1.594238E+000   3.725095E+000   3.719888E+000   5.206856E-003
    6001      38     3.900000     5.500000   8.889375E+000   1.778436E+000   6.397449E+000   1.919235E+000   7.110939E+000   4.478214E+000   2.632724E+000
    6001      39     5.500000     6.500000   2.171822E+000   6.515466E-001   2.171813E+000   6.515440E-001   1.520275E+000   1.520269E+000   5.661286E-006
    6001      40     6.500000     7.000000   6.459457E-001   1.937836E-001   6.459440E-001   1.937832E-001   4.521622E-001   4.521608E-001   1.357736E-006
    6001      41     7.000000     9.000000   1.525571E+000   4.557270E-001   1.523398E+000   4.570194E-001   1.069844E+000   1.066379E+000   3.465371E-003
    6001      42     9.000000    20.000000   1.633159E+000   3.821145E-001   1.331178E+000   3.993535E-001   1.251044E+000   9.318248E-001   3.192196E-001
    6101       1     0.200000     0.300000   5.582456E-006   2.938599E-006   3.776939E-006   1.133082E-006   2.643857E-006   2.643857E-006  -4.911299E-015
    6101       2     0.300000     0.345000   2.557270E-003   1.160959E-003   1.994730E-003   5.984189E-004   1.396311E-003   1.396311E-003   9.565853E-013
    6101       3     0.345000     0.385000   2.512764E-003   1.006153E-003   2.152302E-003   6.456906E-004   1.506611E-003   1.506611E-003  -5.730525E-013
    6101       4     0.385000     0.420000   1.293223E-002   4.781073E-003   1.164451E-002   3.493352E-003   8.151155E-003   8.151155E-003  -1.017818E-012
    6101       5     0.420000     0.450000   2.349464E-002   8.255229E-003   2.177059E-002   6.531176E-003   1.523941E-002   1.523941E-002   2.863300E-013
    6101       6     0.450000     0.500000   1.310848E-001   4.421893E-002   1.240940E-001   3.722821E-002   8.686582E-002   8.686582E-002   2.359796E-011
    6101       7     0.500000     0.550000   1.748537E-001   5.680007E-002   1.686481E-001   5.059442E-002   1.180536E-001   1.180536E-001  -2.927186E-012
    6101       8     0.550000     0.610000   2.295775E-001   7.279690E-002   2.239723E-001   6.719170E-002   1.567806E-001   1.567806E-001   3.094017E-011
    6101       9     0.610000     0.690000   5.693172E-001   1.769141E-001   5.605758E-001   1.681727E-001   3.924031E-001   3.924031E-001  -4.041512E-011
    6101      10     0.690000     0.780000   2.472789E+000   7.577010E-001   2.450126E+000   7.350378E-001   1.715088E+000   1.715088E+000   1.441498E-010
    6101      11     0.780000     0.800000   1.063069E+000   3.241398E-001   1.055609E+000   3.166826E-001   7.389296E-001   7.389261E-001   3.474217E-006
    6101      12     0.800000     0.870000   5.878988E+000   1.787489E+000   5.844998E+000   1.753499E+000   4.091499E+000   4.091499E+000   5.725647E-007
    6101      13     0.870000     0.880000   8.736691E-001   2.649442E-001   8.695961E-001   2.608788E-001   6.087248E-001   6.087172E-001   7.577844E-006
    6101      14     0.880000     1.030000   2.249240E+001   6.799491E+000   2.241845E+001   6.725534E+000   1.569291E+001   1.569291E+001   2.859282E-007
    6101      15     1.030000     1.080000   9.248799E+000   2.788382E+000   9.227951E+000   2.768385E+000   6.460417E+000   6.459566E+000   8.514927E-004
    6101      16     1.080000     1.140000   1.173685E+001   3.535822E+000   1.171566E+001   3.514699E+000   8.201028E+000   8.200963E+000   6.421173E-005
    6101      17     1.140000     1.200000   1.143670E+001   3.442659E+000   1.142004E+001   3.426012E+000   7.994037E+000   7.994027E+000   1.047234E-005
    6101      18     1.200000     1.240000   8.097833E+000   2.419673E+000   8.068687E+000   2.420606E+000   5.678160E+000   5.648081E+000   3.007873E-002
    6101      19     1.240000     1.280000   7.733813E+000   2.325876E+000   7.725358E+000   2.317607E+000   5.407937E+000   5.407751E+000   1.863376E-004
    6101      20     1.280000     1.340000   1.109154E+001   3.331759E+000   1.107801E+001   3.323404E+000   7.759784E+000   7.754610E+000   5.173591E-003
    6101      21     1.340000     1.420000   1.012492E+001   3.042440E+000   1.011687E+001   3.035062E+000   7.082481E+000   7.081812E+000   6.687372E-004
    6101      22     1.420000     1.460000   4.444646E+000   1.228866E+000   4.295658E+000   1.288697E+000   3.215780E+000   3.006961E+000   2.088190E-001
    6101      23     1.460000     1.490000   3.316959E+000   9.942107E-001   3.312590E+000   9.937770E-001   2.322748E+000   2.318813E+000   3.935063E-003
    6101      24     1.490000     1.520000   3.416012E+000   1.025623E+000   3.413709E+000   1.024113E+000   2.390389E+000   2.389596E+000   7.924209E-004
    6101      25     1.520000     1.680000   2.089115E+001   6.135661E+000   2.069884E+001   6.209652E+000   1.475549E+001   1.448919E+001   2.662981E-001
    6101      26     1.680000     1.740000   7.400301E+000   2.221617E+000   7.397808E+000   2.219343E+000   5.178685E+000   5.178466E+000   2.186408E-004
    6101      27     1.740000     1.820000   6.859941E+000   2.059234E+000   6.858015E+000   2.057405E+000   4.800707E+000   4.800611E+000   9.614600E-005
    6101      28     1.820000     1.940000   7.844991E+000   2.348025E+000   7.835791E+000   2.350737E+000   5.496966E+000   5.485053E+000   1.191281E-002
    6101      29     1.940000     2.200000   1.524385E+001   3.565417E+000   1.323506E+001   3.970519E+000   1.167843E+001   9.264544E+000   2.413889E+000
    6101      30     2.200000     2.300000   5.897529E+000   1.769632E+000   5.896832E+000   1.769050E+000   4.127897E+000   4.127782E+000   1.144106E-004
    6101      31     2.300000     2.450000   6.412228E+000   1.924052E+000   6.411672E+000   1.923501E+000   4.488176E+000   4.488170E+000   6.139774E-006
    6101      32     2.450000     2.550000   2.808749E+000   8.424733E-001   2.808233E+000   8.424699E-001   1.966276E+000   1.965763E+000   5.128001E-004
    6101      33     2.550000     2.650000   2.466453E+000   7.356711E-001   2.461435E+000   7.384305E-001   1.730782E+000   1.723005E+000   7.777710E-003
    6101      34     2.650000     2.900000   5.107089E+000   3.779557E-001   1.733691E+000   5.201072E-001   4.729133E+000   1.213584E+000   3.515550E+000
    6101      35     2.900000     3.200000   4.829501E+000   1.440842E+000   4.820149E+000   1.446045E+000   3.388659E+000   3.374104E+000   1.455472E-002
    6101      36     3.200000     3.500000   4.479548E+000   1.343913E+000   4.479429E+000   1.343829E+000   3.135635E+000   3.135600E+000   3.485528E-005
    6101      37     3.500000     3.900000   5.317470E+000   1.592375E+000   5.314125E+000   1.594238E+000   3.725095E+000   3.719888E+000   5.207735E-003
    6101      38     3.900000     5.500000   8.889375E+000   1.778666E+000   6.397908E+000   1.919372E+000   7.110709E+000   4.478535E+000   2.632173E+000
    6101      39     5.500000     6.500000   2.171822E+000   6.515466E-001   2.171813E+000   6.515440E-001   1.520275E+000   1.520269E+000   5.633886E-006
    6101      40     6.500000     7.000000   6.459457E-001   1.937836E-001   6.459440E-001   1.937832E-001   4.521622E-001   4.521608E-001   1.352442E-006
    6101      41     7.000000     9.000000   1.525571E+000   4.557271E-001   1.523398E+000   4.570195E-001   1.069844E+000   1.066379E+000   3.465257E-003
    6101      42     9.000000    20.000000   1.633159E+000   3.823303E-001   1.331633E+000   3.994900E-001   1.250829E+000   9.321433E-001   3.186854E-001
    6201       1     0.200000     0.300000   5.582456E-006   2.938599E-006   3.776939E-006   1.133082E-006   2.643857E-006   2.643857E-006  -4.911299E-015
    6201       2     0.300000     0.345000   2.557270E-003   1.160959E-003   1.994730E-003   5.984189E-004   1.396311E-003   1.396311E-003   9.565853E-013
    6201       3     0.345000     0.385000   2.512764E-003   1.006153E-003   2.152302E-003   6.456906E-004   1.506611E-003   1.506611E-003  -5.730525E-013
    6201       4     0.385000     0.420000   1.293223E-002   4.781073E-003   1.164451E-002   3.493352E-003   8.151155E-003   8.151155E-003   2.529851E-013
    6201       5     0.420000     0.450000   2.349464E-002   8.255229E-003   2.177059E-002   6.531176E-003   1.523941E-002   1.523941E-002   4.360904E-013
    6201       6     0.450000     0.500000   1.310848E-001   4.421893E-002   1.240940E-001   3.722821E-002   8.686582E-002   8.686582E-002   3.313352E-011
    6201       7     0.500000     0.550000   1.748537E-001   5.680007E-002   1.686481E-001   5.059442E-002   1.180536E-001   1.180536E-001  -1.071061E-011
    6201       8     0.550000     0.610000   2.295775E-001   7.279690E-002   2.239723E-001   6.719170E-002   1.567806E-001   1.567806E-001   3.193537E-011
    6201       9     0.610000     0.690000   5.693172E-001   1.769141E-001   5.605758E-001   1.681727E-001   3.924031E-001   3.924031E-001  -3.009520E-011
    6201      10     0.690000     0.780000   2.472789E+000   7.577010E-001   2.450126E+000   7.350378E-001   1.715088E+000   1.715088E+000   3.202238E-011
    6201      11     0.780000     0.800000   1.063069E+000   3.241398E-001   1.055609E+000   3.166826E-001   7.389296E-001   7.389261E-001   3.474131E-006
    6201      12     0.800000     0.870000   5.878988E+000   1.787489E+000   5.844998E+000   1.753499E+000   4.091499E+000   4.091499E+000   5.728094E-007
    6201      13     0.870000     0.880000   8.736691E-001   2.649443E-001   8.695961E-001   2.608788E-001   6.087248E-001   6.087172E-001   7.574240E-006
    6201      14     0.880000     1.030000   2.249240E+001   6.799491E+000   2.241845E+001   6.725534E+000   1.569291E+001   1.569291E+001   2.856669E-007
    6201      15     1.030000     1.080000   9.248799E+000   2.788382E+000   9.227951E+000   2.768385E+000   6.460417E+000   6.459566E+000   8.514797E-004
    6201      16     1.080000     1.140000   1.173685E+001   3.535822E+000   1.171566E+001   3.514699E+000   8.201028E+000   8.200963E+000   6.420696E-005
    6201      17     1.140000     1.200000   1.143670E+001   3.442659E+000   1.142004E+001   3.426012E+000   7.994037E+000   7.994027E+000   1.047231E-005
    6201      18     1.200000     1.240000   8.097833E+000   2.419673E+000   8.068687E+000   2.420606E+000   5.678159E+000   5.648081E+000   3.007839E-002
    6201      19     1.240000     1.280000   7.733813E+000   2.325876E+000   7.725358E+000   2.317608E+000   5.407937E+000   5.407751E+000   1.861538E-004
    6201      20     1.280000     1.340000   1.109154E+001   3.331759E+000   1.107801E+001   3.323404E+000   7.759784E+000   7.754610E+000   5.173712E-003
    6201      21     1.340000     1.420000   1.012492E+001   3.042440E+000   1.011687E+001   3.035062E+000   7.082481E+000   7.081812E+000   6.684726E-004
    6201      22     1.420000     1.460000   4.444646E+000   1.228874E+000   4.295666E+000   1.288700E+000   3.215772E+000   3.006966E+000   2.088062E-001
    6201      23     1.460000     1.490000   3.316959E+000   9.942109E-001   3.312590E+000   9.937771E-001   2.322748E+000   2.318813E+000   3.934708E-003
    6201      24     1.490000     1.520000   3.416012E+000   1.025623E+000   3.413709E+000   1.024113E+000   2.390389E+000   2.389597E+000   7.920249E-004
    6201      25     1.520000     1.680000   2.089115E+001   6.135673E+000   2.069885E+001   6.209656E+000   1.475548E+001   1.448920E+001   2.662790E-001
    6201      26     1.680000     1.740000   7.400301E+000   2.221617E+000   7.397809E+000   2.219343E+000   5.178684E+000   5.178466E+000   2.184281E-004
    6201      27     1.740000     1.820000   6.859941E+000   2.059235E+000   6.858016E+000   2.057405E+000   4.800706E+000   4.800611E+000   9.489236E-005
    6201      28     1.820000     1.940000   7.844991E+000   2.348034E+000   7.835801E+000   2.350740E+000   5.496957E+000   5.485061E+000   1.189586E-002
    6201      29     1.940000     2.200000   1.524385E+001   3.566044E+000   1.323590E+001   3.970771E+000   1.167781E+001   9.265132E+000   2.412674E+000
    6201      30     2.200000     2.300000   5.897529E+000   1.769632E+000   5.896832E+000   1.769050E+000   4.127897E+000   4.127783E+000   1.142557E-004
    6201      31     2.300000     2.450000   6.412228E+000   1.924052E+000   6.411672E+000   1.923501E+000   4.488176E+000   4.488170E+000   6.132771E-006
    6201      32     2.450000     2.550000   2.808749E+000   8.424753E-001   2.808235E+000   8.424705E-001   1.966274E+000   1.965765E+000   5.093984E-004
    6201      33     2.550000     2.650000   2.466453E+000   7.356848E-001   2.461450E+000   7.384351E-001   1.730769E+000   1.723015E+000   7.753275E-003
    6201      34     2.650000     2.900000   5.107089E+000   3.784360E-001   1.735443E+000   5.206328E-001   4.728653E+000   1.214810E+000   3.513843E+000
    6201      35     2.900000     3.200000   4.829501E+000   1.440858E+000   4.820167E+000   1.446050E+000   3.388643E+000   3.374117E+000   1.452642E-002
    6201      36     3.200000     3.500000   4.479548E+000   1.343913E+000   4.479429E+000   1.343829E+000   3.135635E+000   3.135600E+000   3.467440E-005
    6201      37     3.500000     3.900000   5.317470E+000   1.592375E+000   5.314125E+000   1.594237E+000   3.725096E+000   3.719887E+000   5.208601E-003
    6201      38     3.900000     5.500000   8.889375E+000   1.778893E+000   6.398360E+000   1.919508E+000   7.110482E+000   4.478852E+000   2.631631E+000
    6201      39     5.500000     6.500000   2.171822E+000   6.515467E-001   2.171813E+000   6.515440E-001   1.520275E+000   1.520269E+000   5.606950E-006
    6201      40     6.500000     7.000000   6.459457E-001   1.937836E-001   6.459440E-001   1.937832E-001   4.521622E-001   4.521608E-001   1.347241E-006
    6201      41     7.000000     9.000000   1.525571E+000   4.557271E-001   1.523398E+000   4.570195E-001   1.069844E+000   1.066379E+000   3.465146E-003
    6201      42     9.000000    20.000000   1.633159E+000   3.825436E-001   1.332083E+000   3.996250E-001   1.250615E+000   9.324582E-001   3.181570E-001
    6301       1     0.200000     0.300000   5.582456E-006   2.938599E-006   3.776939E-006   1.133082E-006   2.643857E-006   2.643857E-006  -4.911299E-015
    6301       2     0.300000     0.345000   2.557270E-003   1.160959E-003   1.994730E-003   5.984189E-004   1.396311E-003   1.396311E-003   9.565853E-013
    6301       3     0.345000     0.385000   2.512764E-003   1.006153E-003   2.152302E-003   6.456906E-004   1.506611E-003   1.506611E-003  -5.730525E-013
    6301       4     0.385000     0.420000   1.293223E-002   4.781073E-003   1.164451E-002   3.493352E-003   8.151155E-003   8.151155E-003  -8.663556E-013
    6301       5     0.420000     0.450000   2.349464E-002   8.255229E-003   2.177059E-002   6.531176E-003   1.523941E-002   1.523941E-002   1.543921E-012
    6301       6     0.450000     0.500000   1.310848E-001   4.421893E-002   1.240940E-001   3.722821E-002   8.686582E-002   8.686582E-002   7.737963E-012
    6301       7     0.500000     0.550000   1.748537E-001   5.680007E-002   1.686481E-001   5.059442E-002   1.180536E-001   1.180536E-001  -3.125236E-011
    6301       8     0.550000     0.610000   2.295775E-001   7.279690E-002   2.239723E-001   6.719170E-002   1.567806E-001   1.567806E-001   6.716322E-012
    6301       9     0.610000     0.690000   5.693172E-001   1.769141E-001   5.605758E-001   1.681727E-001   3.924031E-001   3.924031E-001  -1.222111E-011
    6301      10     0.690000     0.780000   2.472789E+000   7.577010E-001   2.450126E+000   7.350378E-001   1.715088E+000   1.715088E+000   2.008305E-011
    6301      11     0.780000     0.800000   1.063069E+000   3.241398E-001   1.055609E+000   3.166826E-001   7.389296E-001   7.389261E-001   3.474047E-006
    6301      12     0.800000     0.870000   5.878988E+000   1.787489E+000   5.844998E+000   1.753499E+000   4.091499E+000   4.091499E+000   5.730507E-007
    6301      13     0.870000     0.880000   8.736691E-001   2.649443E-001   8.695961E-001   2.608788E-001   6.087248E-001   6.087172E-001   7.570710E-006
    6301      14     0.880000     1.030000   2.249240E+001   6.799491E+000   2.241845E+001   6.725534E+000   1.569291E+001   1.569291E+001   2.854148E-007
    6301      15     1.030000     1.080000   9.248799E+000   2.788382E+000   9.227951E+000   2.768385E+000   6.460417E+000   6.459566E+000   8.514677E-004
    6301      16     1.080000     1.140000   1.173685E+001   3.535822E+000   1.171566E+001   3.514699E+000   8.201028E+000   8.200963E+000   6.420247E-005
    6301      17     1.140000     1.200000   1.143670E+001   3.442659E+000   1.142004E+001   3.426012E+000   7.994037E+000   7.994027E+000   1.047239E-005
    6301      18     1.200000     1.240000   8.097833E+000   2.419674E+000   8.068687E+000   2.420606E+000   5.678159E+000   5.648081E+000   3.007807E-002
    6301      19     1.240000     1.280000   7.733813E+000   2.325876E+000   7.725359E+000   2.317608E+000   5.407937E+000   5.407751E+000   1.859751E-004
    6301      20     1.280000     1.340000   1.109154E+001   3.331759E+000   1.107801E+001   3.323404E+000   7.759784E+000   7.754610E+000   5.173831E-003
    6301      21     1.340000     1.420000   1.012492E+001   3.042440E+000   1.011687E+001   3.035062E+000   7.082481E+000   7.081812E+000   6.682142E-004
    6301      22     1.420000     1.460000   4.444646E+000   1.228881E+000   4.295673E+000   1.288702E+000   3.215765E+000   3.006971E+000   2.087939E-001
    6301      23     1.460000     1.490000   3.316959E+000   9.942111E-001   3.312591E+000   9.937772E-001   2.322748E+000   2.318813E+000   3.934362E-003
    6301      24     1.490000     1.520000   3.416012E+000   1.025623E+000   3.413710E+000   1.024113E+000   2.390388E+000   2.389597E+000   7.916402E-004
    6301      25     1.520000     1.680000   2.089115E+001   6.135684E+000   2.069886E+001   6.209659E+000   1.475546E+001   1.448920E+001   2.662606E-001
    6301      26     1.680000     1.740000   7.400301E+000   2.221617E+000   7.397809E+000   2.219343E+000   5.178684E+000   5.178466E+000   2.182220E-004
    6301      27     1.740000     1.820000   6.859941E+000   2.059236E+000   6.858017E+000   2.057405E+000   4.800706E+000   4.800612E+000   9.368342E-005
    6301      28     1.820000     1.940000   7.844991E+000   2.348044E+000   7.835812E+000   2.350743E+000   5.496948E+000   5.485068E+000   1.187952E-002
    6301      29     1.940000     2.200000   1.524385E+001   3.566660E+000   1.323672E+001   3.971017E+000   1.167719E+001   9.265707E+000   2.411483E+000
    6301      30     2.200000     2.300000   5.897529E+000   1.769632E+000   5.896832E+000   1.769050E+000   4.127897E+000   4.127783E+000   1.141044E-004
    6301      31     2.300000     2.450000   6.412228E+000   1.924052E+000   6.411672E+000   1.923501E+000   4.488176E+000   4.488170E+000   6.125961E-006
    6301      32     2.450000     2.550000   2.808749E+000   8.424771E-001   2.808237E+000   8.424712E-001   1.966272E+000   1.965766E+000   5.060950E-004
    6301      33     2.550000     2.650000   2.466453E+000   7.356978E-001   2.461465E+000   7.384395E-001   1.730756E+000   1.723026E+000   7.730024E-003
    6301      34     2.650000     2.900000   5.107089E+000   3.789061E-001   1.737153E+000   5.211459E-001   4.728183E+000   1.216007E+000   3.512176E+000
    6301      35     2.900000     3.200000   4.829501E+000   1.440873E+000   4.820184E+000   1.446055E+000   3.388628E+000   3.374129E+000   1.449875E-002
    6301      36     3.200000     3.500000   4.479548E+000   1.343913E+000   4.479429E+000   1.343829E+000   3.135635E+000   3.135600E+000   3.449904E-005
    6301      37     3.500000     3.900000   5.317470E+000   1.592374E+000   5.314124E+000   1.594237E+000   3.725096E+000   3.719887E+000   5.209461E-003
    6301      38     3.900000     5.500000   8.889375E+000   1.779113E+000   6.398798E+000   1.919639E+000   7.110262E+000   4.479159E+000   2.631104E+000
    6301      39     5.500000     6.500000   2.171822E+000   6.515467E-001   2.171813E+000   6.515440E-001   1.520275E+000   1.520269E+000   5.581036E-006
    6301      40     6.500000     7.000000   6.459457E-001   1.937836E-001   6.459440E-001   1.937832E-001   4.521622E-001   4.521608E-001   1.342209E-006
    6301      41     7.000000     9.000000   1.525571E+000   4.557272E-001   1.523398E+000   4.570195E-001   1.069844E+000   1.066379E+000   3.465036E-003
    6301      42     9.000000    20.000000   1.633159E+000   3.827512E-001   1.332522E+000   3.997567E-001   1.250408E+000   9.327656E-001   3.176421E-001
    6401       1     0.200000     0.300000   5.582456E-006   2.938599E-006   3.776939E-006   1.133082E-006   2.643857E-006   2.643857E-006  -4.911299E-015
    6401       2     0.300000     0.345000   2.557270E-003   1.160959E-003   1.994730E-003   5.984189E-004   1.396311E-003   1.396311E-003   9.565853E-013
    6401       3     0.345000     0.385000   2.512764E-003   1.006153E-003   2.152302E-003   6.456906E-004   1.506611E-003   1.506611E-003  -5.730525E-013
    6401       4     0.385000     0.420000   1.293223E-002   4.781073E-003   1.164451E-002   3.493352E-003   8.151155E-003   8.151155E-003  -2.191920E-012
    6401       5     0.420000     0.450000   2.349464E-002   8.255229E-003   2.177059E-002   6.531176E-003   1.523941E-002   1.523941E-002  -2.283000E-012
    6401       6     0.450000     0.500000   1.310848E-001   4.421893E-002   1.240940E-001   3.722821E-002   8.686582E-002   8.686582E-002  -4.733866E-012
    6401       7     0.500000     0.550000   1.748537E-001   5.680007E-002   1.686481E-001   5.059442E-002   1.180536E-001   1.180536E-001  -2.447392E-011
    6401       8     0.550000     0.610000   2.295775E-001   7.279690E-002   2.239723E-001   6.719170E-002   1.567806E-001   1.567806E-001   7.139694E-011
    6401       9     0.610000     0.690000   5.693172E-001   1.769141E-001   5.605758E-001   1.681727E-001   3.924031E-001   3.924031E-001  -8.791090E-011
    6401      10     0.690000     0.780000   2.472789E+000   7.577010E-001   2.450126E+000   7.350378E-001   1.715088E+000   1.715088E+000   2.129144E-010
    6401      11     0.780000     0.800000   1.063069E+000   3.241398E-001   1.055609E+000   3.166826E-001   7.389296E-001   7.389261E-001   3.473967E-006
    6401      12     0.800000     0.870000   5.878988E+000   1.787489E+000   5.844998E+000   1.753499E+000   4.091499E+000   4.091499E+000   5.732886E-007
    6401      13     0.870000     0.880000   8.736691E-001   2.649443E-001   8.695961E-001   2.608788E-001   6.087248E-001   6.087172E-001   7.567234E-006
    6401      14     0.880000     1.030000   2.249240E+001   6.799491E+000   2.241845E+001   6.725534E+000   1.569291E+001   1.569291E+001   2.851647E-007
    6401      15     1.030000     1.080000   9.248799E+000   2.788382E+000   9.227951E+000   2.768385E+000   6.460417E+000   6.459566E+000   8.514559E-004
    6401      16     1.080000     1.140000   1.173685E+001   3.535822E+000   1.171566E+001   3.514699E+000   8.201028E+000   8.200963E+000   6.419809E-005
    6401      17     1.140000     1.200000   1.143670E+001   3.442659E+000   1.142004E+001   3.426012E+000   7.994037E+000   7.994027E+000   1.047249E-005
    6401      18     1.200000     1.240000   8.097833E+000   2.419674E+000   8.068688E+000   2.420606E+000   5.678159E+000   5.648081E+000   3.007776E-002
    6401      19     1.240000     1.280000   7.733813E+000   2.325877E+000   7.725359E+000   2.317608E+000   5.407937E+000   5.407751E+000   1.857997E-004
    6401      20     1.280000     1.340000   1.109154E+001   3.331759E+000   1.107801E+001   3.323404E+000   7.759784E+000   7.754610E+000   5.173949E-003
    6401      21     1.340000     1.420000   1.012492E+001   3.042440E+000   1.011688E+001   3.035063E+000   7.082481E+000   7.081813E+000   6.679604E-004
    6401      22     1.420000     1.460000   4.444646E+000   1.228888E+000   4.295680E+000   1.288704E+000   3.215758E+000   3.006976E+000   2.087819E-001
    6401      23     1.460000     1.490000   3.316959E+000   9.942113E-001   3.312591E+000   9.937772E-001   2.322748E+000   2.318814E+000   3.934021E-003
    6401      24     1.490000     1.520000   3.416012E+000   1.025623E+000   3.413710E+000   1.024113E+000   2.390388E+000   2.389597E+000   7.912626E-004
    6401      25     1.520000     1.680000   2.089115E+001   6.135695E+000   2.069887E+001   6.209662E+000   1.475545E+001   1.448921E+001   2.662425E-001
    6401      26     1.680000     1.740000   7.400301E+000   2.221617E+000   7.397809E+000   2.219343E+000   5.178684E+000   5.178466E+000   2.180198E-004
    6401      27     1.740000     1.820000   6.859941E+000   2.059236E+000   6.858018E+000   2.057405E+000   4.800705E+000   4.800612E+000   9.249693E-005
    6401      28     1.820000     1.940000   7.844991E+000   2.348053E+000   7.835822E+000   2.350746E+000   5.496939E+000   5.485075E+000   1.186349E-002
    6401      29     1.940000     2.200000   1.524385E+001   3.567266E+000   1.323753E+001   3.971260E+000   1.167658E+001   9.266273E+000   2.410311E+000
    6401      30     2.200000     2.300000   5.897529E+000   1.769632E+000   5.896832E+000   1.769050E+000   4.127897E+000   4.127783E+000   1.139558E-004
    6401      31     2.300000     2.450000   6.412228E+000   1.924052E+000   6.411672E+000   1.923501E+000   4.488176E+000   4.488170E+000   6.119275E-006
    6401      32     2.450000     2.550000   2.808749E+000   8.424789E-001   2.808239E+000   8.424718E-001   1.966270E+000   1.965767E+000   5.028533E-004
    6401      33     2.550000     2.650000   2.466453E+000   7.357105E-001   2.461479E+000   7.384438E-001   1.730743E+000   1.723036E+000   7.707274E-003
    6401      34     2.650000     2.900000   5.107089E+000   3.793709E-001   1.738839E+000   5.216517E-001   4.727718E+000   1.217187E+000   3.510531E+000
    6401      35     2.900000     3.200000   4.829501E+000   1.440888E+000   4.820202E+000   1.446061E+000   3.388613E+000   3.374141E+000   1.447156E-002
    6401      36     3.200000     3.500000   4.479548E+000   1.343913E+000   4.479429E+000   1.343829E+000   3.135635E+000   3.135601E+000   3.432691E-005
    6401      37     3.500000     3.900000   5.317470E+000   1.592374E+000   5.314124E+000   1.594237E+000   3.725097E+000   3.719887E+000   5.210310E-003
    6401      38     3.900000     5.500000   8.889375E+000   1.779329E+000   6.399229E+000   1.919769E+000   7.110046E+000   4.479460E+000   2.630585E+000
    6401      39     5.500000     6.500000   2.171822E+000   6.515467E-001   2.171813E+000   6.515440E-001   1.520275E+000   1.520269E+000   5.555588E-006
    6401      40     6.500000     7.000000   6.459457E-001   1.937836E-001   6.459440E-001   1.937832E-001   4.521622E-001   4.521608E-001   1.337270E-006
    6401      41     7.000000     9.000000   1.525571E+000   4.557273E-001   1.523398E+000   4.570195E-001   1.069844E+000   1.066379E+000   3.464927E-003
    6401      42     9.000000    20.000000   1.633159E+000   3.829562E-001   1.332956E+000   3.998868E-001   1.250203E+000   9.330692E-001   3.171335E-001
    6501       1     0.200000     0.300000   5.582456E-006   2.938599E-006   3.776939E-006   1.133082E-006   2.643857E-006   2.643857E-006  -4.911299E-015
    6501       2     0.300000     0.345000   2.557270E-003   1.160959E-003   1.994730E-003   5.984189E-004   1.396311E-003   1.396311E-003   9.565853E-013
    6501       3     0.345000     0.385000   2.512764E-003   1.006153E-003   2.152302E-003   6.456906E-004   1.506611E-003   1.506611E-003  -5.730525E-013
    6501       4     0.385000     0.420000   1.293223E-002   4.781073E-003   1.164451E-002   3.493352E-003   8.151155E-003   8.151155E-003  -2.191920E-012
    6501       5     0.420000     0.450000   2.349464E-002   8.255229E-003   2.177059E-002   6.531176E-003   1.523941E-002   1.523941E-002   1.441642E-013
    6501       6     0.450000     0.500000   1.310848E-001   4.421893E-002   1.240940E-001   3.722821E-002   8.686582E-002   8.686582E-002  -1.976974E-011
    6501       7     0.500000     0.550000   1.748537E-001   5.680007E-002   1.686481E-001   5.059442E-002   1.180536E-001   1.180536E-001  -1.509272E-011
    6501       8     0.550000     0.610000   2.295775E-001   7.279690E-002   2.239723E-001   6.719170E-002   1.567806E-001   1.567806E-001   4.470557E-011
    6501       9     0.610000     0.690000   5.693172E-001   1.769141E-001   5.605758E-001   1.681727E-001   3.924031E-001   3.924031E-001   8.760048E-012
    6501      10     0.690000     0.780000   2.472789E+000   7.577010E-001   2.450126E+000   7.350378E-001   1.715088E+000   1.715088E+000   1.624696E-010
    6501      11     0.780000     0.800000   1.063069E+000   3.241398E-001   1.055609E+000   3.166826E-001   7.389296E-001   7.389261E-001   3.473888E-006
    6501      12     0.800000     0.870000   5.878988E+000   1.787489E+000   5.844998E+000   1.753499E+000   4.091499E+000   4.091499E+000   5.735227E-007
    6501      13     0.870000     0.880000   8.736691E-001   2.649443E-001   8.695961E-001   2.608788E-001   6.087248E-001   6.087172E-001   7.563824E-006
    6501      14     0.880000     1.030000   2.249240E+001   6.799491E+000   2.241845E+001   6.725534E+000   1.569291E+001   1.569291E+001   2.849220E-007
    6501      15     1.030000     1.080000   9.248799E+000   2.788382E+000   9.227951E+000   2.768385E+000   6.460417E+000   6.459566E+000   8.514446E-004
    6501      16     1.080000     1.140000   1.173685E+001   3.535822E+000   1.171566E+001   3.514699E+000   8.201028E+000   8.200963E+000   6.419386E-005
    6501      17     1.140000     1.200000   1.143670E+001   3.442659E+000   1.142004E+001   3.426012E+000   7.994037E+000   7.994027E+000   1.047263E-005
    6501      18     1.200000     1.240000   8.097833E+000   2.419674E+000   8.068688E+000   2.420606E+000   5.678159E+000   5.648081E+000   3.007745E-002
    6501      19     1.240000     1.280000   7.733813E+000   2.325877E+000   7.725359E+000   2.317608E+000   5.407937E+000   5.407751E+000   1.856279E-004
    6501      20     1.280000     1.340000   1.109154E+001   3.331759E+000   1.107801E+001   3.323404E+000   7.759784E+000   7.754610E+000   5.174064E-003
    6501      21     1.340000     1.420000   1.012492E+001   3.042441E+000   1.011688E+001   3.035063E+000   7.082480E+000   7.081813E+000   6.677115E-004
    6501      22     1.420000     1.460000   4.444646E+000   1.228895E+000   4.295686E+000   1.288706E+000   3.215751E+000   3.006980E+000   2.087702E-001
    6501      23     1.460000     1.490000   3.316959E+000   9.942115E-001   3.312591E+000   9.937773E-001   2.322747E+000   2.318814E+000   3.933688E-003
    6501      24     1.490000     1.520000   3.416012E+000   1.025624E+000   3.413710E+000   1.024113E+000   2.390388E+000   2.389597E+000   7.908928E-004
    6501      25     1.520000     1.680000   2.089115E+001   6.135706E+000   2.069888E+001   6.209664E+000   1.475544E+001   1.448922E+001   2.662248E-001
    6501      26     1.680000     1.740000   7.400301E+000   2.221617E+000   7.397809E+000   2.219343E+000   5.178684E+000   5.178466E+000   2.178219E-004
    6501      27     1.740000     1.820000   6.859941E+000   2.059237E+000   6.858018E+000   2.057406E+000   4.800704E+000   4.800613E+000   9.133827E-005
    6501      28     1.820000     1.940000   7.844991E+000   2.348061E+000   7.835831E+000   2.350749E+000   5.496930E+000   5.485082E+000   1.184783E-002
    6501      29     1.940000     2.200000   1.524385E+001   3.567862E+000   1.323833E+001   3.971498E+000   1.167599E+001   9.266829E+000   2.409159E+000
    6501      30     2.200000     2.300000   5.897529E+000   1.769632E+000   5.896832E+000   1.769050E+000   4.127897E+000   4.127783E+000   1.138100E-004
    6501      31     2.300000     2.450000   6.412228E+000   1.924052E+000   6.411672E+000   1.923501E+000   4.488176E+000   4.488170E+000   6.112724E-006
    6501      32     2.450000     2.550000   2.808749E+000   8.424807E-001   2.808241E+000   8.424724E-001   1.966269E+000   1.965769E+000   4.996783E-004
    6501      33     2.550000     2.650000   2.466453E+000   7.357229E-001   2.461493E+000   7.384480E-001   1.730730E+000   1.723045E+000   7.685161E-003
    6501      34     2.650000     2.900000   5.107089E+000   3.798291E-001   1.740496E+000   5.221488E-001   4.727260E+000   1.218347E+000   3.508913E+000
    6501      35     2.900000     3.200000   4.829501E+000   1.440903E+000   4.820219E+000   1.446066E+000   3.388598E+000   3.374153E+000   1.444488E-002
    6501      36     3.200000     3.500000   4.479548E+000   1.343913E+000   4.479429E+000   1.343829E+000   3.135635E+000   3.135601E+000   3.415848E-005
    6501      37     3.500000     3.900000   5.317470E+000   1.592373E+000   5.314123E+000   1.594237E+000   3.725097E+000   3.719886E+000   5.211148E-003
    6501      38     3.900000     5.500000   8.889375E+000   1.779541E+000   6.399652E+000   1.919895E+000   7.109834E+000   4.479756E+000   2.630078E+000
    6501      39     5.500000     6.500000   2.171822E+000   6.515467E-001   2.171813E+000   6.515440E-001   1.520275E+000   1.520269E+000   5.530771E-006
    6501      40     6.500000     7.000000   6.459457E-001   1.937836E-001   6.459440E-001   1.937832E-001   4.521622E-001   4.521608E-001   1.332442E-006
    6501      41     7.000000     9.000000   1.525571E+000   4.557273E-001   1.523398E+000   4.570195E-001   1.069844E+000   1.066379E+000   3.464820E-003
    6501      42     9.000000    20.000000   1.633159E+000   3.831576E-001   1.333383E+000   4.000149E-001   1.250001E+000   9.333681E-001   3.166332E-001
    6601       1     0.200000     0.300000   5.582456E-006   2.938599E-006   3.776939E-006   1.133082E-006   2.643857E-006   2.643857E-006  -4.911299E-015
    6601       2     0.300000     0.345000   2.557270E-003   1.160959E-003   1.994730E-003   5.984189E-004   1.396311E-003   1.396311E-003   9.565853E-013
    6601       3     0.345000     0.385000   2.512764E-003   1.006153E-003   2.152302E-003   6.456906E-004   1.506611E-003   1.506611E-003  -5.730525E-013
    6601       4     0.385000     0.420000   1.293223E-002   4.781073E-003   1.164451E-002   3.493352E-003   8.151155E-003   8.151155E-003  -3.044443E-012
    6601       5     0.420000     0.450000   2.349464E-002   8.255229E-003   2.177059E-002   6.531176E-003   1.523941E-002   1.523941E-002  -1.844698E-012
    6601       6     0.450000     0.500000   1.310848E-001   4.421893E-002   1.240940E-001   3.722821E-002   8.686582E-002   8.686582E-002  -2.454055E-011
    6601       7     0.500000     0.550000   1.748537E-001   5.680007E-002   1.686481E-001   5.059442E-002   1.180536E-001   1.180536E-001  -2.143527E-011
    6601       8     0.550000     0.610000   2.295775E-001   7.279690E-002   2.239723E-001   6.719170E-002   1.567806E-001   1.567806E-001   6.452705E-011
    6601       9     0.610000     0.690000   5.693172E-001   1.769141E-001   5.605758E-001   1.681727E-001   3.924031E-001   3.924031E-001   2.616896E-011
    6601      10     0.690000     0.780000   2.472789E+000   7.577010E-001   2.450126E+000   7.350378E-001   1.715088E+000   1.715088E+000   8.808021E-011
    6601      11     0.780000     0.800000   1.063069E+000   3.241398E-001   1.055609E+000   3.166826E-001   7.389296E-001   7.389261E-001   3.473809E-006
    6601      12     0.800000     0.870000   5.878988E+000   1.787489E+000   5.844998E+000   1.753499E+000   4.091499E+000   4.091499E+000   5.737534E-007
    6601      13     0.870000     0.880000   8.736691E-001   2.649443E-001   8.695961E-001   2.608788E-001   6.087248E-001   6.087172E-001   7.560482E-006
    6601      14     0.880000     1.030000   2.249240E+001   6.799491E+000   2.241845E+001   6.725534E+000   1.569291E+001   1.569291E+001   2.846851E-007
    6601      15     1.030000     1.080000   9.248799E+000   2.788382E+000   9.227951E+000   2.768385E+000   6.460417E+000   6.459566E+000   8.514338E-004
    6601      16     1.080000     1.140000   1.173685E+001   3.535822E+000   1.171566E+001   3.514699E+000   8.201028E+000   8.200963E+000   6.418979E-005
    6601      17     1.140000     1.200000   1.143670E+001   3.442659E+000   1.142004E+001   3.426012E+000   7.994037E+000   7.994027E+000   1.047281E-005
    6601      18     1.200000     1.240000   8.097833E+000   2.419674E+000   8.068688E+000   2.420606E+000   5.678159E+000   5.648082E+000   3.007715E-002
    6601      19     1.240000     1.280000   7.733813E+000   2.325877E+000   7.725359E+000   2.317608E+000   5.407937E+000   5.407751E+000   1.854597E-004
    6601      20     1.280000     1.340000   1.109154E+001   3.331759E+000   1.107801E+001   3.323404E+000   7.759784E+000   7.754610E+000   5.174177E-003
    6601      21     1.340000     1.420000   1.012492E+001   3.042441E+000   1.011688E+001   3.035063E+000   7.082480E+000   7.081813E+000   6.674673E-004
    6601      22     1.420000     1.460000   4.444646E+000   1.228902E+000   4.295693E+000   1.288708E+000   3.215744E+000   3.006985E+000   2.087587E-001
    6601      23     1.460000     1.490000   3.316959E+000   9.942117E-001   3.312591E+000   9.937774E-001   2.322747E+000   2.318814E+000   3.933361E-003
    6601      24     1.490000     1.520000   3.416012E+000   1.025624E+000   3.413710E+000   1.024113E+000   2.390388E+000   2.389597E+000   7.905308E-004
    6601      25     1.520000     1.680000   2.089115E+001   6.135717E+000   2.069889E+001   6.209667E+000   1.475543E+001   1.448922E+001   2.662076E-001
    6601      26     1.680000     1.740000   7.400301E+000   2.221617E+000   7.397809E+000   2.219343E+000   5.178684E+000   5.178466E+000   2.176284E-004
    6601      27     1.740000     1.820000   6.859941E+000   2.059238E+000   6.858019E+000   2.057406E+000   4.800704E+000   4.800613E+000   9.020810E-005
    6601      28     1.820000     1.940000   7.844991E+000   2.348070E+000   7.835841E+000   2.350752E+000   5.496921E+000   5.485089E+000   1.183255E-002
    6601      29     1.940000     2.200000   1.524385E+001   3.568449E+000   1.323911E+001   3.971732E+000   1.167540E+001   9.267375E+000   2.408026E+000
    6601      30     2.200000     2.300000   5.897529E+000   1.769632E+000   5.896833E+000   1.769050E+000   4.127896E+000   4.127783E+000   1.136669E-004
    6601      31     2.300000     2.450000   6.412228E+000   1.924052E+000   6.411672E+000   1.923501E+000   4.488176E+000   4.488170E+000   6.106307E-006
    6601      32     2.450000     2.550000   2.808749E+000   8.424825E-001   2.808243E+000   8.424729E-001   1.966267E+000   1.965770E+000   4.965702E-004
    6601      33     2.550000     2.650000   2.466453E+000   7.357349E-001   2.461507E+000   7.384520E-001   1.730718E+000   1.723055E+000   7.663713E-003
    6601      34     2.650000     2.900000   5.107089E+000   3.802804E-001   1.742123E+000   5.226370E-001   4.726809E+000   1.219486E+000   3.507322E+000
    6601      35     2.900000     3.200000   4.829501E+000   1.440918E+000   4.820235E+000   1.446071E+000   3.388583E+000   3.374165E+000   1.441869E-002
    6601      36     3.200000     3.500000   4.479548E+000   1.343913E+000   4.479430E+000   1.343829E+000   3.135635E+000   3.135601E+000   3.399377E-005
    6601      37     3.500000     3.900000   5.317470E+000   1.592373E+000   5.314123E+000   1.594237E+000   3.725098E+000   3.719886E+000   5.211977E-003
    6601      38     3.900000     5.500000   8.889375E+000   1.779749E+000   6.400065E+000   1.920019E+000   7.109626E+000   4.480045E+000   2.629581E+000
    6601      39     5.500000     6.500000   2.171822E+000   6.515467E-001   2.171813E+000   6.515440E-001   1.520275E+000   1.520269E+000   5.506605E-006
    6601      40     6.500000     7.000000   6.459457E-001   1.937836E-001   6.459440E-001   1.937832E-001   4.521622E-001   4.521608E-001   1.327730E-006
    6601      41     7.000000     9.000000   1.525571E+000   4.557274E-001   1.523399E+000   4.570196E-001   1.069844E+000   1.066379E+000   3.464714E-003
    6601      42     9.000000    20.000000   1.633159E+000   3.833553E-001   1.333803E+000   4.001408E-001   1.249804E+000   9.336619E-001   3.161417E-001
    6701       1     0.200000     0.300000   5.582456E-006   2.938599E-006   3.776939E-006   1.133082E-006   2.643857E-006   2.643857E-006  -4.911299E-015
    6701       2     0.300000     0.345000   2.557270E-003   1.160959E-003   1.994730E-003   5.984189E-004   1.396311E-003   1.396311E-003   9.565853E-013
    6701       3     0.345000     0.385000   2.512764E-003   1.006153E-003   2.152302E-003   6.456906E-004   1.506611E-003   1.506611E-003  -5.730525E-013
    6701       4     0.385000     0.420000   1.293223E-002   4.781073E-003   1.164451E-002   3.493352E-003   8.151155E-003   8.151155E-003  -3.697034E-012
    6701       5     0.420000     0.450000   2.349464E-002   8.255229E-003   2.177059E-002   6.531176E-003   1.523941E-002   1.523941E-002  -9.765661E-013
    6701       6     0.450000     0.500000   1.310848E-001   4.421893E-002   1.240940E-001   3.722821E-002   8.686582E-002   8.686582E-002  -2.412910E-011
    6701       7     0.500000     0.550000   1.748537E-001   5.680007E-002   1.686481E-001   5.059442E-002   1.180536E-001   1.180536E-001  -3.803485E-011
    6701       8     0.550000     0.610000   2.295775E-001   7.279690E-002   2.239723E-001   6.719170E-002   1.567806E-001   1.567806E-001   2.213751E-011
    6701       9     0.610000     0.690000   5.693172E-001   1.769141E-001   5.605758E-001   1.681727E-001   3.924031E-001   3.924031E-001  -3.059147E-011
    6701      10     0.690000     0.780000   2.472789E+000   7.577010E-001   2.450126E+000   7.350378E-001   1.715088E+000   1.715088E+000  -2.583094E-010
    6701      11     0.780000     0.800000   1.063069E+000   3.241398E-001   1.055609E+000   3.166826E-001   7.389296E-001   7.389261E-001   3.473732E-006
    6701      12     0.800000     0.870000   5.878988E+000   1.787489E+000   5.844998E+000   1.753499E+000   4.091499E+000   4.091499E+000   5.739798E-007
    6701      13     0.870000     0.880000   8.736691E-001   2.649443E-001   8.695961E-001   2.608788E-001   6.087248E-001   6.087173E-001   7.557192E-006
    6701      14     0.880000     1.030000   2.249240E+001   6.799491E+000   2.241845E+001   6.725534E+000   1.569291E+001   1.569291E+001   2.844518E-007
    6701      15     1.030000     1.080000   9.248799E+000   2.788382E+000   9.227951E+000   2.768385E+000   6.460417E+000   6.459566E+000   8.514232E-004
    6701      16     1.080000     1.140000   1.173685E+001   3.535822E+000   1.171566E+001   3.514699E+000   8.201028E+000   8.200964E+000   6.418579E-005
    6701      17     1.140000     1.200000   1.143670E+001   3.442659E+000   1.142004E+001   3.426012E+000   7.994037E+000   7.994027E+000   1.047299E-005
    6701      18     1.200000     1.240000   8.097833E+000   2.419674E+000   8.068688E+000   2.420606E+000   5.678159E+000   5.648082E+000   3.007685E-002
    6701      19     1.240000     1.280000   7.733813E+000   2.325877E+000   7.725359E+000   2.317608E+000   5.407937E+000   5.407751E+000   1.852942E-004
    6701      20     1.280000     1.340000   1.109154E+001   3.331759E+000   1.107801E+001   3.323404E+000   7.759784E+000   7.754610E+000   5.174288E-003
    6701      21     1.340000     1.420000   1.012492E+001   3.042441E+000   1.011688E+001   3.035063E+000   7.082480E+000   7.081813E+000   6.672271E-004
    6701      22     1.420000     1.460000   4.444646E+000   1.228909E+000   4.295699E+000   1.288710E+000   3.215737E+000   3.006990E+000   2.087475E-001
    6701      23     1.460000     1.490000   3.316959E+000   9.942119E-001   3.312591E+000   9.937774E-001   2.322747E+000   2.318814E+000   3.933039E-003
    6701      24     1.490000     1.520000   3.416012E+000   1.025624E+000   3.413710E+000   1.024113E+000   2.390388E+000   2.389597E+000   7.901745E-004
    6701      25     1.520000     1.680000   2.089115E+001   6.135728E+000   2.069890E+001   6.209670E+000   1.475542E+001   1.448923E+001   2.661906E-001
    6701      26     1.680000     1.740000   7.400301E+000   2.221618E+000   7.397809E+000   2.219343E+000   5.178684E+000   5.178466E+000   2.174379E-004
    6701      27     1.740000     1.820000   6.859941E+000   2.059238E+000   6.858020E+000   2.057406E+000   4.800703E+000   4.800614E+000   8.909510E-005
    6701      28     1.820000     1.940000   7.844991E+000   2.348078E+000   7.835850E+000   2.350755E+000   5.496913E+000   5.485095E+000   1.181751E-002
    6701      29     1.940000     2.200000   1.524385E+001   3.569027E+000   1.323987E+001   3.971962E+000   1.167482E+001   9.267912E+000   2.406911E+000
    6701      30     2.200000     2.300000   5.897529E+000   1.769632E+000   5.896833E+000   1.769050E+000   4.127896E+000   4.127783E+000   1.135261E-004
    6701      31     2.300000     2.450000   6.412228E+000   1.924052E+000   6.411672E+000   1.923501E+000   4.488176E+000   4.488170E+000   6.099991E-006
    6701      32     2.450000     2.550000   2.808749E+000   8.424842E-001   2.808245E+000   8.424735E-001   1.966265E+000   1.965772E+000   4.935112E-004
    6701      33     2.550000     2.650000   2.466453E+000   7.357468E-001   2.461520E+000   7.384560E-001   1.730707E+000   1.723064E+000   7.642594E-003
    6701      34     2.650000     2.900000   5.107089E+000   3.807274E-001   1.743730E+000   5.231191E-001   4.726362E+000   1.220611E+000   3.505750E+000
    6701      35     2.900000     3.200000   4.829501E+000   1.440932E+000   4.820252E+000   1.446076E+000   3.388569E+000   3.374176E+000   1.439292E-002
    6701      36     3.200000     3.500000   4.479548E+000   1.343913E+000   4.479430E+000   1.343829E+000   3.135635E+000   3.135601E+000   3.383163E-005
    6701      37     3.500000     3.900000   5.317470E+000   1.592372E+000   5.314122E+000   1.594237E+000   3.725098E+000   3.719885E+000   5.212794E-003
    6701      38     3.900000     5.500000   8.889375E+000   1.779954E+000   6.400472E+000   1.920142E+000   7.109422E+000   4.480331E+000   2.629091E+000
    6701      39     5.500000     6.500000   2.171822E+000   6.515467E-001   2.171813E+000   6.515440E-001   1.520275E+000   1.520269E+000   5.482799E-006
    6701      40     6.500000     7.000000   6.459457E-001   1.937836E-001   6.459441E-001   1.937832E-001   4.521622E-001   4.521608E-001   1.323093E-006
    6701      41     7.000000     9.000000   1.525571E+000   4.557274E-001   1.523399E+000   4.570196E-001   1.069844E+000   1.066379E+000   3.464610E-003
    6701      42     9.000000    20.000000   1.633159E+000   3.835510E-001   1.334218E+000   4.002655E-001   1.249608E+000   9.339528E-001   3.156551E-001
    6801       1     0.200000     0.300000   5.582456E-006   2.938599E-006   3.776939E-006   1.133082E-006   2.643857E-006   2.643857E-006  -4.911299E-015
    6801       2     0.300000     0.345000   2.557270E-003   1.160959E-003   1.994730E-003   5.984189E-004   1.396311E-003   1.396311E-003   9.565853E-013
    6801       3     0.345000     0.385000   2.512764E-003   1.006153E-003   2.152302E-003   6.456906E-004   1.506611E-003   1.506611E-003  -5.730525E-013
    6801       4     0.385000     0.420000   1.293223E-002   4.781073E-003   1.164451E-002   3.493352E-003   8.151155E-003   8.151155E-003  -2.469662E-012
    6801       5     0.420000     0.450000   2.349464E-002   8.255229E-003   2.177059E-002   6.531176E-003   1.523941E-002   1.523941E-002  -2.603605E-012
    6801       6     0.450000     0.500000   1.310848E-001   4.421893E-002   1.240940E-001   3.722821E-002   8.686582E-002   8.686582E-002  -2.128105E-011
    6801       7     0.500000     0.550000   1.748537E-001   5.680007E-002   1.686481E-001   5.059442E-002   1.180536E-001   1.180536E-001  -4.386001E-011
    6801       8     0.550000     0.610000   2.295775E-001   7.279690E-002   2.239723E-001   6.719170E-002   1.567806E-001   1.567806E-001   3.272199E-011
    6801       9     0.610000     0.690000   5.693172E-001   1.769141E-001   5.605758E-001   1.681727E-001   3.924031E-001   3.924031E-001  -2.290595E-011
    6801      10     0.690000     0.780000   2.472789E+000   7.577010E-001   2.450126E+000   7.350378E-001   1.715088E+000   1.715088E+000   5.437872E-011
    6801      11     0.780000     0.800000   1.063069E+000   3.241398E-001   1.055609E+000   3.166826E-001   7.389296E-001   7.389261E-001   3.473655E-006
    6801      12     0.800000     0.870000   5.878988E+000   1.787489E+000   5.844998E+000   1.753499E+000   4.091499E+000   4.091499E+000   5.742042E-007
    6801      13     0.870000     0.880000   8.736691E-001   2.649443E-001   8.695961E-001   2.608788E-001   6.087248E-001   6.087173E-001   7.553974E-006
    6801      14     0.880000     1.030000   2.249240E+001   6.799491E+000   2.241845E+001   6.725534E+000   1.569291E+001   1.569291E+001   2.842232E-007
    6801      15     1.030000     1.080000   9.248799E+000   2.788382E+000   9.227951E+000   2.768385E+000   6.460417E+000   6.459566E+000   8.514132E-004
    6801      16     1.080000     1.140000   1.173685E+001   3.535822E+000   1.171566E+001   3.514699E+000   8.201028E+000   8.200964E+000   6.418196E-005
    6801      17     1.140000     1.200000   1.143670E+001   3.442659E+000   1.142004E+001   3.426012E+000   7.994037E+000   7.994027E+000   1.047323E-005
    6801      18     1.200000     1.240000   8.097833E+000   2.419674E+000   8.068688E+000   2.420606E+000   5.678158E+000   5.648082E+000   3.007656E-002
    6801      19     1.240000     1.280000   7.733813E+000   2.325877E+000   7.725359E+000   2.317608E+000   5.407936E+000   5.407751E+000   1.851326E-004
    6801      20     1.280000     1.340000   1.109154E+001   3.331759E+000   1.107801E+001   3.323404E+000   7.759784E+000   7.754610E+000   5.174398E-003
    6801      21     1.340000     1.420000   1.012492E+001   3.042441E+000   1.011688E+001   3.035063E+000   7.082480E+000   7.081813E+000   6.669922E-004
    6801      22     1.420000     1.460000   4.444646E+000   1.228915E+000   4.295706E+000   1.288712E+000   3.215730E+000   3.006994E+000   2.087365E-001
    6801      23     1.460000     1.490000   3.316959E+000   9.942120E-001   3.312592E+000   9.937775E-001   2.322747E+000   2.318814E+000   3.932724E-003
    6801      24     1.490000     1.520000   3.416012E+000   1.025624E+000   3.413711E+000   1.024113E+000   2.390387E+000   2.389597E+000   7.898269E-004
    6801      25     1.520000     1.680000   2.089115E+001   6.135738E+000   2.069891E+001   6.209673E+000   1.475541E+001   1.448924E+001   2.661741E-001
    6801      26     1.680000     1.740000   7.400301E+000   2.221618E+000   7.397809E+000   2.219343E+000   5.178684E+000   5.178466E+000   2.172523E-004
    6801      27     1.740000     1.820000   6.859941E+000   2.059239E+000   6.858021E+000   2.057406E+000   4.800702E+000   4.800614E+000   8.801510E-005
    6801      28     1.820000     1.940000   7.844991E+000   2.348087E+000   7.835859E+000   2.350758E+000   5.496904E+000   5.485102E+000   1.180290E-002
    6801      29     1.940000     2.200000   1.524385E+001   3.569595E+000   1.324063E+001   3.972189E+000   1.167425E+001   9.268440E+000   2.405815E+000
    6801      30     2.200000     2.300000   5.897529E+000   1.769632E+000   5.896833E+000   1.769050E+000   4.127896E+000   4.127783E+000   1.133882E-004
    6801      31     2.300000     2.450000   6.412228E+000   1.924052E+000   6.411672E+000   1.923501E+000   4.488176E+000   4.488170E+000   6.093821E-006
    6801      32     2.450000     2.550000   2.808749E+000   8.424859E-001   2.808247E+000   8.424741E-001   1.966263E+000   1.965773E+000   4.905245E-004
    6801      33     2.550000     2.650000   2.466453E+000   7.357581E-001   2.461533E+000   7.384598E-001   1.730695E+000   1.723073E+000   7.622287E-003
    6801      34     2.650000     2.900000   5.107089E+000   3.811664E-001   1.745304E+000   5.235913E-001   4.725923E+000   1.221713E+000   3.504210E+000
    6801      35     2.900000     3.200000   4.829501E+000   1.440946E+000   4.820268E+000   1.446080E+000   3.388555E+000   3.374187E+000   1.436766E-002
    6801      36     3.200000     3.500000   4.479548E+000   1.343913E+000   4.479430E+000   1.343829E+000   3.135634E+000   3.135601E+000   3.367362E-005
    6801      37     3.500000     3.900000   5.317470E+000   1.592372E+000   5.314122E+000   1.594236E+000   3.725099E+000   3.719885E+000   5.213604E-003
    6801      38     3.900000     5.500000   8.889375E+000   1.780153E+000   6.400870E+000   1.920261E+000   7.109222E+000   4.480609E+000   2.628613E+000
    6801      39     5.500000     6.500000   2.171822E+000   6.515467E-001   2.171813E+000   6.515440E-001   1.520275E+000   1.520269E+000   5.459765E-006
    6801      40     6.500000     7.000000   6.459457E-001   1.937836E-001   6.459441E-001   1.937832E-001   4.521622E-001   4.521608E-001   1.318582E-006
    6801      41     7.000000     9.000000   1.525571E+000   4.557275E-001   1.523399E+000   4.570196E-001   1.069844E+000   1.066379E+000   3.464506E-003
    6801      42     9.000000    20.000000   1.633159E+000   3.837421E-001   1.334626E+000   4.003877E-001   1.249417E+000   9.342379E-001   3.151789E-001
    6901       1     0.200000     0.300000   5.582456E-006   2.938599E-006   3.776939E-006   1.133082E-006   2.643857E-006   2.643857E-006  -4.911299E-015
    6901       2     0.300000     0.345000   2.557270E-003   1.160959E-003   1.994730E-003   5.984189E-004   1.396311E-003   1.396311E-003   9.565853E-013
    6901       3     0.345000     0.385000   2.512764E-003   1.006153E-003   2.152302E-003   6.456906E-004   1.506611E-003   1.506611E-003  -5.730525E-013
    6901       4     0.385000     0.420000   1.293223E-002   4.781073E-003   1.164451E-002   3.493352E-003   8.151155E-003   8.151155E-003  -2.320711E-012
    6901       5     0.420000     0.450000   2.349464E-002   8.255229E-003   2.177059E-002   6.531176E-003   1.523941E-002   1.523941E-002  -5.277263E-012
    6901       6     0.450000     0.500000   1.310848E-001   4.421893E-002   1.240940E-001   3.722821E-002   8.686582E-002   8.686582E-002  -2.198856E-011
    6901       7     0.500000     0.550000   1.748537E-001   5.680007E-002   1.686481E-001   5.059442E-002   1.180536E-001   1.180536E-001  -3.091415E-011
    6901       8     0.550000     0.610000   2.295775E-001   7.279690E-002   2.239723E-001   6.719170E-002   1.567806E-001   1.567806E-001   3.668421E-011
    6901       9     0.610000     0.690000   5.693172E-001   1.769141E-001   5.605758E-001   1.681727E-001   3.924031E-001   3.924031E-001   1.433326E-011
    6901      10     0.690000     0.780000   2.472789E+000   7.577010E-001   2.450126E+000   7.350378E-001   1.715088E+000   1.715088E+000   1.592793E-010
    6901      11     0.780000     0.800000   1.063069E+000   3.241398E-001   1.055609E+000   3.166826E-001   7.389296E-001   7.389261E-001   3.473583E-006
    6901      12     0.800000     0.870000   5.878988E+000   1.787489E+000   5.844998E+000   1.753499E+000   4.091499E+000   4.091499E+000   5.744254E-007
    6901      13     0.870000     0.880000   8.736691E-001   2.649443E-001   8.695961E-001   2.608788E-001   6.087248E-001   6.087173E-001   7.550798E-006
    6901      14     0.880000     1.030000   2.249240E+001   6.799491E+000   2.241845E+001   6.725534E+000   1.569291E+001   1.569291E+001   2.840006E-007
    6901      15     1.030000     1.080000   9.248799E+000   2.788382E+000   9.227951E+000   2.768385E+000   6.460417E+000   6.459566E+000   8.514034E-004
    6901      16     1.080000     1.140000   1.173685E+001   3.535822E+000   1.171566E+001   3.514699E+000   8.201028E+000   8.200964E+000   6.417828E-005
    6901      17     1.140000     1.200000   1.143670E+001   3.442659E+000   1.142004E+001   3.426012E+000   7.994037E+000   7.994027E+000   1.047352E-005
    6901      18     1.200000     1.240000   8.097833E+000   2.419675E+000   8.068688E+000   2.420607E+000   5.678158E+000   5.648082E+000   3.007628E-002
    6901      19     1.240000     1.280000   7.733813E+000   2.325877E+000   7.725359E+000   2.317608E+000   5.407936E+000   5.407751E+000   1.849742E-004
    6901      20     1.280000     1.340000   1.109154E+001   3.331759E+000   1.107801E+001   3.323404E+000   7.759784E+000   7.754610E+000   5.174505E-003
    6901      21     1.340000     1.420000   1.012492E+001   3.042441E+000   1.011688E+001   3.035063E+000   7.082480E+000   7.081813E+000   6.667617E-004
    6901      22     1.420000     1.460000   4.444646E+000   1.228922E+000   4.295712E+000   1.288714E+000   3.215724E+000   3.006998E+000   2.087259E-001
    6901      23     1.460000     1.490000   3.316959E+000   9.942122E-001   3.312592E+000   9.937775E-001   2.322747E+000   2.318814E+000   3.932413E-003
    6901      24     1.490000     1.520000   3.416012E+000   1.025624E+000   3.413711E+000   1.024113E+000   2.390387E+000   2.389598E+000   7.894863E-004
    6901      25     1.520000     1.680000   2.089115E+001   6.135748E+000   2.069892E+001   6.209675E+000   1.475540E+001   1.448924E+001   2.661579E-001
    6901      26     1.680000     1.740000   7.400301E+000   2.221618E+000   7.397809E+000   2.219343E+000   5.178684E+000   5.178467E+000   2.170708E-004
    6901      27     1.740000     1.820000   6.859941E+000   2.059239E+000   6.858021E+000   2.057406E+000   4.800702E+000   4.800615E+000   8.695961E-005
    6901      28     1.820000     1.940000   7.844991E+000   2.348095E+000   7.835868E+000   2.350760E+000   5.496896E+000   5.485108E+000   1.178864E-002
    6901      29     1.940000     2.200000   1.524385E+001   3.570155E+000   1.324137E+001   3.972411E+000   1.167370E+001   9.268959E+000   2.404737E+000
    6901      30     2.200000     2.300000   5.897529E+000   1.769632E+000   5.896833E+000   1.769050E+000   4.127896E+000   4.127783E+000   1.132528E-004
    6901      31     2.300000     2.450000   6.412228E+000   1.924052E+000   6.411672E+000   1.923501E+000   4.488176E+000   4.488170E+000   6.087777E-006
    6901      32     2.450000     2.550000   2.808749E+000   8.424875E-001   2.808249E+000   8.424746E-001   1.966262E+000   1.965774E+000   4.876007E-004
    6901      33     2.550000     2.650000   2.466453E+000   7.357692E-001   2.461545E+000   7.384635E-001   1.730684E+000   1.723082E+000   7.602583E-003
    6901      34     2.650000     2.900000   5.107089E+000   3.815993E-001   1.746852E+000   5.240556E-001   4.725490E+000   1.222796E+000   3.502693E+000
    6901      35     2.900000     3.200000   4.829501E+000   1.440960E+000   4.820284E+000   1.446085E+000   3.388541E+000   3.374198E+000   1.434285E-002
    6901      36     3.200000     3.500000   4.479548E+000   1.343914E+000   4.479430E+000   1.343829E+000   3.135634E+000   3.135601E+000   3.351898E-005
    6901      37     3.500000     3.900000   5.317470E+000   1.592371E+000   5.314121E+000   1.594236E+000   3.725099E+000   3.719885E+000   5.214405E-003
    6901      38     3.900000     5.500000   8.889375E+000   1.780349E+000   6.401259E+000   1.920378E+000   7.109026E+000   4.480881E+000   2.628145E+000
    6901      39     5.500000     6.500000   2.171822E+000   6.515468E-001   2.171813E+000   6.515440E-001   1.520275E+000   1.520269E+000   5.437254E-006
    6901      40     6.500000     7.000000   6.459457E-001   1.937836E-001   6.459441E-001   1.937832E-001   4.521622E-001   4.521608E-001   1.314171E-006
    6901      41     7.000000     9.000000   1.525571E+000   4.557276E-001   1.523399E+000   4.570196E-001   1.069844E+000   1.066379E+000   3.464404E-003
    6901      42     9.000000    20.000000   1.633159E+000   3.839301E-001   1.335027E+000   4.005080E-001   1.249229E+000   9.345186E-001   3.147102E-001
    7001       1     0.200000     0.300000   5.582456E-006   2.938599E-006   3.776939E-006   1.133082E-006   2.643857E-006   2.643857E-006  -4.911299E-015
    7001       2     0.300000     0.345000   2.557270E-003   1.160959E-003   1.994730E-003   5.984189E-004   1.396311E-003   1.396311E-003   9.565853E-013
    7001       3     0.345000     0.385000   2.512764E-003   1.006153E-003   2.152302E-003   6.456906E-004   1.506611E-003   1.506611E-003  -5.730525E-013
    7001       4     0.385000     0.420000   1.293223E-002   4.781073E-003   1.164451E-002   3.493352E-003   8.151155E-003   8.151155E-003  -1.542402E-012
    7001       5     0.420000     0.450000   2.349464E-002   8.255229E-003   2.177059E-002   6.531176E-003   1.523941E-002   1.523941E-002  -5.833767E-012
    7001       6     0.450000     0.500000   1.310848E-001   4.421893E-002   1.240940E-001   3.722821E-002   8.686582E-002   8.686582E-002  -1.500190E-011
    7001       7     0.500000     0.550000   1.748537E-001   5.680007E-002   1.686481E-001   5.059442E-002   1.180536E-001   1.180536E-001  -3.680578E-011
    7001       8     0.550000     0.610000   2.295775E-001   7.279690E-002   2.239723E-001   6.719170E-002   1.567806E-001   1.567806E-001   5.883702E-011
    7001       9     0.610000     0.690000   5.693172E-001   1.769141E-001   5.605758E-001   1.681727E-001   3.924031E-001   3.924031E-001   7.879752E-012
    7001      10     0.690000     0.780000   2.472789E+000   7.577010E-001   2.450126E+000   7.350378E-001   1.715088E+000   1.715088E+000   1.073226E-010
    7001      11     0.780000     0.800000   1.063069E+000   3.241398E-001   1.055609E+000   3.166826E-001   7.389296E-001   7.389261E-001   3.473514E-006
    7001      12     0.800000     0.870000   5.878988E+000   1.787489E+000   5.844998E+000   1.753499E+000   4.091499E+000   4.091499E+000   5.746432E-007
    7001      13     0.870000     0.880000   8.736691E-001   2.649443E-001   8.695961E-001   2.608788E-001   6.087248E-001   6.087173E-001   7.547670E-006
    7001      14     0.880000     1.030000   2.249240E+001   6.799491E+000   2.241845E+001   6.725534E+000   1.569291E+001   1.569291E+001   2.837834E-007
    7001      15     1.030000     1.080000   9.248799E+000   2.788382E+000   9.227951E+000   2.768385E+000   6.460417E+000   6.459566E+000   8.513939E-004
    7001      16     1.080000     1.140000   1.173685E+001   3.535822E+000   1.171566E+001   3.514699E+000   8.201028E+000   8.200964E+000   6.417473E-005
    7001      17     1.140000     1.200000   1.143670E+001   3.442659E+000   1.142004E+001   3.426012E+000   7.994037E+000   7.994027E+000   1.047383E-005
    7001      18     1.200000     1.240000   8.097833E+000   2.419675E+000   8.068689E+000   2.420607E+000   5.678158E+000   5.648082E+000   3.007601E-002
    7001      19     1.240000     1.280000   7.733813E+000   2.325877E+000   7.725359E+000   2.317608E+000   5.407936E+000   5.407751E+000   1.848189E-004
    7001      20     1.280000     1.340000   1.109154E+001   3.331759E+000   1.107801E+001   3.323404E+000   7.759784E+000   7.754610E+000   5.174611E-003
    7001      21     1.340000     1.420000   1.012492E+001   3.042441E+000   1.011688E+001   3.035063E+000   7.082480E+000   7.081813E+000   6.665355E-004
    7001      22     1.420000     1.460000   4.444646E+000   1.228928E+000   4.295718E+000   1.288715E+000   3.215718E+000   3.007002E+000   2.087156E-001
    7001      23     1.460000     1.490000   3.316959E+000   9.942124E-001   3.312592E+000   9.937776E-001   2.322747E+000   2.318814E+000   3.932108E-003
    7001      24     1.490000     1.520000   3.416012E+000   1.025625E+000   3.413711E+000   1.024113E+000   2.390387E+000   2.389598E+000   7.891524E-004
    7001      25     1.520000     1.680000   2.089115E+001   6.135758E+000   2.069893E+001   6.209678E+000   1.475539E+001   1.448925E+001   2.661422E-001
    7001      26     1.680000     1.740000   7.400301E+000   2.221618E+000   7.397809E+000   2.219343E+000   5.178684E+000   5.178467E+000   2.168930E-004
    7001      27     1.740000     1.820000   6.859941E+000   2.059240E+000   6.858022E+000   2.057407E+000   4.800701E+000   4.800615E+000   8.592708E-005
    7001      28     1.820000     1.940000   7.844991E+000   2.348102E+000   7.835877E+000   2.350763E+000   5.496889E+000   5.485114E+000   1.177470E-002
    7001      29     1.940000     2.200000   1.524385E+001   3.570705E+000   1.324210E+001   3.972629E+000   1.167314E+001   9.269468E+000   2.403676E+000
    7001      30     2.200000     2.300000   5.897529E+000   1.769633E+000   5.896833E+000   1.769050E+000   4.127896E+000   4.127783E+000   1.131199E-004
    7001      31     2.300000     2.450000   6.412228E+000   1.924052E+000   6.411672E+000   1.923501E+000   4.488176E+000   4.488170E+000   6.081850E-006
    7001      32     2.450000     2.550000   2.808749E+000   8.424891E-001   2.808251E+000   8.424752E-001   1.966260E+000   1.965775E+000   4.847356E-004
    7001      33     2.550000     2.650000   2.466453E+000   7.357799E-001   2.461557E+000   7.384671E-001   1.730673E+000   1.723090E+000   7.583426E-003
    7001      34     2.650000     2.900000   5.107089E+000   3.820263E-001   1.748375E+000   5.245125E-001   4.725063E+000   1.223862E+000   3.501200E+000
    7001      35     2.900000     3.200000   4.829501E+000   1.440973E+000   4.820299E+000   1.446090E+000   3.388528E+000   3.374209E+000   1.431849E-002
    7001      36     3.200000     3.500000   4.479548E+000   1.343914E+000   4.479430E+000   1.343829E+000   3.135634E+000   3.135601E+000   3.336749E-005
    7001      37     3.500000     3.900000   5.317470E+000   1.592371E+000   5.314121E+000   1.594236E+000   3.725100E+000   3.719884E+000   5.215197E-003
    7001      38     3.900000     5.500000   8.889375E+000   1.780541E+000   6.401641E+000   1.920492E+000   7.108834E+000   4.481149E+000   2.627686E+000
    7001      39     5.500000     6.500000   2.171822E+000   6.515468E-001   2.171813E+000   6.515440E-001   1.520275E+000   1.520269E+000   5.415237E-006
    7001      40     6.500000     7.000000   6.459457E-001   1.937836E-001   6.459441E-001   1.937832E-001   4.521622E-001   4.521608E-001   1.309854E-006
    7001      41     7.000000     9.000000   1.525571E+000   4.557276E-001   1.523399E+000   4.570196E-001   1.069843E+000   1.066379E+000   3.464303E-003
    7001      42     9.000000    20.000000   1.633159E+000   3.841151E-001   1.335422E+000   4.006265E-001   1.249044E+000   9.347952E-001   3.142486E-001
    7101       1     0.200000     0.300000   5.582456E-006   2.938599E-006   3.776939E-006   1.133082E-006   2.643857E-006   2.643857E-006  -4.911299E-015
    7101       2     0.300000     0.345000   2.557270E-003   1.160959E-003   1.994730E-003   5.984189E-004   1.396311E-003   1.396311E-003   9.565853E-013
    7101       3     0.345000     0.385000   2.512764E-003   1.006153E-003   2.152302E-003   6.456906E-004   1.506611E-003   1.506611E-003  -5.730525E-013
    7101       4     0.385000     0.420000   1.293223E-002   4.781073E-003   1.164451E-002   3.493352E-003   8.151155E-003   8.151155E-003  -2.913669E-012
    7101       5     0.420000     0.450000   2.349464E-002   8.255229E-003   2.177059E-002   6.531176E-003   1.523941E-002   1.523941E-002  -1.123384E-012
    7101       6     0.450000     0.500000   1.310848E-001   4.421893E-002   1.240940E-001   3.722821E-002   8.686582E-002   8.686582E-002  -1.588617E-011
    7101       7     0.500000     0.550000   1.748537E-001   5.680007E-002   1.686481E-001   5.059442E-002   1.180536E-001   1.180536E-001  -2.478387E-011
    7101       8     0.550000     0.610000   2.295775E-001   7.279690E-002   2.239723E-001   6.719170E-002   1.567806E-001   1.567806E-001   3.950273E-011
    7101       9     0.610000     0.690000   5.693172E-001   1.769141E-001   5.605758E-001   1.681727E-001   3.924031E-001   3.924031E-001  -3.437450E-011
    7101      10     0.690000     0.780000   2.472789E+000   7.577010E-001   2.450126E+000   7.350378E-001   1.715088E+000   1.715088E+000   2.000062E-010
    7101      11     0.780000     0.800000   1.063069E+000   3.241398E-001   1.055609E+000   3.166826E-001   7.389296E-001   7.389261E-001   3.473447E-006
    7101      12     0.800000     0.870000   5.878988E+000   1.787489E+000   5.844998E+000   1.753499E+000   4.091499E+000   4.091499E+000   5.748580E-007
    7101      13     0.870000     0.880000   8.736691E-001   2.649443E-001   8.695961E-001   2.608788E-001   6.087248E-001   6.087173E-001   7.544607E-006
    7101      14     0.880000     1.030000   2.249240E+001   6.799491E+000   2.241845E+001   6.725534E+000   1.569291E+001   1.569291E+001   2.835736E-007
    7101      15     1.030000     1.080000   9.248799E+000   2.788382E+000   9.227951E+000   2.768385E+000   6.460417E+000   6.459566E+000   8.513850E-004
    7101      16     1.080000     1.140000   1.173685E+001   3.535822E+000   1.171566E+001   3.514699E+000   8.201028E+000   8.200964E+000   6.417132E-005
    7101      17     1.140000     1.200000   1.143670E+001   3.442659E+000   1.142004E+001   3.426012E+000   7.994037E+000   7.994027E+000   1.047421E-005
    7101      18     1.200000     1.240000   8.097833E+000   2.419675E+000   8.068689E+000   2.420607E+000   5.678158E+000   5.648082E+000   3.007574E-002
    7101      19     1.240000     1.280000   7.733813E+000   2.325877E+000   7.725359E+000   2.317608E+000   5.407936E+000   5.407752E+000   1.846671E-004
    7101      20     1.280000     1.340000   1.109154E+001   3.331758E+000   1.107801E+001   3.323404E+000   7.759784E+000   7.754610E+000   5.174716E-003
    7101      21     1.340000     1.420000   1.012492E+001   3.042441E+000   1.011688E+001   3.035063E+000   7.082480E+000   7.081813E+000   6.663143E-004
    7101      22     1.420000     1.460000   4.444646E+000   1.228934E+000   4.295723E+000   1.288717E+000   3.215712E+000   3.007006E+000   2.087055E-001
    7101      23     1.460000     1.490000   3.316959E+000   9.942126E-001   3.312592E+000   9.937777E-001   2.322746E+000   2.318815E+000   3.931809E-003
    7101      24     1.490000     1.520000   3.416012E+000   1.025625E+000   3.413711E+000   1.024113E+000   2.390387E+000   2.389598E+000   7.888263E-004
    7101      25     1.520000     1.680000   2.089115E+001   6.135767E+000   2.069893E+001   6.209680E+000   1.475538E+001   1.448925E+001   2.661268E-001
    7101      26     1.680000     1.740000   7.400301E+000   2.221618E+000   7.397810E+000   2.219343E+000   5.178683E+000   5.178467E+000   2.167195E-004
    7101      27     1.740000     1.820000   6.859941E+000   2.059241E+000   6.858022E+000   2.057407E+000   4.800701E+000   4.800616E+000   8.492442E-005
    7101      28     1.820000     1.940000   7.844991E+000   2.348110E+000   7.835885E+000   2.350766E+000   5.496881E+000   5.485120E+000   1.176115E-002
    7101      29     1.940000     2.200000   1.524385E+001   3.571247E+000   1.324281E+001   3.972844E+000   1.167260E+001   9.269969E+000   2.402634E+000
    7101      30     2.200000     2.300000   5.897529E+000   1.769633E+000   5.896833E+000   1.769050E+000   4.127896E+000   4.127783E+000   1.129895E-004
    7101      31     2.300000     2.450000   6.412228E+000   1.924052E+000   6.411672E+000   1.923501E+000   4.488176E+000   4.488170E+000   6.076056E-006
    7101      32     2.450000     2.550000   2.808749E+000   8.424907E-001   2.808252E+000   8.424757E-001   1.966259E+000   1.965777E+000   4.819360E-004
    7101      33     2.550000     2.650000   2.466453E+000   7.357902E-001   2.461569E+000   7.384706E-001   1.730663E+000   1.723098E+000   7.565001E-003
    7101      34     2.650000     2.900000   5.107089E+000   3.824457E-001   1.749867E+000   5.249601E-001   4.724643E+000   1.224907E+000   3.499737E+000
    7101      35     2.900000     3.200000   4.829501E+000   1.440986E+000   4.820314E+000   1.446094E+000   3.388514E+000   3.374220E+000   1.429459E-002
    7101      36     3.200000     3.500000   4.479548E+000   1.343914E+000   4.479430E+000   1.343829E+000   3.135634E+000   3.135601E+000   3.321975E-005
    7101      37     3.500000     3.900000   5.317470E+000   1.592370E+000   5.314120E+000   1.594236E+000   3.725100E+000   3.719884E+000   5.215983E-003
    7101      38     3.900000     5.500000   8.889375E+000   1.780728E+000   6.402013E+000   1.920604E+000   7.108647E+000   4.481409E+000   2.627238E+000
    7101      39     5.500000     6.500000   2.171822E+000   6.515468E-001   2.171813E+000   6.515440E-001   1.520275E+000   1.520269E+000   5.393919E-006
    7101      40     6.500000     7.000000   6.459457E-001   1.937836E-001   6.459441E-001   1.937832E-001   4.521621E-001   4.521608E-001   1.305653E-006
    7101      41     7.000000     9.000000   1.525571E+000   4.557277E-001   1.523399E+000   4.570197E-001   1.069843E+000   1.066379E+000   3.464203E-003
    7101      42     9.000000    20.000000   1.633159E+000   3.842960E-001   1.335809E+000   4.007427E-001   1.248863E+000   9.350663E-001   3.137966E-001
    7201       1     0.200000     0.300000   5.582456E-006   2.938599E-006   3.776939E-006   1.133082E-006   2.643857E-006   2.643857E-006  -4.911299E-015
    7201       2     0.300000     0.345000   2.557270E-003   1.160959E-003   1.994730E-003   5.984189E-004   1.396311E-003   1.396311E-003   9.565853E-013
    7201       3     0.345000     0.385000   2.512764E-003   1.006153E-003   2.152302E-003   6.456906E-004   1.506611E-003   1.506611E-003  -5.730525E-013
    7201       4     0.385000     0.420000   1.293223E-002   4.781073E-003   1.164451E-002   3.493352E-003   8.151155E-003   8.151155E-003  -2.444328E-012
    7201       5     0.420000     0.450000   2.349464E-002   8.255229E-003   2.177059E-002   6.531176E-003   1.523941E-002   1.523941E-002   7.919533E-013
    7201       6     0.450000     0.500000   1.310848E-001   4.421893E-002   1.240940E-001   3.722821E-002   8.686582E-002   8.686582E-002  -2.187150E-011
    7201       7     0.500000     0.550000   1.748537E-001   5.680007E-002   1.686481E-001   5.059442E-002   1.180536E-001   1.180536E-001  -1.351723E-011
    7201       8     0.550000     0.610000   2.295775E-001   7.279690E-002   2.239723E-001   6.719170E-002   1.567806E-001   1.567806E-001   4.903261E-011
    7201       9     0.610000     0.690000   5.693172E-001   1.769141E-001   5.605758E-001   1.681727E-001   3.924031E-001   3.924031E-001  -4.871759E-011
    7201      10     0.690000     0.780000   2.472789E+000   7.577010E-001   2.450126E+000   7.350378E-001   1.715088E+000   1.715088E+000   1.893796E-010
    7201      11     0.780000     0.800000   1.063069E+000   3.241398E-001   1.055609E+000   3.166826E-001   7.389296E-001   7.389261E-001   3.473380E-006
    7201      12     0.800000     0.870000   5.878988E+000   1.787489E+000   5.844998E+000   1.753499E+000   4.091499E+000   4.091499E+000   5.750698E-007
    7201      13     0.870000     0.880000   8.736691E-001   2.649443E-001   8.695961E-001   2.608788E-001   6.087248E-001   6.087173E-001   7.541593E-006
    7201      14     0.880000     1.030000   2.249240E+001   6.799491E+000   2.241845E+001   6.725534E+000   1.569291E+001   1.569291E+001   2.833650E-007
    7201      15     1.030000     1.080000   9.248799E+000   2.788382E+000   9.227951E+000   2.768385E+000   6.460417E+000   6.459566E+000   8.513763E-004
    7201      16     1.080000     1.140000   1.173685E+001   3.535822E+000   1.171566E+001   3.514699E+000   8.201028E+000   8.200964E+000   6.416798E-005
    7201      17     1.140000     1.200000   1.143670E+001   3.442659E+000   1.142004E+001   3.426012E+000   7.994037E+000   7.994027E+000   1.047458E-005
    7201      18     1.200000     1.240000   8.097833E+000   2.419675E+000   8.068689E+000   2.420607E+000   5.678158E+000   5.648082E+000   3.007547E-002
    7201      19     1.240000     1.280000   7.733813E+000   2.325877E+000   7.725359E+000   2.317608E+000   5.407936E+000   5.407752E+000   1.845177E-004
    7201      20     1.280000     1.340000   1.109154E+001   3.331758E+000   1.107801E+001   3.323404E+000   7.759784E+000   7.754610E+000   5.174818E-003
    7201      21     1.340000     1.420000   1.012492E+001   3.042441E+000   1.011688E+001   3.035063E+000   7.082479E+000   7.081813E+000   6.660966E-004
    7201      22     1.420000     1.460000   4.444646E+000   1.228940E+000   4.295729E+000   1.288719E+000   3.215706E+000   3.007010E+000   2.086956E-001
    7201      23     1.460000     1.490000   3.316959E+000   9.942127E-001   3.312592E+000   9.937777E-001   2.322746E+000   2.318815E+000   3.931514E-003
    7201      24     1.490000     1.520000   3.416012E+000   1.025625E+000   3.413712E+000   1.024113E+000   2.390387E+000   2.389598E+000   7.885054E-004
    7201      25     1.520000     1.680000   2.089115E+001   6.135776E+000   2.069894E+001   6.209683E+000   1.475537E+001   1.448926E+001   2.661117E-001
    7201      26     1.680000     1.740000   7.400301E+000   2.221618E+000   7.397810E+000   2.219343E+000   5.178683E+000   5.178467E+000   2.165488E-004
    7201      27     1.740000     1.820000   6.859941E+000   2.059241E+000   6.858023E+000   2.057407E+000   4.800700E+000   4.800616E+000   8.393700E-005
    7201      28     1.820000     1.940000   7.844991E+000   2.348118E+000   7.835894E+000   2.350768E+000   5.496873E+000   5.485126E+000   1.174781E-002
    7201      29     1.940000     2.200000   1.524385E+001   3.571781E+000   1.324352E+001   3.973055E+000   1.167207E+001   9.270462E+000   2.401607E+000
    7201      30     2.200000     2.300000   5.897529E+000   1.769633E+000   5.896833E+000   1.769050E+000   4.127896E+000   4.127783E+000   1.128612E-004
    7201      31     2.300000     2.450000   6.412228E+000   1.924052E+000   6.411672E+000   1.923501E+000   4.488176E+000   4.488170E+000   6.070353E-006
    7201      32     2.450000     2.550000   2.808749E+000   8.424922E-001   2.808254E+000   8.424762E-001   1.966257E+000   1.965778E+000   4.791810E-004
    7201      33     2.550000     2.650000   2.466453E+000   7.358004E-001   2.461580E+000   7.384740E-001   1.730653E+000   1.723106E+000   7.546870E-003
    7201      34     2.650000     2.900000   5.107089E+000   3.828611E-001   1.751341E+000   5.254022E-001   4.724228E+000   1.225938E+000   3.498290E+000
    7201      35     2.900000     3.200000   4.829501E+000   1.440999E+000   4.820329E+000   1.446099E+000   3.388501E+000   3.374230E+000   1.427106E-002
    7201      36     3.200000     3.500000   4.479548E+000   1.343914E+000   4.479430E+000   1.343829E+000   3.135634E+000   3.135601E+000   3.307433E-005
    7201      37     3.500000     3.900000   5.317470E+000   1.592370E+000   5.314120E+000   1.594236E+000   3.725100E+000   3.719884E+000   5.216757E-003
    7201      38     3.900000     5.500000   8.889375E+000   1.780913E+000   6.402381E+000   1.920714E+000   7.108462E+000   4.481666E+000   2.626796E+000
    7201      39     5.500000     6.500000   2.171822E+000   6.515468E-001   2.171813E+000   6.515440E-001   1.520275E+000   1.520269E+000   5.372914E-006
    7201      40     6.500000     7.000000   6.459457E-001   1.937836E-001   6.459441E-001   1.937832E-001   4.521621E-001   4.521608E-001   1.301516E-006
    7201      41     7.000000     9.000000   1.525571E+000   4.557277E-001   1.523399E+000   4.570197E-001   1.069843E+000   1.066379E+000   3.464104E-003
    7201      42     9.000000    20.000000   1.633159E+000   3.844749E-001   1.336193E+000   4.008578E-001   1.248684E+000   9.353348E-001   3.133492E-001
    7301       1     0.200000     0.300000   5.582456E-006   2.938599E-006   3.776939E-006   1.133082E-006   2.643857E-006   2.643857E-006  -4.911299E-015
    7301       2     0.300000     0.345000   2.557270E-003   1.160959E-003   1.994730E-003   5.984189E-004   1.396311E-003   1.396311E-003   9.565853E-013
    7301       3     0.345000     0.385000   2.512764E-003   1.006153E-003   2.152302E-003   6.456906E-004   1.506611E-003   1.506611E-003  -5.730525E-013
    7301       4     0.385000     0.420000   1.293223E-002   4.781073E-003   1.164451E-002   3.493352E-003   8.151155E-003   8.151155E-003  -2.711560E-012
    7301       5     0.420000     0.450000   2.349464E-002   8.255229E-003   2.177059E-002   6.531176E-003   1.523941E-002   1.523941E-002   1.211536E-012
    7301       6     0.450000     0.500000   1.310848E-001   4.421893E-002   1.240940E-001   3.722821E-002   8.686582E-002   8.686582E-002  -2.360281E-011
    7301       7     0.500000     0.550000   1.748537E-001   5.680007E-002   1.686481E-001   5.059442E-002   1.180536E-001   1.180536E-001  -1.694291E-011
    7301       8     0.550000     0.610000   2.295775E-001   7.279690E-002   2.239723E-001   6.719170E-002   1.567806E-001   1.567806E-001   4.372214E-011
    7301       9     0.610000     0.690000   5.693172E-001   1.769141E-001   5.605758E-001   1.681727E-001   3.924031E-001   3.924031E-001  -2.928946E-011
    7301      10     0.690000     0.780000   2.472789E+000   7.577010E-001   2.450126E+000   7.350378E-001   1.715088E+000   1.715088E+000  -4.087353E-011
    7301      11     0.780000     0.800000   1.063069E+000   3.241398E-001   1.055609E+000   3.166826E-001   7.389296E-001   7.389261E-001   3.473316E-006
    7301      12     0.800000     0.870000   5.878988E+000   1.787489E+000   5.844998E+000   1.753499E+000   4.091499E+000   4.091499E+000   5.752793E-007
    7301      13     0.870000     0.880000   8.736691E-001   2.649443E-001   8.695961E-001   2.608788E-001   6.087248E-001   6.087173E-001   7.538640E-006
    7301      14     0.880000     1.030000   2.249240E+001   6.799491E+000   2.241845E+001   6.725534E+000   1.569291E+001   1.569291E+001   2.831632E-007
    7301      15     1.030000     1.080000   9.248799E+000   2.788382E+000   9.227951E+000   2.768385E+000   6.460417E+000   6.459566E+000   8.513683E-004
    7301      16     1.080000     1.140000   1.173685E+001   3.535822E+000   1.171566E+001   3.514699E+000   8.201028E+000   8.200964E+000   6.416476E-005
    7301      17     1.140000     1.200000   1.143670E+001   3.442659E+000   1.142004E+001   3.426012E+000   7.994037E+000   7.994027E+000   1.047501E-005
    7301      18     1.200000     1.240000   8.097833E+000   2.419675E+000   8.068689E+000   2.420607E+000   5.678158E+000   5.648082E+000   3.007521E-002
    7301      19     1.240000     1.280000   7.733813E+000   2.325877E+000   7.725360E+000   2.317608E+000   5.407936E+000   5.407752E+000   1.843715E-004
    7301      20     1.280000     1.340000   1.109154E+001   3.331758E+000   1.107801E+001   3.323404E+000   7.759784E+000   7.754609E+000   5.174918E-003
    7301      21     1.340000     1.420000   1.012492E+001   3.042442E+000   1.011688E+001   3.035063E+000   7.082479E+000   7.081813E+000   6.658835E-004
    7301      22     1.420000     1.460000   4.444646E+000   1.228946E+000   4.295735E+000   1.288720E+000   3.215700E+000   3.007014E+000   2.086859E-001
    7301      23     1.460000     1.490000   3.316959E+000   9.942129E-001   3.312593E+000   9.937778E-001   2.322746E+000   2.318815E+000   3.931225E-003
    7301      24     1.490000     1.520000   3.416012E+000   1.025625E+000   3.413712E+000   1.024114E+000   2.390386E+000   2.389598E+000   7.881914E-004
    7301      25     1.520000     1.680000   2.089115E+001   6.135785E+000   2.069895E+001   6.209685E+000   1.475536E+001   1.448927E+001   2.660971E-001
    7301      26     1.680000     1.740000   7.400301E+000   2.221618E+000   7.397810E+000   2.219343E+000   5.178683E+000   5.178467E+000   2.163819E-004
    7301      27     1.740000     1.820000   6.859941E+000   2.059242E+000   6.858024E+000   2.057407E+000   4.800700E+000   4.800617E+000   8.297467E-005
    7301      28     1.820000     1.940000   7.844991E+000   2.348125E+000   7.835902E+000   2.350771E+000   5.496866E+000   5.485131E+000   1.173481E-002
    7301      29     1.940000     2.200000   1.524385E+001   3.572307E+000   1.324421E+001   3.973263E+000   1.167154E+001   9.270946E+000   2.400597E+000
    7301      30     2.200000     2.300000   5.897529E+000   1.769633E+000   5.896833E+000   1.769050E+000   4.127896E+000   4.127783E+000   1.127353E-004
    7301      31     2.300000     2.450000   6.412228E+000   1.924052E+000   6.411672E+000   1.923501E+000   4.488176E+000   4.488170E+000   6.064770E-006
    7301      32     2.450000     2.550000   2.808749E+000   8.424938E-001   2.808256E+000   8.424767E-001   1.966255E+000   1.965779E+000   4.764861E-004
    7301      33     2.550000     2.650000   2.466453E+000   7.358102E-001   2.461591E+000   7.384773E-001   1.730643E+000   1.723114E+000   7.529340E-003
    7301      34     2.650000     2.900000   5.107089E+000   3.832701E-001   1.752788E+000   5.258364E-001   4.723819E+000   1.226952E+000   3.496868E+000
    7301      35     2.900000     3.200000   4.829501E+000   1.441012E+000   4.820344E+000   1.446103E+000   3.388489E+000   3.374241E+000   1.424796E-002
    7301      36     3.200000     3.500000   4.479548E+000   1.343914E+000   4.479430E+000   1.343829E+000   3.135634E+000   3.135601E+000   3.293224E-005
    7301      37     3.500000     3.900000   5.317470E+000   1.592370E+000   5.314119E+000   1.594236E+000   3.725101E+000   3.719883E+000   5.217524E-003
    7301      38     3.900000     5.500000   8.889375E+000   1.781094E+000   6.402740E+000   1.920822E+000   7.108281E+000   4.481918E+000   2.626363E+000
    7301      39     5.500000     6.500000   2.171822E+000   6.515468E-001   2.171813E+000   6.515440E-001   1.520275E+000   1.520269E+000   5.352473E-006
    7301      40     6.500000     7.000000   6.459457E-001   1.937836E-001   6.459441E-001   1.937832E-001   4.521621E-001   4.521608E-001   1.297478E-006
    7301      41     7.000000     9.000000   1.525571E+000   4.557278E-001   1.523399E+000   4.570197E-001   1.069843E+000   1.066379E+000   3.464007E-003
    7301      42     9.000000    20.000000   1.633159E+000   3.846504E-001   1.336570E+000   4.009709E-001   1.248508E+000   9.355987E-001   3.129098E-001
    7401       1     0.200000     0.300000   5.582456E-006   2.938599E-006   3.776939E-006   1.133082E-006   2.643857E-006   2.643857E-006  -4.911299E-015
    7401       2     0.300000     0.345000   2.557270E-003   1.160959E-003   1.994730E-003   5.984189E-004   1.396311E-003   1.396311E-003   9.565853E-013
    7401       3     0.345000     0.385000   2.512764E-003   1.006153E-003   2.152302E-003   6.456906E-004   1.506611E-003   1.506611E-003  -5.730525E-013
    7401       4     0.385000     0.420000   1.293223E-002   4.781073E-003   1.164451E-002   3.493352E-003   8.151155E-003   8.151155E-003  -3.494701E-012
    7401       5     0.420000     0.450000   2.349464E-002   8.255229E-003   2.177059E-002   6.531176E-003   1.523941E-002   1.523941E-002   6.716166E-012
    7401       6     0.450000     0.500000   1.310848E-001   4.421893E-002   1.240940E-001   3.722821E-002   8.686582E-002   8.686582E-002   2.487760E-012
    7401       7     0.500000     0.550000   1.748537E-001   5.680007E-002   1.686481E-001   5.059442E-002   1.180536E-001   1.180536E-001  -1.904961E-011
    7401       8     0.550000     0.610000   2.295775E-001   7.279690E-002   2.239723E-001   6.719170E-002   1.567806E-001   1.567806E-001   5.212458E-011
    7401       9     0.610000     0.690000   5.693172E-001   1.769141E-001   5.605758E-001   1.681727E-001   3.924031E-001   3.924031E-001  -2.074890E-011
    7401      10     0.690000     0.780000   2.472789E+000   7.577010E-001   2.450126E+000   7.350378E-001   1.715088E+000   1.715088E+000   1.167084E-010
    7401      11     0.780000     0.800000   1.063069E+000   3.241398E-001   1.055609E+000   3.166826E-001   7.389296E-001   7.389261E-001   3.473253E-006
    7401      12     0.800000     0.870000   5.878988E+000   1.787489E+000   5.844998E+000   1.753499E+000   4.091499E+000   4.091499E+000   5.754855E-007
    7401      13     0.870000     0.880000   8.736691E-001   2.649443E-001   8.695961E-001   2.608788E-001   6.087248E-001   6.087173E-001   7.535742E-006
    7401      14     0.880000     1.030000   2.249240E+001   6.799491E+000   2.241845E+001   6.725534E+000   1.569291E+001   1.569291E+001   2.829666E-007
    7401      15     1.030000     1.080000   9.248799E+000   2.788382E+000   9.227951E+000   2.768385E+000   6.460417E+000   6.459566E+000   8.513605E-004
    7401      16     1.080000     1.140000   1.173685E+001   3.535822E+000   1.171566E+001   3.514699E+000   8.201028E+000   8.200964E+000   6.416164E-005
    7401      17     1.140000     1.200000   1.143670E+001   3.442659E+000   1.142004E+001   3.426012E+000   7.994037E+000   7.994027E+000   1.047546E-005
    7401      18     1.200000     1.240000   8.097833E+000   2.419675E+000   8.068689E+000   2.420607E+000   5.678157E+000   5.648082E+000   3.007495E-002
    7401      19     1.240000     1.280000   7.733813E+000   2.325877E+000   7.725360E+000   2.317608E+000   5.407936E+000   5.407752E+000   1.842280E-004
    7401      20     1.280000     1.340000   1.109154E+001   3.331758E+000   1.107801E+001   3.323404E+000   7.759784E+000   7.754609E+000   5.175017E-003
    7401      21     1.340000     1.420000   1.012492E+001   3.042442E+000   1.011688E+001   3.035063E+000   7.082479E+000   7.081814E+000   6.656745E-004
    7401      22     1.420000     1.460000   4.444646E+000   1.228951E+000   4.295740E+000   1.288722E+000   3.215694E+000   3.007018E+000   2.086765E-001
    7401      23     1.460000     1.490000   3.316959E+000   9.942130E-001   3.312593E+000   9.937778E-001   2.322746E+000   2.318815E+000   3.930940E-003
    7401      24     1.490000     1.520000   3.416012E+000   1.025625E+000   3.413712E+000   1.024114E+000   2.390386E+000   2.389598E+000   7.878837E-004
    7401      25     1.520000     1.680000   2.089115E+001   6.135794E+000   2.069896E+001   6.209688E+000   1.475535E+001   1.448927E+001   2.660827E-001
    7401      26     1.680000     1.740000   7.400301E+000   2.221618E+000   7.397810E+000   2.219343E+000   5.178683E+000   5.178467E+000   2.162184E-004
    7401      27     1.740000     1.820000   6.859941E+000   2.059242E+000   6.858024E+000   2.057407E+000   4.800699E+000   4.800617E+000   8.203431E-005
    7401      28     1.820000     1.940000   7.844991E+000   2.348132E+000   7.835910E+000   2.350773E+000   5.496859E+000   5.485137E+000   1.172210E-002
    7401      29     1.940000     2.200000   1.524385E+001   3.572825E+000   1.324489E+001   3.973467E+000   1.167103E+001   9.271423E+000   2.399602E+000
    7401      30     2.200000     2.300000   5.897529E+000   1.769633E+000   5.896833E+000   1.769050E+000   4.127896E+000   4.127783E+000   1.126115E-004
    7401      31     2.300000     2.450000   6.412228E+000   1.924052E+000   6.411672E+000   1.923501E+000   4.488176E+000   4.488170E+000   6.059293E-006
    7401      32     2.450000     2.550000   2.808749E+000   8.424953E-001   2.808257E+000   8.424772E-001   1.966254E+000   1.965780E+000   4.738433E-004
    7401      33     2.550000     2.650000   2.466453E+000   7.358197E-001   2.461602E+000   7.384805E-001   1.730634E+000   1.723121E+000   7.512313E-003
    7401      34     2.650000     2.900000   5.107089E+000   3.836732E-001   1.754211E+000   5.262632E-001   4.723416E+000   1.227948E+000   3.495468E+000
    7401      35     2.900000     3.200000   4.829501E+000   1.441025E+000   4.820358E+000   1.446107E+000   3.388476E+000   3.374251E+000   1.422526E-002
    7401      36     3.200000     3.500000   4.479548E+000   1.343914E+000   4.479430E+000   1.343829E+000   3.135634E+000   3.135601E+000   3.279305E-005
    7401      37     3.500000     3.900000   5.317470E+000   1.592369E+000   5.314119E+000   1.594236E+000   3.725101E+000   3.719883E+000   5.218283E-003
    7401      38     3.900000     5.500000   8.889375E+000   1.781271E+000   6.403093E+000   1.920928E+000   7.108104E+000   4.482165E+000   2.625939E+000
    7401      39     5.500000     6.500000   2.171822E+000   6.515468E-001   2.171813E+000   6.515440E-001   1.520275E+000   1.520269E+000   5.332532E-006
    7401      40     6.500000     7.000000   6.459457E-001   1.937836E-001   6.459441E-001   1.937832E-001   4.521621E-001   4.521608E-001   1.293530E-006
    7401      41     7.000000     9.000000   1.525571E+000   4.557278E-001   1.523399E+000   4.570197E-001   1.069843E+000   1.066379E+000   3.463911E-003
    7401      42     9.000000    20.000000   1.633159E+000   3.848229E-001   1.336941E+000   4.010822E-001   1.248336E+000   9.358585E-001   3.124775E-001
    7501       1     0.200000     0.300000   5.582456E-006   2.938599E-006   3.776939E-006   1.133082E-006   2.643857E-006   2.643857E-006  -4.911299E-015
    7501       2     0.300000     0.345000   2.557270E-003   1.160959E-003   1.994730E-003   5.984189E-004   1.396311E-003   1.396311E-003   9.565853E-013
    7501       3     0.345000     0.385000   2.512764E-003   1.006153E-003   2.152302E-003   6.456906E-004   1.506611E-003   1.506611E-003  -5.730525E-013
    7501       4     0.385000     0.420000   1.293223E-002   4.781073E-003   1.164451E-002   3.493352E-003   8.151155E-003   8.151155E-003  -2.618541E-012
    7501       5     0.420000     0.450000   2.349464E-002   8.255229E-003   2.177059E-002   6.531176E-003   1.523941E-002   1.523941E-002   3.261532E-012
    7501       6     0.450000     0.500000   1.310848E-001   4.421893E-002   1.240940E-001   3.722821E-002   8.686582E-002   8.686582E-002   4.167347E-012
    7501       7     0.500000     0.550000   1.748537E-001   5.680007E-002   1.686481E-001   5.059442E-002   1.180536E-001   1.180536E-001  -1.563877E-011
    7501       8     0.550000     0.610000   2.295775E-001   7.279690E-002   2.239723E-001   6.719170E-002   1.567806E-001   1.567806E-001   3.593195E-011
    7501       9     0.610000     0.690000   5.693172E-001   1.769141E-001   5.605758E-001   1.681727E-001   3.924031E-001   3.924031E-001  -4.357059E-011
    7501      10     0.690000     0.780000   2.472789E+000   7.577010E-001   2.450126E+000   7.350378E-001   1.715088E+000   1.715088E+000  -3.816836E-011
    7501      11     0.780000     0.800000   1.063069E+000   3.241398E-001   1.055609E+000   3.166826E-001   7.389296E-001   7.389261E-001   3.473192E-006
    7501      12     0.800000     0.870000   5.878988E+000   1.787489E+000   5.844998E+000   1.753499E+000   4.091499E+000   4.091499E+000   5.756890E-007
    7501      13     0.870000     0.880000   8.736691E-001   2.649443E-001   8.695961E-001   2.608788E-001   6.087248E-001   6.087173E-001   7.532886E-006
    7501      14     0.880000     1.030000   2.249240E+001   6.799491E+000   2.241845E+001   6.725534E+000   1.569291E+001   1.569291E+001   2.827727E-007
    7501      15     1.030000     1.080000   9.248799E+000   2.788382E+000   9.227951E+000   2.768385E+000   6.460417E+000   6.459566E+000   8.513529E-004
    7501      16     1.080000     1.140000   1.173685E+001   3.535822E+000   1.171566E+001   3.514699E+000   8.201028E+000   8.200964E+000   6.415859E-005
    7501      17     1.140000     1.200000   1.143670E+001   3.442659E+000   1.142004E+001   3.426012E+000   7.994037E+000   7.994027E+000   1.047592E-005
    7501      18     1.200000     1.240000   8.097833E+000   2.419675E+000   8.068689E+000   2.420607E+000   5.678157E+000   5.648083E+000   3.007469E-002
    7501      19     1.240000     1.280000   7.733813E+000   2.325877E+000   7.725360E+000   2.317608E+000   5.407936E+000   5.407752E+000   1.840870E-004
    7501      20     1.280000     1.340000   1.109154E+001   3.331758E+000   1.107801E+001   3.323404E+000   7.759785E+000   7.754609E+000   5.175114E-003
    7501      21     1.340000     1.420000   1.012492E+001   3.042442E+000   1.011688E+001   3.035063E+000   7.082479E+000   7.081814E+000   6.654689E-004
    7501      22     1.420000     1.460000   4.444646E+000   1.228957E+000   4.295745E+000   1.288724E+000   3.215689E+000   3.007022E+000   2.086672E-001
    7501      23     1.460000     1.490000   3.316959E+000   9.942132E-001   3.312593E+000   9.937779E-001   2.322746E+000   2.318815E+000   3.930660E-003
    7501      24     1.490000     1.520000   3.416012E+000   1.025626E+000   3.413712E+000   1.024114E+000   2.390386E+000   2.389598E+000   7.875810E-004
    7501      25     1.520000     1.680000   2.089115E+001   6.135803E+000   2.069897E+001   6.209690E+000   1.475535E+001   1.448928E+001   2.660686E-001
    7501      26     1.680000     1.740000   7.400301E+000   2.221618E+000   7.397810E+000   2.219343E+000   5.178683E+000   5.178467E+000   2.160577E-004
    7501      27     1.740000     1.820000   6.859941E+000   2.059243E+000   6.858025E+000   2.057407E+000   4.800699E+000   4.800617E+000   8.110937E-005
    7501      28     1.820000     1.940000   7.844991E+000   2.348139E+000   7.835918E+000   2.350775E+000   5.496852E+000   5.485142E+000   1.170960E-002
    7501      29     1.940000     2.200000   1.524385E+001   3.573335E+000   1.324556E+001   3.973668E+000   1.167052E+001   9.271893E+000   2.398622E+000
    7501      30     2.200000     2.300000   5.897529E+000   1.769633E+000   5.896833E+000   1.769050E+000   4.127896E+000   4.127783E+000   1.124898E-004
    7501      31     2.300000     2.450000   6.412228E+000   1.924052E+000   6.411672E+000   1.923501E+000   4.488176E+000   4.488170E+000   6.053905E-006
    7501      32     2.450000     2.550000   2.808749E+000   8.424967E-001   2.808259E+000   8.424777E-001   1.966253E+000   1.965781E+000   4.712441E-004
    7501      33     2.550000     2.650000   2.466453E+000   7.358291E-001   2.461612E+000   7.384837E-001   1.730624E+000   1.723129E+000   7.495599E-003
    7501      34     2.650000     2.900000   5.107089E+000   3.840720E-001   1.755615E+000   5.266844E-001   4.723017E+000   1.228930E+000   3.494087E+000
    7501      35     2.900000     3.200000   4.829501E+000   1.441037E+000   4.820372E+000   1.446112E+000   3.388464E+000   3.374261E+000   1.420292E-002
    7501      36     3.200000     3.500000   4.479548E+000   1.343914E+000   4.479430E+000   1.343829E+000   3.135634E+000   3.135601E+000   3.265614E-005
    7501      37     3.500000     3.900000   5.317470E+000   1.592369E+000   5.314118E+000   1.594235E+000   3.725102E+000   3.719883E+000   5.219031E-003
    7501      38     3.900000     5.500000   8.889375E+000   1.781446E+000   6.403440E+000   1.921032E+000   7.107929E+000   4.482408E+000   2.625521E+000
    7501      39     5.500000     6.500000   2.171822E+000   6.515468E-001   2.171814E+000   6.515441E-001   1.520275E+000   1.520269E+000   5.312912E-006
    7501      40     6.500000     7.000000   6.459457E-001   1.937836E-001   6.459441E-001   1.937832E-001   4.521621E-001   4.521608E-001   1.289648E-006
    7501      41     7.000000     9.000000   1.525571E+000   4.557279E-001   1.523399E+000   4.570197E-001   1.069843E+000   1.066379E+000   3.463817E-003
    7501      42     9.000000    20.000000   1.633159E+000   3.849933E-001   1.337308E+000   4.011923E-001   1.248166E+000   9.361154E-001   3.120502E-001
    7601       1     0.200000     0.300000   5.582456E-006   2.938599E-006   3.776939E-006   1.133082E-006   2.643857E-006   2.643857E-006  -4.911299E-015
    7601       2     0.300000     0.345000   2.557270E-003   1.160959E-003   1.994730E-003   5.984189E-004   1.396311E-003   1.396311E-003   9.565853E-013
    7601       3     0.345000     0.385000   2.512764E-003   1.006153E-003   2.152302E-003   6.456906E-004   1.506611E-003   1.506611E-003  -5.730525E-013
    7601       4     0.385000     0.420000   1.293223E-002   4.781073E-003   1.164451E-002   3.493352E-003   8.151155E-003   8.151155E-003   1.247755E-012
    7601       5     0.420000     0.450000   2.349464E-002   8.255229E-003   2.177059E-002   6.531176E-003   1.523941E-002   1.523941E-002  -2.438194E-012
    7601       6     0.450000     0.500000   1.310848E-001   4.421893E-002   1.240940E-001   3.722821E-002   8.686582E-002   8.686582E-002   9.885384E-012
    7601       7     0.500000     0.550000   1.748537E-001   5.680007E-002   1.686481E-001   5.059442E-002   1.180536E-001   1.180536E-001  -3.354217E-011
    7601       8     0.550000     0.610000   2.295775E-001   7.279690E-002   2.239723E-001   6.719170E-002   1.567806E-001   1.567806E-001   6.359763E-011
    7601       9     0.610000     0.690000   5.693172E-001   1.769141E-001   5.605758E-001   1.681727E-001   3.924031E-001   3.924031E-001  -3.361189E-011
    7601      10     0.690000     0.780000   2.472789E+000   7.577010E-001   2.450126E+000   7.350378E-001   1.715088E+000   1.715088E+000  -1.473248E-010
    7601      11     0.780000     0.800000   1.063069E+000   3.241398E-001   1.055609E+000   3.166826E-001   7.389296E-001   7.389261E-001   3.473139E-006
    7601      12     0.800000     0.870000   5.878988E+000   1.787489E+000   5.844998E+000   1.753499E+000   4.091499E+000   4.091499E+000   5.758904E-007
    7601      13     0.870000     0.880000   8.736691E-001   2.649443E-001   8.695961E-001   2.608788E-001   6.087248E-001   6.087173E-001   7.530085E-006
    7601      14     0.880000     1.030000   2.249240E+001   6.799491E+000   2.241845E+001   6.725534E+000   1.569291E+001   1.569291E+001   2.825846E-007
    7601      15     1.030000     1.080000   9.248799E+000   2.788382E+000   9.227951E+000   2.768385E+000   6.460417E+000   6.459566E+000   8.513459E-004
    7601      16     1.080000     1.140000   1.173685E+001   3.535822E+000   1.171566E+001   3.514699E+000   8.201028E+000   8.200964E+000   6.415575E-005
    7601      17     1.140000     1.200000   1.143670E+001   3.442659E+000   1.142004E+001   3.426012E+000   7.994037E+000   7.994027E+000   1.047647E-005
    7601      18     1.200000     1.240000   8.097833E+000   2.419676E+000   8.068690E+000   2.420607E+000   5.678157E+000   5.648083E+000   3.007445E-002
    7601      19     1.240000     1.280000   7.733813E+000   2.325878E+000   7.725360E+000   2.317608E+000   5.407936E+000   5.407752E+000   1.839497E-004
    7601      20     1.280000     1.340000   1.109154E+001   3.331758E+000   1.107801E+001   3.323404E+000   7.759785E+000   7.754609E+000   5.175209E-003
    7601      21     1.340000     1.420000   1.012492E+001   3.042442E+000   1.011688E+001   3.035063E+000   7.082479E+000   7.081814E+000   6.652685E-004
    7601      22     1.420000     1.460000   4.444646E+000   1.228962E+000   4.295750E+000   1.288725E+000   3.215684E+000   3.007025E+000   2.086584E-001
    7601      23     1.460000     1.490000   3.316959E+000   9.942134E-001   3.312593E+000   9.937779E-001   2.322746E+000   2.318815E+000   3.930385E-003
    7601      24     1.490000     1.520000   3.416012E+000   1.025626E+000   3.413712E+000   1.024114E+000   2.390386E+000   2.389599E+000   7.872872E-004
    7601      25     1.520000     1.680000   2.089115E+001   6.135811E+000   2.069897E+001   6.209692E+000   1.475534E+001   1.448928E+001   2.660550E-001
    7601      26     1.680000     1.740000   7.400301E+000   2.221618E+000   7.397810E+000   2.219343E+000   5.178683E+000   5.178467E+000   2.159020E-004
    7601      27     1.740000     1.820000   6.859941E+000   2.059243E+000   6.858025E+000   2.057408E+000   4.800698E+000   4.800618E+000   8.021944E-005
    7601      28     1.820000     1.940000   7.844991E+000   2.348146E+000   7.835925E+000   2.350778E+000   5.496845E+000   5.485148E+000   1.169758E-002
    7601      29     1.940000     2.200000   1.524385E+001   3.573836E+000   1.324622E+001   3.973865E+000   1.167001E+001   9.272352E+000   2.397662E+000
    7601      30     2.200000     2.300000   5.897529E+000   1.769633E+000   5.896833E+000   1.769050E+000   4.127896E+000   4.127783E+000   1.123707E-004
    7601      31     2.300000     2.450000   6.412228E+000   1.924052E+000   6.411672E+000   1.923501E+000   4.488176E+000   4.488170E+000   6.048670E-006
    7601      32     2.450000     2.550000   2.808749E+000   8.424981E-001   2.808261E+000   8.424782E-001   1.966251E+000   1.965782E+000   4.687205E-004
    7601      33     2.550000     2.650000   2.466453E+000   7.358379E-001   2.461622E+000   7.384867E-001   1.730615E+000   1.723136E+000   7.479841E-003
    7601      34     2.650000     2.900000   5.107089E+000   3.844614E-001   1.756983E+000   5.270949E-001   4.722628E+000   1.229888E+000   3.492740E+000
    7601      35     2.900000     3.200000   4.829501E+000   1.441049E+000   4.820386E+000   1.446116E+000   3.388451E+000   3.374270E+000   1.418106E-002
    7601      36     3.200000     3.500000   4.479548E+000   1.343914E+000   4.479430E+000   1.343829E+000   3.135634E+000   3.135601E+000   3.252355E-005
    7601      37     3.500000     3.900000   5.317470E+000   1.592368E+000   5.314118E+000   1.594235E+000   3.725102E+000   3.719882E+000   5.219777E-003
    7601      38     3.900000     5.500000   8.889375E+000   1.781616E+000   6.403776E+000   1.921133E+000   7.107760E+000   4.482643E+000   2.625117E+000
    7601      39     5.500000     6.500000   2.171822E+000   6.515468E-001   2.171814E+000   6.515441E-001   1.520275E+000   1.520269E+000   5.294093E-006
    7601      40     6.500000     7.000000   6.459457E-001   1.937836E-001   6.459441E-001   1.937832E-001   4.521621E-001   4.521609E-001   1.285896E-006
    7601      41     7.000000     9.000000   1.525571E+000   4.557279E-001   1.523399E+000   4.570197E-001   1.069843E+000   1.066379E+000   3.463722E-003
    7601      42     9.000000    20.000000   1.633159E+000   3.851586E-001   1.337665E+000   4.012995E-001   1.248000E+000   9.363656E-001   3.116348E-001
    7701       1     0.200000     0.300000   5.582456E-006   2.938599E-006   3.776939E-006   1.133082E-006   2.643857E-006   2.643857E-006  -4.911299E-015
    7701       2     0.300000     0.345000   2.557270E-003   1.160959E-003   1.994730E-003   5.984189E-004   1.396311E-003   1.396311E-003   9.565853E-013
    7701       3     0.345000     0.385000   2.512764E-003   1.006153E-003   2.152302E-003   6.456906E-004   1.506611E-003   1.506611E-003  -5.730525E-013
    7701       4     0.385000     0.420000   1.293223E-002   4.781073E-003   1.164451E-002   3.493352E-003   8.151155E-003   8.151155E-003   8.521447E-013
    7701       5     0.420000     0.450000   2.349464E-002   8.255229E-003   2.177059E-002   6.531176E-003   1.523941E-002   1.523941E-002  -2.478828E-012
    7701       6     0.450000     0.500000   1.310848E-001   4.421893E-002   1.240940E-001   3.722821E-002   8.686582E-002   8.686582E-002   6.224896E-012
    7701       7     0.500000     0.550000   1.748537E-001   5.680007E-002   1.686481E-001   5.059442E-002   1.180536E-001   1.180536E-001  -2.529441E-011
    7701       8     0.550000     0.610000   2.295775E-001   7.279690E-002   2.239723E-001   6.719170E-002   1.567806E-001   1.567806E-001   6.910861E-013
    7701       9     0.610000     0.690000   5.693172E-001   1.769141E-001   5.605758E-001   1.681727E-001   3.924031E-001   3.924031E-001  -4.846179E-011
    7701      10     0.690000     0.780000   2.472789E+000   7.577010E-001   2.450126E+000   7.350378E-001   1.715088E+000   1.715088E+000  -3.917866E-011
    7701      11     0.780000     0.800000   1.063069E+000   3.241398E-001   1.055609E+000   3.166826E-001   7.389296E-001   7.389261E-001   3.473086E-006
    7701      12     0.800000     0.870000   5.878988E+000   1.787489E+000   5.844998E+000   1.753499E+000   4.091499E+000   4.091499E+000   5.760884E-007
    7701      13     0.870000     0.880000   8.736691E-001   2.649443E-001   8.695961E-001   2.608788E-001   6.087248E-001   6.087173E-001   7.527329E-006
    7701      14     0.880000     1.030000   2.249240E+001   6.799491E+000   2.241845E+001   6.725534E+000   1.569291E+001   1.569291E+001   2.824025E-007
    7701      15     1.030000     1.080000   9.248799E+000   2.788382E+000   9.227951E+000   2.768385E+000   6.460417E+000   6.459566E+000   8.513390E-004
    7701      16     1.080000     1.140000   1.173685E+001   3.535822E+000   1.171566E+001   3.514699E+000   8.201028E+000   8.200964E+000   6.415297E-005
    7701      17     1.140000     1.200000   1.143670E+001   3.442659E+000   1.142004E+001   3.426012E+000   7.994037E+000   7.994027E+000   1.047702E-005
    7701      18     1.200000     1.240000   8.097833E+000   2.419676E+000   8.068690E+000   2.420607E+000   5.678157E+000   5.648083E+000   3.007420E-002
    7701      19     1.240000     1.280000   7.733813E+000   2.325878E+000   7.725360E+000   2.317608E+000   5.407936E+000   5.407752E+000   1.838147E-004
    7701      20     1.280000     1.340000   1.109154E+001   3.331758E+000   1.107801E+001   3.323404E+000   7.759785E+000   7.754609E+000   5.175303E-003
    7701      21     1.340000     1.420000   1.012492E+001   3.042442E+000   1.011688E+001   3.035063E+000   7.082479E+000   7.081814E+000   6.650714E-004
    7701      22     1.420000     1.460000   4.444646E+000   1.228967E+000   4.295755E+000   1.288727E+000   3.215678E+000   3.007029E+000   2.086497E-001
    7701      23     1.460000     1.490000   3.316959E+000   9.942135E-001   3.312593E+000   9.937780E-001   2.322745E+000   2.318815E+000   3.930114E-003
    7701      24     1.490000     1.520000   3.416012E+000   1.025626E+000   3.413712E+000   1.024114E+000   2.390386E+000   2.389599E+000   7.869982E-004
    7701      25     1.520000     1.680000   2.089115E+001   6.135820E+000   2.069898E+001   6.209694E+000   1.475533E+001   1.448929E+001   2.660417E-001
    7701      26     1.680000     1.740000   7.400301E+000   2.221618E+000   7.397810E+000   2.219343E+000   5.178683E+000   5.178467E+000   2.157488E-004
    7701      27     1.740000     1.820000   6.859941E+000   2.059244E+000   6.858026E+000   2.057408E+000   4.800698E+000   4.800618E+000   7.934460E-005
    7701      28     1.820000     1.940000   7.844991E+000   2.348153E+000   7.835933E+000   2.350780E+000   5.496839E+000   5.485153E+000   1.168577E-002
    7701      29     1.940000     2.200000   1.524385E+001   3.574330E+000   1.324686E+001   3.974059E+000   1.166952E+001   9.272805E+000   2.396715E+000
    7701      30     2.200000     2.300000   5.897529E+000   1.769633E+000   5.896833E+000   1.769050E+000   4.127896E+000   4.127783E+000   1.122536E-004
    7701      31     2.300000     2.450000   6.412228E+000   1.924052E+000   6.411672E+000   1.923501E+000   4.488176E+000   4.488170E+000   6.043518E-006
    7701      32     2.450000     2.550000   2.808749E+000   8.424995E-001   2.808262E+000   8.424786E-001   1.966250E+000   1.965783E+000   4.662377E-004
    7701      33     2.550000     2.650000   2.466453E+000   7.358466E-001   2.461632E+000   7.384896E-001   1.730607E+000   1.723142E+000   7.464382E-003
    7701      34     2.650000     2.900000   5.107089E+000   3.848464E-001   1.758332E+000   5.274997E-001   4.722243E+000   1.230833E+000   3.491410E+000
    7701      35     2.900000     3.200000   4.829501E+000   1.441061E+000   4.820400E+000   1.446120E+000   3.388439E+000   3.374280E+000   1.415954E-002
    7701      36     3.200000     3.500000   4.479548E+000   1.343914E+000   4.479431E+000   1.343829E+000   3.135634E+000   3.135601E+000   3.239314E-005
    7701      37     3.500000     3.900000   5.317470E+000   1.592368E+000   5.314117E+000   1.594235E+000   3.725103E+000   3.719882E+000   5.220514E-003
    7701      38     3.900000     5.500000   8.889375E+000   1.781782E+000   6.404107E+000   1.921232E+000   7.107593E+000   4.482875E+000   2.624718E+000
    7701      39     5.500000     6.500000   2.171822E+000   6.515468E-001   2.171814E+000   6.515441E-001   1.520275E+000   1.520269E+000   5.275600E-006
    7701      40     6.500000     7.000000   6.459457E-001   1.937836E-001   6.459441E-001   1.937832E-001   4.521621E-001   4.521609E-001   1.282210E-006
    7701      41     7.000000     9.000000   1.525571E+000   4.557280E-001   1.523399E+000   4.570198E-001   1.069843E+000   1.066379E+000   3.463629E-003
    7701      42     9.000000    20.000000   1.633159E+000   3.853217E-001   1.338018E+000   4.014055E-001   1.247837E+000   9.366128E-001   3.112244E-001
    7801       1     0.200000     0.300000   5.582456E-006   2.938599E-006   3.776939E-006   1.133082E-006   2.643857E-006   2.643857E-006  -4.911299E-015
    7801       2     0.300000     0.345000   2.557270E-003   1.160959E-003   1.994730E-003   5.984189E-004   1.396311E-003   1.396311E-003   9.565853E-013
    7801       3     0.345000     0.385000   2.512764E-003   1.006153E-003   2.152302E-003   6.456906E-004   1.506611E-003   1.506611E-003  -5.730525E-013
    7801       4     0.385000     0.420000   1.293223E-002   4.781073E-003   1.164451E-002   3.493352E-003   8.151155E-003   8.151155E-003   2.770244E-012
    7801       5     0.420000     0.450000   2.349464E-002   8.255229E-003   2.177059E-002   6.531176E-003   1.523941E-002   1.523941E-002   4.308168E-013
    7801       6     0.450000     0.500000   1.310848E-001   4.421893E-002   1.240940E-001   3.722821E-002   8.686582E-002   8.686582E-002   8.164303E-013
    7801       7     0.500000     0.550000   1.748537E-001   5.680007E-002   1.686481E-001   5.059442E-002   1.180536E-001   1.180536E-001  -1.770628E-011
    7801       8     0.550000     0.610000   2.295775E-001   7.279690E-002   2.239723E-001   6.719170E-002   1.567806E-001   1.567806E-001   4.901551E-011
    7801       9     0.610000     0.690000   5.693172E-001   1.769141E-001   5.605758E-001   1.681727E-001   3.924031E-001   3.924031E-001  -3.051676E-011
    7801      10     0.690000     0.780000   2.472789E+000   7.577010E-001   2.450126E+000   7.350378E-001   1.715088E+000   1.715088E+000  -1.138742E-010
    7801      11     0.780000     0.800000   1.063069E+000   3.241398E-001   1.055609E+000   3.166826E-001   7.389296E-001   7.389261E-001   3.473034E-006
    7801      12     0.800000     0.870000   5.878988E+000   1.787489E+000   5.844998E+000   1.753499E+000   4.091499E+000   4.091499E+000   5.762836E-007
    7801      13     0.870000     0.880000   8.736691E-001   2.649443E-001   8.695961E-001   2.608788E-001   6.087248E-001   6.087173E-001   7.524618E-006
    7801      14     0.880000     1.030000   2.249240E+001   6.799491E+000   2.241845E+001   6.725534E+000   1.569291E+001   1.569291E+001   2.822220E-007
    7801      15     1.030000     1.080000   9.248799E+000   2.788382E+000   9.227951E+000   2.768385E+000   6.460417E+000   6.459566E+000   8.513323E-004
    7801      16     1.080000     1.140000   1.173685E+001   3.535822E+000   1.171566E+001   3.514699E+000   8.201028E+000   8.200964E+000   6.415026E-005
    7801      17     1.140000     1.200000   1.143670E+001   3.442659E+000   1.142004E+001   3.426012E+000   7.994037E+000   7.994027E+000   1.047758E-005
    7801      18     1.200000     1.240000   8.097833E+000   2.419676E+000   8.068690E+000   2.420607E+000   5.678157E+000   5.648083E+000   3.007397E-002
    7801      19     1.240000     1.280000   7.733813E+000   2.325878E+000   7.725360E+000   2.317608E+000   5.407936E+000   5.407752E+000   1.836820E-004
    7801      20     1.280000     1.340000   1.109154E+001   3.331758E+000   1.107801E+001   3.323404E+000   7.759785E+000   7.754609E+000   5.175395E-003
    7801      21     1.340000     1.420000   1.012492E+001   3.042442E+000   1.011688E+001   3.035063E+000   7.082479E+000   7.081814E+000   6.648775E-004
    7801      22     1.420000     1.460000   4.444646E+000   1.228972E+000   4.295760E+000   1.288728E+000   3.215673E+000   3.007032E+000   2.086412E-001
    7801      23     1.460000     1.490000   3.316959E+000   9.942137E-001   3.312593E+000   9.937780E-001   2.322745E+000   2.318815E+000   3.929847E-003
    7801      24     1.490000     1.520000   3.416012E+000   1.025626E+000   3.413713E+000   1.024114E+000   2.390386E+000   2.389599E+000   7.867139E-004
    7801      25     1.520000     1.680000   2.089115E+001   6.135828E+000   2.069899E+001   6.209697E+000   1.475532E+001   1.448929E+001   2.660285E-001
    7801      26     1.680000     1.740000   7.400301E+000   2.221619E+000   7.397810E+000   2.219343E+000   5.178683E+000   5.178467E+000   2.155982E-004
    7801      27     1.740000     1.820000   6.859941E+000   2.059244E+000   6.858027E+000   2.057408E+000   4.800697E+000   4.800619E+000   7.848500E-005
    7801      28     1.820000     1.940000   7.844991E+000   2.348159E+000   7.835940E+000   2.350782E+000   5.496832E+000   5.485158E+000   1.167416E-002
    7801      29     1.940000     2.200000   1.524385E+001   3.574817E+000   1.324750E+001   3.974250E+000   1.166903E+001   9.273251E+000   2.395782E+000
    7801      30     2.200000     2.300000   5.897529E+000   1.769633E+000   5.896833E+000   1.769050E+000   4.127896E+000   4.127783E+000   1.121383E-004
    7801      31     2.300000     2.450000   6.412228E+000   1.924052E+000   6.411672E+000   1.923501E+000   4.488176E+000   4.488170E+000   6.038450E-006
    7801      32     2.450000     2.550000   2.808749E+000   8.425009E-001   2.808264E+000   8.424791E-001   1.966248E+000   1.965785E+000   4.637955E-004
    7801      33     2.550000     2.650000   2.466453E+000   7.358551E-001   2.461641E+000   7.384924E-001   1.730598E+000   1.723149E+000   7.449230E-003
    7801      34     2.650000     2.900000   5.107089E+000   3.852270E-001   1.759663E+000   5.278990E-001   4.721862E+000   1.231764E+000   3.490098E+000
    7801      35     2.900000     3.200000   4.829501E+000   1.441073E+000   4.820413E+000   1.446124E+000   3.388428E+000   3.374289E+000   1.413836E-002
    7801      36     3.200000     3.500000   4.479548E+000   1.343914E+000   4.479431E+000   1.343829E+000   3.135634E+000   3.135601E+000   3.226490E-005
    7801      37     3.500000     3.900000   5.317470E+000   1.592367E+000   5.314117E+000   1.594235E+000   3.725103E+000   3.719882E+000   5.221242E-003
    7801      38     3.900000     5.500000   8.889375E+000   1.781946E+000   6.404432E+000   1.921330E+000   7.107429E+000   4.483103E+000   2.624326E+000
    7801      39     5.500000     6.500000   2.171822E+000   6.515469E-001   2.171814E+000   6.515441E-001   1.520275E+000   1.520269E+000   5.257438E-006
    7801      40     6.500000     7.000000   6.459457E-001   1.937836E-001   6.459441E-001   1.937832E-001   4.521621E-001   4.521609E-001   1.278590E-006
    7801      41     7.000000     9.000000   1.525571E+000   4.557280E-001   1.523399E+000   4.570198E-001   1.069843E+000   1.066379E+000   3.463538E-003
    7801      42     9.000000    20.000000   1.633159E+000   3.854828E-001   1.338367E+000   4.015102E-001   1.247676E+000   9.368571E-001   3.108190E-001
    7901       1     0.200000     0.300000   5.582456E-006   2.938599E-006   3.776939E-006   1.133082E-006   2.643857E-006   2.643857E-006  -4.911299E-015
    7901       2     0.300000     0.345000   2.557270E-003   1.160959E-003   1.994730E-003   5.984189E-004   1.396311E-003   1.396311E-003   9.565853E-013
    7901       3     0.345000     0.385000   2.512764E-003   1.006153E-003   2.152302E-003   6.456906E-004   1.506611E-003   1.506611E-003  -5.730525E-013
    7901       4     0.385000     0.420000   1.293223E-002   4.781073E-003   1.164451E-002   3.493352E-003   8.151155E-003   8.151155E-003   1.696884E-012
    7901       5     0.420000     0.450000   2.349464E-002   8.255229E-003   2.177059E-002   6.531176E-003   1.523941E-002   1.523941E-002  -3.149698E-012
    7901       6     0.450000     0.500000   1.310848E-001   4.421893E-002   1.240940E-001   3.722821E-002   8.686582E-002   8.686582E-002  -1.240161E-012
    7901       7     0.500000     0.550000   1.748537E-001   5.680007E-002   1.686481E-001   5.059442E-002   1.180536E-001   1.180536E-001  -1.321428E-011
    7901       8     0.550000     0.610000   2.295775E-001   7.279690E-002   2.239723E-001   6.719170E-002   1.567806E-001   1.567806E-001   2.203027E-011
    7901       9     0.610000     0.690000   5.693172E-001   1.769141E-001   5.605758E-001   1.681727E-001   3.924031E-001   3.924031E-001  -1.150924E-011
    7901      10     0.690000     0.780000   2.472789E+000   7.577010E-001   2.450126E+000   7.350378E-001   1.715088E+000   1.715088E+000  -5.212542E-011
    7901      11     0.780000     0.800000   1.063069E+000   3.241398E-001   1.055609E+000   3.166826E-001   7.389296E-001   7.389261E-001   3.472983E-006
    7901      12     0.800000     0.870000   5.878988E+000   1.787489E+000   5.844998E+000   1.753499E+000   4.091499E+000   4.091499E+000   5.764769E-007
    7901      13     0.870000     0.880000   8.736691E-001   2.649443E-001   8.695961E-001   2.608788E-001   6.087248E-001   6.087173E-001   7.521963E-006
    7901      14     0.880000     1.030000   2.249240E+001   6.799491E+000   2.241845E+001   6.725534E+000   1.569291E+001   1.569291E+001   2.820445E-007
    7901      15     1.030000     1.080000   9.248799E+000   2.788382E+000   9.227951E+000   2.768385E+000   6.460417E+000   6.459566E+000   8.513259E-004
    7901      16     1.080000     1.140000   1.173685E+001   3.535822E+000   1.171566E+001   3.514699E+000   8.201028E+000   8.200964E+000   6.414766E-005
    7901      17     1.140000     1.200000   1.143670E+001   3.442659E+000   1.142004E+001   3.426012E+000   7.994037E+000   7.994027E+000   1.047818E-005
    7901      18     1.200000     1.240000   8.097833E+000   2.419676E+000   8.068690E+000   2.420607E+000   5.678157E+000   5.648083E+000   3.007373E-002
    7901      19     1.240000     1.280000   7.733813E+000   2.325878E+000   7.725360E+000   2.317608E+000   5.407936E+000   5.407752E+000   1.835521E-004
    7901      20     1.280000     1.340000   1.109154E+001   3.331758E+000   1.107801E+001   3.323404E+000   7.759785E+000   7.754609E+000   5.175485E-003
    7901      21     1.340000     1.420000   1.012492E+001   3.042442E+000   1.011688E+001   3.035063E+000   7.082479E+000   7.081814E+000   6.646880E-004
    7901      22     1.420000     1.460000   4.444646E+000   1.228977E+000   4.295765E+000   1.288730E+000   3.215668E+000   3.007036E+000   2.086328E-001
    7901      23     1.460000     1.490000   3.316959E+000   9.942138E-001   3.312594E+000   9.937781E-001   2.322745E+000   2.318816E+000   3.929585E-003
    7901      24     1.490000     1.520000   3.416012E+000   1.025626E+000   3.413713E+000   1.024114E+000   2.390385E+000   2.389599E+000   7.864363E-004
    7901      25     1.520000     1.680000   2.089115E+001   6.135836E+000   2.069900E+001   6.209699E+000   1.475531E+001   1.448930E+001   2.660157E-001
    7901      26     1.680000     1.740000   7.400301E+000   2.221619E+000   7.397810E+000   2.219343E+000   5.178683E+000   5.178467E+000   2.154513E-004
    7901      27     1.740000     1.820000   6.859941E+000   2.059245E+000   6.858027E+000   2.057408E+000   4.800697E+000   4.800619E+000   7.765067E-005
    7901      28     1.820000     1.940000   7.844991E+000   2.348165E+000   7.835947E+000   2.350784E+000   5.496826E+000   5.485163E+000   1.166288E-002
    7901      29     1.940000     2.200000   1.524385E+001   3.575296E+000   1.324813E+001   3.974438E+000   1.166855E+001   9.273689E+000   2.394864E+000
    7901      30     2.200000     2.300000   5.897529E+000   1.769633E+000   5.896834E+000   1.769050E+000   4.127896E+000   4.127783E+000   1.120251E-004
    7901      31     2.300000     2.450000   6.412228E+000   1.924052E+000   6.411672E+000   1.923501E+000   4.488176E+000   4.488170E+000   6.033494E-006
    7901      32     2.450000     2.550000   2.808749E+000   8.425022E-001   2.808265E+000   8.424795E-001   1.966247E+000   1.965786E+000   4.614079E-004
    7901      33     2.550000     2.650000   2.466453E+000   7.358632E-001   2.461651E+000   7.384952E-001   1.730590E+000   1.723155E+000   7.434695E-003
    7901      34     2.650000     2.900000   5.107089E+000   3.856006E-001   1.760967E+000   5.282900E-001   4.721489E+000   1.232677E+000   3.488812E+000
    7901      35     2.900000     3.200000   4.829501E+000   1.441085E+000   4.820427E+000   1.446128E+000   3.388416E+000   3.374299E+000   1.411758E-002
    7901      36     3.200000     3.500000   4.479548E+000   1.343914E+000   4.479431E+000   1.343829E+000   3.135634E+000   3.135601E+000   3.213983E-005
    7901      37     3.500000     3.900000   5.317470E+000   1.592367E+000   5.314116E+000   1.594235E+000   3.725103E+000   3.719881E+000   5.221965E-003
    7901      38     3.900000     5.500000   8.889375E+000   1.782107E+000   6.404750E+000   1.921425E+000   7.107269E+000   4.483325E+000   2.623944E+000
    7901      39     5.500000     6.500000   2.171822E+000   6.515469E-001   2.171814E+000   6.515441E-001   1.520275E+000   1.520269E+000   5.239871E-006
    7901      40     6.500000     7.000000   6.459457E-001   1.937836E-001   6.459441E-001   1.937832E-001   4.521621E-001   4.521609E-001   1.275067E-006
    7901      41     7.000000     9.000000   1.525571E+000   4.557281E-001   1.523399E+000   4.570198E-001   1.069843E+000   1.066380E+000   3.463447E-003
    7901      42     9.000000    20.000000   1.633159E+000   3.856399E-001   1.338709E+000   4.016128E-001   1.247519E+000   9.370965E-001   3.104225E-001
    8001       1     0.200000     0.300000   5.582456E-006   2.938599E-006   3.776939E-006   1.133082E-006   2.643857E-006   2.643857E-006  -4.911299E-015
    8001       2     0.300000     0.345000   2.557270E-003   1.160959E-003   1.994730E-003   5.984189E-004   1.396311E-003   1.396311E-003   9.565853E-013
    8001       3     0.345000     0.385000   2.512764E-003   1.006153E-003   2.152302E-003   6.456906E-004   1.506611E-003   1.506611E-003  -5.730525E-013
    8001       4     0.385000     0.420000   1.293223E-002   4.781073E-003   1.164451E-002   3.493352E-003   8.151155E-003   8.151155E-003   3.427345E-013
    8001       5     0.420000     0.450000   2.349464E-002   8.255229E-003   2.177059E-002   6.531176E-003   1.523941E-002   1.523941E-002  -5.110095E-012
    8001       6     0.450000     0.500000   1.310848E-001   4.421893E-002   1.240940E-001   3.722821E-002   8.686582E-002   8.686582E-002   4.460016E-012
    8001       7     0.500000     0.550000   1.748537E-001   5.680007E-002   1.686481E-001   5.059442E-002   1.180536E-001   1.180536E-001  -4.368603E-011
    8001       8     0.550000     0.610000   2.295775E-001   7.279690E-002   2.239723E-001   6.719170E-002   1.567806E-001   1.567806E-001   1.122760E-011
    8001       9     0.610000     0.690000   5.693172E-001   1.769141E-001   5.605758E-001   1.681727E-001   3.924031E-001   3.924031E-001  -8.038925E-011
    8001      10     0.690000     0.780000   2.472789E+000   7.577010E-001   2.450126E+000   7.350378E-001   1.715088E+000   1.715088E+000  -1.262856E-011
    8001      11     0.780000     0.800000   1.063069E+000   3.241398E-001   1.055609E+000   3.166826E-001   7.389296E-001   7.389261E-001   3.472933E-006
    8001      12     0.800000     0.870000   5.878988E+000   1.787489E+000   5.844998E+000   1.753499E+000   4.091499E+000   4.091499E+000   5.766671E-007
    8001      13     0.870000     0.880000   8.736691E-001   2.649443E-001   8.695961E-001   2.608788E-001   6.087248E-001   6.087173E-001   7.519347E-006
    8001      14     0.880000     1.030000   2.249240E+001   6.799491E+000   2.241845E+001   6.725534E+000   1.569291E+001   1.569291E+001   2.818740E-007
    8001      15     1.030000     1.080000   9.248799E+000   2.788382E+000   9.227951E+000   2.768385E+000   6.460417E+000   6.459566E+000   8.513196E-004
    8001      16     1.080000     1.140000   1.173685E+001   3.535822E+000   1.171566E+001   3.514699E+000   8.201028E+000   8.200964E+000   6.414510E-005
    8001      17     1.140000     1.200000   1.143670E+001   3.442659E+000   1.142004E+001   3.426012E+000   7.994037E+000   7.994027E+000   1.047878E-005
    8001      18     1.200000     1.240000   8.097833E+000   2.419676E+000   8.068690E+000   2.420607E+000   5.678157E+000   5.648083E+000   3.007350E-002
    8001      19     1.240000     1.280000   7.733813E+000   2.325878E+000   7.725360E+000   2.317608E+000   5.407936E+000   5.407752E+000   1.834241E-004
    8001      20     1.280000     1.340000   1.109154E+001   3.331758E+000   1.107801E+001   3.323404E+000   7.759785E+000   7.754609E+000   5.175574E-003
    8001      21     1.340000     1.420000   1.012492E+001   3.042442E+000   1.011688E+001   3.035063E+000   7.082479E+000   7.081814E+000   6.645012E-004
    8001      22     1.420000     1.460000   4.444646E+000   1.228982E+000   4.295770E+000   1.288731E+000   3.215663E+000   3.007039E+000   2.086246E-001
    8001      23     1.460000     1.490000   3.316959E+000   9.942140E-001   3.312594E+000   9.937781E-001   2.322745E+000   2.318816E+000   3.929327E-003
    8001      24     1.490000     1.520000   3.416012E+000   1.025626E+000   3.413713E+000   1.024114E+000   2.390385E+000   2.389599E+000   7.861628E-004
    8001      25     1.520000     1.680000   2.089115E+001   6.135843E+000   2.069900E+001   6.209701E+000   1.475530E+001   1.448930E+001   2.660031E-001
    8001      26     1.680000     1.740000   7.400301E+000   2.221619E+000   7.397810E+000   2.219343E+000   5.178683E+000   5.178467E+000   2.153065E-004
    8001      27     1.740000     1.820000   6.859941E+000   2.059245E+000   6.858028E+000   2.057408E+000   4.800696E+000   4.800619E+000   7.682800E-005
    8001      28     1.820000     1.940000   7.844991E+000   2.348172E+000   7.835954E+000   2.350786E+000   5.496819E+000   5.485168E+000   1.165177E-002
    8001      29     1.940000     2.200000   1.524385E+001   3.575769E+000   1.324874E+001   3.974623E+000   1.166808E+001   9.274121E+000   2.393960E+000
    8001      30     2.200000     2.300000   5.897529E+000   1.769633E+000   5.896834E+000   1.769050E+000   4.127895E+000   4.127784E+000   1.119136E-004
    8001      31     2.300000     2.450000   6.412228E+000   1.924052E+000   6.411672E+000   1.923501E+000   4.488176E+000   4.488170E+000   6.028608E-006
    8001      32     2.450000     2.550000   2.808749E+000   8.425036E-001   2.808267E+000   8.424800E-001   1.966246E+000   1.965787E+000   4.590548E-004
    8001      33     2.550000     2.650000   2.466453E+000   7.358713E-001   2.461660E+000   7.384979E-001   1.730582E+000   1.723162E+000   7.420366E-003
    8001      34     2.650000     2.900000   5.107089E+000   3.859707E-001   1.762255E+000   5.286764E-001   4.721118E+000   1.233578E+000   3.487540E+000
    8001      35     2.900000     3.200000   4.829501E+000   1.441096E+000   4.820440E+000   1.446132E+000   3.388405E+000   3.374308E+000   1.409710E-002
    8001      36     3.200000     3.500000   4.479548E+000   1.343914E+000   4.479431E+000   1.343829E+000   3.135634E+000   3.135602E+000   3.201655E-005
    8001      37     3.500000     3.900000   5.317470E+000   1.592367E+000   5.314116E+000   1.594235E+000   3.725104E+000   3.719881E+000   5.222678E-003
    8001      38     3.900000     5.500000   8.889375E+000   1.782265E+000   6.405063E+000   1.921519E+000   7.107111E+000   4.483544E+000   2.623566E+000
    8001      39     5.500000     6.500000   2.171822E+000   6.515469E-001   2.171814E+000   6.515441E-001   1.520275E+000   1.520269E+000   5.222546E-006
    8001      40     6.500000     7.000000   6.459457E-001   1.937836E-001   6.459441E-001   1.937832E-001   4.521621E-001   4.521609E-001   1.271595E-006
    8001      41     7.000000     9.000000   1.525571E+000   4.557282E-001   1.523399E+000   4.570198E-001   1.069843E+000   1.066380E+000   3.463358E-003
    8001      42     9.000000    20.000000   1.633159E+000   3.857956E-001   1.339048E+000   4.017144E-001   1.247363E+000   9.373335E-001   3.100299E-001
    8101       1     0.200000     0.300000   5.582456E-006   2.938599E-006   3.776939E-006   1.133082E-006   2.643857E-006   2.643857E-006  -4.911299E-015
    8101       2     0.300000     0.345000   2.557270E-003   1.160959E-003   1.994730E-003   5.984189E-004   1.396311E-003   1.396311E-003   9.565853E-013
    8101       3     0.345000     0.385000   2.512764E-003   1.006153E-003   2.152302E-003   6.456906E-004   1.506611E-003   1.506611E-003  -5.730525E-013
    8101       4     0.385000     0.420000   1.293223E-002   4.781073E-003   1.164451E-002   3.493352E-003   8.151155E-003   8.151155E-003   2.442282E-012
    8101       5     0.420000     0.450000   2.349464E-002   8.255229E-003   2.177059E-002   6.531176E-003   1.523941E-002   1.523941E-002  -4.296239E-012
    8101       6     0.450000     0.500000   1.310848E-001   4.421893E-002   1.240940E-001   3.722821E-002   8.686582E-002   8.686582E-002   1.704387E-011
    8101       7     0.500000     0.550000   1.748537E-001   5.680007E-002   1.686481E-001   5.059442E-002   1.180536E-001   1.180536E-001  -2.542155E-011
    8101       8     0.550000     0.610000   2.295775E-001   7.279690E-002   2.239723E-001   6.719170E-002   1.567806E-001   1.567806E-001   1.857842E-011
    8101       9     0.610000     0.690000   5.693172E-001   1.769141E-001   5.605758E-001   1.681727E-001   3.924031E-001   3.924031E-001  -5.731221E-011
    8101      10     0.690000     0.780000   2.472789E+000   7.577010E-001   2.450126E+000   7.350378E-001   1.715088E+000   1.715088E+000  -6.728063E-011
    8101      11     0.780000     0.800000   1.063069E+000   3.241398E-001   1.055609E+000   3.166826E-001   7.389296E-001   7.389261E-001   3.472883E-006
    8101      12     0.800000     0.870000   5.878988E+000   1.787489E+000   5.844998E+000   1.753499E+000   4.091499E+000   4.091499E+000   5.768550E-007
    8101      13     0.870000     0.880000   8.736691E-001   2.649443E-001   8.695961E-001   2.608788E-001   6.087248E-001   6.087173E-001   7.516777E-006
    8101      14     0.880000     1.030000   2.249240E+001   6.799491E+000   2.241845E+001   6.725534E+000   1.569291E+001   1.569291E+001   2.817012E-007
    8101      15     1.030000     1.080000   9.248799E+000   2.788382E+000   9.227951E+000   2.768385E+000   6.460417E+000   6.459566E+000   8.513134E-004
    8101      16     1.080000     1.140000   1.173685E+001   3.535822E+000   1.171566E+001   3.514699E+000   8.201028E+000   8.200964E+000   6.414262E-005
    8101      17     1.140000     1.200000   1.143670E+001   3.442659E+000   1.142004E+001   3.426012E+000   7.994037E+000   7.994027E+000   1.047940E-005
    8101      18     1.200000     1.240000   8.097833E+000   2.419676E+000   8.068690E+000   2.420607E+000   5.678157E+000   5.648083E+000   3.007327E-002
    8101      19     1.240000     1.280000   7.733813E+000   2.325878E+000   7.725360E+000   2.317608E+000   5.407935E+000   5.407752E+000   1.832985E-004
    8101      20     1.280000     1.340000   1.109154E+001   3.331758E+000   1.107801E+001   3.323404E+000   7.759785E+000   7.754609E+000   5.175662E-003
    8101      21     1.340000     1.420000   1.012492E+001   3.042442E+000   1.011688E+001   3.035063E+000   7.082478E+000   7.081814E+000   6.643179E-004
    8101      22     1.420000     1.460000   4.444646E+000   1.228987E+000   4.295774E+000   1.288732E+000   3.215659E+000   3.007042E+000   2.086165E-001
    8101      23     1.460000     1.490000   3.316959E+000   9.942141E-001   3.312594E+000   9.937782E-001   2.322745E+000   2.318816E+000   3.929074E-003
    8101      24     1.490000     1.520000   3.416012E+000   1.025626E+000   3.413713E+000   1.024114E+000   2.390385E+000   2.389599E+000   7.858944E-004
    8101      25     1.520000     1.680000   2.089115E+001   6.135851E+000   2.069901E+001   6.209703E+000   1.475530E+001   1.448931E+001   2.659907E-001
    8101      26     1.680000     1.740000   7.400301E+000   2.221619E+000   7.397811E+000   2.219343E+000   5.178683E+000   5.178467E+000   2.151646E-004
    8101      27     1.740000     1.820000   6.859941E+000   2.059246E+000   6.858028E+000   2.057408E+000   4.800696E+000   4.800620E+000   7.602368E-005
    8101      28     1.820000     1.940000   7.844991E+000   2.348178E+000   7.835961E+000   2.350788E+000   5.496813E+000   5.485172E+000   1.164089E-002
    8101      29     1.940000     2.200000   1.524385E+001   3.576235E+000   1.324935E+001   3.974806E+000   1.166762E+001   9.274546E+000   2.393069E+000
    8101      30     2.200000     2.300000   5.897529E+000   1.769633E+000   5.896834E+000   1.769050E+000   4.127895E+000   4.127784E+000   1.118040E-004
    8101      31     2.300000     2.450000   6.412228E+000   1.924052E+000   6.411672E+000   1.923501E+000   4.488176E+000   4.488170E+000   6.023813E-006
    8101      32     2.450000     2.550000   2.808749E+000   8.425049E-001   2.808268E+000   8.424804E-001   1.966244E+000   1.965788E+000   4.567453E-004
    8101      33     2.550000     2.650000   2.466453E+000   7.358791E-001   2.461668E+000   7.385005E-001   1.730574E+000   1.723168E+000   7.406449E-003
    8101      34     2.650000     2.900000   5.107089E+000   3.863354E-001   1.763521E+000   5.290563E-001   4.720754E+000   1.234465E+000   3.486289E+000
    8101      35     2.900000     3.200000   4.829501E+000   1.441107E+000   4.820452E+000   1.446136E+000   3.388394E+000   3.374317E+000   1.407695E-002
    8101      36     3.200000     3.500000   4.479548E+000   1.343914E+000   4.479431E+000   1.343829E+000   3.135633E+000   3.135602E+000   3.189570E-005
    8101      37     3.500000     3.900000   5.317470E+000   1.592366E+000   5.314115E+000   1.594235E+000   3.725104E+000   3.719881E+000   5.223384E-003
    8101      38     3.900000     5.500000   8.889375E+000   1.782420E+000   6.405370E+000   1.921611E+000   7.106956E+000   4.483759E+000   2.623196E+000
    8101      39     5.500000     6.500000   2.171822E+000   6.515469E-001   2.171814E+000   6.515441E-001   1.520275E+000   1.520270E+000   5.205638E-006
    8101      40     6.500000     7.000000   6.459457E-001   1.937836E-001   6.459441E-001   1.937832E-001   4.521621E-001   4.521609E-001   1.268199E-006
    8101      41     7.000000     9.000000   1.525571E+000   4.557282E-001   1.523399E+000   4.570198E-001   1.069843E+000   1.066380E+000   3.463270E-003
    8101      42     9.000000    20.000000   1.633159E+000   3.859484E-001   1.339381E+000   4.018144E-001   1.247210E+000   9.375669E-001   3.096436E-001
    8201       1     0.200000     0.300000   5.582456E-006   2.938599E-006   3.776939E-006   1.133082E-006   2.643857E-006   2.643857E-006  -4.911299E-015
    8201       2     0.300000     0.345000   2.557270E-003   1.160959E-003   1.994730E-003   5.984189E-004   1.396311E-003   1.396311E-003   9.565853E-013
    8201       3     0.345000     0.385000   2.512764E-003   1.006153E-003   2.152302E-003   6.456906E-004   1.506611E-003   1.506611E-003  -5.730525E-013
    8201       4     0.385000     0.420000   1.293223E-002   4.781073E-003   1.164451E-002   3.493352E-003   8.151155E-003   8.151155E-003   1.899663E-012
    8201       5     0.420000     0.450000   2.349464E-002   8.255229E-003   2.177059E-002   6.531176E-003   1.523941E-002   1.523941E-002   3.739682E-013
    8201       6     0.450000     0.500000   1.310848E-001   4.421893E-002   1.240940E-001   3.722821E-002   8.686582E-002   8.686582E-002  -5.680331E-012
    8201       7     0.500000     0.550000   1.748537E-001   5.680007E-002   1.686481E-001   5.059442E-002   1.180536E-001   1.180536E-001  -2.148662E-011
    8201       8     0.550000     0.610000   2.295775E-001   7.279690E-002   2.239723E-001   6.719170E-002   1.567806E-001   1.567806E-001  -3.594680E-012
    8201       9     0.610000     0.690000   5.693172E-001   1.769141E-001   5.605758E-001   1.681727E-001   3.924031E-001   3.924031E-001  -6.499873E-011
    8201      10     0.690000     0.780000   2.472789E+000   7.577010E-001   2.450126E+000   7.350378E-001   1.715088E+000   1.715088E+000  -7.336620E-011
    8201      11     0.780000     0.800000   1.063069E+000   3.241398E-001   1.055609E+000   3.166826E-001   7.389296E-001   7.389261E-001   3.472837E-006
    8201      12     0.800000     0.870000   5.878988E+000   1.787489E+000   5.844998E+000   1.753499E+000   4.091499E+000   4.091499E+000   5.770406E-007
    8201      13     0.870000     0.880000   8.736691E-001   2.649443E-001   8.695961E-001   2.608788E-001   6.087248E-001   6.087173E-001   7.514256E-006
    8201      14     0.880000     1.030000   2.249240E+001   6.799491E+000   2.241845E+001   6.725534E+000   1.569291E+001   1.569291E+001   2.815382E-007
    8201      15     1.030000     1.080000   9.248799E+000   2.788382E+000   9.227951E+000   2.768385E+000   6.460417E+000   6.459566E+000   8.513075E-004
    8201      16     1.080000     1.140000   1.173685E+001   3.535822E+000   1.171566E+001   3.514699E+000   8.201028E+000   8.200964E+000   6.414027E-005
    8201      17     1.140000     1.200000   1.143670E+001   3.442659E+000   1.142004E+001   3.426012E+000   7.994037E+000   7.994027E+000   1.048007E-005
    8201      18     1.200000     1.240000   8.097833E+000   2.419676E+000   8.068690E+000   2.420607E+000   5.678156E+000   5.648083E+000   3.007304E-002
    8201      19     1.240000     1.280000   7.733813E+000   2.325878E+000   7.725360E+000   2.317608E+000   5.407935E+000   5.407752E+000   1.831756E-004
    8201      20     1.280000     1.340000   1.109154E+001   3.331758E+000   1.107801E+001   3.323404E+000   7.759785E+000   7.754609E+000   5.175748E-003
    8201      21     1.340000     1.420000   1.012492E+001   3.042443E+000   1.011688E+001   3.035063E+000   7.082478E+000   7.081814E+000   6.641383E-004
    8201      22     1.420000     1.460000   4.444646E+000   1.228992E+000   4.295779E+000   1.288734E+000   3.215654E+000   3.007045E+000   2.086087E-001
    8201      23     1.460000     1.490000   3.316959E+000   9.942142E-001   3.312594E+000   9.937782E-001   2.322745E+000   2.318816E+000   3.928824E-003
    8201      24     1.490000     1.520000   3.416012E+000   1.025627E+000   3.413713E+000   1.024114E+000   2.390385E+000   2.389599E+000   7.856322E-004
    8201      25     1.520000     1.680000   2.089115E+001   6.135858E+000   2.069902E+001   6.209705E+000   1.475529E+001   1.448931E+001   2.659786E-001
    8201      26     1.680000     1.740000   7.400301E+000   2.221619E+000   7.397811E+000   2.219343E+000   5.178682E+000   5.178467E+000   2.150260E-004
    8201      27     1.740000     1.820000   6.859941E+000   2.059246E+000   6.858029E+000   2.057409E+000   4.800695E+000   4.800620E+000   7.524174E-005
    8201      28     1.820000     1.940000   7.844991E+000   2.348184E+000   7.835967E+000   2.350790E+000   5.496807E+000   5.485177E+000   1.163032E-002
    8201      29     1.940000     2.200000   1.524385E+001   3.576693E+000   1.324995E+001   3.974985E+000   1.166716E+001   9.274964E+000   2.392192E+000
    8201      30     2.200000     2.300000   5.897529E+000   1.769633E+000   5.896834E+000   1.769050E+000   4.127895E+000   4.127784E+000   1.116964E-004
    8201      31     2.300000     2.450000   6.412228E+000   1.924052E+000   6.411672E+000   1.923501E+000   4.488176E+000   4.488170E+000   6.019123E-006
    8201      32     2.450000     2.550000   2.808749E+000   8.425061E-001   2.808269E+000   8.424808E-001   1.966243E+000   1.965789E+000   4.544872E-004
    8201      33     2.550000     2.650000   2.466453E+000   7.358865E-001   2.461677E+000   7.385030E-001   1.730567E+000   1.723174E+000   7.393098E-003
    8201      34     2.650000     2.900000   5.107089E+000   3.866936E-001   1.764763E+000   5.294288E-001   4.720396E+000   1.235334E+000   3.485062E+000
    8201      35     2.900000     3.200000   4.829501E+000   1.441118E+000   4.820465E+000   1.446139E+000   3.388383E+000   3.374325E+000   1.405717E-002
    8201      36     3.200000     3.500000   4.479548E+000   1.343914E+000   4.479431E+000   1.343829E+000   3.135633E+000   3.135602E+000   3.177774E-005
    8201      37     3.500000     3.900000   5.317470E+000   1.592366E+000   5.314115E+000   1.594234E+000   3.725105E+000   3.719880E+000   5.224086E-003
    8201      38     3.900000     5.500000   8.889375E+000   1.782571E+000   6.405670E+000   1.921701E+000   7.106804E+000   4.483969E+000   2.622835E+000
    8201      39     5.500000     6.500000   2.171822E+000   6.515469E-001   2.171814E+000   6.515441E-001   1.520275E+000   1.520270E+000   5.189237E-006
    8201      40     6.500000     7.000000   6.459457E-001   1.937836E-001   6.459441E-001   1.937832E-001   4.521621E-001   4.521609E-001   1.264892E-006
    8201      41     7.000000     9.000000   1.525571E+000   4.557282E-001   1.523399E+000   4.570198E-001   1.069843E+000   1.066380E+000   3.463182E-003
    8201      42     9.000000    20.000000   1.633159E+000   3.860979E-001   1.339708E+000   4.019125E-001   1.247061E+000   9.377958E-001   3.092653E-001
    8301       1     0.200000     0.300000   5.582456E-006   2.938599E-006   3.776939E-006   1.133082E-006   2.643857E-006   2.643857E-006  -4.911299E-015
    8301       2     0.300000     0.345000   2.557270E-003   1.160959E-003   1.994730E-003   5.984189E-004   1.396311E-003   1.396311E-003   9.565853E-013
    8301       3     0.345000     0.385000   2.512764E-003   1.006153E-003   2.152302E-003   6.456906E-004   1.506611E-003   1.506611E-003  -5.730525E-013
    8301       4     0.385000     0.420000   1.293223E-002   4.781073E-003   1.164451E-002   3.493352E-003   8.151155E-003   8.151155E-003   2.119818E-012
    8301       5     0.420000     0.450000   2.349464E-002   8.255229E-003   2.177059E-002   6.531176E-003   1.523941E-002   1.523941E-002  -2.033356E-013
    8301       6     0.450000     0.500000   1.310848E-001   4.421893E-002   1.240940E-001   3.722821E-002   8.686582E-002   8.686582E-002  -3.544387E-013
    8301       7     0.500000     0.550000   1.748537E-001   5.680007E-002   1.686481E-001   5.059442E-002   1.180536E-001   1.180536E-001  -3.717847E-011
    8301       8     0.550000     0.610000   2.295775E-001   7.279690E-002   2.239723E-001   6.719170E-002   1.567806E-001   1.567806E-001   3.892228E-011
    8301       9     0.610000     0.690000   5.693172E-001   1.769141E-001   5.605758E-001   1.681727E-001   3.924031E-001   3.924031E-001  -5.438128E-011
    8301      10     0.690000     0.780000   2.472789E+000   7.577010E-001   2.450126E+000   7.350378E-001   1.715088E+000   1.715088E+000  -6.592060E-011
    8301      11     0.780000     0.800000   1.063069E+000   3.241398E-001   1.055609E+000   3.166826E-001   7.389296E-001   7.389261E-001   3.472796E-006
    8301      12     0.800000     0.870000   5.878988E+000   1.787489E+000   5.844998E+000   1.753499E+000   4.091499E+000   4.091499E+000   5.772235E-007
    8301      13     0.870000     0.880000   8.736691E-001   2.649443E-001   8.695961E-001   2.608788E-001   6.087248E-001   6.087173E-001   7.511770E-006
    8301      14     0.880000     1.030000   2.249240E+001   6.799491E+000   2.241845E+001   6.725534E+000   1.569291E+001   1.569291E+001   2.813752E-007
    8301      15     1.030000     1.080000   9.248799E+000   2.788382E+000   9.227951E+000   2.768385E+000   6.460417E+000   6.459566E+000   8.513020E-004
    8301      16     1.080000     1.140000   1.173685E+001   3.535822E+000   1.171566E+001   3.514699E+000   8.201028E+000   8.200964E+000   6.413801E-005
    8301      17     1.140000     1.200000   1.143670E+001   3.442659E+000   1.142004E+001   3.426012E+000   7.994037E+000   7.994027E+000   1.048075E-005
    8301      18     1.200000     1.240000   8.097833E+000   2.419676E+000   8.068691E+000   2.420607E+000   5.678156E+000   5.648083E+000   3.007283E-002
    8301      19     1.240000     1.280000   7.733813E+000   2.325878E+000   7.725360E+000   2.317608E+000   5.407935E+000   5.407752E+000   1.830548E-004
    8301      20     1.280000     1.340000   1.109154E+001   3.331758E+000   1.107801E+001   3.323404E+000   7.759785E+000   7.754609E+000   5.175832E-003
    8301      21     1.340000     1.420000   1.012492E+001   3.042443E+000   1.011688E+001   3.035063E+000   7.082478E+000   7.081814E+000   6.639615E-004
    8301      22     1.420000     1.460000   4.444646E+000   1.228996E+000   4.295783E+000   1.288735E+000   3.215649E+000   3.007048E+000   2.086012E-001
    8301      23     1.460000     1.490000   3.316959E+000   9.942144E-001   3.312594E+000   9.937783E-001   2.322745E+000   2.318816E+000   3.928578E-003
    8301      24     1.490000     1.520000   3.416012E+000   1.025627E+000   3.413713E+000   1.024114E+000   2.390385E+000   2.389599E+000   7.853748E-004
    8301      25     1.520000     1.680000   2.089115E+001   6.135866E+000   2.069902E+001   6.209707E+000   1.475528E+001   1.448932E+001   2.659669E-001
    8301      26     1.680000     1.740000   7.400301E+000   2.221619E+000   7.397811E+000   2.219343E+000   5.178682E+000   5.178468E+000   2.148900E-004
    8301      27     1.740000     1.820000   6.859941E+000   2.059246E+000   6.858029E+000   2.057409E+000   4.800695E+000   4.800620E+000   7.447528E-005
    8301      28     1.820000     1.940000   7.844991E+000   2.348190E+000   7.835974E+000   2.350792E+000   5.496802E+000   5.485182E+000   1.161997E-002
    8301      29     1.940000     2.200000   1.524385E+001   3.577145E+000   1.325054E+001   3.975161E+000   1.166670E+001   9.275375E+000   2.391329E+000
    8301      30     2.200000     2.300000   5.897529E+000   1.769633E+000   5.896834E+000   1.769050E+000   4.127895E+000   4.127784E+000   1.115906E-004
    8301      31     2.300000     2.450000   6.412228E+000   1.924052E+000   6.411672E+000   1.923501E+000   4.488176E+000   4.488170E+000   6.014518E-006
    8301      32     2.450000     2.550000   2.808749E+000   8.425074E-001   2.808271E+000   8.424813E-001   1.966242E+000   1.965790E+000   4.522712E-004
    8301      33     2.550000     2.650000   2.466453E+000   7.358938E-001   2.461685E+000   7.385055E-001   1.730560E+000   1.723179E+000   7.380114E-003
    8301      34     2.650000     2.900000   5.107089E+000   3.870472E-001   1.765985E+000   5.297956E-001   4.720042E+000   1.236190E+000   3.483852E+000
    8301      35     2.900000     3.200000   4.829501E+000   1.441129E+000   4.820477E+000   1.446143E+000   3.388372E+000   3.374334E+000   1.403771E-002
    8301      36     3.200000     3.500000   4.479548E+000   1.343915E+000   4.479431E+000   1.343829E+000   3.135633E+000   3.135602E+000   3.166198E-005
    8301      37     3.500000     3.900000   5.317470E+000   1.592365E+000   5.314115E+000   1.594234E+000   3.725105E+000   3.719880E+000   5.224781E-003
    8301      38     3.900000     5.500000   8.889375E+000   1.782720E+000   6.405964E+000   1.921789E+000   7.106655E+000   4.484175E+000   2.622480E+000
    8301      39     5.500000     6.500000   2.171822E+000   6.515469E-001   2.171814E+000   6.515441E-001   1.520275E+000   1.520270E+000   5.173154E-006
    8301      40     6.500000     7.000000   6.459457E-001   1.937836E-001   6.459441E-001   1.937832E-001   4.521621E-001   4.521609E-001   1.261647E-006
    8301      41     7.000000     9.000000   1.525571E+000   4.557283E-001   1.523400E+000   4.570199E-001   1.069843E+000   1.066380E+000   3.463095E-003
    8301      42     9.000000    20.000000   1.633159E+000   3.862451E-001   1.340031E+000   4.020092E-001   1.246914E+000   9.380216E-001   3.088922E-001
    8401       1     0.200000     0.300000   5.582456E-006   2.938599E-006   3.776939E-006   1.133082E-006   2.643857E-006   2.643857E-006  -4.911299E-015
    8401       2     0.300000     0.345000   2.557270E-003   1.160959E-003   1.994730E-003   5.984189E-004   1.396311E-003   1.396311E-003   9.565853E-013
    8401       3     0.345000     0.385000   2.512764E-003   1.006153E-003   2.152302E-003   6.456906E-004   1.506611E-003   1.506611E-003  -5.730525E-013
    8401       4     0.385000     0.420000   1.293223E-002   4.781073E-003   1.164451E-002   3.493352E-003   8.151155E-003   8.151155E-003   2.650536E-012
    8401       5     0.420000     0.450000   2.349464E-002   8.255229E-003   2.177059E-002   6.531176E-003   1.523941E-002   1.523941E-002  -2.233914E-012
    8401       6     0.450000     0.500000   1.310848E-001   4.421893E-002   1.240940E-001   3.722821E-002   8.686582E-002   8.686582E-002  -9.602805E-012
    8401       7     0.500000     0.550000   1.748537E-001   5.680007E-002   1.686481E-001   5.059442E-002   1.180536E-001   1.180536E-001  -3.644973E-011
    8401       8     0.550000     0.610000   2.295775E-001   7.279690E-002   2.239723E-001   6.719170E-002   1.567806E-001   1.567806E-001   4.553524E-012
    8401       9     0.610000     0.690000   5.693172E-001   1.769141E-001   5.605758E-001   1.681727E-001   3.924031E-001   3.924031E-001  -1.018549E-010
    8401      10     0.690000     0.780000   2.472789E+000   7.577010E-001   2.450126E+000   7.350378E-001   1.715088E+000   1.715088E+000   2.307665E-011
    8401      11     0.780000     0.800000   1.063069E+000   3.241398E-001   1.055609E+000   3.166826E-001   7.389296E-001   7.389261E-001   3.472756E-006
    8401      12     0.800000     0.870000   5.878988E+000   1.787489E+000   5.844998E+000   1.753499E+000   4.091499E+000   4.091499E+000   5.774046E-007
    8401      13     0.870000     0.880000   8.736691E-001   2.649443E-001   8.695961E-001   2.608788E-001   6.087248E-001   6.087173E-001   7.509333E-006
    8401      14     0.880000     1.030000   2.249240E+001   6.799491E+000   2.241845E+001   6.725534E+000   1.569291E+001   1.569291E+001   2.812192E-007
    8401      15     1.030000     1.080000   9.248799E+000   2.788382E+000   9.227951E+000   2.768385E+000   6.460417E+000   6.459566E+000   8.512965E-004
    8401      16     1.080000     1.140000   1.173685E+001   3.535822E+000   1.171566E+001   3.514699E+000   8.201028E+000   8.200964E+000   6.413584E-005
    8401      17     1.140000     1.200000   1.143670E+001   3.442659E+000   1.142004E+001   3.426012E+000   7.994037E+000   7.994027E+000   1.048147E-005
    8401      18     1.200000     1.240000   8.097833E+000   2.419677E+000   8.068691E+000   2.420607E+000   5.678156E+000   5.648084E+000   3.007262E-002
    8401      19     1.240000     1.280000   7.733813E+000   2.325878E+000   7.725360E+000   2.317608E+000   5.407935E+000   5.407752E+000   1.829366E-004
    8401      20     1.280000     1.340000   1.109154E+001   3.331758E+000   1.107801E+001   3.323404E+000   7.759785E+000   7.754609E+000   5.175915E-003
    8401      21     1.340000     1.420000   1.012492E+001   3.042443E+000   1.011688E+001   3.035063E+000   7.082478E+000   7.081814E+000   6.637883E-004
    8401      22     1.420000     1.460000   4.444646E+000   1.229001E+000   4.295787E+000   1.288736E+000   3.215645E+000   3.007051E+000   2.085938E-001
    8401      23     1.460000     1.490000   3.316959E+000   9.942145E-001   3.312594E+000   9.937783E-001   2.322744E+000   2.318816E+000   3.928336E-003
    8401      24     1.490000     1.520000   3.416012E+000   1.025627E+000   3.413714E+000   1.024114E+000   2.390385E+000   2.389600E+000   7.851231E-004
    8401      25     1.520000     1.680000   2.089115E+001   6.135873E+000   2.069903E+001   6.209709E+000   1.475528E+001   1.448932E+001   2.659554E-001
    8401      26     1.680000     1.740000   7.400301E+000   2.221619E+000   7.397811E+000   2.219343E+000   5.178682E+000   5.178468E+000   2.147571E-004
    8401      27     1.740000     1.820000   6.859941E+000   2.059247E+000   6.858029E+000   2.057409E+000   4.800694E+000   4.800621E+000   7.372968E-005
    8401      28     1.820000     1.940000   7.844991E+000   2.348195E+000   7.835980E+000   2.350794E+000   5.496796E+000   5.485186E+000   1.160990E-002
    8401      29     1.940000     2.200000   1.524385E+001   3.577591E+000   1.325111E+001   3.975334E+000   1.166626E+001   9.275780E+000   2.390480E+000
    8401      30     2.200000     2.300000   5.897529E+000   1.769633E+000   5.896834E+000   1.769050E+000   4.127895E+000   4.127784E+000   1.114866E-004
    8401      31     2.300000     2.450000   6.412228E+000   1.924052E+000   6.411672E+000   1.923501E+000   4.488176E+000   4.488170E+000   6.010007E-006
    8401      32     2.450000     2.550000   2.808749E+000   8.425086E-001   2.808272E+000   8.424817E-001   1.966241E+000   1.965791E+000   4.501011E-004
    8401      33     2.550000     2.650000   2.466453E+000   7.359008E-001   2.461693E+000   7.385078E-001   1.730553E+000   1.723185E+000   7.367629E-003
    8401      34     2.650000     2.900000   5.107089E+000   3.873946E-001   1.767185E+000   5.301554E-001   4.719695E+000   1.237029E+000   3.482665E+000
    8401      35     2.900000     3.200000   4.829501E+000   1.441140E+000   4.820489E+000   1.446147E+000   3.388361E+000   3.374343E+000   1.401858E-002
    8401      36     3.200000     3.500000   4.479548E+000   1.343915E+000   4.479431E+000   1.343829E+000   3.135633E+000   3.135602E+000   3.154887E-005
    8401      37     3.500000     3.900000   5.317470E+000   1.592365E+000   5.314114E+000   1.594234E+000   3.725105E+000   3.719880E+000   5.225471E-003
    8401      38     3.900000     5.500000   8.889375E+000   1.782865E+000   6.406252E+000   1.921876E+000   7.106510E+000   4.484376E+000   2.622133E+000
    8401      39     5.500000     6.500000   2.171822E+000   6.515469E-001   2.171814E+000   6.515441E-001   1.520275E+000   1.520270E+000   5.157559E-006
    8401      40     6.500000     7.000000   6.459457E-001   1.937836E-001   6.459441E-001   1.937832E-001   4.521621E-001   4.521609E-001   1.258483E-006
    8401      41     7.000000     9.000000   1.525571E+000   4.557283E-001   1.523400E+000   4.570199E-001   1.069843E+000   1.066380E+000   3.463009E-003
    8401      42     9.000000    20.000000   1.633159E+000   3.863891E-001   1.340347E+000   4.021042E-001   1.246770E+000   9.382431E-001   3.085267E-001
    8501       1     0.200000     0.300000   5.582456E-006   2.938599E-006   3.776939E-006   1.133082E-006   2.643857E-006   2.643857E-006  -4.911299E-015
    8501       2     0.300000     0.345000   2.557270E-003   1.160959E-003   1.994730E-003   5.984189E-004   1.396311E-003   1.396311E-003   9.565853E-013
    8501       3     0.345000     0.385000   2.512764E-003   1.006153E-003   2.152302E-003   6.456906E-004   1.506611E-003   1.506611E-003  -5.730525E-013
    8501       4     0.385000     0.420000   1.293223E-002   4.781073E-003   1.164451E-002   3.493352E-003   8.151155E-003   8.151155E-003   1.850641E-012
    8501       5     0.420000     0.450000   2.349464E-002   8.255229E-003   2.177059E-002   6.531176E-003   1.523941E-002   1.523941E-002   3.487859E-012
    8501       6     0.450000     0.500000   1.310848E-001   4.421893E-002   1.240940E-001   3.722821E-002   8.686582E-002   8.686582E-002  -1.523770E-011
    8501       7     0.500000     0.550000   1.748537E-001   5.680007E-002   1.686481E-001   5.059442E-002   1.180536E-001   1.180536E-001  -2.247116E-011
    8501       8     0.550000     0.610000   2.295775E-001   7.279690E-002   2.239723E-001   6.719170E-002   1.567806E-001   1.567806E-001  -9.448109E-012
    8501       9     0.610000     0.690000   5.693172E-001   1.769141E-001   5.605758E-001   1.681727E-001   3.924031E-001   3.924031E-001  -9.139445E-011
    8501      10     0.690000     0.780000   2.472789E+000   7.577010E-001   2.450126E+000   7.350378E-001   1.715088E+000   1.715088E+000  -4.294165E-011
    8501      11     0.780000     0.800000   1.063069E+000   3.241398E-001   1.055609E+000   3.166826E-001   7.389296E-001   7.389261E-001   3.472716E-006
    8501      12     0.800000     0.870000   5.878988E+000   1.787489E+000   5.844998E+000   1.753499E+000   4.091499E+000   4.091499E+000   5.775834E-007
    8501      13     0.870000     0.880000   8.736691E-001   2.649443E-001   8.695961E-001   2.608788E-001   6.087248E-001   6.087173E-001   7.506934E-006
    8501      14     0.880000     1.030000   2.249240E+001   6.799491E+000   2.241845E+001   6.725534E+000   1.569291E+001   1.569291E+001   2.810636E-007
    8501      15     1.030000     1.080000   9.248799E+000   2.788382E+000   9.227951E+000   2.768385E+000   6.460417E+000   6.459566E+000   8.512913E-004
    8501      16     1.080000     1.140000   1.173685E+001   3.535822E+000   1.171566E+001   3.514699E+000   8.201028E+000   8.200964E+000   6.413372E-005
    8501      17     1.140000     1.200000   1.143670E+001   3.442659E+000   1.142004E+001   3.426012E+000   7.994037E+000   7.994027E+000   1.048221E-005
    8501      18     1.200000     1.240000   8.097833E+000   2.419677E+000   8.068691E+000   2.420607E+000   5.678156E+000   5.648084E+000   3.007241E-002
    8501      19     1.240000     1.280000   7.733813E+000   2.325878E+000   7.725361E+000   2.317608E+000   5.407935E+000   5.407752E+000   1.828203E-004
    8501      20     1.280000     1.340000   1.109154E+001   3.331758E+000   1.107801E+001   3.323404E+000   7.759785E+000   7.754609E+000   5.175997E-003
    8501      21     1.340000     1.420000   1.012492E+001   3.042443E+000   1.011688E+001   3.035063E+000   7.082478E+000   7.081814E+000   6.636181E-004
    8501      22     1.420000     1.460000   4.444646E+000   1.229005E+000   4.295791E+000   1.288737E+000   3.215641E+000   3.007054E+000   2.085866E-001
    8501      23     1.460000     1.490000   3.316959E+000   9.942146E-001   3.312595E+000   9.937784E-001   2.322744E+000   2.318816E+000   3.928098E-003
    8501      24     1.490000     1.520000   3.416012E+000   1.025627E+000   3.413714E+000   1.024114E+000   2.390385E+000   2.389600E+000   7.848758E-004
    8501      25     1.520000     1.680000   2.089115E+001   6.135880E+000   2.069903E+001   6.209710E+000   1.475527E+001   1.448932E+001   2.659441E-001
    8501      26     1.680000     1.740000   7.400301E+000   2.221619E+000   7.397811E+000   2.219343E+000   5.178682E+000   5.178468E+000   2.146265E-004
    8501      27     1.740000     1.820000   6.859941E+000   2.059247E+000   6.858030E+000   2.057409E+000   4.800694E+000   4.800621E+000   7.299851E-005
    8501      28     1.820000     1.940000   7.844991E+000   2.348201E+000   7.835986E+000   2.350796E+000   5.496790E+000   5.485190E+000   1.160001E-002
    8501      29     1.940000     2.200000   1.524385E+001   3.578030E+000   1.325168E+001   3.975505E+000   1.166582E+001   9.276178E+000   2.389642E+000
    8501      30     2.200000     2.300000   5.897529E+000   1.769633E+000   5.896834E+000   1.769050E+000   4.127895E+000   4.127784E+000   1.113843E-004
    8501      31     2.300000     2.450000   6.412228E+000   1.924052E+000   6.411672E+000   1.923501E+000   4.488176E+000   4.488170E+000   6.005575E-006
    8501      32     2.450000     2.550000   2.808749E+000   8.425098E-001   2.808274E+000   8.424821E-001   1.966239E+000   1.965791E+000   4.479691E-004
    8501      33     2.550000     2.650000   2.466453E+000   7.359076E-001   2.461700E+000   7.385101E-001   1.730546E+000   1.723190E+000   7.355451E-003
    8501      34     2.650000     2.900000   5.107089E+000   3.877376E-001   1.768366E+000   5.305098E-001   4.719352E+000   1.237856E+000   3.481495E+000
    8501      35     2.900000     3.200000   4.829501E+000   1.441150E+000   4.820501E+000   1.446150E+000   3.388351E+000   3.374351E+000   1.399976E-002
    8501      36     3.200000     3.500000   4.479548E+000   1.343915E+000   4.479431E+000   1.343829E+000   3.135633E+000   3.135602E+000   3.143780E-005
    8501      37     3.500000     3.900000   5.317470E+000   1.592365E+000   5.314114E+000   1.594234E+000   3.725106E+000   3.719880E+000   5.226154E-003
    8501      38     3.900000     5.500000   8.889375E+000   1.783009E+000   6.406535E+000   1.921960E+000   7.106367E+000   4.484574E+000   2.621792E+000
    8501      39     5.500000     6.500000   2.171822E+000   6.515469E-001   2.171814E+000   6.515441E-001   1.520275E+000   1.520270E+000   5.142278E-006
    8501      40     6.500000     7.000000   6.459457E-001   1.937836E-001   6.459441E-001   1.937832E-001   4.521621E-001   4.521609E-001   1.255381E-006
    8501      41     7.000000     9.000000   1.525571E+000   4.557284E-001   1.523400E+000   4.570199E-001   1.069843E+000   1.066380E+000   3.462924E-003
    8501      42     9.000000    20.000000   1.633159E+000   3.865309E-001   1.340660E+000   4.021979E-001   1.246628E+000   9.384617E-001   3.081663E-001
    8601       1     0.200000     0.300000   5.582456E-006   2.938599E-006   3.776939E-006   1.133082E-006   2.643857E-006   2.643857E-006  -4.911299E-015
    8601       2     0.300000     0.345000   2.557270E-003   1.160959E-003   1.994730E-003   5.984189E-004   1.396311E-003   1.396311E-003   9.565853E-013
    8601       3     0.345000     0.385000   2.512764E-003   1.006153E-003   2.152302E-003   6.456906E-004   1.506611E-003   1.506611E-003  -5.730525E-013
    8601       4     0.385000     0.420000   1.293223E-002   4.781073E-003   1.164451E-002   3.493352E-003   8.151155E-003   8.151155E-003   3.009834E-012
    8601       5     0.420000     0.450000   2.349464E-002   8.255229E-003   2.177059E-002   6.531176E-003   1.523941E-002   1.523941E-002   1.686113E-012
    8601       6     0.450000     0.500000   1.310848E-001   4.421893E-002   1.240940E-001   3.722821E-002   8.686582E-002   8.686582E-002  -2.305438E-011
    8601       7     0.500000     0.550000   1.748537E-001   5.680007E-002   1.686481E-001   5.059442E-002   1.180536E-001   1.180536E-001  -4.538900E-011
    8601       8     0.550000     0.610000   2.295775E-001   7.279690E-002   2.239723E-001   6.719170E-002   1.567806E-001   1.567806E-001  -2.371103E-011
    8601       9     0.610000     0.690000   5.693172E-001   1.769141E-001   5.605758E-001   1.681727E-001   3.924031E-001   3.924031E-001  -9.325246E-011
    8601      10     0.690000     0.780000   2.472789E+000   7.577010E-001   2.450126E+000   7.350378E-001   1.715088E+000   1.715088E+000   3.460254E-011
    8601      11     0.780000     0.800000   1.063069E+000   3.241398E-001   1.055609E+000   3.166826E-001   7.389296E-001   7.389261E-001   3.472677E-006
    8601      12     0.800000     0.870000   5.878988E+000   1.787489E+000   5.844998E+000   1.753499E+000   4.091499E+000   4.091499E+000   5.777598E-007
    8601      13     0.870000     0.880000   8.736691E-001   2.649443E-001   8.695961E-001   2.608788E-001   6.087248E-001   6.087173E-001   7.504565E-006
    8601      14     0.880000     1.030000   2.249240E+001   6.799491E+000   2.241845E+001   6.725534E+000   1.569291E+001   1.569291E+001   2.809135E-007
    8601      15     1.030000     1.080000   9.248799E+000   2.788382E+000   9.227951E+000   2.768385E+000   6.460417E+000   6.459566E+000   8.512862E-004
    8601      16     1.080000     1.140000   1.173685E+001   3.535822E+000   1.171566E+001   3.514699E+000   8.201028E+000   8.200964E+000   6.413165E-005
    8601      17     1.140000     1.200000   1.143670E+001   3.442659E+000   1.142004E+001   3.426012E+000   7.994037E+000   7.994027E+000   1.048294E-005
    8601      18     1.200000     1.240000   8.097833E+000   2.419677E+000   8.068691E+000   2.420607E+000   5.678156E+000   5.648084E+000   3.007221E-002
    8601      19     1.240000     1.280000   7.733813E+000   2.325878E+000   7.725361E+000   2.317608E+000   5.407935E+000   5.407752E+000   1.827058E-004
    8601      20     1.280000     1.340000   1.109154E+001   3.331758E+000   1.107801E+001   3.323404E+000   7.759785E+000   7.754609E+000   5.176077E-003
    8601      21     1.340000     1.420000   1.012492E+001   3.042443E+000   1.011688E+001   3.035063E+000   7.082478E+000   7.081815E+000   6.634504E-004
    8601      22     1.420000     1.460000   4.444646E+000   1.229009E+000   4.295795E+000   1.288739E+000   3.215636E+000   3.007057E+000   2.085796E-001
    8601      23     1.460000     1.490000   3.316959E+000   9.942148E-001   3.312595E+000   9.937784E-001   2.322744E+000   2.318816E+000   3.927864E-003
    8601      24     1.490000     1.520000   3.416012E+000   1.025627E+000   3.413714E+000   1.024114E+000   2.390384E+000   2.389600E+000   7.846322E-004
    8601      25     1.520000     1.680000   2.089115E+001   6.135886E+000   2.069904E+001   6.209712E+000   1.475526E+001   1.448933E+001   2.659331E-001
    8601      26     1.680000     1.740000   7.400301E+000   2.221619E+000   7.397811E+000   2.219343E+000   5.178682E+000   5.178468E+000   2.144980E-004
    8601      27     1.740000     1.820000   6.859941E+000   2.059248E+000   6.858030E+000   2.057409E+000   4.800694E+000   4.800621E+000   7.227830E-005
    8601      28     1.820000     1.940000   7.844991E+000   2.348206E+000   7.835992E+000   2.350798E+000   5.496785E+000   5.485195E+000   1.159028E-002
    8601      29     1.940000     2.200000   1.524385E+001   3.578463E+000   1.325224E+001   3.975673E+000   1.166539E+001   9.276571E+000   2.388816E+000
    8601      30     2.200000     2.300000   5.897529E+000   1.769634E+000   5.896834E+000   1.769050E+000   4.127895E+000   4.127784E+000   1.112835E-004
    8601      31     2.300000     2.450000   6.412228E+000   1.924052E+000   6.411672E+000   1.923501E+000   4.488176E+000   4.488170E+000   6.001210E-006
    8601      32     2.450000     2.550000   2.808749E+000   8.425110E-001   2.808275E+000   8.424825E-001   1.966238E+000   1.965792E+000   4.458703E-004
    8601      33     2.550000     2.650000   2.466453E+000   7.359144E-001   2.461708E+000   7.385124E-001   1.730539E+000   1.723196E+000   7.343477E-003
    8601      34     2.650000     2.900000   5.107089E+000   3.880772E-001   1.769533E+000   5.308599E-001   4.719012E+000   1.238673E+000   3.480339E+000
    8601      35     2.900000     3.200000   4.829501E+000   1.441160E+000   4.820513E+000   1.446154E+000   3.388340E+000   3.374359E+000   1.398120E-002
    8601      36     3.200000     3.500000   4.479548E+000   1.343915E+000   4.479431E+000   1.343829E+000   3.135633E+000   3.135602E+000   3.132844E-005
    8601      37     3.500000     3.900000   5.317470E+000   1.592364E+000   5.314113E+000   1.594234E+000   3.725106E+000   3.719879E+000   5.226829E-003
    8601      38     3.900000     5.500000   8.889375E+000   1.783150E+000   6.406814E+000   1.922044E+000   7.106226E+000   4.484770E+000   2.621456E+000
    8601      39     5.500000     6.500000   2.171822E+000   6.515469E-001   2.171814E+000   6.515441E-001   1.520275E+000   1.520270E+000   5.127219E-006
    8601      40     6.500000     7.000000   6.459457E-001   1.937836E-001   6.459441E-001   1.937832E-001   4.521621E-001   4.521609E-001   1.252325E-006
    8601      41     7.000000     9.000000   1.525571E+000   4.557284E-001   1.523400E+000   4.570199E-001   1.069843E+000   1.066380E+000   3.462840E-003
    8601      42     9.000000    20.000000   1.633159E+000   3.866712E-001   1.340969E+000   4.022906E-001   1.246488E+000   9.386781E-001   3.078096E-001
    8701       1     0.200000     0.300000   5.582456E-006   2.938599E-006   3.776939E-006   1.133082E-006   2.643857E-006   2.643857E-006  -4.911299E-015
    8701       2     0.300000     0.345000   2.557270E-003   1.160959E-003   1.994730E-003   5.984189E-004   1.396311E-003   1.396311E-003   9.565853E-013
    8701       3     0.345000     0.385000   2.512764E-003   1.006153E-003   2.152302E-003   6.456906E-004   1.506611E-003   1.506611E-003  -5.730525E-013
    8701       4     0.385000     0.420000   1.293223E-002   4.781073E-003   1.164451E-002   3.493352E-003   8.151155E-003   8.151155E-003   2.069619E-012
    8701       5     0.420000     0.450000   2.349464E-002   8.255229E-003   2.177059E-002   6.531176E-003   1.523941E-002   1.523941E-002   3.313478E-013
    8701       6     0.450000     0.500000   1.310848E-001   4.421893E-002   1.240940E-001   3.722821E-002   8.686582E-002   8.686582E-002  -3.214232E-011
    8701       7     0.500000     0.550000   1.748537E-001   5.680007E-002   1.686481E-001   5.059442E-002   1.180536E-001   1.180536E-001  -3.888986E-011
    8701       8     0.550000     0.610000   2.295775E-001   7.279690E-002   2.239723E-001   6.719170E-002   1.567806E-001   1.567806E-001  -7.927520E-012
    8701       9     0.610000     0.690000   5.693172E-001   1.769141E-001   5.605758E-001   1.681727E-001   3.924031E-001   3.924031E-001  -5.780187E-011
    8701      10     0.690000     0.780000   2.472789E+000   7.577010E-001   2.450126E+000   7.350378E-001   1.715088E+000   1.715088E+000   1.863085E-010
    8701      11     0.780000     0.800000   1.063069E+000   3.241398E-001   1.055609E+000   3.166826E-001   7.389296E-001   7.389261E-001   3.472638E-006
    8701      12     0.800000     0.870000   5.878988E+000   1.787489E+000   5.844998E+000   1.753499E+000   4.091499E+000   4.091499E+000   5.779342E-007
    8701      13     0.870000     0.880000   8.736691E-001   2.649443E-001   8.695961E-001   2.608788E-001   6.087248E-001   6.087173E-001   7.502248E-006
    8701      14     0.880000     1.030000   2.249240E+001   6.799491E+000   2.241845E+001   6.725534E+000   1.569291E+001   1.569291E+001   2.807657E-007
    8701      15     1.030000     1.080000   9.248799E+000   2.788382E+000   9.227951E+000   2.768385E+000   6.460417E+000   6.459566E+000   8.512812E-004
    8701      16     1.080000     1.140000   1.173685E+001   3.535822E+000   1.171566E+001   3.514699E+000   8.201028E+000   8.200964E+000   6.412968E-005
    8701      17     1.140000     1.200000   1.143670E+001   3.442659E+000   1.142004E+001   3.426012E+000   7.994037E+000   7.994027E+000   1.048372E-005
    8701      18     1.200000     1.240000   8.097833E+000   2.419677E+000   8.068691E+000   2.420607E+000   5.678156E+000   5.648084E+000   3.007201E-002
    8701      19     1.240000     1.280000   7.733813E+000   2.325878E+000   7.725361E+000   2.317608E+000   5.407935E+000   5.407752E+000   1.825939E-004
    8701      20     1.280000     1.340000   1.109154E+001   3.331758E+000   1.107801E+001   3.323404E+000   7.759785E+000   7.754609E+000   5.176156E-003
    8701      21     1.340000     1.420000   1.012492E+001   3.042443E+000   1.011688E+001   3.035063E+000   7.082478E+000   7.081815E+000   6.632865E-004
    8701      22     1.420000     1.460000   4.444646E+000   1.229013E+000   4.295799E+000   1.288740E+000   3.215632E+000   3.007060E+000   2.085728E-001
    8701      23     1.460000     1.490000   3.316959E+000   9.942149E-001   3.312595E+000   9.937784E-001   2.322744E+000   2.318816E+000   3.927634E-003
    8701      24     1.490000     1.520000   3.416012E+000   1.025627E+000   3.413714E+000   1.024114E+000   2.390384E+000   2.389600E+000   7.843946E-004
    8701      25     1.520000     1.680000   2.089115E+001   6.135893E+000   2.069905E+001   6.209714E+000   1.475526E+001   1.448933E+001   2.659223E-001
    8701      26     1.680000     1.740000   7.400301E+000   2.221619E+000   7.397811E+000   2.219343E+000   5.178682E+000   5.178468E+000   2.143726E-004
    8701      27     1.740000     1.820000   6.859941E+000   2.059248E+000   6.858031E+000   2.057409E+000   4.800693E+000   4.800622E+000   7.158098E-005
    8701      28     1.820000     1.940000   7.844991E+000   2.348212E+000   7.835998E+000   2.350799E+000   5.496780E+000   5.485199E+000   1.158085E-002
    8701      29     1.940000     2.200000   1.524385E+001   3.578889E+000   1.325279E+001   3.975838E+000   1.166496E+001   9.276956E+000   2.388004E+000
    8701      30     2.200000     2.300000   5.897529E+000   1.769634E+000   5.896834E+000   1.769050E+000   4.127895E+000   4.127784E+000   1.111845E-004
    8701      31     2.300000     2.450000   6.412228E+000   1.924052E+000   6.411672E+000   1.923502E+000   4.488176E+000   4.488170E+000   5.996943E-006
    8701      32     2.450000     2.550000   2.808749E+000   8.425121E-001   2.808276E+000   8.424828E-001   1.966237E+000   1.965793E+000   4.438194E-004
    8701      33     2.550000     2.650000   2.466453E+000   7.359208E-001   2.461715E+000   7.385145E-001   1.730533E+000   1.723201E+000   7.332067E-003
    8701      34     2.650000     2.900000   5.107089E+000   3.884098E-001   1.770674E+000   5.312023E-001   4.718679E+000   1.239472E+000   3.479207E+000
    8701      35     2.900000     3.200000   4.829501E+000   1.441171E+000   4.820525E+000   1.446157E+000   3.388330E+000   3.374367E+000   1.396298E-002
    8701      36     3.200000     3.500000   4.479548E+000   1.343915E+000   4.479431E+000   1.343829E+000   3.135633E+000   3.135602E+000   3.122189E-005
    8701      37     3.500000     3.900000   5.317470E+000   1.592364E+000   5.314113E+000   1.594234E+000   3.725106E+000   3.719879E+000   5.227500E-003
    8701      38     3.900000     5.500000   8.889375E+000   1.783287E+000   6.407086E+000   1.922126E+000   7.106088E+000   4.484960E+000   2.621128E+000
    8701      39     5.500000     6.500000   2.171822E+000   6.515469E-001   2.171814E+000   6.515441E-001   1.520275E+000   1.520270E+000   5.112705E-006
    8701      40     6.500000     7.000000   6.459457E-001   1.937836E-001   6.459441E-001   1.937832E-001   4.521621E-001   4.521609E-001   1.249359E-006
    8701      41     7.000000     9.000000   1.525571E+000   4.557285E-001   1.523400E+000   4.570199E-001   1.069843E+000   1.066380E+000   3.462756E-003
    8701      42     9.000000    20.000000   1.633159E+000   3.868078E-001   1.341271E+000   4.023813E-001   1.246351E+000   9.388896E-001   3.074615E-001
    8801       1     0.200000     0.300000   5.582456E-006   2.938599E-006   3.776939E-006   1.133082E-006   2.643857E-006   2.643857E-006  -4.911299E-015
    8801       2     0.300000     0.345000   2.557270E-003   1.160959E-003   1.994730E-003   5.984189E-004   1.396311E-003   1.396311E-003   9.565853E-013
    8801       3     0.345000     0.385000   2.512764E-003   1.006153E-003   2.152302E-003   6.456906E-004   1.506611E-003   1.506611E-003  -5.730525E-013
    8801       4     0.385000     0.420000   1.293223E-002   4.781073E-003   1.164451E-002   3.493352E-003   8.151155E-003   8.151155E-003   2.069619E-012
    8801       5     0.420000     0.450000   2.349464E-002   8.255229E-003   2.177059E-002   6.531176E-003   1.523941E-002   1.523941E-002  -2.137165E-012
    8801       6     0.450000     0.500000   1.310848E-001   4.421893E-002   1.240940E-001   3.722821E-002   8.686582E-002   8.686582E-002  -1.108079E-011
    8801       7     0.500000     0.550000   1.748537E-001   5.680007E-002   1.686481E-001   5.059442E-002   1.180536E-001   1.180536E-001  -2.480333E-011
    8801       8     0.550000     0.610000   2.295775E-001   7.279690E-002   2.239723E-001   6.719170E-002   1.567806E-001   1.567806E-001   2.627909E-011
    8801       9     0.610000     0.690000   5.693172E-001   1.769141E-001   5.605758E-001   1.681727E-001   3.924031E-001   3.924031E-001  -8.358914E-011
    8801      10     0.690000     0.780000   2.472789E+000   7.577010E-001   2.450126E+000   7.350378E-001   1.715088E+000   1.715088E+000   1.427514E-010
    8801      11     0.780000     0.800000   1.063069E+000   3.241398E-001   1.055609E+000   3.166826E-001   7.389296E-001   7.389261E-001   3.472600E-006
    8801      12     0.800000     0.870000   5.878988E+000   1.787489E+000   5.844998E+000   1.753499E+000   4.091499E+000   4.091499E+000   5.781061E-007
    8801      13     0.870000     0.880000   8.736691E-001   2.649443E-001   8.695961E-001   2.608788E-001   6.087248E-001   6.087173E-001   7.499963E-006
    8801      14     0.880000     1.030000   2.249240E+001   6.799491E+000   2.241845E+001   6.725534E+000   1.569291E+001   1.569291E+001   2.806194E-007
    8801      15     1.030000     1.080000   9.248799E+000   2.788382E+000   9.227951E+000   2.768385E+000   6.460417E+000   6.459566E+000   8.512763E-004
    8801      16     1.080000     1.140000   1.173685E+001   3.535822E+000   1.171566E+001   3.514699E+000   8.201028E+000   8.200964E+000   6.412774E-005
    8801      17     1.140000     1.200000   1.143670E+001   3.442659E+000   1.142004E+001   3.426012E+000   7.994037E+000   7.994027E+000   1.048450E-005
    8801      18     1.200000     1.240000   8.097833E+000   2.419677E+000   8.068691E+000   2.420607E+000   5.678156E+000   5.648084E+000   3.007181E-002
    8801      19     1.240000     1.280000   7.733813E+000   2.325878E+000   7.725361E+000   2.317608E+000   5.407935E+000   5.407753E+000   1.824836E-004
    8801      20     1.280000     1.340000   1.109154E+001   3.331758E+000   1.107801E+001   3.323404E+000   7.759785E+000   7.754609E+000   5.176234E-003
    8801      21     1.340000     1.420000   1.012492E+001   3.042443E+000   1.011688E+001   3.035063E+000   7.082478E+000   7.081815E+000   6.631249E-004
    8801      22     1.420000     1.460000   4.444646E+000   1.229017E+000   4.295803E+000   1.288741E+000   3.215628E+000   3.007062E+000   2.085660E-001
    8801      23     1.460000     1.490000   3.316959E+000   9.942150E-001   3.312595E+000   9.937785E-001   2.322744E+000   2.318816E+000   3.927408E-003
    8801      24     1.490000     1.520000   3.416012E+000   1.025627E+000   3.413714E+000   1.024114E+000   2.390384E+000   2.389600E+000   7.841603E-004
    8801      25     1.520000     1.680000   2.089115E+001   6.135899E+000   2.069905E+001   6.209716E+000   1.475525E+001   1.448934E+001   2.659117E-001
    8801      26     1.680000     1.740000   7.400301E+000   2.221619E+000   7.397811E+000   2.219343E+000   5.178682E+000   5.178468E+000   2.142490E-004
    8801      27     1.740000     1.820000   6.859941E+000   2.059248E+000   6.858031E+000   2.057409E+000   4.800693E+000   4.800622E+000   7.089322E-005
    8801      28     1.820000     1.940000   7.844991E+000   2.348217E+000   7.836004E+000   2.350801E+000   5.496774E+000   5.485203E+000   1.157155E-002
    8801      29     1.940000     2.200000   1.524385E+001   3.579310E+000   1.325334E+001   3.976001E+000   1.166454E+001   9.277337E+000   2.387203E+000
    8801      30     2.200000     2.300000   5.897529E+000   1.769634E+000   5.896834E+000   1.769050E+000   4.127895E+000   4.127784E+000   1.110870E-004
    8801      31     2.300000     2.450000   6.412228E+000   1.924052E+000   6.411672E+000   1.923502E+000   4.488176E+000   4.488170E+000   5.992737E-006
    8801      32     2.450000     2.550000   2.808749E+000   8.425133E-001   2.808277E+000   8.424832E-001   1.966236E+000   1.965794E+000   4.417973E-004
    8801      33     2.550000     2.650000   2.466453E+000   7.359271E-001   2.461722E+000   7.385166E-001   1.730526E+000   1.723205E+000   7.320815E-003
    8801      34     2.650000     2.900000   5.107089E+000   3.887392E-001   1.771802E+000   5.315406E-001   4.718350E+000   1.240261E+000   3.478088E+000
    8801      35     2.900000     3.200000   4.829501E+000   1.441181E+000   4.820536E+000   1.446161E+000   3.388320E+000   3.374375E+000   1.394503E-002
    8801      36     3.200000     3.500000   4.479548E+000   1.343915E+000   4.479431E+000   1.343829E+000   3.135633E+000   3.135602E+000   3.111684E-005
    8801      37     3.500000     3.900000   5.317470E+000   1.592364E+000   5.314112E+000   1.594234E+000   3.725107E+000   3.719879E+000   5.228163E-003
    8801      38     3.900000     5.500000   8.889375E+000   1.783423E+000   6.407354E+000   1.922206E+000   7.105952E+000   4.485148E+000   2.620804E+000
    8801      39     5.500000     6.500000   2.171822E+000   6.515469E-001   2.171814E+000   6.515441E-001   1.520275E+000   1.520270E+000   5.098389E-006
    8801      40     6.500000     7.000000   6.459457E-001   1.937836E-001   6.459441E-001   1.937832E-001   4.521621E-001   4.521609E-001   1.246434E-006
    8801      41     7.000000     9.000000   1.525571E+000   4.557285E-001   1.523400E+000   4.570199E-001   1.069843E+000   1.066380E+000   3.462673E-003
    8801      42     9.000000    20.000000   1.633159E+000   3.869429E-001   1.341570E+000   4.024711E-001   1.246216E+000   9.390991E-001   3.071169E-001
    8901       1     0.200000     0.300000   5.582456E-006   2.938599E-006   3.776939E-006   1.133082E-006   2.643857E-006   2.643857E-006  -4.911299E-015
    8901       2     0.300000     0.345000   2.557270E-003   1.160959E-003   1.994730E-003   5.984189E-004   1.396311E-003   1.396311E-003   9.565853E-013
    8901       3     0.345000     0.385000   2.512764E-003   1.006153E-003   2.152302E-003   6.456906E-004   1.506611E-003   1.506611E-003  -5.730525E-013
    8901       4     0.385000     0.420000   1.293223E-002   4.781073E-003   1.164451E-002   3.493352E-003   8.151155E-003   8.151155E-003   3.466201E-012
    8901       5     0.420000     0.450000   2.349464E-002   8.255229E-003   2.177059E-002   6.531176E-003   1.523941E-002   1.523941E-002   7.019905E-013
    8901       6     0.450000     0.500000   1.310848E-001   4.421893E-002   1.240940E-001   3.722821E-002   8.686582E-002   8.686582E-002  -1.973512E-011
    8901       7     0.500000     0.550000   1.748537E-001   5.680007E-002   1.686481E-001   5.059442E-002   1.180536E-001   1.180536E-001  -3.735325E-011
    8901       8     0.550000     0.610000   2.295775E-001   7.279690E-002   2.239723E-001   6.719170E-002   1.567806E-001   1.567806E-001   1.655026E-011
    8901       9     0.610000     0.690000   5.693172E-001   1.769141E-001   5.605758E-001   1.681727E-001   3.924031E-001   3.924031E-001  -1.788109E-010
    8901      10     0.690000     0.780000   2.472789E+000   7.577010E-001   2.450126E+000   7.350378E-001   1.715088E+000   1.715088E+000   5.099299E-011
    8901      11     0.780000     0.800000   1.063069E+000   3.241398E-001   1.055609E+000   3.166826E-001   7.389296E-001   7.389261E-001   3.472564E-006
    8901      12     0.800000     0.870000   5.878988E+000   1.787489E+000   5.844998E+000   1.753499E+000   4.091499E+000   4.091499E+000   5.782761E-007
    8901      13     0.870000     0.880000   8.736691E-001   2.649443E-001   8.695961E-001   2.608788E-001   6.087248E-001   6.087173E-001   7.497718E-006
    8901      14     0.880000     1.030000   2.249240E+001   6.799491E+000   2.241845E+001   6.725534E+000   1.569291E+001   1.569291E+001   2.804783E-007
    8901      15     1.030000     1.080000   9.248799E+000   2.788382E+000   9.227951E+000   2.768385E+000   6.460417E+000   6.459566E+000   8.512715E-004
    8901      16     1.080000     1.140000   1.173685E+001   3.535822E+000   1.171566E+001   3.514699E+000   8.201028E+000   8.200964E+000   6.412588E-005
    8901      17     1.140000     1.200000   1.143670E+001   3.442659E+000   1.142004E+001   3.426012E+000   7.994037E+000   7.994027E+000   1.048529E-005
    8901      18     1.200000     1.240000   8.097833E+000   2.419677E+000   8.068691E+000   2.420607E+000   5.678156E+000   5.648084E+000   3.007162E-002
    8901      19     1.240000     1.280000   7.733813E+000   2.325878E+000   7.725361E+000   2.317608E+000   5.407935E+000   5.407753E+000   1.823752E-004
    8901      20     1.280000     1.340000   1.109154E+001   3.331758E+000   1.107801E+001   3.323404E+000   7.759785E+000   7.754609E+000   5.176310E-003
    8901      21     1.340000     1.420000   1.012492E+001   3.042443E+000   1.011688E+001   3.035063E+000   7.082478E+000   7.081815E+000   6.629661E-004
    8901      22     1.420000     1.460000   4.444646E+000   1.229021E+000   4.295807E+000   1.288742E+000   3.215624E+000   3.007065E+000   2.085595E-001
    8901      23     1.460000     1.490000   3.316959E+000   9.942152E-001   3.312595E+000   9.937785E-001   2.322744E+000   2.318817E+000   3.927185E-003
    8901      24     1.490000     1.520000   3.416012E+000   1.025628E+000   3.413714E+000   1.024114E+000   2.390384E+000   2.389600E+000   7.839305E-004
    8901      25     1.520000     1.680000   2.089115E+001   6.135906E+000   2.069906E+001   6.209718E+000   1.475524E+001   1.448934E+001   2.659013E-001
    8901      26     1.680000     1.740000   7.400301E+000   2.221619E+000   7.397811E+000   2.219343E+000   5.178682E+000   5.178468E+000   2.141279E-004
    8901      27     1.740000     1.820000   6.859941E+000   2.059249E+000   6.858032E+000   2.057410E+000   4.800692E+000   4.800622E+000   7.022083E-005
    8901      28     1.820000     1.940000   7.844991E+000   2.348222E+000   7.836010E+000   2.350803E+000   5.496769E+000   5.485207E+000   1.156246E-002
    8901      29     1.940000     2.200000   1.524385E+001   3.579725E+000   1.325387E+001   3.976162E+000   1.166413E+001   9.277711E+000   2.386414E+000
    8901      30     2.200000     2.300000   5.897529E+000   1.769634E+000   5.896834E+000   1.769050E+000   4.127895E+000   4.127784E+000   1.109911E-004
    8901      31     2.300000     2.450000   6.412228E+000   1.924052E+000   6.411672E+000   1.923502E+000   4.488176E+000   4.488170E+000   5.988610E-006
    8901      32     2.450000     2.550000   2.808749E+000   8.425144E-001   2.808279E+000   8.424836E-001   1.966235E+000   1.965795E+000   4.398135E-004
    8901      33     2.550000     2.650000   2.466453E+000   7.359332E-001   2.461729E+000   7.385187E-001   1.730520E+000   1.723210E+000   7.309922E-003
    8901      34     2.650000     2.900000   5.107089E+000   3.890637E-001   1.772911E+000   5.318733E-001   4.718025E+000   1.241038E+000   3.476988E+000
    8901      35     2.900000     3.200000   4.829501E+000   1.441190E+000   4.820547E+000   1.446164E+000   3.388311E+000   3.374383E+000   1.392736E-002
    8901      36     3.200000     3.500000   4.479548E+000   1.343915E+000   4.479431E+000   1.343829E+000   3.135633E+000   3.135602E+000   3.101387E-005
    8901      37     3.500000     3.900000   5.317470E+000   1.592363E+000   5.314112E+000   1.594234E+000   3.725107E+000   3.719878E+000   5.228820E-003
    8901      38     3.900000     5.500000   8.889375E+000   1.783556E+000   6.407617E+000   1.922285E+000   7.105819E+000   4.485332E+000   2.620487E+000
    8901      39     5.500000     6.500000   2.171822E+000   6.515470E-001   2.171814E+000   6.515441E-001   1.520275E+000   1.520270E+000   5.084408E-006
    8901      40     6.500000     7.000000   6.459457E-001   1.937836E-001   6.459441E-001   1.937832E-001   4.521621E-001   4.521609E-001   1.243574E-006
    8901      41     7.000000     9.000000   1.525571E+000   4.557286E-001   1.523400E+000   4.570200E-001   1.069842E+000   1.066380E+000   3.462592E-003
    8901      42     9.000000    20.000000   1.633159E+000   3.870757E-001   1.341865E+000   4.025594E-001   1.246083E+000   9.393053E-001   3.067779E-001
    9001       1     0.200000     0.300000   5.582456E-006   2.938599E-006   3.776939E-006   1.133082E-006   2.643857E-006   2.643857E-006  -4.911299E-015
    9001       2     0.300000     0.345000   2.557270E-003   1.160959E-003   1.994730E-003   5.984189E-004   1.396311E-003   1.396311E-003   9.565853E-013
    9001       3     0.345000     0.385000   2.512764E-003   1.006153E-003   2.152302E-003   6.456906E-004   1.506611E-003   1.506611E-003  -5.730525E-013
    9001       4     0.385000     0.420000   1.293223E-002   4.781073E-003   1.164451E-002   3.493352E-003   8.151155E-003   8.151155E-003   3.882183E-012
    9001       5     0.420000     0.450000   2.349464E-002   8.255229E-003   2.177059E-002   6.531176E-003   1.523941E-002   1.523941E-002  -2.374491E-012
    9001       6     0.450000     0.500000   1.310848E-001   4.421893E-002   1.240940E-001   3.722821E-002   8.686582E-002   8.686582E-002  -2.241328E-011
    9001       7     0.500000     0.550000   1.748537E-001   5.680007E-002   1.686481E-001   5.059442E-002   1.180536E-001   1.180536E-001  -3.351869E-011
    9001       8     0.550000     0.610000   2.295775E-001   7.279690E-002   2.239723E-001   6.719170E-002   1.567806E-001   1.567806E-001  -6.438516E-012
    9001       9     0.610000     0.690000   5.693172E-001   1.769141E-001   5.605758E-001   1.681727E-001   3.924031E-001   3.924031E-001  -1.414620E-010
    9001      10     0.690000     0.780000   2.472789E+000   7.577010E-001   2.450126E+000   7.350378E-001   1.715088E+000   1.715088E+000  -7.727197E-011
    9001      11     0.780000     0.800000   1.063069E+000   3.241398E-001   1.055609E+000   3.166826E-001   7.389296E-001   7.389261E-001   3.472534E-006
    9001      12     0.800000     0.870000   5.878988E+000   1.787489E+000   5.844998E+000   1.753499E+000   4.091499E+000   4.091499E+000   5.784444E-007
    9001      13     0.870000     0.880000   8.736691E-001   2.649443E-001   8.695961E-001   2.608788E-001   6.087248E-001   6.087173E-001   7.495521E-006
    9001      14     0.880000     1.030000   2.249240E+001   6.799491E+000   2.241845E+001   6.725534E+000   1.569291E+001   1.569291E+001   2.803429E-007
    9001      15     1.030000     1.080000   9.248799E+000   2.788382E+000   9.227951E+000   2.768385E+000   6.460417E+000   6.459566E+000   8.512672E-004
    9001      16     1.080000     1.140000   1.173685E+001   3.535822E+000   1.171566E+001   3.514699E+000   8.201028E+000   8.200964E+000   6.412416E-005
    9001      17     1.140000     1.200000   1.143670E+001   3.442659E+000   1.142004E+001   3.426012E+000   7.994037E+000   7.994027E+000   1.048613E-005
    9001      18     1.200000     1.240000   8.097833E+000   2.419677E+000   8.068692E+000   2.420607E+000   5.678156E+000   5.648084E+000   3.007144E-002
    9001      19     1.240000     1.280000   7.733813E+000   2.325878E+000   7.725361E+000   2.317608E+000   5.407935E+000   5.407753E+000   1.822695E-004
    9001      20     1.280000     1.340000   1.109154E+001   3.331758E+000   1.107801E+001   3.323404E+000   7.759785E+000   7.754609E+000   5.176384E-003
    9001      21     1.340000     1.420000   1.012492E+001   3.042443E+000   1.011688E+001   3.035064E+000   7.082478E+000   7.081815E+000   6.628105E-004
    9001      22     1.420000     1.460000   4.444646E+000   1.229025E+000   4.295811E+000   1.288743E+000   3.215621E+000   3.007067E+000   2.085533E-001
    9001      23     1.460000     1.490000   3.316959E+000   9.942153E-001   3.312595E+000   9.937786E-001   2.322744E+000   2.318817E+000   3.926965E-003
    9001      24     1.490000     1.520000   3.416012E+000   1.025628E+000   3.413715E+000   1.024114E+000   2.390384E+000   2.389600E+000   7.837070E-004
    9001      25     1.520000     1.680000   2.089115E+001   6.135912E+000   2.069906E+001   6.209719E+000   1.475524E+001   1.448934E+001   2.658913E-001
    9001      26     1.680000     1.740000   7.400301E+000   2.221619E+000   7.397811E+000   2.219343E+000   5.178682E+000   5.178468E+000   2.140100E-004
    9001      27     1.740000     1.820000   6.859941E+000   2.059249E+000   6.858032E+000   2.057410E+000   4.800692E+000   4.800622E+000   6.957136E-005
    9001      28     1.820000     1.940000   7.844991E+000   2.348227E+000   7.836015E+000   2.350805E+000   5.496764E+000   5.485211E+000   1.155367E-002
    9001      29     1.940000     2.200000   1.524385E+001   3.580133E+000   1.325440E+001   3.976319E+000   1.166372E+001   9.278079E+000   2.385638E+000
    9001      30     2.200000     2.300000   5.897529E+000   1.769634E+000   5.896834E+000   1.769050E+000   4.127895E+000   4.127784E+000   1.108971E-004
    9001      31     2.300000     2.450000   6.412228E+000   1.924052E+000   6.411672E+000   1.923502E+000   4.488176E+000   4.488170E+000   5.984586E-006
    9001      32     2.450000     2.550000   2.808749E+000   8.425155E-001   2.808280E+000   8.424840E-001   1.966234E+000   1.965796E+000   4.378800E-004
    9001      33     2.550000     2.650000   2.466453E+000   7.359389E-001   2.461735E+000   7.385206E-001   1.730514E+000   1.723215E+000   7.299641E-003
    9001      34     2.650000     2.900000   5.107089E+000   3.893811E-001   1.773994E+000   5.321981E-001   4.717708E+000   1.241796E+000   3.475912E+000
    9001      35     2.900000     3.200000   4.829501E+000   1.441200E+000   4.820558E+000   1.446168E+000   3.388301E+000   3.374391E+000   1.391003E-002
    9001      36     3.200000     3.500000   4.479548E+000   1.343915E+000   4.479431E+000   1.343829E+000   3.135633E+000   3.135602E+000   3.091376E-005
    9001      37     3.500000     3.900000   5.317470E+000   1.592363E+000   5.314112E+000   1.594233E+000   3.725108E+000   3.719878E+000   5.229475E-003
    9001      38     3.900000     5.500000   8.889375E+000   1.783686E+000   6.407873E+000   1.922362E+000   7.105689E+000   4.485511E+000   2.620179E+000
    9001      39     5.500000     6.500000   2.171822E+000   6.515470E-001   2.171814E+000   6.515441E-001   1.520275E+000   1.520270E+000   5.070950E-006
    9001      40     6.500000     7.000000   6.459457E-001   1.937836E-001   6.459441E-001   1.937832E-001   4.521621E-001   4.521609E-001   1.240801E-006
    9001      41     7.000000     9.000000   1.525571E+000   4.557286E-001   1.523400E+000   4.570200E-001   1.069842E+000   1.066380E+000   3.462510E-003
    9001      42     9.000000    20.000000   1.633159E+000   3.872046E-001   1.342152E+000   4.026457E-001   1.245954E+000   9.395066E-001   3.064476E-001
    9101       1     0.200000     0.300000   5.582456E-006   2.938599E-006   3.776939E-006   1.133082E-006   2.643857E-006   2.643857E-006  -4.911299E-015
    9101       2     0.300000     0.345000   2.557270E-003   1.160959E-003   1.994730E-003   5.984189E-004   1.396311E-003   1.396311E-003   9.565853E-013
    9101       3     0.345000     0.385000   2.512764E-003   1.006153E-003   2.152302E-003   6.456906E-004   1.506611E-003   1.506611E-003  -5.730525E-013
    9101       4     0.385000     0.420000   1.293223E-002   4.781073E-003   1.164451E-002   3.493352E-003   8.151155E-003   8.151155E-003   2.644170E-012
    9101       5     0.420000     0.450000   2.349464E-002   8.255229E-003   2.177059E-002   6.531176E-003   1.523941E-002   1.523941E-002  -5.130297E-012
    9101       6     0.450000     0.500000   1.310848E-001   4.421893E-002   1.240940E-001   3.722821E-002   8.686582E-002   8.686582E-002  -2.939127E-011
    9101       7     0.500000     0.550000   1.748537E-001   5.680007E-002   1.686481E-001   5.059442E-002   1.180536E-001   1.180536E-001  -1.477496E-011
    9101       8     0.550000     0.610000   2.295775E-001   7.279690E-002   2.239723E-001   6.719170E-002   1.567806E-001   1.567806E-001  -1.679101E-011
    9101       9     0.610000     0.690000   5.693172E-001   1.769141E-001   5.605758E-001   1.681727E-001   3.924031E-001   3.924031E-001  -8.588114E-011
    9101      10     0.690000     0.780000   2.472789E+000   7.577010E-001   2.450126E+000   7.350378E-001   1.715088E+000   1.715088E+000  -8.292811E-011
    9101      11     0.780000     0.800000   1.063069E+000   3.241398E-001   1.055609E+000   3.166826E-001   7.389296E-001   7.389261E-001   3.472504E-006
    9101      12     0.800000     0.870000   5.878988E+000   1.787489E+000   5.844998E+000   1.753499E+000   4.091499E+000   4.091499E+000   5.786105E-007
    9101      13     0.870000     0.880000   8.736691E-001   2.649443E-001   8.695961E-001   2.608788E-001   6.087248E-001   6.087173E-001   7.493354E-006
    9101      14     0.880000     1.030000   2.249240E+001   6.799491E+000   2.241845E+001   6.725534E+000   1.569291E+001   1.569291E+001   2.802062E-007
    9101      15     1.030000     1.080000   9.248799E+000   2.788382E+000   9.227951E+000   2.768385E+000   6.460417E+000   6.459566E+000   8.512628E-004
    9101      16     1.080000     1.140000   1.173685E+001   3.535822E+000   1.171566E+001   3.514699E+000   8.201028E+000   8.200964E+000   6.412246E-005
    9101      17     1.140000     1.200000   1.143670E+001   3.442659E+000   1.142004E+001   3.426012E+000   7.994037E+000   7.994027E+000   1.048697E-005
    9101      18     1.200000     1.240000   8.097833E+000   2.419677E+000   8.068692E+000   2.420607E+000   5.678155E+000   5.648084E+000   3.007126E-002
    9101      19     1.240000     1.280000   7.733813E+000   2.325879E+000   7.725361E+000   2.317608E+000   5.407935E+000   5.407753E+000   1.821653E-004
    9101      20     1.280000     1.340000   1.109154E+001   3.331757E+000   1.107801E+001   3.323404E+000   7.759785E+000   7.754609E+000   5.176458E-003
    9101      21     1.340000     1.420000   1.012492E+001   3.042443E+000   1.011688E+001   3.035064E+000   7.082478E+000   7.081815E+000   6.626570E-004
    9101      22     1.420000     1.460000   4.444646E+000   1.229029E+000   4.295814E+000   1.288744E+000   3.215617E+000   3.007070E+000   2.085472E-001
    9101      23     1.460000     1.490000   3.316959E+000   9.942154E-001   3.312595E+000   9.937786E-001   2.322743E+000   2.318817E+000   3.926749E-003
    9101      24     1.490000     1.520000   3.416012E+000   1.025628E+000   3.413715E+000   1.024114E+000   2.390384E+000   2.389600E+000   7.834864E-004
    9101      25     1.520000     1.680000   2.089115E+001   6.135918E+000   2.069907E+001   6.209721E+000   1.475523E+001   1.448935E+001   2.658814E-001
    9101      26     1.680000     1.740000   7.400301E+000   2.221620E+000   7.397811E+000   2.219343E+000   5.178682E+000   5.178468E+000   2.138938E-004
    9101      27     1.740000     1.820000   6.859941E+000   2.059250E+000   6.858032E+000   2.057410E+000   4.800692E+000   4.800623E+000   6.893053E-005
    9101      28     1.820000     1.940000   7.844991E+000   2.348232E+000   7.836021E+000   2.350806E+000   5.496759E+000   5.485214E+000   1.154500E-002
    9101      29     1.940000     2.200000   1.524385E+001   3.580536E+000   1.325492E+001   3.976475E+000   1.166331E+001   9.278441E+000   2.384873E+000
    9101      30     2.200000     2.300000   5.897529E+000   1.769634E+000   5.896834E+000   1.769050E+000   4.127895E+000   4.127784E+000   1.108043E-004
    9101      31     2.300000     2.450000   6.412228E+000   1.924052E+000   6.411672E+000   1.923502E+000   4.488176E+000   4.488170E+000   5.980616E-006
    9101      32     2.450000     2.550000   2.808749E+000   8.425165E-001   2.808281E+000   8.424843E-001   1.966233E+000   1.965797E+000   4.359729E-004
    9101      33     2.550000     2.650000   2.466453E+000   7.359446E-001   2.461742E+000   7.385225E-001   1.730509E+000   1.723219E+000   7.289499E-003
    9101      34     2.650000     2.900000   5.107089E+000   3.896954E-001   1.775064E+000   5.325193E-001   4.717394E+000   1.242545E+000   3.474849E+000
    9101      35     2.900000     3.200000   4.829501E+000   1.441210E+000   4.820569E+000   1.446171E+000   3.388291E+000   3.374398E+000   1.389293E-002
    9101      36     3.200000     3.500000   4.479548E+000   1.343915E+000   4.479431E+000   1.343829E+000   3.135633E+000   3.135602E+000   3.081501E-005
    9101      37     3.500000     3.900000   5.317470E+000   1.592362E+000   5.314111E+000   1.594233E+000   3.725108E+000   3.719878E+000   5.230122E-003
    9101      38     3.900000     5.500000   8.889375E+000   1.783814E+000   6.408125E+000   1.922437E+000   7.105561E+000   4.485687E+000   2.619874E+000
    9101      39     5.500000     6.500000   2.171822E+000   6.515470E-001   2.171814E+000   6.515441E-001   1.520275E+000   1.520270E+000   5.057668E-006
    9101      40     6.500000     7.000000   6.459457E-001   1.937836E-001   6.459441E-001   1.937832E-001   4.521621E-001   4.521609E-001   1.238066E-006
    9101      41     7.000000     9.000000   1.525571E+000   4.557287E-001   1.523400E+000   4.570200E-001   1.069842E+000   1.066380E+000   3.462430E-003
    9101      42     9.000000    20.000000   1.633159E+000   3.873323E-001   1.342437E+000   4.027312E-001   1.245827E+000   9.397061E-001   3.061205E-001
    9201       1     0.200000     0.300000   5.582456E-006   2.938599E-006   3.776939E-006   1.133082E-006   2.643857E-006   2.643857E-006  -4.911299E-015
    9201       2     0.300000     0.345000   2.557270E-003   1.160959E-003   1.994730E-003   5.984189E-004   1.396311E-003   1.396311E-003   9.565853E-013
    9201       3     0.345000     0.385000   2.512764E-003   1.006153E-003   2.152302E-003   6.456906E-004   1.506611E-003   1.506611E-003  -5.730525E-013
    9201       4     0.385000     0.420000   1.293223E-002   4.781073E-003   1.164451E-002   3.493352E-003   8.151155E-003   8.151155E-003   2.876309E-012
    9201       5     0.420000     0.450000   2.349464E-002   8.255229E-003   2.177059E-002   6.531176E-003   1.523941E-002   1.523941E-002  -7.374592E-012
    9201       6     0.450000     0.500000   1.310848E-001   4.421893E-002   1.240940E-001   3.722821E-002   8.686582E-002   8.686582E-002  -2.300668E-011
    9201       7     0.500000     0.550000   1.748537E-001   5.680007E-002   1.686481E-001   5.059442E-002   1.180536E-001   1.180536E-001  -1.138067E-011
    9201       8     0.550000     0.610000   2.295775E-001   7.279690E-002   2.239723E-001   6.719170E-002   1.567806E-001   1.567806E-001   2.791262E-011
    9201       9     0.610000     0.690000   5.693172E-001   1.769141E-001   5.605758E-001   1.681727E-001   3.924031E-001   3.924031E-001   5.061562E-012
    9201      10     0.690000     0.780000   2.472789E+000   7.577010E-001   2.450126E+000   7.350378E-001   1.715088E+000   1.715088E+000   2.911560E-011
    9201      11     0.780000     0.800000   1.063069E+000   3.241398E-001   1.055609E+000   3.166826E-001   7.389296E-001   7.389261E-001   3.472474E-006
    9201      12     0.800000     0.870000   5.878988E+000   1.787489E+000   5.844998E+000   1.753499E+000   4.091499E+000   4.091499E+000   5.787743E-007
    9201      13     0.870000     0.880000   8.736691E-001   2.649443E-001   8.695961E-001   2.608788E-001   6.087248E-001   6.087173E-001   7.491226E-006
    9201      14     0.880000     1.030000   2.249240E+001   6.799491E+000   2.241845E+001   6.725534E+000   1.569291E+001   1.569291E+001   2.800730E-007
    9201      15     1.030000     1.080000   9.248799E+000   2.788382E+000   9.227951E+000   2.768385E+000   6.460417E+000   6.459566E+000   8.512585E-004
    9201      16     1.080000     1.140000   1.173685E+001   3.535822E+000   1.171566E+001   3.514699E+000   8.201028E+000   8.200964E+000   6.412083E-005
    9201      17     1.140000     1.200000   1.143670E+001   3.442659E+000   1.142004E+001   3.426012E+000   7.994037E+000   7.994027E+000   1.048782E-005
    9201      18     1.200000     1.240000   8.097833E+000   2.419677E+000   8.068692E+000   2.420608E+000   5.678155E+000   5.648084E+000   3.007108E-002
    9201      19     1.240000     1.280000   7.733813E+000   2.325879E+000   7.725361E+000   2.317608E+000   5.407935E+000   5.407753E+000   1.820629E-004
    9201      20     1.280000     1.340000   1.109154E+001   3.331757E+000   1.107801E+001   3.323404E+000   7.759785E+000   7.754609E+000   5.176530E-003
    9201      21     1.340000     1.420000   1.012492E+001   3.042443E+000   1.011688E+001   3.035064E+000   7.082477E+000   7.081815E+000   6.625063E-004
    9201      22     1.420000     1.460000   4.444646E+000   1.229032E+000   4.295817E+000   1.288745E+000   3.215613E+000   3.007072E+000   2.085412E-001
    9201      23     1.460000     1.490000   3.316959E+000   9.942155E-001   3.312595E+000   9.937786E-001   2.322743E+000   2.318817E+000   3.926535E-003
    9201      24     1.490000     1.520000   3.416012E+000   1.025628E+000   3.413715E+000   1.024114E+000   2.390384E+000   2.389600E+000   7.832701E-004
    9201      25     1.520000     1.680000   2.089115E+001   6.135924E+000   2.069908E+001   6.209723E+000   1.475522E+001   1.448935E+001   2.658717E-001
    9201      26     1.680000     1.740000   7.400301E+000   2.221620E+000   7.397811E+000   2.219343E+000   5.178682E+000   5.178468E+000   2.137798E-004
    9201      27     1.740000     1.820000   6.859941E+000   2.059250E+000   6.858033E+000   2.057410E+000   4.800691E+000   4.800623E+000   6.830441E-005
    9201      28     1.820000     1.940000   7.844991E+000   2.348237E+000   7.836026E+000   2.350808E+000   5.496755E+000   5.485218E+000   1.153653E-002
    9201      29     1.940000     2.200000   1.524385E+001   3.580933E+000   1.325543E+001   3.976628E+000   1.166292E+001   9.278798E+000   2.384119E+000
    9201      30     2.200000     2.300000   5.897529E+000   1.769634E+000   5.896834E+000   1.769050E+000   4.127895E+000   4.127784E+000   1.107131E-004
    9201      31     2.300000     2.450000   6.412228E+000   1.924052E+000   6.411672E+000   1.923502E+000   4.488176E+000   4.488170E+000   5.976719E-006
    9201      32     2.450000     2.550000   2.808749E+000   8.425176E-001   2.808282E+000   8.424847E-001   1.966232E+000   1.965798E+000   4.341003E-004
    9201      33     2.550000     2.650000   2.466453E+000   7.359501E-001   2.461748E+000   7.385244E-001   1.730503E+000   1.723224E+000   7.279684E-003
    9201      34     2.650000     2.900000   5.107089E+000   3.900049E-001   1.776116E+000   5.328349E-001   4.717084E+000   1.243281E+000   3.473803E+000
    9201      35     2.900000     3.200000   4.829501E+000   1.441219E+000   4.820580E+000   1.446174E+000   3.388282E+000   3.374406E+000   1.387611E-002
    9201      36     3.200000     3.500000   4.479548E+000   1.343915E+000   4.479432E+000   1.343829E+000   3.135633E+000   3.135602E+000   3.071820E-005
    9201      37     3.500000     3.900000   5.317470E+000   1.592362E+000   5.314111E+000   1.594233E+000   3.725108E+000   3.719878E+000   5.230763E-003
    9201      38     3.900000     5.500000   8.889375E+000   1.783939E+000   6.408372E+000   1.922512E+000   7.105436E+000   4.485860E+000   2.619576E+000
    9201      39     5.500000     6.500000   2.171822E+000   6.515470E-001   2.171814E+000   6.515441E-001   1.520275E+000   1.520270E+000   5.044725E-006
    9201      40     6.500000     7.000000   6.459457E-001   1.937836E-001   6.459441E-001   1.937832E-001   4.521621E-001   4.521609E-001   1.235390E-006
    9201      41     7.000000     9.000000   1.525571E+000   4.557287E-001   1.523400E+000   4.570200E-001   1.069842E+000   1.066380E+000   3.462350E-003
    9201      42     9.000000    20.000000   1.633159E+000   3.874576E-001   1.342718E+000   4.028153E-001   1.245701E+000   9.399023E-001   3.057991E-001
    9301       1     0.200000     0.300000   5.582456E-006   2.938599E-006   3.776939E-006   1.133082E-006   2.643857E-006   2.643857E-006  -4.911299E-015
    9301       2     0.300000     0.345000   2.557270E-003   1.160959E-003   1.994730E-003   5.984189E-004   1.396311E-003   1.396311E-003   9.565853E-013
    9301       3     0.345000     0.385000   2.512764E-003   1.006153E-003   2.152302E-003   6.456906E-004   1.506611E-003   1.506611E-003  -5.730525E-013
    9301       4     0.385000     0.420000   1.293223E-002   4.781073E-003   1.164451E-002   3.493352E-003   8.151155E-003   8.151155E-003   1.821205E-012
    9301       5     0.420000     0.450000   2.349464E-002   8.255229E-003   2.177059E-002   6.531176E-003   1.523941E-002   1.523941E-002   2.257861E-012
    9301       6     0.450000     0.500000   1.310848E-001   4.421893E-002   1.240940E-001   3.722821E-002   8.686582E-002   8.686582E-002  -2.176796E-011
    9301       7     0.500000     0.550000   1.748537E-001   5.680007E-002   1.686481E-001   5.059442E-002   1.180536E-001   1.180536E-001  -6.331505E-012
    9301       8     0.550000     0.610000   2.295775E-001   7.279690E-002   2.239723E-001   6.719170E-002   1.567806E-001   1.567806E-001   2.857481E-011
    9301       9     0.610000     0.690000   5.693172E-001   1.769141E-001   5.605758E-001   1.681727E-001   3.924031E-001   3.924031E-001   3.127987E-011
    9301      10     0.690000     0.780000   2.472789E+000   7.577010E-001   2.450126E+000   7.350378E-001   1.715088E+000   1.715088E+000   2.298739E-011
    9301      11     0.780000     0.800000   1.063069E+000   3.241398E-001   1.055609E+000   3.166826E-001   7.389296E-001   7.389261E-001   3.472443E-006
    9301      12     0.800000     0.870000   5.878988E+000   1.787489E+000   5.844998E+000   1.753499E+000   4.091499E+000   4.091499E+000   5.789363E-007
    9301      13     0.870000     0.880000   8.736691E-001   2.649443E-001   8.695961E-001   2.608788E-001   6.087248E-001   6.087173E-001   7.489133E-006
    9301      14     0.880000     1.030000   2.249240E+001   6.799491E+000   2.241845E+001   6.725534E+000   1.569291E+001   1.569291E+001   2.799433E-007
    9301      15     1.030000     1.080000   9.248799E+000   2.788382E+000   9.227951E+000   2.768385E+000   6.460417E+000   6.459566E+000   8.512542E-004
    9301      16     1.080000     1.140000   1.173685E+001   3.535822E+000   1.171566E+001   3.514699E+000   8.201028E+000   8.200964E+000   6.411924E-005
    9301      17     1.140000     1.200000   1.143670E+001   3.442659E+000   1.142004E+001   3.426012E+000   7.994037E+000   7.994027E+000   1.048868E-005
    9301      18     1.200000     1.240000   8.097833E+000   2.419678E+000   8.068692E+000   2.420608E+000   5.678155E+000   5.648084E+000   3.007091E-002
    9301      19     1.240000     1.280000   7.733813E+000   2.325879E+000   7.725361E+000   2.317608E+000   5.407935E+000   5.407753E+000   1.819622E-004
    9301      20     1.280000     1.340000   1.109154E+001   3.331757E+000   1.107801E+001   3.323404E+000   7.759785E+000   7.754609E+000   5.176601E-003
    9301      21     1.340000     1.420000   1.012492E+001   3.042444E+000   1.011688E+001   3.035064E+000   7.082477E+000   7.081815E+000   6.623581E-004
    9301      22     1.420000     1.460000   4.444646E+000   1.229036E+000   4.295821E+000   1.288746E+000   3.215610E+000   3.007075E+000   2.085354E-001
    9301      23     1.460000     1.490000   3.316959E+000   9.942156E-001   3.312596E+000   9.937787E-001   2.322743E+000   2.318817E+000   3.926326E-003
    9301      24     1.490000     1.520000   3.416012E+000   1.025628E+000   3.413715E+000   1.024114E+000   2.390384E+000   2.389600E+000   7.830577E-004
    9301      25     1.520000     1.680000   2.089115E+001   6.135930E+000   2.069908E+001   6.209724E+000   1.475522E+001   1.448936E+001   2.658621E-001
    9301      26     1.680000     1.740000   7.400301E+000   2.221620E+000   7.397812E+000   2.219343E+000   5.178682E+000   5.178468E+000   2.136679E-004
    9301      27     1.740000     1.820000   6.859941E+000   2.059250E+000   6.858033E+000   2.057410E+000   4.800691E+000   4.800623E+000   6.769165E-005
    9301      28     1.820000     1.940000   7.844991E+000   2.348241E+000   7.836031E+000   2.350809E+000   5.496750E+000   5.485222E+000   1.152824E-002
    9301      29     1.940000     2.200000   1.524385E+001   3.581325E+000   1.325593E+001   3.976778E+000   1.166253E+001   9.279150E+000   2.383375E+000
    9301      30     2.200000     2.300000   5.897529E+000   1.769634E+000   5.896834E+000   1.769050E+000   4.127895E+000   4.127784E+000   1.106233E-004
    9301      31     2.300000     2.450000   6.412228E+000   1.924052E+000   6.411672E+000   1.923502E+000   4.488176E+000   4.488170E+000   5.972888E-006
    9301      32     2.450000     2.550000   2.808749E+000   8.425186E-001   2.808283E+000   8.424850E-001   1.966231E+000   1.965798E+000   4.322601E-004
    9301      33     2.550000     2.650000   2.466453E+000   7.359555E-001   2.461754E+000   7.385262E-001   1.730498E+000   1.723228E+000   7.270157E-003
    9301      34     2.650000     2.900000   5.107089E+000   3.903100E-001   1.777152E+000   5.331455E-001   4.716779E+000   1.244006E+000   3.472773E+000
    9301      35     2.900000     3.200000   4.829501E+000   1.441228E+000   4.820590E+000   1.446177E+000   3.388273E+000   3.374413E+000   1.385955E-002
    9301      36     3.200000     3.500000   4.479548E+000   1.343915E+000   4.479432E+000   1.343829E+000   3.135633E+000   3.135602E+000   3.062320E-005
    9301      37     3.500000     3.900000   5.317470E+000   1.592362E+000   5.314110E+000   1.594233E+000   3.725109E+000   3.719877E+000   5.231399E-003
    9301      38     3.900000     5.500000   8.889375E+000   1.784062E+000   6.408614E+000   1.922584E+000   7.105313E+000   4.486030E+000   2.619283E+000
    9301      39     5.500000     6.500000   2.171822E+000   6.515470E-001   2.171814E+000   6.515441E-001   1.520275E+000   1.520270E+000   5.032084E-006
    9301      40     6.500000     7.000000   6.459457E-001   1.937836E-001   6.459441E-001   1.937832E-001   4.521621E-001   4.521609E-001   1.232772E-006
    9301      41     7.000000     9.000000   1.525571E+000   4.557288E-001   1.523400E+000   4.570200E-001   1.069842E+000   1.066380E+000   3.462271E-003
    9301      42     9.000000    20.000000   1.633159E+000   3.875807E-001   1.342994E+000   4.028981E-001   1.245578E+000   9.400955E-001   3.054827E-001
    9401       1     0.200000     0.300000   5.582456E-006   2.938599E-006   3.776939E-006   1.133082E-006   2.643857E-006   2.643857E-006  -4.911299E-015
    9401       2     0.300000     0.345000   2.557270E-003   1.160959E-003   1.994730E-003   5.984189E-004   1.396311E-003   1.396311E-003   9.565853E-013
    9401       3     0.345000     0.385000   2.512764E-003   1.006153E-003   2.152302E-003   6.456906E-004   1.506611E-003   1.506611E-003  -5.730525E-013
    9401       4     0.385000     0.420000   1.293223E-002   4.781073E-003   1.164451E-002   3.493352E-003   8.151155E-003   8.151155E-003   2.900300E-012
    9401       5     0.420000     0.450000   2.349464E-002   8.255229E-003   2.177059E-002   6.531176E-003   1.523941E-002   1.523941E-002   2.445301E-013
    9401       6     0.450000     0.500000   1.310848E-001   4.421893E-002   1.240940E-001   3.722821E-002   8.686582E-002   8.686582E-002  -2.852328E-011
    9401       7     0.500000     0.550000   1.748537E-001   5.680007E-002   1.686481E-001   5.059442E-002   1.180536E-001   1.180536E-001  -1.858627E-011
    9401       8     0.550000     0.610000   2.295775E-001   7.279690E-002   2.239723E-001   6.719170E-002   1.567806E-001   1.567806E-001  -2.676948E-011
    9401       9     0.610000     0.690000   5.693172E-001   1.769141E-001   5.605758E-001   1.681727E-001   3.924031E-001   3.924031E-001   4.207024E-011
    9401      10     0.690000     0.780000   2.472789E+000   7.577010E-001   2.450126E+000   7.350378E-001   1.715088E+000   1.715088E+000   1.597507E-010
    9401      11     0.780000     0.800000   1.063069E+000   3.241398E-001   1.055609E+000   3.166826E-001   7.389296E-001   7.389261E-001   3.472413E-006
    9401      12     0.800000     0.870000   5.878988E+000   1.787489E+000   5.844998E+000   1.753499E+000   4.091499E+000   4.091499E+000   5.790964E-007
    9401      13     0.870000     0.880000   8.736691E-001   2.649443E-001   8.695961E-001   2.608788E-001   6.087248E-001   6.087173E-001   7.487069E-006
    9401      14     0.880000     1.030000   2.249240E+001   6.799491E+000   2.241845E+001   6.725534E+000   1.569291E+001   1.569291E+001   2.798159E-007
    9401      15     1.030000     1.080000   9.248799E+000   2.788382E+000   9.227951E+000   2.768385E+000   6.460417E+000   6.459566E+000   8.512500E-004
    9401      16     1.080000     1.140000   1.173685E+001   3.535822E+000   1.171566E+001   3.514699E+000   8.201028E+000   8.200964E+000   6.411768E-005
    9401      17     1.140000     1.200000   1.143670E+001   3.442659E+000   1.142004E+001   3.426012E+000   7.994037E+000   7.994027E+000   1.048954E-005
    9401      18     1.200000     1.240000   8.097833E+000   2.419678E+000   8.068692E+000   2.420608E+000   5.678155E+000   5.648084E+000   3.007074E-002
    9401      19     1.240000     1.280000   7.733813E+000   2.325879E+000   7.725361E+000   2.317608E+000   5.407935E+000   5.407753E+000   1.818630E-004
    9401      20     1.280000     1.340000   1.109154E+001   3.331757E+000   1.107801E+001   3.323404E+000   7.759785E+000   7.754609E+000   5.176670E-003
    9401      21     1.340000     1.420000   1.012492E+001   3.042444E+000   1.011688E+001   3.035064E+000   7.082477E+000   7.081815E+000   6.622119E-004
    9401      22     1.420000     1.460000   4.444646E+000   1.229039E+000   4.295824E+000   1.288747E+000   3.215606E+000   3.007077E+000   2.085296E-001
    9401      23     1.460000     1.490000   3.316959E+000   9.942158E-001   3.312596E+000   9.937787E-001   2.322743E+000   2.318817E+000   3.926119E-003
    9401      24     1.490000     1.520000   3.416012E+000   1.025628E+000   3.413715E+000   1.024115E+000   2.390383E+000   2.389601E+000   7.828481E-004
    9401      25     1.520000     1.680000   2.089115E+001   6.135936E+000   2.069909E+001   6.209726E+000   1.475521E+001   1.448936E+001   2.658527E-001
    9401      26     1.680000     1.740000   7.400301E+000   2.221620E+000   7.397812E+000   2.219343E+000   5.178682E+000   5.178468E+000   2.135575E-004
    9401      27     1.740000     1.820000   6.859941E+000   2.059251E+000   6.858034E+000   2.057410E+000   4.800691E+000   4.800624E+000   6.708679E-005
    9401      28     1.820000     1.940000   7.844991E+000   2.348246E+000   7.836036E+000   2.350811E+000   5.496745E+000   5.485225E+000   1.152005E-002
    9401      29     1.940000     2.200000   1.524385E+001   3.581712E+000   1.325642E+001   3.976927E+000   1.166214E+001   9.279497E+000   2.382642E+000
    9401      30     2.200000     2.300000   5.897529E+000   1.769634E+000   5.896834E+000   1.769050E+000   4.127895E+000   4.127784E+000   1.105346E-004
    9401      31     2.300000     2.450000   6.412228E+000   1.924052E+000   6.411672E+000   1.923502E+000   4.488176E+000   4.488170E+000   5.969108E-006
    9401      32     2.450000     2.550000   2.808749E+000   8.425197E-001   2.808285E+000   8.424854E-001   1.966230E+000   1.965799E+000   4.304443E-004
    9401      33     2.550000     2.650000   2.466453E+000   7.359607E-001   2.461760E+000   7.385279E-001   1.730493E+000   1.723232E+000   7.260755E-003
    9401      34     2.650000     2.900000   5.107089E+000   3.906124E-001   1.778175E+000   5.334526E-001   4.716477E+000   1.244723E+000   3.471754E+000
    9401      35     2.900000     3.200000   4.829501E+000   1.441237E+000   4.820601E+000   1.446180E+000   3.388264E+000   3.374421E+000   1.384321E-002
    9401      36     3.200000     3.500000   4.479548E+000   1.343915E+000   4.479432E+000   1.343830E+000   3.135633E+000   3.135602E+000   3.052945E-005
    9401      37     3.500000     3.900000   5.317470E+000   1.592361E+000   5.314110E+000   1.594233E+000   3.725109E+000   3.719877E+000   5.232027E-003
    9401      38     3.900000     5.500000   8.889375E+000   1.784184E+000   6.408854E+000   1.922656E+000   7.105191E+000   4.486198E+000   2.618993E+000
    9401      39     5.500000     6.500000   2.171822E+000   6.515470E-001   2.171814E+000   6.515441E-001   1.520275E+000   1.520270E+000   5.019604E-006
    9401      40     6.500000     7.000000   6.459457E-001   1.937836E-001   6.459441E-001   1.937832E-001   4.521621E-001   4.521609E-001   1.230189E-006
    9401      41     7.000000     9.000000   1.525571E+000   4.557288E-001   1.523400E+000   4.570200E-001   1.069842E+000   1.066380E+000   3.462193E-003
    9401      42     9.000000    20.000000   1.633159E+000   3.877025E-001   1.343267E+000   4.029802E-001   1.245456E+000   9.402870E-001   3.051694E-001
    9501       1     0.200000     0.300000   5.582456E-006   2.938599E-006   3.776939E-006   1.133082E-006   2.643857E-006   2.643857E-006  -4.911299E-015
    9501       2     0.300000     0.345000   2.557270E-003   1.160959E-003   1.994730E-003   5.984189E-004   1.396311E-003   1.396311E-003   9.565853E-013
    9501       3     0.345000     0.385000   2.512764E-003   1.006153E-003   2.152302E-003   6.456906E-004   1.506611E-003   1.506611E-003  -5.730525E-013
    9501       4     0.385000     0.420000   1.293223E-002   4.781073E-003   1.164451E-002   3.493352E-003   8.151155E-003   8.151155E-003   1.161505E-012
    9501       5     0.420000     0.450000   2.349464E-002   8.255229E-003   2.177059E-002   6.531176E-003   1.523941E-002   1.523941E-002   1.726050E-014
    9501       6     0.450000     0.500000   1.310848E-001   4.421893E-002   1.240940E-001   3.722821E-002   8.686582E-002   8.686582E-002  -2.851797E-011
    9501       7     0.500000     0.550000   1.748537E-001   5.680007E-002   1.686481E-001   5.059442E-002   1.180536E-001   1.180536E-001  -1.276554E-011
    9501       8     0.550000     0.610000   2.295775E-001   7.279690E-002   2.239723E-001   6.719170E-002   1.567806E-001   1.567806E-001   2.178679E-011
    9501       9     0.610000     0.690000   5.693172E-001   1.769141E-001   5.605758E-001   1.681727E-001   3.924031E-001   3.924031E-001   1.479017E-011
    9501      10     0.690000     0.780000   2.472789E+000   7.577010E-001   2.450126E+000   7.350378E-001   1.715088E+000   1.715088E+000  -6.219802E-011
    9501      11     0.780000     0.800000   1.063069E+000   3.241398E-001   1.055609E+000   3.166826E-001   7.389296E-001   7.389261E-001   3.472382E-006
    9501      12     0.800000     0.870000   5.878988E+000   1.787489E+000   5.844998E+000   1.753499E+000   4.091499E+000   4.091499E+000   5.792539E-007
    9501      13     0.870000     0.880000   8.736691E-001   2.649443E-001   8.695961E-001   2.608788E-001   6.087248E-001   6.087173E-001   7.485043E-006
    9501      14     0.880000     1.030000   2.249240E+001   6.799491E+000   2.241845E+001   6.725534E+000   1.569291E+001   1.569291E+001   2.796912E-007
    9501      15     1.030000     1.080000   9.248799E+000   2.788382E+000   9.227951E+000   2.768385E+000   6.460417E+000   6.459566E+000   8.512457E-004
    9501      16     1.080000     1.140000   1.173685E+001   3.535822E+000   1.171566E+001   3.514699E+000   8.201028E+000   8.200964E+000   6.411619E-005
    9501      17     1.140000     1.200000   1.143670E+001   3.442659E+000   1.142004E+001   3.426012E+000   7.994037E+000   7.994027E+000   1.049042E-005
    9501      18     1.200000     1.240000   8.097833E+000   2.419678E+000   8.068692E+000   2.420608E+000   5.678155E+000   5.648084E+000   3.007057E-002
    9501      19     1.240000     1.280000   7.733813E+000   2.325879E+000   7.725361E+000   2.317608E+000   5.407935E+000   5.407753E+000   1.817656E-004
    9501      20     1.280000     1.340000   1.109154E+001   3.331757E+000   1.107801E+001   3.323404E+000   7.759785E+000   7.754609E+000   5.176739E-003
    9501      21     1.340000     1.420000   1.012492E+001   3.042444E+000   1.011688E+001   3.035064E+000   7.082477E+000   7.081815E+000   6.620685E-004
    9501      22     1.420000     1.460000   4.444646E+000   1.229043E+000   4.295827E+000   1.288748E+000   3.215603E+000   3.007079E+000   2.085240E-001
    9501      23     1.460000     1.490000   3.316959E+000   9.942159E-001   3.312596E+000   9.937788E-001   2.322743E+000   2.318817E+000   3.925916E-003
    9501      24     1.490000     1.520000   3.416012E+000   1.025628E+000   3.413715E+000   1.024115E+000   2.390383E+000   2.389601E+000   7.826430E-004
    9501      25     1.520000     1.680000   2.089115E+001   6.135941E+000   2.069909E+001   6.209727E+000   1.475521E+001   1.448936E+001   2.658435E-001
    9501      26     1.680000     1.740000   7.400301E+000   2.221620E+000   7.397812E+000   2.219343E+000   5.178682E+000   5.178468E+000   2.134494E-004
    9501      27     1.740000     1.820000   6.859941E+000   2.059251E+000   6.858034E+000   2.057410E+000   4.800690E+000   4.800624E+000   6.649835E-005
    9501      28     1.820000     1.940000   7.844991E+000   2.348250E+000   7.836041E+000   2.350812E+000   5.496741E+000   5.485229E+000   1.151209E-002
    9501      29     1.940000     2.200000   1.524385E+001   3.582093E+000   1.325691E+001   3.977074E+000   1.166176E+001   9.279838E+000   2.381919E+000
    9501      30     2.200000     2.300000   5.897529E+000   1.769634E+000   5.896835E+000   1.769050E+000   4.127895E+000   4.127784E+000   1.104475E-004
    9501      31     2.300000     2.450000   6.412228E+000   1.924052E+000   6.411672E+000   1.923502E+000   4.488176E+000   4.488170E+000   5.965404E-006
    9501      32     2.450000     2.550000   2.808749E+000   8.425207E-001   2.808286E+000   8.424857E-001   1.966229E+000   1.965800E+000   4.286645E-004
    9501      33     2.550000     2.650000   2.466453E+000   7.359658E-001   2.461765E+000   7.385296E-001   1.730488E+000   1.723236E+000   7.251740E-003
    9501      34     2.650000     2.900000   5.107089E+000   3.909093E-001   1.779179E+000   5.337538E-001   4.716180E+000   1.245425E+000   3.470754E+000
    9501      35     2.900000     3.200000   4.829501E+000   1.441246E+000   4.820611E+000   1.446183E+000   3.388255E+000   3.374428E+000   1.382714E-002
    9501      36     3.200000     3.500000   4.479548E+000   1.343915E+000   4.479432E+000   1.343830E+000   3.135633E+000   3.135602E+000   3.043779E-005
    9501      37     3.500000     3.900000   5.317470E+000   1.592361E+000   5.314110E+000   1.594233E+000   3.725109E+000   3.719877E+000   5.232652E-003
    9501      38     3.900000     5.500000   8.889375E+000   1.784303E+000   6.409088E+000   1.922726E+000   7.105072E+000   4.486362E+000   2.618710E+000
    9501      39     5.500000     6.500000   2.171822E+000   6.515470E-001   2.171814E+000   6.515441E-001   1.520275E+000   1.520270E+000   5.007511E-006
    9501      40     6.500000     7.000000   6.459457E-001   1.937836E-001   6.459441E-001   1.937832E-001   4.521621E-001   4.521609E-001   1.227671E-006
    9501      41     7.000000     9.000000   1.525571E+000   4.557288E-001   1.523400E+000   4.570200E-001   1.069842E+000   1.066380E+000   3.462116E-003
    9501      42     9.000000    20.000000   1.633159E+000   3.878216E-001   1.343536E+000   4.030607E-001   1.245337E+000   9.404749E-001   3.048624E-001
    9601       1     0.200000     0.300000   5.582456E-006   2.938599E-006   3.776939E-006   1.133082E-006   2.643857E-006   2.643857E-006  -4.911299E-015
    9601       2     0.300000     0.345000   2.557270E-003   1.160959E-003   1.994730E-003   5.984189E-004   1.396311E-003   1.396311E-003   9.565853E-013
    9601       3     0.345000     0.385000   2.512764E-003   1.006153E-003   2.152302E-003   6.456906E-004   1.506611E-003   1.506611E-003  -5.730525E-013
    9601       4     0.385000     0.420000   1.293223E-002   4.781073E-003   1.164451E-002   3.493352E-003   8.151155E-003   8.151155E-003   1.541964E-012
    9601       5     0.420000     0.450000   2.349464E-002   8.255229E-003   2.177059E-002   6.531176E-003   1.523941E-002   1.523941E-002  -1.145794E-012
    9601       6     0.450000     0.500000   1.310848E-001   4.421893E-002   1.240940E-001   3.722821E-002   8.686582E-002   8.686582E-002  -3.869427E-011
    9601       7     0.500000     0.550000   1.748537E-001   5.680007E-002   1.686481E-001   5.059442E-002   1.180536E-001   1.180536E-001  -9.423712E-012
    9601       8     0.550000     0.610000   2.295775E-001   7.279690E-002   2.239723E-001   6.719170E-002   1.567806E-001   1.567806E-001   2.538159E-011
    9601       9     0.610000     0.690000   5.693172E-001   1.769141E-001   5.605758E-001   1.681727E-001   3.924031E-001   3.924031E-001  -9.601209E-013
    9601      10     0.690000     0.780000   2.472789E+000   7.577010E-001   2.450126E+000   7.350378E-001   1.715088E+000   1.715088E+000   4.876943E-011
    9601      11     0.780000     0.800000   1.063069E+000   3.241398E-001   1.055609E+000   3.166826E-001   7.389296E-001   7.389261E-001   3.472352E-006
    9601      12     0.800000     0.870000   5.878988E+000   1.787489E+000   5.844998E+000   1.753499E+000   4.091499E+000   4.091499E+000   5.794099E-007
    9601      13     0.870000     0.880000   8.736691E-001   2.649443E-001   8.695961E-001   2.608788E-001   6.087248E-001   6.087173E-001   7.483047E-006
    9601      14     0.880000     1.030000   2.249240E+001   6.799491E+000   2.241845E+001   6.725534E+000   1.569291E+001   1.569291E+001   2.795683E-007
    9601      15     1.030000     1.080000   9.248799E+000   2.788382E+000   9.227951E+000   2.768385E+000   6.460417E+000   6.459566E+000   8.512416E-004
    9601      16     1.080000     1.140000   1.173685E+001   3.535822E+000   1.171566E+001   3.514699E+000   8.201028E+000   8.200964E+000   6.411473E-005
    9601      17     1.140000     1.200000   1.143670E+001   3.442659E+000   1.142004E+001   3.426012E+000   7.994037E+000   7.994027E+000   1.049130E-005
    9601      18     1.200000     1.240000   8.097833E+000   2.419678E+000   8.068692E+000   2.420608E+000   5.678155E+000   5.648085E+000   3.007040E-002
    9601      19     1.240000     1.280000   7.733813E+000   2.325879E+000   7.725361E+000   2.317608E+000   5.407935E+000   5.407753E+000   1.816697E-004
    9601      20     1.280000     1.340000   1.109154E+001   3.331757E+000   1.107801E+001   3.323404E+000   7.759785E+000   7.754609E+000   5.176807E-003
    9601      21     1.340000     1.420000   1.012492E+001   3.042444E+000   1.011688E+001   3.035064E+000   7.082477E+000   7.081815E+000   6.619272E-004
    9601      22     1.420000     1.460000   4.444646E+000   1.229046E+000   4.295830E+000   1.288749E+000   3.215600E+000   3.007081E+000   2.085184E-001
    9601      23     1.460000     1.490000   3.316959E+000   9.942160E-001   3.312596E+000   9.937788E-001   2.322743E+000   2.318817E+000   3.925715E-003
    9601      24     1.490000     1.520000   3.416012E+000   1.025628E+000   3.413715E+000   1.024115E+000   2.390383E+000   2.389601E+000   7.824410E-004
    9601      25     1.520000     1.680000   2.089115E+001   6.135947E+000   2.069910E+001   6.209729E+000   1.475520E+001   1.448937E+001   2.658345E-001
    9601      26     1.680000     1.740000   7.400301E+000   2.221620E+000   7.397812E+000   2.219344E+000   5.178682E+000   5.178468E+000   2.133430E-004
    9601      27     1.740000     1.820000   6.859941E+000   2.059251E+000   6.858034E+000   2.057410E+000   4.800690E+000   4.800624E+000   6.591964E-005
    9601      28     1.820000     1.940000   7.844991E+000   2.348255E+000   7.836046E+000   2.350814E+000   5.496736E+000   5.485232E+000   1.150425E-002
    9601      29     1.940000     2.200000   1.524385E+001   3.582469E+000   1.325739E+001   3.977218E+000   1.166138E+001   9.280175E+000   2.381205E+000
    9601      30     2.200000     2.300000   5.897529E+000   1.769634E+000   5.896835E+000   1.769050E+000   4.127895E+000   4.127784E+000   1.103616E-004
    9601      31     2.300000     2.450000   6.412228E+000   1.924052E+000   6.411672E+000   1.923502E+000   4.488176E+000   4.488170E+000   5.961754E-006
    9601      32     2.450000     2.550000   2.808749E+000   8.425216E-001   2.808287E+000   8.424860E-001   1.966228E+000   1.965801E+000   4.269113E-004
    9601      33     2.550000     2.650000   2.466453E+000   7.359707E-001   2.461771E+000   7.385313E-001   1.730483E+000   1.723240E+000   7.242912E-003
    9601      34     2.650000     2.900000   5.107089E+000   3.912028E-001   1.780170E+000   5.340510E-001   4.715886E+000   1.246119E+000   3.469767E+000
    9601      35     2.900000     3.200000   4.829501E+000   1.441255E+000   4.820621E+000   1.446186E+000   3.388246E+000   3.374435E+000   1.381130E-002
    9601      36     3.200000     3.500000   4.479548E+000   1.343915E+000   4.479432E+000   1.343830E+000   3.135633E+000   3.135602E+000   3.034754E-005
    9601      37     3.500000     3.900000   5.317470E+000   1.592361E+000   5.314109E+000   1.594233E+000   3.725110E+000   3.719876E+000   5.233270E-003
    9601      38     3.900000     5.500000   8.889375E+000   1.784420E+000   6.409319E+000   1.922796E+000   7.104955E+000   4.486523E+000   2.618432E+000
    9601      39     5.500000     6.500000   2.171822E+000   6.515470E-001   2.171814E+000   6.515441E-001   1.520275E+000   1.520270E+000   4.995626E-006
    9601      40     6.500000     7.000000   6.459457E-001   1.937836E-001   6.459441E-001   1.937832E-001   4.521621E-001   4.521609E-001   1.225194E-006
    9601      41     7.000000     9.000000   1.525571E+000   4.557289E-001   1.523400E+000   4.570201E-001   1.069842E+000   1.066380E+000   3.462040E-003
    9601      42     9.000000    20.000000   1.633159E+000   3.879391E-001   1.343801E+000   4.031402E-001   1.245220E+000   9.406605E-001   3.045592E-001
    9701       1     0.200000     0.300000   5.582456E-006   2.938599E-006   3.776939E-006   1.133082E-006   2.643857E-006   2.643857E-006  -4.911299E-015
    9701       2     0.300000     0.345000   2.557270E-003   1.160959E-003   1.994730E-003   5.984189E-004   1.396311E-003   1.396311E-003   9.565853E-013
    9701       3     0.345000     0.385000   2.512764E-003   1.006153E-003   2.152302E-003   6.456906E-004   1.506611E-003   1.506611E-003  -5.730525E-013
    9701       4     0.385000     0.420000   1.293223E-002   4.781073E-003   1.164451E-002   3.493352E-003   8.151155E-003   8.151155E-003   1.785155E-012
    9701       5     0.420000     0.450000   2.349464E-002   8.255229E-003   2.177059E-002   6.531176E-003   1.523941E-002   1.523941E-002  -1.570613E-012
    9701       6     0.450000     0.500000   1.310848E-001   4.421893E-002   1.240940E-001   3.722821E-002   8.686582E-002   8.686582E-002  -1.895376E-011
    9701       7     0.500000     0.550000   1.748537E-001   5.680007E-002   1.686481E-001   5.059442E-002   1.180536E-001   1.180536E-001  -1.141283E-011
    9701       8     0.550000     0.610000   2.295775E-001   7.279690E-002   2.239723E-001   6.719170E-002   1.567806E-001   1.567806E-001   3.645356E-011
    9701       9     0.610000     0.690000   5.693172E-001   1.769141E-001   5.605758E-001   1.681727E-001   3.924031E-001   3.924031E-001   2.511130E-011
    9701      10     0.690000     0.780000   2.472789E+000   7.577010E-001   2.450126E+000   7.350378E-001   1.715088E+000   1.715088E+000   2.615210E-010
    9701      11     0.780000     0.800000   1.063069E+000   3.241398E-001   1.055609E+000   3.166826E-001   7.389296E-001   7.389261E-001   3.472326E-006
    9701      12     0.800000     0.870000   5.878988E+000   1.787489E+000   5.844998E+000   1.753499E+000   4.091499E+000   4.091499E+000   5.795644E-007
    9701      13     0.870000     0.880000   8.736691E-001   2.649443E-001   8.695961E-001   2.608788E-001   6.087248E-001   6.087173E-001   7.481084E-006
    9701      14     0.880000     1.030000   2.249240E+001   6.799491E+000   2.241845E+001   6.725534E+000   1.569291E+001   1.569291E+001   2.794475E-007
    9701      15     1.030000     1.080000   9.248799E+000   2.788382E+000   9.227951E+000   2.768385E+000   6.460417E+000   6.459566E+000   8.512377E-004
    9701      16     1.080000     1.140000   1.173685E+001   3.535822E+000   1.171566E+001   3.514699E+000   8.201028E+000   8.200964E+000   6.411339E-005
    9701      17     1.140000     1.200000   1.143670E+001   3.442659E+000   1.142004E+001   3.426012E+000   7.994037E+000   7.994027E+000   1.049221E-005
    9701      18     1.200000     1.240000   8.097833E+000   2.419678E+000   8.068692E+000   2.420608E+000   5.678155E+000   5.648085E+000   3.007024E-002
    9701      19     1.240000     1.280000   7.733813E+000   2.325879E+000   7.725361E+000   2.317608E+000   5.407934E+000   5.407753E+000   1.815758E-004
    9701      20     1.280000     1.340000   1.109154E+001   3.331757E+000   1.107801E+001   3.323404E+000   7.759786E+000   7.754609E+000   5.176873E-003
    9701      21     1.340000     1.420000   1.012492E+001   3.042444E+000   1.011688E+001   3.035064E+000   7.082477E+000   7.081815E+000   6.617882E-004
    9701      22     1.420000     1.460000   4.444646E+000   1.229049E+000   4.295833E+000   1.288750E+000   3.215597E+000   3.007083E+000   2.085132E-001
    9701      23     1.460000     1.490000   3.316959E+000   9.942161E-001   3.312596E+000   9.937788E-001   2.322743E+000   2.318817E+000   3.925518E-003
    9701      24     1.490000     1.520000   3.416012E+000   1.025629E+000   3.413715E+000   1.024115E+000   2.390383E+000   2.389601E+000   7.822433E-004
    9701      25     1.520000     1.680000   2.089115E+001   6.135952E+000   2.069910E+001   6.209730E+000   1.475520E+001   1.448937E+001   2.658257E-001
    9701      26     1.680000     1.740000   7.400301E+000   2.221620E+000   7.397812E+000   2.219344E+000   5.178681E+000   5.178468E+000   2.132390E-004
    9701      27     1.740000     1.820000   6.859941E+000   2.059252E+000   6.858035E+000   2.057410E+000   4.800690E+000   4.800624E+000   6.535585E-005
    9701      28     1.820000     1.940000   7.844991E+000   2.348259E+000   7.836051E+000   2.350815E+000   5.496732E+000   5.485236E+000   1.149661E-002
    9701      29     1.940000     2.200000   1.524385E+001   3.582840E+000   1.325787E+001   3.977360E+000   1.166101E+001   9.280507E+000   2.380503E+000
    9701      30     2.200000     2.300000   5.897529E+000   1.769634E+000   5.896835E+000   1.769050E+000   4.127895E+000   4.127784E+000   1.102772E-004
    9701      31     2.300000     2.450000   6.412228E+000   1.924052E+000   6.411672E+000   1.923502E+000   4.488176E+000   4.488170E+000   5.958182E-006
    9701      32     2.450000     2.550000   2.808749E+000   8.425226E-001   2.808288E+000   8.424863E-001   1.966227E+000   1.965801E+000   4.251963E-004
    9701      33     2.550000     2.650000   2.466453E+000   7.359755E-001   2.461776E+000   7.385329E-001   1.730478E+000   1.723243E+000   7.234483E-003
    9701      34     2.650000     2.900000   5.107089E+000   3.914912E-001   1.781142E+000   5.343426E-001   4.715598E+000   1.246799E+000   3.468798E+000
    9701      35     2.900000     3.200000   4.829501E+000   1.441264E+000   4.820631E+000   1.446189E+000   3.388237E+000   3.374442E+000   1.379572E-002
    9701      36     3.200000     3.500000   4.479548E+000   1.343915E+000   4.479432E+000   1.343830E+000   3.135633E+000   3.135602E+000   3.025931E-005
    9701      37     3.500000     3.900000   5.317470E+000   1.592360E+000   5.314109E+000   1.594233E+000   3.725110E+000   3.719876E+000   5.233884E-003
    9701      38     3.900000     5.500000   8.889375E+000   1.784535E+000   6.409544E+000   1.922863E+000   7.104840E+000   4.486681E+000   2.618159E+000
    9701      39     5.500000     6.500000   2.171822E+000   6.515470E-001   2.171814E+000   6.515441E-001   1.520275E+000   1.520270E+000   4.984052E-006
    9701      40     6.500000     7.000000   6.459457E-001   1.937836E-001   6.459441E-001   1.937832E-001   4.521621E-001   4.521609E-001   1.222777E-006
    9701      41     7.000000     9.000000   1.525571E+000   4.557289E-001   1.523400E+000   4.570201E-001   1.069842E+000   1.066380E+000   3.461964E-003
    9701      42     9.000000    20.000000   1.633159E+000   3.880542E-001   1.344061E+000   4.032184E-001   1.245105E+000   9.408429E-001   3.042618E-001
    9801       1     0.200000     0.300000   5.582456E-006   2.938599E-006   3.776939E-006   1.133082E-006   2.643857E-006   2.643857E-006  -4.911299E-015
    9801       2     0.300000     0.345000   2.557270E-003   1.160959E-003   1.994730E-003   5.984189E-004   1.396311E-003   1.396311E-003   9.565853E-013
    9801       3     0.345000     0.385000   2.512764E-003   1.006153E-003   2.152302E-003   6.456906E-004   1.506611E-003   1.506611E-003  -5.730525E-013
    9801       4     0.385000     0.420000   1.293223E-002   4.781073E-003   1.164451E-002   3.493352E-003   8.151155E-003   8.151155E-003   2.396632E-012
    9801       5     0.420000     0.450000   2.349464E-002   8.255229E-003   2.177059E-002   6.531176E-003   1.523941E-002   1.523941E-002  -2.389641E-012
    9801       6     0.450000     0.500000   1.310848E-001   4.421893E-002   1.240940E-001   3.722821E-002   8.686582E-002   8.686582E-002  -1.032138E-011
    9801       7     0.500000     0.550000   1.748537E-001   5.680007E-002   1.686481E-001   5.059442E-002   1.180536E-001   1.180536E-001  -6.932427E-012
    9801       8     0.550000     0.610000   2.295775E-001   7.279690E-002   2.239723E-001   6.719170E-002   1.567806E-001   1.567806E-001   5.419851E-011
    9801       9     0.610000     0.690000   5.693172E-001   1.769141E-001   5.605758E-001   1.681727E-001   3.924031E-001   3.924031E-001  -2.206224E-011
    9801      10     0.690000     0.780000   2.472789E+000   7.577010E-001   2.450126E+000   7.350378E-001   1.715088E+000   1.715088E+000   1.601443E-010
    9801      11     0.780000     0.800000   1.063069E+000   3.241398E-001   1.055609E+000   3.166826E-001   7.389296E-001   7.389261E-001   3.472299E-006
    9801      12     0.800000     0.870000   5.878988E+000   1.787489E+000   5.844998E+000   1.753499E+000   4.091499E+000   4.091499E+000   5.797174E-007
    9801      13     0.870000     0.880000   8.736691E-001   2.649443E-001   8.695961E-001   2.608788E-001   6.087248E-001   6.087173E-001   7.479158E-006
    9801      14     0.880000     1.030000   2.249240E+001   6.799491E+000   2.241845E+001   6.725534E+000   1.569291E+001   1.569291E+001   2.793308E-007
    9801      15     1.030000     1.080000   9.248799E+000   2.788382E+000   9.227951E+000   2.768385E+000   6.460417E+000   6.459566E+000   8.512338E-004
    9801      16     1.080000     1.140000   1.173685E+001   3.535822E+000   1.171566E+001   3.514699E+000   8.201028E+000   8.200964E+000   6.411211E-005
    9801      17     1.140000     1.200000   1.143670E+001   3.442659E+000   1.142004E+001   3.426012E+000   7.994037E+000   7.994027E+000   1.049314E-005
    9801      18     1.200000     1.240000   8.097833E+000   2.419678E+000   8.068692E+000   2.420608E+000   5.678155E+000   5.648085E+000   3.007007E-002
    9801      19     1.240000     1.280000   7.733813E+000   2.325879E+000   7.725361E+000   2.317608E+000   5.407934E+000   5.407753E+000   1.814837E-004
    9801      20     1.280000     1.340000   1.109154E+001   3.331757E+000   1.107801E+001   3.323404E+000   7.759786E+000   7.754609E+000   5.176938E-003
    9801      21     1.340000     1.420000   1.012492E+001   3.042444E+000   1.011688E+001   3.035064E+000   7.082477E+000   7.081815E+000   6.616518E-004
    9801      22     1.420000     1.460000   4.444646E+000   1.229052E+000   4.295836E+000   1.288751E+000   3.215593E+000   3.007085E+000   2.085080E-001
    9801      23     1.460000     1.490000   3.316959E+000   9.942162E-001   3.312596E+000   9.937789E-001   2.322743E+000   2.318817E+000   3.925324E-003
    9801      24     1.490000     1.520000   3.416012E+000   1.025629E+000   3.413716E+000   1.024115E+000   2.390383E+000   2.389601E+000   7.820499E-004
    9801      25     1.520000     1.680000   2.089115E+001   6.135957E+000   2.069911E+001   6.209732E+000   1.475519E+001   1.448937E+001   2.658171E-001
    9801      26     1.680000     1.740000   7.400301E+000   2.221620E+000   7.397812E+000   2.219344E+000   5.178681E+000   5.178468E+000   2.131374E-004
    9801      27     1.740000     1.820000   6.859941E+000   2.059252E+000   6.858035E+000   2.057411E+000   4.800689E+000   4.800625E+000   6.480825E-005
    9801      28     1.820000     1.940000   7.844991E+000   2.348263E+000   7.836055E+000   2.350817E+000   5.496728E+000   5.485239E+000   1.148919E-002
    9801      29     1.940000     2.200000   1.524385E+001   3.583206E+000   1.325833E+001   3.977500E+000   1.166064E+001   9.280833E+000   2.379811E+000
    9801      30     2.200000     2.300000   5.897529E+000   1.769634E+000   5.896835E+000   1.769050E+000   4.127894E+000   4.127784E+000   1.101942E-004
    9801      31     2.300000     2.450000   6.412228E+000   1.924052E+000   6.411672E+000   1.923502E+000   4.488176E+000   4.488170E+000   5.954683E-006
    9801      32     2.450000     2.550000   2.808749E+000   8.425235E-001   2.808289E+000   8.424866E-001   1.966226E+000   1.965802E+000   4.235160E-004
    9801      33     2.550000     2.650000   2.466453E+000   7.359800E-001   2.461781E+000   7.385344E-001   1.730473E+000   1.723247E+000   7.226438E-003
    9801      34     2.650000     2.900000   5.107089E+000   3.917743E-001   1.782095E+000   5.346284E-001   4.715315E+000   1.247466E+000   3.467849E+000
    9801      35     2.900000     3.200000   4.829501E+000   1.441272E+000   4.820641E+000   1.446192E+000   3.388229E+000   3.374449E+000   1.378040E-002
    9801      36     3.200000     3.500000   4.479548E+000   1.343915E+000   4.479432E+000   1.343830E+000   3.135632E+000   3.135602E+000   3.017312E-005
    9801      37     3.500000     3.900000   5.317470E+000   1.592360E+000   5.314108E+000   1.594233E+000   3.725110E+000   3.719876E+000   5.234495E-003
    9801      38     3.900000     5.500000   8.889375E+000   1.784647E+000   6.409764E+000   1.922929E+000   7.104728E+000   4.486835E+000   2.617893E+000
    9801      39     5.500000     6.500000   2.171822E+000   6.515470E-001   2.171814E+000   6.515441E-001   1.520275E+000   1.520270E+000   4.972862E-006
    9801      40     6.500000     7.000000   6.459457E-001   1.937836E-001   6.459441E-001   1.937832E-001   4.521621E-001   4.521609E-001   1.220423E-006
    9801      41     7.000000     9.000000   1.525571E+000   4.557290E-001   1.523400E+000   4.570201E-001   1.069842E+000   1.066380E+000   3.461889E-003
    9801      42     9.000000    20.000000   1.633159E+000   3.881665E-001   1.344316E+000   4.032949E-001   1.244992E+000   9.410215E-001   3.039709E-001
    9901       1     0.200000     0.300000   5.582456E-006   2.938599E-006   3.776939E-006   1.133082E-006   2.643857E-006   2.643857E-006  -4.911299E-015
    9901       2     0.300000     0.345000   2.557270E-003   1.160959E-003   1.994730E-003   5.984189E-004   1.396311E-003   1.396311E-003   9.565853E-013
    9901       3     0.345000     0.385000   2.512764E-003   1.006153E-003   2.152302E-003   6.456906E-004   1.506611E-003   1.506611E-003  -5.730525E-013
    9901       4     0.385000     0.420000   1.293223E-002   4.781073E-003   1.164451E-002   3.493352E-003   8.151155E-003   8.151155E-003   5.799129E-012
    9901       5     0.420000     0.450000   2.349464E-002   8.255229E-003   2.177059E-002   6.531176E-003   1.523941E-002   1.523941E-002  -3.278123E-012
    9901       6     0.450000     0.500000   1.310848E-001   4.421893E-002   1.240940E-001   3.722821E-002   8.686582E-002   8.686582E-002  -1.392636E-012
    9901       7     0.500000     0.550000   1.748537E-001   5.680007E-002   1.686481E-001   5.059442E-002   1.180536E-001   1.180536E-001  -1.445936E-011
    9901       8     0.550000     0.610000   2.295775E-001   7.279690E-002   2.239723E-001   6.719170E-002   1.567806E-001   1.567806E-001   4.954492E-011
    9901       9     0.610000     0.690000   5.693172E-001   1.769141E-001   5.605758E-001   1.681727E-001   3.924031E-001   3.924031E-001  -2.990075E-011
    9901      10     0.690000     0.780000   2.472789E+000   7.577010E-001   2.450126E+000   7.350378E-001   1.715088E+000   1.715088E+000   7.097833E-011
    9901      11     0.780000     0.800000   1.063069E+000   3.241398E-001   1.055609E+000   3.166826E-001   7.389296E-001   7.389261E-001   3.472273E-006
    9901      12     0.800000     0.870000   5.878988E+000   1.787489E+000   5.844998E+000   1.753499E+000   4.091499E+000   4.091499E+000   5.798685E-007
    9901      13     0.870000     0.880000   8.736691E-001   2.649443E-001   8.695961E-001   2.608788E-001   6.087248E-001   6.087173E-001   7.477255E-006
    9901      14     0.880000     1.030000   2.249240E+001   6.799491E+000   2.241845E+001   6.725534E+000   1.569291E+001   1.569291E+001   2.792135E-007
    9901      15     1.030000     1.080000   9.248799E+000   2.788382E+000   9.227951E+000   2.768385E+000   6.460417E+000   6.459566E+000   8.512300E-004
    9901      16     1.080000     1.140000   1.173685E+001   3.535822E+000   1.171566E+001   3.514699E+000   8.201028E+000   8.200964E+000   6.411085E-005
    9901      17     1.140000     1.200000   1.143670E+001   3.442659E+000   1.142004E+001   3.426012E+000   7.994037E+000   7.994027E+000   1.049407E-005
    9901      18     1.200000     1.240000   8.097833E+000   2.419678E+000   8.068693E+000   2.420608E+000   5.678155E+000   5.648085E+000   3.006992E-002
    9901      19     1.240000     1.280000   7.733813E+000   2.325879E+000   7.725361E+000   2.317608E+000   5.407934E+000   5.407753E+000   1.813928E-004
    9901      20     1.280000     1.340000   1.109154E+001   3.331757E+000   1.107801E+001   3.323404E+000   7.759786E+000   7.754609E+000   5.177002E-003
    9901      21     1.340000     1.420000   1.012492E+001   3.042444E+000   1.011688E+001   3.035064E+000   7.082477E+000   7.081815E+000   6.615173E-004
    9901      22     1.420000     1.460000   4.444646E+000   1.229055E+000   4.295839E+000   1.288752E+000   3.215590E+000   3.007087E+000   2.085030E-001
    9901      23     1.460000     1.490000   3.316959E+000   9.942163E-001   3.312596E+000   9.937789E-001   2.322743E+000   2.318817E+000   3.925133E-003
    9901      24     1.490000     1.520000   3.416012E+000   1.025629E+000   3.413716E+000   1.024115E+000   2.390383E+000   2.389601E+000   7.818591E-004
    9901      25     1.520000     1.680000   2.089115E+001   6.135962E+000   2.069911E+001   6.209733E+000   1.475519E+001   1.448938E+001   2.658086E-001
    9901      26     1.680000     1.740000   7.400301E+000   2.221620E+000   7.397812E+000   2.219344E+000   5.178681E+000   5.178468E+000   2.130370E-004
    9901      27     1.740000     1.820000   6.859941E+000   2.059252E+000   6.858035E+000   2.057411E+000   4.800689E+000   4.800625E+000   6.426771E-005
    9901      28     1.820000     1.940000   7.844991E+000   2.348267E+000   7.836060E+000   2.350818E+000   5.496724E+000   5.485242E+000   1.148187E-002
    9901      29     1.940000     2.200000   1.524385E+001   3.583567E+000   1.325879E+001   3.977638E+000   1.166028E+001   9.281154E+000   2.379128E+000
    9901      30     2.200000     2.300000   5.897529E+000   1.769634E+000   5.896835E+000   1.769050E+000   4.127894E+000   4.127784E+000   1.101123E-004
    9901      31     2.300000     2.450000   6.412228E+000   1.924052E+000   6.411672E+000   1.923502E+000   4.488176E+000   4.488170E+000   5.951230E-006
    9901      32     2.450000     2.550000   2.808749E+000   8.425245E-001   2.808290E+000   8.424870E-001   1.966225E+000   1.965803E+000   4.218581E-004
    9901      33     2.550000     2.650000   2.466453E+000   7.359844E-001   2.461786E+000   7.385359E-001   1.730469E+000   1.723250E+000   7.218503E-003
    9901      34     2.650000     2.900000   5.107089E+000   3.920546E-001   1.783037E+000   5.349111E-001   4.715035E+000   1.248126E+000   3.466909E+000
    9901      35     2.900000     3.200000   4.829501E+000   1.441280E+000   4.820650E+000   1.446195E+000   3.388221E+000   3.374455E+000   1.376528E-002
    9901      36     3.200000     3.500000   4.479548E+000   1.343915E+000   4.479432E+000   1.343830E+000   3.135632E+000   3.135602E+000   3.008806E-005
    9901      37     3.500000     3.900000   5.317470E+000   1.592360E+000   5.314108E+000   1.594232E+000   3.725111E+000   3.719876E+000   5.235099E-003
    9901      38     3.900000     5.500000   8.889375E+000   1.784758E+000   6.409981E+000   1.922994E+000   7.104617E+000   4.486987E+000   2.617631E+000
    9901      39     5.500000     6.500000   2.171822E+000   6.515470E-001   2.171814E+000   6.515441E-001   1.520275E+000   1.520270E+000   4.961813E-006
    9901      40     6.500000     7.000000   6.459457E-001   1.937836E-001   6.459441E-001   1.937832E-001   4.521621E-001   4.521609E-001   1.218101E-006
    9901      41     7.000000     9.000000   1.525571E+000   4.557290E-001   1.523400E+000   4.570201E-001   1.069842E+000   1.066380E+000   3.461814E-003
    9901      42     9.000000    20.000000   1.633159E+000   3.882777E-001   1.344569E+000   4.033708E-001   1.244881E+000   9.411986E-001   3.036827E-001
   10001       1     0.200000     0.300000   5.582456E-006   2.938599E-006   3.776939E-006   1.133082E-006   2.643857E-006   2.643857E-006  -4.911299E-015
   10001       2     0.300000     0.345000   2.557270E-003   1.160959E-003   1.994730E-003   5.984189E-004   1.396311E-003   1.396311E-003   9.565853E-013
   10001       3     0.345000     0.385000   2.512764E-003   1.006153E-003   2.152302E-003   6.456906E-004   1.506611E-003   1.506611E-003  -5.730525E-013
   10001       4     0.385000     0.420000   1.293223E-002   4.781073E-003   1.164451E-002   3.493352E-003   8.151155E-003   8.151155E-003   4.469196E-012
   10001       5     0.420000     0.450000   2.349464E-002   8.255229E-003   2.177059E-002   6.531176E-003   1.523941E-002   1.523941E-002  -8.358630E-012
   10001       6     0.450000     0.500000   1.310848E-001   4.421893E-002   1.240940E-001   3.722821E-002   8.686582E-002   8.686582E-002  -8.535950E-012
   10001       7     0.500000     0.550000   1.748537E-001   5.680007E-002   1.686481E-001   5.059442E-002   1.180536E-001   1.180536E-001  -1.344420E-011
   10001       8     0.550000     0.610000   2.295775E-001   7.279690E-002   2.239723E-001   6.719170E-002   1.567806E-001   1.567806E-001   1.372732E-011
   10001       9     0.610000     0.690000   5.693172E-001   1.769141E-001   5.605758E-001   1.681727E-001   3.924031E-001   3.924031E-001  -2.609901E-011
   10001      10     0.690000     0.780000   2.472789E+000   7.577010E-001   2.450126E+000   7.350378E-001   1.715088E+000   1.715088E+000  -6.901901E-011
   10001      11     0.780000     0.800000   1.063069E+000   3.241398E-001   1.055609E+000   3.166826E-001   7.389296E-001   7.389261E-001   3.472247E-006
   10001      12     0.800000     0.870000   5.878988E+000   1.787489E+000   5.844998E+000   1.753499E+000   4.091499E+000   4.091499E+000   5.800175E-007
   10001      13     0.870000     0.880000   8.736691E-001   2.649443E-001   8.695961E-001   2.608788E-001   6.087248E-001   6.087173E-001   7.475375E-006
   10001      14     0.880000     1.030000   2.249240E+001   6.799491E+000   2.241845E+001   6.725534E+000   1.569291E+001   1.569291E+001   2.791042E-007
   10001      15     1.030000     1.080000   9.248799E+000   2.788382E+000   9.227951E+000   2.768385E+000   6.460417E+000   6.459566E+000   8.512264E-004
   10001      16     1.080000     1.140000   1.173685E+001   3.535822E+000   1.171566E+001   3.514699E+000   8.201028E+000   8.200964E+000   6.410962E-005
   10001      17     1.140000     1.200000   1.143670E+001   3.442659E+000   1.142004E+001   3.426012E+000   7.994037E+000   7.994027E+000   1.049501E-005
   10001      18     1.200000     1.240000   8.097833E+000   2.419678E+000   8.068693E+000   2.420608E+000   5.678155E+000   5.648085E+000   3.006976E-002
   10001      19     1.240000     1.280000   7.733813E+000   2.325879E+000   7.725361E+000   2.317608E+000   5.407934E+000   5.407753E+000   1.813034E-004
   10001      20     1.280000     1.340000   1.109154E+001   3.331757E+000   1.107801E+001   3.323404E+000   7.759786E+000   7.754609E+000   5.177064E-003
   10001      21     1.340000     1.420000   1.012492E+001   3.042444E+000   1.011688E+001   3.035064E+000   7.082477E+000   7.081815E+000   6.613849E-004
   10001      22     1.420000     1.460000   4.444646E+000   1.229058E+000   4.295842E+000   1.288753E+000   3.215587E+000   3.007089E+000   2.084981E-001
   10001      23     1.460000     1.490000   3.316959E+000   9.942164E-001   3.312596E+000   9.937789E-001   2.322742E+000   2.318818E+000   3.924946E-003
   10001      24     1.490000     1.520000   3.416012E+000   1.025629E+000   3.413716E+000   1.024115E+000   2.390383E+000   2.389601E+000   7.816718E-004
   10001      25     1.520000     1.680000   2.089115E+001   6.135967E+000   2.069911E+001   6.209734E+000   1.475518E+001   1.448938E+001   2.658004E-001
   10001      26     1.680000     1.740000   7.400301E+000   2.221620E+000   7.397812E+000   2.219344E+000   5.178681E+000   5.178468E+000   2.129385E-004
   10001      27     1.740000     1.820000   6.859941E+000   2.059253E+000   6.858036E+000   2.057411E+000   4.800689E+000   4.800625E+000   6.373818E-005
   10001      28     1.820000     1.940000   7.844991E+000   2.348271E+000   7.836064E+000   2.350819E+000   5.496720E+000   5.485245E+000   1.147470E-002
   10001      29     1.940000     2.200000   1.524385E+001   3.583924E+000   1.325925E+001   3.977774E+000   1.165993E+001   9.281472E+000   2.378455E+000
   10001      30     2.200000     2.300000   5.897529E+000   1.769634E+000   5.896835E+000   1.769050E+000   4.127894E+000   4.127784E+000   1.100316E-004
   10001      31     2.300000     2.450000   6.412228E+000   1.924052E+000   6.411672E+000   1.923502E+000   4.488176E+000   4.488170E+000   5.947838E-006
   10001      32     2.450000     2.550000   2.808749E+000   8.425254E-001   2.808291E+000   8.424873E-001   1.966224E+000   1.965804E+000   4.202301E-004
   10001      33     2.550000     2.650000   2.466453E+000   7.359887E-001   2.461791E+000   7.385373E-001   1.730465E+000   1.723254E+000   7.210804E-003
   10001      34     2.650000     2.900000   5.107089E+000   3.923313E-001   1.783965E+000   5.351894E-001   4.714758E+000   1.248775E+000   3.465983E+000
   10001      35     2.900000     3.200000   4.829501E+000   1.441289E+000   4.820660E+000   1.446198E+000   3.388212E+000   3.374462E+000   1.375038E-002
   10001      36     3.200000     3.500000   4.479548E+000   1.343915E+000   4.479432E+000   1.343830E+000   3.135632E+000   3.135602E+000   3.000459E-005
   10001      37     3.500000     3.900000   5.317470E+000   1.592359E+000   5.314108E+000   1.594232E+000   3.725111E+000   3.719875E+000   5.235697E-003
   10001      38     3.900000     5.500000   8.889375E+000   1.784867E+000   6.410195E+000   1.923058E+000   7.104509E+000   4.487136E+000   2.617372E+000
   10001      39     5.500000     6.500000   2.171822E+000   6.515470E-001   2.171814E+000   6.515441E-001   1.520275E+000   1.520270E+000   4.951000E-006
   10001      40     6.500000     7.000000   6.459457E-001   1.937836E-001   6.459441E-001   1.937832E-001   4.521621E-001   4.521609E-001   1.215824E-006
   10001      41     7.000000     9.000000   1.525571E+000   4.557291E-001   1.523400E+000   4.570201E-001   1.069842E+000   1.066380E+000   3.461740E-003
   10001      42     9.000000    20.000000   1.633159E+000   3.883871E-001   1.344819E+000   4.034456E-001   1.244772E+000   9.413732E-001   3.033987E-001
   10101       1     0.200000     0.300000   5.582456E-006   2.938599E-006   3.776939E-006   1.133082E-006   2.643857E-006   2.643857E-006  -4.911299E-015
   10101       2     0.300000     0.345000   2.557270E-003   1.160959E-003   1.994730E-003   5.984189E-004   1.396311E-003   1.396311E-003   9.565853E-013
   10101       3     0.345000     0.385000   2.512764E-003   1.006153E-003   2.152302E-003   6.456906E-004   1.506611E-003   1.506611E-003  -5.730525E-013
   10101       4     0.385000     0.420000   1.293223E-002   4.781073E-003   1.164451E-002   3.493352E-003   8.151155E-003   8.151155E-003   2.876440E-012
   10101       5     0.420000     0.450000   2.349464E-002   8.255229E-003   2.177059E-002   6.531176E-003   1.523941E-002   1.523941E-002  -6.550368E-012
   10101       6     0.450000     0.500000   1.310848E-001   4.421893E-002   1.240940E-001   3.722821E-002   8.686582E-002   8.686582E-002   3.319622E-012
   10101       7     0.500000     0.550000   1.748537E-001   5.680007E-002   1.686481E-001   5.059442E-002   1.180536E-001   1.180536E-001   1.941475E-012
   10101       8     0.550000     0.610000   2.295775E-001   7.279690E-002   2.239723E-001   6.719170E-002   1.567806E-001   1.567806E-001   3.478368E-011
   10101       9     0.610000     0.690000   5.693172E-001   1.769141E-001   5.605758E-001   1.681727E-001   3.924031E-001   3.924031E-001  -3.364131E-011
   10101      10     0.690000     0.780000   2.472789E+000   7.577010E-001   2.450126E+000   7.350378E-001   1.715088E+000   1.715088E+000   7.098566E-011
   10101      11     0.780000     0.800000   1.063069E+000   3.241398E-001   1.055609E+000   3.166826E-001   7.389296E-001   7.389261E-001   3.472221E-006
   10101      12     0.800000     0.870000   5.878988E+000   1.787489E+000   5.844998E+000   1.753499E+000   4.091499E+000   4.091499E+000   5.801648E-007
   10101      13     0.870000     0.880000   8.736691E-001   2.649443E-001   8.695961E-001   2.608788E-001   6.087248E-001   6.087173E-001   7.473526E-006
   10101      14     0.880000     1.030000   2.249240E+001   6.799491E+000   2.241845E+001   6.725534E+000   1.569291E+001   1.569291E+001   2.789945E-007
   10101      15     1.030000     1.080000   9.248799E+000   2.788382E+000   9.227951E+000   2.768385E+000   6.460417E+000   6.459566E+000   8.512227E-004
   10101      16     1.080000     1.140000   1.173685E+001   3.535822E+000   1.171566E+001   3.514699E+000   8.201028E+000   8.200964E+000   6.410844E-005
   10101      17     1.140000     1.200000   1.143670E+001   3.442659E+000   1.142004E+001   3.426012E+000   7.994037E+000   7.994027E+000   1.049597E-005
   10101      18     1.200000     1.240000   8.097833E+000   2.419678E+000   8.068693E+000   2.420608E+000   5.678155E+000   5.648085E+000   3.006961E-002
   10101      19     1.240000     1.280000   7.733813E+000   2.325879E+000   7.725362E+000   2.317608E+000   5.407934E+000   5.407753E+000   1.812157E-004
   10101      20     1.280000     1.340000   1.109154E+001   3.331757E+000   1.107801E+001   3.323404E+000   7.759786E+000   7.754609E+000   5.177126E-003
   10101      21     1.340000     1.420000   1.012492E+001   3.042444E+000   1.011688E+001   3.035064E+000   7.082477E+000   7.081816E+000   6.612549E-004
   10101      22     1.420000     1.460000   4.444646E+000   1.229061E+000   4.295845E+000   1.288753E+000   3.215585E+000   3.007091E+000   2.084934E-001
   10101      23     1.460000     1.490000   3.316959E+000   9.942165E-001   3.312597E+000   9.937790E-001   2.322742E+000   2.318818E+000   3.924762E-003
   10101      24     1.490000     1.520000   3.416012E+000   1.025629E+000   3.413716E+000   1.024115E+000   2.390383E+000   2.389601E+000   7.814881E-004
   10101      25     1.520000     1.680000   2.089115E+001   6.135972E+000   2.069912E+001   6.209736E+000   1.475518E+001   1.448938E+001   2.657923E-001
   10101      26     1.680000     1.740000   7.400301E+000   2.221620E+000   7.397812E+000   2.219344E+000   5.178681E+000   5.178468E+000   2.128419E-004
   10101      27     1.740000     1.820000   6.859941E+000   2.059253E+000   6.858036E+000   2.057411E+000   4.800688E+000   4.800625E+000   6.322137E-005
   10101      28     1.820000     1.940000   7.844991E+000   2.348275E+000   7.836069E+000   2.350821E+000   5.496716E+000   5.485248E+000   1.146769E-002
   10101      29     1.940000     2.200000   1.524385E+001   3.584275E+000   1.325969E+001   3.977907E+000   1.165957E+001   9.281784E+000   2.377791E+000
   10101      30     2.200000     2.300000   5.897529E+000   1.769634E+000   5.896835E+000   1.769050E+000   4.127894E+000   4.127784E+000   1.099523E-004
   10101      31     2.300000     2.450000   6.412228E+000   1.924052E+000   6.411672E+000   1.923502E+000   4.488176E+000   4.488170E+000   5.944507E-006
   10101      32     2.450000     2.550000   2.808749E+000   8.425263E-001   2.808292E+000   8.424876E-001   1.966223E+000   1.965804E+000   4.186316E-004
   10101      33     2.550000     2.650000   2.466453E+000   7.359929E-001   2.461796E+000   7.385387E-001   1.730460E+000   1.723257E+000   7.203387E-003
   10101      34     2.650000     2.900000   5.107089E+000   3.926034E-001   1.784877E+000   5.354630E-001   4.714486E+000   1.249414E+000   3.465072E+000
   10101      35     2.900000     3.200000   4.829501E+000   1.441297E+000   4.820669E+000   1.446201E+000   3.388204E+000   3.374468E+000   1.373571E-002
   10101      36     3.200000     3.500000   4.479548E+000   1.343916E+000   4.479432E+000   1.343830E+000   3.135632E+000   3.135602E+000   2.992280E-005
   10101      37     3.500000     3.900000   5.317470E+000   1.592359E+000   5.314107E+000   1.594232E+000   3.725111E+000   3.719875E+000   5.236291E-003
   10101      38     3.900000     5.500000   8.889375E+000   1.784973E+000   6.410404E+000   1.923121E+000   7.104402E+000   4.487283E+000   2.617119E+000
   10101      39     5.500000     6.500000   2.171822E+000   6.515470E-001   2.171814E+000   6.515441E-001   1.520275E+000   1.520270E+000   4.940481E-006
   10101      40     6.500000     7.000000   6.459457E-001   1.937836E-001   6.459441E-001   1.937832E-001   4.521621E-001   4.521609E-001   1.213600E-006
   10101      41     7.000000     9.000000   1.525571E+000   4.557291E-001   1.523400E+000   4.570201E-001   1.069842E+000   1.066380E+000   3.461667E-003
   10101      42     9.000000    20.000000   1.633159E+000   3.884942E-001   1.345064E+000   4.035192E-001   1.244665E+000   9.415448E-001   3.031199E-001
   10201       1     0.200000     0.300000   5.582456E-006   2.938599E-006   3.776939E-006   1.133082E-006   2.643857E-006   2.643857E-006  -4.911299E-015
   10201       2     0.300000     0.345000   2.557270E-003   1.160959E-003   1.994730E-003   5.984189E-004   1.396311E-003   1.396311E-003   9.565853E-013
   10201       3     0.345000     0.385000   2.512764E-003   1.006153E-003   2.152302E-003   6.456906E-004   1.506611E-003   1.506611E-003  -5.730525E-013
   10201       4     0.385000     0.420000   1.293223E-002   4.781073E-003   1.164451E-002   3.493352E-003   8.151155E-003   8.151155E-003   5.195356E-012
   10201       5     0.420000     0.450000   2.349464E-002   8.255229E-003   2.177059E-002   6.531176E-003   1.523941E-002   1.523941E-002  -7.978153E-012
   10201       6     0.450000     0.500000   1.310848E-001   4.421893E-002   1.240940E-001   3.722821E-002   8.686582E-002   8.686582E-002   2.753874E-011
   10201       7     0.500000     0.550000   1.748537E-001   5.680007E-002   1.686481E-001   5.059442E-002   1.180536E-001   1.180536E-001  -3.974709E-012
   10201       8     0.550000     0.610000   2.295775E-001   7.279690E-002   2.239723E-001   6.719170E-002   1.567806E-001   1.567806E-001   4.612943E-011
   10201       9     0.610000     0.690000   5.693172E-001   1.769141E-001   5.605758E-001   1.681727E-001   3.924031E-001   3.924031E-001   1.784906E-012
   10201      10     0.690000     0.780000   2.472789E+000   7.577010E-001   2.450126E+000   7.350378E-001   1.715088E+000   1.715088E+000   9.247425E-011
   10201      11     0.780000     0.800000   1.063069E+000   3.241398E-001   1.055609E+000   3.166826E-001   7.389296E-001   7.389261E-001   3.472195E-006
   10201      12     0.800000     0.870000   5.878988E+000   1.787489E+000   5.844998E+000   1.753499E+000   4.091499E+000   4.091499E+000   5.803106E-007
   10201      13     0.870000     0.880000   8.736691E-001   2.649443E-001   8.695961E-001   2.608788E-001   6.087248E-001   6.087173E-001   7.471701E-006
   10201      14     0.880000     1.030000   2.249240E+001   6.799491E+000   2.241845E+001   6.725534E+000   1.569291E+001   1.569291E+001   2.788828E-007
   10201      15     1.030000     1.080000   9.248799E+000   2.788382E+000   9.227951E+000   2.768385E+000   6.460417E+000   6.459566E+000   8.512191E-004
   10201      16     1.080000     1.140000   1.173685E+001   3.535822E+000   1.171566E+001   3.514699E+000   8.201028E+000   8.200964E+000   6.410728E-005
   10201      17     1.140000     1.200000   1.143670E+001   3.442659E+000   1.142004E+001   3.426012E+000   7.994037E+000   7.994027E+000   1.049691E-005
   10201      18     1.200000     1.240000   8.097833E+000   2.419678E+000   8.068693E+000   2.420608E+000   5.678154E+000   5.648085E+000   3.006946E-002
   10201      19     1.240000     1.280000   7.733813E+000   2.325879E+000   7.725362E+000   2.317608E+000   5.407934E+000   5.407753E+000   1.811291E-004
   10201      20     1.280000     1.340000   1.109154E+001   3.331757E+000   1.107801E+001   3.323404E+000   7.759786E+000   7.754608E+000   5.177188E-003
   10201      21     1.340000     1.420000   1.012492E+001   3.042444E+000   1.011688E+001   3.035064E+000   7.082477E+000   7.081816E+000   6.611265E-004
   10201      22     1.420000     1.460000   4.444646E+000   1.229064E+000   4.295847E+000   1.288754E+000   3.215582E+000   3.007093E+000   2.084887E-001
   10201      23     1.460000     1.490000   3.316959E+000   9.942166E-001   3.312597E+000   9.937790E-001   2.322742E+000   2.318818E+000   3.924581E-003
   10201      24     1.490000     1.520000   3.416012E+000   1.025629E+000   3.413716E+000   1.024115E+000   2.390383E+000   2.389601E+000   7.813069E-004
   10201      25     1.520000     1.680000   2.089115E+001   6.135977E+000   2.069912E+001   6.209737E+000   1.475517E+001   1.448939E+001   2.657843E-001
   10201      26     1.680000     1.740000   7.400301E+000   2.221620E+000   7.397812E+000   2.219344E+000   5.178681E+000   5.178468E+000   2.127466E-004
   10201      27     1.740000     1.820000   6.859941E+000   2.059253E+000   6.858036E+000   2.057411E+000   4.800688E+000   4.800625E+000   6.271120E-005
   10201      28     1.820000     1.940000   7.844991E+000   2.348279E+000   7.836073E+000   2.350822E+000   5.496712E+000   5.485251E+000   1.146078E-002
   10201      29     1.940000     2.200000   1.524385E+001   3.584622E+000   1.326013E+001   3.978040E+000   1.165923E+001   9.282092E+000   2.377135E+000
   10201      30     2.200000     2.300000   5.897529E+000   1.769634E+000   5.896835E+000   1.769050E+000   4.127894E+000   4.127784E+000   1.098739E-004
   10201      31     2.300000     2.450000   6.412228E+000   1.924052E+000   6.411672E+000   1.923502E+000   4.488176E+000   4.488170E+000   5.941220E-006
   10201      32     2.450000     2.550000   2.808749E+000   8.425272E-001   2.808293E+000   8.424879E-001   1.966222E+000   1.965805E+000   4.170540E-004
   10201      33     2.550000     2.650000   2.466453E+000   7.359970E-001   2.461800E+000   7.385401E-001   1.730456E+000   1.723260E+000   7.196068E-003
   10201      34     2.650000     2.900000   5.107089E+000   3.928730E-001   1.785778E+000   5.357334E-001   4.714216E+000   1.250045E+000   3.464172E+000
   10201      35     2.900000     3.200000   4.829501E+000   1.441305E+000   4.820678E+000   1.446203E+000   3.388196E+000   3.374475E+000   1.372123E-002
   10201      36     3.200000     3.500000   4.479548E+000   1.343916E+000   4.479432E+000   1.343830E+000   3.135632E+000   3.135602E+000   2.984208E-005
   10201      37     3.500000     3.900000   5.317470E+000   1.592359E+000   5.314107E+000   1.594232E+000   3.725112E+000   3.719875E+000   5.236877E-003
   10201      38     3.900000     5.500000   8.889375E+000   1.785079E+000   6.410611E+000   1.923183E+000   7.104296E+000   4.487428E+000   2.616868E+000
   10201      39     5.500000     6.500000   2.171822E+000   6.515470E-001   2.171814E+000   6.515441E-001   1.520275E+000   1.520270E+000   4.930097E-006
   10201      40     6.500000     7.000000   6.459457E-001   1.937836E-001   6.459441E-001   1.937832E-001   4.521621E-001   4.521609E-001   1.211405E-006
   10201      41     7.000000     9.000000   1.525571E+000   4.557291E-001   1.523400E+000   4.570201E-001   1.069842E+000   1.066380E+000   3.461595E-003
   10201      42     9.000000    20.000000   1.633159E+000   3.886003E-001   1.345307E+000   4.035921E-001   1.244559E+000   9.417148E-001   3.028438E-001
   10301       1     0.200000     0.300000   5.582456E-006   2.938599E-006   3.776939E-006   1.133082E-006   2.643857E-006   2.643857E-006  -4.911299E-015
   10301       2     0.300000     0.345000   2.557270E-003   1.160959E-003   1.994730E-003   5.984189E-004   1.396311E-003   1.396311E-003   9.565853E-013
   10301       3     0.345000     0.385000   2.512764E-003   1.006153E-003   2.152302E-003   6.456906E-004   1.506611E-003   1.506611E-003  -5.730525E-013
   10301       4     0.385000     0.420000   1.293223E-002   4.781073E-003   1.164451E-002   3.493352E-003   8.151155E-003   8.151155E-003   5.546417E-012
   10301       5     0.420000     0.450000   2.349464E-002   8.255229E-003   2.177059E-002   6.531176E-003   1.523941E-002   1.523941E-002  -9.542865E-012
   10301       6     0.450000     0.500000   1.310848E-001   4.421893E-002   1.240940E-001   3.722821E-002   8.686582E-002   8.686582E-002   2.441269E-011
   10301       7     0.500000     0.550000   1.748537E-001   5.680007E-002   1.686481E-001   5.059442E-002   1.180536E-001   1.180536E-001  -7.776946E-012
   10301       8     0.550000     0.610000   2.295775E-001   7.279690E-002   2.239723E-001   6.719170E-002   1.567806E-001   1.567806E-001   2.886466E-011
   10301       9     0.610000     0.690000   5.693172E-001   1.769141E-001   5.605758E-001   1.681727E-001   3.924031E-001   3.924031E-001   3.474671E-011
   10301      10     0.690000     0.780000   2.472789E+000   7.577010E-001   2.450126E+000   7.350378E-001   1.715088E+000   1.715088E+000  -5.717116E-011
   10301      11     0.780000     0.800000   1.063069E+000   3.241398E-001   1.055609E+000   3.166826E-001   7.389296E-001   7.389261E-001   3.472168E-006
   10301      12     0.800000     0.870000   5.878988E+000   1.787489E+000   5.844998E+000   1.753499E+000   4.091499E+000   4.091499E+000   5.804542E-007
   10301      13     0.870000     0.880000   8.736691E-001   2.649443E-001   8.695961E-001   2.608788E-001   6.087248E-001   6.087173E-001   7.469904E-006
   10301      14     0.880000     1.030000   2.249240E+001   6.799491E+000   2.241845E+001   6.725534E+000   1.569291E+001   1.569291E+001   2.787797E-007
   10301      15     1.030000     1.080000   9.248799E+000   2.788382E+000   9.227951E+000   2.768385E+000   6.460417E+000   6.459566E+000   8.512155E-004
   10301      16     1.080000     1.140000   1.173685E+001   3.535822E+000   1.171566E+001   3.514699E+000   8.201028E+000   8.200964E+000   6.410616E-005
   10301      17     1.140000     1.200000   1.143670E+001   3.442659E+000   1.142004E+001   3.426012E+000   7.994037E+000   7.994027E+000   1.049786E-005
   10301      18     1.200000     1.240000   8.097833E+000   2.419678E+000   8.068693E+000   2.420608E+000   5.678154E+000   5.648085E+000   3.006931E-002
   10301      19     1.240000     1.280000   7.733813E+000   2.325879E+000   7.725362E+000   2.317608E+000   5.407934E+000   5.407753E+000   1.810440E-004
   10301      20     1.280000     1.340000   1.109154E+001   3.331757E+000   1.107801E+001   3.323404E+000   7.759786E+000   7.754608E+000   5.177248E-003
   10301      21     1.340000     1.420000   1.012492E+001   3.042444E+000   1.011688E+001   3.035064E+000   7.082477E+000   7.081816E+000   6.610003E-004
   10301      22     1.420000     1.460000   4.444646E+000   1.229067E+000   4.295850E+000   1.288755E+000   3.215579E+000   3.007095E+000   2.084841E-001
   10301      23     1.460000     1.490000   3.316959E+000   9.942167E-001   3.312597E+000   9.937790E-001   2.322742E+000   2.318818E+000   3.924403E-003
   10301      24     1.490000     1.520000   3.416012E+000   1.025629E+000   3.413716E+000   1.024115E+000   2.390382E+000   2.389601E+000   7.811289E-004
   10301      25     1.520000     1.680000   2.089115E+001   6.135982E+000   2.069913E+001   6.209738E+000   1.475517E+001   1.448939E+001   2.657764E-001
   10301      26     1.680000     1.740000   7.400301E+000   2.221620E+000   7.397812E+000   2.219344E+000   5.178681E+000   5.178469E+000   2.126531E-004
   10301      27     1.740000     1.820000   6.859941E+000   2.059253E+000   6.858037E+000   2.057411E+000   4.800688E+000   4.800626E+000   6.221222E-005
   10301      28     1.820000     1.940000   7.844991E+000   2.348283E+000   7.836077E+000   2.350823E+000   5.496708E+000   5.485254E+000   1.145401E-002
   10301      29     1.940000     2.200000   1.524385E+001   3.584965E+000   1.326057E+001   3.978170E+000   1.165889E+001   9.282397E+000   2.376489E+000
   10301      30     2.200000     2.300000   5.897529E+000   1.769634E+000   5.896835E+000   1.769050E+000   4.127894E+000   4.127784E+000   1.097968E-004
   10301      31     2.300000     2.450000   6.412228E+000   1.924052E+000   6.411672E+000   1.923502E+000   4.488176E+000   4.488170E+000   5.937988E-006
   10301      32     2.450000     2.550000   2.808749E+000   8.425281E-001   2.808294E+000   8.424882E-001   1.966221E+000   1.965806E+000   4.155034E-004
   10301      33     2.550000     2.650000   2.466453E+000   7.360010E-001   2.461805E+000   7.385415E-001   1.730452E+000   1.723263E+000   7.188987E-003
   10301      34     2.650000     2.900000   5.107089E+000   3.931385E-001   1.786665E+000   5.359994E-001   4.713951E+000   1.250665E+000   3.463285E+000
   10301      35     2.900000     3.200000   4.829501E+000   1.441313E+000   4.820687E+000   1.446206E+000   3.388188E+000   3.374481E+000   1.370698E-002
   10301      36     3.200000     3.500000   4.479548E+000   1.343916E+000   4.479432E+000   1.343830E+000   3.135632E+000   3.135603E+000   2.976286E-005
   10301      37     3.500000     3.900000   5.317470E+000   1.592358E+000   5.314107E+000   1.594232E+000   3.725112E+000   3.719875E+000   5.237459E-003
   10301      38     3.900000     5.500000   8.889375E+000   1.785182E+000   6.410814E+000   1.923244E+000   7.104193E+000   4.487570E+000   2.616623E+000
   10301      39     5.500000     6.500000   2.171822E+000   6.515470E-001   2.171814E+000   6.515441E-001   1.520275E+000   1.520270E+000   4.919967E-006
   10301      40     6.500000     7.000000   6.459457E-001   1.937836E-001   6.459441E-001   1.937832E-001   4.521621E-001   4.521609E-001   1.209255E-006
   10301      41     7.000000     9.000000   1.525571E+000   4.557292E-001   1.523401E+000   4.570202E-001   1.069842E+000   1.066380E+000   3.461523E-003
   10301      42     9.000000    20.000000   1.633159E+000   3.887045E-001   1.345546E+000   4.036638E-001   1.244454E+000   9.418822E-001   3.025723E-001
   10401       1     0.200000     0.300000   5.582456E-006   2.938599E-006   3.776939E-006   1.133082E-006   2.643857E-006   2.643857E-006  -4.911299E-015
   10401       2     0.300000     0.345000   2.557270E-003   1.160959E-003   1.994730E-003   5.984189E-004   1.396311E-003   1.396311E-003   9.565853E-013
   10401       3     0.345000     0.385000   2.512764E-003   1.006153E-003   2.152302E-003   6.456906E-004   1.506611E-003   1.506611E-003  -5.730525E-013
   10401       4     0.385000     0.420000   1.293223E-002   4.781073E-003   1.164451E-002   3.493352E-003   8.151155E-003   8.151155E-003   5.546417E-012
   10401       5     0.420000     0.450000   2.349464E-002   8.255229E-003   2.177059E-002   6.531176E-003   1.523941E-002   1.523941E-002  -1.162466E-011
   10401       6     0.450000     0.500000   1.310848E-001   4.421893E-002   1.240940E-001   3.722821E-002   8.686582E-002   8.686582E-002   2.627906E-011
   10401       7     0.500000     0.550000   1.748537E-001   5.680007E-002   1.686481E-001   5.059442E-002   1.180536E-001   1.180536E-001  -1.979879E-011
   10401       8     0.550000     0.610000   2.295775E-001   7.279690E-002   2.239723E-001   6.719170E-002   1.567806E-001   1.567806E-001   3.489936E-011
   10401       9     0.610000     0.690000   5.693172E-001   1.769141E-001   5.605758E-001   1.681727E-001   3.924031E-001   3.924031E-001   7.645717E-012
   10401      10     0.690000     0.780000   2.472789E+000   7.577010E-001   2.450126E+000   7.350378E-001   1.715088E+000   1.715088E+000  -1.948446E-010
   10401      11     0.780000     0.800000   1.063069E+000   3.241398E-001   1.055609E+000   3.166826E-001   7.389296E-001   7.389261E-001   3.472143E-006
   10401      12     0.800000     0.870000   5.878988E+000   1.787489E+000   5.844998E+000   1.753499E+000   4.091499E+000   4.091499E+000   5.805969E-007
   10401      13     0.870000     0.880000   8.736691E-001   2.649443E-001   8.695961E-001   2.608788E-001   6.087248E-001   6.087173E-001   7.468137E-006
   10401      14     0.880000     1.030000   2.249240E+001   6.799491E+000   2.241845E+001   6.725534E+000   1.569291E+001   1.569291E+001   2.786761E-007
   10401      15     1.030000     1.080000   9.248799E+000   2.788382E+000   9.227951E+000   2.768385E+000   6.460417E+000   6.459566E+000   8.512120E-004
   10401      16     1.080000     1.140000   1.173685E+001   3.535822E+000   1.171566E+001   3.514699E+000   8.201028E+000   8.200964E+000   6.410511E-005
   10401      17     1.140000     1.200000   1.143670E+001   3.442659E+000   1.142004E+001   3.426012E+000   7.994037E+000   7.994027E+000   1.049884E-005
   10401      18     1.200000     1.240000   8.097833E+000   2.419678E+000   8.068693E+000   2.420608E+000   5.678154E+000   5.648085E+000   3.006916E-002
   10401      19     1.240000     1.280000   7.733813E+000   2.325879E+000   7.725362E+000   2.317609E+000   5.407934E+000   5.407753E+000   1.809605E-004
   10401      20     1.280000     1.340000   1.109154E+001   3.331757E+000   1.107801E+001   3.323404E+000   7.759786E+000   7.754608E+000   5.177307E-003
   10401      21     1.340000     1.420000   1.012492E+001   3.042444E+000   1.011688E+001   3.035064E+000   7.082477E+000   7.081816E+000   6.608761E-004
   10401      22     1.420000     1.460000   4.444646E+000   1.229069E+000   4.295852E+000   1.288756E+000   3.215576E+000   3.007097E+000   2.084797E-001
   10401      23     1.460000     1.490000   3.316959E+000   9.942168E-001   3.312597E+000   9.937791E-001   2.322742E+000   2.318818E+000   3.924228E-003
   10401      24     1.490000     1.520000   3.416012E+000   1.025629E+000   3.413716E+000   1.024115E+000   2.390382E+000   2.389601E+000   7.809546E-004
   10401      25     1.520000     1.680000   2.089115E+001   6.135987E+000   2.069913E+001   6.209740E+000   1.475516E+001   1.448939E+001   2.657688E-001
   10401      26     1.680000     1.740000   7.400301E+000   2.221620E+000   7.397812E+000   2.219344E+000   5.178681E+000   5.178469E+000   2.125615E-004
   10401      27     1.740000     1.820000   6.859941E+000   2.059254E+000   6.858037E+000   2.057411E+000   4.800688E+000   4.800626E+000   6.172662E-005
   10401      28     1.820000     1.940000   7.844991E+000   2.348287E+000   7.836081E+000   2.350824E+000   5.496704E+000   5.485257E+000   1.144742E-002
   10401      29     1.940000     2.200000   1.524385E+001   3.585303E+000   1.326099E+001   3.978298E+000   1.165855E+001   9.282696E+000   2.375852E+000
   10401      30     2.200000     2.300000   5.897529E+000   1.769634E+000   5.896835E+000   1.769051E+000   4.127894E+000   4.127785E+000   1.097209E-004
   10401      31     2.300000     2.450000   6.412228E+000   1.924052E+000   6.411672E+000   1.923502E+000   4.488176E+000   4.488170E+000   5.934824E-006
   10401      32     2.450000     2.550000   2.808749E+000   8.425289E-001   2.808295E+000   8.424884E-001   1.966220E+000   1.965806E+000   4.139849E-004
   10401      33     2.550000     2.650000   2.466453E+000   7.360047E-001   2.461809E+000   7.385427E-001   1.730449E+000   1.723266E+000   7.182243E-003
   10401      34     2.650000     2.900000   5.107089E+000   3.933992E-001   1.787535E+000   5.362604E-001   4.713690E+000   1.251274E+000   3.462416E+000
   10401      35     2.900000     3.200000   4.829501E+000   1.441321E+000   4.820696E+000   1.446209E+000   3.388180E+000   3.374487E+000   1.369295E-002
   10401      36     3.200000     3.500000   4.479548E+000   1.343916E+000   4.479432E+000   1.343830E+000   3.135632E+000   3.135603E+000   2.968541E-005
   10401      37     3.500000     3.900000   5.317470E+000   1.592358E+000   5.314106E+000   1.594232E+000   3.725112E+000   3.719874E+000   5.238037E-003
   10401      38     3.900000     5.500000   8.889375E+000   1.785284E+000   6.411012E+000   1.923304E+000   7.104091E+000   4.487709E+000   2.616383E+000
   10401      39     5.500000     6.500000   2.171822E+000   6.515471E-001   2.171814E+000   6.515441E-001   1.520275E+000   1.520270E+000   4.910132E-006
   10401      40     6.500000     7.000000   6.459457E-001   1.937836E-001   6.459441E-001   1.937832E-001   4.521621E-001   4.521609E-001   1.207158E-006
   10401      41     7.000000     9.000000   1.525571E+000   4.557292E-001   1.523401E+000   4.570202E-001   1.069842E+000   1.066380E+000   3.461452E-003
   10401      42     9.000000    20.000000   1.633159E+000   3.888063E-001   1.345781E+000   4.037342E-001   1.244353E+000   9.420464E-001   3.023063E-001
   10501       1     0.200000     0.300000   5.582456E-006   2.938599E-006   3.776939E-006   1.133082E-006   2.643857E-006   2.643857E-006  -4.911299E-015
   10501       2     0.300000     0.345000   2.557270E-003   1.160959E-003   1.994730E-003   5.984189E-004   1.396311E-003   1.396311E-003   9.565853E-013
   10501       3     0.345000     0.385000   2.512764E-003   1.006153E-003   2.152302E-003   6.456906E-004   1.506611E-003   1.506611E-003  -5.730525E-013
   10501       4     0.385000     0.420000   1.293223E-002   4.781073E-003   1.164451E-002   3.493352E-003   8.151155E-003   8.151155E-003   5.811202E-012
   10501       5     0.420000     0.450000   2.349464E-002   8.255229E-003   2.177059E-002   6.531176E-003   1.523941E-002   1.523941E-002  -9.093545E-012
   10501       6     0.450000     0.500000   1.310848E-001   4.421893E-002   1.240940E-001   3.722821E-002   8.686582E-002   8.686582E-002   2.177904E-011
   10501       7     0.500000     0.550000   1.748537E-001   5.680007E-002   1.686481E-001   5.059442E-002   1.180536E-001   1.180536E-001  -2.696647E-011
   10501       8     0.550000     0.610000   2.295775E-001   7.279690E-002   2.239723E-001   6.719170E-002   1.567806E-001   1.567806E-001   5.105094E-011
   10501       9     0.610000     0.690000   5.693172E-001   1.769141E-001   5.605758E-001   1.681727E-001   3.924031E-001   3.924031E-001   3.955847E-011
   10501      10     0.690000     0.780000   2.472789E+000   7.577010E-001   2.450126E+000   7.350378E-001   1.715088E+000   1.715088E+000  -1.816627E-010
   10501      11     0.780000     0.800000   1.063069E+000   3.241398E-001   1.055609E+000   3.166826E-001   7.389296E-001   7.389261E-001   3.472118E-006
   10501      12     0.800000     0.870000   5.878988E+000   1.787489E+000   5.844998E+000   1.753499E+000   4.091499E+000   4.091499E+000   5.807379E-007
   10501      13     0.870000     0.880000   8.736691E-001   2.649443E-001   8.695961E-001   2.608788E-001   6.087248E-001   6.087173E-001   7.466395E-006
   10501      14     0.880000     1.030000   2.249240E+001   6.799491E+000   2.241845E+001   6.725534E+000   1.569291E+001   1.569291E+001   2.785732E-007
   10501      15     1.030000     1.080000   9.248799E+000   2.788382E+000   9.227951E+000   2.768385E+000   6.460417E+000   6.459566E+000   8.512087E-004
   10501      16     1.080000     1.140000   1.173685E+001   3.535822E+000   1.171566E+001   3.514699E+000   8.201028E+000   8.200964E+000   6.410412E-005
   10501      17     1.140000     1.200000   1.143670E+001   3.442659E+000   1.142004E+001   3.426012E+000   7.994037E+000   7.994027E+000   1.049982E-005
   10501      18     1.200000     1.240000   8.097833E+000   2.419678E+000   8.068693E+000   2.420608E+000   5.678154E+000   5.648085E+000   3.006901E-002
   10501      19     1.240000     1.280000   7.733813E+000   2.325879E+000   7.725362E+000   2.317609E+000   5.407934E+000   5.407753E+000   1.808784E-004
   10501      20     1.280000     1.340000   1.109154E+001   3.331757E+000   1.107801E+001   3.323404E+000   7.759786E+000   7.754608E+000   5.177365E-003
   10501      21     1.340000     1.420000   1.012492E+001   3.042444E+000   1.011688E+001   3.035064E+000   7.082476E+000   7.081816E+000   6.607538E-004
   10501      22     1.420000     1.460000   4.444646E+000   1.229072E+000   4.295855E+000   1.288756E+000   3.215574E+000   3.007098E+000   2.084754E-001
   10501      23     1.460000     1.490000   3.316959E+000   9.942169E-001   3.312597E+000   9.937791E-001   2.322742E+000   2.318818E+000   3.924055E-003
   10501      24     1.490000     1.520000   3.416012E+000   1.025629E+000   3.413716E+000   1.024115E+000   2.390382E+000   2.389601E+000   7.807831E-004
   10501      25     1.520000     1.680000   2.089115E+001   6.135991E+000   2.069914E+001   6.209741E+000   1.475516E+001   1.448940E+001   2.657613E-001
   10501      26     1.680000     1.740000   7.400301E+000   2.221620E+000   7.397812E+000   2.219344E+000   5.178681E+000   5.178469E+000   2.124716E-004
   10501      27     1.740000     1.820000   6.859941E+000   2.059254E+000   6.858037E+000   2.057411E+000   4.800687E+000   4.800626E+000   6.125008E-005
   10501      28     1.820000     1.940000   7.844991E+000   2.348290E+000   7.836085E+000   2.350826E+000   5.496701E+000   5.485260E+000   1.144096E-002
   10501      29     1.940000     2.200000   1.524385E+001   3.585636E+000   1.326141E+001   3.978424E+000   1.165821E+001   9.282990E+000   2.375224E+000
   10501      30     2.200000     2.300000   5.897529E+000   1.769634E+000   5.896835E+000   1.769051E+000   4.127894E+000   4.127785E+000   1.096462E-004
   10501      31     2.300000     2.450000   6.412228E+000   1.924052E+000   6.411672E+000   1.923502E+000   4.488176E+000   4.488170E+000   5.931711E-006
   10501      32     2.450000     2.550000   2.808749E+000   8.425297E-001   2.808296E+000   8.424887E-001   1.966220E+000   1.965807E+000   4.124919E-004
   10501      33     2.550000     2.650000   2.466453E+000   7.360084E-001   2.461813E+000   7.385440E-001   1.730445E+000   1.723269E+000   7.175699E-003
   10501      34     2.650000     2.900000   5.107089E+000   3.936565E-001   1.788392E+000   5.365175E-001   4.713433E+000   1.251874E+000   3.461559E+000
   10501      35     2.900000     3.200000   4.829501E+000   1.441328E+000   4.820705E+000   1.446212E+000   3.388173E+000   3.374494E+000   1.367912E-002
   10501      36     3.200000     3.500000   4.479548E+000   1.343916E+000   4.479432E+000   1.343830E+000   3.135632E+000   3.135603E+000   2.960927E-005
   10501      37     3.500000     3.900000   5.317470E+000   1.592358E+000   5.314106E+000   1.594232E+000   3.725113E+000   3.719874E+000   5.238610E-003
   10501      38     3.900000     5.500000   8.889375E+000   1.785383E+000   6.411207E+000   1.923362E+000   7.103992E+000   4.487845E+000   2.616147E+000
   10501      39     5.500000     6.500000   2.171822E+000   6.515471E-001   2.171814E+000   6.515441E-001   1.520275E+000   1.520270E+000   4.900481E-006
   10501      40     6.500000     7.000000   6.459457E-001   1.937836E-001   6.459441E-001   1.937832E-001   4.521621E-001   4.521609E-001   1.205102E-006
   10501      41     7.000000     9.000000   1.525571E+000   4.557293E-001   1.523401E+000   4.570202E-001   1.069842E+000   1.066380E+000   3.461382E-003
   10501      42     9.000000    20.000000   1.633159E+000   3.889065E-001   1.346012E+000   4.038036E-001   1.244252E+000   9.422084E-001   3.020439E-001
   10601       1     0.200000     0.300000   5.582456E-006   2.938599E-006   3.776939E-006   1.133082E-006   2.643857E-006   2.643857E-006  -4.911299E-015
   10601       2     0.300000     0.345000   2.557270E-003   1.160959E-003   1.994730E-003   5.984189E-004   1.396311E-003   1.396311E-003   9.565853E-013
   10601       3     0.345000     0.385000   2.512764E-003   1.006153E-003   2.152302E-003   6.456906E-004   1.506611E-003   1.506611E-003  -5.730525E-013
   10601       4     0.385000     0.420000   1.293223E-002   4.781073E-003   1.164451E-002   3.493352E-003   8.151155E-003   8.151155E-003   6.465663E-012
   10601       5     0.420000     0.450000   2.349464E-002   8.255229E-003   2.177059E-002   6.531176E-003   1.523941E-002   1.523941E-002  -7.936353E-012
   10601       6     0.450000     0.500000   1.310848E-001   4.421893E-002   1.240940E-001   3.722821E-002   8.686582E-002   8.686582E-002   1.996371E-011
   10601       7     0.500000     0.550000   1.748537E-001   5.680007E-002   1.686481E-001   5.059442E-002   1.180536E-001   1.180536E-001  -4.000421E-011
   10601       8     0.550000     0.610000   2.295775E-001   7.279690E-002   2.239723E-001   6.719170E-002   1.567806E-001   1.567806E-001   3.777503E-011
   10601       9     0.610000     0.690000   5.693172E-001   1.769141E-001   5.605758E-001   1.681727E-001   3.924031E-001   3.924031E-001   4.727818E-011
   10601      10     0.690000     0.780000   2.472789E+000   7.577010E-001   2.450126E+000   7.350378E-001   1.715088E+000   1.715088E+000  -2.288836E-011
   10601      11     0.780000     0.800000   1.063069E+000   3.241398E-001   1.055609E+000   3.166826E-001   7.389296E-001   7.389261E-001   3.472094E-006
   10601      12     0.800000     0.870000   5.878988E+000   1.787489E+000   5.844998E+000   1.753499E+000   4.091499E+000   4.091499E+000   5.808774E-007
   10601      13     0.870000     0.880000   8.736691E-001   2.649443E-001   8.695961E-001   2.608788E-001   6.087248E-001   6.087173E-001   7.464680E-006
   10601      14     0.880000     1.030000   2.249240E+001   6.799491E+000   2.241845E+001   6.725534E+000   1.569291E+001   1.569291E+001   2.784715E-007
   10601      15     1.030000     1.080000   9.248799E+000   2.788382E+000   9.227951E+000   2.768385E+000   6.460417E+000   6.459566E+000   8.512053E-004
   10601      16     1.080000     1.140000   1.173685E+001   3.535822E+000   1.171566E+001   3.514699E+000   8.201028E+000   8.200964E+000   6.410317E-005
   10601      17     1.140000     1.200000   1.143670E+001   3.442659E+000   1.142004E+001   3.426012E+000   7.994037E+000   7.994027E+000   1.050081E-005
   10601      18     1.200000     1.240000   8.097833E+000   2.419679E+000   8.068693E+000   2.420608E+000   5.678154E+000   5.648085E+000   3.006886E-002
   10601      19     1.240000     1.280000   7.733813E+000   2.325879E+000   7.725362E+000   2.317609E+000   5.407934E+000   5.407753E+000   1.807977E-004
   10601      20     1.280000     1.340000   1.109154E+001   3.331757E+000   1.107801E+001   3.323404E+000   7.759786E+000   7.754608E+000   5.177422E-003
   10601      21     1.340000     1.420000   1.012492E+001   3.042445E+000   1.011688E+001   3.035064E+000   7.082476E+000   7.081816E+000   6.606335E-004
   10601      22     1.420000     1.460000   4.444646E+000   1.229074E+000   4.295857E+000   1.288757E+000   3.215571E+000   3.007100E+000   2.084712E-001
   10601      23     1.460000     1.490000   3.316959E+000   9.942170E-001   3.312597E+000   9.937791E-001   2.322742E+000   2.318818E+000   3.923886E-003
   10601      24     1.490000     1.520000   3.416012E+000   1.025629E+000   3.413716E+000   1.024115E+000   2.390382E+000   2.389602E+000   7.806149E-004
   10601      25     1.520000     1.680000   2.089115E+001   6.135996E+000   2.069914E+001   6.209742E+000   1.475515E+001   1.448940E+001   2.657539E-001
   10601      26     1.680000     1.740000   7.400301E+000   2.221620E+000   7.397812E+000   2.219344E+000   5.178681E+000   5.178469E+000   2.123834E-004
   10601      27     1.740000     1.820000   6.859941E+000   2.059254E+000   6.858038E+000   2.057411E+000   4.800687E+000   4.800626E+000   6.078537E-005
   10601      28     1.820000     1.940000   7.844991E+000   2.348294E+000   7.836089E+000   2.350827E+000   5.496697E+000   5.485263E+000   1.143465E-002
   10601      29     1.940000     2.200000   1.524385E+001   3.585965E+000   1.326183E+001   3.978549E+000   1.165789E+001   9.283281E+000   2.374604E+000
   10601      30     2.200000     2.300000   5.897529E+000   1.769635E+000   5.896835E+000   1.769051E+000   4.127894E+000   4.127785E+000   1.095726E-004
   10601      31     2.300000     2.450000   6.412228E+000   1.924052E+000   6.411672E+000   1.923502E+000   4.488176E+000   4.488170E+000   5.928656E-006
   10601      32     2.450000     2.550000   2.808749E+000   8.425306E-001   2.808297E+000   8.424890E-001   1.966219E+000   1.965808E+000   4.110260E-004
   10601      33     2.550000     2.650000   2.466453E+000   7.360119E-001   2.461817E+000   7.385451E-001   1.730441E+000   1.723272E+000   7.169419E-003
   10601      34     2.650000     2.900000   5.107089E+000   3.939095E-001   1.789234E+000   5.367701E-001   4.713180E+000   1.252463E+000   3.460716E+000
   10601      35     2.900000     3.200000   4.829501E+000   1.441336E+000   4.820714E+000   1.446214E+000   3.388165E+000   3.374500E+000   1.366551E-002
   10601      36     3.200000     3.500000   4.479548E+000   1.343916E+000   4.479432E+000   1.343830E+000   3.135632E+000   3.135603E+000   2.953469E-005
   10601      37     3.500000     3.900000   5.317470E+000   1.592357E+000   5.314106E+000   1.594232E+000   3.725113E+000   3.719874E+000   5.239179E-003
   10601      38     3.900000     5.500000   8.889375E+000   1.785481E+000   6.411398E+000   1.923419E+000   7.103894E+000   4.487978E+000   2.615916E+000
   10601      39     5.500000     6.500000   2.171822E+000   6.515471E-001   2.171814E+000   6.515441E-001   1.520275E+000   1.520270E+000   4.891106E-006
   10601      40     6.500000     7.000000   6.459457E-001   1.937836E-001   6.459441E-001   1.937832E-001   4.521621E-001   4.521609E-001   1.203092E-006
   10601      41     7.000000     9.000000   1.525571E+000   4.557293E-001   1.523401E+000   4.570202E-001   1.069842E+000   1.066380E+000   3.461312E-003
   10601      42     9.000000    20.000000   1.633159E+000   3.890047E-001   1.346240E+000   4.038719E-001   1.244154E+000   9.423677E-001   3.017866E-001
   10701       1     0.200000     0.300000   5.582456E-006   2.938599E-006   3.776939E-006   1.133082E-006   2.643857E-006   2.643857E-006  -4.911299E-015
   10701       2     0.300000     0.345000   2.557270E-003   1.160959E-003   1.994730E-003   5.984189E-004   1.396311E-003   1.396311E-003   9.565853E-013
   10701       3     0.345000     0.385000   2.512764E-003   1.006153E-003   2.152302E-003   6.456906E-004   1.506611E-003   1.506611E-003  -5.730525E-013
   10701       4     0.385000     0.420000   1.293223E-002   4.781073E-003   1.164451E-002   3.493352E-003   8.151155E-003   8.151155E-003   6.680058E-012
   10701       5     0.420000     0.450000   2.349464E-002   8.255229E-003   2.177059E-002   6.531176E-003   1.523941E-002   1.523941E-002  -6.810916E-012
   10701       6     0.450000     0.500000   1.310848E-001   4.421893E-002   1.240940E-001   3.722821E-002   8.686582E-002   8.686582E-002   1.297047E-011
   10701       7     0.500000     0.550000   1.748537E-001   5.680007E-002   1.686481E-001   5.059442E-002   1.180536E-001   1.180536E-001  -4.027990E-011
   10701       8     0.550000     0.610000   2.295775E-001   7.279690E-002   2.239723E-001   6.719170E-002   1.567806E-001   1.567806E-001   2.976591E-011
   10701       9     0.610000     0.690000   5.693172E-001   1.769141E-001   5.605758E-001   1.681727E-001   3.924031E-001   3.924031E-001   1.046596E-011
   10701      10     0.690000     0.780000   2.472789E+000   7.577010E-001   2.450126E+000   7.350378E-001   1.715088E+000   1.715088E+000   1.119274E-010
   10701      11     0.780000     0.800000   1.063069E+000   3.241398E-001   1.055609E+000   3.166826E-001   7.389296E-001   7.389261E-001   3.472069E-006
   10701      12     0.800000     0.870000   5.878988E+000   1.787489E+000   5.844998E+000   1.753499E+000   4.091499E+000   4.091499E+000   5.810150E-007
   10701      13     0.870000     0.880000   8.736691E-001   2.649443E-001   8.695961E-001   2.608788E-001   6.087248E-001   6.087173E-001   7.462988E-006
   10701      14     0.880000     1.030000   2.249240E+001   6.799491E+000   2.241845E+001   6.725534E+000   1.569291E+001   1.569291E+001   2.783780E-007
   10701      15     1.030000     1.080000   9.248799E+000   2.788382E+000   9.227951E+000   2.768385E+000   6.460417E+000   6.459566E+000   8.512020E-004
   10701      16     1.080000     1.140000   1.173685E+001   3.535822E+000   1.171566E+001   3.514699E+000   8.201028E+000   8.200964E+000   6.410224E-005
   10701      17     1.140000     1.200000   1.143670E+001   3.442659E+000   1.142004E+001   3.426012E+000   7.994037E+000   7.994027E+000   1.050179E-005
   10701      18     1.200000     1.240000   8.097833E+000   2.419679E+000   8.068693E+000   2.420608E+000   5.678154E+000   5.648085E+000   3.006872E-002
   10701      19     1.240000     1.280000   7.733813E+000   2.325879E+000   7.725362E+000   2.317609E+000   5.407934E+000   5.407753E+000   1.807181E-004
   10701      20     1.280000     1.340000   1.109154E+001   3.331757E+000   1.107801E+001   3.323404E+000   7.759786E+000   7.754608E+000   5.177478E-003
   10701      21     1.340000     1.420000   1.012492E+001   3.042445E+000   1.011688E+001   3.035064E+000   7.082476E+000   7.081816E+000   6.605148E-004
   10701      22     1.420000     1.460000   4.444646E+000   1.229077E+000   4.295859E+000   1.288758E+000   3.215569E+000   3.007102E+000   2.084671E-001
   10701      23     1.460000     1.490000   3.316959E+000   9.942171E-001   3.312597E+000   9.937792E-001   2.322742E+000   2.318818E+000   3.923719E-003
   10701      24     1.490000     1.520000   3.416012E+000   1.025630E+000   3.413717E+000   1.024115E+000   2.390382E+000   2.389602E+000   7.804492E-004
   10701      25     1.520000     1.680000   2.089115E+001   6.136000E+000   2.069914E+001   6.209743E+000   1.475515E+001   1.448940E+001   2.657467E-001
   10701      26     1.680000     1.740000   7.400301E+000   2.221620E+000   7.397812E+000   2.219344E+000   5.178681E+000   5.178469E+000   2.122965E-004
   10701      27     1.740000     1.820000   6.859941E+000   2.059254E+000   6.858038E+000   2.057411E+000   4.800687E+000   4.800627E+000   6.032782E-005
   10701      28     1.820000     1.940000   7.844991E+000   2.348297E+000   7.836093E+000   2.350828E+000   5.496694E+000   5.485265E+000   1.142844E-002
   10701      29     1.940000     2.200000   1.524385E+001   3.586289E+000   1.326224E+001   3.978672E+000   1.165756E+001   9.283568E+000   2.373993E+000
   10701      30     2.200000     2.300000   5.897529E+000   1.769635E+000   5.896835E+000   1.769051E+000   4.127894E+000   4.127785E+000   1.095000E-004
   10701      31     2.300000     2.450000   6.412228E+000   1.924052E+000   6.411672E+000   1.923502E+000   4.488176E+000   4.488170E+000   5.925643E-006
   10701      32     2.450000     2.550000   2.808749E+000   8.425314E-001   2.808298E+000   8.424893E-001   1.966218E+000   1.965808E+000   4.095805E-004
   10701      33     2.550000     2.650000   2.466453E+000   7.360154E-001   2.461821E+000   7.385463E-001   1.730438E+000   1.723275E+000   7.163263E-003
   10701      34     2.650000     2.900000   5.107089E+000   3.941597E-001   1.790065E+000   5.370195E-001   4.712929E+000   1.253045E+000   3.459884E+000
   10701      35     2.900000     3.200000   4.829501E+000   1.441343E+000   4.820722E+000   1.446217E+000   3.388158E+000   3.374506E+000   1.365208E-002
   10701      36     3.200000     3.500000   4.479548E+000   1.343916E+000   4.479432E+000   1.343830E+000   3.135632E+000   3.135603E+000   2.946118E-005
   10701      37     3.500000     3.900000   5.317470E+000   1.592357E+000   5.314105E+000   1.594232E+000   3.725113E+000   3.719874E+000   5.239741E-003
   10701      38     3.900000     5.500000   8.889375E+000   1.785577E+000   6.411585E+000   1.923476E+000   7.103798E+000   4.488110E+000   2.615688E+000
   10701      39     5.500000     6.500000   2.171822E+000   6.515471E-001   2.171814E+000   6.515441E-001   1.520275E+000   1.520270E+000   4.881882E-006
   10701      40     6.500000     7.000000   6.459457E-001   1.937836E-001   6.459441E-001   1.937832E-001   4.521621E-001   4.521609E-001   1.201113E-006
   10701      41     7.000000     9.000000   1.525571E+000   4.557293E-001   1.523401E+000   4.570202E-001   1.069842E+000   1.066380E+000   3.461243E-003
   10701      42     9.000000    20.000000   1.633159E+000   3.891016E-001   1.346464E+000   4.039393E-001   1.244057E+000   9.425251E-001   3.015322E-001
   10801       1     0.200000     0.300000   5.582456E-006   2.938599E-006   3.776939E-006   1.133082E-006   2.643857E-006   2.643857E-006  -4.911299E-015
   10801       2     0.300000     0.345000   2.557270E-003   1.160959E-003   1.994730E-003   5.984189E-004   1.396311E-003   1.396311E-003   9.565853E-013
   10801       3     0.345000     0.385000   2.512764E-003   1.006153E-003   2.152302E-003   6.456906E-004   1.506611E-003   1.506611E-003  -5.730525E-013
   10801       4     0.385000     0.420000   1.293223E-002   4.781073E-003   1.164451E-002   3.493352E-003   8.151155E-003   8.151155E-003   5.554527E-012
   10801       5     0.420000     0.450000   2.349464E-002   8.255229E-003   2.177059E-002   6.531176E-003   1.523941E-002   1.523941E-002  -3.641899E-012
   10801       6     0.450000     0.500000   1.310848E-001   4.421893E-002   1.240940E-001   3.722821E-002   8.686582E-002   8.686582E-002   1.562475E-011
   10801       7     0.500000     0.550000   1.748537E-001   5.680007E-002   1.686481E-001   5.059442E-002   1.180536E-001   1.180536E-001  -5.161870E-011
   10801       8     0.550000     0.610000   2.295775E-001   7.279690E-002   2.239723E-001   6.719170E-002   1.567806E-001   1.567806E-001   3.147971E-011
   10801       9     0.610000     0.690000   5.693172E-001   1.769141E-001   5.605758E-001   1.681727E-001   3.924031E-001   3.924031E-001   1.822631E-011
   10801      10     0.690000     0.780000   2.472789E+000   7.577010E-001   2.450126E+000   7.350378E-001   1.715088E+000   1.715088E+000  -3.945555E-011
   10801      11     0.780000     0.800000   1.063069E+000   3.241398E-001   1.055609E+000   3.166826E-001   7.389296E-001   7.389261E-001   3.472044E-006
   10801      12     0.800000     0.870000   5.878988E+000   1.787489E+000   5.844998E+000   1.753499E+000   4.091499E+000   4.091499E+000   5.811506E-007
   10801      13     0.870000     0.880000   8.736691E-001   2.649443E-001   8.695961E-001   2.608788E-001   6.087248E-001   6.087173E-001   7.461317E-006
   10801      14     0.880000     1.030000   2.249240E+001   6.799491E+000   2.241845E+001   6.725534E+000   1.569291E+001   1.569291E+001   2.782822E-007
   10801      15     1.030000     1.080000   9.248799E+000   2.788382E+000   9.227951E+000   2.768385E+000   6.460417E+000   6.459566E+000   8.511987E-004
   10801      16     1.080000     1.140000   1.173685E+001   3.535822E+000   1.171566E+001   3.514699E+000   8.201028E+000   8.200964E+000   6.410133E-005
   10801      17     1.140000     1.200000   1.143670E+001   3.442659E+000   1.142004E+001   3.426012E+000   7.994037E+000   7.994027E+000   1.050277E-005
   10801      18     1.200000     1.240000   8.097833E+000   2.419679E+000   8.068693E+000   2.420608E+000   5.678154E+000   5.648085E+000   3.006857E-002
   10801      19     1.240000     1.280000   7.733813E+000   2.325879E+000   7.725362E+000   2.317609E+000   5.407934E+000   5.407753E+000   1.806396E-004
   10801      20     1.280000     1.340000   1.109154E+001   3.331757E+000   1.107801E+001   3.323404E+000   7.759786E+000   7.754608E+000   5.177533E-003
   10801      21     1.340000     1.420000   1.012492E+001   3.042445E+000   1.011688E+001   3.035064E+000   7.082476E+000   7.081816E+000   6.603977E-004
   10801      22     1.420000     1.460000   4.444646E+000   1.229079E+000   4.295862E+000   1.288759E+000   3.215566E+000   3.007103E+000   2.084631E-001
   10801      23     1.460000     1.490000   3.316959E+000   9.942172E-001   3.312597E+000   9.937792E-001   2.322742E+000   2.318818E+000   3.923554E-003
   10801      24     1.490000     1.520000   3.416012E+000   1.025630E+000   3.413717E+000   1.024115E+000   2.390382E+000   2.389602E+000   7.802855E-004
   10801      25     1.520000     1.680000   2.089115E+001   6.136004E+000   2.069915E+001   6.209745E+000   1.475514E+001   1.448940E+001   2.657396E-001
   10801      26     1.680000     1.740000   7.400301E+000   2.221620E+000   7.397812E+000   2.219344E+000   5.178681E+000   5.178469E+000   2.122106E-004
   10801      27     1.740000     1.820000   6.859941E+000   2.059255E+000   6.858038E+000   2.057411E+000   4.800687E+000   4.800627E+000   5.987582E-005
   10801      28     1.820000     1.940000   7.844991E+000   2.348301E+000   7.836097E+000   2.350829E+000   5.496690E+000   5.485268E+000   1.142230E-002
   10801      29     1.940000     2.200000   1.524385E+001   3.586610E+000   1.326264E+001   3.978793E+000   1.165724E+001   9.283851E+000   2.373388E+000
   10801      30     2.200000     2.300000   5.897529E+000   1.769635E+000   5.896835E+000   1.769051E+000   4.127894E+000   4.127785E+000   1.094283E-004
   10801      31     2.300000     2.450000   6.412228E+000   1.924052E+000   6.411672E+000   1.923502E+000   4.488176E+000   4.488170E+000   5.922666E-006
   10801      32     2.450000     2.550000   2.808749E+000   8.425322E-001   2.808298E+000   8.424895E-001   1.966217E+000   1.965809E+000   4.081529E-004
   10801      33     2.550000     2.650000   2.466453E+000   7.360188E-001   2.461825E+000   7.385474E-001   1.730435E+000   1.723277E+000   7.157183E-003
   10801      34     2.650000     2.900000   5.107089E+000   3.944077E-001   1.790887E+000   5.372662E-001   4.712681E+000   1.253621E+000   3.459060E+000
   10801      35     2.900000     3.200000   4.829501E+000   1.441351E+000   4.820731E+000   1.446219E+000   3.388150E+000   3.374511E+000   1.363882E-002
   10801      36     3.200000     3.500000   4.479548E+000   1.343916E+000   4.479432E+000   1.343830E+000   3.135632E+000   3.135603E+000   2.938858E-005
   10801      37     3.500000     3.900000   5.317470E+000   1.592357E+000   5.314105E+000   1.594231E+000   3.725114E+000   3.719873E+000   5.240297E-003
   10801      38     3.900000     5.500000   8.889375E+000   1.785672E+000   6.411771E+000   1.923531E+000   7.103703E+000   4.488240E+000   2.615463E+000
   10801      39     5.500000     6.500000   2.171822E+000   6.515471E-001   2.171814E+000   6.515441E-001   1.520275E+000   1.520270E+000   4.872769E-006
   10801      40     6.500000     7.000000   6.459457E-001   1.937836E-001   6.459441E-001   1.937832E-001   4.521621E-001   4.521609E-001   1.199160E-006
   10801      41     7.000000     9.000000   1.525571E+000   4.557294E-001   1.523401E+000   4.570202E-001   1.069842E+000   1.066381E+000   3.461174E-003
   10801      42     9.000000    20.000000   1.633159E+000   3.891976E-001   1.346687E+000   4.040062E-001   1.243961E+000   9.426812E-001   3.012801E-001
   10901       1     0.200000     0.300000   5.582456E-006   2.938599E-006   3.776939E-006   1.133082E-006   2.643857E-006   2.643857E-006  -4.911299E-015
   10901       2     0.300000     0.345000   2.557270E-003   1.160959E-003   1.994730E-003   5.984189E-004   1.396311E-003   1.396311E-003   9.565853E-013
   10901       3     0.345000     0.385000   2.512764E-003   1.006153E-003   2.152302E-003   6.456906E-004   1.506611E-003   1.506611E-003  -5.730525E-013
   10901       4     0.385000     0.420000   1.293223E-002   4.781073E-003   1.164451E-002   3.493352E-003   8.151155E-003   8.151155E-003   5.554527E-012
   10901       5     0.420000     0.450000   2.349464E-002   8.255229E-003   2.177059E-002   6.531176E-003   1.523941E-002   1.523941E-002  -3.800444E-012
   10901       6     0.450000     0.500000   1.310848E-001   4.421893E-002   1.240940E-001   3.722821E-002   8.686582E-002   8.686582E-002   2.944894E-012
   10901       7     0.500000     0.550000   1.748537E-001   5.680007E-002   1.686481E-001   5.059442E-002   1.180536E-001   1.180536E-001  -3.624612E-011
   10901       8     0.550000     0.610000   2.295775E-001   7.279690E-002   2.239723E-001   6.719170E-002   1.567806E-001   1.567806E-001   7.880835E-012
   10901       9     0.610000     0.690000   5.693172E-001   1.769141E-001   5.605758E-001   1.681727E-001   3.924031E-001   3.924031E-001   3.861578E-011
   10901      10     0.690000     0.780000   2.472789E+000   7.577010E-001   2.450126E+000   7.350378E-001   1.715088E+000   1.715088E+000  -9.228907E-011
   10901      11     0.780000     0.800000   1.063069E+000   3.241398E-001   1.055609E+000   3.166826E-001   7.389296E-001   7.389261E-001   3.472020E-006
   10901      12     0.800000     0.870000   5.878988E+000   1.787489E+000   5.844998E+000   1.753499E+000   4.091499E+000   4.091499E+000   5.812854E-007
   10901      13     0.870000     0.880000   8.736691E-001   2.649443E-001   8.695961E-001   2.608788E-001   6.087248E-001   6.087173E-001   7.459671E-006
   10901      14     0.880000     1.030000   2.249240E+001   6.799491E+000   2.241845E+001   6.725534E+000   1.569291E+001   1.569291E+001   2.781885E-007
   10901      15     1.030000     1.080000   9.248799E+000   2.788382E+000   9.227951E+000   2.768385E+000   6.460417E+000   6.459566E+000   8.511954E-004
   10901      16     1.080000     1.140000   1.173685E+001   3.535822E+000   1.171566E+001   3.514699E+000   8.201028E+000   8.200964E+000   6.410046E-005
   10901      17     1.140000     1.200000   1.143670E+001   3.442659E+000   1.142004E+001   3.426012E+000   7.994037E+000   7.994027E+000   1.050376E-005
   10901      18     1.200000     1.240000   8.097833E+000   2.419679E+000   8.068694E+000   2.420608E+000   5.678154E+000   5.648086E+000   3.006843E-002
   10901      19     1.240000     1.280000   7.733813E+000   2.325879E+000   7.725362E+000   2.317609E+000   5.407934E+000   5.407753E+000   1.805625E-004
   10901      20     1.280000     1.340000   1.109154E+001   3.331757E+000   1.107801E+001   3.323404E+000   7.759786E+000   7.754608E+000   5.177588E-003
   10901      21     1.340000     1.420000   1.012492E+001   3.042445E+000   1.011688E+001   3.035064E+000   7.082476E+000   7.081816E+000   6.602825E-004
   10901      22     1.420000     1.460000   4.444646E+000   1.229082E+000   4.295864E+000   1.288759E+000   3.215564E+000   3.007105E+000   2.084591E-001
   10901      23     1.460000     1.490000   3.316959E+000   9.942173E-001   3.312597E+000   9.937792E-001   2.322742E+000   2.318818E+000   3.923393E-003
   10901      24     1.490000     1.520000   3.416012E+000   1.025630E+000   3.413717E+000   1.024115E+000   2.390382E+000   2.389602E+000   7.801251E-004
   10901      25     1.520000     1.680000   2.089115E+001   6.136009E+000   2.069915E+001   6.209746E+000   1.475514E+001   1.448941E+001   2.657325E-001
   10901      26     1.680000     1.740000   7.400301E+000   2.221620E+000   7.397812E+000   2.219344E+000   5.178681E+000   5.178469E+000   2.121266E-004
   10901      27     1.740000     1.820000   6.859941E+000   2.059255E+000   6.858038E+000   2.057412E+000   4.800686E+000   4.800627E+000   5.943595E-005
   10901      28     1.820000     1.940000   7.844991E+000   2.348304E+000   7.836101E+000   2.350830E+000   5.496687E+000   5.485271E+000   1.141632E-002
   10901      29     1.940000     2.200000   1.524385E+001   3.586927E+000   1.326304E+001   3.978913E+000   1.165692E+001   9.284130E+000   2.372792E+000
   10901      30     2.200000     2.300000   5.897529E+000   1.769635E+000   5.896835E+000   1.769051E+000   4.127894E+000   4.127785E+000   1.093578E-004
   10901      31     2.300000     2.450000   6.412228E+000   1.924052E+000   6.411672E+000   1.923502E+000   4.488176E+000   4.488170E+000   5.919747E-006
   10901      32     2.450000     2.550000   2.808749E+000   8.425330E-001   2.808299E+000   8.424898E-001   1.966216E+000   1.965810E+000   4.067523E-004
   10901      33     2.550000     2.650000   2.466453E+000   7.360221E-001   2.461828E+000   7.385485E-001   1.730431E+000   1.723280E+000   7.151382E-003
   10901      34     2.650000     2.900000   5.107089E+000   3.946512E-001   1.791694E+000   5.375082E-001   4.712438E+000   1.254186E+000   3.458252E+000
   10901      35     2.900000     3.200000   4.829501E+000   1.441358E+000   4.820739E+000   1.446222E+000   3.388143E+000   3.374517E+000   1.362576E-002
   10901      36     3.200000     3.500000   4.479548E+000   1.343916E+000   4.479432E+000   1.343830E+000   3.135632E+000   3.135603E+000   2.931753E-005
   10901      37     3.500000     3.900000   5.317470E+000   1.592356E+000   5.314104E+000   1.594231E+000   3.725114E+000   3.719873E+000   5.240850E-003
   10901      38     3.900000     5.500000   8.889375E+000   1.785766E+000   6.411953E+000   1.923586E+000   7.103610E+000   4.488367E+000   2.615243E+000
   10901      39     5.500000     6.500000   2.171822E+000   6.515471E-001   2.171814E+000   6.515441E-001   1.520275E+000   1.520270E+000   4.863942E-006
   10901      40     6.500000     7.000000   6.459457E-001   1.937836E-001   6.459441E-001   1.937832E-001   4.521621E-001   4.521609E-001   1.197256E-006
   10901      41     7.000000     9.000000   1.525571E+000   4.557294E-001   1.523401E+000   4.570202E-001   1.069842E+000   1.066381E+000   3.461106E-003
   10901      42     9.000000    20.000000   1.633159E+000   3.892914E-001   1.346906E+000   4.040719E-001   1.243868E+000   9.428343E-001   3.010332E-001
   11001       1     0.200000     0.300000   5.582456E-006   2.938599E-006   3.776939E-006   1.133082E-006   2.643857E-006   2.643857E-006  -4.911299E-015
   11001       2     0.300000     0.345000   2.557270E-003   1.160959E-003   1.994730E-003   5.984189E-004   1.396311E-003   1.396311E-003   9.565853E-013
   11001       3     0.345000     0.385000   2.512764E-003   1.006153E-003   2.152302E-003   6.456906E-004   1.506611E-003   1.506611E-003  -5.730525E-013
   11001       4     0.385000     0.420000   1.293223E-002   4.781073E-003   1.164451E-002   3.493352E-003   8.151155E-003   8.151155E-003   4.223916E-012
   11001       5     0.420000     0.450000   2.349464E-002   8.255229E-003   2.177059E-002   6.531176E-003   1.523941E-002   1.523941E-002  -8.342285E-014
   11001       6     0.450000     0.500000   1.310848E-001   4.421893E-002   1.240940E-001   3.722821E-002   8.686582E-002   8.686582E-002  -5.155362E-012
   11001       7     0.500000     0.550000   1.748537E-001   5.680007E-002   1.686481E-001   5.059442E-002   1.180536E-001   1.180536E-001  -4.400205E-011
   11001       8     0.550000     0.610000   2.295775E-001   7.279690E-002   2.239723E-001   6.719170E-002   1.567806E-001   1.567806E-001   2.511050E-011
   11001       9     0.610000     0.690000   5.693172E-001   1.769141E-001   5.605758E-001   1.681727E-001   3.924031E-001   3.924031E-001   1.103773E-011
   11001      10     0.690000     0.780000   2.472789E+000   7.577010E-001   2.450126E+000   7.350378E-001   1.715088E+000   1.715088E+000   3.340506E-011
   11001      11     0.780000     0.800000   1.063069E+000   3.241398E-001   1.055609E+000   3.166826E-001   7.389296E-001   7.389261E-001   3.471995E-006
   11001      12     0.800000     0.870000   5.878988E+000   1.787489E+000   5.844998E+000   1.753499E+000   4.091499E+000   4.091499E+000   5.814184E-007
   11001      13     0.870000     0.880000   8.736691E-001   2.649443E-001   8.695961E-001   2.608788E-001   6.087248E-001   6.087173E-001   7.458046E-006
   11001      14     0.880000     1.030000   2.249240E+001   6.799491E+000   2.241845E+001   6.725534E+000   1.569291E+001   1.569291E+001   2.780929E-007
   11001      15     1.030000     1.080000   9.248799E+000   2.788382E+000   9.227951E+000   2.768385E+000   6.460417E+000   6.459566E+000   8.511922E-004
   11001      16     1.080000     1.140000   1.173685E+001   3.535822E+000   1.171566E+001   3.514699E+000   8.201028E+000   8.200964E+000   6.409960E-005
   11001      17     1.140000     1.200000   1.143670E+001   3.442659E+000   1.142004E+001   3.426012E+000   7.994037E+000   7.994027E+000   1.050473E-005
   11001      18     1.200000     1.240000   8.097833E+000   2.419679E+000   8.068694E+000   2.420608E+000   5.678154E+000   5.648086E+000   3.006829E-002
   11001      19     1.240000     1.280000   7.733813E+000   2.325880E+000   7.725362E+000   2.317609E+000   5.407934E+000   5.407753E+000   1.804863E-004
   11001      20     1.280000     1.340000   1.109154E+001   3.331757E+000   1.107801E+001   3.323404E+000   7.759786E+000   7.754608E+000   5.177642E-003
   11001      21     1.340000     1.420000   1.012492E+001   3.042445E+000   1.011688E+001   3.035064E+000   7.082476E+000   7.081816E+000   6.601687E-004
   11001      22     1.420000     1.460000   4.444646E+000   1.229084E+000   4.295866E+000   1.288760E+000   3.215562E+000   3.007106E+000   2.084552E-001
   11001      23     1.460000     1.490000   3.316959E+000   9.942174E-001   3.312598E+000   9.937793E-001   2.322742E+000   2.318818E+000   3.923233E-003
   11001      24     1.490000     1.520000   3.416012E+000   1.025630E+000   3.413717E+000   1.024115E+000   2.390382E+000   2.389602E+000   7.799667E-004
   11001      25     1.520000     1.680000   2.089115E+001   6.136013E+000   2.069916E+001   6.209747E+000   1.475514E+001   1.448941E+001   2.657256E-001
   11001      26     1.680000     1.740000   7.400301E+000   2.221621E+000   7.397813E+000   2.219344E+000   5.178681E+000   5.178469E+000   2.120436E-004
   11001      27     1.740000     1.820000   6.859941E+000   2.059255E+000   6.858039E+000   2.057412E+000   4.800686E+000   4.800627E+000   5.900135E-005
   11001      28     1.820000     1.940000   7.844991E+000   2.348308E+000   7.836105E+000   2.350831E+000   5.496684E+000   5.485273E+000   1.141041E-002
   11001      29     1.940000     2.200000   1.524385E+001   3.587240E+000   1.326344E+001   3.979031E+000   1.165661E+001   9.284406E+000   2.372204E+000
   11001      30     2.200000     2.300000   5.897529E+000   1.769635E+000   5.896835E+000   1.769051E+000   4.127894E+000   4.127785E+000   1.092881E-004
   11001      31     2.300000     2.450000   6.412228E+000   1.924052E+000   6.411672E+000   1.923502E+000   4.488176E+000   4.488170E+000   5.916862E-006
   11001      32     2.450000     2.550000   2.808749E+000   8.425337E-001   2.808300E+000   8.424901E-001   1.966215E+000   1.965810E+000   4.053688E-004
   11001      33     2.550000     2.650000   2.466453E+000   7.360253E-001   2.461832E+000   7.385496E-001   1.730428E+000   1.723282E+000   7.145652E-003
   11001      34     2.650000     2.900000   5.107089E+000   3.948925E-001   1.792493E+000   5.377478E-001   4.712197E+000   1.254745E+000   3.457452E+000
   11001      35     2.900000     3.200000   4.829501E+000   1.441365E+000   4.820747E+000   1.446224E+000   3.388136E+000   3.374523E+000   1.361286E-002
   11001      36     3.200000     3.500000   4.479548E+000   1.343916E+000   4.479432E+000   1.343830E+000   3.135632E+000   3.135603E+000   2.924736E-005
   11001      37     3.500000     3.900000   5.317470E+000   1.592356E+000   5.314104E+000   1.594231E+000   3.725114E+000   3.719873E+000   5.241397E-003
   11001      38     3.900000     5.500000   8.889375E+000   1.785858E+000   6.412132E+000   1.923640E+000   7.103518E+000   4.488493E+000   2.615025E+000
   11001      39     5.500000     6.500000   2.171822E+000   6.515471E-001   2.171814E+000   6.515441E-001   1.520275E+000   1.520270E+000   4.855219E-006
   11001      40     6.500000     7.000000   6.459457E-001   1.937836E-001   6.459441E-001   1.937832E-001   4.521621E-001   4.521609E-001   1.195376E-006
   11001      41     7.000000     9.000000   1.525571E+000   4.557295E-001   1.523401E+000   4.570202E-001   1.069842E+000   1.066381E+000   3.461039E-003
   11001      42     9.000000    20.000000   1.633159E+000   3.893843E-001   1.347123E+000   4.041369E-001   1.243775E+000   9.429862E-001   3.007885E-001
   11101       1     0.200000     0.300000   5.582456E-006   2.938599E-006   3.776939E-006   1.133082E-006   2.643857E-006   2.643857E-006  -4.911299E-015
   11101       2     0.300000     0.345000   2.557270E-003   1.160959E-003   1.994730E-003   5.984189E-004   1.396311E-003   1.396311E-003   9.565853E-013
   11101       3     0.345000     0.385000   2.512764E-003   1.006153E-003   2.152302E-003   6.456906E-004   1.506611E-003   1.506611E-003  -5.730525E-013
   11101       4     0.385000     0.420000   1.293223E-002   4.781073E-003   1.164451E-002   3.493352E-003   8.151155E-003   8.151155E-003   5.678102E-012
   11101       5     0.420000     0.450000   2.349464E-002   8.255229E-003   2.177059E-002   6.531176E-003   1.523941E-002   1.523941E-002  -1.974709E-012
   11101       6     0.450000     0.500000   1.310848E-001   4.421893E-002   1.240940E-001   3.722821E-002   8.686582E-002   8.686582E-002  -9.009155E-012
   11101       7     0.500000     0.550000   1.748537E-001   5.680007E-002   1.686481E-001   5.059442E-002   1.180536E-001   1.180536E-001  -1.627776E-011
   11101       8     0.550000     0.610000   2.295775E-001   7.279690E-002   2.239723E-001   6.719170E-002   1.567806E-001   1.567806E-001   5.258885E-011
   11101       9     0.610000     0.690000   5.693172E-001   1.769141E-001   5.605758E-001   1.681727E-001   3.924031E-001   3.924031E-001  -4.326006E-011
   11101      10     0.690000     0.780000   2.472789E+000   7.577010E-001   2.450126E+000   7.350378E-001   1.715088E+000   1.715088E+000   9.612688E-011
   11101      11     0.780000     0.800000   1.063069E+000   3.241398E-001   1.055609E+000   3.166826E-001   7.389296E-001   7.389261E-001   3.471970E-006
   11101      12     0.800000     0.870000   5.878988E+000   1.787489E+000   5.844998E+000   1.753499E+000   4.091499E+000   4.091499E+000   5.815493E-007
   11101      13     0.870000     0.880000   8.736691E-001   2.649443E-001   8.695961E-001   2.608788E-001   6.087248E-001   6.087173E-001   7.456442E-006
   11101      14     0.880000     1.030000   2.249240E+001   6.799491E+000   2.241845E+001   6.725534E+000   1.569291E+001   1.569291E+001   2.780025E-007
   11101      15     1.030000     1.080000   9.248799E+000   2.788382E+000   9.227951E+000   2.768385E+000   6.460417E+000   6.459566E+000   8.511890E-004
   11101      16     1.080000     1.140000   1.173685E+001   3.535822E+000   1.171566E+001   3.514699E+000   8.201028E+000   8.200964E+000   6.409875E-005
   11101      17     1.140000     1.200000   1.143670E+001   3.442659E+000   1.142004E+001   3.426012E+000   7.994037E+000   7.994027E+000   1.050571E-005
   11101      18     1.200000     1.240000   8.097833E+000   2.419679E+000   8.068694E+000   2.420608E+000   5.678154E+000   5.648086E+000   3.006816E-002
   11101      19     1.240000     1.280000   7.733813E+000   2.325880E+000   7.725362E+000   2.317609E+000   5.407934E+000   5.407753E+000   1.804111E-004
   11101      20     1.280000     1.340000   1.109154E+001   3.331757E+000   1.107801E+001   3.323404E+000   7.759786E+000   7.754608E+000   5.177695E-003
   11101      21     1.340000     1.420000   1.012492E+001   3.042445E+000   1.011688E+001   3.035064E+000   7.082476E+000   7.081816E+000   6.600565E-004
   11101      22     1.420000     1.460000   4.444646E+000   1.229087E+000   4.295868E+000   1.288760E+000   3.215559E+000   3.007108E+000   2.084514E-001
   11101      23     1.460000     1.490000   3.316959E+000   9.942175E-001   3.312598E+000   9.937793E-001   2.322741E+000   2.318818E+000   3.923076E-003
   11101      24     1.490000     1.520000   3.416012E+000   1.025630E+000   3.413717E+000   1.024115E+000   2.390382E+000   2.389602E+000   7.798105E-004
   11101      25     1.520000     1.680000   2.089115E+001   6.136017E+000   2.069916E+001   6.209748E+000   1.475513E+001   1.448941E+001   2.657188E-001
   11101      26     1.680000     1.740000   7.400301E+000   2.221621E+000   7.397813E+000   2.219344E+000   5.178681E+000   5.178469E+000   2.119617E-004
   11101      27     1.740000     1.820000   6.859941E+000   2.059255E+000   6.858039E+000   2.057412E+000   4.800686E+000   4.800627E+000   5.857288E-005
   11101      28     1.820000     1.940000   7.844991E+000   2.348311E+000   7.836108E+000   2.350832E+000   5.496680E+000   5.485276E+000   1.140459E-002
   11101      29     1.940000     2.200000   1.524385E+001   3.587549E+000   1.326383E+001   3.979148E+000   1.165630E+001   9.284679E+000   2.371622E+000
   11101      30     2.200000     2.300000   5.897529E+000   1.769635E+000   5.896835E+000   1.769051E+000   4.127894E+000   4.127785E+000   1.092193E-004
   11101      31     2.300000     2.450000   6.412228E+000   1.924052E+000   6.411672E+000   1.923502E+000   4.488176E+000   4.488170E+000   5.914016E-006
   11101      32     2.450000     2.550000   2.808749E+000   8.425345E-001   2.808301E+000   8.424903E-001   1.966215E+000   1.965811E+000   4.040036E-004
   11101      33     2.550000     2.650000   2.466453E+000   7.360284E-001   2.461836E+000   7.385507E-001   1.730425E+000   1.723285E+000   7.140021E-003
   11101      34     2.650000     2.900000   5.107089E+000   3.951313E-001   1.793281E+000   5.379844E-001   4.711958E+000   1.255297E+000   3.456661E+000
   11101      35     2.900000     3.200000   4.829501E+000   1.441372E+000   4.820755E+000   1.446227E+000   3.388129E+000   3.374529E+000   1.360013E-002
   11101      36     3.200000     3.500000   4.479548E+000   1.343916E+000   4.479433E+000   1.343830E+000   3.135632E+000   3.135603E+000   2.917813E-005
   11101      37     3.500000     3.900000   5.317470E+000   1.592356E+000   5.314104E+000   1.594231E+000   3.725115E+000   3.719873E+000   5.241937E-003
   11101      38     3.900000     5.500000   8.889375E+000   1.785948E+000   6.412310E+000   1.923693E+000   7.103427E+000   4.488617E+000   2.614810E+000
   11101      39     5.500000     6.500000   2.171822E+000   6.515471E-001   2.171814E+000   6.515441E-001   1.520275E+000   1.520270E+000   4.846624E-006
   11101      40     6.500000     7.000000   6.459457E-001   1.937836E-001   6.459441E-001   1.937832E-001   4.521621E-001   4.521609E-001   1.193524E-006
   11101      41     7.000000     9.000000   1.525571E+000   4.557295E-001   1.523401E+000   4.570203E-001   1.069842E+000   1.066381E+000   3.460973E-003
   11101      42     9.000000    20.000000   1.633159E+000   3.894761E-001   1.347338E+000   4.042013E-001   1.243683E+000   9.431364E-001   3.005464E-001
   11201       1     0.200000     0.300000   5.582456E-006   2.938599E-006   3.776939E-006   1.133082E-006   2.643857E-006   2.643857E-006  -4.911299E-015
   11201       2     0.300000     0.345000   2.557270E-003   1.160959E-003   1.994730E-003   5.984189E-004   1.396311E-003   1.396311E-003   9.565853E-013
   11201       3     0.345000     0.385000   2.512764E-003   1.006153E-003   2.152302E-003   6.456906E-004   1.506611E-003   1.506611E-003  -5.730525E-013
   11201       4     0.385000     0.420000   1.293223E-002   4.781073E-003   1.164451E-002   3.493352E-003   8.151155E-003   8.151155E-003   5.843073E-012
   11201       5     0.420000     0.450000   2.349464E-002   8.255229E-003   2.177059E-002   6.531176E-003   1.523941E-002   1.523941E-002  -2.843479E-012
   11201       6     0.450000     0.500000   1.310848E-001   4.421893E-002   1.240940E-001   3.722821E-002   8.686582E-002   8.686582E-002   8.699139E-012
   11201       7     0.500000     0.550000   1.748537E-001   5.680007E-002   1.686481E-001   5.059442E-002   1.180536E-001   1.180536E-001  -7.007520E-012
   11201       8     0.550000     0.610000   2.295775E-001   7.279690E-002   2.239723E-001   6.719170E-002   1.567806E-001   1.567806E-001   6.023629E-011
   11201       9     0.610000     0.690000   5.693172E-001   1.769141E-001   5.605758E-001   1.681727E-001   3.924031E-001   3.924031E-001  -5.415457E-011
   11201      10     0.690000     0.780000   2.472789E+000   7.577010E-001   2.450126E+000   7.350378E-001   1.715088E+000   1.715088E+000   2.629248E-010
   11201      11     0.780000     0.800000   1.063069E+000   3.241398E-001   1.055609E+000   3.166826E-001   7.389296E-001   7.389261E-001   3.471945E-006
   11201      12     0.800000     0.870000   5.878988E+000   1.787489E+000   5.844998E+000   1.753499E+000   4.091499E+000   4.091499E+000   5.816796E-007
   11201      13     0.870000     0.880000   8.736691E-001   2.649443E-001   8.695961E-001   2.608788E-001   6.087248E-001   6.087173E-001   7.454865E-006
   11201      14     0.880000     1.030000   2.249240E+001   6.799491E+000   2.241845E+001   6.725534E+000   1.569291E+001   1.569291E+001   2.779126E-007
   11201      15     1.030000     1.080000   9.248799E+000   2.788382E+000   9.227951E+000   2.768385E+000   6.460417E+000   6.459566E+000   8.511859E-004
   11201      16     1.080000     1.140000   1.173685E+001   3.535822E+000   1.171566E+001   3.514699E+000   8.201028E+000   8.200964E+000   6.409802E-005
   11201      17     1.140000     1.200000   1.143670E+001   3.442659E+000   1.142004E+001   3.426012E+000   7.994037E+000   7.994027E+000   1.050672E-005
   11201      18     1.200000     1.240000   8.097833E+000   2.419679E+000   8.068694E+000   2.420608E+000   5.678154E+000   5.648086E+000   3.006801E-002
   11201      19     1.240000     1.280000   7.733813E+000   2.325880E+000   7.725362E+000   2.317609E+000   5.407934E+000   5.407753E+000   1.803377E-004
   11201      20     1.280000     1.340000   1.109154E+001   3.331757E+000   1.107801E+001   3.323404E+000   7.759786E+000   7.754608E+000   5.177747E-003
   11201      21     1.340000     1.420000   1.012492E+001   3.042445E+000   1.011688E+001   3.035064E+000   7.082476E+000   7.081816E+000   6.599463E-004
   11201      22     1.420000     1.460000   4.444646E+000   1.229089E+000   4.295870E+000   1.288761E+000   3.215557E+000   3.007109E+000   2.084478E-001
   11201      23     1.460000     1.490000   3.316959E+000   9.942176E-001   3.312598E+000   9.937793E-001   2.322741E+000   2.318818E+000   3.922923E-003
   11201      24     1.490000     1.520000   3.416012E+000   1.025630E+000   3.413717E+000   1.024115E+000   2.390382E+000   2.389602E+000   7.796581E-004
   11201      25     1.520000     1.680000   2.089115E+001   6.136021E+000   2.069916E+001   6.209749E+000   1.475513E+001   1.448941E+001   2.657122E-001
   11201      26     1.680000     1.740000   7.400301E+000   2.221621E+000   7.397813E+000   2.219344E+000   5.178681E+000   5.178469E+000   2.118820E-004
   11201      27     1.740000     1.820000   6.859941E+000   2.059256E+000   6.858039E+000   2.057412E+000   4.800686E+000   4.800627E+000   5.816021E-005
   11201      28     1.820000     1.940000   7.844991E+000   2.348314E+000   7.836112E+000   2.350833E+000   5.496677E+000   5.485278E+000   1.139897E-002
   11201      29     1.940000     2.200000   1.524385E+001   3.587854E+000   1.326421E+001   3.979263E+000   1.165600E+001   9.284946E+000   2.371050E+000
   11201      30     2.200000     2.300000   5.897529E+000   1.769635E+000   5.896835E+000   1.769051E+000   4.127894E+000   4.127785E+000   1.091518E-004
   11201      31     2.300000     2.450000   6.412228E+000   1.924052E+000   6.411672E+000   1.923502E+000   4.488176E+000   4.488170E+000   5.911242E-006
   11201      32     2.450000     2.550000   2.808749E+000   8.425353E-001   2.808302E+000   8.424906E-001   1.966214E+000   1.965811E+000   4.026734E-004
   11201      33     2.550000     2.650000   2.466453E+000   7.360313E-001   2.461839E+000   7.385516E-001   1.730422E+000   1.723287E+000   7.134829E-003
   11201      34     2.650000     2.900000   5.107089E+000   3.953643E-001   1.794051E+000   5.382153E-001   4.711725E+000   1.255836E+000   3.455889E+000
   11201      35     2.900000     3.200000   4.829501E+000   1.441379E+000   4.820763E+000   1.446229E+000   3.388122E+000   3.374534E+000   1.358763E-002
   11201      36     3.200000     3.500000   4.479548E+000   1.343916E+000   4.479433E+000   1.343830E+000   3.135632E+000   3.135603E+000   2.911087E-005
   11201      37     3.500000     3.900000   5.317470E+000   1.592356E+000   5.314103E+000   1.594231E+000   3.725115E+000   3.719872E+000   5.242477E-003
   11201      38     3.900000     5.500000   8.889375E+000   1.786037E+000   6.412481E+000   1.923744E+000   7.103338E+000   4.488737E+000   2.614602E+000
   11201      39     5.500000     6.500000   2.171822E+000   6.515471E-001   2.171814E+000   6.515441E-001   1.520275E+000   1.520270E+000   4.838383E-006
   11201      40     6.500000     7.000000   6.459457E-001   1.937836E-001   6.459441E-001   1.937832E-001   4.521621E-001   4.521609E-001   1.191731E-006
   11201      41     7.000000     9.000000   1.525571E+000   4.557295E-001   1.523401E+000   4.570203E-001   1.069842E+000   1.066381E+000   3.460907E-003
   11201      42     9.000000    20.000000   1.633159E+000   3.895650E-001   1.347547E+000   4.042641E-001   1.243594E+000   9.432829E-001   3.003110E-001
   11301       1     0.200000     0.300000   5.582456E-006   2.938599E-006   3.776939E-006   1.133082E-006   2.643857E-006   2.643857E-006  -4.911299E-015
   11301       2     0.300000     0.345000   2.557270E-003   1.160959E-003   1.994730E-003   5.984189E-004   1.396311E-003   1.396311E-003   9.565853E-013
   11301       3     0.345000     0.385000   2.512764E-003   1.006153E-003   2.152302E-003   6.456906E-004   1.506611E-003   1.506611E-003  -5.730525E-013
   11301       4     0.385000     0.420000   1.293223E-002   4.781073E-003   1.164451E-002   3.493352E-003   8.151155E-003   8.151155E-003   5.843073E-012
   11301       5     0.420000     0.450000   2.349464E-002   8.255229E-003   2.177059E-002   6.531176E-003   1.523941E-002   1.523941E-002   4.106191E-012
   11301       6     0.450000     0.500000   1.310848E-001   4.421893E-002   1.240940E-001   3.722821E-002   8.686582E-002   8.686582E-002  -5.009021E-012
   11301       7     0.500000     0.550000   1.748537E-001   5.680007E-002   1.686481E-001   5.059442E-002   1.180536E-001   1.180536E-001   1.803141E-012
   11301       8     0.550000     0.610000   2.295775E-001   7.279690E-002   2.239723E-001   6.719170E-002   1.567806E-001   1.567806E-001   5.136774E-011
   11301       9     0.610000     0.690000   5.693172E-001   1.769141E-001   5.605758E-001   1.681727E-001   3.924031E-001   3.924031E-001  -4.380180E-011
   11301      10     0.690000     0.780000   2.472789E+000   7.577010E-001   2.450126E+000   7.350378E-001   1.715088E+000   1.715088E+000   1.192870E-010
   11301      11     0.780000     0.800000   1.063069E+000   3.241398E-001   1.055609E+000   3.166826E-001   7.389296E-001   7.389261E-001   3.471920E-006
   11301      12     0.800000     0.870000   5.878988E+000   1.787489E+000   5.844998E+000   1.753499E+000   4.091499E+000   4.091499E+000   5.818085E-007
   11301      13     0.870000     0.880000   8.736691E-001   2.649443E-001   8.695961E-001   2.608788E-001   6.087247E-001   6.087173E-001   7.453308E-006
   11301      14     0.880000     1.030000   2.249240E+001   6.799491E+000   2.241845E+001   6.725534E+000   1.569291E+001   1.569291E+001   2.778286E-007
   11301      15     1.030000     1.080000   9.248799E+000   2.788382E+000   9.227951E+000   2.768385E+000   6.460417E+000   6.459566E+000   8.511828E-004
   11301      16     1.080000     1.140000   1.173685E+001   3.535822E+000   1.171566E+001   3.514699E+000   8.201028E+000   8.200964E+000   6.409730E-005
   11301      17     1.140000     1.200000   1.143670E+001   3.442659E+000   1.142004E+001   3.426012E+000   7.994037E+000   7.994027E+000   1.050772E-005
   11301      18     1.200000     1.240000   8.097833E+000   2.419679E+000   8.068694E+000   2.420608E+000   5.678154E+000   5.648086E+000   3.006787E-002
   11301      19     1.240000     1.280000   7.733813E+000   2.325880E+000   7.725362E+000   2.317609E+000   5.407934E+000   5.407753E+000   1.802652E-004
   11301      20     1.280000     1.340000   1.109154E+001   3.331757E+000   1.107801E+001   3.323404E+000   7.759786E+000   7.754608E+000   5.177799E-003
   11301      21     1.340000     1.420000   1.012492E+001   3.042445E+000   1.011688E+001   3.035064E+000   7.082476E+000   7.081816E+000   6.598376E-004
   11301      22     1.420000     1.460000   4.444646E+000   1.229091E+000   4.295872E+000   1.288762E+000   3.215555E+000   3.007111E+000   2.084442E-001
   11301      23     1.460000     1.490000   3.316959E+000   9.942176E-001   3.312598E+000   9.937794E-001   2.322741E+000   2.318818E+000   3.922771E-003
   11301      24     1.490000     1.520000   3.416012E+000   1.025630E+000   3.413717E+000   1.024115E+000   2.390382E+000   2.389602E+000   7.795077E-004
   11301      25     1.520000     1.680000   2.089115E+001   6.136025E+000   2.069917E+001   6.209750E+000   1.475512E+001   1.448942E+001   2.657057E-001
   11301      26     1.680000     1.740000   7.400301E+000   2.221621E+000   7.397813E+000   2.219344E+000   5.178681E+000   5.178469E+000   2.118034E-004
   11301      27     1.740000     1.820000   6.859941E+000   2.059256E+000   6.858039E+000   2.057412E+000   4.800685E+000   4.800628E+000   5.775295E-005
   11301      28     1.820000     1.940000   7.844991E+000   2.348317E+000   7.836115E+000   2.350835E+000   5.496674E+000   5.485281E+000   1.139343E-002
   11301      29     1.940000     2.200000   1.524385E+001   3.588155E+000   1.326459E+001   3.979376E+000   1.165570E+001   9.285211E+000   2.370485E+000
   11301      30     2.200000     2.300000   5.897529E+000   1.769635E+000   5.896835E+000   1.769051E+000   4.127894E+000   4.127785E+000   1.090852E-004
   11301      31     2.300000     2.450000   6.412228E+000   1.924052E+000   6.411672E+000   1.923502E+000   4.488176E+000   4.488170E+000   5.908504E-006
   11301      32     2.450000     2.550000   2.808749E+000   8.425360E-001   2.808303E+000   8.424908E-001   1.966213E+000   1.965812E+000   4.013604E-004
   11301      33     2.550000     2.650000   2.466453E+000   7.360342E-001   2.461842E+000   7.385526E-001   1.730419E+000   1.723289E+000   7.129720E-003
   11301      34     2.650000     2.900000   5.107089E+000   3.955950E-001   1.794812E+000   5.384436E-001   4.711494E+000   1.256368E+000   3.455126E+000
   11301      35     2.900000     3.200000   4.829501E+000   1.441386E+000   4.820771E+000   1.446231E+000   3.388115E+000   3.374540E+000   1.357528E-002
   11301      36     3.200000     3.500000   4.479548E+000   1.343916E+000   4.479433E+000   1.343830E+000   3.135632E+000   3.135603E+000   2.904448E-005
   11301      37     3.500000     3.900000   5.317470E+000   1.592355E+000   5.314103E+000   1.594231E+000   3.725115E+000   3.719872E+000   5.243011E-003
   11301      38     3.900000     5.500000   8.889375E+000   1.786124E+000   6.412651E+000   1.923795E+000   7.103251E+000   4.488855E+000   2.614396E+000
   11301      39     5.500000     6.500000   2.171822E+000   6.515471E-001   2.171814E+000   6.515441E-001   1.520274E+000   1.520270E+000   4.830250E-006
   11301      40     6.500000     7.000000   6.459457E-001   1.937836E-001   6.459441E-001   1.937832E-001   4.521621E-001   4.521609E-001   1.189964E-006
   11301      41     7.000000     9.000000   1.525571E+000   4.557296E-001   1.523401E+000   4.570203E-001   1.069842E+000   1.066381E+000   3.460842E-003
   11301      42     9.000000    20.000000   1.633159E+000   3.896530E-001   1.347754E+000   4.043262E-001   1.243506E+000   9.434279E-001   3.000780E-001
   11401       1     0.200000     0.300000   5.582456E-006   2.938599E-006   3.776939E-006   1.133082E-006   2.643857E-006   2.643857E-006  -4.911299E-015
   11401       2     0.300000     0.345000   2.557270E-003   1.160959E-003   1.994730E-003   5.984189E-004   1.396311E-003   1.396311E-003   9.565853E-013
   11401       3     0.345000     0.385000   2.512764E-003   1.006153E-003   2.152302E-003   6.456906E-004   1.506611E-003   1.506611E-003  -5.730525E-013
   11401       4     0.385000     0.420000   1.293223E-002   4.781073E-003   1.164451E-002   3.493352E-003   8.151155E-003   8.151155E-003   4.503559E-012
   11401       5     0.420000     0.450000   2.349464E-002   8.255229E-003   2.177059E-002   6.531176E-003   1.523941E-002   1.523941E-002   4.788794E-012
   11401       6     0.450000     0.500000   1.310848E-001   4.421893E-002   1.240940E-001   3.722821E-002   8.686582E-002   8.686582E-002  -8.624740E-012
   11401       7     0.500000     0.550000   1.748537E-001   5.680007E-002   1.686481E-001   5.059442E-002   1.180536E-001   1.180536E-001   8.067921E-012
   11401       8     0.550000     0.610000   2.295775E-001   7.279690E-002   2.239723E-001   6.719170E-002   1.567806E-001   1.567806E-001   4.172843E-011
   11401       9     0.610000     0.690000   5.693172E-001   1.769141E-001   5.605758E-001   1.681727E-001   3.924031E-001   3.924031E-001  -8.715306E-012
   11401      10     0.690000     0.780000   2.472789E+000   7.577010E-001   2.450126E+000   7.350378E-001   1.715088E+000   1.715088E+000   1.746092E-010
   11401      11     0.780000     0.800000   1.063069E+000   3.241398E-001   1.055609E+000   3.166826E-001   7.389296E-001   7.389261E-001   3.471894E-006
   11401      12     0.800000     0.870000   5.878988E+000   1.787489E+000   5.844998E+000   1.753499E+000   4.091499E+000   4.091499E+000   5.819357E-007
   11401      13     0.870000     0.880000   8.736691E-001   2.649443E-001   8.695961E-001   2.608788E-001   6.087247E-001   6.087173E-001   7.451770E-006
   11401      14     0.880000     1.030000   2.249240E+001   6.799491E+000   2.241845E+001   6.725534E+000   1.569291E+001   1.569291E+001   2.777416E-007
   11401      15     1.030000     1.080000   9.248799E+000   2.788382E+000   9.227951E+000   2.768385E+000   6.460417E+000   6.459566E+000   8.511797E-004
   11401      16     1.080000     1.140000   1.173685E+001   3.535822E+000   1.171566E+001   3.514699E+000   8.201028E+000   8.200964E+000   6.409660E-005
   11401      17     1.140000     1.200000   1.143670E+001   3.442659E+000   1.142004E+001   3.426012E+000   7.994037E+000   7.994027E+000   1.050872E-005
   11401      18     1.200000     1.240000   8.097833E+000   2.419679E+000   8.068694E+000   2.420608E+000   5.678154E+000   5.648086E+000   3.006773E-002
   11401      19     1.240000     1.280000   7.733813E+000   2.325880E+000   7.725362E+000   2.317609E+000   5.407934E+000   5.407754E+000   1.801937E-004
   11401      20     1.280000     1.340000   1.109154E+001   3.331757E+000   1.107801E+001   3.323404E+000   7.759786E+000   7.754608E+000   5.177849E-003
   11401      21     1.340000     1.420000   1.012492E+001   3.042445E+000   1.011688E+001   3.035064E+000   7.082476E+000   7.081816E+000   6.597304E-004
   11401      22     1.420000     1.460000   4.444646E+000   1.229093E+000   4.295874E+000   1.288762E+000   3.215553E+000   3.007112E+000   2.084406E-001
   11401      23     1.460000     1.490000   3.316959E+000   9.942177E-001   3.312598E+000   9.937794E-001   2.322741E+000   2.318819E+000   3.922622E-003
   11401      24     1.490000     1.520000   3.416012E+000   1.025630E+000   3.413717E+000   1.024115E+000   2.390381E+000   2.389602E+000   7.793594E-004
   11401      25     1.520000     1.680000   2.089115E+001   6.136029E+000   2.069917E+001   6.209751E+000   1.475512E+001   1.448942E+001   2.656993E-001
   11401      26     1.680000     1.740000   7.400301E+000   2.221621E+000   7.397813E+000   2.219344E+000   5.178681E+000   5.178469E+000   2.117260E-004
   11401      27     1.740000     1.820000   6.859941E+000   2.059256E+000   6.858040E+000   2.057412E+000   4.800685E+000   4.800628E+000   5.735203E-005
   11401      28     1.820000     1.940000   7.844991E+000   2.348320E+000   7.836119E+000   2.350836E+000   5.496671E+000   5.485283E+000   1.138797E-002
   11401      29     1.940000     2.200000   1.524385E+001   3.588452E+000   1.326496E+001   3.979488E+000   1.165540E+001   9.285472E+000   2.369926E+000
   11401      30     2.200000     2.300000   5.897529E+000   1.769635E+000   5.896835E+000   1.769051E+000   4.127894E+000   4.127785E+000   1.090194E-004
   11401      31     2.300000     2.450000   6.412228E+000   1.924052E+000   6.411672E+000   1.923502E+000   4.488176E+000   4.488170E+000   5.905803E-006
   11401      32     2.450000     2.550000   2.808749E+000   8.425367E-001   2.808303E+000   8.424910E-001   1.966213E+000   1.965812E+000   4.000654E-004
   11401      33     2.550000     2.650000   2.466453E+000   7.360370E-001   2.461845E+000   7.385535E-001   1.730416E+000   1.723292E+000   7.124720E-003
   11401      34     2.650000     2.900000   5.107089E+000   3.958232E-001   1.795563E+000   5.386690E-001   4.711266E+000   1.256894E+000   3.454372E+000
   11401      35     2.900000     3.200000   4.829501E+000   1.441393E+000   4.820779E+000   1.446234E+000   3.388108E+000   3.374545E+000   1.356309E-002
   11401      36     3.200000     3.500000   4.479548E+000   1.343916E+000   4.479433E+000   1.343830E+000   3.135632E+000   3.135603E+000   2.897904E-005
   11401      37     3.500000     3.900000   5.317470E+000   1.592355E+000   5.314103E+000   1.594231E+000   3.725116E+000   3.719872E+000   5.243539E-003
   11401      38     3.900000     5.500000   8.889375E+000   1.786210E+000   6.412818E+000   1.923845E+000   7.103165E+000   4.488972E+000   2.614193E+000
   11401      39     5.500000     6.500000   2.171822E+000   6.515471E-001   2.171814E+000   6.515441E-001   1.520274E+000   1.520270E+000   4.822252E-006
   11401      40     6.500000     7.000000   6.459457E-001   1.937836E-001   6.459441E-001   1.937832E-001   4.521621E-001   4.521609E-001   1.188224E-006
   11401      41     7.000000     9.000000   1.525571E+000   4.557296E-001   1.523401E+000   4.570203E-001   1.069841E+000   1.066381E+000   3.460777E-003
   11401      42     9.000000    20.000000   1.633159E+000   3.897399E-001   1.347959E+000   4.043877E-001   1.243419E+000   9.435713E-001   2.998477E-001
   11501       1     0.200000     0.300000   5.582456E-006   2.938599E-006   3.776939E-006   1.133082E-006   2.643857E-006   2.643857E-006  -4.911299E-015
   11501       2     0.300000     0.345000   2.557270E-003   1.160959E-003   1.994730E-003   5.984189E-004   1.396311E-003   1.396311E-003   9.565853E-013
   11501       3     0.345000     0.385000   2.512764E-003   1.006153E-003   2.152302E-003   6.456906E-004   1.506611E-003   1.506611E-003  -5.730525E-013
   11501       4     0.385000     0.420000   1.293223E-002   4.781073E-003   1.164451E-002   3.493352E-003   8.151155E-003   8.151155E-003   4.503559E-012
   11501       5     0.420000     0.450000   2.349464E-002   8.255229E-003   2.177059E-002   6.531176E-003   1.523941E-002   1.523941E-002   1.803536E-012
   11501       6     0.450000     0.500000   1.310848E-001   4.421893E-002   1.240940E-001   3.722821E-002   8.686582E-002   8.686582E-002  -2.404689E-011
   11501       7     0.500000     0.550000   1.748537E-001   5.680007E-002   1.686481E-001   5.059442E-002   1.180536E-001   1.180536E-001  -1.040099E-012
   11501       8     0.550000     0.610000   2.295775E-001   7.279690E-002   2.239723E-001   6.719170E-002   1.567806E-001   1.567806E-001   6.688314E-011
   11501       9     0.610000     0.690000   5.693172E-001   1.769141E-001   5.605758E-001   1.681727E-001   3.924031E-001   3.924031E-001  -3.288692E-011
   11501      10     0.690000     0.780000   2.472789E+000   7.577010E-001   2.450126E+000   7.350378E-001   1.715088E+000   1.715088E+000   2.785423E-010
   11501      11     0.780000     0.800000   1.063069E+000   3.241398E-001   1.055609E+000   3.166826E-001   7.389296E-001   7.389261E-001   3.471869E-006
   11501      12     0.800000     0.870000   5.878988E+000   1.787489E+000   5.844998E+000   1.753499E+000   4.091499E+000   4.091499E+000   5.820620E-007
   11501      13     0.870000     0.880000   8.736691E-001   2.649443E-001   8.695961E-001   2.608788E-001   6.087247E-001   6.087173E-001   7.450249E-006
   11501      14     0.880000     1.030000   2.249240E+001   6.799491E+000   2.241845E+001   6.725534E+000   1.569291E+001   1.569291E+001   2.776546E-007
   11501      15     1.030000     1.080000   9.248799E+000   2.788382E+000   9.227951E+000   2.768385E+000   6.460417E+000   6.459566E+000   8.511767E-004
   11501      16     1.080000     1.140000   1.173685E+001   3.535822E+000   1.171566E+001   3.514699E+000   8.201028E+000   8.200964E+000   6.409592E-005
   11501      17     1.140000     1.200000   1.143670E+001   3.442659E+000   1.142004E+001   3.426012E+000   7.994037E+000   7.994027E+000   1.050973E-005
   11501      18     1.200000     1.240000   8.097833E+000   2.419679E+000   8.068694E+000   2.420608E+000   5.678154E+000   5.648086E+000   3.006759E-002
   11501      19     1.240000     1.280000   7.733813E+000   2.325880E+000   7.725362E+000   2.317609E+000   5.407934E+000   5.407754E+000   1.801235E-004
   11501      20     1.280000     1.340000   1.109154E+001   3.331757E+000   1.107801E+001   3.323404E+000   7.759786E+000   7.754608E+000   5.177899E-003
   11501      21     1.340000     1.420000   1.012492E+001   3.042445E+000   1.011688E+001   3.035064E+000   7.082476E+000   7.081816E+000   6.596248E-004
   11501      22     1.420000     1.460000   4.444646E+000   1.229095E+000   4.295876E+000   1.288763E+000   3.215551E+000   3.007113E+000   2.084373E-001
   11501      23     1.460000     1.490000   3.316959E+000   9.942178E-001   3.312598E+000   9.937794E-001   2.322741E+000   2.318819E+000   3.922476E-003
   11501      24     1.490000     1.520000   3.416012E+000   1.025630E+000   3.413717E+000   1.024115E+000   2.390381E+000   2.389602E+000   7.792140E-004
   11501      25     1.520000     1.680000   2.089115E+001   6.136033E+000   2.069917E+001   6.209752E+000   1.475512E+001   1.448942E+001   2.656931E-001
   11501      26     1.680000     1.740000   7.400301E+000   2.221621E+000   7.397813E+000   2.219344E+000   5.178681E+000   5.178469E+000   2.116500E-004
   11501      27     1.740000     1.820000   6.859941E+000   2.059256E+000   6.858040E+000   2.057412E+000   4.800685E+000   4.800628E+000   5.696075E-005
   11501      28     1.820000     1.940000   7.844991E+000   2.348323E+000   7.836122E+000   2.350837E+000   5.496668E+000   5.485285E+000   1.138264E-002
   11501      29     1.940000     2.200000   1.524385E+001   3.588746E+000   1.326533E+001   3.979598E+000   1.165510E+001   9.285729E+000   2.369375E+000
   11501      30     2.200000     2.300000   5.897529E+000   1.769635E+000   5.896835E+000   1.769051E+000   4.127894E+000   4.127785E+000   1.089546E-004
   11501      31     2.300000     2.450000   6.412228E+000   1.924052E+000   6.411672E+000   1.923502E+000   4.488176E+000   4.488170E+000   5.903153E-006
   11501      32     2.450000     2.550000   2.808749E+000   8.425374E-001   2.808304E+000   8.424913E-001   1.966212E+000   1.965813E+000   3.987953E-004
   11501      33     2.550000     2.650000   2.466453E+000   7.360397E-001   2.461848E+000   7.385544E-001   1.730414E+000   1.723294E+000   7.119934E-003
   11501      34     2.650000     2.900000   5.107089E+000   3.960477E-001   1.796302E+000   5.388907E-001   4.711041E+000   1.257412E+000   3.453630E+000
   11501      35     2.900000     3.200000   4.829501E+000   1.441399E+000   4.820786E+000   1.446236E+000   3.388102E+000   3.374550E+000   1.355108E-002
   11501      36     3.200000     3.500000   4.479548E+000   1.343916E+000   4.479433E+000   1.343830E+000   3.135632E+000   3.135603E+000   2.891495E-005
   11501      37     3.500000     3.900000   5.317470E+000   1.592355E+000   5.314102E+000   1.594231E+000   3.725116E+000   3.719872E+000   5.244064E-003
   11501      38     3.900000     5.500000   8.889375E+000   1.786294E+000   6.412982E+000   1.923894E+000   7.103081E+000   4.489087E+000   2.613994E+000
   11501      39     5.500000     6.500000   2.171822E+000   6.515471E-001   2.171814E+000   6.515441E-001   1.520274E+000   1.520270E+000   4.814467E-006
   11501      40     6.500000     7.000000   6.459457E-001   1.937836E-001   6.459441E-001   1.937832E-001   4.521621E-001   4.521609E-001   1.186522E-006
   11501      41     7.000000     9.000000   1.525571E+000   4.557296E-001   1.523401E+000   4.570203E-001   1.069841E+000   1.066381E+000   3.460713E-003
   11501      42     9.000000    20.000000   1.633159E+000   3.898251E-001   1.348161E+000   4.044482E-001   1.243334E+000   9.437124E-001   2.996215E-001
   11601       1     0.200000     0.300000   5.582456E-006   2.938599E-006   3.776939E-006   1.133082E-006   2.643857E-006   2.643857E-006  -4.911299E-015
   11601       2     0.300000     0.345000   2.557270E-003   1.160959E-003   1.994730E-003   5.984189E-004   1.396311E-003   1.396311E-003   9.565853E-013
   11601       3     0.345000     0.385000   2.512764E-003   1.006153E-003   2.152302E-003   6.456906E-004   1.506611E-003   1.506611E-003  -5.730525E-013
   11601       4     0.385000     0.420000   1.293223E-002   4.781073E-003   1.164451E-002   3.493352E-003   8.151155E-003   8.151155E-003   4.980290E-012
   11601       5     0.420000     0.450000   2.349464E-002   8.255229E-003   2.177059E-002   6.531176E-003   1.523941E-002   1.523941E-002  -3.283927E-012
   11601       6     0.450000     0.500000   1.310848E-001   4.421893E-002   1.240940E-001   3.722821E-002   8.686582E-002   8.686582E-002  -3.192482E-011
   11601       7     0.500000     0.550000   1.748537E-001   5.680007E-002   1.686481E-001   5.059442E-002   1.180536E-001   1.180536E-001  -6.258993E-012
   11601       8     0.550000     0.610000   2.295775E-001   7.279690E-002   2.239723E-001   6.719170E-002   1.567806E-001   1.567806E-001   5.941297E-011
   11601       9     0.610000     0.690000   5.693172E-001   1.769141E-001   5.605758E-001   1.681727E-001   3.924031E-001   3.924031E-001  -3.555306E-011
   11601      10     0.690000     0.780000   2.472789E+000   7.577010E-001   2.450126E+000   7.350378E-001   1.715088E+000   1.715088E+000   1.877649E-010
   11601      11     0.780000     0.800000   1.063069E+000   3.241398E-001   1.055609E+000   3.166826E-001   7.389296E-001   7.389261E-001   3.471844E-006
   11601      12     0.800000     0.870000   5.878988E+000   1.787489E+000   5.844998E+000   1.753499E+000   4.091499E+000   4.091499E+000   5.821866E-007
   11601      13     0.870000     0.880000   8.736691E-001   2.649443E-001   8.695961E-001   2.608788E-001   6.087247E-001   6.087173E-001   7.448745E-006
   11601      14     0.880000     1.030000   2.249240E+001   6.799491E+000   2.241845E+001   6.725534E+000   1.569291E+001   1.569291E+001   2.775750E-007
   11601      15     1.030000     1.080000   9.248799E+000   2.788382E+000   9.227951E+000   2.768385E+000   6.460417E+000   6.459566E+000   8.511737E-004
   11601      16     1.080000     1.140000   1.173685E+001   3.535822E+000   1.171566E+001   3.514699E+000   8.201028E+000   8.200964E+000   6.409526E-005
   11601      17     1.140000     1.200000   1.143670E+001   3.442659E+000   1.142004E+001   3.426012E+000   7.994037E+000   7.994027E+000   1.051073E-005
   11601      18     1.200000     1.240000   8.097833E+000   2.419679E+000   8.068694E+000   2.420608E+000   5.678153E+000   5.648086E+000   3.006746E-002
   11601      19     1.240000     1.280000   7.733813E+000   2.325880E+000   7.725362E+000   2.317609E+000   5.407934E+000   5.407754E+000   1.800542E-004
   11601      20     1.280000     1.340000   1.109154E+001   3.331757E+000   1.107801E+001   3.323403E+000   7.759786E+000   7.754608E+000   5.177948E-003
   11601      21     1.340000     1.420000   1.012492E+001   3.042445E+000   1.011688E+001   3.035064E+000   7.082476E+000   7.081816E+000   6.595206E-004
   11601      22     1.420000     1.460000   4.444646E+000   1.229097E+000   4.295878E+000   1.288763E+000   3.215549E+000   3.007115E+000   2.084340E-001
   11601      23     1.460000     1.490000   3.316959E+000   9.942179E-001   3.312598E+000   9.937794E-001   2.322741E+000   2.318819E+000   3.922332E-003
   11601      24     1.490000     1.520000   3.416012E+000   1.025630E+000   3.413717E+000   1.024115E+000   2.390381E+000   2.389602E+000   7.790705E-004
   11601      25     1.520000     1.680000   2.089115E+001   6.136036E+000   2.069918E+001   6.209754E+000   1.475511E+001   1.448942E+001   2.656869E-001
   11601      26     1.680000     1.740000   7.400301E+000   2.221621E+000   7.397813E+000   2.219344E+000   5.178681E+000   5.178469E+000   2.115750E-004
   11601      27     1.740000     1.820000   6.859941E+000   2.059257E+000   6.858040E+000   2.057412E+000   4.800685E+000   4.800628E+000   5.657413E-005
   11601      28     1.820000     1.940000   7.844991E+000   2.348326E+000   7.836125E+000   2.350838E+000   5.496665E+000   5.485288E+000   1.137738E-002
   11601      29     1.940000     2.200000   1.524385E+001   3.589036E+000   1.326569E+001   3.979707E+000   1.165481E+001   9.285983E+000   2.368831E+000
   11601      30     2.200000     2.300000   5.897529E+000   1.769635E+000   5.896836E+000   1.769051E+000   4.127894E+000   4.127785E+000   1.088906E-004
   11601      31     2.300000     2.450000   6.412228E+000   1.924052E+000   6.411672E+000   1.923502E+000   4.488176E+000   4.488170E+000   5.900535E-006
   11601      32     2.450000     2.550000   2.808749E+000   8.425382E-001   2.808305E+000   8.424915E-001   1.966211E+000   1.965814E+000   3.975407E-004
   11601      33     2.550000     2.650000   2.466453E+000   7.360423E-001   2.461851E+000   7.385553E-001   1.730411E+000   1.723296E+000   7.115209E-003
   11601      34     2.650000     2.900000   5.107089E+000   3.962702E-001   1.797033E+000   5.391100E-001   4.710819E+000   1.257923E+000   3.452896E+000
   11601      35     2.900000     3.200000   4.829501E+000   1.441406E+000   4.820794E+000   1.446238E+000   3.388095E+000   3.374556E+000   1.353922E-002
   11601      36     3.200000     3.500000   4.479548E+000   1.343916E+000   4.479433E+000   1.343830E+000   3.135632E+000   3.135603E+000   2.885164E-005
   11601      37     3.500000     3.900000   5.317470E+000   1.592354E+000   5.314102E+000   1.594231E+000   3.725116E+000   3.719872E+000   5.244582E-003
   11601      38     3.900000     5.500000   8.889375E+000   1.786378E+000   6.413144E+000   1.923943E+000   7.102997E+000   4.489201E+000   2.613797E+000
   11601      39     5.500000     6.500000   2.171822E+000   6.515471E-001   2.171814E+000   6.515441E-001   1.520274E+000   1.520270E+000   4.806773E-006
   11601      40     6.500000     7.000000   6.459457E-001   1.937836E-001   6.459441E-001   1.937832E-001   4.521621E-001   4.521609E-001   1.184840E-006
   11601      41     7.000000     9.000000   1.525571E+000   4.557297E-001   1.523401E+000   4.570203E-001   1.069841E+000   1.066381E+000   3.460649E-003
   11601      42     9.000000    20.000000   1.633159E+000   3.899094E-001   1.348360E+000   4.045081E-001   1.243250E+000   9.438522E-001   2.993973E-001
   11701       1     0.200000     0.300000   5.582456E-006   2.938599E-006   3.776939E-006   1.133082E-006   2.643857E-006   2.643857E-006  -4.911299E-015
   11701       2     0.300000     0.345000   2.557270E-003   1.160959E-003   1.994730E-003   5.984189E-004   1.396311E-003   1.396311E-003   9.565853E-013
   11701       3     0.345000     0.385000   2.512764E-003   1.006153E-003   2.152302E-003   6.456906E-004   1.506611E-003   1.506611E-003  -5.730525E-013
   11701       4     0.385000     0.420000   1.293223E-002   4.781073E-003   1.164451E-002   3.493352E-003   8.151155E-003   8.151155E-003   4.980290E-012
   11701       5     0.420000     0.450000   2.349464E-002   8.255229E-003   2.177059E-002   6.531176E-003   1.523941E-002   1.523941E-002  -4.628731E-012
   11701       6     0.450000     0.500000   1.310848E-001   4.421893E-002   1.240940E-001   3.722821E-002   8.686582E-002   8.686582E-002  -2.341458E-011
   11701       7     0.500000     0.550000   1.748537E-001   5.680007E-002   1.686481E-001   5.059442E-002   1.180536E-001   1.180536E-001   2.953068E-012
   11701       8     0.550000     0.610000   2.295775E-001   7.279690E-002   2.239723E-001   6.719170E-002   1.567806E-001   1.567806E-001   3.080139E-011
   11701       9     0.610000     0.690000   5.693172E-001   1.769141E-001   5.605758E-001   1.681727E-001   3.924031E-001   3.924031E-001  -4.327466E-011
   11701      10     0.690000     0.780000   2.472789E+000   7.577010E-001   2.450126E+000   7.350378E-001   1.715088E+000   1.715088E+000   1.588685E-010
   11701      11     0.780000     0.800000   1.063069E+000   3.241398E-001   1.055609E+000   3.166826E-001   7.389296E-001   7.389261E-001   3.471820E-006
   11701      12     0.800000     0.870000   5.878988E+000   1.787489E+000   5.844998E+000   1.753499E+000   4.091499E+000   4.091499E+000   5.823098E-007
   11701      13     0.870000     0.880000   8.736691E-001   2.649443E-001   8.695961E-001   2.608788E-001   6.087247E-001   6.087173E-001   7.447261E-006
   11701      14     0.880000     1.030000   2.249240E+001   6.799491E+000   2.241845E+001   6.725534E+000   1.569291E+001   1.569291E+001   2.774922E-007
   11701      15     1.030000     1.080000   9.248799E+000   2.788382E+000   9.227951E+000   2.768385E+000   6.460417E+000   6.459566E+000   8.511708E-004
   11701      16     1.080000     1.140000   1.173685E+001   3.535822E+000   1.171566E+001   3.514699E+000   8.201028E+000   8.200964E+000   6.409461E-005
   11701      17     1.140000     1.200000   1.143670E+001   3.442659E+000   1.142004E+001   3.426012E+000   7.994037E+000   7.994027E+000   1.051173E-005
   11701      18     1.200000     1.240000   8.097833E+000   2.419679E+000   8.068694E+000   2.420608E+000   5.678153E+000   5.648086E+000   3.006732E-002
   11701      19     1.240000     1.280000   7.733813E+000   2.325880E+000   7.725362E+000   2.317609E+000   5.407934E+000   5.407754E+000   1.799858E-004
   11701      20     1.280000     1.340000   1.109154E+001   3.331757E+000   1.107801E+001   3.323403E+000   7.759786E+000   7.754608E+000   5.177996E-003
   11701      21     1.340000     1.420000   1.012492E+001   3.042445E+000   1.011688E+001   3.035064E+000   7.082476E+000   7.081816E+000   6.594177E-004
   11701      22     1.420000     1.460000   4.444646E+000   1.229099E+000   4.295880E+000   1.288764E+000   3.215547E+000   3.007116E+000   2.084307E-001
   11701      23     1.460000     1.490000   3.316959E+000   9.942180E-001   3.312598E+000   9.937795E-001   2.322741E+000   2.318819E+000   3.922191E-003
   11701      24     1.490000     1.520000   3.416012E+000   1.025630E+000   3.413718E+000   1.024115E+000   2.390381E+000   2.389602E+000   7.789290E-004
   11701      25     1.520000     1.680000   2.089115E+001   6.136040E+000   2.069918E+001   6.209755E+000   1.475511E+001   1.448943E+001   2.656808E-001
   11701      26     1.680000     1.740000   7.400301E+000   2.221621E+000   7.397813E+000   2.219344E+000   5.178681E+000   5.178469E+000   2.115012E-004
   11701      27     1.740000     1.820000   6.859941E+000   2.059257E+000   6.858040E+000   2.057412E+000   4.800685E+000   4.800628E+000   5.619387E-005
   11701      28     1.820000     1.940000   7.844991E+000   2.348329E+000   7.836128E+000   2.350839E+000   5.496662E+000   5.485290E+000   1.137221E-002
   11701      29     1.940000     2.200000   1.524385E+001   3.589323E+000   1.326605E+001   3.979815E+000   1.165453E+001   9.286234E+000   2.368293E+000
   11701      30     2.200000     2.300000   5.897529E+000   1.769635E+000   5.896836E+000   1.769051E+000   4.127894E+000   4.127785E+000   1.088275E-004
   11701      31     2.300000     2.450000   6.412228E+000   1.924052E+000   6.411672E+000   1.923502E+000   4.488176E+000   4.488170E+000   5.897954E-006
   11701      32     2.450000     2.550000   2.808749E+000   8.425388E-001   2.808306E+000   8.424918E-001   1.966210E+000   1.965814E+000   3.963036E-004
   11701      33     2.550000     2.650000   2.466453E+000   7.360449E-001   2.461854E+000   7.385562E-001   1.730408E+000   1.723298E+000   7.110598E-003
   11701      34     2.650000     2.900000   5.107089E+000   3.964900E-001   1.797755E+000   5.393264E-001   4.710599E+000   1.258428E+000   3.452171E+000
   11701      35     2.900000     3.200000   4.829501E+000   1.441412E+000   4.820801E+000   1.446240E+000   3.388088E+000   3.374561E+000   1.352751E-002
   11701      36     3.200000     3.500000   4.479548E+000   1.343916E+000   4.479433E+000   1.343830E+000   3.135632E+000   3.135603E+000   2.878927E-005
   11701      37     3.500000     3.900000   5.317470E+000   1.592354E+000   5.314102E+000   1.594231E+000   3.725116E+000   3.719871E+000   5.245096E-003
   11701      38     3.900000     5.500000   8.889375E+000   1.786460E+000   6.413304E+000   1.923991E+000   7.102915E+000   4.489313E+000   2.613603E+000
   11701      39     5.500000     6.500000   2.171822E+000   6.515471E-001   2.171814E+000   6.515441E-001   1.520274E+000   1.520270E+000   4.799216E-006
   11701      40     6.500000     7.000000   6.459457E-001   1.937836E-001   6.459441E-001   1.937832E-001   4.521621E-001   4.521609E-001   1.183189E-006
   11701      41     7.000000     9.000000   1.525571E+000   4.557297E-001   1.523401E+000   4.570203E-001   1.069841E+000   1.066381E+000   3.460587E-003
   11701      42     9.000000    20.000000   1.633159E+000   3.899926E-001   1.348558E+000   4.045673E-001   1.243166E+000   9.439904E-001   2.991759E-001
   11801       1     0.200000     0.300000   5.582456E-006   2.938599E-006   3.776939E-006   1.133082E-006   2.643857E-006   2.643857E-006  -4.911299E-015
   11801       2     0.300000     0.345000   2.557270E-003   1.160959E-003   1.994730E-003   5.984189E-004   1.396311E-003   1.396311E-003   9.565853E-013
   11801       3     0.345000     0.385000   2.512764E-003   1.006153E-003   2.152302E-003   6.456906E-004   1.506611E-003   1.506611E-003  -5.730525E-013
   11801       4     0.385000     0.420000   1.293223E-002   4.781073E-003   1.164451E-002   3.493352E-003   8.151155E-003   8.151155E-003   3.878594E-012
   11801       5     0.420000     0.450000   2.349464E-002   8.255229E-003   2.177059E-002   6.531176E-003   1.523941E-002   1.523941E-002  -4.474570E-012
   11801       6     0.450000     0.500000   1.310848E-001   4.421893E-002   1.240940E-001   3.722821E-002   8.686582E-002   8.686582E-002  -2.611150E-011
   11801       7     0.500000     0.550000   1.748537E-001   5.680007E-002   1.686481E-001   5.059442E-002   1.180536E-001   1.180536E-001   1.803990E-011
   11801       8     0.550000     0.610000   2.295775E-001   7.279690E-002   2.239723E-001   6.719170E-002   1.567806E-001   1.567806E-001   2.923714E-011
   11801       9     0.610000     0.690000   5.693172E-001   1.769141E-001   5.605758E-001   1.681727E-001   3.924031E-001   3.924031E-001  -3.435879E-011
   11801      10     0.690000     0.780000   2.472789E+000   7.577010E-001   2.450126E+000   7.350378E-001   1.715088E+000   1.715088E+000   1.763478E-010
   11801      11     0.780000     0.800000   1.063069E+000   3.241398E-001   1.055609E+000   3.166826E-001   7.389296E-001   7.389261E-001   3.471795E-006
   11801      12     0.800000     0.870000   5.878988E+000   1.787489E+000   5.844998E+000   1.753499E+000   4.091499E+000   4.091499E+000   5.824316E-007
   11801      13     0.870000     0.880000   8.736691E-001   2.649443E-001   8.695961E-001   2.608788E-001   6.087247E-001   6.087173E-001   7.445796E-006
   11801      14     0.880000     1.030000   2.249240E+001   6.799491E+000   2.241845E+001   6.725534E+000   1.569291E+001   1.569291E+001   2.774138E-007
   11801      15     1.030000     1.080000   9.248799E+000   2.788382E+000   9.227951E+000   2.768385E+000   6.460417E+000   6.459566E+000   8.511679E-004
   11801      16     1.080000     1.140000   1.173685E+001   3.535822E+000   1.171566E+001   3.514699E+000   8.201028E+000   8.200964E+000   6.409399E-005
   11801      17     1.140000     1.200000   1.143670E+001   3.442659E+000   1.142004E+001   3.426012E+000   7.994037E+000   7.994027E+000   1.051273E-005
   11801      18     1.200000     1.240000   8.097833E+000   2.419679E+000   8.068694E+000   2.420608E+000   5.678153E+000   5.648086E+000   3.006719E-002
   11801      19     1.240000     1.280000   7.733813E+000   2.325880E+000   7.725362E+000   2.317609E+000   5.407934E+000   5.407754E+000   1.799184E-004
   11801      20     1.280000     1.340000   1.109154E+001   3.331757E+000   1.107801E+001   3.323403E+000   7.759786E+000   7.754608E+000   5.178044E-003
   11801      21     1.340000     1.420000   1.012492E+001   3.042445E+000   1.011688E+001   3.035064E+000   7.082476E+000   7.081816E+000   6.593163E-004
   11801      22     1.420000     1.460000   4.444646E+000   1.229101E+000   4.295882E+000   1.288764E+000   3.215545E+000   3.007117E+000   2.084275E-001
   11801      23     1.460000     1.490000   3.316959E+000   9.942180E-001   3.312598E+000   9.937795E-001   2.322741E+000   2.318819E+000   3.922051E-003
   11801      24     1.490000     1.520000   3.416012E+000   1.025630E+000   3.413718E+000   1.024115E+000   2.390381E+000   2.389602E+000   7.787898E-004
   11801      25     1.520000     1.680000   2.089115E+001   6.136044E+000   2.069919E+001   6.209756E+000   1.475510E+001   1.448943E+001   2.656748E-001
   11801      26     1.680000     1.740000   7.400301E+000   2.221621E+000   7.397813E+000   2.219344E+000   5.178680E+000   5.178469E+000   2.114285E-004
   11801      27     1.740000     1.820000   6.859941E+000   2.059257E+000   6.858041E+000   2.057412E+000   4.800684E+000   4.800628E+000   5.582103E-005
   11801      28     1.820000     1.940000   7.844991E+000   2.348332E+000   7.836132E+000   2.350839E+000   5.496659E+000   5.485292E+000   1.136713E-002
   11801      29     1.940000     2.200000   1.524385E+001   3.589606E+000   1.326640E+001   3.979921E+000   1.165424E+001   9.286482E+000   2.367762E+000
   11801      30     2.200000     2.300000   5.897529E+000   1.769635E+000   5.896836E+000   1.769051E+000   4.127894E+000   4.127785E+000   1.087652E-004
   11801      31     2.300000     2.450000   6.412228E+000   1.924052E+000   6.411672E+000   1.923502E+000   4.488176E+000   4.488170E+000   5.895412E-006
   11801      32     2.450000     2.550000   2.808749E+000   8.425395E-001   2.808307E+000   8.424920E-001   1.966210E+000   1.965815E+000   3.950856E-004
   11801      33     2.550000     2.650000   2.466453E+000   7.360474E-001   2.461857E+000   7.385570E-001   1.730406E+000   1.723300E+000   7.106130E-003
   11801      34     2.650000     2.900000   5.107089E+000   3.967069E-001   1.798466E+000   5.395397E-001   4.710382E+000   1.258926E+000   3.451456E+000
   11801      35     2.900000     3.200000   4.829501E+000   1.441419E+000   4.820809E+000   1.446243E+000   3.388082E+000   3.374566E+000   1.351596E-002
   11801      36     3.200000     3.500000   4.479548E+000   1.343916E+000   4.479433E+000   1.343830E+000   3.135632E+000   3.135603E+000   2.872794E-005
   11801      37     3.500000     3.900000   5.317470E+000   1.592354E+000   5.314102E+000   1.594230E+000   3.725117E+000   3.719871E+000   5.245605E-003
   11801      38     3.900000     5.500000   8.889375E+000   1.786541E+000   6.413461E+000   1.924038E+000   7.102834E+000   4.489422E+000   2.613412E+000
   11801      39     5.500000     6.500000   2.171822E+000   6.515471E-001   2.171814E+000   6.515442E-001   1.520274E+000   1.520270E+000   4.791826E-006
   11801      40     6.500000     7.000000   6.459457E-001   1.937837E-001   6.459441E-001   1.937832E-001   4.521621E-001   4.521609E-001   1.181569E-006
   11801      41     7.000000     9.000000   1.525571E+000   4.557297E-001   1.523401E+000   4.570203E-001   1.069841E+000   1.066381E+000   3.460524E-003
   11801      42     9.000000    20.000000   1.633159E+000   3.900744E-001   1.348752E+000   4.046257E-001   1.243085E+000   9.441267E-001   2.989579E-001
   11901       1     0.200000     0.300000   5.582456E-006   2.938599E-006   3.776939E-006   1.133082E-006   2.643857E-006   2.643857E-006  -4.911299E-015
   11901       2     0.300000     0.345000   2.557270E-003   1.160959E-003   1.994730E-003   5.984189E-004   1.396311E-003   1.396311E-003   9.565853E-013
   11901       3     0.345000     0.385000   2.512764E-003   1.006153E-003   2.152302E-003   6.456906E-004   1.506611E-003   1.506611E-003  -5.730525E-013
   11901       4     0.385000     0.420000   1.293223E-002   4.781073E-003   1.164451E-002   3.493352E-003   8.151155E-003   8.151155E-003   3.450146E-012
   11901       5     0.420000     0.450000   2.349464E-002   8.255229E-003   2.177059E-002   6.531176E-003   1.523941E-002   1.523941E-002  -3.596255E-012
   11901       6     0.450000     0.500000   1.310848E-001   4.421893E-002   1.240940E-001   3.722821E-002   8.686582E-002   8.686582E-002  -2.651826E-011
   11901       7     0.500000     0.550000   1.748537E-001   5.680007E-002   1.686481E-001   5.059442E-002   1.180536E-001   1.180536E-001  -3.247569E-012
   11901       8     0.550000     0.610000   2.295775E-001   7.279690E-002   2.239723E-001   6.719170E-002   1.567806E-001   1.567806E-001   5.726603E-011
   11901       9     0.610000     0.690000   5.693172E-001   1.769141E-001   5.605758E-001   1.681727E-001   3.924031E-001   3.924031E-001  -5.632167E-011
   11901      10     0.690000     0.780000   2.472789E+000   7.577010E-001   2.450126E+000   7.350378E-001   1.715088E+000   1.715088E+000   5.894463E-011
   11901      11     0.780000     0.800000   1.063069E+000   3.241398E-001   1.055609E+000   3.166826E-001   7.389296E-001   7.389261E-001   3.471770E-006
   11901      12     0.800000     0.870000   5.878988E+000   1.787489E+000   5.844998E+000   1.753499E+000   4.091499E+000   4.091499E+000   5.825520E-007
   11901      13     0.870000     0.880000   8.736691E-001   2.649443E-001   8.695961E-001   2.608788E-001   6.087247E-001   6.087173E-001   7.444350E-006
   11901      14     0.880000     1.030000   2.249240E+001   6.799491E+000   2.241845E+001   6.725534E+000   1.569291E+001   1.569291E+001   2.773328E-007
   11901      15     1.030000     1.080000   9.248799E+000   2.788382E+000   9.227951E+000   2.768385E+000   6.460417E+000   6.459566E+000   8.511650E-004
   11901      16     1.080000     1.140000   1.173685E+001   3.535822E+000   1.171566E+001   3.514699E+000   8.201028E+000   8.200964E+000   6.409338E-005
   11901      17     1.140000     1.200000   1.143670E+001   3.442659E+000   1.142004E+001   3.426012E+000   7.994037E+000   7.994027E+000   1.051372E-005
   11901      18     1.200000     1.240000   8.097833E+000   2.419679E+000   8.068695E+000   2.420608E+000   5.678153E+000   5.648086E+000   3.006706E-002
   11901      19     1.240000     1.280000   7.733813E+000   2.325880E+000   7.725362E+000   2.317609E+000   5.407934E+000   5.407754E+000   1.798520E-004
   11901      20     1.280000     1.340000   1.109154E+001   3.331757E+000   1.107801E+001   3.323403E+000   7.759786E+000   7.754608E+000   5.178091E-003
   11901      21     1.340000     1.420000   1.012492E+001   3.042445E+000   1.011688E+001   3.035064E+000   7.082476E+000   7.081816E+000   6.592163E-004
   11901      22     1.420000     1.460000   4.444646E+000   1.229103E+000   4.295883E+000   1.288765E+000   3.215543E+000   3.007118E+000   2.084244E-001
   11901      23     1.460000     1.490000   3.316959E+000   9.942181E-001   3.312598E+000   9.937795E-001   2.322741E+000   2.318819E+000   3.921914E-003
   11901      24     1.490000     1.520000   3.416012E+000   1.025631E+000   3.413718E+000   1.024115E+000   2.390381E+000   2.389602E+000   7.786525E-004
   11901      25     1.520000     1.680000   2.089115E+001   6.136047E+000   2.069919E+001   6.209757E+000   1.475510E+001   1.448943E+001   2.656689E-001
   11901      26     1.680000     1.740000   7.400301E+000   2.221621E+000   7.397813E+000   2.219344E+000   5.178680E+000   5.178469E+000   2.113568E-004
   11901      27     1.740000     1.820000   6.859941E+000   2.059257E+000   6.858041E+000   2.057412E+000   4.800684E+000   4.800629E+000   5.545372E-005
   11901      28     1.820000     1.940000   7.844991E+000   2.348335E+000   7.836135E+000   2.350840E+000   5.496656E+000   5.485294E+000   1.136212E-002
   11901      29     1.940000     2.200000   1.524385E+001   3.589886E+000   1.326675E+001   3.980026E+000   1.165396E+001   9.286727E+000   2.367238E+000
   11901      30     2.200000     2.300000   5.897529E+000   1.769635E+000   5.896836E+000   1.769051E+000   4.127894E+000   4.127785E+000   1.087038E-004
   11901      31     2.300000     2.450000   6.412228E+000   1.924052E+000   6.411672E+000   1.923502E+000   4.488176E+000   4.488170E+000   5.892906E-006
   11901      32     2.450000     2.550000   2.808749E+000   8.425402E-001   2.808307E+000   8.424922E-001   1.966209E+000   1.965815E+000   3.938845E-004
   11901      33     2.550000     2.650000   2.466453E+000   7.360499E-001   2.461860E+000   7.385579E-001   1.730403E+000   1.723302E+000   7.101758E-003
   11901      34     2.650000     2.900000   5.107089E+000   3.969213E-001   1.799168E+000   5.397503E-001   4.710168E+000   1.259417E+000   3.450750E+000
   11901      35     2.900000     3.200000   4.829501E+000   1.441425E+000   4.820816E+000   1.446245E+000   3.388076E+000   3.374571E+000   1.350456E-002
   11901      36     3.200000     3.500000   4.479548E+000   1.343916E+000   4.479433E+000   1.343830E+000   3.135632E+000   3.135603E+000   2.866747E-005
   11901      37     3.500000     3.900000   5.317470E+000   1.592354E+000   5.314101E+000   1.594230E+000   3.725117E+000   3.719871E+000   5.246109E-003
   11901      38     3.900000     5.500000   8.889375E+000   1.786621E+000   6.413616E+000   1.924085E+000   7.102754E+000   4.489531E+000   2.613224E+000
   11901      39     5.500000     6.500000   2.171822E+000   6.515471E-001   2.171814E+000   6.515442E-001   1.520274E+000   1.520270E+000   4.784546E-006
   11901      40     6.500000     7.000000   6.459457E-001   1.937837E-001   6.459441E-001   1.937832E-001   4.521621E-001   4.521609E-001   1.179972E-006
   11901      41     7.000000     9.000000   1.525571E+000   4.557298E-001   1.523401E+000   4.570204E-001   1.069841E+000   1.066381E+000   3.460463E-003
   11901      42     9.000000    20.000000   1.633159E+000   3.901552E-001   1.348945E+000   4.046835E-001   1.243004E+000   9.442614E-001   2.987423E-001
   12001       1     0.200000     0.300000   5.582456E-006   2.938599E-006   3.776939E-006   1.133082E-006   2.643857E-006   2.643857E-006  -4.911299E-015
   12001       2     0.300000     0.345000   2.557270E-003   1.160959E-003   1.994730E-003   5.984189E-004   1.396311E-003   1.396311E-003   9.565853E-013
   12001       3     0.345000     0.385000   2.512764E-003   1.006153E-003   2.152302E-003   6.456906E-004   1.506611E-003   1.506611E-003  -5.730525E-013
   12001       4     0.385000     0.420000   1.293223E-002   4.781073E-003   1.164451E-002   3.493352E-003   8.151155E-003   8.151155E-003   2.115582E-012
   12001       5     0.420000     0.450000   2.349464E-002   8.255229E-003   2.177059E-002   6.531176E-003   1.523941E-002   1.523941E-002  -1.979316E-012
   12001       6     0.450000     0.500000   1.310848E-001   4.421893E-002   1.240940E-001   3.722821E-002   8.686582E-002   8.686582E-002  -1.831368E-011
   12001       7     0.500000     0.550000   1.748537E-001   5.680007E-002   1.686481E-001   5.059442E-002   1.180536E-001   1.180536E-001  -1.383713E-011
   12001       8     0.550000     0.610000   2.295775E-001   7.279690E-002   2.239723E-001   6.719170E-002   1.567806E-001   1.567806E-001   1.258224E-011
   12001       9     0.610000     0.690000   5.693172E-001   1.769141E-001   5.605758E-001   1.681727E-001   3.924031E-001   3.924031E-001  -4.731615E-011
   12001      10     0.690000     0.780000   2.472789E+000   7.577010E-001   2.450126E+000   7.350378E-001   1.715088E+000   1.715088E+000   2.733398E-010
   12001      11     0.780000     0.800000   1.063069E+000   3.241398E-001   1.055609E+000   3.166826E-001   7.389296E-001   7.389261E-001   3.471744E-006
   12001      12     0.800000     0.870000   5.878988E+000   1.787489E+000   5.844998E+000   1.753499E+000   4.091499E+000   4.091499E+000   5.826713E-007
   12001      13     0.870000     0.880000   8.736691E-001   2.649443E-001   8.695961E-001   2.608788E-001   6.087247E-001   6.087173E-001   7.442925E-006
   12001      14     0.880000     1.030000   2.249240E+001   6.799491E+000   2.241845E+001   6.725534E+000   1.569291E+001   1.569291E+001   2.772590E-007
   12001      15     1.030000     1.080000   9.248799E+000   2.788382E+000   9.227951E+000   2.768385E+000   6.460417E+000   6.459566E+000   8.511621E-004
   12001      16     1.080000     1.140000   1.173685E+001   3.535822E+000   1.171566E+001   3.514699E+000   8.201028E+000   8.200964E+000   6.409285E-005
   12001      17     1.140000     1.200000   1.143670E+001   3.442659E+000   1.142004E+001   3.426012E+000   7.994037E+000   7.994027E+000   1.051473E-005
   12001      18     1.200000     1.240000   8.097833E+000   2.419680E+000   8.068695E+000   2.420608E+000   5.678153E+000   5.648086E+000   3.006692E-002
   12001      19     1.240000     1.280000   7.733813E+000   2.325880E+000   7.725362E+000   2.317609E+000   5.407933E+000   5.407754E+000   1.797868E-004
   12001      20     1.280000     1.340000   1.109154E+001   3.331757E+000   1.107801E+001   3.323403E+000   7.759786E+000   7.754608E+000   5.178137E-003
   12001      21     1.340000     1.420000   1.012492E+001   3.042445E+000   1.011688E+001   3.035064E+000   7.082476E+000   7.081816E+000   6.591180E-004
   12001      22     1.420000     1.460000   4.444646E+000   1.229105E+000   4.295885E+000   1.288766E+000   3.215541E+000   3.007120E+000   2.084213E-001
   12001      23     1.460000     1.490000   3.316959E+000   9.942182E-001   3.312598E+000   9.937795E-001   2.322741E+000   2.318819E+000   3.921779E-003
   12001      24     1.490000     1.520000   3.416012E+000   1.025631E+000   3.413718E+000   1.024115E+000   2.390381E+000   2.389602E+000   7.785181E-004
   12001      25     1.520000     1.680000   2.089115E+001   6.136051E+000   2.069919E+001   6.209758E+000   1.475510E+001   1.448943E+001   2.656632E-001
   12001      26     1.680000     1.740000   7.400301E+000   2.221621E+000   7.397813E+000   2.219344E+000   5.178680E+000   5.178469E+000   2.112868E-004
   12001      27     1.740000     1.820000   6.859941E+000   2.059257E+000   6.858041E+000   2.057412E+000   4.800684E+000   4.800629E+000   5.509739E-005
   12001      28     1.820000     1.940000   7.844991E+000   2.348337E+000   7.836138E+000   2.350841E+000   5.496654E+000   5.485296E+000   1.135726E-002
   12001      29     1.940000     2.200000   1.524385E+001   3.590161E+000   1.326710E+001   3.980129E+000   1.165369E+001   9.286967E+000   2.366721E+000
   12001      30     2.200000     2.300000   5.897529E+000   1.769635E+000   5.896836E+000   1.769051E+000   4.127894E+000   4.127785E+000   1.086434E-004
   12001      31     2.300000     2.450000   6.412228E+000   1.924052E+000   6.411672E+000   1.923502E+000   4.488176E+000   4.488170E+000   5.890455E-006
   12001      32     2.450000     2.550000   2.808749E+000   8.425409E-001   2.808308E+000   8.424924E-001   1.966208E+000   1.965816E+000   3.927100E-004
   12001      33     2.550000     2.650000   2.466453E+000   7.360522E-001   2.461862E+000   7.385586E-001   1.730401E+000   1.723303E+000   7.097676E-003
   12001      34     2.650000     2.900000   5.107089E+000   3.971314E-001   1.799855E+000   5.399566E-001   4.709958E+000   1.259899E+000   3.450059E+000
   12001      35     2.900000     3.200000   4.829501E+000   1.441431E+000   4.820823E+000   1.446247E+000   3.388069E+000   3.374576E+000   1.349334E-002
   12001      36     3.200000     3.500000   4.479548E+000   1.343916E+000   4.479433E+000   1.343830E+000   3.135632E+000   3.135603E+000   2.860843E-005
   12001      37     3.500000     3.900000   5.317470E+000   1.592353E+000   5.314101E+000   1.594230E+000   3.725117E+000   3.719871E+000   5.246610E-003
   12001      38     3.900000     5.500000   8.889375E+000   1.786699E+000   6.413766E+000   1.924130E+000   7.102676E+000   4.489636E+000   2.613040E+000
   12001      39     5.500000     6.500000   2.171822E+000   6.515471E-001   2.171814E+000   6.515442E-001   1.520274E+000   1.520270E+000   4.777503E-006
   12001      40     6.500000     7.000000   6.459457E-001   1.937837E-001   6.459441E-001   1.937832E-001   4.521621E-001   4.521609E-001   1.178417E-006
   12001      41     7.000000     9.000000   1.525571E+000   4.557298E-001   1.523401E+000   4.570204E-001   1.069841E+000   1.066381E+000   3.460402E-003
   12001      42     9.000000    20.000000   1.633159E+000   3.902339E-001   1.349133E+000   4.047400E-001   1.242925E+000   9.443934E-001   2.985316E-001
   12101       1     0.200000     0.300000   5.582456E-006   2.938599E-006   3.776939E-006   1.133082E-006   2.643857E-006   2.643857E-006  -4.911299E-015
   12101       2     0.300000     0.345000   2.557270E-003   1.160959E-003   1.994730E-003   5.984189E-004   1.396311E-003   1.396311E-003   9.565853E-013
   12101       3     0.345000     0.385000   2.512764E-003   1.006153E-003   2.152302E-003   6.456906E-004   1.506611E-003   1.506611E-003  -5.730525E-013
   12101       4     0.385000     0.420000   1.293223E-002   4.781073E-003   1.164451E-002   3.493352E-003   8.151155E-003   8.151155E-003   3.391318E-012
   12101       5     0.420000     0.450000   2.349464E-002   8.255229E-003   2.177059E-002   6.531176E-003   1.523941E-002   1.523941E-002  -4.233343E-012
   12101       6     0.450000     0.500000   1.310848E-001   4.421893E-002   1.240940E-001   3.722821E-002   8.686582E-002   8.686582E-002  -2.858008E-011
   12101       7     0.500000     0.550000   1.748537E-001   5.680007E-002   1.686481E-001   5.059442E-002   1.180536E-001   1.180536E-001  -1.283704E-011
   12101       8     0.550000     0.610000   2.295775E-001   7.279690E-002   2.239723E-001   6.719170E-002   1.567806E-001   1.567806E-001   1.349476E-011
   12101       9     0.610000     0.690000   5.693172E-001   1.769141E-001   5.605758E-001   1.681727E-001   3.924031E-001   3.924031E-001  -4.041001E-011
   12101      10     0.690000     0.780000   2.472789E+000   7.577010E-001   2.450126E+000   7.350378E-001   1.715088E+000   1.715088E+000   1.896123E-010
   12101      11     0.780000     0.800000   1.063069E+000   3.241398E-001   1.055609E+000   3.166826E-001   7.389296E-001   7.389261E-001   3.471719E-006
   12101      12     0.800000     0.870000   5.878988E+000   1.787489E+000   5.844998E+000   1.753499E+000   4.091499E+000   4.091499E+000   5.827899E-007
   12101      13     0.870000     0.880000   8.736691E-001   2.649443E-001   8.695961E-001   2.608788E-001   6.087247E-001   6.087173E-001   7.441519E-006
   12101      14     0.880000     1.030000   2.249240E+001   6.799491E+000   2.241845E+001   6.725534E+000   1.569291E+001   1.569291E+001   2.771817E-007
   12101      15     1.030000     1.080000   9.248799E+000   2.788382E+000   9.227951E+000   2.768385E+000   6.460417E+000   6.459566E+000   8.511593E-004
   12101      16     1.080000     1.140000   1.173685E+001   3.535822E+000   1.171566E+001   3.514699E+000   8.201028E+000   8.200964E+000   6.409234E-005
   12101      17     1.140000     1.200000   1.143670E+001   3.442659E+000   1.142004E+001   3.426012E+000   7.994037E+000   7.994027E+000   1.051574E-005
   12101      18     1.200000     1.240000   8.097833E+000   2.419680E+000   8.068695E+000   2.420608E+000   5.678153E+000   5.648086E+000   3.006678E-002
   12101      19     1.240000     1.280000   7.733813E+000   2.325880E+000   7.725362E+000   2.317609E+000   5.407933E+000   5.407754E+000   1.797226E-004
   12101      20     1.280000     1.340000   1.109154E+001   3.331757E+000   1.107801E+001   3.323403E+000   7.759786E+000   7.754608E+000   5.178183E-003
   12101      21     1.340000     1.420000   1.012492E+001   3.042445E+000   1.011688E+001   3.035064E+000   7.082476E+000   7.081817E+000   6.590210E-004
   12101      22     1.420000     1.460000   4.444646E+000   1.229107E+000   4.295887E+000   1.288766E+000   3.215539E+000   3.007121E+000   2.084184E-001
   12101      23     1.460000     1.490000   3.316959E+000   9.942183E-001   3.312599E+000   9.937796E-001   2.322741E+000   2.318819E+000   3.921647E-003
   12101      24     1.490000     1.520000   3.416012E+000   1.025631E+000   3.413718E+000   1.024115E+000   2.390381E+000   2.389602E+000   7.783857E-004
   12101      25     1.520000     1.680000   2.089115E+001   6.136054E+000   2.069919E+001   6.209758E+000   1.475509E+001   1.448944E+001   2.656576E-001
   12101      26     1.680000     1.740000   7.400301E+000   2.221621E+000   7.397813E+000   2.219344E+000   5.178680E+000   5.178469E+000   2.112179E-004
   12101      27     1.740000     1.820000   6.859941E+000   2.059258E+000   6.858041E+000   2.057412E+000   4.800684E+000   4.800629E+000   5.474741E-005
   12101      28     1.820000     1.940000   7.844991E+000   2.348340E+000   7.836141E+000   2.350842E+000   5.496651E+000   5.485298E+000   1.135249E-002
   12101      29     1.940000     2.200000   1.524385E+001   3.590434E+000   1.326744E+001   3.980231E+000   1.165342E+001   9.287205E+000   2.366211E+000
   12101      30     2.200000     2.300000   5.897529E+000   1.769635E+000   5.896836E+000   1.769051E+000   4.127894E+000   4.127785E+000   1.085838E-004
   12101      31     2.300000     2.450000   6.412228E+000   1.924052E+000   6.411672E+000   1.923502E+000   4.488176E+000   4.488170E+000   5.888039E-006
   12101      32     2.450000     2.550000   2.808749E+000   8.425415E-001   2.808309E+000   8.424926E-001   1.966208E+000   1.965816E+000   3.915525E-004
   12101      33     2.550000     2.650000   2.466453E+000   7.360544E-001   2.461865E+000   7.385594E-001   1.730399E+000   1.723305E+000   7.093710E-003
   12101      34     2.650000     2.900000   5.107089E+000   3.973388E-001   1.800534E+000   5.401601E-001   4.709750E+000   1.260374E+000   3.449377E+000
   12101      35     2.900000     3.200000   4.829501E+000   1.441438E+000   4.820830E+000   1.446249E+000   3.388063E+000   3.374581E+000   1.348227E-002
   12101      36     3.200000     3.500000   4.479548E+000   1.343916E+000   4.479433E+000   1.343830E+000   3.135632E+000   3.135603E+000   2.855032E-005
   12101      37     3.500000     3.900000   5.317470E+000   1.592353E+000   5.314101E+000   1.594230E+000   3.725118E+000   3.719870E+000   5.247107E-003
   12101      38     3.900000     5.500000   8.889375E+000   1.786775E+000   6.413915E+000   1.924174E+000   7.102600E+000   4.489740E+000   2.612859E+000
   12101      39     5.500000     6.500000   2.171822E+000   6.515471E-001   2.171814E+000   6.515442E-001   1.520274E+000   1.520270E+000   4.770600E-006
   12101      40     6.500000     7.000000   6.459457E-001   1.937837E-001   6.459441E-001   1.937832E-001   4.521621E-001   4.521609E-001   1.176890E-006
   12101      41     7.000000     9.000000   1.525571E+000   4.557298E-001   1.523401E+000   4.570204E-001   1.069841E+000   1.066381E+000   3.460341E-003
   12101      42     9.000000    20.000000   1.633159E+000   3.903115E-001   1.349320E+000   4.047959E-001   1.242847E+000   9.445237E-001   2.983237E-001
   12201       1     0.200000     0.300000   5.582456E-006   2.938599E-006   3.776939E-006   1.133082E-006   2.643857E-006   2.643857E-006  -4.911299E-015
   12201       2     0.300000     0.345000   2.557270E-003   1.160959E-003   1.994730E-003   5.984189E-004   1.396311E-003   1.396311E-003   9.565853E-013
   12201       3     0.345000     0.385000   2.512764E-003   1.006153E-003   2.152302E-003   6.456906E-004   1.506611E-003   1.506611E-003  -5.730525E-013
   12201       4     0.385000     0.420000   1.293223E-002   4.781073E-003   1.164451E-002   3.493352E-003   8.151155E-003   8.151155E-003   1.969017E-012
   12201       5     0.420000     0.450000   2.349464E-002   8.255229E-003   2.177059E-002   6.531176E-003   1.523941E-002   1.523941E-002  -4.819339E-012
   12201       6     0.450000     0.500000   1.310848E-001   4.421893E-002   1.240940E-001   3.722821E-002   8.686582E-002   8.686582E-002  -4.121860E-011
   12201       7     0.500000     0.550000   1.748537E-001   5.680007E-002   1.686481E-001   5.059442E-002   1.180536E-001   1.180536E-001  -1.300851E-011
   12201       8     0.550000     0.610000   2.295775E-001   7.279690E-002   2.239723E-001   6.719170E-002   1.567806E-001   1.567806E-001  -7.173151E-012
   12201       9     0.610000     0.690000   5.693172E-001   1.769141E-001   5.605758E-001   1.681727E-001   3.924031E-001   3.924031E-001   2.358780E-012
   12201      10     0.690000     0.780000   2.472789E+000   7.577010E-001   2.450126E+000   7.350378E-001   1.715088E+000   1.715088E+000   8.346168E-011
   12201      11     0.780000     0.800000   1.063069E+000   3.241398E-001   1.055609E+000   3.166826E-001   7.389296E-001   7.389261E-001   3.471693E-006
   12201      12     0.800000     0.870000   5.878988E+000   1.787489E+000   5.844998E+000   1.753499E+000   4.091499E+000   4.091499E+000   5.829064E-007
   12201      13     0.870000     0.880000   8.736691E-001   2.649443E-001   8.695961E-001   2.608788E-001   6.087247E-001   6.087173E-001   7.440130E-006
   12201      14     0.880000     1.030000   2.249240E+001   6.799491E+000   2.241845E+001   6.725534E+000   1.569291E+001   1.569291E+001   2.771074E-007
   12201      15     1.030000     1.080000   9.248799E+000   2.788382E+000   9.227951E+000   2.768385E+000   6.460417E+000   6.459566E+000   8.511564E-004
   12201      16     1.080000     1.140000   1.173685E+001   3.535822E+000   1.171566E+001   3.514699E+000   8.201028E+000   8.200964E+000   6.409184E-005
   12201      17     1.140000     1.200000   1.143670E+001   3.442659E+000   1.142004E+001   3.426012E+000   7.994037E+000   7.994027E+000   1.051674E-005
   12201      18     1.200000     1.240000   8.097833E+000   2.419680E+000   8.068695E+000   2.420608E+000   5.678153E+000   5.648086E+000   3.006665E-002
   12201      19     1.240000     1.280000   7.733813E+000   2.325880E+000   7.725362E+000   2.317609E+000   5.407933E+000   5.407754E+000   1.796592E-004
   12201      20     1.280000     1.340000   1.109154E+001   3.331756E+000   1.107801E+001   3.323403E+000   7.759786E+000   7.754608E+000   5.178228E-003
   12201      21     1.340000     1.420000   1.012492E+001   3.042445E+000   1.011688E+001   3.035064E+000   7.082475E+000   7.081817E+000   6.589252E-004
   12201      22     1.420000     1.460000   4.444646E+000   1.229108E+000   4.295888E+000   1.288766E+000   3.215537E+000   3.007122E+000   2.084155E-001
   12201      23     1.460000     1.490000   3.316959E+000   9.942183E-001   3.312599E+000   9.937796E-001   2.322741E+000   2.318819E+000   3.921516E-003
   12201      24     1.490000     1.520000   3.416012E+000   1.025631E+000   3.413718E+000   1.024115E+000   2.390381E+000   2.389603E+000   7.782549E-004
   12201      25     1.520000     1.680000   2.089115E+001   6.136057E+000   2.069920E+001   6.209759E+000   1.475509E+001   1.448944E+001   2.656520E-001
   12201      26     1.680000     1.740000   7.400301E+000   2.221621E+000   7.397813E+000   2.219344E+000   5.178680E+000   5.178469E+000   2.111499E-004
   12201      27     1.740000     1.820000   6.859941E+000   2.059258E+000   6.858042E+000   2.057412E+000   4.800684E+000   4.800629E+000   5.440150E-005
   12201      28     1.820000     1.940000   7.844991E+000   2.348343E+000   7.836144E+000   2.350843E+000   5.496648E+000   5.485301E+000   1.134777E-002
   12201      29     1.940000     2.200000   1.524385E+001   3.590703E+000   1.326777E+001   3.980331E+000   1.165315E+001   9.287440E+000   2.365707E+000
   12201      30     2.200000     2.300000   5.897529E+000   1.769635E+000   5.896836E+000   1.769051E+000   4.127894E+000   4.127785E+000   1.085248E-004
   12201      31     2.300000     2.450000   6.412228E+000   1.924052E+000   6.411672E+000   1.923502E+000   4.488176E+000   4.488170E+000   5.885651E-006
   12201      32     2.450000     2.550000   2.808749E+000   8.425422E-001   2.808310E+000   8.424929E-001   1.966207E+000   1.965817E+000   3.904087E-004
   12201      33     2.550000     2.650000   2.466453E+000   7.360566E-001   2.461867E+000   7.385601E-001   1.730397E+000   1.723307E+000   7.089790E-003
   12201      34     2.650000     2.900000   5.107089E+000   3.975443E-001   1.801205E+000   5.403614E-001   4.709545E+000   1.260843E+000   3.448702E+000
   12201      35     2.900000     3.200000   4.829501E+000   1.441444E+000   4.820837E+000   1.446251E+000   3.388057E+000   3.374586E+000   1.347134E-002
   12201      36     3.200000     3.500000   4.479548E+000   1.343916E+000   4.479433E+000   1.343830E+000   3.135632E+000   3.135603E+000   2.849290E-005
   12201      37     3.500000     3.900000   5.317470E+000   1.592353E+000   5.314100E+000   1.594230E+000   3.725118E+000   3.719870E+000   5.247598E-003
   12201      38     3.900000     5.500000   8.889375E+000   1.786851E+000   6.414062E+000   1.924218E+000   7.102524E+000   4.489843E+000   2.612681E+000
   12201      39     5.500000     6.500000   2.171822E+000   6.515471E-001   2.171814E+000   6.515442E-001   1.520274E+000   1.520270E+000   4.763776E-006
   12201      40     6.500000     7.000000   6.459457E-001   1.937837E-001   6.459441E-001   1.937832E-001   4.521621E-001   4.521609E-001   1.175382E-006
   12201      41     7.000000     9.000000   1.525571E+000   4.557299E-001   1.523401E+000   4.570204E-001   1.069841E+000   1.066381E+000   3.460281E-003
   12201      42     9.000000    20.000000   1.633159E+000   3.903883E-001   1.349504E+000   4.048512E-001   1.242771E+000   9.446528E-001   2.981178E-001
   12301       1     0.200000     0.300000   5.582456E-006   2.938599E-006   3.776939E-006   1.133082E-006   2.643857E-006   2.643857E-006  -4.911299E-015
   12301       2     0.300000     0.345000   2.557270E-003   1.160959E-003   1.994730E-003   5.984189E-004   1.396311E-003   1.396311E-003   9.565853E-013
   12301       3     0.345000     0.385000   2.512764E-003   1.006153E-003   2.152302E-003   6.456906E-004   1.506611E-003   1.506611E-003  -5.730525E-013
   12301       4     0.385000     0.420000   1.293223E-002   4.781073E-003   1.164451E-002   3.493352E-003   8.151155E-003   8.151155E-003   2.961445E-012
   12301       5     0.420000     0.450000   2.349464E-002   8.255229E-003   2.177059E-002   6.531176E-003   1.523941E-002   1.523941E-002  -5.103640E-012
   12301       6     0.450000     0.500000   1.310848E-001   4.421893E-002   1.240940E-001   3.722821E-002   8.686582E-002   8.686582E-002  -4.884868E-011
   12301       7     0.500000     0.550000   1.748537E-001   5.680007E-002   1.686481E-001   5.059442E-002   1.180536E-001   1.180536E-001  -1.184589E-011
   12301       8     0.550000     0.610000   2.295775E-001   7.279690E-002   2.239723E-001   6.719170E-002   1.567806E-001   1.567806E-001   1.973394E-011
   12301       9     0.610000     0.690000   5.693172E-001   1.769141E-001   5.605758E-001   1.681727E-001   3.924031E-001   3.924031E-001   4.876100E-011
   12301      10     0.690000     0.780000   2.472789E+000   7.577010E-001   2.450126E+000   7.350378E-001   1.715088E+000   1.715088E+000  -6.089529E-011
   12301      11     0.780000     0.800000   1.063069E+000   3.241398E-001   1.055609E+000   3.166826E-001   7.389296E-001   7.389261E-001   3.471668E-006
   12301      12     0.800000     0.870000   5.878988E+000   1.787489E+000   5.844998E+000   1.753499E+000   4.091499E+000   4.091499E+000   5.830216E-007
   12301      13     0.870000     0.880000   8.736691E-001   2.649443E-001   8.695961E-001   2.608788E-001   6.087247E-001   6.087173E-001   7.438758E-006
   12301      14     0.880000     1.030000   2.249240E+001   6.799491E+000   2.241845E+001   6.725534E+000   1.569291E+001   1.569291E+001   2.770331E-007
   12301      15     1.030000     1.080000   9.248799E+000   2.788382E+000   9.227951E+000   2.768385E+000   6.460417E+000   6.459566E+000   8.511536E-004
   12301      16     1.080000     1.140000   1.173685E+001   3.535822E+000   1.171566E+001   3.514699E+000   8.201028E+000   8.200964E+000   6.409135E-005
   12301      17     1.140000     1.200000   1.143670E+001   3.442659E+000   1.142004E+001   3.426012E+000   7.994037E+000   7.994027E+000   1.051774E-005
   12301      18     1.200000     1.240000   8.097833E+000   2.419680E+000   8.068695E+000   2.420608E+000   5.678153E+000   5.648086E+000   3.006652E-002
   12301      19     1.240000     1.280000   7.733813E+000   2.325880E+000   7.725363E+000   2.317609E+000   5.407933E+000   5.407754E+000   1.795966E-004
   12301      20     1.280000     1.340000   1.109154E+001   3.331756E+000   1.107801E+001   3.323403E+000   7.759786E+000   7.754608E+000   5.178272E-003
   12301      21     1.340000     1.420000   1.012492E+001   3.042446E+000   1.011688E+001   3.035064E+000   7.082475E+000   7.081817E+000   6.588307E-004
   12301      22     1.420000     1.460000   4.444646E+000   1.229110E+000   4.295890E+000   1.288767E+000   3.215536E+000   3.007123E+000   2.084126E-001
   12301      23     1.460000     1.490000   3.316959E+000   9.942184E-001   3.312599E+000   9.937796E-001   2.322740E+000   2.318819E+000   3.921387E-003
   12301      24     1.490000     1.520000   3.416012E+000   1.025631E+000   3.413718E+000   1.024115E+000   2.390381E+000   2.389603E+000   7.781260E-004
   12301      25     1.520000     1.680000   2.089115E+001   6.136061E+000   2.069920E+001   6.209760E+000   1.475509E+001   1.448944E+001   2.656465E-001
   12301      26     1.680000     1.740000   7.400301E+000   2.221621E+000   7.397813E+000   2.219344E+000   5.178680E+000   5.178469E+000   2.110828E-004
   12301      27     1.740000     1.820000   6.859941E+000   2.059258E+000   6.858042E+000   2.057413E+000   4.800683E+000   4.800629E+000   5.406138E-005
   12301      28     1.820000     1.940000   7.844991E+000   2.348345E+000   7.836146E+000   2.350844E+000   5.496646E+000   5.485303E+000   1.134313E-002
   12301      29     1.940000     2.200000   1.524385E+001   3.590970E+000   1.326810E+001   3.980431E+000   1.165288E+001   9.287672E+000   2.365209E+000
   12301      30     2.200000     2.300000   5.897529E+000   1.769635E+000   5.896836E+000   1.769051E+000   4.127894E+000   4.127785E+000   1.084667E-004
   12301      31     2.300000     2.450000   6.412228E+000   1.924052E+000   6.411672E+000   1.923502E+000   4.488176E+000   4.488170E+000   5.883297E-006
   12301      32     2.450000     2.550000   2.808749E+000   8.425428E-001   2.808310E+000   8.424931E-001   1.966206E+000   1.965817E+000   3.892809E-004
   12301      33     2.550000     2.650000   2.466453E+000   7.360588E-001   2.461869E+000   7.385608E-001   1.730395E+000   1.723309E+000   7.085972E-003
   12301      34     2.650000     2.900000   5.107089E+000   3.977474E-001   1.801867E+000   5.405601E-001   4.709342E+000   1.261307E+000   3.448035E+000
   12301      35     2.900000     3.200000   4.829501E+000   1.441450E+000   4.820844E+000   1.446253E+000   3.388051E+000   3.374591E+000   1.346054E-002
   12301      36     3.200000     3.500000   4.479548E+000   1.343916E+000   4.479433E+000   1.343830E+000   3.135632E+000   3.135603E+000   2.843632E-005
   12301      37     3.500000     3.900000   5.317470E+000   1.592352E+000   5.314100E+000   1.594230E+000   3.725118E+000   3.719870E+000   5.248084E-003
   12301      38     3.900000     5.500000   8.889375E+000   1.786926E+000   6.414206E+000   1.924262E+000   7.102449E+000   4.489944E+000   2.612505E+000
   12301      39     5.500000     6.500000   2.171822E+000   6.515471E-001   2.171814E+000   6.515442E-001   1.520274E+000   1.520270E+000   4.757078E-006
   12301      40     6.500000     7.000000   6.459457E-001   1.937837E-001   6.459441E-001   1.937832E-001   4.521621E-001   4.521609E-001   1.173900E-006
   12301      41     7.000000     9.000000   1.525571E+000   4.557299E-001   1.523401E+000   4.570204E-001   1.069841E+000   1.066381E+000   3.460222E-003
   12301      42     9.000000    20.000000   1.633159E+000   3.904641E-001   1.349686E+000   4.049059E-001   1.242695E+000   9.447803E-001   2.979145E-001
   12401       1     0.200000     0.300000   5.582456E-006   2.938599E-006   3.776939E-006   1.133082E-006   2.643857E-006   2.643857E-006  -4.911299E-015
   12401       2     0.300000     0.345000   2.557270E-003   1.160959E-003   1.994730E-003   5.984189E-004   1.396311E-003   1.396311E-003   9.565853E-013
   12401       3     0.345000     0.385000   2.512764E-003   1.006153E-003   2.152302E-003   6.456906E-004   1.506611E-003   1.506611E-003  -5.730525E-013
   12401       4     0.385000     0.420000   1.293223E-002   4.781073E-003   1.164451E-002   3.493352E-003   8.151155E-003   8.151155E-003   4.018827E-012
   12401       5     0.420000     0.450000   2.349464E-002   8.255229E-003   2.177059E-002   6.531176E-003   1.523941E-002   1.523941E-002  -1.606019E-012
   12401       6     0.450000     0.500000   1.310848E-001   4.421893E-002   1.240940E-001   3.722821E-002   8.686582E-002   8.686582E-002  -2.886118E-011
   12401       7     0.500000     0.550000   1.748537E-001   5.680007E-002   1.686481E-001   5.059442E-002   1.180536E-001   1.180536E-001  -3.647194E-012
   12401       8     0.550000     0.610000   2.295775E-001   7.279690E-002   2.239723E-001   6.719170E-002   1.567806E-001   1.567806E-001   4.789719E-011
   12401       9     0.610000     0.690000   5.693172E-001   1.769141E-001   5.605758E-001   1.681727E-001   3.924031E-001   3.924031E-001   4.905826E-011
   12401      10     0.690000     0.780000   2.472789E+000   7.577010E-001   2.450126E+000   7.350378E-001   1.715088E+000   1.715088E+000   6.183476E-011
   12401      11     0.780000     0.800000   1.063069E+000   3.241398E-001   1.055609E+000   3.166826E-001   7.389296E-001   7.389261E-001   3.471642E-006
   12401      12     0.800000     0.870000   5.878988E+000   1.787489E+000   5.844998E+000   1.753499E+000   4.091499E+000   4.091499E+000   5.831357E-007
   12401      13     0.870000     0.880000   8.736691E-001   2.649443E-001   8.695961E-001   2.608788E-001   6.087247E-001   6.087173E-001   7.437403E-006
   12401      14     0.880000     1.030000   2.249240E+001   6.799491E+000   2.241845E+001   6.725534E+000   1.569291E+001   1.569291E+001   2.769624E-007
   12401      15     1.030000     1.080000   9.248799E+000   2.788382E+000   9.227951E+000   2.768385E+000   6.460417E+000   6.459566E+000   8.511508E-004
   12401      16     1.080000     1.140000   1.173685E+001   3.535822E+000   1.171566E+001   3.514699E+000   8.201028E+000   8.200964E+000   6.409087E-005
   12401      17     1.140000     1.200000   1.143670E+001   3.442659E+000   1.142004E+001   3.426012E+000   7.994037E+000   7.994027E+000   1.051873E-005
   12401      18     1.200000     1.240000   8.097833E+000   2.419680E+000   8.068695E+000   2.420609E+000   5.678153E+000   5.648087E+000   3.006638E-002
   12401      19     1.240000     1.280000   7.733813E+000   2.325880E+000   7.725363E+000   2.317609E+000   5.407933E+000   5.407754E+000   1.795349E-004
   12401      20     1.280000     1.340000   1.109154E+001   3.331756E+000   1.107801E+001   3.323403E+000   7.759786E+000   7.754608E+000   5.178316E-003
   12401      21     1.340000     1.420000   1.012492E+001   3.042446E+000   1.011688E+001   3.035064E+000   7.082475E+000   7.081817E+000   6.587374E-004
   12401      22     1.420000     1.460000   4.444646E+000   1.229112E+000   4.295891E+000   1.288767E+000   3.215534E+000   3.007124E+000   2.084098E-001
   12401      23     1.460000     1.490000   3.316959E+000   9.942185E-001   3.312599E+000   9.937796E-001   2.322740E+000   2.318819E+000   3.921261E-003
   12401      24     1.490000     1.520000   3.416012E+000   1.025631E+000   3.413718E+000   1.024115E+000   2.390381E+000   2.389603E+000   7.779990E-004
   12401      25     1.520000     1.680000   2.089115E+001   6.136064E+000   2.069920E+001   6.209761E+000   1.475508E+001   1.448944E+001   2.656411E-001
   12401      26     1.680000     1.740000   7.400301E+000   2.221621E+000   7.397813E+000   2.219344E+000   5.178680E+000   5.178469E+000   2.110166E-004
   12401      27     1.740000     1.820000   6.859941E+000   2.059258E+000   6.858042E+000   2.057413E+000   4.800683E+000   4.800629E+000   5.372687E-005
   12401      28     1.820000     1.940000   7.844991E+000   2.348348E+000   7.836149E+000   2.350845E+000   5.496643E+000   5.485305E+000   1.133856E-002
   12401      29     1.940000     2.200000   1.524385E+001   3.591233E+000   1.326843E+001   3.980529E+000   1.165262E+001   9.287901E+000   2.364717E+000
   12401      30     2.200000     2.300000   5.897529E+000   1.769635E+000   5.896836E+000   1.769051E+000   4.127893E+000   4.127785E+000   1.084093E-004
   12401      31     2.300000     2.450000   6.412228E+000   1.924052E+000   6.411672E+000   1.923502E+000   4.488176E+000   4.488170E+000   5.880976E-006
   12401      32     2.450000     2.550000   2.808749E+000   8.425434E-001   2.808311E+000   8.424933E-001   1.966206E+000   1.965818E+000   3.881687E-004
   12401      33     2.550000     2.650000   2.466453E+000   7.360608E-001   2.461872E+000   7.385615E-001   1.730393E+000   1.723310E+000   7.082251E-003
   12401      34     2.650000     2.900000   5.107089E+000   3.979479E-001   1.802520E+000   5.407561E-001   4.709141E+000   1.261764E+000   3.447377E+000
   12401      35     2.900000     3.200000   4.829501E+000   1.441456E+000   4.820851E+000   1.446255E+000   3.388045E+000   3.374595E+000   1.344988E-002
   12401      36     3.200000     3.500000   4.479548E+000   1.343916E+000   4.479433E+000   1.343830E+000   3.135631E+000   3.135603E+000   2.838058E-005
   12401      37     3.500000     3.900000   5.317470E+000   1.592352E+000   5.314100E+000   1.594230E+000   3.725118E+000   3.719870E+000   5.248566E-003
   12401      38     3.900000     5.500000   8.889375E+000   1.787000E+000   6.414349E+000   1.924305E+000   7.102375E+000   4.490044E+000   2.612331E+000
   12401      39     5.500000     6.500000   2.171822E+000   6.515471E-001   2.171814E+000   6.515442E-001   1.520274E+000   1.520270E+000   4.750501E-006
   12401      40     6.500000     7.000000   6.459457E-001   1.937837E-001   6.459441E-001   1.937832E-001   4.521621E-001   4.521609E-001   1.172441E-006
   12401      41     7.000000     9.000000   1.525571E+000   4.557299E-001   1.523401E+000   4.570204E-001   1.069841E+000   1.066381E+000   3.460164E-003
   12401      42     9.000000    20.000000   1.633159E+000   3.905387E-001   1.349866E+000   4.049599E-001   1.242620E+000   9.449064E-001   2.977138E-001
   12501       1     0.200000     0.300000   5.582456E-006   2.938599E-006   3.776939E-006   1.133082E-006   2.643857E-006   2.643857E-006  -4.911299E-015
   12501       2     0.300000     0.345000   2.557270E-003   1.160959E-003   1.994730E-003   5.984189E-004   1.396311E-003   1.396311E-003   9.565853E-013
   12501       3     0.345000     0.385000   2.512764E-003   1.006153E-003   2.152302E-003   6.456906E-004   1.506611E-003   1.506611E-003  -5.730525E-013
   12501       4     0.385000     0.420000   1.293223E-002   4.781073E-003   1.164451E-002   3.493352E-003   8.151155E-003   8.151155E-003   2.718353E-012
   12501       5     0.420000     0.450000   2.349464E-002   8.255229E-003   2.177059E-002   6.531176E-003   1.523941E-002   1.523941E-002  -4.009794E-012
   12501       6     0.450000     0.500000   1.310848E-001   4.421893E-002   1.240940E-001   3.722821E-002   8.686582E-002   8.686582E-002  -1.896611E-011
   12501       7     0.500000     0.550000   1.748537E-001   5.680007E-002   1.686481E-001   5.059442E-002   1.180536E-001   1.180536E-001  -1.438846E-011
   12501       8     0.550000     0.610000   2.295775E-001   7.279690E-002   2.239723E-001   6.719170E-002   1.567806E-001   1.567806E-001   3.676431E-011
   12501       9     0.610000     0.690000   5.693172E-001   1.769141E-001   5.605758E-001   1.681727E-001   3.924031E-001   3.924031E-001   3.578837E-011
   12501      10     0.690000     0.780000   2.472789E+000   7.577010E-001   2.450126E+000   7.350378E-001   1.715088E+000   1.715088E+000   3.060534E-010
   12501      11     0.780000     0.800000   1.063069E+000   3.241398E-001   1.055609E+000   3.166826E-001   7.389296E-001   7.389261E-001   3.471617E-006
   12501      12     0.800000     0.870000   5.878988E+000   1.787489E+000   5.844998E+000   1.753499E+000   4.091499E+000   4.091499E+000   5.832485E-007
   12501      13     0.870000     0.880000   8.736691E-001   2.649443E-001   8.695961E-001   2.608788E-001   6.087247E-001   6.087173E-001   7.436063E-006
   12501      14     0.880000     1.030000   2.249240E+001   6.799491E+000   2.241845E+001   6.725534E+000   1.569291E+001   1.569291E+001   2.768904E-007
   12501      15     1.030000     1.080000   9.248799E+000   2.788382E+000   9.227951E+000   2.768385E+000   6.460417E+000   6.459566E+000   8.511481E-004
   12501      16     1.080000     1.140000   1.173685E+001   3.535822E+000   1.171566E+001   3.514699E+000   8.201028E+000   8.200964E+000   6.409040E-005
   12501      17     1.140000     1.200000   1.143670E+001   3.442659E+000   1.142004E+001   3.426012E+000   7.994037E+000   7.994027E+000   1.051971E-005
   12501      18     1.200000     1.240000   8.097833E+000   2.419680E+000   8.068695E+000   2.420609E+000   5.678153E+000   5.648087E+000   3.006625E-002
   12501      19     1.240000     1.280000   7.733813E+000   2.325880E+000   7.725363E+000   2.317609E+000   5.407933E+000   5.407754E+000   1.794740E-004
   12501      20     1.280000     1.340000   1.109154E+001   3.331756E+000   1.107801E+001   3.323403E+000   7.759786E+000   7.754608E+000   5.178359E-003
   12501      21     1.340000     1.420000   1.012492E+001   3.042446E+000   1.011688E+001   3.035064E+000   7.082475E+000   7.081817E+000   6.586452E-004
   12501      22     1.420000     1.460000   4.444646E+000   1.229114E+000   4.295893E+000   1.288768E+000   3.215532E+000   3.007125E+000   2.084070E-001
   12501      23     1.460000     1.490000   3.316959E+000   9.942186E-001   3.312599E+000   9.937797E-001   2.322740E+000   2.318819E+000   3.921135E-003
   12501      24     1.490000     1.520000   3.416012E+000   1.025631E+000   3.413718E+000   1.024115E+000   2.390381E+000   2.389603E+000   7.778734E-004
   12501      25     1.520000     1.680000   2.089115E+001   6.136067E+000   2.069921E+001   6.209762E+000   1.475508E+001   1.448945E+001   2.656358E-001
   12501      26     1.680000     1.740000   7.400301E+000   2.221621E+000   7.397813E+000   2.219344E+000   5.178680E+000   5.178469E+000   2.109513E-004
   12501      27     1.740000     1.820000   6.859941E+000   2.059258E+000   6.858042E+000   2.057413E+000   4.800683E+000   4.800630E+000   5.339618E-005
   12501      28     1.820000     1.940000   7.844991E+000   2.348351E+000   7.836152E+000   2.350846E+000   5.496641E+000   5.485307E+000   1.133405E-002
   12501      29     1.940000     2.200000   1.524385E+001   3.591493E+000   1.326875E+001   3.980626E+000   1.165236E+001   9.288127E+000   2.364230E+000
   12501      30     2.200000     2.300000   5.897529E+000   1.769635E+000   5.896836E+000   1.769051E+000   4.127893E+000   4.127785E+000   1.083526E-004
   12501      31     2.300000     2.450000   6.412228E+000   1.924052E+000   6.411672E+000   1.923502E+000   4.488176E+000   4.488170E+000   5.878681E-006
   12501      32     2.450000     2.550000   2.808749E+000   8.425440E-001   2.808312E+000   8.424935E-001   1.966205E+000   1.965818E+000   3.870694E-004
   12501      33     2.550000     2.650000   2.466453E+000   7.360629E-001   2.461874E+000   7.385622E-001   1.730390E+000   1.723312E+000   7.078574E-003
   12501      34     2.650000     2.900000   5.107089E+000   3.981467E-001   1.803167E+000   5.409502E-001   4.708942E+000   1.262217E+000   3.446725E+000
   12501      35     2.900000     3.200000   4.829501E+000   1.441461E+000   4.820857E+000   1.446257E+000   3.388039E+000   3.374600E+000   1.343935E-002
   12501      36     3.200000     3.500000   4.479548E+000   1.343916E+000   4.479433E+000   1.343830E+000   3.135631E+000   3.135603E+000   2.832549E-005
   12501      37     3.500000     3.900000   5.317470E+000   1.592352E+000   5.314099E+000   1.594230E+000   3.725119E+000   3.719870E+000   5.249042E-003
   12501      38     3.900000     5.500000   8.889375E+000   1.787073E+000   6.414490E+000   1.924347E+000   7.102303E+000   4.490143E+000   2.612160E+000
   12501      39     5.500000     6.500000   2.171822E+000   6.515471E-001   2.171814E+000   6.515442E-001   1.520274E+000   1.520270E+000   4.743998E-006
   12501      40     6.500000     7.000000   6.459457E-001   1.937837E-001   6.459441E-001   1.937832E-001   4.521621E-001   4.521609E-001   1.171000E-006
   12501      41     7.000000     9.000000   1.525571E+000   4.557300E-001   1.523401E+000   4.570204E-001   1.069841E+000   1.066381E+000   3.460105E-003
   12501      42     9.000000    20.000000   1.633159E+000   3.906127E-001   1.350045E+000   4.050134E-001   1.242546E+000   9.450313E-001   2.975149E-001
   12601       1     0.200000     0.300000   5.582456E-006   2.938599E-006   3.776939E-006   1.133082E-006   2.643857E-006   2.643857E-006  -4.911299E-015
   12601       2     0.300000     0.345000   2.557270E-003   1.160959E-003   1.994730E-003   5.984189E-004   1.396311E-003   1.396311E-003   9.565853E-013
   12601       3     0.345000     0.385000   2.512764E-003   1.006153E-003   2.152302E-003   6.456906E-004   1.506611E-003   1.506611E-003  -5.730525E-013
   12601       4     0.385000     0.420000   1.293223E-002   4.781073E-003   1.164451E-002   3.493352E-003   8.151155E-003   8.151155E-003   2.418264E-012
   12601       5     0.420000     0.450000   2.349464E-002   8.255229E-003   2.177059E-002   6.531176E-003   1.523941E-002   1.523941E-002  -3.452922E-012
   12601       6     0.450000     0.500000   1.310848E-001   4.421893E-002   1.240940E-001   3.722821E-002   8.686582E-002   8.686582E-002  -1.442535E-011
   12601       7     0.500000     0.550000   1.748537E-001   5.680007E-002   1.686481E-001   5.059442E-002   1.180536E-001   1.180536E-001  -5.011797E-012
   12601       8     0.550000     0.610000   2.295775E-001   7.279690E-002   2.239723E-001   6.719170E-002   1.567806E-001   1.567806E-001   7.834677E-012
   12601       9     0.610000     0.690000   5.693172E-001   1.769141E-001   5.605758E-001   1.681727E-001   3.924031E-001   3.924031E-001   4.399092E-012
   12601      10     0.690000     0.780000   2.472789E+000   7.577010E-001   2.450126E+000   7.350378E-001   1.715088E+000   1.715088E+000   2.604252E-010
   12601      11     0.780000     0.800000   1.063069E+000   3.241398E-001   1.055609E+000   3.166826E-001   7.389296E-001   7.389261E-001   3.471592E-006
   12601      12     0.800000     0.870000   5.878988E+000   1.787489E+000   5.844998E+000   1.753499E+000   4.091499E+000   4.091499E+000   5.833596E-007
   12601      13     0.870000     0.880000   8.736691E-001   2.649443E-001   8.695961E-001   2.608788E-001   6.087247E-001   6.087173E-001   7.434740E-006
   12601      14     0.880000     1.030000   2.249240E+001   6.799491E+000   2.241845E+001   6.725534E+000   1.569291E+001   1.569291E+001   2.768204E-007
   12601      15     1.030000     1.080000   9.248799E+000   2.788382E+000   9.227951E+000   2.768385E+000   6.460417E+000   6.459566E+000   8.511454E-004
   12601      16     1.080000     1.140000   1.173685E+001   3.535822E+000   1.171566E+001   3.514699E+000   8.201028E+000   8.200964E+000   6.408994E-005
   12601      17     1.140000     1.200000   1.143670E+001   3.442659E+000   1.142004E+001   3.426012E+000   7.994037E+000   7.994027E+000   1.052069E-005
   12601      18     1.200000     1.240000   8.097833E+000   2.419680E+000   8.068695E+000   2.420609E+000   5.678153E+000   5.648087E+000   3.006613E-002
   12601      19     1.240000     1.280000   7.733813E+000   2.325880E+000   7.725363E+000   2.317609E+000   5.407933E+000   5.407754E+000   1.794138E-004
   12601      20     1.280000     1.340000   1.109154E+001   3.331756E+000   1.107801E+001   3.323403E+000   7.759786E+000   7.754608E+000   5.178402E-003
   12601      21     1.340000     1.420000   1.012492E+001   3.042446E+000   1.011688E+001   3.035064E+000   7.082475E+000   7.081817E+000   6.585542E-004
   12601      22     1.420000     1.460000   4.444646E+000   1.229115E+000   4.295895E+000   1.288768E+000   3.215530E+000   3.007126E+000   2.084043E-001
   12601      23     1.460000     1.490000   3.316959E+000   9.942186E-001   3.312599E+000   9.937797E-001   2.322740E+000   2.318819E+000   3.921012E-003
   12601      24     1.490000     1.520000   3.416012E+000   1.025631E+000   3.413718E+000   1.024115E+000   2.390381E+000   2.389603E+000   7.777497E-004
   12601      25     1.520000     1.680000   2.089115E+001   6.136070E+000   2.069921E+001   6.209763E+000   1.475508E+001   1.448945E+001   2.656305E-001
   12601      26     1.680000     1.740000   7.400301E+000   2.221621E+000   7.397813E+000   2.219344E+000   5.178680E+000   5.178469E+000   2.108869E-004
   12601      27     1.740000     1.820000   6.859941E+000   2.059259E+000   6.858042E+000   2.057413E+000   4.800683E+000   4.800630E+000   5.307085E-005
   12601      28     1.820000     1.940000   7.844991E+000   2.348353E+000   7.836155E+000   2.350846E+000   5.496638E+000   5.485308E+000   1.132960E-002
   12601      29     1.940000     2.200000   1.524385E+001   3.591750E+000   1.326907E+001   3.980722E+000   1.165210E+001   9.288351E+000   2.363749E+000
   12601      30     2.200000     2.300000   5.897529E+000   1.769635E+000   5.896836E+000   1.769051E+000   4.127893E+000   4.127785E+000   1.082966E-004
   12601      31     2.300000     2.450000   6.412228E+000   1.924052E+000   6.411672E+000   1.923502E+000   4.488176E+000   4.488170E+000   5.876417E-006
   12601      32     2.450000     2.550000   2.808749E+000   8.425446E-001   2.808312E+000   8.424937E-001   1.966205E+000   1.965819E+000   3.859851E-004
   12601      33     2.550000     2.650000   2.466453E+000   7.360649E-001   2.461876E+000   7.385629E-001   1.730388E+000   1.723313E+000   7.074988E-003
   12601      34     2.650000     2.900000   5.107089E+000   3.983431E-001   1.803806E+000   5.411418E-001   4.708746E+000   1.262664E+000   3.446082E+000
   12601      35     2.900000     3.200000   4.829501E+000   1.441467E+000   4.820864E+000   1.446259E+000   3.388034E+000   3.374605E+000   1.342895E-002
   12601      36     3.200000     3.500000   4.479548E+000   1.343916E+000   4.479433E+000   1.343830E+000   3.135631E+000   3.135603E+000   2.827119E-005
   12601      37     3.500000     3.900000   5.317470E+000   1.592352E+000   5.314099E+000   1.594230E+000   3.725119E+000   3.719869E+000   5.249514E-003
   12601      38     3.900000     5.500000   8.889375E+000   1.787145E+000   6.414628E+000   1.924389E+000   7.102231E+000   4.490240E+000   2.611991E+000
   12601      39     5.500000     6.500000   2.171822E+000   6.515472E-001   2.171814E+000   6.515442E-001   1.520274E+000   1.520270E+000   4.737611E-006
   12601      40     6.500000     7.000000   6.459457E-001   1.937837E-001   6.459441E-001   1.937832E-001   4.521621E-001   4.521609E-001   1.169584E-006
   12601      41     7.000000     9.000000   1.525571E+000   4.557300E-001   1.523401E+000   4.570204E-001   1.069841E+000   1.066381E+000   3.460048E-003
   12601      42     9.000000    20.000000   1.633159E+000   3.906857E-001   1.350221E+000   4.050664E-001   1.242473E+000   9.451548E-001   2.973184E-001
   12701       1     0.200000     0.300000   5.582456E-006   2.938599E-006   3.776939E-006   1.133082E-006   2.643857E-006   2.643857E-006  -4.911299E-015
   12701       2     0.300000     0.345000   2.557270E-003   1.160959E-003   1.994730E-003   5.984189E-004   1.396311E-003   1.396311E-003   9.565853E-013
   12701       3     0.345000     0.385000   2.512764E-003   1.006153E-003   2.152302E-003   6.456906E-004   1.506611E-003   1.506611E-003  -5.730525E-013
   12701       4     0.385000     0.420000   1.293223E-002   4.781073E-003   1.164451E-002   3.493352E-003   8.151155E-003   8.151155E-003   2.761198E-012
   12701       5     0.420000     0.450000   2.349464E-002   8.255229E-003   2.177059E-002   6.531176E-003   1.523941E-002   1.523941E-002  -4.080307E-012
   12701       6     0.450000     0.500000   1.310848E-001   4.421893E-002   1.240940E-001   3.722821E-002   8.686582E-002   8.686582E-002  -6.058876E-012
   12701       7     0.500000     0.550000   1.748537E-001   5.680007E-002   1.686481E-001   5.059442E-002   1.180536E-001   1.180536E-001  -3.016518E-012
   12701       8     0.550000     0.610000   2.295775E-001   7.279690E-002   2.239723E-001   6.719170E-002   1.567806E-001   1.567806E-001   5.161471E-011
   12701       9     0.610000     0.690000   5.693172E-001   1.769141E-001   5.605758E-001   1.681727E-001   3.924031E-001   3.924031E-001  -2.552436E-011
   12701      10     0.690000     0.780000   2.472789E+000   7.577010E-001   2.450126E+000   7.350378E-001   1.715088E+000   1.715088E+000   2.003264E-010
   12701      11     0.780000     0.800000   1.063069E+000   3.241398E-001   1.055609E+000   3.166826E-001   7.389296E-001   7.389261E-001   3.471567E-006
   12701      12     0.800000     0.870000   5.878988E+000   1.787489E+000   5.844998E+000   1.753499E+000   4.091499E+000   4.091499E+000   5.834702E-007
   12701      13     0.870000     0.880000   8.736691E-001   2.649443E-001   8.695962E-001   2.608788E-001   6.087247E-001   6.087173E-001   7.433434E-006
   12701      14     0.880000     1.030000   2.249240E+001   6.799491E+000   2.241845E+001   6.725534E+000   1.569291E+001   1.569291E+001   2.767515E-007
   12701      15     1.030000     1.080000   9.248799E+000   2.788382E+000   9.227951E+000   2.768385E+000   6.460417E+000   6.459566E+000   8.511426E-004
   12701      16     1.080000     1.140000   1.173685E+001   3.535822E+000   1.171566E+001   3.514699E+000   8.201028E+000   8.200964E+000   6.408952E-005
   12701      17     1.140000     1.200000   1.143670E+001   3.442659E+000   1.142004E+001   3.426012E+000   7.994037E+000   7.994027E+000   1.052167E-005
   12701      18     1.200000     1.240000   8.097833E+000   2.419680E+000   8.068695E+000   2.420609E+000   5.678153E+000   5.648087E+000   3.006600E-002
   12701      19     1.240000     1.280000   7.733813E+000   2.325880E+000   7.725363E+000   2.317609E+000   5.407933E+000   5.407754E+000   1.793546E-004
   12701      20     1.280000     1.340000   1.109154E+001   3.331756E+000   1.107801E+001   3.323403E+000   7.759786E+000   7.754608E+000   5.178444E-003
   12701      21     1.340000     1.420000   1.012492E+001   3.042446E+000   1.011688E+001   3.035064E+000   7.082475E+000   7.081817E+000   6.584646E-004
   12701      22     1.420000     1.460000   4.444646E+000   1.229117E+000   4.295896E+000   1.288769E+000   3.215529E+000   3.007127E+000   2.084016E-001
   12701      23     1.460000     1.490000   3.316959E+000   9.942187E-001   3.312599E+000   9.937797E-001   2.322740E+000   2.318819E+000   3.920890E-003
   12701      24     1.490000     1.520000   3.416012E+000   1.025631E+000   3.413718E+000   1.024115E+000   2.390380E+000   2.389603E+000   7.776280E-004
   12701      25     1.520000     1.680000   2.089115E+001   6.136074E+000   2.069921E+001   6.209764E+000   1.475507E+001   1.448945E+001   2.656253E-001
   12701      26     1.680000     1.740000   7.400301E+000   2.221621E+000   7.397813E+000   2.219344E+000   5.178680E+000   5.178469E+000   2.108236E-004
   12701      27     1.740000     1.820000   6.859941E+000   2.059259E+000   6.858043E+000   2.057413E+000   4.800683E+000   4.800630E+000   5.275251E-005
   12701      28     1.820000     1.940000   7.844991E+000   2.348355E+000   7.836158E+000   2.350847E+000   5.496636E+000   5.485310E+000   1.132525E-002
   12701      29     1.940000     2.200000   1.524385E+001   3.592004E+000   1.326939E+001   3.980816E+000   1.165185E+001   9.288572E+000   2.363274E+000
   12701      30     2.200000     2.300000   5.897529E+000   1.769635E+000   5.896836E+000   1.769051E+000   4.127893E+000   4.127785E+000   1.082414E-004
   12701      31     2.300000     2.450000   6.412228E+000   1.924052E+000   6.411672E+000   1.923502E+000   4.488176E+000   4.488170E+000   5.874192E-006
   12701      32     2.450000     2.550000   2.808749E+000   8.425452E-001   2.808313E+000   8.424939E-001   1.966204E+000   1.965819E+000   3.849191E-004
   12701      33     2.550000     2.650000   2.466453E+000   7.360668E-001   2.461878E+000   7.385635E-001   1.730387E+000   1.723315E+000   7.071559E-003
   12701      34     2.650000     2.900000   5.107089E+000   3.985366E-001   1.804434E+000   5.413303E-001   4.708553E+000   1.263104E+000   3.445448E+000
   12701      35     2.900000     3.200000   4.829501E+000   1.441473E+000   4.820870E+000   1.446261E+000   3.388028E+000   3.374609E+000   1.341869E-002
   12701      36     3.200000     3.500000   4.479548E+000   1.343916E+000   4.479433E+000   1.343830E+000   3.135631E+000   3.135603E+000   2.821786E-005
   12701      37     3.500000     3.900000   5.317470E+000   1.592351E+000   5.314099E+000   1.594230E+000   3.725119E+000   3.719869E+000   5.249982E-003
   12701      38     3.900000     5.500000   8.889375E+000   1.787215E+000   6.414765E+000   1.924429E+000   7.102160E+000   4.490335E+000   2.611825E+000
   12701      39     5.500000     6.500000   2.171822E+000   6.515472E-001   2.171814E+000   6.515442E-001   1.520274E+000   1.520270E+000   4.731374E-006
   12701      40     6.500000     7.000000   6.459457E-001   1.937837E-001   6.459441E-001   1.937832E-001   4.521621E-001   4.521609E-001   1.168195E-006
   12701      41     7.000000     9.000000   1.525571E+000   4.557300E-001   1.523401E+000   4.570204E-001   1.069841E+000   1.066381E+000   3.459991E-003
   12701      42     9.000000    20.000000   1.633159E+000   3.907573E-001   1.350395E+000   4.051185E-001   1.242402E+000   9.452764E-001   2.971252E-001
   12801       1     0.200000     0.300000   5.582456E-006   2.938599E-006   3.776939E-006   1.133082E-006   2.643857E-006   2.643857E-006  -4.911299E-015
   12801       2     0.300000     0.345000   2.557270E-003   1.160959E-003   1.994730E-003   5.984189E-004   1.396311E-003   1.396311E-003   9.565853E-013
   12801       3     0.345000     0.385000   2.512764E-003   1.006153E-003   2.152302E-003   6.456906E-004   1.506611E-003   1.506611E-003  -5.730525E-013
   12801       4     0.385000     0.420000   1.293223E-002   4.781073E-003   1.164451E-002   3.493352E-003   8.151155E-003   8.151155E-003   2.431586E-012
   12801       5     0.420000     0.450000   2.349464E-002   8.255229E-003   2.177059E-002   6.531176E-003   1.523941E-002   1.523941E-002  -4.175809E-013
   12801       6     0.450000     0.500000   1.310848E-001   4.421893E-002   1.240940E-001   3.722821E-002   8.686582E-002   8.686582E-002  -5.860687E-012
   12801       7     0.500000     0.550000   1.748537E-001   5.680007E-002   1.686481E-001   5.059442E-002   1.180536E-001   1.180536E-001   1.478219E-011
   12801       8     0.550000     0.610000   2.295775E-001   7.279690E-002   2.239723E-001   6.719170E-002   1.567806E-001   1.567806E-001   5.251161E-011
   12801       9     0.610000     0.690000   5.693172E-001   1.769141E-001   5.605758E-001   1.681727E-001   3.924031E-001   3.924031E-001   1.799116E-012
   12801      10     0.690000     0.780000   2.472789E+000   7.577010E-001   2.450126E+000   7.350378E-001   1.715088E+000   1.715088E+000   1.016882E-010
   12801      11     0.780000     0.800000   1.063069E+000   3.241398E-001   1.055609E+000   3.166826E-001   7.389296E-001   7.389261E-001   3.471542E-006
   12801      12     0.800000     0.870000   5.878988E+000   1.787489E+000   5.844998E+000   1.753499E+000   4.091499E+000   4.091499E+000   5.835795E-007
   12801      13     0.870000     0.880000   8.736691E-001   2.649443E-001   8.695962E-001   2.608788E-001   6.087247E-001   6.087173E-001   7.432146E-006
   12801      14     0.880000     1.030000   2.249240E+001   6.799491E+000   2.241845E+001   6.725534E+000   1.569291E+001   1.569291E+001   2.766869E-007
   12801      15     1.030000     1.080000   9.248799E+000   2.788382E+000   9.227951E+000   2.768385E+000   6.460417E+000   6.459566E+000   8.511398E-004
   12801      16     1.080000     1.140000   1.173685E+001   3.535822E+000   1.171566E+001   3.514699E+000   8.201028E+000   8.200964E+000   6.408914E-005
   12801      17     1.140000     1.200000   1.143670E+001   3.442659E+000   1.142004E+001   3.426012E+000   7.994037E+000   7.994027E+000   1.052266E-005
   12801      18     1.200000     1.240000   8.097833E+000   2.419680E+000   8.068695E+000   2.420609E+000   5.678153E+000   5.648087E+000   3.006587E-002
   12801      19     1.240000     1.280000   7.733813E+000   2.325880E+000   7.725363E+000   2.317609E+000   5.407933E+000   5.407754E+000   1.792964E-004
   12801      20     1.280000     1.340000   1.109154E+001   3.331756E+000   1.107801E+001   3.323403E+000   7.759786E+000   7.754608E+000   5.178486E-003
   12801      21     1.340000     1.420000   1.012492E+001   3.042446E+000   1.011688E+001   3.035064E+000   7.082475E+000   7.081817E+000   6.583763E-004
   12801      22     1.420000     1.460000   4.444646E+000   1.229119E+000   4.295897E+000   1.288769E+000   3.215527E+000   3.007128E+000   2.083990E-001
   12801      23     1.460000     1.490000   3.316959E+000   9.942188E-001   3.312599E+000   9.937797E-001   2.322740E+000   2.318819E+000   3.920771E-003
   12801      24     1.490000     1.520000   3.416012E+000   1.025631E+000   3.413718E+000   1.024116E+000   2.390380E+000   2.389603E+000   7.775084E-004
   12801      25     1.520000     1.680000   2.089115E+001   6.136077E+000   2.069922E+001   6.209765E+000   1.475507E+001   1.448945E+001   2.656203E-001
   12801      26     1.680000     1.740000   7.400301E+000   2.221621E+000   7.397813E+000   2.219344E+000   5.178680E+000   5.178469E+000   2.107615E-004
   12801      27     1.740000     1.820000   6.859941E+000   2.059259E+000   6.858043E+000   2.057413E+000   4.800682E+000   4.800630E+000   5.244122E-005
   12801      28     1.820000     1.940000   7.844991E+000   2.348358E+000   7.836160E+000   2.350848E+000   5.496633E+000   5.485312E+000   1.132099E-002
   12801      29     1.940000     2.200000   1.524385E+001   3.592255E+000   1.326970E+001   3.980910E+000   1.165160E+001   9.288789E+000   2.362806E+000
   12801      30     2.200000     2.300000   5.897529E+000   1.769635E+000   5.896836E+000   1.769051E+000   4.127893E+000   4.127785E+000   1.081870E-004
   12801      31     2.300000     2.450000   6.412228E+000   1.924052E+000   6.411672E+000   1.923502E+000   4.488176E+000   4.488170E+000   5.872006E-006
   12801      32     2.450000     2.550000   2.808749E+000   8.425458E-001   2.808314E+000   8.424941E-001   1.966203E+000   1.965820E+000   3.838722E-004
   12801      33     2.550000     2.650000   2.466453E+000   7.360687E-001   2.461881E+000   7.385642E-001   1.730385E+000   1.723316E+000   7.068299E-003
   12801      34     2.650000     2.900000   5.107089E+000   3.987270E-001   1.805053E+000   5.415158E-001   4.708362E+000   1.263537E+000   3.444825E+000
   12801      35     2.900000     3.200000   4.829501E+000   1.441479E+000   4.820877E+000   1.446263E+000   3.388022E+000   3.374614E+000   1.340858E-002
   12801      36     3.200000     3.500000   4.479548E+000   1.343917E+000   4.479433E+000   1.343830E+000   3.135631E+000   3.135603E+000   2.816553E-005
   12801      37     3.500000     3.900000   5.317470E+000   1.592351E+000   5.314098E+000   1.594230E+000   3.725119E+000   3.719869E+000   5.250448E-003
   12801      38     3.900000     5.500000   8.889375E+000   1.787284E+000   6.414898E+000   1.924469E+000   7.102091E+000   4.490429E+000   2.611662E+000
   12801      39     5.500000     6.500000   2.171822E+000   6.515472E-001   2.171814E+000   6.515442E-001   1.520274E+000   1.520270E+000   4.725280E-006
   12801      40     6.500000     7.000000   6.459457E-001   1.937837E-001   6.459441E-001   1.937832E-001   4.521621E-001   4.521609E-001   1.166835E-006
   12801      41     7.000000     9.000000   1.525571E+000   4.557301E-001   1.523402E+000   4.570205E-001   1.069841E+000   1.066381E+000   3.459934E-003
   12801      42     9.000000    20.000000   1.633159E+000   3.908276E-001   1.350566E+000   4.051698E-001   1.242331E+000   9.453961E-001   2.969352E-001
   12901       1     0.200000     0.300000   5.582456E-006   2.938599E-006   3.776939E-006   1.133082E-006   2.643857E-006   2.643857E-006  -4.911299E-015
   12901       2     0.300000     0.345000   2.557270E-003   1.160959E-003   1.994730E-003   5.984189E-004   1.396311E-003   1.396311E-003   9.565853E-013
   12901       3     0.345000     0.385000   2.512764E-003   1.006153E-003   2.152302E-003   6.456906E-004   1.506611E-003   1.506611E-003  -5.730525E-013
   12901       4     0.385000     0.420000   1.293223E-002   4.781073E-003   1.164451E-002   3.493352E-003   8.151155E-003   8.151155E-003   9.573366E-013
   12901       5     0.420000     0.450000   2.349464E-002   8.255229E-003   2.177059E-002   6.531176E-003   1.523941E-002   1.523941E-002   3.985447E-012
   12901       6     0.450000     0.500000   1.310848E-001   4.421893E-002   1.240940E-001   3.722821E-002   8.686582E-002   8.686582E-002  -6.507503E-012
   12901       7     0.500000     0.550000   1.748537E-001   5.680007E-002   1.686481E-001   5.059442E-002   1.180536E-001   1.180536E-001   2.146122E-011
   12901       8     0.550000     0.610000   2.295775E-001   7.279690E-002   2.239723E-001   6.719170E-002   1.567806E-001   1.567806E-001   4.978798E-011
   12901       9     0.610000     0.690000   5.693172E-001   1.769141E-001   5.605758E-001   1.681727E-001   3.924031E-001   3.924031E-001  -2.823353E-012
   12901      10     0.690000     0.780000   2.472789E+000   7.577010E-001   2.450126E+000   7.350378E-001   1.715088E+000   1.715088E+000   1.140257E-010
   12901      11     0.780000     0.800000   1.063069E+000   3.241398E-001   1.055609E+000   3.166826E-001   7.389296E-001   7.389261E-001   3.471516E-006
   12901      12     0.800000     0.870000   5.878988E+000   1.787489E+000   5.844998E+000   1.753499E+000   4.091499E+000   4.091499E+000   5.836879E-007
   12901      13     0.870000     0.880000   8.736691E-001   2.649443E-001   8.695962E-001   2.608788E-001   6.087247E-001   6.087173E-001   7.430874E-006
   12901      14     0.880000     1.030000   2.249240E+001   6.799491E+000   2.241845E+001   6.725534E+000   1.569291E+001   1.569291E+001   2.766208E-007
   12901      15     1.030000     1.080000   9.248799E+000   2.788382E+000   9.227951E+000   2.768385E+000   6.460417E+000   6.459566E+000   8.511370E-004
   12901      16     1.080000     1.140000   1.173685E+001   3.535822E+000   1.171566E+001   3.514699E+000   8.201028E+000   8.200964E+000   6.408878E-005
   12901      17     1.140000     1.200000   1.143670E+001   3.442659E+000   1.142004E+001   3.426012E+000   7.994037E+000   7.994027E+000   1.052365E-005
   12901      18     1.200000     1.240000   8.097833E+000   2.419680E+000   8.068695E+000   2.420609E+000   5.678153E+000   5.648087E+000   3.006574E-002
   12901      19     1.240000     1.280000   7.733813E+000   2.325880E+000   7.725363E+000   2.317609E+000   5.407933E+000   5.407754E+000   1.792389E-004
   12901      20     1.280000     1.340000   1.109154E+001   3.331756E+000   1.107801E+001   3.323403E+000   7.759786E+000   7.754608E+000   5.178526E-003
   12901      21     1.340000     1.420000   1.012492E+001   3.042446E+000   1.011688E+001   3.035064E+000   7.082475E+000   7.081817E+000   6.582892E-004
   12901      22     1.420000     1.460000   4.444646E+000   1.229120E+000   4.295899E+000   1.288770E+000   3.215526E+000   3.007129E+000   2.083964E-001
   12901      23     1.460000     1.490000   3.316959E+000   9.942188E-001   3.312599E+000   9.937798E-001   2.322740E+000   2.318819E+000   3.920653E-003
   12901      24     1.490000     1.520000   3.416012E+000   1.025631E+000   3.413718E+000   1.024116E+000   2.390380E+000   2.389603E+000   7.773905E-004
   12901      25     1.520000     1.680000   2.089115E+001   6.136080E+000   2.069922E+001   6.209766E+000   1.475507E+001   1.448945E+001   2.656153E-001
   12901      26     1.680000     1.740000   7.400301E+000   2.221621E+000   7.397813E+000   2.219344E+000   5.178680E+000   5.178469E+000   2.107003E-004
   12901      27     1.740000     1.820000   6.859941E+000   2.059259E+000   6.858043E+000   2.057413E+000   4.800682E+000   4.800630E+000   5.213470E-005
   12901      28     1.820000     1.940000   7.844991E+000   2.348360E+000   7.836163E+000   2.350849E+000   5.496631E+000   5.485314E+000   1.131680E-002
   12901      29     1.940000     2.200000   1.524385E+001   3.592502E+000   1.327001E+001   3.981002E+000   1.165135E+001   9.289004E+000   2.362344E+000
   12901      30     2.200000     2.300000   5.897529E+000   1.769635E+000   5.896836E+000   1.769051E+000   4.127893E+000   4.127785E+000   1.081333E-004
   12901      31     2.300000     2.450000   6.412228E+000   1.924052E+000   6.411672E+000   1.923502E+000   4.488176E+000   4.488170E+000   5.869849E-006
   12901      32     2.450000     2.550000   2.808749E+000   8.425464E-001   2.808314E+000   8.424943E-001   1.966203E+000   1.965820E+000   3.828392E-004
   12901      33     2.550000     2.650000   2.466453E+000   7.360705E-001   2.461883E+000   7.385648E-001   1.730383E+000   1.723318E+000   7.065116E-003
   12901      34     2.650000     2.900000   5.107089E+000   3.989153E-001   1.805663E+000   5.416990E-001   4.708174E+000   1.263964E+000   3.444209E+000
   12901      35     2.900000     3.200000   4.829501E+000   1.441484E+000   4.820883E+000   1.446265E+000   3.388017E+000   3.374618E+000   1.339859E-002
   12901      36     3.200000     3.500000   4.479548E+000   1.343917E+000   4.479433E+000   1.343830E+000   3.135631E+000   3.135603E+000   2.811392E-005
   12901      37     3.500000     3.900000   5.317470E+000   1.592351E+000   5.314098E+000   1.594229E+000   3.725120E+000   3.719869E+000   5.250908E-003
   12901      38     3.900000     5.500000   8.889375E+000   1.787353E+000   6.415030E+000   1.924509E+000   7.102023E+000   4.490521E+000   2.611502E+000
   12901      39     5.500000     6.500000   2.171822E+000   6.515472E-001   2.171814E+000   6.515442E-001   1.520274E+000   1.520270E+000   4.719288E-006
   12901      40     6.500000     7.000000   6.459457E-001   1.937837E-001   6.459441E-001   1.937832E-001   4.521621E-001   4.521609E-001   1.165495E-006
   12901      41     7.000000     9.000000   1.525571E+000   4.557301E-001   1.523402E+000   4.570205E-001   1.069841E+000   1.066381E+000   3.459878E-003
   12901      42     9.000000    20.000000   1.633159E+000   3.908970E-001   1.350735E+000   4.052205E-001   1.242262E+000   9.455145E-001   2.967475E-001
   13001       1     0.200000     0.300000   5.582456E-006   2.938599E-006   3.776939E-006   1.133082E-006   2.643857E-006   2.643857E-006  -4.911299E-015
   13001       2     0.300000     0.345000   2.557270E-003   1.160959E-003   1.994730E-003   5.984189E-004   1.396311E-003   1.396311E-003   9.565853E-013
   13001       3     0.345000     0.385000   2.512764E-003   1.006153E-003   2.152302E-003   6.456906E-004   1.506611E-003   1.506611E-003  -5.730525E-013
   13001       4     0.385000     0.420000   1.293223E-002   4.781073E-003   1.164451E-002   3.493352E-003   8.151155E-003   8.151155E-003   1.186133E-012
   13001       5     0.420000     0.450000   2.349464E-002   8.255229E-003   2.177059E-002   6.531176E-003   1.523941E-002   1.523941E-002   2.955306E-012
   13001       6     0.450000     0.500000   1.310848E-001   4.421893E-002   1.240940E-001   3.722821E-002   8.686582E-002   8.686582E-002  -1.258608E-011
   13001       7     0.500000     0.550000   1.748537E-001   5.680007E-002   1.686481E-001   5.059442E-002   1.180536E-001   1.180536E-001   1.452218E-011
   13001       8     0.550000     0.610000   2.295775E-001   7.279690E-002   2.239723E-001   6.719170E-002   1.567806E-001   1.567806E-001   4.237030E-011
   13001       9     0.610000     0.690000   5.693172E-001   1.769141E-001   5.605758E-001   1.681727E-001   3.924031E-001   3.924031E-001  -3.274836E-011
   13001      10     0.690000     0.780000   2.472789E+000   7.577010E-001   2.450126E+000   7.350378E-001   1.715088E+000   1.715088E+000  -8.773826E-011
   13001      11     0.780000     0.800000   1.063069E+000   3.241398E-001   1.055609E+000   3.166826E-001   7.389296E-001   7.389261E-001   3.471491E-006
   13001      12     0.800000     0.870000   5.878988E+000   1.787489E+000   5.844998E+000   1.753499E+000   4.091499E+000   4.091499E+000   5.837946E-007
   13001      13     0.870000     0.880000   8.736691E-001   2.649443E-001   8.695962E-001   2.608788E-001   6.087247E-001   6.087173E-001   7.429616E-006
   13001      14     0.880000     1.030000   2.249240E+001   6.799491E+000   2.241845E+001   6.725534E+000   1.569291E+001   1.569291E+001   2.765552E-007
   13001      15     1.030000     1.080000   9.248799E+000   2.788382E+000   9.227951E+000   2.768385E+000   6.460417E+000   6.459566E+000   8.511342E-004
   13001      16     1.080000     1.140000   1.173685E+001   3.535822E+000   1.171566E+001   3.514699E+000   8.201028E+000   8.200964E+000   6.408842E-005
   13001      17     1.140000     1.200000   1.143670E+001   3.442659E+000   1.142004E+001   3.426012E+000   7.994037E+000   7.994027E+000   1.052463E-005
   13001      18     1.200000     1.240000   8.097833E+000   2.419680E+000   8.068696E+000   2.420609E+000   5.678153E+000   5.648087E+000   3.006561E-002
   13001      19     1.240000     1.280000   7.733813E+000   2.325880E+000   7.725363E+000   2.317609E+000   5.407933E+000   5.407754E+000   1.791822E-004
   13001      20     1.280000     1.340000   1.109154E+001   3.331756E+000   1.107801E+001   3.323403E+000   7.759786E+000   7.754608E+000   5.178567E-003
   13001      21     1.340000     1.420000   1.012492E+001   3.042446E+000   1.011688E+001   3.035064E+000   7.082475E+000   7.081817E+000   6.582032E-004
   13001      22     1.420000     1.460000   4.444646E+000   1.229122E+000   4.295900E+000   1.288770E+000   3.215524E+000   3.007130E+000   2.083939E-001
   13001      23     1.460000     1.490000   3.316959E+000   9.942189E-001   3.312599E+000   9.937798E-001   2.322740E+000   2.318819E+000   3.920537E-003
   13001      24     1.490000     1.520000   3.416012E+000   1.025631E+000   3.413719E+000   1.024116E+000   2.390380E+000   2.389603E+000   7.772742E-004
   13001      25     1.520000     1.680000   2.089115E+001   6.136082E+000   2.069922E+001   6.209767E+000   1.475507E+001   1.448946E+001   2.656104E-001
   13001      26     1.680000     1.740000   7.400301E+000   2.221621E+000   7.397813E+000   2.219344E+000   5.178680E+000   5.178469E+000   2.106399E-004
   13001      27     1.740000     1.820000   6.859941E+000   2.059259E+000   6.858043E+000   2.057413E+000   4.800682E+000   4.800630E+000   5.183288E-005
   13001      28     1.820000     1.940000   7.844991E+000   2.348363E+000   7.836165E+000   2.350850E+000   5.496629E+000   5.485316E+000   1.131267E-002
   13001      29     1.940000     2.200000   1.524385E+001   3.592747E+000   1.327031E+001   3.981093E+000   1.165110E+001   9.289216E+000   2.361886E+000
   13001      30     2.200000     2.300000   5.897529E+000   1.769635E+000   5.896836E+000   1.769051E+000   4.127893E+000   4.127785E+000   1.080802E-004
   13001      31     2.300000     2.450000   6.412228E+000   1.924052E+000   6.411672E+000   1.923502E+000   4.488176E+000   4.488170E+000   5.867720E-006
   13001      32     2.450000     2.550000   2.808749E+000   8.425470E-001   2.808315E+000   8.424945E-001   1.966202E+000   1.965820E+000   3.818199E-004
   13001      33     2.550000     2.650000   2.466453E+000   7.360722E-001   2.461884E+000   7.385653E-001   1.730381E+000   1.723319E+000   7.062009E-003
   13001      34     2.650000     2.900000   5.107089E+000   3.991015E-001   1.806267E+000   5.418800E-001   4.707988E+000   1.264387E+000   3.443601E+000
   13001      35     2.900000     3.200000   4.829501E+000   1.441490E+000   4.820889E+000   1.446267E+000   3.388011E+000   3.374623E+000   1.338873E-002
   13001      36     3.200000     3.500000   4.479548E+000   1.343917E+000   4.479433E+000   1.343830E+000   3.135631E+000   3.135603E+000   2.806303E-005
   13001      37     3.500000     3.900000   5.317470E+000   1.592351E+000   5.314098E+000   1.594229E+000   3.725120E+000   3.719869E+000   5.251365E-003
   13001      38     3.900000     5.500000   8.889375E+000   1.787420E+000   6.415160E+000   1.924548E+000   7.101955E+000   4.490612E+000   2.611343E+000
   13001      39     5.500000     6.500000   2.171822E+000   6.515472E-001   2.171814E+000   6.515442E-001   1.520274E+000   1.520270E+000   4.713395E-006
   13001      40     6.500000     7.000000   6.459457E-001   1.937837E-001   6.459441E-001   1.937832E-001   4.521621E-001   4.521609E-001   1.164177E-006
   13001      41     7.000000     9.000000   1.525571E+000   4.557301E-001   1.523402E+000   4.570205E-001   1.069841E+000   1.066381E+000   3.459823E-003
   13001      42     9.000000    20.000000   1.633159E+000   3.909655E-001   1.350902E+000   4.052706E-001   1.242193E+000   9.456315E-001   2.965619E-001
   13101       1     0.200000     0.300000   5.582456E-006   2.938599E-006   3.776939E-006   1.133082E-006   2.643857E-006   2.643857E-006  -4.911299E-015
   13101       2     0.300000     0.345000   2.557270E-003   1.160959E-003   1.994730E-003   5.984189E-004   1.396311E-003   1.396311E-003   9.565853E-013
   13101       3     0.345000     0.385000   2.512764E-003   1.006153E-003   2.152302E-003   6.456906E-004   1.506611E-003   1.506611E-003  -5.730525E-013
   13101       4     0.385000     0.420000   1.293223E-002   4.781073E-003   1.164451E-002   3.493352E-003   8.151155E-003   8.151155E-003   1.472470E-012
   13101       5     0.420000     0.450000   2.349464E-002   8.255229E-003   2.177059E-002   6.531176E-003   1.523941E-002   1.523941E-002   3.999948E-012
   13101       6     0.450000     0.500000   1.310848E-001   4.421893E-002   1.240940E-001   3.722821E-002   8.686582E-002   8.686582E-002  -1.881069E-011
   13101       7     0.500000     0.550000   1.748537E-001   5.680007E-002   1.686481E-001   5.059442E-002   1.180536E-001   1.180536E-001   1.907148E-011
   13101       8     0.550000     0.610000   2.295775E-001   7.279690E-002   2.239723E-001   6.719170E-002   1.567806E-001   1.567806E-001   4.227099E-011
   13101       9     0.610000     0.690000   5.693172E-001   1.769141E-001   5.605758E-001   1.681727E-001   3.924031E-001   3.924031E-001  -1.410616E-011
   13101      10     0.690000     0.780000   2.472789E+000   7.577010E-001   2.450126E+000   7.350378E-001   1.715088E+000   1.715088E+000   3.680922E-011
   13101      11     0.780000     0.800000   1.063069E+000   3.241398E-001   1.055609E+000   3.166826E-001   7.389296E-001   7.389261E-001   3.471467E-006
   13101      12     0.800000     0.870000   5.878988E+000   1.787489E+000   5.844998E+000   1.753499E+000   4.091499E+000   4.091499E+000   5.839007E-007
   13101      13     0.870000     0.880000   8.736691E-001   2.649443E-001   8.695962E-001   2.608788E-001   6.087247E-001   6.087173E-001   7.428371E-006
   13101      14     0.880000     1.030000   2.249240E+001   6.799491E+000   2.241845E+001   6.725534E+000   1.569291E+001   1.569291E+001   2.764906E-007
   13101      15     1.030000     1.080000   9.248799E+000   2.788382E+000   9.227951E+000   2.768385E+000   6.460417E+000   6.459566E+000   8.511315E-004
   13101      16     1.080000     1.140000   1.173685E+001   3.535822E+000   1.171566E+001   3.514699E+000   8.201028E+000   8.200964E+000   6.408808E-005
   13101      17     1.140000     1.200000   1.143670E+001   3.442659E+000   1.142004E+001   3.426012E+000   7.994037E+000   7.994027E+000   1.052560E-005
   13101      18     1.200000     1.240000   8.097833E+000   2.419680E+000   8.068696E+000   2.420609E+000   5.678152E+000   5.648087E+000   3.006548E-002
   13101      19     1.240000     1.280000   7.733813E+000   2.325880E+000   7.725363E+000   2.317609E+000   5.407933E+000   5.407754E+000   1.791262E-004
   13101      20     1.280000     1.340000   1.109154E+001   3.331756E+000   1.107801E+001   3.323403E+000   7.759786E+000   7.754608E+000   5.178606E-003
   13101      21     1.340000     1.420000   1.012492E+001   3.042446E+000   1.011688E+001   3.035064E+000   7.082475E+000   7.081817E+000   6.581182E-004
   13101      22     1.420000     1.460000   4.444646E+000   1.229123E+000   4.295902E+000   1.288770E+000   3.215523E+000   3.007131E+000   2.083915E-001
   13101      23     1.460000     1.490000   3.316959E+000   9.942190E-001   3.312599E+000   9.937798E-001   2.322740E+000   2.318820E+000   3.920423E-003
   13101      24     1.490000     1.520000   3.416012E+000   1.025631E+000   3.413719E+000   1.024116E+000   2.390380E+000   2.389603E+000   7.771596E-004
   13101      25     1.520000     1.680000   2.089115E+001   6.136085E+000   2.069922E+001   6.209767E+000   1.475506E+001   1.448946E+001   2.656056E-001
   13101      26     1.680000     1.740000   7.400301E+000   2.221621E+000   7.397813E+000   2.219344E+000   5.178680E+000   5.178469E+000   2.105804E-004
   13101      27     1.740000     1.820000   6.859941E+000   2.059259E+000   6.858043E+000   2.057413E+000   4.800682E+000   4.800630E+000   5.153548E-005
   13101      28     1.820000     1.940000   7.844991E+000   2.348365E+000   7.836168E+000   2.350850E+000   5.496626E+000   5.485318E+000   1.130861E-002
   13101      29     1.940000     2.200000   1.524385E+001   3.592990E+000   1.327061E+001   3.981183E+000   1.165086E+001   9.289426E+000   2.361434E+000
   13101      30     2.200000     2.300000   5.897529E+000   1.769635E+000   5.896836E+000   1.769051E+000   4.127893E+000   4.127785E+000   1.080278E-004
   13101      31     2.300000     2.450000   6.412228E+000   1.924052E+000   6.411672E+000   1.923502E+000   4.488176E+000   4.488170E+000   5.865622E-006
   13101      32     2.450000     2.550000   2.808749E+000   8.425476E-001   2.808316E+000   8.424947E-001   1.966202E+000   1.965821E+000   3.808158E-004
   13101      33     2.550000     2.650000   2.466453E+000   7.360739E-001   2.461886E+000   7.385659E-001   1.730379E+000   1.723320E+000   7.058972E-003
   13101      34     2.650000     2.900000   5.107089E+000   3.992857E-001   1.806863E+000   5.420589E-001   4.707804E+000   1.264804E+000   3.443000E+000
   13101      35     2.900000     3.200000   4.829501E+000   1.441495E+000   4.820896E+000   1.446269E+000   3.388006E+000   3.374627E+000   1.337899E-002
   13101      36     3.200000     3.500000   4.479548E+000   1.343917E+000   4.479433E+000   1.343830E+000   3.135631E+000   3.135603E+000   2.801290E-005
   13101      37     3.500000     3.900000   5.317470E+000   1.592350E+000   5.314098E+000   1.594229E+000   3.725120E+000   3.719868E+000   5.251816E-003
   13101      38     3.900000     5.500000   8.889375E+000   1.787487E+000   6.415288E+000   1.924586E+000   7.101888E+000   4.490702E+000   2.611187E+000
   13101      39     5.500000     6.500000   2.171822E+000   6.515472E-001   2.171814E+000   6.515442E-001   1.520274E+000   1.520270E+000   4.707587E-006
   13101      40     6.500000     7.000000   6.459457E-001   1.937837E-001   6.459442E-001   1.937832E-001   4.521621E-001   4.521609E-001   1.162878E-006
   13101      41     7.000000     9.000000   1.525571E+000   4.557302E-001   1.523402E+000   4.570205E-001   1.069841E+000   1.066381E+000   3.459768E-003
   13101      42     9.000000    20.000000   1.633159E+000   3.910332E-001   1.351068E+000   4.053203E-001   1.242126E+000   9.457473E-001   2.963784E-001
   13201       1     0.200000     0.300000   5.582456E-006   2.938599E-006   3.776939E-006   1.133082E-006   2.643857E-006   2.643857E-006  -4.911299E-015
   13201       2     0.300000     0.345000   2.557270E-003   1.160959E-003   1.994730E-003   5.984189E-004   1.396311E-003   1.396311E-003   9.565853E-013
   13201       3     0.345000     0.385000   2.512764E-003   1.006153E-003   2.152302E-003   6.456906E-004   1.506611E-003   1.506611E-003  -5.730525E-013
   13201       4     0.385000     0.420000   1.293223E-002   4.781073E-003   1.164451E-002   3.493352E-003   8.151155E-003   8.151155E-003   1.910199E-012
   13201       5     0.420000     0.450000   2.349464E-002   8.255229E-003   2.177059E-002   6.531176E-003   1.523941E-002   1.523941E-002   2.948034E-012
   13201       6     0.450000     0.500000   1.310848E-001   4.421893E-002   1.240940E-001   3.722821E-002   8.686582E-002   8.686582E-002  -1.211727E-011
   13201       7     0.500000     0.550000   1.748537E-001   5.680007E-002   1.686481E-001   5.059442E-002   1.180536E-001   1.180536E-001   3.681404E-011
   13201       8     0.550000     0.610000   2.295775E-001   7.279690E-002   2.239723E-001   6.719170E-002   1.567806E-001   1.567806E-001   5.257483E-011
   13201       9     0.610000     0.690000   5.693172E-001   1.769141E-001   5.605758E-001   1.681727E-001   3.924031E-001   3.924031E-001  -3.614775E-012
   13201      10     0.690000     0.780000   2.472789E+000   7.577010E-001   2.450126E+000   7.350378E-001   1.715088E+000   1.715088E+000   4.570744E-011
   13201      11     0.780000     0.800000   1.063069E+000   3.241398E-001   1.055609E+000   3.166826E-001   7.389296E-001   7.389261E-001   3.471443E-006
   13201      12     0.800000     0.870000   5.878988E+000   1.787489E+000   5.844998E+000   1.753499E+000   4.091499E+000   4.091499E+000   5.840057E-007
   13201      13     0.870000     0.880000   8.736691E-001   2.649443E-001   8.695962E-001   2.608788E-001   6.087247E-001   6.087173E-001   7.427140E-006
   13201      14     0.880000     1.030000   2.249240E+001   6.799491E+000   2.241845E+001   6.725534E+000   1.569291E+001   1.569291E+001   2.764272E-007
   13201      15     1.030000     1.080000   9.248799E+000   2.788382E+000   9.227951E+000   2.768385E+000   6.460417E+000   6.459566E+000   8.511288E-004
   13201      16     1.080000     1.140000   1.173685E+001   3.535822E+000   1.171566E+001   3.514699E+000   8.201028E+000   8.200964E+000   6.408774E-005
   13201      17     1.140000     1.200000   1.143670E+001   3.442659E+000   1.142004E+001   3.426012E+000   7.994037E+000   7.994027E+000   1.052657E-005
   13201      18     1.200000     1.240000   8.097833E+000   2.419680E+000   8.068696E+000   2.420609E+000   5.678152E+000   5.648087E+000   3.006536E-002
   13201      19     1.240000     1.280000   7.733813E+000   2.325880E+000   7.725363E+000   2.317609E+000   5.407933E+000   5.407754E+000   1.790710E-004
   13201      20     1.280000     1.340000   1.109154E+001   3.331756E+000   1.107801E+001   3.323403E+000   7.759787E+000   7.754608E+000   5.178645E-003
   13201      21     1.340000     1.420000   1.012492E+001   3.042446E+000   1.011688E+001   3.035064E+000   7.082475E+000   7.081817E+000   6.580342E-004
   13201      22     1.420000     1.460000   4.444646E+000   1.229125E+000   4.295903E+000   1.288771E+000   3.215521E+000   3.007132E+000   2.083892E-001
   13201      23     1.460000     1.490000   3.316959E+000   9.942190E-001   3.312599E+000   9.937798E-001   2.322740E+000   2.318820E+000   3.920310E-003
   13201      24     1.490000     1.520000   3.416012E+000   1.025631E+000   3.413719E+000   1.024116E+000   2.390380E+000   2.389603E+000   7.770464E-004
   13201      25     1.520000     1.680000   2.089115E+001   6.136088E+000   2.069923E+001   6.209768E+000   1.475506E+001   1.448946E+001   2.656008E-001
   13201      26     1.680000     1.740000   7.400301E+000   2.221621E+000   7.397813E+000   2.219344E+000   5.178680E+000   5.178469E+000   2.105217E-004
   13201      27     1.740000     1.820000   6.859941E+000   2.059260E+000   6.858044E+000   2.057413E+000   4.800682E+000   4.800630E+000   5.124211E-005
   13201      28     1.820000     1.940000   7.844991E+000   2.348367E+000   7.836171E+000   2.350851E+000   5.496624E+000   5.485319E+000   1.130460E-002
   13201      29     1.940000     2.200000   1.524385E+001   3.593229E+000   1.327090E+001   3.981271E+000   1.165062E+001   9.289633E+000   2.360988E+000
   13201      30     2.200000     2.300000   5.897529E+000   1.769635E+000   5.896836E+000   1.769051E+000   4.127893E+000   4.127785E+000   1.079761E-004
   13201      31     2.300000     2.450000   6.412228E+000   1.924052E+000   6.411672E+000   1.923502E+000   4.488176E+000   4.488170E+000   5.863551E-006
   13201      32     2.450000     2.550000   2.808749E+000   8.425481E-001   2.808316E+000   8.424948E-001   1.966201E+000   1.965821E+000   3.798242E-004
   13201      33     2.550000     2.650000   2.466453E+000   7.360756E-001   2.461888E+000   7.385665E-001   1.730378E+000   1.723322E+000   7.055991E-003
   13201      34     2.650000     2.900000   5.107089E+000   3.994679E-001   1.807452E+000   5.422357E-001   4.707621E+000   1.265217E+000   3.442405E+000
   13201      35     2.900000     3.200000   4.829501E+000   1.441500E+000   4.820902E+000   1.446271E+000   3.388001E+000   3.374631E+000   1.336936E-002
   13201      36     3.200000     3.500000   4.479548E+000   1.343917E+000   4.479433E+000   1.343830E+000   3.135631E+000   3.135603E+000   2.796340E-005
   13201      37     3.500000     3.900000   5.317470E+000   1.592350E+000   5.314097E+000   1.594229E+000   3.725120E+000   3.719868E+000   5.252263E-003
   13201      38     3.900000     5.500000   8.889375E+000   1.787553E+000   6.415415E+000   1.924625E+000   7.101823E+000   4.490791E+000   2.611032E+000
   13201      39     5.500000     6.500000   2.171822E+000   6.515472E-001   2.171814E+000   6.515442E-001   1.520274E+000   1.520270E+000   4.701861E-006
   13201      40     6.500000     7.000000   6.459457E-001   1.937837E-001   6.459442E-001   1.937832E-001   4.521621E-001   4.521609E-001   1.161597E-006
   13201      41     7.000000     9.000000   1.525571E+000   4.557302E-001   1.523402E+000   4.570205E-001   1.069841E+000   1.066381E+000   3.459714E-003
   13201      42     9.000000    20.000000   1.633159E+000   3.911001E-001   1.351231E+000   4.053694E-001   1.242059E+000   9.458619E-001   2.961969E-001
   13301       1     0.200000     0.300000   5.582456E-006   2.938599E-006   3.776939E-006   1.133082E-006   2.643857E-006   2.643857E-006  -4.911299E-015
   13301       2     0.300000     0.345000   2.557270E-003   1.160959E-003   1.994730E-003   5.984189E-004   1.396311E-003   1.396311E-003   9.565853E-013
   13301       3     0.345000     0.385000   2.512764E-003   1.006153E-003   2.152302E-003   6.456906E-004   1.506611E-003   1.506611E-003  -5.730525E-013
   13301       4     0.385000     0.420000   1.293223E-002   4.781073E-003   1.164451E-002   3.493352E-003   8.151155E-003   8.151155E-003   1.745951E-012
   13301       5     0.420000     0.450000   2.349464E-002   8.255229E-003   2.177059E-002   6.531176E-003   1.523941E-002   1.523941E-002   2.400170E-012
   13301       6     0.450000     0.500000   1.310848E-001   4.421893E-002   1.240940E-001   3.722821E-002   8.686582E-002   8.686582E-002  -1.199449E-011
   13301       7     0.500000     0.550000   1.748537E-001   5.680007E-002   1.686481E-001   5.059442E-002   1.180536E-001   1.180536E-001   1.687059E-011
   13301       8     0.550000     0.610000   2.295775E-001   7.279690E-002   2.239723E-001   6.719170E-002   1.567806E-001   1.567806E-001   4.150630E-011
   13301       9     0.610000     0.690000   5.693172E-001   1.769141E-001   5.605758E-001   1.681727E-001   3.924031E-001   3.924031E-001   3.796519E-012
   13301      10     0.690000     0.780000   2.472789E+000   7.577010E-001   2.450126E+000   7.350378E-001   1.715088E+000   1.715088E+000  -3.899991E-011
   13301      11     0.780000     0.800000   1.063069E+000   3.241398E-001   1.055609E+000   3.166826E-001   7.389296E-001   7.389261E-001   3.471419E-006
   13301      12     0.800000     0.870000   5.878988E+000   1.787489E+000   5.844998E+000   1.753499E+000   4.091499E+000   4.091499E+000   5.841092E-007
   13301      13     0.870000     0.880000   8.736691E-001   2.649443E-001   8.695962E-001   2.608788E-001   6.087247E-001   6.087173E-001   7.425924E-006
   13301      14     0.880000     1.030000   2.249240E+001   6.799491E+000   2.241845E+001   6.725534E+000   1.569291E+001   1.569291E+001   2.763649E-007
   13301      15     1.030000     1.080000   9.248799E+000   2.788382E+000   9.227951E+000   2.768385E+000   6.460417E+000   6.459566E+000   8.511262E-004
   13301      16     1.080000     1.140000   1.173685E+001   3.535822E+000   1.171566E+001   3.514699E+000   8.201028E+000   8.200964E+000   6.408741E-005
   13301      17     1.140000     1.200000   1.143670E+001   3.442659E+000   1.142004E+001   3.426012E+000   7.994037E+000   7.994027E+000   1.052753E-005
   13301      18     1.200000     1.240000   8.097833E+000   2.419680E+000   8.068696E+000   2.420609E+000   5.678152E+000   5.648087E+000   3.006524E-002
   13301      19     1.240000     1.280000   7.733813E+000   2.325880E+000   7.725363E+000   2.317609E+000   5.407933E+000   5.407754E+000   1.790165E-004
   13301      20     1.280000     1.340000   1.109154E+001   3.331756E+000   1.107801E+001   3.323403E+000   7.759787E+000   7.754608E+000   5.178684E-003
   13301      21     1.340000     1.420000   1.012492E+001   3.042446E+000   1.011688E+001   3.035064E+000   7.082475E+000   7.081817E+000   6.579513E-004
   13301      22     1.420000     1.460000   4.444646E+000   1.229126E+000   4.295904E+000   1.288771E+000   3.215520E+000   3.007133E+000   2.083868E-001
   13301      23     1.460000     1.490000   3.316959E+000   9.942191E-001   3.312599E+000   9.937798E-001   2.322740E+000   2.318820E+000   3.920198E-003
   13301      24     1.490000     1.520000   3.416012E+000   1.025631E+000   3.413719E+000   1.024116E+000   2.390380E+000   2.389603E+000   7.769347E-004
   13301      25     1.520000     1.680000   2.089115E+001   6.136091E+000   2.069923E+001   6.209769E+000   1.475506E+001   1.448946E+001   2.655961E-001
   13301      26     1.680000     1.740000   7.400301E+000   2.221621E+000   7.397814E+000   2.219344E+000   5.178680E+000   5.178469E+000   2.104638E-004
   13301      27     1.740000     1.820000   6.859941E+000   2.059260E+000   6.858044E+000   2.057413E+000   4.800682E+000   4.800631E+000   5.095326E-005
   13301      28     1.820000     1.940000   7.844991E+000   2.348369E+000   7.836173E+000   2.350852E+000   5.496622E+000   5.485321E+000   1.130065E-002
   13301      29     1.940000     2.200000   1.524385E+001   3.593466E+000   1.327120E+001   3.981359E+000   1.165038E+001   9.289838E+000   2.360546E+000
   13301      30     2.200000     2.300000   5.897529E+000   1.769635E+000   5.896836E+000   1.769051E+000   4.127893E+000   4.127785E+000   1.079249E-004
   13301      31     2.300000     2.450000   6.412228E+000   1.924052E+000   6.411672E+000   1.923502E+000   4.488176E+000   4.488170E+000   5.861506E-006
   13301      32     2.450000     2.550000   2.808749E+000   8.425487E-001   2.808317E+000   8.424950E-001   1.966201E+000   1.965822E+000   3.788456E-004
   13301      33     2.550000     2.650000   2.466453E+000   7.360772E-001   2.461890E+000   7.385670E-001   1.730376E+000   1.723323E+000   7.053083E-003
   13301      34     2.650000     2.900000   5.107089E+000   3.996481E-001   1.808034E+000   5.424103E-001   4.707441E+000   1.265624E+000   3.441817E+000
   13301      35     2.900000     3.200000   4.829501E+000   1.441506E+000   4.820908E+000   1.446272E+000   3.387995E+000   3.374635E+000   1.335985E-002
   13301      36     3.200000     3.500000   4.479548E+000   1.343917E+000   4.479433E+000   1.343830E+000   3.135631E+000   3.135603E+000   2.791458E-005
   13301      37     3.500000     3.900000   5.317470E+000   1.592350E+000   5.314097E+000   1.594229E+000   3.725121E+000   3.719868E+000   5.252706E-003
   13301      38     3.900000     5.500000   8.889375E+000   1.787618E+000   6.415540E+000   1.924662E+000   7.101758E+000   4.490878E+000   2.610880E+000
   13301      39     5.500000     6.500000   2.171822E+000   6.515472E-001   2.171814E+000   6.515442E-001   1.520274E+000   1.520270E+000   4.696232E-006
   13301      40     6.500000     7.000000   6.459457E-001   1.937837E-001   6.459442E-001   1.937832E-001   4.521621E-001   4.521609E-001   1.160334E-006
   13301      41     7.000000     9.000000   1.525571E+000   4.557302E-001   1.523402E+000   4.570205E-001   1.069841E+000   1.066381E+000   3.459660E-003
   13301      42     9.000000    20.000000   1.633159E+000   3.911661E-001   1.351393E+000   4.054180E-001   1.241993E+000   9.459753E-001   2.960175E-001
   13401       1     0.200000     0.300000   5.582456E-006   2.938599E-006   3.776939E-006   1.133082E-006   2.643857E-006   2.643857E-006  -4.911299E-015
   13401       2     0.300000     0.345000   2.557270E-003   1.160959E-003   1.994730E-003   5.984189E-004   1.396311E-003   1.396311E-003   9.565853E-013
   13401       3     0.345000     0.385000   2.512764E-003   1.006153E-003   2.152302E-003   6.456906E-004   1.506611E-003   1.506611E-003  -5.730525E-013
   13401       4     0.385000     0.420000   1.293223E-002   4.781073E-003   1.164451E-002   3.493352E-003   8.151155E-003   8.151155E-003   8.756676E-013
   13401       5     0.420000     0.450000   2.349464E-002   8.255229E-003   2.177059E-002   6.531176E-003   1.523941E-002   1.523941E-002  -1.624345E-012
   13401       6     0.450000     0.500000   1.310848E-001   4.421893E-002   1.240940E-001   3.722821E-002   8.686582E-002   8.686582E-002  -2.221945E-011
   13401       7     0.500000     0.550000   1.748537E-001   5.680007E-002   1.686481E-001   5.059442E-002   1.180536E-001   1.180536E-001   9.217946E-012
   13401       8     0.550000     0.610000   2.295775E-001   7.279690E-002   2.239723E-001   6.719170E-002   1.567806E-001   1.567806E-001   4.766101E-011
   13401       9     0.610000     0.690000   5.693172E-001   1.769141E-001   5.605758E-001   1.681727E-001   3.924031E-001   3.924031E-001   4.707679E-012
   13401      10     0.690000     0.780000   2.472789E+000   7.577010E-001   2.450126E+000   7.350378E-001   1.715088E+000   1.715088E+000   7.440493E-011
   13401      11     0.780000     0.800000   1.063069E+000   3.241398E-001   1.055609E+000   3.166826E-001   7.389296E-001   7.389261E-001   3.471396E-006
   13401      12     0.800000     0.870000   5.878988E+000   1.787489E+000   5.844998E+000   1.753499E+000   4.091499E+000   4.091499E+000   5.842117E-007
   13401      13     0.870000     0.880000   8.736691E-001   2.649443E-001   8.695962E-001   2.608788E-001   6.087247E-001   6.087173E-001   7.424721E-006
   13401      14     0.880000     1.030000   2.249240E+001   6.799491E+000   2.241845E+001   6.725534E+000   1.569291E+001   1.569291E+001   2.763026E-007
   13401      15     1.030000     1.080000   9.248799E+000   2.788382E+000   9.227951E+000   2.768385E+000   6.460417E+000   6.459566E+000   8.511235E-004
   13401      16     1.080000     1.140000   1.173685E+001   3.535822E+000   1.171566E+001   3.514699E+000   8.201028E+000   8.200964E+000   6.408709E-005
   13401      17     1.140000     1.200000   1.143670E+001   3.442659E+000   1.142004E+001   3.426012E+000   7.994037E+000   7.994027E+000   1.052849E-005
   13401      18     1.200000     1.240000   8.097833E+000   2.419680E+000   8.068696E+000   2.420609E+000   5.678152E+000   5.648087E+000   3.006511E-002
   13401      19     1.240000     1.280000   7.733813E+000   2.325880E+000   7.725363E+000   2.317609E+000   5.407933E+000   5.407754E+000   1.789626E-004
   13401      20     1.280000     1.340000   1.109154E+001   3.331756E+000   1.107801E+001   3.323403E+000   7.759787E+000   7.754608E+000   5.178722E-003
   13401      21     1.340000     1.420000   1.012492E+001   3.042446E+000   1.011688E+001   3.035064E+000   7.082475E+000   7.081817E+000   6.578693E-004
   13401      22     1.420000     1.460000   4.444646E+000   1.229127E+000   4.295905E+000   1.288772E+000   3.215518E+000   3.007134E+000   2.083845E-001
   13401      23     1.460000     1.490000   3.316959E+000   9.942191E-001   3.312600E+000   9.937799E-001   2.322740E+000   2.318820E+000   3.920088E-003
   13401      24     1.490000     1.520000   3.416012E+000   1.025632E+000   3.413719E+000   1.024116E+000   2.390380E+000   2.389603E+000   7.768243E-004
   13401      25     1.520000     1.680000   2.089115E+001   6.136094E+000   2.069923E+001   6.209770E+000   1.475505E+001   1.448946E+001   2.655915E-001
   13401      26     1.680000     1.740000   7.400301E+000   2.221621E+000   7.397814E+000   2.219344E+000   5.178680E+000   5.178469E+000   2.104065E-004
   13401      27     1.740000     1.820000   6.859941E+000   2.059260E+000   6.858044E+000   2.057413E+000   4.800681E+000   4.800631E+000   5.066759E-005
   13401      28     1.820000     1.940000   7.844991E+000   2.348372E+000   7.836175E+000   2.350853E+000   5.496620E+000   5.485323E+000   1.129674E-002
   13401      29     1.940000     2.200000   1.524385E+001   3.593700E+000   1.327149E+001   3.981446E+000   1.165015E+001   9.290041E+000   2.360109E+000
   13401      30     2.200000     2.300000   5.897529E+000   1.769635E+000   5.896836E+000   1.769051E+000   4.127893E+000   4.127785E+000   1.078744E-004
   13401      31     2.300000     2.450000   6.412228E+000   1.924052E+000   6.411672E+000   1.923502E+000   4.488176E+000   4.488170E+000   5.859484E-006
   13401      32     2.450000     2.550000   2.808749E+000   8.425492E-001   2.808317E+000   8.424952E-001   1.966200E+000   1.965822E+000   3.778779E-004
   13401      33     2.550000     2.650000   2.466453E+000   7.360788E-001   2.461892E+000   7.385676E-001   1.730375E+000   1.723324E+000   7.050208E-003
   13401      34     2.650000     2.900000   5.107089E+000   3.998267E-001   1.808611E+000   5.425832E-001   4.707262E+000   1.266027E+000   3.441235E+000
   13401      35     2.900000     3.200000   4.829501E+000   1.441511E+000   4.820914E+000   1.446274E+000   3.387990E+000   3.374640E+000   1.335045E-002
   13401      36     3.200000     3.500000   4.479548E+000   1.343917E+000   4.479433E+000   1.343830E+000   3.135631E+000   3.135603E+000   2.786631E-005
   13401      37     3.500000     3.900000   5.317470E+000   1.592350E+000   5.314097E+000   1.594229E+000   3.725121E+000   3.719868E+000   5.253144E-003
   13401      38     3.900000     5.500000   8.889375E+000   1.787682E+000   6.415664E+000   1.924699E+000   7.101693E+000   4.490965E+000   2.610729E+000
   13401      39     5.500000     6.500000   2.171822E+000   6.515472E-001   2.171814E+000   6.515442E-001   1.520274E+000   1.520270E+000   4.690664E-006
   13401      40     6.500000     7.000000   6.459457E-001   1.937837E-001   6.459442E-001   1.937832E-001   4.521621E-001   4.521609E-001   1.159086E-006
   13401      41     7.000000     9.000000   1.525571E+000   4.557303E-001   1.523402E+000   4.570205E-001   1.069841E+000   1.066381E+000   3.459607E-003
   13401      42     9.000000    20.000000   1.633159E+000   3.912316E-001   1.351554E+000   4.054661E-001   1.241927E+000   9.460877E-001   2.958397E-001
   13501       1     0.200000     0.300000   5.582456E-006   2.938599E-006   3.776939E-006   1.133082E-006   2.643857E-006   2.643857E-006  -4.911299E-015
   13501       2     0.300000     0.345000   2.557270E-003   1.160959E-003   1.994730E-003   5.984189E-004   1.396311E-003   1.396311E-003   9.565853E-013
   13501       3     0.345000     0.385000   2.512764E-003   1.006153E-003   2.152302E-003   6.456906E-004   1.506611E-003   1.506611E-003  -5.730525E-013
   13501       4     0.385000     0.420000   1.293223E-002   4.781073E-003   1.164451E-002   3.493352E-003   8.151155E-003   8.151155E-003   1.128292E-012
   13501       5     0.420000     0.450000   2.349464E-002   8.255229E-003   2.177059E-002   6.531176E-003   1.523941E-002   1.523941E-002  -1.550354E-012
   13501       6     0.450000     0.500000   1.310848E-001   4.421893E-002   1.240940E-001   3.722821E-002   8.686582E-002   8.686582E-002  -2.137412E-011
   13501       7     0.500000     0.550000   1.748537E-001   5.680007E-002   1.686481E-001   5.059442E-002   1.180536E-001   1.180536E-001   4.891781E-013
   13501       8     0.550000     0.610000   2.295775E-001   7.279690E-002   2.239723E-001   6.719170E-002   1.567806E-001   1.567806E-001   5.977727E-011
   13501       9     0.610000     0.690000   5.693172E-001   1.769141E-001   5.605758E-001   1.681727E-001   3.924031E-001   3.924031E-001  -1.111228E-011
   13501      10     0.690000     0.780000   2.472789E+000   7.577010E-001   2.450126E+000   7.350378E-001   1.715088E+000   1.715088E+000   3.070784E-010
   13501      11     0.780000     0.800000   1.063069E+000   3.241398E-001   1.055609E+000   3.166826E-001   7.389296E-001   7.389261E-001   3.471372E-006
   13501      12     0.800000     0.870000   5.878988E+000   1.787489E+000   5.844998E+000   1.753499E+000   4.091499E+000   4.091499E+000   5.843130E-007
   13501      13     0.870000     0.880000   8.736691E-001   2.649443E-001   8.695962E-001   2.608788E-001   6.087247E-001   6.087173E-001   7.423534E-006
   13501      14     0.880000     1.030000   2.249240E+001   6.799491E+000   2.241845E+001   6.725534E+000   1.569291E+001   1.569291E+001   2.762415E-007
   13501      15     1.030000     1.080000   9.248799E+000   2.788382E+000   9.227951E+000   2.768385E+000   6.460417E+000   6.459566E+000   8.511208E-004
   13501      16     1.080000     1.140000   1.173685E+001   3.535822E+000   1.171566E+001   3.514699E+000   8.201028E+000   8.200964E+000   6.408680E-005
   13501      17     1.140000     1.200000   1.143670E+001   3.442659E+000   1.142004E+001   3.426012E+000   7.994037E+000   7.994027E+000   1.052944E-005
   13501      18     1.200000     1.240000   8.097833E+000   2.419681E+000   8.068696E+000   2.420609E+000   5.678152E+000   5.648087E+000   3.006499E-002
   13501      19     1.240000     1.280000   7.733813E+000   2.325880E+000   7.725363E+000   2.317609E+000   5.407933E+000   5.407754E+000   1.789095E-004
   13501      20     1.280000     1.340000   1.109154E+001   3.331756E+000   1.107801E+001   3.323403E+000   7.759787E+000   7.754608E+000   5.178759E-003
   13501      21     1.340000     1.420000   1.012492E+001   3.042446E+000   1.011688E+001   3.035064E+000   7.082475E+000   7.081817E+000   6.577885E-004
   13501      22     1.420000     1.460000   4.444646E+000   1.229129E+000   4.295907E+000   1.288772E+000   3.215517E+000   3.007135E+000   2.083823E-001
   13501      23     1.460000     1.490000   3.316959E+000   9.942192E-001   3.312600E+000   9.937799E-001   2.322740E+000   2.318820E+000   3.919979E-003
   13501      24     1.490000     1.520000   3.416012E+000   1.025632E+000   3.413719E+000   1.024116E+000   2.390380E+000   2.389603E+000   7.767157E-004
   13501      25     1.520000     1.680000   2.089115E+001   6.136097E+000   2.069924E+001   6.209771E+000   1.475505E+001   1.448946E+001   2.655869E-001
   13501      26     1.680000     1.740000   7.400301E+000   2.221621E+000   7.397814E+000   2.219344E+000   5.178680E+000   5.178470E+000   2.103502E-004
   13501      27     1.740000     1.820000   6.859941E+000   2.059260E+000   6.858044E+000   2.057413E+000   4.800681E+000   4.800631E+000   5.038725E-005
   13501      28     1.820000     1.940000   7.844991E+000   2.348374E+000   7.836178E+000   2.350853E+000   5.496617E+000   5.485324E+000   1.129291E-002
   13501      29     1.940000     2.200000   1.524385E+001   3.593932E+000   1.327177E+001   3.981532E+000   1.164992E+001   9.290241E+000   2.359678E+000
   13501      30     2.200000     2.300000   5.897529E+000   1.769635E+000   5.896836E+000   1.769051E+000   4.127893E+000   4.127785E+000   1.078246E-004
   13501      31     2.300000     2.450000   6.412228E+000   1.924052E+000   6.411672E+000   1.923502E+000   4.488176E+000   4.488170E+000   5.857494E-006
   13501      32     2.450000     2.550000   2.808749E+000   8.425497E-001   2.808318E+000   8.424954E-001   1.966200E+000   1.965823E+000   3.769254E-004
   13501      33     2.550000     2.650000   2.466453E+000   7.360804E-001   2.461894E+000   7.385681E-001   1.730373E+000   1.723326E+000   7.047446E-003
   13501      34     2.650000     2.900000   5.107089E+000   4.000028E-001   1.809179E+000   5.427536E-001   4.707086E+000   1.266425E+000   3.440661E+000
   13501      35     2.900000     3.200000   4.829501E+000   1.441516E+000   4.820920E+000   1.446276E+000   3.387985E+000   3.374644E+000   1.334117E-002
   13501      36     3.200000     3.500000   4.479548E+000   1.343917E+000   4.479433E+000   1.343830E+000   3.135631E+000   3.135603E+000   2.781882E-005
   13501      37     3.500000     3.900000   5.317470E+000   1.592349E+000   5.314097E+000   1.594229E+000   3.725121E+000   3.719868E+000   5.253578E-003
   13501      38     3.900000     5.500000   8.889375E+000   1.787745E+000   6.415786E+000   1.924736E+000   7.101630E+000   4.491050E+000   2.610580E+000
   13501      39     5.500000     6.500000   2.171822E+000   6.515472E-001   2.171814E+000   6.515442E-001   1.520274E+000   1.520270E+000   4.685204E-006
   13501      40     6.500000     7.000000   6.459457E-001   1.937837E-001   6.459442E-001   1.937832E-001   4.521621E-001   4.521609E-001   1.157862E-006
   13501      41     7.000000     9.000000   1.525571E+000   4.557303E-001   1.523402E+000   4.570205E-001   1.069841E+000   1.066381E+000   3.459555E-003
   13501      42     9.000000    20.000000   1.633159E+000   3.912960E-001   1.351712E+000   4.055137E-001   1.241863E+000   9.461985E-001   2.956644E-001
   13601       1     0.200000     0.300000   5.582456E-006   2.938599E-006   3.776939E-006   1.133082E-006   2.643857E-006   2.643857E-006  -4.911299E-015
   13601       2     0.300000     0.345000   2.557270E-003   1.160959E-003   1.994730E-003   5.984189E-004   1.396311E-003   1.396311E-003   9.565853E-013
   13601       3     0.345000     0.385000   2.512764E-003   1.006153E-003   2.152302E-003   6.456906E-004   1.506611E-003   1.506611E-003  -5.730525E-013
   13601       4     0.385000     0.420000   1.293223E-002   4.781073E-003   1.164451E-002   3.493352E-003   8.151155E-003   8.151155E-003   1.351056E-012
   13601       5     0.420000     0.450000   2.349464E-002   8.255229E-003   2.177059E-002   6.531176E-003   1.523941E-002   1.523941E-002   1.994998E-012
   13601       6     0.450000     0.500000   1.310848E-001   4.421893E-002   1.240940E-001   3.722821E-002   8.686582E-002   8.686582E-002  -1.148995E-011
   13601       7     0.500000     0.550000   1.748537E-001   5.680007E-002   1.686481E-001   5.059442E-002   1.180536E-001   1.180536E-001  -5.130993E-012
   13601       8     0.550000     0.610000   2.295775E-001   7.279690E-002   2.239723E-001   6.719170E-002   1.567806E-001   1.567806E-001   5.737524E-011
   13601       9     0.610000     0.690000   5.693172E-001   1.769141E-001   5.605758E-001   1.681727E-001   3.924031E-001   3.924031E-001   1.447192E-011
   13601      10     0.690000     0.780000   2.472789E+000   7.577010E-001   2.450126E+000   7.350378E-001   1.715088E+000   1.715088E+000   3.677263E-010
   13601      11     0.780000     0.800000   1.063069E+000   3.241398E-001   1.055609E+000   3.166826E-001   7.389296E-001   7.389261E-001   3.471348E-006
   13601      12     0.800000     0.870000   5.878988E+000   1.787489E+000   5.844998E+000   1.753499E+000   4.091499E+000   4.091499E+000   5.844138E-007
   13601      13     0.870000     0.880000   8.736691E-001   2.649443E-001   8.695962E-001   2.608788E-001   6.087247E-001   6.087173E-001   7.422364E-006
   13601      14     0.880000     1.030000   2.249240E+001   6.799491E+000   2.241845E+001   6.725534E+000   1.569291E+001   1.569291E+001   2.761838E-007
   13601      15     1.030000     1.080000   9.248799E+000   2.788382E+000   9.227951E+000   2.768385E+000   6.460417E+000   6.459566E+000   8.511180E-004
   13601      16     1.080000     1.140000   1.173685E+001   3.535822E+000   1.171566E+001   3.514699E+000   8.201028E+000   8.200964E+000   6.408654E-005
   13601      17     1.140000     1.200000   1.143670E+001   3.442659E+000   1.142004E+001   3.426012E+000   7.994037E+000   7.994027E+000   1.053041E-005
   13601      18     1.200000     1.240000   8.097833E+000   2.419681E+000   8.068696E+000   2.420609E+000   5.678152E+000   5.648087E+000   3.006487E-002
   13601      19     1.240000     1.280000   7.733813E+000   2.325880E+000   7.725363E+000   2.317609E+000   5.407933E+000   5.407754E+000   1.788573E-004
   13601      20     1.280000     1.340000   1.109154E+001   3.331756E+000   1.107801E+001   3.323403E+000   7.759787E+000   7.754608E+000   5.178796E-003
   13601      21     1.340000     1.420000   1.012492E+001   3.042446E+000   1.011688E+001   3.035064E+000   7.082475E+000   7.081817E+000   6.577091E-004
   13601      22     1.420000     1.460000   4.444646E+000   1.229130E+000   4.295908E+000   1.288772E+000   3.215516E+000   3.007135E+000   2.083801E-001
   13601      23     1.460000     1.490000   3.316959E+000   9.942193E-001   3.312600E+000   9.937799E-001   2.322740E+000   2.318820E+000   3.919873E-003
   13601      24     1.490000     1.520000   3.416012E+000   1.025632E+000   3.413719E+000   1.024116E+000   2.390380E+000   2.389603E+000   7.766092E-004
   13601      25     1.520000     1.680000   2.089115E+001   6.136099E+000   2.069924E+001   6.209771E+000   1.475505E+001   1.448947E+001   2.655824E-001
   13601      26     1.680000     1.740000   7.400301E+000   2.221622E+000   7.397814E+000   2.219344E+000   5.178680E+000   5.178470E+000   2.102950E-004
   13601      27     1.740000     1.820000   6.859941E+000   2.059260E+000   6.858044E+000   2.057413E+000   4.800681E+000   4.800631E+000   5.011427E-005
   13601      28     1.820000     1.940000   7.844991E+000   2.348376E+000   7.836180E+000   2.350854E+000   5.496615E+000   5.485326E+000   1.128917E-002
   13601      29     1.940000     2.200000   1.524385E+001   3.594160E+000   1.327205E+001   3.981616E+000   1.164969E+001   9.290438E+000   2.359252E+000
   13601      30     2.200000     2.300000   5.897529E+000   1.769636E+000   5.896836E+000   1.769051E+000   4.127893E+000   4.127785E+000   1.077754E-004
   13601      31     2.300000     2.450000   6.412228E+000   1.924052E+000   6.411672E+000   1.923502E+000   4.488176E+000   4.488170E+000   5.855542E-006
   13601      32     2.450000     2.550000   2.808749E+000   8.425503E-001   2.808319E+000   8.424956E-001   1.966199E+000   1.965823E+000   3.759912E-004
   13601      33     2.550000     2.650000   2.466453E+000   7.360818E-001   2.461895E+000   7.385686E-001   1.730372E+000   1.723327E+000   7.044867E-003
   13601      34     2.650000     2.900000   5.107089E+000   4.001758E-001   1.809736E+000   5.429209E-001   4.706913E+000   1.266815E+000   3.440098E+000
   13601      35     2.900000     3.200000   4.829501E+000   1.441521E+000   4.820925E+000   1.446278E+000   3.387980E+000   3.374648E+000   1.333203E-002
   13601      36     3.200000     3.500000   4.479548E+000   1.343917E+000   4.479433E+000   1.343830E+000   3.135631E+000   3.135603E+000   2.777231E-005
   13601      37     3.500000     3.900000   5.317470E+000   1.592349E+000   5.314096E+000   1.594229E+000   3.725121E+000   3.719867E+000   5.254011E-003
   13601      38     3.900000     5.500000   8.889375E+000   1.787807E+000   6.415905E+000   1.924771E+000   7.101568E+000   4.491133E+000   2.610435E+000
   13601      39     5.500000     6.500000   2.171822E+000   6.515472E-001   2.171814E+000   6.515442E-001   1.520274E+000   1.520270E+000   4.679903E-006
   13601      40     6.500000     7.000000   6.459457E-001   1.937837E-001   6.459442E-001   1.937832E-001   4.521621E-001   4.521609E-001   1.156668E-006
   13601      41     7.000000     9.000000   1.525571E+000   4.557303E-001   1.523402E+000   4.570205E-001   1.069841E+000   1.066381E+000   3.459502E-003
   13601      42     9.000000    20.000000   1.633159E+000   3.913589E-001   1.351868E+000   4.055603E-001   1.241800E+000   9.463074E-001   2.954926E-001
   13701       1     0.200000     0.300000   5.582456E-006   2.938599E-006   3.776939E-006   1.133082E-006   2.643857E-006   2.643857E-006  -4.911299E-015
   13701       2     0.300000     0.345000   2.557270E-003   1.160959E-003   1.994730E-003   5.984189E-004   1.396311E-003   1.396311E-003   9.565853E-013
   13701       3     0.345000     0.385000   2.512764E-003   1.006153E-003   2.152302E-003   6.456906E-004   1.506611E-003   1.506611E-003  -5.730525E-013
   13701       4     0.385000     0.420000   1.293223E-002   4.781073E-003   1.164451E-002   3.493352E-003   8.151155E-003   8.151155E-003   1.281556E-012
   13701       5     0.420000     0.450000   2.349464E-002   8.255229E-003   2.177059E-002   6.531176E-003   1.523941E-002   1.523941E-002   1.593625E-012
   13701       6     0.450000     0.500000   1.310848E-001   4.421893E-002   1.240940E-001   3.722821E-002   8.686582E-002   8.686582E-002  -1.319783E-011
   13701       7     0.500000     0.550000   1.748537E-001   5.680007E-002   1.686481E-001   5.059442E-002   1.180536E-001   1.180536E-001  -1.714320E-011
   13701       8     0.550000     0.610000   2.295775E-001   7.279690E-002   2.239723E-001   6.719170E-002   1.567806E-001   1.567806E-001   5.653344E-011
   13701       9     0.610000     0.690000   5.693172E-001   1.769141E-001   5.605758E-001   1.681727E-001   3.924031E-001   3.924031E-001  -1.591444E-011
   13701      10     0.690000     0.780000   2.472789E+000   7.577010E-001   2.450126E+000   7.350378E-001   1.715088E+000   1.715088E+000   3.014371E-010
   13701      11     0.780000     0.800000   1.063069E+000   3.241398E-001   1.055609E+000   3.166826E-001   7.389296E-001   7.389261E-001   3.471325E-006
   13701      12     0.800000     0.870000   5.878988E+000   1.787489E+000   5.844998E+000   1.753499E+000   4.091499E+000   4.091499E+000   5.845132E-007
   13701      13     0.870000     0.880000   8.736691E-001   2.649443E-001   8.695962E-001   2.608788E-001   6.087247E-001   6.087173E-001   7.421207E-006
   13701      14     0.880000     1.030000   2.249240E+001   6.799491E+000   2.241845E+001   6.725534E+000   1.569291E+001   1.569291E+001   2.761243E-007
   13701      15     1.030000     1.080000   9.248799E+000   2.788382E+000   9.227951E+000   2.768385E+000   6.460417E+000   6.459566E+000   8.511152E-004
   13701      16     1.080000     1.140000   1.173685E+001   3.535822E+000   1.171566E+001   3.514699E+000   8.201028E+000   8.200964E+000   6.408629E-005
   13701      17     1.140000     1.200000   1.143670E+001   3.442659E+000   1.142004E+001   3.426012E+000   7.994037E+000   7.994027E+000   1.053137E-005
   13701      18     1.200000     1.240000   8.097833E+000   2.419681E+000   8.068696E+000   2.420609E+000   5.678152E+000   5.648087E+000   3.006475E-002
   13701      19     1.240000     1.280000   7.733813E+000   2.325880E+000   7.725363E+000   2.317609E+000   5.407933E+000   5.407754E+000   1.788057E-004
   13701      20     1.280000     1.340000   1.109154E+001   3.331756E+000   1.107801E+001   3.323403E+000   7.759787E+000   7.754608E+000   5.178832E-003
   13701      21     1.340000     1.420000   1.012492E+001   3.042446E+000   1.011688E+001   3.035064E+000   7.082475E+000   7.081817E+000   6.576306E-004
   13701      22     1.420000     1.460000   4.444646E+000   1.229132E+000   4.295909E+000   1.288773E+000   3.215514E+000   3.007136E+000   2.083779E-001
   13701      23     1.460000     1.490000   3.316959E+000   9.942193E-001   3.312600E+000   9.937799E-001   2.322740E+000   2.318820E+000   3.919767E-003
   13701      24     1.490000     1.520000   3.416012E+000   1.025632E+000   3.413719E+000   1.024116E+000   2.390380E+000   2.389603E+000   7.765040E-004
   13701      25     1.520000     1.680000   2.089115E+001   6.136102E+000   2.069924E+001   6.209772E+000   1.475505E+001   1.448947E+001   2.655780E-001
   13701      26     1.680000     1.740000   7.400301E+000   2.221622E+000   7.397814E+000   2.219344E+000   5.178680E+000   5.178470E+000   2.102405E-004
   13701      27     1.740000     1.820000   6.859941E+000   2.059260E+000   6.858044E+000   2.057413E+000   4.800681E+000   4.800631E+000   4.984443E-005
   13701      28     1.820000     1.940000   7.844991E+000   2.348378E+000   7.836182E+000   2.350855E+000   5.496613E+000   5.485328E+000   1.128547E-002
   13701      29     1.940000     2.200000   1.524385E+001   3.594386E+000   1.327233E+001   3.981700E+000   1.164946E+001   9.290632E+000   2.358831E+000
   13701      30     2.200000     2.300000   5.897529E+000   1.769636E+000   5.896836E+000   1.769051E+000   4.127893E+000   4.127785E+000   1.077269E-004
   13701      31     2.300000     2.450000   6.412228E+000   1.924052E+000   6.411672E+000   1.923502E+000   4.488176E+000   4.488170E+000   5.853612E-006
   13701      32     2.450000     2.550000   2.808749E+000   8.425508E-001   2.808319E+000   8.424957E-001   1.966198E+000   1.965823E+000   3.750677E-004
   13701      33     2.550000     2.650000   2.466453E+000   7.360832E-001   2.461897E+000   7.385690E-001   1.730370E+000   1.723328E+000   7.042319E-003
   13701      34     2.650000     2.900000   5.107089E+000   4.003472E-001   1.810288E+000   5.430865E-001   4.706742E+000   1.267202E+000   3.439540E+000
   13701      35     2.900000     3.200000   4.829501E+000   1.441526E+000   4.820931E+000   1.446279E+000   3.387975E+000   3.374652E+000   1.332299E-002
   13701      36     3.200000     3.500000   4.479548E+000   1.343917E+000   4.479433E+000   1.343830E+000   3.135631E+000   3.135603E+000   2.772634E-005
   13701      37     3.500000     3.900000   5.317470E+000   1.592349E+000   5.314096E+000   1.594229E+000   3.725122E+000   3.719867E+000   5.254438E-003
   13701      38     3.900000     5.500000   8.889375E+000   1.787868E+000   6.416022E+000   1.924807E+000   7.101507E+000   4.491216E+000   2.610292E+000
   13701      39     5.500000     6.500000   2.171822E+000   6.515472E-001   2.171814E+000   6.515442E-001   1.520274E+000   1.520270E+000   4.674664E-006
   13701      40     6.500000     7.000000   6.459457E-001   1.937837E-001   6.459442E-001   1.937832E-001   4.521621E-001   4.521609E-001   1.155487E-006
   13701      41     7.000000     9.000000   1.525571E+000   4.557303E-001   1.523402E+000   4.570205E-001   1.069841E+000   1.066381E+000   3.459451E-003
   13701      42     9.000000    20.000000   1.633159E+000   3.914213E-001   1.352022E+000   4.056065E-001   1.241738E+000   9.464152E-001   2.953224E-001
   13801       1     0.200000     0.300000   5.582456E-006   2.938599E-006   3.776939E-006   1.133082E-006   2.643857E-006   2.643857E-006  -4.911299E-015
   13801       2     0.300000     0.345000   2.557270E-003   1.160959E-003   1.994730E-003   5.984189E-004   1.396311E-003   1.396311E-003   9.565853E-013
   13801       3     0.345000     0.385000   2.512764E-003   1.006153E-003   2.152302E-003   6.456906E-004   1.506611E-003   1.506611E-003  -5.730525E-013
   13801       4     0.385000     0.420000   1.293223E-002   4.781073E-003   1.164451E-002   3.493352E-003   8.151155E-003   8.151155E-003   2.269337E-012
   13801       5     0.420000     0.450000   2.349464E-002   8.255229E-003   2.177059E-002   6.531176E-003   1.523941E-002   1.523941E-002   2.410591E-012
   13801       6     0.450000     0.500000   1.310848E-001   4.421893E-002   1.240940E-001   3.722821E-002   8.686582E-002   8.686582E-002   1.578572E-011
   13801       7     0.500000     0.550000   1.748537E-001   5.680007E-002   1.686481E-001   5.059442E-002   1.180536E-001   1.180536E-001  -2.861010E-011
   13801       8     0.550000     0.610000   2.295775E-001   7.279690E-002   2.239723E-001   6.719170E-002   1.567806E-001   1.567806E-001   3.867903E-011
   13801       9     0.610000     0.690000   5.693172E-001   1.769141E-001   5.605758E-001   1.681727E-001   3.924031E-001   3.924031E-001  -5.292788E-011
   13801      10     0.690000     0.780000   2.472789E+000   7.577010E-001   2.450126E+000   7.350378E-001   1.715088E+000   1.715088E+000   1.564464E-010
   13801      11     0.780000     0.800000   1.063069E+000   3.241398E-001   1.055609E+000   3.166826E-001   7.389296E-001   7.389261E-001   3.471301E-006
   13801      12     0.800000     0.870000   5.878988E+000   1.787489E+000   5.844998E+000   1.753499E+000   4.091499E+000   4.091499E+000   5.846119E-007
   13801      13     0.870000     0.880000   8.736691E-001   2.649443E-001   8.695962E-001   2.608788E-001   6.087247E-001   6.087173E-001   7.420062E-006
   13801      14     0.880000     1.030000   2.249240E+001   6.799491E+000   2.241845E+001   6.725534E+000   1.569291E+001   1.569291E+001   2.760701E-007
   13801      15     1.030000     1.080000   9.248799E+000   2.788382E+000   9.227951E+000   2.768385E+000   6.460417E+000   6.459566E+000   8.511125E-004
   13801      16     1.080000     1.140000   1.173685E+001   3.535822E+000   1.171566E+001   3.514699E+000   8.201028E+000   8.200964E+000   6.408605E-005
   13801      17     1.140000     1.200000   1.143670E+001   3.442659E+000   1.142004E+001   3.426012E+000   7.994037E+000   7.994027E+000   1.053232E-005
   13801      18     1.200000     1.240000   8.097833E+000   2.419681E+000   8.068696E+000   2.420609E+000   5.678152E+000   5.648087E+000   3.006463E-002
   13801      19     1.240000     1.280000   7.733813E+000   2.325880E+000   7.725363E+000   2.317609E+000   5.407933E+000   5.407754E+000   1.787547E-004
   13801      20     1.280000     1.340000   1.109154E+001   3.331756E+000   1.107801E+001   3.323403E+000   7.759787E+000   7.754608E+000   5.178868E-003
   13801      21     1.340000     1.420000   1.012492E+001   3.042446E+000   1.011688E+001   3.035064E+000   7.082475E+000   7.081817E+000   6.575530E-004
   13801      22     1.420000     1.460000   4.444646E+000   1.229133E+000   4.295910E+000   1.288773E+000   3.215513E+000   3.007137E+000   2.083758E-001
   13801      23     1.460000     1.490000   3.316959E+000   9.942194E-001   3.312600E+000   9.937799E-001   2.322740E+000   2.318820E+000   3.919663E-003
   13801      24     1.490000     1.520000   3.416012E+000   1.025632E+000   3.413719E+000   1.024116E+000   2.390380E+000   2.389603E+000   7.763999E-004
   13801      25     1.520000     1.680000   2.089115E+001   6.136104E+000   2.069924E+001   6.209773E+000   1.475504E+001   1.448947E+001   2.655737E-001
   13801      26     1.680000     1.740000   7.400301E+000   2.221622E+000   7.397814E+000   2.219344E+000   5.178680E+000   5.178470E+000   2.101866E-004
   13801      27     1.740000     1.820000   6.859941E+000   2.059260E+000   6.858045E+000   2.057413E+000   4.800681E+000   4.800631E+000   4.957768E-005
   13801      28     1.820000     1.940000   7.844991E+000   2.348380E+000   7.836185E+000   2.350855E+000   5.496611E+000   5.485329E+000   1.128182E-002
   13801      29     1.940000     2.200000   1.524385E+001   3.594609E+000   1.327261E+001   3.981782E+000   1.164924E+001   9.290825E+000   2.358415E+000
   13801      30     2.200000     2.300000   5.897529E+000   1.769636E+000   5.896836E+000   1.769051E+000   4.127893E+000   4.127785E+000   1.076789E-004
   13801      31     2.300000     2.450000   6.412228E+000   1.924052E+000   6.411672E+000   1.923502E+000   4.488176E+000   4.488170E+000   5.851704E-006
   13801      32     2.450000     2.550000   2.808749E+000   8.425513E-001   2.808320E+000   8.424959E-001   1.966198E+000   1.965824E+000   3.741549E-004
   13801      33     2.550000     2.650000   2.466453E+000   7.360847E-001   2.461898E+000   7.385695E-001   1.730369E+000   1.723329E+000   7.039802E-003
   13801      34     2.650000     2.900000   5.107089E+000   4.005169E-001   1.810835E+000   5.432504E-001   4.706572E+000   1.267584E+000   3.438988E+000
   13801      35     2.900000     3.200000   4.829501E+000   1.441531E+000   4.820937E+000   1.446281E+000   3.387970E+000   3.374656E+000   1.331405E-002
   13801      36     3.200000     3.500000   4.479548E+000   1.343917E+000   4.479433E+000   1.343830E+000   3.135631E+000   3.135603E+000   2.768090E-005
   13801      37     3.500000     3.900000   5.317470E+000   1.592349E+000   5.314096E+000   1.594229E+000   3.725122E+000   3.719867E+000   5.254861E-003
   13801      38     3.900000     5.500000   8.889375E+000   1.787929E+000   6.416139E+000   1.924842E+000   7.101447E+000   4.491297E+000   2.610150E+000
   13801      39     5.500000     6.500000   2.171822E+000   6.515472E-001   2.171814E+000   6.515442E-001   1.520274E+000   1.520270E+000   4.669484E-006
   13801      40     6.500000     7.000000   6.459457E-001   1.937837E-001   6.459442E-001   1.937832E-001   4.521621E-001   4.521609E-001   1.154321E-006
   13801      41     7.000000     9.000000   1.525571E+000   4.557304E-001   1.523402E+000   4.570206E-001   1.069841E+000   1.066381E+000   3.459400E-003
   13801      42     9.000000    20.000000   1.633159E+000   3.914830E-001   1.352174E+000   4.056523E-001   1.241676E+000   9.465221E-001   2.951538E-001
   13901       1     0.200000     0.300000   5.582456E-006   2.938599E-006   3.776939E-006   1.133082E-006   2.643857E-006   2.643857E-006  -4.911299E-015
   13901       2     0.300000     0.345000   2.557270E-003   1.160959E-003   1.994730E-003   5.984189E-004   1.396311E-003   1.396311E-003   9.565853E-013
   13901       3     0.345000     0.385000   2.512764E-003   1.006153E-003   2.152302E-003   6.456906E-004   1.506611E-003   1.506611E-003  -5.730525E-013
   13901       4     0.385000     0.420000   1.293223E-002   4.781073E-003   1.164451E-002   3.493352E-003   8.151155E-003   8.151155E-003   2.269337E-012
   13901       5     0.420000     0.450000   2.349464E-002   8.255229E-003   2.177059E-002   6.531176E-003   1.523941E-002   1.523941E-002   3.983572E-012
   13901       6     0.450000     0.500000   1.310848E-001   4.421893E-002   1.240940E-001   3.722821E-002   8.686582E-002   8.686582E-002   1.880976E-011
   13901       7     0.500000     0.550000   1.748537E-001   5.680007E-002   1.686481E-001   5.059442E-002   1.180536E-001   1.180536E-001  -1.967333E-011
   13901       8     0.550000     0.610000   2.295775E-001   7.279690E-002   2.239723E-001   6.719170E-002   1.567806E-001   1.567806E-001   4.195111E-011
   13901       9     0.610000     0.690000   5.693172E-001   1.769141E-001   5.605758E-001   1.681727E-001   3.924031E-001   3.924031E-001  -4.212486E-011
   13901      10     0.690000     0.780000   2.472789E+000   7.577010E-001   2.450126E+000   7.350378E-001   1.715088E+000   1.715088E+000   2.456517E-010
   13901      11     0.780000     0.800000   1.063069E+000   3.241398E-001   1.055609E+000   3.166826E-001   7.389296E-001   7.389261E-001   3.471278E-006
   13901      12     0.800000     0.870000   5.878988E+000   1.787489E+000   5.844998E+000   1.753499E+000   4.091499E+000   4.091499E+000   5.847092E-007
   13901      13     0.870000     0.880000   8.736691E-001   2.649443E-001   8.695962E-001   2.608788E-001   6.087247E-001   6.087173E-001   7.418932E-006
   13901      14     0.880000     1.030000   2.249240E+001   6.799491E+000   2.241845E+001   6.725534E+000   1.569291E+001   1.569291E+001   2.760132E-007
   13901      15     1.030000     1.080000   9.248799E+000   2.788382E+000   9.227951E+000   2.768385E+000   6.460417E+000   6.459566E+000   8.511098E-004
   13901      16     1.080000     1.140000   1.173685E+001   3.535822E+000   1.171566E+001   3.514699E+000   8.201028E+000   8.200964E+000   6.408580E-005
   13901      17     1.140000     1.200000   1.143670E+001   3.442659E+000   1.142004E+001   3.426012E+000   7.994037E+000   7.994027E+000   1.053326E-005
   13901      18     1.200000     1.240000   8.097833E+000   2.419681E+000   8.068696E+000   2.420609E+000   5.678152E+000   5.648087E+000   3.006451E-002
   13901      19     1.240000     1.280000   7.733813E+000   2.325881E+000   7.725363E+000   2.317609E+000   5.407933E+000   5.407754E+000   1.787043E-004
   13901      20     1.280000     1.340000   1.109154E+001   3.331756E+000   1.107801E+001   3.323403E+000   7.759787E+000   7.754608E+000   5.178904E-003
   13901      21     1.340000     1.420000   1.012492E+001   3.042446E+000   1.011688E+001   3.035065E+000   7.082475E+000   7.081817E+000   6.574763E-004
   13901      22     1.420000     1.460000   4.444646E+000   1.229134E+000   4.295911E+000   1.288773E+000   3.215512E+000   3.007138E+000   2.083737E-001
   13901      23     1.460000     1.490000   3.316959E+000   9.942194E-001   3.312600E+000   9.937800E-001   2.322739E+000   2.318820E+000   3.919561E-003
   13901      24     1.490000     1.520000   3.416012E+000   1.025632E+000   3.413719E+000   1.024116E+000   2.390380E+000   2.389603E+000   7.762971E-004
   13901      25     1.520000     1.680000   2.089115E+001   6.136107E+000   2.069925E+001   6.209774E+000   1.475504E+001   1.448947E+001   2.655694E-001
   13901      26     1.680000     1.740000   7.400301E+000   2.221622E+000   7.397814E+000   2.219344E+000   5.178680E+000   5.178470E+000   2.101333E-004
   13901      27     1.740000     1.820000   6.859941E+000   2.059261E+000   6.858045E+000   2.057413E+000   4.800681E+000   4.800631E+000   4.931415E-005
   13901      28     1.820000     1.940000   7.844991E+000   2.348382E+000   7.836187E+000   2.350856E+000   5.496609E+000   5.485331E+000   1.127821E-002
   13901      29     1.940000     2.200000   1.524385E+001   3.594830E+000   1.327288E+001   3.981864E+000   1.164902E+001   9.291015E+000   2.358004E+000
   13901      30     2.200000     2.300000   5.897529E+000   1.769636E+000   5.896836E+000   1.769051E+000   4.127893E+000   4.127785E+000   1.076315E-004
   13901      31     2.300000     2.450000   6.412228E+000   1.924052E+000   6.411672E+000   1.923502E+000   4.488176E+000   4.488170E+000   5.849818E-006
   13901      32     2.450000     2.550000   2.808749E+000   8.425518E-001   2.808320E+000   8.424961E-001   1.966197E+000   1.965824E+000   3.732529E-004
   13901      33     2.550000     2.650000   2.466453E+000   7.360861E-001   2.461900E+000   7.385700E-001   1.730367E+000   1.723330E+000   7.037320E-003
   13901      34     2.650000     2.900000   5.107089E+000   4.006850E-001   1.811375E+000   5.434124E-001   4.706404E+000   1.267962E+000   3.438442E+000
   13901      35     2.900000     3.200000   4.829501E+000   1.441536E+000   4.820942E+000   1.446283E+000   3.387965E+000   3.374660E+000   1.330522E-002
   13901      36     3.200000     3.500000   4.479548E+000   1.343917E+000   4.479433E+000   1.343830E+000   3.135631E+000   3.135603E+000   2.763600E-005
   13901      37     3.500000     3.900000   5.317470E+000   1.592348E+000   5.314095E+000   1.594229E+000   3.725122E+000   3.719867E+000   5.255279E-003
   13901      38     3.900000     5.500000   8.889375E+000   1.787988E+000   6.416254E+000   1.924876E+000   7.101387E+000   4.491377E+000   2.610009E+000
   13901      39     5.500000     6.500000   2.171822E+000   6.515472E-001   2.171814E+000   6.515442E-001   1.520274E+000   1.520270E+000   4.664368E-006
   13901      40     6.500000     7.000000   6.459457E-001   1.937837E-001   6.459442E-001   1.937832E-001   4.521621E-001   4.521609E-001   1.153169E-006
   13901      41     7.000000     9.000000   1.525571E+000   4.557304E-001   1.523402E+000   4.570206E-001   1.069841E+000   1.066381E+000   3.459349E-003
   13901      42     9.000000    20.000000   1.633159E+000   3.915441E-001   1.352326E+000   4.056977E-001   1.241615E+000   9.466280E-001   2.949868E-001
   14001       1     0.200000     0.300000   5.582456E-006   2.938599E-006   3.776939E-006   1.133082E-006   2.643857E-006   2.643857E-006  -4.911299E-015
   14001       2     0.300000     0.345000   2.557270E-003   1.160959E-003   1.994730E-003   5.984189E-004   1.396311E-003   1.396311E-003   9.565853E-013
   14001       3     0.345000     0.385000   2.512764E-003   1.006153E-003   2.152302E-003   6.456906E-004   1.506611E-003   1.506611E-003  -5.730525E-013
   14001       4     0.385000     0.420000   1.293223E-002   4.781073E-003   1.164451E-002   3.493352E-003   8.151155E-003   8.151155E-003   2.875554E-012
   14001       5     0.420000     0.450000   2.349464E-002   8.255229E-003   2.177059E-002   6.531176E-003   1.523941E-002   1.523941E-002   4.333554E-012
   14001       6     0.450000     0.500000   1.310848E-001   4.421893E-002   1.240940E-001   3.722821E-002   8.686582E-002   8.686582E-002   1.214057E-011
   14001       7     0.500000     0.550000   1.748537E-001   5.680007E-002   1.686481E-001   5.059442E-002   1.180536E-001   1.180536E-001  -2.133795E-011
   14001       8     0.550000     0.610000   2.295775E-001   7.279690E-002   2.239723E-001   6.719170E-002   1.567806E-001   1.567806E-001   3.615719E-011
   14001       9     0.610000     0.690000   5.693172E-001   1.769141E-001   5.605758E-001   1.681727E-001   3.924031E-001   3.924031E-001  -5.949508E-011
   14001      10     0.690000     0.780000   2.472789E+000   7.577010E-001   2.450126E+000   7.350378E-001   1.715088E+000   1.715088E+000   3.581617E-010
   14001      11     0.780000     0.800000   1.063069E+000   3.241398E-001   1.055609E+000   3.166826E-001   7.389296E-001   7.389261E-001   3.471255E-006
   14001      12     0.800000     0.870000   5.878988E+000   1.787489E+000   5.844998E+000   1.753499E+000   4.091499E+000   4.091499E+000   5.848050E-007
   14001      13     0.870000     0.880000   8.736691E-001   2.649443E-001   8.695962E-001   2.608788E-001   6.087247E-001   6.087173E-001   7.417814E-006
   14001      14     0.880000     1.030000   2.249240E+001   6.799491E+000   2.241845E+001   6.725534E+000   1.569291E+001   1.569291E+001   2.759557E-007
   14001      15     1.030000     1.080000   9.248799E+000   2.788382E+000   9.227951E+000   2.768385E+000   6.460417E+000   6.459566E+000   8.511071E-004
   14001      16     1.080000     1.140000   1.173685E+001   3.535822E+000   1.171566E+001   3.514699E+000   8.201028E+000   8.200964E+000   6.408557E-005
   14001      17     1.140000     1.200000   1.143670E+001   3.442659E+000   1.142004E+001   3.426012E+000   7.994037E+000   7.994027E+000   1.053419E-005
   14001      18     1.200000     1.240000   8.097833E+000   2.419681E+000   8.068696E+000   2.420609E+000   5.678152E+000   5.648088E+000   3.006439E-002
   14001      19     1.240000     1.280000   7.733813E+000   2.325881E+000   7.725363E+000   2.317609E+000   5.407933E+000   5.407754E+000   1.786545E-004
   14001      20     1.280000     1.340000   1.109154E+001   3.331756E+000   1.107801E+001   3.323403E+000   7.759787E+000   7.754608E+000   5.178939E-003
   14001      21     1.340000     1.420000   1.012492E+001   3.042446E+000   1.011688E+001   3.035065E+000   7.082475E+000   7.081817E+000   6.574005E-004
   14001      22     1.420000     1.460000   4.444646E+000   1.229135E+000   4.295912E+000   1.288774E+000   3.215510E+000   3.007139E+000   2.083716E-001
   14001      23     1.460000     1.490000   3.316959E+000   9.942195E-001   3.312600E+000   9.937800E-001   2.322739E+000   2.318820E+000   3.919459E-003
   14001      24     1.490000     1.520000   3.416012E+000   1.025632E+000   3.413719E+000   1.024116E+000   2.390380E+000   2.389603E+000   7.761957E-004
   14001      25     1.520000     1.680000   2.089115E+001   6.136110E+000   2.069925E+001   6.209774E+000   1.475504E+001   1.448947E+001   2.655651E-001
   14001      26     1.680000     1.740000   7.400301E+000   2.221622E+000   7.397814E+000   2.219344E+000   5.178680E+000   5.178470E+000   2.100807E-004
   14001      27     1.740000     1.820000   6.859941E+000   2.059261E+000   6.858045E+000   2.057413E+000   4.800680E+000   4.800631E+000   4.905445E-005
   14001      28     1.820000     1.940000   7.844991E+000   2.348384E+000   7.836189E+000   2.350857E+000   5.496607E+000   5.485332E+000   1.127465E-002
   14001      29     1.940000     2.200000   1.524385E+001   3.595049E+000   1.327315E+001   3.981944E+000   1.164880E+001   9.291204E+000   2.357598E+000
   14001      30     2.200000     2.300000   5.897529E+000   1.769636E+000   5.896836E+000   1.769051E+000   4.127893E+000   4.127785E+000   1.075846E-004
   14001      31     2.300000     2.450000   6.412228E+000   1.924052E+000   6.411672E+000   1.923502E+000   4.488176E+000   4.488170E+000   5.847957E-006
   14001      32     2.450000     2.550000   2.808749E+000   8.425523E-001   2.808321E+000   8.424962E-001   1.966197E+000   1.965825E+000   3.723622E-004
   14001      33     2.550000     2.650000   2.466453E+000   7.360874E-001   2.461901E+000   7.385704E-001   1.730366E+000   1.723331E+000   7.034892E-003
   14001      34     2.650000     2.900000   5.107089E+000   4.008512E-001   1.811909E+000   5.435726E-001   4.706238E+000   1.268336E+000   3.437902E+000
   14001      35     2.900000     3.200000   4.829501E+000   1.441541E+000   4.820948E+000   1.446284E+000   3.387960E+000   3.374664E+000   1.329650E-002
   14001      36     3.200000     3.500000   4.479548E+000   1.343917E+000   4.479434E+000   1.343830E+000   3.135631E+000   3.135603E+000   2.759170E-005
   14001      37     3.500000     3.900000   5.317470E+000   1.592348E+000   5.314095E+000   1.594229E+000   3.725122E+000   3.719867E+000   5.255693E-003
   14001      38     3.900000     5.500000   8.889375E+000   1.788048E+000   6.416367E+000   1.924910E+000   7.101328E+000   4.491457E+000   2.609871E+000
   14001      39     5.500000     6.500000   2.171822E+000   6.515472E-001   2.171814E+000   6.515442E-001   1.520274E+000   1.520270E+000   4.659332E-006
   14001      40     6.500000     7.000000   6.459457E-001   1.937837E-001   6.459442E-001   1.937832E-001   4.521621E-001   4.521609E-001   1.152035E-006
   14001      41     7.000000     9.000000   1.525571E+000   4.557304E-001   1.523402E+000   4.570206E-001   1.069841E+000   1.066381E+000   3.459299E-003
   14001      42     9.000000    20.000000   1.633159E+000   3.916044E-001   1.352475E+000   4.057426E-001   1.241554E+000   9.467327E-001   2.948218E-001
   14101       1     0.200000     0.300000   5.582456E-006   2.938599E-006   3.776939E-006   1.133082E-006   2.643857E-006   2.643857E-006  -4.911299E-015
   14101       2     0.300000     0.345000   2.557270E-003   1.160959E-003   1.994730E-003   5.984189E-004   1.396311E-003   1.396311E-003   9.565853E-013
   14101       3     0.345000     0.385000   2.512764E-003   1.006153E-003   2.152302E-003   6.456906E-004   1.506611E-003   1.506611E-003  -5.730525E-013
   14101       4     0.385000     0.420000   1.293223E-002   4.781073E-003   1.164451E-002   3.493352E-003   8.151155E-003   8.151155E-003   8.878644E-013
   14101       5     0.420000     0.450000   2.349464E-002   8.255229E-003   2.177059E-002   6.531176E-003   1.523941E-002   1.523941E-002   3.718388E-012
   14101       6     0.450000     0.500000   1.310848E-001   4.421893E-002   1.240940E-001   3.722821E-002   8.686582E-002   8.686582E-002   1.430289E-011
   14101       7     0.500000     0.550000   1.748537E-001   5.680007E-002   1.686481E-001   5.059442E-002   1.180536E-001   1.180536E-001  -2.427897E-011
   14101       8     0.550000     0.610000   2.295775E-001   7.279690E-002   2.239723E-001   6.719170E-002   1.567806E-001   1.567806E-001   4.571632E-011
   14101       9     0.610000     0.690000   5.693172E-001   1.769141E-001   5.605758E-001   1.681727E-001   3.924031E-001   3.924031E-001  -6.496864E-011
   14101      10     0.690000     0.780000   2.472789E+000   7.577010E-001   2.450126E+000   7.350378E-001   1.715088E+000   1.715088E+000   2.324614E-010
   14101      11     0.780000     0.800000   1.063069E+000   3.241398E-001   1.055609E+000   3.166826E-001   7.389296E-001   7.389261E-001   3.471232E-006
   14101      12     0.800000     0.870000   5.878988E+000   1.787489E+000   5.844998E+000   1.753499E+000   4.091499E+000   4.091499E+000   5.849002E-007
   14101      13     0.870000     0.880000   8.736691E-001   2.649443E-001   8.695962E-001   2.608788E-001   6.087247E-001   6.087173E-001   7.416709E-006
   14101      14     0.880000     1.030000   2.249240E+001   6.799491E+000   2.241845E+001   6.725534E+000   1.569291E+001   1.569291E+001   2.758992E-007
   14101      15     1.030000     1.080000   9.248799E+000   2.788382E+000   9.227951E+000   2.768385E+000   6.460417E+000   6.459566E+000   8.511045E-004
   14101      16     1.080000     1.140000   1.173685E+001   3.535822E+000   1.171566E+001   3.514699E+000   8.201028E+000   8.200964E+000   6.408534E-005
   14101      17     1.140000     1.200000   1.143670E+001   3.442659E+000   1.142004E+001   3.426012E+000   7.994037E+000   7.994027E+000   1.053511E-005
   14101      18     1.200000     1.240000   8.097833E+000   2.419681E+000   8.068697E+000   2.420609E+000   5.678152E+000   5.648088E+000   3.006428E-002
   14101      19     1.240000     1.280000   7.733813E+000   2.325881E+000   7.725363E+000   2.317609E+000   5.407933E+000   5.407754E+000   1.786053E-004
   14101      20     1.280000     1.340000   1.109154E+001   3.331756E+000   1.107801E+001   3.323403E+000   7.759787E+000   7.754608E+000   5.178974E-003
   14101      21     1.340000     1.420000   1.012492E+001   3.042446E+000   1.011688E+001   3.035065E+000   7.082475E+000   7.081817E+000   6.573256E-004
   14101      22     1.420000     1.460000   4.444646E+000   1.229137E+000   4.295914E+000   1.288774E+000   3.215509E+000   3.007139E+000   2.083695E-001
   14101      23     1.460000     1.490000   3.316959E+000   9.942195E-001   3.312600E+000   9.937800E-001   2.322739E+000   2.318820E+000   3.919359E-003
   14101      24     1.490000     1.520000   3.416012E+000   1.025632E+000   3.413719E+000   1.024116E+000   2.390380E+000   2.389603E+000   7.760954E-004
   14101      25     1.520000     1.680000   2.089115E+001   6.136112E+000   2.069925E+001   6.209775E+000   1.475504E+001   1.448948E+001   2.655609E-001
   14101      26     1.680000     1.740000   7.400301E+000   2.221622E+000   7.397814E+000   2.219344E+000   5.178680E+000   5.178470E+000   2.100288E-004
   14101      27     1.740000     1.820000   6.859941E+000   2.059261E+000   6.858045E+000   2.057414E+000   4.800680E+000   4.800632E+000   4.879765E-005
   14101      28     1.820000     1.940000   7.844991E+000   2.348386E+000   7.836191E+000   2.350857E+000   5.496605E+000   5.485334E+000   1.127113E-002
   14101      29     1.940000     2.200000   1.524385E+001   3.595265E+000   1.327341E+001   3.982024E+000   1.164859E+001   9.291390E+000   2.357195E+000
   14101      30     2.200000     2.300000   5.897529E+000   1.769636E+000   5.896836E+000   1.769051E+000   4.127893E+000   4.127785E+000   1.075383E-004
   14101      31     2.300000     2.450000   6.412228E+000   1.924052E+000   6.411672E+000   1.923502E+000   4.488176E+000   4.488170E+000   5.846116E-006
   14101      32     2.450000     2.550000   2.808749E+000   8.425528E-001   2.808321E+000   8.424964E-001   1.966196E+000   1.965825E+000   3.714817E-004
   14101      33     2.550000     2.650000   2.466453E+000   7.360888E-001   2.461903E+000   7.385709E-001   1.730365E+000   1.723332E+000   7.032493E-003
   14101      34     2.650000     2.900000   5.107089E+000   4.010159E-001   1.812437E+000   5.437311E-001   4.706073E+000   1.268706E+000   3.437367E+000
   14101      35     2.900000     3.200000   4.829501E+000   1.441546E+000   4.820954E+000   1.446286E+000   3.387955E+000   3.374667E+000   1.328787E-002
   14101      36     3.200000     3.500000   4.479548E+000   1.343917E+000   4.479434E+000   1.343830E+000   3.135631E+000   3.135603E+000   2.754789E-005
   14101      37     3.500000     3.900000   5.317470E+000   1.592348E+000   5.314095E+000   1.594228E+000   3.725123E+000   3.719866E+000   5.256102E-003
   14101      38     3.900000     5.500000   8.889375E+000   1.788106E+000   6.416479E+000   1.924944E+000   7.101269E+000   4.491535E+000   2.609734E+000
   14101      39     5.500000     6.500000   2.171822E+000   6.515472E-001   2.171814E+000   6.515442E-001   1.520274E+000   1.520270E+000   4.654351E-006
   14101      40     6.500000     7.000000   6.459457E-001   1.937837E-001   6.459442E-001   1.937832E-001   4.521621E-001   4.521609E-001   1.150914E-006
   14101      41     7.000000     9.000000   1.525571E+000   4.557305E-001   1.523402E+000   4.570206E-001   1.069841E+000   1.066381E+000   3.459249E-003
   14101      42     9.000000    20.000000   1.633159E+000   3.916642E-001   1.352624E+000   4.057871E-001   1.241495E+000   9.468365E-001   2.946582E-001
   14201       1     0.200000     0.300000   5.582456E-006   2.938599E-006   3.776939E-006   1.133082E-006   2.643857E-006   2.643857E-006  -4.911299E-015
   14201       2     0.300000     0.345000   2.557270E-003   1.160959E-003   1.994730E-003   5.984189E-004   1.396311E-003   1.396311E-003   9.565853E-013
   14201       3     0.345000     0.385000   2.512764E-003   1.006153E-003   2.152302E-003   6.456906E-004   1.506611E-003   1.506611E-003  -5.730525E-013
   14201       4     0.385000     0.420000   1.293223E-002   4.781073E-003   1.164451E-002   3.493352E-003   8.151155E-003   8.151155E-003   8.878644E-013
   14201       5     0.420000     0.450000   2.349464E-002   8.255229E-003   2.177059E-002   6.531176E-003   1.523941E-002   1.523941E-002   4.216946E-012
   14201       6     0.450000     0.500000   1.310848E-001   4.421893E-002   1.240940E-001   3.722821E-002   8.686582E-002   8.686582E-002   1.141794E-011
   14201       7     0.500000     0.550000   1.748537E-001   5.680007E-002   1.686481E-001   5.059442E-002   1.180536E-001   1.180536E-001  -3.314840E-011
   14201       8     0.550000     0.610000   2.295775E-001   7.279690E-002   2.239723E-001   6.719170E-002   1.567806E-001   1.567806E-001   4.404324E-011
   14201       9     0.610000     0.690000   5.693172E-001   1.769141E-001   5.605758E-001   1.681727E-001   3.924031E-001   3.924031E-001  -8.565593E-012
   14201      10     0.690000     0.780000   2.472789E+000   7.577010E-001   2.450126E+000   7.350378E-001   1.715088E+000   1.715088E+000   2.544964E-011
   14201      11     0.780000     0.800000   1.063069E+000   3.241398E-001   1.055609E+000   3.166826E-001   7.389296E-001   7.389261E-001   3.471210E-006
   14201      12     0.800000     0.870000   5.878988E+000   1.787489E+000   5.844998E+000   1.753499E+000   4.091499E+000   4.091499E+000   5.849940E-007
   14201      13     0.870000     0.880000   8.736691E-001   2.649443E-001   8.695962E-001   2.608788E-001   6.087247E-001   6.087173E-001   7.415617E-006
   14201      14     0.880000     1.030000   2.249240E+001   6.799491E+000   2.241845E+001   6.725534E+000   1.569291E+001   1.569291E+001   2.758484E-007
   14201      15     1.030000     1.080000   9.248799E+000   2.788382E+000   9.227951E+000   2.768385E+000   6.460417E+000   6.459566E+000   8.511019E-004
   14201      16     1.080000     1.140000   1.173685E+001   3.535822E+000   1.171566E+001   3.514699E+000   8.201028E+000   8.200964E+000   6.408511E-005
   14201      17     1.140000     1.200000   1.143670E+001   3.442659E+000   1.142004E+001   3.426012E+000   7.994037E+000   7.994027E+000   1.053602E-005
   14201      18     1.200000     1.240000   8.097833E+000   2.419681E+000   8.068697E+000   2.420609E+000   5.678152E+000   5.648088E+000   3.006416E-002
   14201      19     1.240000     1.280000   7.733813E+000   2.325881E+000   7.725363E+000   2.317609E+000   5.407933E+000   5.407754E+000   1.785567E-004
   14201      20     1.280000     1.340000   1.109154E+001   3.331756E+000   1.107801E+001   3.323403E+000   7.759787E+000   7.754608E+000   5.179008E-003
   14201      21     1.340000     1.420000   1.012492E+001   3.042446E+000   1.011688E+001   3.035065E+000   7.082475E+000   7.081817E+000   6.572516E-004
   14201      22     1.420000     1.460000   4.444646E+000   1.229138E+000   4.295915E+000   1.288774E+000   3.215508E+000   3.007140E+000   2.083675E-001
   14201      23     1.460000     1.490000   3.316959E+000   9.942196E-001   3.312600E+000   9.937800E-001   2.322739E+000   2.318820E+000   3.919260E-003
   14201      24     1.490000     1.520000   3.416012E+000   1.025632E+000   3.413719E+000   1.024116E+000   2.390380E+000   2.389604E+000   7.759962E-004
   14201      25     1.520000     1.680000   2.089115E+001   6.136115E+000   2.069925E+001   6.209776E+000   1.475503E+001   1.448948E+001   2.655567E-001
   14201      26     1.680000     1.740000   7.400301E+000   2.221622E+000   7.397814E+000   2.219344E+000   5.178680E+000   5.178470E+000   2.099774E-004
   14201      27     1.740000     1.820000   6.859941E+000   2.059261E+000   6.858045E+000   2.057414E+000   4.800680E+000   4.800632E+000   4.854369E-005
   14201      28     1.820000     1.940000   7.844991E+000   2.348388E+000   7.836194E+000   2.350858E+000   5.496603E+000   5.485335E+000   1.126766E-002
   14201      29     1.940000     2.200000   1.524385E+001   3.595478E+000   1.327368E+001   3.982103E+000   1.164837E+001   9.291574E+000   2.356798E+000
   14201      30     2.200000     2.300000   5.897529E+000   1.769636E+000   5.896836E+000   1.769051E+000   4.127893E+000   4.127785E+000   1.074925E-004
   14201      31     2.300000     2.450000   6.412228E+000   1.924052E+000   6.411672E+000   1.923502E+000   4.488176E+000   4.488170E+000   5.844297E-006
   14201      32     2.450000     2.550000   2.808749E+000   8.425533E-001   2.808322E+000   8.424966E-001   1.966196E+000   1.965825E+000   3.706111E-004
   14201      33     2.550000     2.650000   2.466453E+000   7.360901E-001   2.461904E+000   7.385713E-001   1.730363E+000   1.723333E+000   7.030120E-003
   14201      34     2.650000     2.900000   5.107089E+000   4.011791E-001   1.812960E+000   5.438880E-001   4.705910E+000   1.269072E+000   3.436838E+000
   14201      35     2.900000     3.200000   4.829501E+000   1.441550E+000   4.820959E+000   1.446288E+000   3.387951E+000   3.374671E+000   1.327934E-002
   14201      36     3.200000     3.500000   4.479548E+000   1.343917E+000   4.479434E+000   1.343830E+000   3.135631E+000   3.135603E+000   2.750458E-005
   14201      37     3.500000     3.900000   5.317470E+000   1.592348E+000   5.314095E+000   1.594228E+000   3.725123E+000   3.719866E+000   5.256507E-003
   14201      38     3.900000     5.500000   8.889375E+000   1.788164E+000   6.416590E+000   1.924977E+000   7.101212E+000   4.491613E+000   2.609598E+000
   14201      39     5.500000     6.500000   2.171822E+000   6.515472E-001   2.171814E+000   6.515442E-001   1.520274E+000   1.520270E+000   4.649426E-006
   14201      40     6.500000     7.000000   6.459457E-001   1.937837E-001   6.459442E-001   1.937832E-001   4.521621E-001   4.521609E-001   1.149808E-006
   14201      41     7.000000     9.000000   1.525571E+000   4.557305E-001   1.523402E+000   4.570206E-001   1.069841E+000   1.066381E+000   3.459201E-003
   14201      42     9.000000    20.000000   1.633159E+000   3.917234E-001   1.352771E+000   4.058312E-001   1.241435E+000   9.469394E-001   2.944961E-001
   14301       1     0.200000     0.300000   5.582456E-006   2.938599E-006   3.776939E-006   1.133082E-006   2.643857E-006   2.643857E-006  -4.911299E-015
   14301       2     0.300000     0.345000   2.557270E-003   1.160959E-003   1.994730E-003   5.984189E-004   1.396311E-003   1.396311E-003   9.565853E-013
   14301       3     0.345000     0.385000   2.512764E-003   1.006153E-003   2.152302E-003   6.456906E-004   1.506611E-003   1.506611E-003  -5.730525E-013
   14301       4     0.385000     0.420000   1.293223E-002   4.781073E-003   1.164451E-002   3.493352E-003   8.151155E-003   8.151155E-003   4.798089E-013
   14301       5     0.420000     0.450000   2.349464E-002   8.255229E-003   2.177059E-002   6.531176E-003   1.523941E-002   1.523941E-002   2.754838E-012
   14301       6     0.450000     0.500000   1.310848E-001   4.421893E-002   1.240940E-001   3.722821E-002   8.686582E-002   8.686582E-002   1.925365E-011
   14301       7     0.500000     0.550000   1.748537E-001   5.680007E-002   1.686481E-001   5.059442E-002   1.180536E-001   1.180536E-001  -6.275008E-012
   14301       8     0.550000     0.610000   2.295775E-001   7.279690E-002   2.239723E-001   6.719170E-002   1.567806E-001   1.567806E-001   2.586162E-011
   14301       9     0.610000     0.690000   5.693172E-001   1.769141E-001   5.605758E-001   1.681727E-001   3.924031E-001   3.924031E-001   4.362344E-012
   14301      10     0.690000     0.780000   2.472789E+000   7.577010E-001   2.450126E+000   7.350378E-001   1.715088E+000   1.715088E+000   9.062773E-011
   14301      11     0.780000     0.800000   1.063069E+000   3.241398E-001   1.055609E+000   3.166826E-001   7.389296E-001   7.389261E-001   3.471187E-006
   14301      12     0.800000     0.870000   5.878988E+000   1.787489E+000   5.844998E+000   1.753499E+000   4.091499E+000   4.091499E+000   5.850874E-007
   14301      13     0.870000     0.880000   8.736691E-001   2.649443E-001   8.695962E-001   2.608788E-001   6.087247E-001   6.087173E-001   7.414538E-006
   14301      14     0.880000     1.030000   2.249240E+001   6.799491E+000   2.241845E+001   6.725534E+000   1.569291E+001   1.569291E+001   2.757930E-007
   14301      15     1.030000     1.080000   9.248799E+000   2.788382E+000   9.227951E+000   2.768385E+000   6.460417E+000   6.459566E+000   8.510992E-004
   14301      16     1.080000     1.140000   1.173685E+001   3.535822E+000   1.171566E+001   3.514699E+000   8.201028E+000   8.200964E+000   6.408490E-005
   14301      17     1.140000     1.200000   1.143670E+001   3.442659E+000   1.142004E+001   3.426012E+000   7.994037E+000   7.994027E+000   1.053694E-005
   14301      18     1.200000     1.240000   8.097833E+000   2.419681E+000   8.068697E+000   2.420609E+000   5.678152E+000   5.648088E+000   3.006405E-002
   14301      19     1.240000     1.280000   7.733813E+000   2.325881E+000   7.725363E+000   2.317609E+000   5.407933E+000   5.407754E+000   1.785088E-004
   14301      20     1.280000     1.340000   1.109154E+001   3.331756E+000   1.107801E+001   3.323403E+000   7.759787E+000   7.754608E+000   5.179042E-003
   14301      21     1.340000     1.420000   1.012492E+001   3.042446E+000   1.011688E+001   3.035065E+000   7.082474E+000   7.081817E+000   6.571787E-004
   14301      22     1.420000     1.460000   4.444646E+000   1.229139E+000   4.295916E+000   1.288775E+000   3.215507E+000   3.007141E+000   2.083655E-001
   14301      23     1.460000     1.490000   3.316959E+000   9.942197E-001   3.312600E+000   9.937800E-001   2.322739E+000   2.318820E+000   3.919162E-003
   14301      24     1.490000     1.520000   3.416012E+000   1.025632E+000   3.413719E+000   1.024116E+000   2.390379E+000   2.389604E+000   7.758987E-004
   14301      25     1.520000     1.680000   2.089115E+001   6.136117E+000   2.069925E+001   6.209776E+000   1.475503E+001   1.448948E+001   2.655527E-001
   14301      26     1.680000     1.740000   7.400301E+000   2.221622E+000   7.397814E+000   2.219344E+000   5.178680E+000   5.178470E+000   2.099269E-004
   14301      27     1.740000     1.820000   6.859941E+000   2.059261E+000   6.858045E+000   2.057414E+000   4.800680E+000   4.800632E+000   4.829485E-005
   14301      28     1.820000     1.940000   7.844991E+000   2.348390E+000   7.836196E+000   2.350859E+000   5.496601E+000   5.485337E+000   1.126424E-002
   14301      29     1.940000     2.200000   1.524385E+001   3.595689E+000   1.327394E+001   3.982181E+000   1.164816E+001   9.291755E+000   2.356405E+000
   14301      30     2.200000     2.300000   5.897529E+000   1.769636E+000   5.896836E+000   1.769051E+000   4.127893E+000   4.127786E+000   1.074473E-004
   14301      31     2.300000     2.450000   6.412228E+000   1.924052E+000   6.411672E+000   1.923502E+000   4.488176E+000   4.488170E+000   5.842506E-006
   14301      32     2.450000     2.550000   2.808749E+000   8.425538E-001   2.808322E+000   8.424967E-001   1.966195E+000   1.965826E+000   3.697545E-004
   14301      33     2.550000     2.650000   2.466453E+000   7.360914E-001   2.461906E+000   7.385718E-001   1.730362E+000   1.723334E+000   7.027856E-003
   14301      34     2.650000     2.900000   5.107089E+000   4.013399E-001   1.813475E+000   5.440425E-001   4.705749E+000   1.269433E+000   3.436317E+000
   14301      35     2.900000     3.200000   4.829501E+000   1.441555E+000   4.820964E+000   1.446289E+000   3.387946E+000   3.374675E+000   1.327093E-002
   14301      36     3.200000     3.500000   4.479548E+000   1.343917E+000   4.479434E+000   1.343830E+000   3.135631E+000   3.135604E+000   2.746199E-005
   14301      37     3.500000     3.900000   5.317470E+000   1.592347E+000   5.314094E+000   1.594228E+000   3.725123E+000   3.719866E+000   5.256909E-003
   14301      38     3.900000     5.500000   8.889375E+000   1.788220E+000   6.416699E+000   1.925010E+000   7.101155E+000   4.491689E+000   2.609465E+000
   14301      39     5.500000     6.500000   2.171822E+000   6.515472E-001   2.171814E+000   6.515442E-001   1.520274E+000   1.520270E+000   4.644607E-006
   14301      40     6.500000     7.000000   6.459457E-001   1.937837E-001   6.459442E-001   1.937832E-001   4.521621E-001   4.521609E-001   1.148721E-006
   14301      41     7.000000     9.000000   1.525571E+000   4.557305E-001   1.523402E+000   4.570206E-001   1.069841E+000   1.066381E+000   3.459152E-003
   14301      42     9.000000    20.000000   1.633159E+000   3.917816E-001   1.352915E+000   4.058746E-001   1.241377E+000   9.470408E-001   2.943365E-001
   14401       1     0.200000     0.300000   5.582456E-006   2.938599E-006   3.776939E-006   1.133082E-006   2.643857E-006   2.643857E-006  -4.911299E-015
   14401       2     0.300000     0.345000   2.557270E-003   1.160959E-003   1.994730E-003   5.984189E-004   1.396311E-003   1.396311E-003   9.565853E-013
   14401       3     0.345000     0.385000   2.512764E-003   1.006153E-003   2.152302E-003   6.456906E-004   1.506611E-003   1.506611E-003  -5.730525E-013
   14401       4     0.385000     0.420000   1.293223E-002   4.781073E-003   1.164451E-002   3.493352E-003   8.151155E-003   8.151155E-003   4.798089E-013
   14401       5     0.420000     0.450000   2.349464E-002   8.255229E-003   2.177059E-002   6.531176E-003   1.523941E-002   1.523941E-002   2.553653E-012
   14401       6     0.450000     0.500000   1.310848E-001   4.421893E-002   1.240940E-001   3.722821E-002   8.686582E-002   8.686582E-002   1.301700E-011
   14401       7     0.500000     0.550000   1.748537E-001   5.680007E-002   1.686481E-001   5.059442E-002   1.180536E-001   1.180536E-001  -1.677096E-011
   14401       8     0.550000     0.610000   2.295775E-001   7.279690E-002   2.239723E-001   6.719170E-002   1.567806E-001   1.567806E-001   2.672731E-011
   14401       9     0.610000     0.690000   5.693172E-001   1.769141E-001   5.605758E-001   1.681727E-001   3.924031E-001   3.924031E-001   5.701961E-011
   14401      10     0.690000     0.780000   2.472789E+000   7.577010E-001   2.450126E+000   7.350378E-001   1.715088E+000   1.715088E+000   2.263805E-010
   14401      11     0.780000     0.800000   1.063069E+000   3.241398E-001   1.055609E+000   3.166826E-001   7.389296E-001   7.389261E-001   3.471165E-006
   14401      12     0.800000     0.870000   5.878988E+000   1.787489E+000   5.844998E+000   1.753499E+000   4.091499E+000   4.091499E+000   5.851796E-007
   14401      13     0.870000     0.880000   8.736691E-001   2.649443E-001   8.695962E-001   2.608788E-001   6.087247E-001   6.087173E-001   7.413475E-006
   14401      14     0.880000     1.030000   2.249240E+001   6.799491E+000   2.241845E+001   6.725534E+000   1.569291E+001   1.569291E+001   2.757380E-007
   14401      15     1.030000     1.080000   9.248799E+000   2.788382E+000   9.227951E+000   2.768385E+000   6.460417E+000   6.459566E+000   8.510963E-004
   14401      16     1.080000     1.140000   1.173685E+001   3.535822E+000   1.171566E+001   3.514699E+000   8.201028E+000   8.200964E+000   6.408473E-005
   14401      17     1.140000     1.200000   1.143670E+001   3.442659E+000   1.142004E+001   3.426012E+000   7.994037E+000   7.994027E+000   1.053786E-005
   14401      18     1.200000     1.240000   8.097833E+000   2.419681E+000   8.068697E+000   2.420609E+000   5.678152E+000   5.648088E+000   3.006393E-002
   14401      19     1.240000     1.280000   7.733813E+000   2.325881E+000   7.725363E+000   2.317609E+000   5.407933E+000   5.407754E+000   1.784617E-004
   14401      20     1.280000     1.340000   1.109154E+001   3.331756E+000   1.107801E+001   3.323403E+000   7.759787E+000   7.754608E+000   5.179075E-003
   14401      21     1.340000     1.420000   1.012492E+001   3.042446E+000   1.011688E+001   3.035065E+000   7.082474E+000   7.081817E+000   6.571070E-004
   14401      22     1.420000     1.460000   4.444646E+000   1.229140E+000   4.295917E+000   1.288775E+000   3.215505E+000   3.007142E+000   2.083635E-001
   14401      23     1.460000     1.490000   3.316959E+000   9.942197E-001   3.312600E+000   9.937801E-001   2.322739E+000   2.318820E+000   3.919066E-003
   14401      24     1.490000     1.520000   3.416012E+000   1.025632E+000   3.413719E+000   1.024116E+000   2.390379E+000   2.389604E+000   7.758031E-004
   14401      25     1.520000     1.680000   2.089115E+001   6.136119E+000   2.069926E+001   6.209777E+000   1.475503E+001   1.448948E+001   2.655487E-001
   14401      26     1.680000     1.740000   7.400301E+000   2.221622E+000   7.397814E+000   2.219344E+000   5.178680E+000   5.178470E+000   2.098773E-004
   14401      27     1.740000     1.820000   6.859941E+000   2.059261E+000   6.858046E+000   2.057414E+000   4.800680E+000   4.800632E+000   4.805178E-005
   14401      28     1.820000     1.940000   7.844991E+000   2.348392E+000   7.836198E+000   2.350859E+000   5.496599E+000   5.485338E+000   1.126091E-002
   14401      29     1.940000     2.200000   1.524385E+001   3.595898E+000   1.327419E+001   3.982258E+000   1.164795E+001   9.291934E+000   2.356018E+000
   14401      30     2.200000     2.300000   5.897529E+000   1.769636E+000   5.896836E+000   1.769051E+000   4.127893E+000   4.127786E+000   1.074028E-004
   14401      31     2.300000     2.450000   6.412228E+000   1.924052E+000   6.411672E+000   1.923502E+000   4.488176E+000   4.488170E+000   5.840747E-006
   14401      32     2.450000     2.550000   2.808749E+000   8.425542E-001   2.808323E+000   8.424969E-001   1.966195E+000   1.965826E+000   3.689133E-004
   14401      33     2.550000     2.650000   2.466453E+000   7.360926E-001   2.461907E+000   7.385722E-001   1.730361E+000   1.723335E+000   7.025731E-003
   14401      34     2.650000     2.900000   5.107089E+000   4.014981E-001   1.813982E+000   5.441945E-001   4.705591E+000   1.269787E+000   3.435804E+000
   14401      35     2.900000     3.200000   4.829501E+000   1.441560E+000   4.820970E+000   1.446291E+000   3.387941E+000   3.374679E+000   1.326263E-002
   14401      36     3.200000     3.500000   4.479548E+000   1.343917E+000   4.479434E+000   1.343830E+000   3.135631E+000   3.135604E+000   2.742022E-005
   14401      37     3.500000     3.900000   5.317470E+000   1.592347E+000   5.314094E+000   1.594228E+000   3.725123E+000   3.719866E+000   5.257309E-003
   14401      38     3.900000     5.500000   8.889375E+000   1.788276E+000   6.416806E+000   1.925042E+000   7.101099E+000   4.491764E+000   2.609335E+000
   14401      39     5.500000     6.500000   2.171822E+000   6.515472E-001   2.171814E+000   6.515442E-001   1.520274E+000   1.520270E+000   4.639909E-006
   14401      40     6.500000     7.000000   6.459457E-001   1.937837E-001   6.459442E-001   1.937832E-001   4.521621E-001   4.521609E-001   1.147658E-006
   14401      41     7.000000     9.000000   1.525571E+000   4.557305E-001   1.523402E+000   4.570206E-001   1.069841E+000   1.066381E+000   3.459104E-003
   14401      42     9.000000    20.000000   1.633159E+000   3.918386E-001   1.353058E+000   4.059173E-001   1.241320E+000   9.471404E-001   2.941798E-001
   14501       1     0.200000     0.300000   5.582456E-006   2.938599E-006   3.776939E-006   1.133082E-006   2.643857E-006   2.643857E-006  -4.911299E-015
   14501       2     0.300000     0.345000   2.557270E-003   1.160959E-003   1.994730E-003   5.984189E-004   1.396311E-003   1.396311E-003   9.565853E-013
   14501       3     0.345000     0.385000   2.512764E-003   1.006153E-003   2.152302E-003   6.456906E-004   1.506611E-003   1.506611E-003  -5.730525E-013
   14501       4     0.385000     0.420000   1.293223E-002   4.781073E-003   1.164451E-002   3.493352E-003   8.151155E-003   8.151155E-003   8.710758E-013
   14501       5     0.420000     0.450000   2.349464E-002   8.255229E-003   2.177059E-002   6.531176E-003   1.523941E-002   1.523941E-002   2.355930E-012
   14501       6     0.450000     0.500000   1.310848E-001   4.421893E-002   1.240940E-001   3.722821E-002   8.686582E-002   8.686582E-002   1.918460E-011
   14501       7     0.500000     0.550000   1.748537E-001   5.680007E-002   1.686481E-001   5.059442E-002   1.180536E-001   1.180536E-001  -2.312400E-012
   14501       8     0.550000     0.610000   2.295775E-001   7.279690E-002   2.239723E-001   6.719170E-002   1.567806E-001   1.567806E-001   6.523115E-011
   14501       9     0.610000     0.690000   5.693172E-001   1.769141E-001   5.605758E-001   1.681727E-001   3.924031E-001   3.924031E-001   5.826761E-011
   14501      10     0.690000     0.780000   2.472789E+000   7.577010E-001   2.450126E+000   7.350378E-001   1.715088E+000   1.715088E+000   2.910159E-010
   14501      11     0.780000     0.800000   1.063069E+000   3.241398E-001   1.055609E+000   3.166826E-001   7.389296E-001   7.389261E-001   3.471143E-006
   14501      12     0.800000     0.870000   5.878988E+000   1.787489E+000   5.844998E+000   1.753499E+000   4.091499E+000   4.091499E+000   5.852713E-007
   14501      13     0.870000     0.880000   8.736691E-001   2.649443E-001   8.695962E-001   2.608788E-001   6.087247E-001   6.087173E-001   7.412423E-006
   14501      14     0.880000     1.030000   2.249240E+001   6.799491E+000   2.241845E+001   6.725534E+000   1.569291E+001   1.569291E+001   2.756878E-007
   14501      15     1.030000     1.080000   9.248799E+000   2.788382E+000   9.227951E+000   2.768385E+000   6.460417E+000   6.459566E+000   8.510935E-004
   14501      16     1.080000     1.140000   1.173685E+001   3.535822E+000   1.171566E+001   3.514699E+000   8.201028E+000   8.200964E+000   6.408456E-005
   14501      17     1.140000     1.200000   1.143670E+001   3.442659E+000   1.142004E+001   3.426012E+000   7.994037E+000   7.994027E+000   1.053877E-005
   14501      18     1.200000     1.240000   8.097833E+000   2.419681E+000   8.068697E+000   2.420609E+000   5.678152E+000   5.648088E+000   3.006382E-002
   14501      19     1.240000     1.280000   7.733813E+000   2.325881E+000   7.725363E+000   2.317609E+000   5.407933E+000   5.407754E+000   1.784151E-004
   14501      20     1.280000     1.340000   1.109154E+001   3.331756E+000   1.107801E+001   3.323403E+000   7.759787E+000   7.754608E+000   5.179108E-003
   14501      21     1.340000     1.420000   1.012492E+001   3.042447E+000   1.011688E+001   3.035065E+000   7.082474E+000   7.081817E+000   6.570362E-004
   14501      22     1.420000     1.460000   4.444646E+000   1.229142E+000   4.295918E+000   1.288775E+000   3.215504E+000   3.007143E+000   2.083616E-001
   14501      23     1.460000     1.490000   3.316959E+000   9.942198E-001   3.312600E+000   9.937801E-001   2.322739E+000   2.318820E+000   3.918972E-003
   14501      24     1.490000     1.520000   3.416012E+000   1.025632E+000   3.413720E+000   1.024116E+000   2.390379E+000   2.389604E+000   7.757086E-004
   14501      25     1.520000     1.680000   2.089115E+001   6.136122E+000   2.069926E+001   6.209778E+000   1.475503E+001   1.448948E+001   2.655447E-001
   14501      26     1.680000     1.740000   7.400301E+000   2.221622E+000   7.397814E+000   2.219344E+000   5.178680E+000   5.178470E+000   2.098283E-004
   14501      27     1.740000     1.820000   6.859941E+000   2.059261E+000   6.858046E+000   2.057414E+000   4.800680E+000   4.800632E+000   4.781139E-005
   14501      28     1.820000     1.940000   7.844991E+000   2.348394E+000   7.836200E+000   2.350860E+000   5.496597E+000   5.485340E+000   1.125761E-002
   14501      29     1.940000     2.200000   1.524385E+001   3.596104E+000   1.327444E+001   3.982333E+000   1.164775E+001   9.292111E+000   2.355634E+000
   14501      30     2.200000     2.300000   5.897529E+000   1.769636E+000   5.896836E+000   1.769051E+000   4.127893E+000   4.127786E+000   1.073588E-004
   14501      31     2.300000     2.450000   6.412228E+000   1.924052E+000   6.411672E+000   1.923502E+000   4.488176E+000   4.488170E+000   5.839008E-006
   14501      32     2.450000     2.550000   2.808749E+000   8.425547E-001   2.808323E+000   8.424970E-001   1.966195E+000   1.965826E+000   3.680815E-004
   14501      33     2.550000     2.650000   2.466453E+000   7.360937E-001   2.461909E+000   7.385726E-001   1.730360E+000   1.723336E+000   7.023629E-003
   14501      34     2.650000     2.900000   5.107089E+000   4.016547E-001   1.814483E+000   5.443449E-001   4.705434E+000   1.270138E+000   3.435296E+000
   14501      35     2.900000     3.200000   4.829501E+000   1.441564E+000   4.820975E+000   1.446292E+000   3.387937E+000   3.374682E+000   1.325442E-002
   14501      36     3.200000     3.500000   4.479548E+000   1.343917E+000   4.479434E+000   1.343830E+000   3.135631E+000   3.135604E+000   2.737890E-005
   14501      37     3.500000     3.900000   5.317470E+000   1.592347E+000   5.314094E+000   1.594228E+000   3.725123E+000   3.719866E+000   5.257704E-003
   14501      38     3.900000     5.500000   8.889375E+000   1.788331E+000   6.416912E+000   1.925074E+000   7.101044E+000   4.491838E+000   2.609206E+000
   14501      39     5.500000     6.500000   2.171822E+000   6.515472E-001   2.171814E+000   6.515442E-001   1.520274E+000   1.520270E+000   4.635261E-006
   14501      40     6.500000     7.000000   6.459457E-001   1.937837E-001   6.459442E-001   1.937832E-001   4.521621E-001   4.521609E-001   1.146608E-006
   14501      41     7.000000     9.000000   1.525571E+000   4.557306E-001   1.523402E+000   4.570206E-001   1.069840E+000   1.066381E+000   3.459056E-003
   14501      42     9.000000    20.000000   1.633159E+000   3.918951E-001   1.353199E+000   4.059597E-001   1.241264E+000   9.472393E-001   2.940245E-001
   14601       1     0.200000     0.300000   5.582456E-006   2.938599E-006   3.776939E-006   1.133082E-006   2.643857E-006   2.643857E-006  -4.911299E-015
   14601       2     0.300000     0.345000   2.557270E-003   1.160959E-003   1.994730E-003   5.984189E-004   1.396311E-003   1.396311E-003   9.565853E-013
   14601       3     0.345000     0.385000   2.512764E-003   1.006153E-003   2.152302E-003   6.456906E-004   1.506611E-003   1.506611E-003  -5.730525E-013
   14601       4     0.385000     0.420000   1.293223E-002   4.781073E-003   1.164451E-002   3.493352E-003   8.151155E-003   8.151155E-003   6.780444E-013
   14601       5     0.420000     0.450000   2.349464E-002   8.255229E-003   2.177059E-002   6.531176E-003   1.523941E-002   1.523941E-002   2.620872E-012
   14601       6     0.450000     0.500000   1.310848E-001   4.421893E-002   1.240940E-001   3.722821E-002   8.686582E-002   8.686582E-002   2.001960E-011
   14601       7     0.500000     0.550000   1.748537E-001   5.680007E-002   1.686481E-001   5.059442E-002   1.180536E-001   1.180536E-001   1.475989E-011
   14601       8     0.550000     0.610000   2.295775E-001   7.279690E-002   2.239723E-001   6.719170E-002   1.567806E-001   1.567806E-001   4.597922E-011
   14601       9     0.610000     0.690000   5.693172E-001   1.769141E-001   5.605758E-001   1.681727E-001   3.924031E-001   3.924031E-001   3.634060E-011
   14601      10     0.690000     0.780000   2.472789E+000   7.577010E-001   2.450126E+000   7.350378E-001   1.715088E+000   1.715088E+000   1.504690E-010
   14601      11     0.780000     0.800000   1.063069E+000   3.241398E-001   1.055609E+000   3.166826E-001   7.389296E-001   7.389261E-001   3.471121E-006
   14601      12     0.800000     0.870000   5.878988E+000   1.787489E+000   5.844998E+000   1.753499E+000   4.091499E+000   4.091499E+000   5.853613E-007
   14601      13     0.870000     0.880000   8.736691E-001   2.649443E-001   8.695962E-001   2.608788E-001   6.087247E-001   6.087173E-001   7.411383E-006
   14601      14     0.880000     1.030000   2.249240E+001   6.799491E+000   2.241845E+001   6.725534E+000   1.569291E+001   1.569291E+001   2.756350E-007
   14601      15     1.030000     1.080000   9.248799E+000   2.788382E+000   9.227951E+000   2.768385E+000   6.460417E+000   6.459566E+000   8.510908E-004
   14601      16     1.080000     1.140000   1.173685E+001   3.535822E+000   1.171566E+001   3.514699E+000   8.201028E+000   8.200964E+000   6.408439E-005
   14601      17     1.140000     1.200000   1.143670E+001   3.442659E+000   1.142004E+001   3.426012E+000   7.994037E+000   7.994027E+000   1.053968E-005
   14601      18     1.200000     1.240000   8.097833E+000   2.419681E+000   8.068697E+000   2.420609E+000   5.678152E+000   5.648088E+000   3.006371E-002
   14601      19     1.240000     1.280000   7.733813E+000   2.325881E+000   7.725363E+000   2.317609E+000   5.407933E+000   5.407754E+000   1.783690E-004
   14601      20     1.280000     1.340000   1.109154E+001   3.331756E+000   1.107801E+001   3.323403E+000   7.759787E+000   7.754608E+000   5.179141E-003
   14601      21     1.340000     1.420000   1.012492E+001   3.042447E+000   1.011688E+001   3.035065E+000   7.082474E+000   7.081817E+000   6.569661E-004
   14601      22     1.420000     1.460000   4.444646E+000   1.229143E+000   4.295919E+000   1.288776E+000   3.215503E+000   3.007143E+000   2.083597E-001
   14601      23     1.460000     1.490000   3.316959E+000   9.942198E-001   3.312600E+000   9.937801E-001   2.322739E+000   2.318820E+000   3.918878E-003
   14601      24     1.490000     1.520000   3.416012E+000   1.025632E+000   3.413720E+000   1.024116E+000   2.390379E+000   2.389604E+000   7.756151E-004
   14601      25     1.520000     1.680000   2.089115E+001   6.136124E+000   2.069926E+001   6.209779E+000   1.475502E+001   1.448948E+001   2.655408E-001
   14601      26     1.680000     1.740000   7.400301E+000   2.221622E+000   7.397814E+000   2.219344E+000   5.178680E+000   5.178470E+000   2.097798E-004
   14601      27     1.740000     1.820000   6.859941E+000   2.059262E+000   6.858046E+000   2.057414E+000   4.800680E+000   4.800632E+000   4.757364E-005
   14601      28     1.820000     1.940000   7.844991E+000   2.348395E+000   7.836202E+000   2.350861E+000   5.496596E+000   5.485341E+000   1.125435E-002
   14601      29     1.940000     2.200000   1.524385E+001   3.596308E+000   1.327470E+001   3.982409E+000   1.164754E+001   9.292287E+000   2.355255E+000
   14601      30     2.200000     2.300000   5.897529E+000   1.769636E+000   5.896837E+000   1.769051E+000   4.127893E+000   4.127786E+000   1.073152E-004
   14601      31     2.300000     2.450000   6.412228E+000   1.924052E+000   6.411672E+000   1.923502E+000   4.488176E+000   4.488170E+000   5.837288E-006
   14601      32     2.450000     2.550000   2.808749E+000   8.425552E-001   2.808324E+000   8.424972E-001   1.966194E+000   1.965827E+000   3.672589E-004
   14601      33     2.550000     2.650000   2.466453E+000   7.360949E-001   2.461910E+000   7.385729E-001   1.730358E+000   1.723337E+000   7.021552E-003
   14601      34     2.650000     2.900000   5.107089E+000   4.018100E-001   1.814979E+000   5.444938E-001   4.705279E+000   1.270485E+000   3.434794E+000
   14601      35     2.900000     3.200000   4.829501E+000   1.441569E+000   4.820980E+000   1.446294E+000   3.387932E+000   3.374686E+000   1.324631E-002
   14601      36     3.200000     3.500000   4.479548E+000   1.343917E+000   4.479434E+000   1.343830E+000   3.135631E+000   3.135604E+000   2.733804E-005
   14601      37     3.500000     3.900000   5.317470E+000   1.592347E+000   5.314094E+000   1.594228E+000   3.725124E+000   3.719866E+000   5.258095E-003
   14601      38     3.900000     5.500000   8.889375E+000   1.788386E+000   6.417016E+000   1.925105E+000   7.100989E+000   4.491911E+000   2.609078E+000
   14601      39     5.500000     6.500000   2.171822E+000   6.515472E-001   2.171814E+000   6.515442E-001   1.520274E+000   1.520270E+000   4.630664E-006
   14601      40     6.500000     7.000000   6.459457E-001   1.937837E-001   6.459442E-001   1.937832E-001   4.521621E-001   4.521609E-001   1.145571E-006
   14601      41     7.000000     9.000000   1.525571E+000   4.557306E-001   1.523402E+000   4.570206E-001   1.069840E+000   1.066381E+000   3.459009E-003
   14601      42     9.000000    20.000000   1.633159E+000   3.919510E-001   1.353339E+000   4.060017E-001   1.241208E+000   9.473372E-001   2.938706E-001
   14701       1     0.200000     0.300000   5.582456E-006   2.938599E-006   3.776939E-006   1.133082E-006   2.643857E-006   2.643857E-006  -4.911299E-015
   14701       2     0.300000     0.345000   2.557270E-003   1.160959E-003   1.994730E-003   5.984189E-004   1.396311E-003   1.396311E-003   9.565853E-013
   14701       3     0.345000     0.385000   2.512764E-003   1.006153E-003   2.152302E-003   6.456906E-004   1.506611E-003   1.506611E-003  -5.730525E-013
   14701       4     0.385000     0.420000   1.293223E-002   4.781073E-003   1.164451E-002   3.493352E-003   8.151155E-003   8.151155E-003   6.780444E-013
   14701       5     0.420000     0.450000   2.349464E-002   8.255229E-003   2.177059E-002   6.531176E-003   1.523941E-002   1.523941E-002   1.240192E-012
   14701       6     0.450000     0.500000   1.310848E-001   4.421893E-002   1.240940E-001   3.722821E-002   8.686582E-002   8.686582E-002   3.941460E-011
   14701       7     0.500000     0.550000   1.748537E-001   5.680007E-002   1.686481E-001   5.059442E-002   1.180536E-001   1.180536E-001   1.338696E-011
   14701       8     0.550000     0.610000   2.295775E-001   7.279690E-002   2.239723E-001   6.719170E-002   1.567806E-001   1.567806E-001   5.941528E-011
   14701       9     0.610000     0.690000   5.693172E-001   1.769141E-001   5.605758E-001   1.681727E-001   3.924031E-001   3.924031E-001   9.999224E-013
   14701      10     0.690000     0.780000   2.472789E+000   7.577010E-001   2.450126E+000   7.350378E-001   1.715088E+000   1.715088E+000   2.014431E-010
   14701      11     0.780000     0.800000   1.063069E+000   3.241398E-001   1.055609E+000   3.166826E-001   7.389296E-001   7.389261E-001   3.471100E-006
   14701      12     0.800000     0.870000   5.878988E+000   1.787489E+000   5.844998E+000   1.753499E+000   4.091499E+000   4.091499E+000   5.854506E-007
   14701      13     0.870000     0.880000   8.736691E-001   2.649443E-001   8.695962E-001   2.608788E-001   6.087247E-001   6.087173E-001   7.410354E-006
   14701      14     0.880000     1.030000   2.249240E+001   6.799491E+000   2.241845E+001   6.725534E+000   1.569291E+001   1.569291E+001   2.755853E-007
   14701      15     1.030000     1.080000   9.248799E+000   2.788382E+000   9.227951E+000   2.768385E+000   6.460417E+000   6.459566E+000   8.510880E-004
   14701      16     1.080000     1.140000   1.173685E+001   3.535822E+000   1.171566E+001   3.514699E+000   8.201028E+000   8.200964E+000   6.408423E-005
   14701      17     1.140000     1.200000   1.143670E+001   3.442659E+000   1.142004E+001   3.426012E+000   7.994037E+000   7.994027E+000   1.054058E-005
   14701      18     1.200000     1.240000   8.097833E+000   2.419681E+000   8.068697E+000   2.420609E+000   5.678152E+000   5.648088E+000   3.006360E-002
   14701      19     1.240000     1.280000   7.733813E+000   2.325881E+000   7.725363E+000   2.317609E+000   5.407933E+000   5.407754E+000   1.783235E-004
   14701      20     1.280000     1.340000   1.109154E+001   3.331756E+000   1.107801E+001   3.323403E+000   7.759787E+000   7.754608E+000   5.179173E-003
   14701      21     1.340000     1.420000   1.012492E+001   3.042447E+000   1.011688E+001   3.035065E+000   7.082474E+000   7.081817E+000   6.568968E-004
   14701      22     1.420000     1.460000   4.444646E+000   1.229144E+000   4.295920E+000   1.288776E+000   3.215502E+000   3.007144E+000   2.083578E-001
   14701      23     1.460000     1.490000   3.316959E+000   9.942199E-001   3.312600E+000   9.937801E-001   2.322739E+000   2.318820E+000   3.918785E-003
   14701      24     1.490000     1.520000   3.416012E+000   1.025632E+000   3.413720E+000   1.024116E+000   2.390379E+000   2.389604E+000   7.755228E-004
   14701      25     1.520000     1.680000   2.089115E+001   6.136126E+000   2.069926E+001   6.209779E+000   1.475502E+001   1.448948E+001   2.655370E-001
   14701      26     1.680000     1.740000   7.400301E+000   2.221622E+000   7.397814E+000   2.219344E+000   5.178680E+000   5.178470E+000   2.097320E-004
   14701      27     1.740000     1.820000   6.859941E+000   2.059262E+000   6.858046E+000   2.057414E+000   4.800680E+000   4.800632E+000   4.733905E-005
   14701      28     1.820000     1.940000   7.844991E+000   2.348397E+000   7.836204E+000   2.350861E+000   5.496594E+000   5.485343E+000   1.125113E-002
   14701      29     1.940000     2.200000   1.524385E+001   3.596510E+000   1.327494E+001   3.982483E+000   1.164734E+001   9.292460E+000   2.354881E+000
   14701      30     2.200000     2.300000   5.897529E+000   1.769636E+000   5.896837E+000   1.769051E+000   4.127893E+000   4.127786E+000   1.072722E-004
   14701      31     2.300000     2.450000   6.412228E+000   1.924052E+000   6.411672E+000   1.923502E+000   4.488176E+000   4.488170E+000   5.835591E-006
   14701      32     2.450000     2.550000   2.808749E+000   8.425556E-001   2.808325E+000   8.424974E-001   1.966194E+000   1.965827E+000   3.664474E-004
   14701      33     2.550000     2.650000   2.466453E+000   7.360961E-001   2.461911E+000   7.385733E-001   1.730357E+000   1.723338E+000   7.019516E-003
   14701      34     2.650000     2.900000   5.107089E+000   4.019637E-001   1.815470E+000   5.446410E-001   4.705125E+000   1.270829E+000   3.434296E+000
   14701      35     2.900000     3.200000   4.829501E+000   1.441573E+000   4.820985E+000   1.446295E+000   3.387928E+000   3.374689E+000   1.323829E-002
   14701      36     3.200000     3.500000   4.479548E+000   1.343917E+000   4.479434E+000   1.343830E+000   3.135631E+000   3.135604E+000   2.729773E-005
   14701      37     3.500000     3.900000   5.317470E+000   1.592347E+000   5.314093E+000   1.594228E+000   3.725124E+000   3.719865E+000   5.258482E-003
   14701      38     3.900000     5.500000   8.889375E+000   1.788440E+000   6.417120E+000   1.925136E+000   7.100935E+000   4.491984E+000   2.608952E+000
   14701      39     5.500000     6.500000   2.171822E+000   6.515472E-001   2.171814E+000   6.515442E-001   1.520274E+000   1.520270E+000   4.626127E-006
   14701      40     6.500000     7.000000   6.459457E-001   1.937837E-001   6.459442E-001   1.937832E-001   4.521621E-001   4.521609E-001   1.144546E-006
   14701      41     7.000000     9.000000   1.525571E+000   4.557306E-001   1.523402E+000   4.570206E-001   1.069840E+000   1.066381E+000   3.458963E-003
   14701      42     9.000000    20.000000   1.633159E+000   3.920064E-001   1.353477E+000   4.060432E-001   1.241153E+000   9.474342E-001   2.937183E-001
   14801       1     0.200000     0.300000   5.582456E-006   2.938599E-006   3.776939E-006   1.133082E-006   2.643857E-006   2.643857E-006  -4.911299E-015
   14801       2     0.300000     0.345000   2.557270E-003   1.160959E-003   1.994730E-003   5.984189E-004   1.396311E-003   1.396311E-003   9.565853E-013
   14801       3     0.345000     0.385000   2.512764E-003   1.006153E-003   2.152302E-003   6.456906E-004   1.506611E-003   1.506611E-003  -5.730525E-013
   14801       4     0.385000     0.420000   1.293223E-002   4.781073E-003   1.164451E-002   3.493352E-003   8.151155E-003   8.151155E-003  -6.233191E-013
   14801       5     0.420000     0.450000   2.349464E-002   8.255229E-003   2.177059E-002   6.531176E-003   1.523941E-002   1.523941E-002   3.935047E-013
   14801       6     0.450000     0.500000   1.310848E-001   4.421893E-002   1.240940E-001   3.722821E-002   8.686582E-002   8.686582E-002   3.606650E-011
   14801       7     0.500000     0.550000   1.748537E-001   5.680007E-002   1.686481E-001   5.059442E-002   1.180536E-001   1.180536E-001   9.101608E-012
   14801       8     0.550000     0.610000   2.295775E-001   7.279690E-002   2.239723E-001   6.719170E-002   1.567806E-001   1.567806E-001   8.171186E-011
   14801       9     0.610000     0.690000   5.693172E-001   1.769141E-001   5.605758E-001   1.681727E-001   3.924031E-001   3.924031E-001  -3.768369E-011
   14801      10     0.690000     0.780000   2.472789E+000   7.577010E-001   2.450126E+000   7.350378E-001   1.715088E+000   1.715088E+000   2.561218E-010
   14801      11     0.780000     0.800000   1.063069E+000   3.241398E-001   1.055609E+000   3.166826E-001   7.389296E-001   7.389261E-001   3.471079E-006
   14801      12     0.800000     0.870000   5.878988E+000   1.787489E+000   5.844998E+000   1.753499E+000   4.091499E+000   4.091499E+000   5.855391E-007
   14801      13     0.870000     0.880000   8.736691E-001   2.649443E-001   8.695962E-001   2.608788E-001   6.087247E-001   6.087173E-001   7.409336E-006
   14801      14     0.880000     1.030000   2.249240E+001   6.799491E+000   2.241845E+001   6.725534E+000   1.569291E+001   1.569291E+001   2.755339E-007
   14801      15     1.030000     1.080000   9.248799E+000   2.788382E+000   9.227951E+000   2.768385E+000   6.460417E+000   6.459566E+000   8.510853E-004
   14801      16     1.080000     1.140000   1.173685E+001   3.535822E+000   1.171566E+001   3.514699E+000   8.201028E+000   8.200964E+000   6.408408E-005
   14801      17     1.140000     1.200000   1.143670E+001   3.442659E+000   1.142004E+001   3.426012E+000   7.994037E+000   7.994027E+000   1.054147E-005
   14801      18     1.200000     1.240000   8.097833E+000   2.419681E+000   8.068697E+000   2.420609E+000   5.678151E+000   5.648088E+000   3.006349E-002
   14801      19     1.240000     1.280000   7.733813E+000   2.325881E+000   7.725363E+000   2.317609E+000   5.407933E+000   5.407754E+000   1.782786E-004
   14801      20     1.280000     1.340000   1.109154E+001   3.331756E+000   1.107801E+001   3.323403E+000   7.759787E+000   7.754608E+000   5.179204E-003
   14801      21     1.340000     1.420000   1.012492E+001   3.042447E+000   1.011688E+001   3.035065E+000   7.082474E+000   7.081817E+000   6.568283E-004
   14801      22     1.420000     1.460000   4.444646E+000   1.229145E+000   4.295921E+000   1.288776E+000   3.215501E+000   3.007145E+000   2.083561E-001
   14801      23     1.460000     1.490000   3.316959E+000   9.942199E-001   3.312600E+000   9.937801E-001   2.322739E+000   2.318820E+000   3.918693E-003
   14801      24     1.490000     1.520000   3.416012E+000   1.025632E+000   3.413720E+000   1.024116E+000   2.390379E+000   2.389604E+000   7.754316E-004
   14801      25     1.520000     1.680000   2.089115E+001   6.136129E+000   2.069927E+001   6.209780E+000   1.475502E+001   1.448949E+001   2.655332E-001
   14801      26     1.680000     1.740000   7.400301E+000   2.221622E+000   7.397814E+000   2.219344E+000   5.178679E+000   5.178470E+000   2.096849E-004
   14801      27     1.740000     1.820000   6.859941E+000   2.059262E+000   6.858046E+000   2.057414E+000   4.800679E+000   4.800632E+000   4.710746E-005
   14801      28     1.820000     1.940000   7.844991E+000   2.348399E+000   7.836206E+000   2.350862E+000   5.496592E+000   5.485344E+000   1.124796E-002
   14801      29     1.940000     2.200000   1.524385E+001   3.596709E+000   1.327519E+001   3.982556E+000   1.164714E+001   9.292631E+000   2.354510E+000
   14801      30     2.200000     2.300000   5.897529E+000   1.769636E+000   5.896837E+000   1.769051E+000   4.127893E+000   4.127786E+000   1.072297E-004
   14801      31     2.300000     2.450000   6.412228E+000   1.924052E+000   6.411672E+000   1.923502E+000   4.488176E+000   4.488170E+000   5.833916E-006
   14801      32     2.450000     2.550000   2.808749E+000   8.425561E-001   2.808325E+000   8.424975E-001   1.966193E+000   1.965828E+000   3.656465E-004
   14801      33     2.550000     2.650000   2.466453E+000   7.360972E-001   2.461912E+000   7.385737E-001   1.730356E+000   1.723339E+000   7.017516E-003
   14801      34     2.650000     2.900000   5.107089E+000   4.021158E-001   1.815955E+000   5.447866E-001   4.704973E+000   1.271169E+000   3.433805E+000
   14801      35     2.900000     3.200000   4.829501E+000   1.441578E+000   4.820990E+000   1.446297E+000   3.387923E+000   3.374693E+000   1.323036E-002
   14801      36     3.200000     3.500000   4.479548E+000   1.343917E+000   4.479434E+000   1.343830E+000   3.135631E+000   3.135604E+000   2.725793E-005
   14801      37     3.500000     3.900000   5.317470E+000   1.592346E+000   5.314093E+000   1.594228E+000   3.725124E+000   3.719865E+000   5.258865E-003
   14801      38     3.900000     5.500000   8.889375E+000   1.788493E+000   6.417222E+000   1.925167E+000   7.100882E+000   4.492056E+000   2.608827E+000
   14801      39     5.500000     6.500000   2.171822E+000   6.515472E-001   2.171814E+000   6.515442E-001   1.520274E+000   1.520270E+000   4.621648E-006
   14801      40     6.500000     7.000000   6.459457E-001   1.937837E-001   6.459442E-001   1.937832E-001   4.521621E-001   4.521609E-001   1.143535E-006
   14801      41     7.000000     9.000000   1.525571E+000   4.557306E-001   1.523402E+000   4.570206E-001   1.069840E+000   1.066382E+000   3.458916E-003
   14801      42     9.000000    20.000000   1.633159E+000   3.920611E-001   1.353615E+000   4.060844E-001   1.241098E+000   9.475302E-001   2.935676E-001
   14901       1     0.200000     0.300000   5.582456E-006   2.938599E-006   3.776939E-006   1.133082E-006   2.643857E-006   2.643857E-006  -4.911299E-015
   14901       2     0.300000     0.345000   2.557270E-003   1.160959E-003   1.994730E-003   5.984189E-004   1.396311E-003   1.396311E-003   9.565853E-013
   14901       3     0.345000     0.385000   2.512764E-003   1.006153E-003   2.152302E-003   6.456906E-004   1.506611E-003   1.506611E-003  -5.730525E-013
   14901       4     0.385000     0.420000   1.293223E-002   4.781073E-003   1.164451E-002   3.493352E-003   8.151155E-003   8.151155E-003  -5.440613E-014
   14901       5     0.420000     0.450000   2.349464E-002   8.255229E-003   2.177059E-002   6.531176E-003   1.523941E-002   1.523941E-002   1.187101E-012
   14901       6     0.450000     0.500000   1.310848E-001   4.421893E-002   1.240940E-001   3.722821E-002   8.686582E-002   8.686582E-002   3.226702E-011
   14901       7     0.500000     0.550000   1.748537E-001   5.680007E-002   1.686481E-001   5.059442E-002   1.180536E-001   1.180536E-001   1.103077E-011
   14901       8     0.550000     0.610000   2.295775E-001   7.279690E-002   2.239723E-001   6.719170E-002   1.567806E-001   1.567806E-001   5.501977E-011
   14901       9     0.610000     0.690000   5.693172E-001   1.769141E-001   5.605758E-001   1.681727E-001   3.924031E-001   3.924031E-001  -2.837125E-011
   14901      10     0.690000     0.780000   2.472789E+000   7.577010E-001   2.450126E+000   7.350378E-001   1.715088E+000   1.715088E+000   2.714506E-010
   14901      11     0.780000     0.800000   1.063069E+000   3.241398E-001   1.055609E+000   3.166826E-001   7.389296E-001   7.389261E-001   3.471059E-006
   14901      12     0.800000     0.870000   5.878988E+000   1.787489E+000   5.844998E+000   1.753499E+000   4.091499E+000   4.091499E+000   5.856265E-007
   14901      13     0.870000     0.880000   8.736691E-001   2.649443E-001   8.695962E-001   2.608788E-001   6.087247E-001   6.087173E-001   7.408328E-006
   14901      14     0.880000     1.030000   2.249240E+001   6.799491E+000   2.241845E+001   6.725534E+000   1.569291E+001   1.569291E+001   2.754866E-007
   14901      15     1.030000     1.080000   9.248799E+000   2.788382E+000   9.227951E+000   2.768385E+000   6.460417E+000   6.459566E+000   8.510827E-004
   14901      16     1.080000     1.140000   1.173685E+001   3.535822E+000   1.171566E+001   3.514699E+000   8.201028E+000   8.200964E+000   6.408393E-005
   14901      17     1.140000     1.200000   1.143670E+001   3.442659E+000   1.142004E+001   3.426012E+000   7.994037E+000   7.994027E+000   1.054235E-005
   14901      18     1.200000     1.240000   8.097833E+000   2.419681E+000   8.068697E+000   2.420609E+000   5.678151E+000   5.648088E+000   3.006338E-002
   14901      19     1.240000     1.280000   7.733813E+000   2.325881E+000   7.725363E+000   2.317609E+000   5.407933E+000   5.407754E+000   1.782341E-004
   14901      20     1.280000     1.340000   1.109154E+001   3.331756E+000   1.107801E+001   3.323403E+000   7.759787E+000   7.754608E+000   5.179235E-003
   14901      21     1.340000     1.420000   1.012492E+001   3.042447E+000   1.011688E+001   3.035065E+000   7.082474E+000   7.081817E+000   6.567606E-004
   14901      22     1.420000     1.460000   4.444646E+000   1.229146E+000   4.295922E+000   1.288777E+000   3.215500E+000   3.007145E+000   2.083543E-001
   14901      23     1.460000     1.490000   3.316959E+000   9.942200E-001   3.312600E+000   9.937801E-001   2.322739E+000   2.318820E+000   3.918602E-003
   14901      24     1.490000     1.520000   3.416012E+000   1.025632E+000   3.413720E+000   1.024116E+000   2.390379E+000   2.389604E+000   7.753415E-004
   14901      25     1.520000     1.680000   2.089115E+001   6.136131E+000   2.069927E+001   6.209781E+000   1.475502E+001   1.448949E+001   2.655294E-001
   14901      26     1.680000     1.740000   7.400301E+000   2.221622E+000   7.397814E+000   2.219344E+000   5.178679E+000   5.178470E+000   2.096382E-004
   14901      27     1.740000     1.820000   6.859941E+000   2.059262E+000   6.858046E+000   2.057414E+000   4.800679E+000   4.800632E+000   4.687838E-005
   14901      28     1.820000     1.940000   7.844991E+000   2.348401E+000   7.836208E+000   2.350862E+000   5.496590E+000   5.485345E+000   1.124482E-002
   14901      29     1.940000     2.200000   1.524385E+001   3.596907E+000   1.327543E+001   3.982628E+000   1.164694E+001   9.292800E+000   2.354144E+000
   14901      30     2.200000     2.300000   5.897529E+000   1.769636E+000   5.896837E+000   1.769051E+000   4.127893E+000   4.127786E+000   1.071877E-004
   14901      31     2.300000     2.450000   6.412228E+000   1.924052E+000   6.411672E+000   1.923502E+000   4.488176E+000   4.488170E+000   5.832259E-006
   14901      32     2.450000     2.550000   2.808749E+000   8.425565E-001   2.808326E+000   8.424977E-001   1.966193E+000   1.965828E+000   3.648544E-004
   14901      33     2.550000     2.650000   2.466453E+000   7.360983E-001   2.461914E+000   7.385741E-001   1.730355E+000   1.723340E+000   7.015539E-003
   14901      34     2.650000     2.900000   5.107089E+000   4.022665E-001   1.816436E+000   5.449308E-001   4.704823E+000   1.271505E+000   3.433317E+000
   14901      35     2.900000     3.200000   4.829501E+000   1.441582E+000   4.820995E+000   1.446299E+000   3.387919E+000   3.374697E+000   1.322252E-002
   14901      36     3.200000     3.500000   4.479548E+000   1.343917E+000   4.479434E+000   1.343830E+000   3.135631E+000   3.135604E+000   2.721857E-005
   14901      37     3.500000     3.900000   5.317470E+000   1.592346E+000   5.314093E+000   1.594228E+000   3.725124E+000   3.719865E+000   5.259243E-003
   14901      38     3.900000     5.500000   8.889375E+000   1.788546E+000   6.417324E+000   1.925197E+000   7.100829E+000   4.492126E+000   2.608703E+000
   14901      39     5.500000     6.500000   2.171822E+000   6.515472E-001   2.171814E+000   6.515442E-001   1.520274E+000   1.520270E+000   4.617217E-006
   14901      40     6.500000     7.000000   6.459457E-001   1.937837E-001   6.459442E-001   1.937832E-001   4.521621E-001   4.521609E-001   1.142536E-006
   14901      41     7.000000     9.000000   1.525571E+000   4.557307E-001   1.523402E+000   4.570207E-001   1.069840E+000   1.066382E+000   3.458871E-003
   14901      42     9.000000    20.000000   1.633159E+000   3.921154E-001   1.353751E+000   4.061252E-001   1.241044E+000   9.476254E-001   2.934181E-001
