# SOCRATES band-resolved flux diagnostic (appended time series)
# source (sw/lw) = lw
# n_profile      = 1
# n_layer        = 60
# n_band         = 17
# Profile 1 only. Level 0 = TOA, level n_layer = surface.
# call_index increments once per logged call to this routine for this source (sw/lw), throttled by SOCRATES_BAND_FLUX_STRIDE (currently every 100 call(s)).
# column_absorption = net_down(TOA) - net_down(surface), i.e. net energy this band deposits in the column.
#call_index  band  wl_short_um  wl_long_um  down_toa  up_toa  down_surf  up_surf  net_toa  net_surf  column_absorption
   30001       1    40.000000 10000.000000   1.413547E-009   2.523546E+001   1.799098E+001   2.523546E+001  -2.523546E+001  -7.244479E+000  -1.799098E+001
   30001       2    29.411765    40.000000  -1.002416E-009   2.765283E+001   4.870381E-002   2.765283E+001  -2.765283E+001  -2.760413E+001  -4.870381E-002
   30001       3    25.000000    29.411765   1.159073E-010   2.318048E+001   3.161465E-001   2.318048E+001  -2.318048E+001  -2.286434E+001  -3.161465E-001
   30001       4    20.833333    25.000000   4.658318E-010   3.507765E+001   6.758033E+000   3.507765E+001  -3.507765E+001  -2.831961E+001  -6.758033E+000
   30001       5    19.230769    20.833333  -4.991954E-010   1.869638E+001   1.741422E+001   1.869638E+001  -1.869638E+001  -1.282160E+000  -1.741422E+001
   30001       6    17.543860    19.230769   7.414513E-011   2.391694E+001   2.391694E+001   2.391694E+001  -2.391694E+001  -8.445653E-010  -2.391694E+001
   30001       7    13.333333    17.543860   2.313115E-009   8.466639E+001   8.466639E+001   8.466639E+001  -8.466639E+001   0.000000E+000  -8.466639E+001
   30001       8    11.627907    13.333333   1.918224E-009   4.611109E+001   4.600536E+001   4.611109E+001  -4.611109E+001  -1.057306E-001  -4.600536E+001
   30001       9     9.009009    11.627907   3.197997E-009   8.014973E+001   7.813288E+001   8.014973E+001  -8.014973E+001  -2.016849E+000  -7.813288E+001
   30001      10     8.695652     9.009009   1.383977E-010   9.610818E+000   2.735449E-001   9.610818E+000  -9.610818E+000  -9.337273E+000  -2.735449E-001
   30001      11     8.333333     8.695652  -5.861995E-010   1.087567E+001   1.341831E+000   1.087567E+001  -1.087567E+001  -9.533842E+000  -1.341831E+000
   30001      12     7.633588     8.333333  -4.035208E-010   1.987768E+001   1.888299E+001   1.987768E+001  -1.987768E+001  -9.946895E-001  -1.888299E+001
   30001      13     7.042254     7.633588  -6.019043E-010   1.508527E+001   1.507445E+001   1.508527E+001  -1.508527E+001  -1.082323E-002  -1.507445E+001
   30001      14     6.451613     7.042254  -2.236202E-010   1.292597E+001   7.537743E+000   1.292597E+001  -1.292597E+001  -5.388232E+000  -7.537743E+000
   30001      15     5.464481     6.451613   1.075726E-009   1.568115E+001   4.837743E-002   1.568115E+001  -1.568115E+001  -1.563278E+001  -4.837742E-002
   30001      16     4.950495     5.464481   2.562821E-010   5.034998E+000   4.700533E+000   5.034998E+000  -5.034998E+000  -3.344653E-001  -4.700533E+000
   30001      17     3.333333     4.950495  -1.457758E-010   5.359434E+000   5.157210E+000   5.359434E+000  -5.359434E+000  -2.022242E-001  -5.157210E+000
   30101       1    40.000000 10000.000000   7.181207E-010   2.482827E+001   1.791608E+001   2.522539E+001  -2.482827E+001  -7.309304E+000  -1.751896E+001
   30101       2    29.411765    40.000000  -4.134098E-010   2.763837E+001   4.832187E-002   2.763908E+001  -2.763837E+001  -2.759076E+001  -4.761498E-002
   30101       3    25.000000    29.411765   4.140865E-011   2.316191E+001   3.101032E-001   2.316731E+001  -2.316191E+001  -2.285721E+001  -3.047013E-001
   30101       4    20.833333    25.000000   1.440359E-010   3.487234E+001   6.464828E+000   3.505528E+001  -3.487234E+001  -2.859045E+001  -6.281891E+000
   30101       5    19.230769    20.833333  -1.357439E-010   1.767675E+001   1.705161E+001   1.868331E+001  -1.767675E+001  -1.631704E+000  -1.604504E+001
   30101       6    17.543860    19.230769   1.826361E-011   1.970417E+001   2.384773E+001   2.389916E+001  -1.970417E+001  -5.142877E-002  -1.965274E+001
   30101       7    13.333333    17.543860   4.424479E-010   2.884749E+001   8.458333E+001   8.459261E+001  -2.884749E+001  -9.277964E-003  -2.883821E+001
   30101       8    11.627907    13.333333   2.598757E-010   3.527404E+001   4.572874E+001   4.606326E+001  -3.527404E+001  -3.345217E-001  -3.493952E+001
   30101       9     9.009009    11.627907   2.897576E-010   6.561050E+001   7.718262E+001   8.005061E+001  -6.561050E+001  -2.867986E+000  -6.274251E+001
   30101      10     8.695652     9.009009   8.494649E-012   9.586301E+000   2.507224E-001   9.597179E+000  -9.586301E+000  -9.346457E+000  -2.398441E-001
   30101      11     8.333333     8.695652  -3.225542E-011   1.080214E+001   1.273494E+000   1.085969E+001  -1.080214E+001  -9.586194E+000  -1.215943E+000
   30101      12     7.633588     8.333333  -1.837730E-011   1.678145E+001   1.846278E+001   1.984655E+001  -1.678145E+001  -1.383771E+000  -1.539768E+001
   30101      13     7.042254     7.633588  -2.093059E-011   1.214520E+001   1.486765E+001   1.505968E+001  -1.214520E+001  -1.920361E-001  -1.195316E+001
   30101      14     6.451613     7.042254  -5.813905E-012   1.230659E+001   7.294850E+000   1.290226E+001  -1.230659E+001  -5.607409E+000  -6.699185E+000
   30101      15     5.464481     6.451613   1.779488E-011   1.564465E+001   4.146750E-002   1.564888E+001  -1.564465E+001  -1.560741E+001  -3.723358E-002
   30101      16     4.950495     5.464481   2.296906E-012   3.623707E+000   4.588525E+000   5.023200E+000  -3.623707E+000  -4.346752E-001  -3.189032E+000
   30101      17     3.333333     4.950495  -6.059320E-013   2.197555E+000   5.107882E+000   5.344704E+000  -2.197555E+000  -2.368220E-001  -1.960733E+000
   30201       1    40.000000 10000.000000   6.575664E-010   2.444149E+001   1.783454E+001   2.521407E+001  -2.444149E+001  -7.379528E+000  -1.706196E+001
   30201       2    29.411765    40.000000  -3.663185E-010   2.762219E+001   4.792564E-002   2.762362E+001  -2.762219E+001  -2.757569E+001  -4.649623E-002
   30201       3    25.000000    29.411765   3.587264E-011   2.314188E+001   3.046429E-001   2.315252E+001  -2.314188E+001  -2.284787E+001  -2.940089E-001
   30201       4    20.833333    25.000000   1.220091E-010   3.471539E+001   6.209189E+000   3.503014E+001  -3.471539E+001  -2.882095E+001  -5.894439E+000
   30201       5    19.230769    20.833333  -1.127054E-010   1.707312E+001   1.669544E+001   1.866863E+001  -1.707312E+001  -1.973183E+000  -1.509994E+001
   30201       6    17.543860    19.230769   1.493206E-011   1.792526E+001   2.376743E+001   2.387917E+001  -1.792526E+001  -1.117416E-001  -1.781352E+001
   30201       7    13.333333    17.543860   3.484768E-010   2.299612E+001   8.449039E+001   8.450969E+001  -2.299612E+001  -1.929090E-002  -2.297683E+001
   30201       8    11.627907    13.333333   1.941300E-010   3.130434E+001   4.541070E+001   4.600950E+001  -3.130434E+001  -5.988055E-001  -3.070553E+001
   30201       9     9.009009    11.627907   2.042206E-010   5.888354E+001   7.613175E+001   7.993921E+001  -5.888354E+001  -3.807451E+000  -5.507609E+001
   30201      10     8.695652     9.009009   5.636547E-012   9.562489E+000   2.306823E-001   9.581850E+000  -9.562489E+000  -9.351168E+000  -2.113214E-001
   30201      11     8.333333     8.695652  -2.105821E-011   1.073209E+001   1.208886E+000   1.084172E+001  -1.073209E+001  -9.632838E+000  -1.099256E+000
   30201      12     7.633588     8.333333  -1.167222E-011   1.482080E+001   1.806215E+001   1.981156E+001  -1.482080E+001  -1.749413E+000  -1.307139E+001
   30201      13     7.042254     7.633588  -1.277445E-011   1.033726E+001   1.462968E+001   1.503092E+001  -1.033726E+001  -4.012420E-001  -9.936016E+000
   30201      14     6.451613     7.042254  -3.399836E-012   1.175578E+001   7.048302E+000   1.287561E+001  -1.175578E+001  -5.827305E+000  -5.928471E+000
   30201      15     5.464481     6.451613   9.757667E-012   1.560566E+001   3.651383E-002   1.561261E+001  -1.560566E+001  -1.557609E+001  -2.956861E-002
   30201      16     4.950495     5.464481   1.148845E-012   2.991875E+000   4.497955E+000   5.009940E+000  -2.991875E+000  -5.119845E-001  -2.479891E+000
   30201      17     3.333333     4.950495  -2.744558E-013   1.563207E+000   5.051474E+000   5.328148E+000  -1.563207E+000  -2.766747E-001  -1.286532E+000
   30301       1    40.000000 10000.000000   6.376109E-010   2.408805E+001   1.774960E+001   2.520154E+001  -2.408805E+001  -7.451938E+000  -1.663611E+001
   30301       2    29.411765    40.000000  -3.510241E-010   2.760437E+001   4.753404E-002   2.760651E+001  -2.760437E+001  -2.755897E+001  -4.539621E-002
   30301       3    25.000000    29.411765   3.409806E-011   2.312049E+001   2.997096E-001   2.313613E+001  -2.312049E+001  -2.283642E+001  -2.840698E-001
   30301       4    20.833333    25.000000   1.150493E-010   3.457693E+001   5.980754E+000   3.500231E+001  -3.457693E+001  -2.902156E+001  -5.555375E+000
   30301       5    19.230769    20.833333  -1.055165E-010   1.661395E+001   1.633940E+001   1.865237E+001  -1.661395E+001  -2.312974E+000  -1.430097E+001
   30301       6    17.543860    19.230769   1.390532E-011   1.676449E+001   2.367755E+001   2.385704E+001  -1.676449E+001  -1.794929E-001  -1.658500E+001
   30301       7    13.333333    17.543860   3.201901E-010   2.051354E+001   8.438740E+001   8.441788E+001  -2.051354E+001  -3.047441E-002  -2.048307E+001
   30301       8    11.627907    13.333333   1.750262E-010   2.881290E+001   4.506136E+001   4.594999E+001  -2.881290E+001  -8.886256E-001  -2.792427E+001
   30301       9     9.009009    11.627907   1.803864E-010   5.449707E+001   7.501569E+001   7.981586E+001  -5.449707E+001  -4.800173E+000  -4.969690E+001
   30301      10     8.695652     9.009009   4.872658E-012   9.538721E+000   2.130184E-001   9.564878E+000  -9.538721E+000  -9.351860E+000  -1.868612E-001
   30301      11     8.333333     8.695652  -1.810058E-011   1.066563E+001   1.149016E+000   1.082183E+001  -1.066563E+001  -9.672818E+000  -9.928075E-001
   30301      12     7.633588     8.333333  -9.935275E-012   1.336587E+001   1.767195E+001   1.977282E+001  -1.336587E+001  -2.100873E+000  -1.126500E+001
   30301      13     7.042254     7.633588  -1.072120E-011   9.033125E+000   1.437436E+001   1.499908E+001  -9.033125E+000  -6.247214E-001  -8.408403E+000
   30301      14     6.451613     7.042254  -2.810696E-012   1.127075E+001   6.806075E+000   1.284610E+001  -1.127075E+001  -6.040022E+000  -5.230731E+000
   30301      15     5.464481     6.451613   7.886566E-012   1.556356E+001   3.262366E-002   1.557245E+001  -1.556356E+001  -1.553983E+001  -2.373080E-002
   30301      16     4.950495     5.464481   8.988088E-013   2.589313E+000   4.391348E+000   4.995258E+000  -2.589313E+000  -6.039101E-001  -1.985403E+000
   30301      17     3.333333     4.950495  -2.074816E-013   1.231140E+000   4.989235E+000   5.309819E+000  -1.231140E+000  -3.205838E-001  -9.105565E-001
   30401       1    40.000000 10000.000000   6.285017E-010   2.376911E+001   1.766374E+001   2.518778E+001  -2.376911E+001  -7.524046E+000  -1.624507E+001
   30401       2    29.411765    40.000000  -3.440856E-010   2.758491E+001   4.715702E-002   2.758772E+001  -2.758491E+001  -2.754057E+001  -4.434065E-002
   30401       3    25.000000    29.411765   3.329781E-011   2.309779E+001   2.952512E-001   2.311815E+001  -2.309779E+001  -2.282290E+001  -2.748858E-001
   30401       4    20.833333    25.000000   1.119140E-010   3.445077E+001   5.776041E+000   3.497177E+001  -3.445077E+001  -2.919573E+001  -5.255042E+000
   30401       5    19.230769    20.833333  -1.022968E-010   1.624184E+001   1.599131E+001   1.863453E+001  -1.624184E+001  -2.643222E+000  -1.359861E+001
   30401       6    17.543860    19.230769   1.344524E-011   1.591897E+001   2.358181E+001   2.383276E+001  -1.591897E+001  -2.509522E-001  -1.566801E+001
   30401       7    13.333333    17.543860   3.076739E-010   1.912824E+001   8.427489E+001   8.431714E+001  -1.912824E+001  -4.225219E-002  -1.908599E+001
   30401       8    11.627907    13.333333   1.666827E-010   2.704090E+001   4.469414E+001   4.588468E+001  -2.704090E+001  -1.190538E+000  -2.585036E+001
   30401       9     9.009009    11.627907   1.701226E-010   5.132561E+001   7.387272E+001   7.968052E+001  -5.132561E+001  -5.807798E+000  -4.551781E+001
   30401      10     8.695652     9.009009   4.548584E-012   9.514619E+000   1.974733E-001   9.546255E+000  -9.514619E+000  -9.348782E+000  -1.658367E-001
   30401      11     8.333333     8.695652  -1.685008E-011   1.060225E+001   1.094381E+000   1.080001E+001  -1.060225E+001  -9.705629E+000  -8.966200E-001
   30401      12     7.633588     8.333333  -9.206247E-012   1.223936E+001   1.729641E+001   1.973032E+001  -1.223936E+001  -2.433915E+000  -9.805450E+000
   30401      13     7.042254     7.633588  -9.867773E-012   8.047452E+000   1.411458E+001   1.496414E+001  -8.047452E+000  -8.495593E-001  -7.197893E+000
   30401      14     6.451613     7.042254  -2.568223E-012   1.084371E+001   6.573695E+000   1.281372E+001  -1.084371E+001  -6.240021E+000  -4.603688E+000
   30401      15     5.464481     6.451613   7.128978E-012   1.551804E+001   2.945838E-002   1.552838E+001  -1.551804E+001  -1.549893E+001  -1.910948E-002
   30401      16     4.950495     5.464481   7.998255E-013   2.306179E+000   4.279623E+000   4.979149E+000  -2.306179E+000  -6.995254E-001  -1.606654E+000
   30401      17     3.333333     4.950495  -1.816160E-013   1.026416E+000   4.923634E+000   5.289706E+000  -1.026416E+000  -3.660722E-001  -6.603437E-001
   30501       1    40.000000 10000.000000   6.233645E-010   2.348210E+001   1.757867E+001   2.517285E+001  -2.348210E+001  -7.594173E+000  -1.588792E+001
   30501       2    29.411765    40.000000  -3.401883E-010   2.756387E+001   4.679967E-002   2.756732E+001  -2.756387E+001  -2.752053E+001  -4.334286E-002
   30501       3    25.000000    29.411765   3.284661E-011   2.307384E+001   2.912197E-001   2.309863E+001  -2.307384E+001  -2.280741E+001  -2.664383E-001
   30501       4    20.833333    25.000000   1.101714E-010   3.433401E+001   5.592745E+000   3.493860E+001  -3.433401E+001  -2.934585E+001  -4.988158E+000
   30501       5    19.230769    20.833333  -1.005116E-010   1.592967E+001   1.565661E+001   1.861515E+001  -1.592967E+001  -2.958550E+000  -1.297112E+001
   30501       6    17.543860    19.230769   1.319123E-011   1.525953E+001   2.348352E+001   2.380639E+001  -1.525953E+001  -3.228676E-001  -1.493666E+001
   30501       7    13.333333    17.543860   3.007834E-010   1.822868E+001   8.415360E+001   8.420771E+001  -1.822868E+001  -5.410655E-002  -1.817458E+001
   30501       8    11.627907    13.333333   1.621339E-010   2.568176E+001   4.432011E+001   4.581374E+001  -2.568176E+001  -1.493634E+000  -2.418813E+001
   30501       9     9.009009    11.627907   1.645795E-010   4.889247E+001   7.273338E+001   7.953350E+001  -4.889247E+001  -6.800118E+000  -4.209235E+001
   30501      10     8.695652     9.009009   4.375389E-012   9.489972E+000   1.838141E-001   9.526027E+000  -9.489972E+000  -9.342212E+000  -1.477599E-001
   30501      11     8.333333     8.695652  -1.618372E-011   1.054156E+001   1.044963E+000   1.077630E+001  -1.054156E+001  -9.731340E+000  -8.102244E-001
   30501      12     7.633588     8.333333  -8.819334E-012   1.134200E+001   1.693921E+001   1.968415E+001  -1.134200E+001  -2.744938E+000  -8.597062E+000
   30501      13     7.042254     7.633588  -9.418022E-012   7.278062E+000   1.385953E+001   1.492619E+001  -7.278062E+000  -1.066664E+000  -6.211398E+000
   30501      14     6.451613     7.042254  -2.441436E-012   1.046692E+001   6.354451E+000   1.277854E+001  -1.046692E+001  -6.424091E+000  -4.042828E+000
   30501      15     5.464481     6.451613   6.737014E-012   1.546906E+001   2.683334E-002   1.548052E+001  -1.546906E+001  -1.545369E+001  -1.537788E-002
   30501      16     4.950495     5.464481   7.494283E-013   2.095480E+000   4.168406E+000   4.961650E+000  -2.095480E+000  -7.932443E-001  -1.302236E+000
   30501      17     3.333333     4.950495  -1.686750E-013   8.880507E-001   4.857145E+000   5.267859E+000  -8.880507E-001  -4.107135E-001  -4.773372E-001
   30601       1    40.000000 10000.000000   6.202168E-010   2.322359E+001   1.749552E+001   2.515678E+001  -2.322359E+001  -7.661268E+000  -1.556232E+001
   30601       2    29.411765    40.000000  -3.378027E-010   2.754133E+001   4.646426E-002   2.754539E+001  -2.754133E+001  -2.749892E+001  -4.240906E-002
   30601       3    25.000000    29.411765   3.257217E-011   2.304875E+001   2.875692E-001   2.307763E+001  -2.304875E+001  -2.279006E+001  -2.586919E-001
   30601       4    20.833333    25.000000   1.090985E-010   3.422507E+001   5.428675E+000   3.490293E+001  -3.422507E+001  -2.947425E+001  -4.750817E+000
   30601       5    19.230769    20.833333  -9.941692E-011   1.566351E+001   1.533858E+001   1.859432E+001  -1.566351E+001  -3.255737E+000  -1.240778E+001
   30601       6    17.543860    19.230769   1.303579E-011   1.473381E+001   2.338476E+001   2.377802E+001  -1.473381E+001  -3.932588E-001  -1.434055E+001
   30601       7    13.333333    17.543860   2.965646E-010   1.761722E+001   8.402435E+001   8.409003E+001  -1.761722E+001  -6.568200E-002  -1.755154E+001
   30601       8    11.627907    13.333333   1.593450E-010   2.461351E+001   4.394691E+001   4.573745E+001  -2.461351E+001  -1.790539E+000  -2.282298E+001
   30601       9     9.009009    11.627907   1.611848E-010   4.696983E+001   7.161793E+001   7.937540E+001  -4.696983E+001  -7.757473E+000  -3.921235E+001
   30601      10     8.695652     9.009009   4.269196E-012   9.464672E+000   1.718214E-001   9.504272E+000  -9.464672E+000  -9.332451E+000  -1.322207E-001
   30601      11     8.333333     8.695652  -1.577544E-011   1.048315E+001   1.000560E+000   1.075081E+001  -1.048315E+001  -9.750249E+000  -7.329012E-001
   30601      12     7.633588     8.333333  -8.582302E-012   1.061137E+001   1.660211E+001   1.963450E+001  -1.061137E+001  -3.032393E+000  -7.578977E+000
   30601      13     7.042254     7.633588  -9.142409E-012   6.662340E+000   1.361362E+001   1.488538E+001  -6.662340E+000  -1.271763E+000  -5.390577E+000
   30601      14     6.451613     7.042254  -2.363748E-012   1.013337E+001   6.149885E+000   1.274072E+001  -1.013337E+001  -6.590832E+000  -3.542533E+000
   30601      15     5.464481     6.451613   6.496845E-012   1.541674E+001   2.462940E-002   1.542904E+001  -1.541674E+001  -1.540441E+001  -1.233007E-002
   30601      16     4.950495     5.464481   7.185520E-013   1.932697E+000   4.060554E+000   4.942831E+000  -1.932697E+000  -8.822778E-001  -1.050419E+000
   30601      17     3.333333     4.950495  -1.607473E-013   7.887063E-001   4.791366E+000   5.244364E+000  -7.887063E-001  -4.529979E-001  -3.357084E-001
   30701       1    40.000000 10000.000000   6.181651E-010   2.299037E+001   1.741509E+001   2.513967E+001  -2.299037E+001  -7.724577E+000  -1.526579E+001
   30701       2    29.411765    40.000000  -3.362466E-010   2.751740E+001   4.615155E-002   2.752201E+001  -2.751740E+001  -2.747586E+001  -4.154122E-002
   30701       3    25.000000    29.411765   3.239453E-011   2.302259E+001   2.842641E-001   2.305525E+001  -2.302259E+001  -2.277098E+001  -2.516092E-001
   30701       4    20.833333    25.000000   1.084022E-010   3.412254E+001   5.281868E+000   3.486492E+001  -3.412254E+001  -2.958305E+001  -4.539494E+000
   30701       5    19.230769    20.833333  -9.870371E-011   1.543311E+001   1.503928E+001   1.857211E+001  -1.543311E+001  -3.532833E+000  -1.190028E+001
   30701       6    17.543860    19.230769   1.293454E-011   1.430171E+001   2.328660E+001   2.374780E+001  -1.430171E+001  -4.611984E-001  -1.384051E+001
   30701       7    13.333333    17.543860   2.938094E-010   1.717915E+001   8.388786E+001   8.396465E+001  -1.717915E+001  -7.679384E-002  -1.710236E+001
   30701       8    11.627907    13.333333   1.575269E-010   2.374606E+001   4.357953E+001   4.565617E+001  -2.374606E+001  -2.076644E+000  -2.166942E+001
   30701       9     9.009009    11.627907   1.589675E-010   4.540856E+001   7.053932E+001   7.920695E+001  -4.540856E+001  -8.667629E+000  -3.674093E+001
   30701      10     8.695652     9.009009   4.199974E-012   9.438661E+000   1.612970E-001   9.481094E+000  -9.438661E+000  -9.319797E+000  -1.188640E-001
   30701      11     8.333333     8.695652  -1.550909E-011   1.042673E+001   9.607863E-001   1.072365E+001  -1.042673E+001  -9.762859E+000  -6.638744E-001
   30701      12     7.633588     8.333333  -8.427758E-012   1.000579E+001   1.628594E+001   1.958160E+001  -1.000579E+001  -3.295653E+000  -6.710136E+000
   30701      13     7.042254     7.633588  -8.962608E-012   6.159691E+000   1.337922E+001   1.484189E+001  -6.159691E+000  -1.462677E+000  -4.697014E+000
   30701      14     6.451613     7.042254  -2.313094E-012   9.837023E+000   5.960519E+000   1.270041E+001  -9.837023E+000  -6.739895E+000  -3.097128E+000
   30701      15     5.464481     6.451613   6.340178E-012   1.536125E+001   2.275916E-002   1.537420E+001  -1.536125E+001  -1.535144E+001  -9.813797E-003
   30701      16     4.950495     5.464481   6.984101E-013   1.803154E+000   3.957660E+000   4.922781E+000  -1.803154E+000  -9.651209E-001  -8.380333E-001
   30701      17     3.333333     4.950495  -1.555761E-013   7.141507E-001   4.726904E+000   5.219331E+000  -7.141507E-001  -4.924270E-001  -2.217237E-001
   30801       1    40.000000 10000.000000   6.167404E-010   2.277959E+001   1.733802E+001   2.512159E+001  -2.277959E+001  -7.783563E+000  -1.499602E+001
   30801       2    29.411765    40.000000  -3.351683E-010   2.749219E+001   4.586168E-002   2.749731E+001  -2.749219E+001  -2.745145E+001  -4.073920E-002
   30801       3    25.000000    29.411765   3.226752E-011   2.299548E+001   2.812743E-001   2.303161E+001  -2.299548E+001  -2.275033E+001  -2.451505E-001
   30801       4    20.833333    25.000000   1.079226E-010   3.402535E+001   5.150672E+000   3.482475E+001  -3.402535E+001  -2.967408E+001  -4.351273E+000
   30801       5    19.230769    20.833333  -9.821299E-011   1.523057E+001   1.475988E+001   1.854865E+001  -1.523057E+001  -3.788772E+000  -1.144180E+001
   30801       6    17.543860    19.230769   1.286438E-011   1.393429E+001   2.318996E+001   2.371587E+001  -1.393429E+001  -5.259036E-001  -1.340839E+001
   30801       7    13.333333    17.543860   2.919300E-010   1.684861E+001   8.374484E+001   8.383216E+001  -1.684861E+001  -8.732620E-002  -1.676128E+001
   30801       8    11.627907    13.333333   1.562950E-010   2.301698E+001   4.322176E+001   4.557028E+001  -2.301698E+001  -2.348522E+000  -2.066846E+001
   30801       9     9.009009    11.627907   1.574820E-010   4.410700E+001   6.950698E+001   7.902895E+001  -4.410700E+001  -9.521972E+000  -3.458502E+001
   30801      10     8.695652     9.009009   4.153955E-012   9.411919E+000   1.520618E-001   9.456602E+000  -9.411919E+000  -9.304540E+000  -1.073789E-001
   30801      11     8.333333     8.695652  -1.533224E-011   1.037205E+001   9.252868E-001   1.069494E+001  -1.037205E+001  -9.769656E+000  -6.023975E-001
   30801      12     7.633588     8.333333  -8.325451E-012   9.496852E+000   1.599131E+001   1.952570E+001  -9.496852E+000  -3.534388E+000  -5.962463E+000
   30801      13     7.042254     7.633588  -8.844397E-012   5.743093E+000   1.315809E+001   1.479594E+001  -5.743093E+000  -1.637856E+000  -4.105238E+000
   30801      14     6.451613     7.042254  -2.280010E-012   9.572926E+000   5.786436E+000   1.265783E+001  -9.572926E+000  -6.871393E+000  -2.701532E+000
   30801      15     5.464481     6.451613   6.238732E-012   1.530281E+001   2.116357E-002   1.531625E+001  -1.530281E+001  -1.529508E+001  -7.727285E-003
   30801      16     4.950495     5.464481   6.855263E-013   1.697749E+000   3.860717E+000   4.901594E+000  -1.697749E+000  -1.040878E+000  -6.568718E-001
   30801      17     3.333333     4.950495  -1.523113E-013   6.564623E-001   4.664177E+000   5.192880E+000  -6.564623E-001  -5.287023E-001  -1.277601E-001
   30901       1    40.000000 10000.000000   6.156959E-010   2.258873E+001   1.726467E+001   2.510262E+001  -2.258873E+001  -7.837952E+000  -1.475078E+001
   30901       2    29.411765    40.000000  -3.343796E-010   2.746582E+001   4.559382E-002   2.747141E+001  -2.746582E+001  -2.742582E+001  -4.000093E-002
   30901       3    25.000000    29.411765   3.217959E-011   2.296751E+001   2.785674E-001   2.300681E+001  -2.296751E+001  -2.272824E+001  -2.392707E-001
   30901       4    20.833333    25.000000   1.075762E-010   3.393287E+001   5.033341E+000   3.478263E+001  -3.393287E+001  -2.974929E+001  -4.183584E+000
   30901       5    19.230769    20.833333  -9.785683E-011   1.505183E+001   1.450049E+001   1.852405E+001  -1.505183E+001  -4.023560E+000  -1.102827E+001
   30901       6    17.543860    19.230769   1.281464E-011   1.362082E+001   2.309568E+001   2.368237E+001  -1.362082E+001  -5.866932E-001  -1.303413E+001
   30901       7    13.333333    17.543860   2.905800E-010   1.659258E+001   8.359603E+001   8.369321E+001  -1.659258E+001  -9.718737E-002  -1.649540E+001
   30901       8    11.627907    13.333333   1.554135E-010   2.240122E+001   4.287641E+001   4.548020E+001  -2.240122E+001  -2.603792E+000  -1.979742E+001
   30901       9     9.009009    11.627907   1.564251E-010   4.301242E+001   6.852683E+001   7.884227E+001  -4.301242E+001  -1.031544E+001  -3.269697E+001
   30901      10     8.695652     9.009009   4.121314E-012   9.384462E+000   1.439483E-001   9.430915E+000  -9.384462E+000  -9.286967E+000  -9.749477E-002
   30901      11     8.333333     8.695652  -1.520756E-011   1.031887E+001   8.936521E-001   1.066484E+001  -1.031887E+001  -9.771188E+000  -5.476827E-001
   30901      12     7.633588     8.333333  -8.253676E-012   9.064272E+000   1.571797E+001   1.946707E+001  -9.064272E+000  -3.749104E+000  -5.315169E+000
   30901      13     7.042254     7.633588  -8.761880E-012   5.393479E+000   1.295107E+001   1.474775E+001  -5.393479E+000  -1.796678E+000  -3.596801E+000
   30901      14     6.451613     7.042254  -2.256972E-012   9.336597E+000   5.627122E+000   1.261317E+001  -9.336597E+000  -6.986044E+000  -2.350553E+000
   30901      15     5.464481     6.451613   6.168871E-012   1.524166E+001   1.979461E-002   1.525547E+001  -1.524166E+001  -1.523567E+001  -5.991073E-003
   30901      16     4.950495     5.464481   6.767677E-013   1.610614E+000   3.770117E+000   4.879374E+000  -1.610614E+000  -1.109257E+000  -5.013576E-001
   30901      17     3.333333     4.950495  -1.501212E-013   6.107368E-001   4.603537E+000   5.165138E+000  -6.107368E-001  -5.616013E-001  -4.913549E-002
   31001       1    40.000000 10000.000000   6.149108E-010   2.241552E+001   1.719520E+001   2.508286E+001  -2.241552E+001  -7.887661E+000  -1.452786E+001
   31001       2    29.411765    40.000000  -3.337828E-010   2.743840E+001   4.534651E-002   2.744442E+001  -2.743840E+001  -2.739907E+001  -3.932267E-002
   31001       3    25.000000    29.411765   3.210943E-011   2.293878E+001   2.761125E-001   2.298097E+001  -2.293878E+001  -2.270486E+001  -2.339206E-001
   31001       4    20.833333    25.000000   1.073115E-010   3.384449E+001   4.928233E+000   3.473875E+001  -3.384449E+001  -2.981051E+001  -4.033977E+000
   31001       5    19.230769    20.833333  -9.758860E-011   1.489311E+001   1.426048E+001   1.849842E+001  -1.489311E+001  -4.237938E+000  -1.065518E+001
   31001       6    17.543860    19.230769   1.277645E-011   1.335028E+001   2.300425E+001   2.364748E+001  -1.335028E+001  -6.432323E-001  -1.270705E+001
   31001       7    13.333333    17.543860   2.895639E-010   1.639071E+001   8.344213E+001   8.354845E+001  -1.639071E+001  -1.063178E-001  -1.628440E+001
   31001       8    11.627907    13.333333   1.547500E-010   2.187522E+001   4.254507E+001   4.538636E+001  -2.187522E+001  -2.841282E+000  -1.903394E+001
   31001       9     9.009009    11.627907   1.556302E-010   4.208116E+001   6.760131E+001   7.864778E+001  -4.208116E+001  -1.104647E+001  -3.103469E+001
   31001      10     8.695652     9.009009   4.096889E-012   9.356322E+000   1.368034E-001   9.404154E+000  -9.356322E+000  -9.267351E+000  -8.897097E-002
   31001      11     8.333333     8.695652  -1.511391E-011   1.026699E+001   8.654690E-001   1.063348E+001  -1.026699E+001  -9.768009E+000  -4.989829E-001
   31001      12     7.633588     8.333333  -8.199663E-012   8.692675E+000   1.546502E+001   1.940599E+001  -8.692675E+000  -3.940970E+000  -4.751705E+000
   31001      13     7.042254     7.633588  -8.699763E-012   5.096753E+000   1.275817E+001   1.469754E+001  -5.096753E+000  -1.939373E+000  -3.157379E+000
   31001      14     6.451613     7.042254  -2.239681E-012   9.124303E+000   5.481606E+000   1.256663E+001  -9.124303E+000  -7.085029E+000  -2.039274E+000
   31001      15     5.464481     6.451613   6.116330E-012   1.517807E+001   1.860976E-002   1.519214E+001  -1.517807E+001  -1.517353E+001  -4.533368E-003
   31001      16     4.950495     5.464481   6.701740E-013   1.537391E+000   3.685865E+000   4.856224E+000  -1.537391E+000  -1.170359E+000  -3.670317E-001
   31001      17     3.333333     4.950495  -1.484741E-013   5.738266E-001   4.545184E+000   5.136236E+000  -5.738266E-001  -5.910516E-001   1.722497E-002
   31101       1    40.000000 10000.000000   6.143068E-010   2.225797E+001   1.712964E+001   2.506239E+001  -2.225797E+001  -7.932755E+000  -1.432522E+001
   31101       2    29.411765    40.000000  -3.333263E-010   2.741005E+001   4.511906E-002   2.741647E+001  -2.741005E+001  -2.737135E+001  -3.870147E-002
   31101       3    25.000000    29.411765   3.205791E-011   2.290938E+001   2.738899E-001   2.295421E+001  -2.290938E+001  -2.268032E+001  -2.290605E-001
   31101       4    20.833333    25.000000   1.071090E-010   3.375958E+001   4.834279E+000   3.469329E+001  -3.375958E+001  -2.985901E+001  -3.900572E+000
   31101       5    19.230769    20.833333  -9.738299E-011   1.475104E+001   1.403955E+001   1.847186E+001  -1.475104E+001  -4.432312E+000  -1.031873E+001
   31101       6    17.543860    19.230769   1.274625E-011   1.311424E+001   2.291591E+001   2.361134E+001  -1.311424E+001  -6.954315E-001  -1.241881E+001
   31101       7    13.333333    17.543860   2.887770E-010   1.622798E+001   8.328383E+001   8.339850E+001  -1.622798E+001  -1.146704E-001  -1.611331E+001
   31101       8    11.627907    13.333333   1.542397E-010   2.142031E+001   4.222879E+001   4.528915E+001  -2.142031E+001  -3.060356E+000  -1.835995E+001
   31101       9     9.009009    11.627907   1.550178E-010   4.127897E+001   6.673214E+001   7.844633E+001  -4.127897E+001  -1.171418E+001  -2.956478E+001
   31101      10     8.695652     9.009009   4.078071E-012   9.327538E+000   1.305088E-001   9.376435E+000  -9.327538E+000  -9.245926E+000  -8.161162E-002
   31101      11     8.333333     8.695652  -1.504163E-011   1.021628E+001   8.403728E-001   1.060099E+001  -1.021628E+001  -9.760621E+000  -4.556561E-001
   31101      12     7.633588     8.333333  -8.158141E-012   8.370990E+000   1.523138E+001   1.934272E+001  -8.370990E+000  -4.111345E+000  -4.259644E+000
   31101      13     7.042254     7.633588  -8.651940E-012   4.842750E+000   1.257887E+001   1.464554E+001  -4.842750E+000  -2.066665E+000  -2.776085E+000
   31101      14     6.451613     7.042254  -2.226302E-012   8.932840E+000   5.349026E+000   1.251844E+001  -8.932840E+000  -7.169411E+000  -1.763429E+000
   31101      15     5.464481     6.451613   6.075918E-012   1.511228E+001   1.758369E-002   1.512655E+001  -1.511228E+001  -1.510897E+001  -3.313349E-003
   31101      16     4.950495     5.464481   6.651051E-013   1.475287E+000   3.607762E+000   4.832246E+000  -1.475287E+000  -1.224484E+000  -2.508034E-001
   31101      17     3.333333     4.950495  -1.472069E-013   5.434826E-001   4.489245E+000   5.106299E+000  -5.434826E-001  -6.170540E-001   7.357138E-002
   31201       1    40.000000 10000.000000   6.138308E-010   2.211431E+001   1.706789E+001   2.504130E+001  -2.211431E+001  -7.973406E+000  -1.414090E+001
   31201       2    29.411765    40.000000  -3.329657E-010   2.738088E+001   4.490966E-002   2.738766E+001  -2.738088E+001  -2.734275E+001  -3.813290E-002
   31201       3    25.000000    29.411765   3.201972E-011   2.287941E+001   2.718706E-001   2.292664E+001  -2.287941E+001  -2.265477E+001  -2.246422E-001
   31201       4    20.833333    25.000000   1.069527E-010   3.367777E+001   4.749946E+000   3.464645E+001  -3.367777E+001  -2.989650E+001  -3.781273E+000
   31201       5    19.230769    20.833333  -9.722090E-011   1.462331E+001   1.383614E+001   1.844450E+001  -1.462331E+001  -4.608362E+000  -1.001495E+001
   31201       6    17.543860    19.230769   1.272404E-011   1.290653E+001   2.283070E+001   2.357409E+001  -1.290653E+001  -7.433871E-001  -1.216315E+001
   31201       7    13.333333    17.543860   2.881606E-010   1.609488E+001   8.312165E+001   8.324398E+001  -1.609488E+001  -1.223282E-001  -1.597255E+001
   31201       8    11.627907    13.333333   1.538378E-010   2.102336E+001   4.192736E+001   4.518898E+001  -2.102336E+001  -3.261614E+000  -1.776174E+001
   31201       9     9.009009    11.627907   1.545368E-010   4.058189E+001   6.591669E+001   7.823872E+001  -4.058189E+001  -1.232203E+001  -2.825985E+001
   31201      10     8.695652     9.009009   4.063305E-012   9.298164E+000   1.249381E-001   9.347869E+000  -9.298164E+000  -9.222931E+000  -7.523246E-002
   31201      11     8.333333     8.695652  -1.498496E-011   1.016660E+001   8.179646E-001   1.056752E+001  -1.016660E+001  -9.749552E+000  -4.170505E-001
   31201      12     7.633588     8.333333  -8.125500E-012   8.090085E+000   1.501554E+001   1.927753E+001  -8.090085E+000  -4.261987E+000  -3.828098E+000
   31201      13     7.042254     7.633588  -8.614442E-012   4.623307E+000   1.241235E+001   1.459195E+001  -4.623307E+000  -2.179594E+000  -2.443713E+000
   31201      14     6.451613     7.042254  -2.215922E-012   8.759431E+000   5.228129E+000   1.246877E+001  -8.759431E+000  -7.240640E+000  -1.518791E+000
   31201      15     5.464481     6.451613   6.044137E-012   1.504456E+001   1.668747E-002   1.505896E+001  -1.504456E+001  -1.504227E+001  -2.283525E-003
   31201      16     4.950495     5.464481   6.611205E-013   1.421991E+000   3.535473E+000   4.807535E+000  -1.421991E+000  -1.272062E+000  -1.499288E-001
   31201      17     3.333333     4.950495  -1.462086E-013   5.181305E-001   4.435618E+000   5.075448E+000  -5.181305E-001  -6.398292E-001   1.216987E-001
   31301       1    40.000000 10000.000000   6.134506E-010   2.198298E+001   1.700983E+001   2.501966E+001  -2.198298E+001  -8.009831E+000  -1.397315E+001
   31301       2    29.411765    40.000000  -3.326832E-010   2.735100E+001   4.471678E-002   2.735811E+001  -2.735100E+001  -2.731339E+001  -3.761266E-002
   31301       3    25.000000    29.411765   3.198686E-011   2.284894E+001   2.700335E-001   2.289835E+001  -2.284894E+001  -2.262831E+001  -2.206250E-001
   31301       4    20.833333    25.000000   1.068230E-010   3.359867E+001   4.674121E+000   3.459839E+001  -3.359867E+001  -2.992427E+001  -3.674407E+000
   31301       5    19.230769    20.833333  -9.709122E-011   1.450779E+001   1.364901E+001   1.841643E+001  -1.450779E+001  -4.767417E+000  -9.740378E+000
   31301       6    17.543860    19.230769   1.270539E-011   1.272212E+001   2.274861E+001   2.353588E+001  -1.272212E+001  -7.872660E-001  -1.193485E+001
   31301       7    13.333333    17.543860   2.876686E-010   1.598470E+001   8.295604E+001   8.308544E+001  -1.598470E+001  -1.294076E-001  -1.585530E+001
   31301       8    11.627907    13.333333   1.535168E-010   2.067376E+001   4.164056E+001   4.508620E+001  -2.067376E+001  -3.445643E+000  -1.722811E+001
   31301       9     9.009009    11.627907   1.541522E-010   3.997056E+001   6.515283E+001   7.802573E+001  -3.997056E+001  -1.287290E+001  -2.709766E+001
   31301      10     8.695652     9.009009   4.051426E-012   9.268257E+000   1.199947E-001   9.318562E+000  -9.268257E+000  -9.198568E+000  -6.968933E-002
   31301      11     8.333333     8.695652  -1.493961E-011   1.011783E+001   7.979405E-001   1.053317E+001  -1.011783E+001  -9.735231E+000  -3.826004E-001
   31301      12     7.633588     8.333333  -8.099299E-012   7.843036E+000   1.481604E+001   1.921063E+001  -7.843036E+000  -4.394597E+000  -3.448440E+000
   31301      13     7.042254     7.633588  -8.584383E-012   4.432264E+000   1.225770E+001   1.453696E+001  -4.432264E+000  -2.279264E+000  -2.153000E+000
   31301      14     6.451613     7.042254  -2.207484E-012   8.601652E+000   5.117831E+000   1.241781E+001  -8.601652E+000  -7.299980E+000  -1.301672E+000
   31301      15     5.464481     6.451613   6.018699E-012   1.497512E+001   1.590019E-002   1.498961E+001  -1.497512E+001  -1.497371E+001  -1.410065E-003
   31301      16     4.950495     5.464481   6.579286E-013   1.375800E+000   3.468618E+000   4.782183E+000  -1.375800E+000  -1.313565E+000  -6.223503E-002
   31301      17     3.333333     4.950495  -1.454132E-013   4.966953E-001   4.384457E+000   5.043796E+000  -4.966953E-001  -6.593393E-001   1.626440E-001
   31401       1    40.000000 10000.000000   6.131398E-010   2.186266E+001   1.695524E+001   2.499754E+001  -2.186266E+001  -8.042299E+000  -1.382036E+001
   31401       2    29.411765    40.000000  -3.324434E-010   2.732050E+001   4.453910E-002   2.732790E+001  -2.732050E+001  -2.728336E+001  -3.713696E-002
   31401       3    25.000000    29.411765   3.195932E-011   2.281804E+001   2.683611E-001   2.286943E+001  -2.281804E+001  -2.260107E+001  -2.169747E-001
   31401       4    20.833333    25.000000   1.067200E-010   3.352196E+001   4.605812E+000   3.454927E+001  -3.352196E+001  -2.994346E+001  -3.578507E+000
   31401       5    19.230769    20.833333  -9.698464E-011   1.440282E+001   1.347688E+001   1.838774E+001  -1.440282E+001  -4.910856E+000  -9.491962E+000
   31401       6    17.543860    19.230769   1.269029E-011   1.255725E+001   2.266938E+001   2.349683E+001  -1.255725E+001  -8.274497E-001  -1.172980E+001
   31401       7    13.333333    17.543860   2.872707E-010   1.589137E+001   8.278740E+001   8.292342E+001  -1.589137E+001  -1.360252E-001  -1.575535E+001
   31401       8    11.627907    13.333333   1.532552E-010   2.036332E+001   4.136757E+001   4.498117E+001  -2.036332E+001  -3.613597E+000  -1.674973E+001
   31401       9     9.009009    11.627907   1.538392E-010   3.943033E+001   6.443719E+001   7.780805E+001  -3.943033E+001  -1.337086E+001  -2.605947E+001
   31401      10     8.695652     9.009009   4.041767E-012   9.237874E+000   1.155940E-001   9.288610E+000  -9.237874E+000  -9.173016E+000  -6.485830E-002
   31401      11     8.333333     8.695652  -1.490258E-011   1.006990E+001   7.799916E-001   1.049807E+001  -1.006990E+001  -9.718078E+000  -3.518218E-001
   31401      12     7.633588     8.333333  -8.078149E-012   7.624504E+000   1.463137E+001   1.914227E+001  -7.624504E+000  -4.510898E+000  -3.113606E+000
   31401      13     7.042254     7.633588  -8.559875E-012   4.264898E+000   1.211386E+001   1.448077E+001  -4.264898E+000  -2.366912E+000  -1.897987E+000
   31401      14     6.451613     7.042254  -2.200712E-012   8.457507E+000   5.017082E+000   1.236573E+001  -8.457507E+000  -7.348649E+000  -1.108858E+000
   31401      15     5.464481     6.451613   5.997994E-012   1.490420E+001   1.520643E-002   1.491874E+001  -1.490420E+001  -1.490353E+001  -6.691694E-004
   31401      16     4.950495     5.464481   6.553352E-013   1.335474E+000   3.406596E+000   4.756273E+000  -1.335474E+000  -1.349677E+000   1.420298E-002
   31401      17     3.333333     4.950495  -1.447618E-013   4.783132E-001   4.335679E+000   5.011447E+000  -4.783132E-001  -6.757685E-001   1.974552E-001
   31501       1    40.000000 10000.000000   6.128840E-010   2.175217E+001   1.690393E+001   2.497502E+001  -2.175217E+001  -8.071090E+000  -1.368108E+001
   31501       2    29.411765    40.000000  -3.322516E-010   2.728946E+001   4.437532E-002   2.729713E+001  -2.728946E+001  -2.725276E+001  -3.670212E-002
   31501       3    25.000000    29.411765   3.193801E-011   2.278680E+001   2.668322E-001   2.283998E+001  -2.278680E+001  -2.257315E+001  -2.136497E-001
   31501       4    20.833333    25.000000   1.066383E-010   3.344743E+001   4.544106E+000   3.449924E+001  -3.344743E+001  -2.995513E+001  -3.492294E+000
   31501       5    19.230769    20.833333  -9.689716E-011   1.430720E+001   1.331844E+001   1.835851E+001  -1.430720E+001  -5.040074E+000  -9.267126E+000
   31501       6    17.543860    19.230769   1.267786E-011   1.240993E+001   2.259314E+001   2.345705E+001  -1.240993E+001  -8.639071E-001  -1.154603E+001
   31501       7    13.333333    17.543860   2.869385E-010   1.581207E+001   8.261635E+001   8.275838E+001  -1.581207E+001  -1.420308E-001  -1.567003E+001
   31501       8    11.627907    13.333333   1.530389E-010   2.008761E+001   4.110796E+001   4.487418E+001  -2.008761E+001  -3.766212E+000  -1.632140E+001
   31501       9     9.009009    11.627907   1.535794E-010   3.895165E+001   6.376667E+001   7.758632E+001  -3.895165E+001  -1.381965E+001  -2.513200E+001
   31501      10     8.695652     9.009009   4.033829E-012   9.207071E+000   1.116602E-001   9.258101E+000  -9.207071E+000  -9.146441E+000  -6.063054E-002
   31501      11     8.333333     8.695652  -1.487221E-011   1.002275E+001   7.638656E-001   1.046232E+001  -1.002275E+001  -9.698450E+000  -3.243003E-001
   31501      12     7.633588     8.333333  -8.060441E-012   7.430376E+000   1.446024E+001   1.907264E+001  -7.430376E+000  -4.612402E+000  -2.817974E+000
   31501      13     7.042254     7.633588  -8.539724E-012   4.117648E+000   1.197997E+001   1.442353E+001  -4.117648E+000  -2.443563E+000  -1.674084E+000
   31501      14     6.451613     7.042254  -2.195050E-012   8.325335E+000   4.924938E+000   1.231268E+001  -8.325335E+000  -7.387745E+000  -9.375900E-001
   31501      15     5.464481     6.451613   5.980910E-012   1.483200E+001   1.459292E-002   1.484655E+001  -1.483200E+001  -1.483196E+001  -4.087631E-005
   31501      16     4.950495     5.464481   6.531893E-013   1.300107E+000   3.349035E+000   4.729882E+000  -1.300107E+000  -1.380847E+000   8.073966E-002
   31501      17     3.333333     4.950495  -1.442275E-013   4.624335E-001   4.288723E+000   4.978497E+000  -4.624335E-001  -6.897744E-001   2.273408E-001
   31601       1    40.000000 10000.000000   6.126726E-010   2.165047E+001   1.685565E+001   2.495214E+001  -2.165047E+001  -8.096486E+000  -1.355399E+001
   31601       2    29.411765    40.000000  -3.320899E-010   2.725796E+001   4.422402E-002   2.726588E+001  -2.725796E+001  -2.722166E+001  -3.630440E-002
   31601       3    25.000000    29.411765   3.191847E-011   2.275525E+001   2.654316E-001   2.281006E+001  -2.275525E+001  -2.254463E+001  -2.106199E-001
   31601       4    20.833333    25.000000   1.065636E-010   3.337487E+001   4.488177E+000   3.444843E+001  -3.337487E+001  -2.996025E+001  -3.414619E+000
   31601       5    19.230769    20.833333  -9.682521E-011   1.421982E+001   1.317231E+001   1.832883E+001  -1.421982E+001  -5.156522E+000  -9.063295E+000
   31601       6    17.543860    19.230769   1.266720E-011   1.227770E+001   2.251966E+001   2.341664E+001  -1.227770E+001  -8.969807E-001  -1.138072E+001
   31601       7    13.333333    17.543860   2.866578E-010   1.574404E+001   8.244329E+001   8.259077E+001  -1.574404E+001  -1.474792E-001  -1.559656E+001
   31601       8    11.627907    13.333333   1.528591E-010   1.984146E+001   4.086072E+001   4.476551E+001  -1.984146E+001  -3.904793E+000  -1.593667E+001
   31601       9     9.009009    11.627907   1.533640E-010   3.852498E+001   6.313720E+001   7.736113E+001  -3.852498E+001  -1.422393E+001  -2.430105E+001
   31601      10     8.695652     9.009009   4.027223E-012   9.175905E+000   1.081306E-001   9.227115E+000  -9.175905E+000  -9.118984E+000  -5.692062E-002
   31601      11     8.333333     8.695652  -1.484662E-011   9.976315E+000   7.493214E-001   1.042600E+001  -9.976315E+000  -9.676681E+000  -2.996347E-001
   31601      12     7.633588     8.333333  -8.045842E-012   7.256872E+000   1.430116E+001   1.900192E+001  -7.256872E+000  -4.700753E+000  -2.556119E+000
   31601      13     7.042254     7.633588  -8.522766E-012   3.987169E+000   1.185491E+001   1.436539E+001  -3.987169E+000  -2.510486E+000  -1.476683E+000
   31601      14     6.451613     7.042254  -2.190359E-012   8.203597E+000   4.840449E+000   1.225881E+001  -8.203597E+000  -7.418356E+000  -7.852412E-001
   31601      15     5.464481     6.451613   5.966616E-012   1.475869E+001   1.404709E-002   1.477323E+001  -1.475869E+001  -1.475918E+001   4.943179E-004
   31601      16     4.950495     5.464481   6.513973E-013   1.268826E+000   3.295412E+000   4.703077E+000  -1.268826E+000  -1.407665E+000   1.388389E-001
   31601      17     3.333333     4.950495  -1.437791E-013   4.485358E-001   4.243379E+000   4.945032E+000  -4.485358E-001  -7.016536E-001   2.531178E-001
   31701       1    40.000000 10000.000000   6.124896E-010   2.155664E+001   1.681020E+001   2.492896E+001  -2.155664E+001  -8.118758E+000  -1.343788E+001
   31701       2    29.411765    40.000000  -3.319602E-010   2.722608E+001   4.408393E-002   2.723423E+001  -2.722608E+001  -2.719014E+001  -3.594028E-002
   31701       3    25.000000    29.411765   3.190159E-011   2.272347E+001   2.641446E-001   2.277976E+001  -2.272347E+001  -2.251562E+001  -2.078559E-001
   31701       4    20.833333    25.000000   1.065068E-010   3.330407E+001   4.437273E+000   3.439695E+001  -3.330407E+001  -2.995968E+001  -3.344395E+000
   31701       5    19.230769    20.833333  -9.676304E-011   1.413963E+001   1.303723E+001   1.829876E+001  -1.413963E+001  -5.261539E+000  -8.878086E+000
   31701       6    17.543860    19.230769   1.265921E-011   1.215858E+001   2.244878E+001   2.337571E+001  -1.215858E+001  -9.269302E-001  -1.123165E+001
   31701       7    13.333333    17.543860   2.864287E-010   1.568545E+001   8.226855E+001   8.242096E+001  -1.568545E+001  -1.524111E-001  -1.553303E+001
   31701       8    11.627907    13.333333   1.527058E-010   1.962093E+001   4.062495E+001   4.465543E+001  -1.962093E+001  -4.030487E+000  -1.559044E+001
   31701       9     9.009009    11.627907   1.531815E-010   3.814263E+001   6.254517E+001   7.713299E+001  -3.814263E+001  -1.458782E+001  -2.355481E+001
   31701      10     8.695652     9.009009   4.021505E-012   9.144426E+000   1.049491E-001   9.195724E+000  -9.144426E+000  -9.090775E+000  -5.365041E-002
   31701      11     8.333333     8.695652  -1.482509E-011   9.930573E+000   7.361449E-001   1.038921E+001  -9.930573E+000  -9.653070E+000  -2.775037E-001
   31701      12     7.633588     8.333333  -8.033407E-012   7.101003E+000   1.415289E+001   1.893027E+001  -7.101003E+000  -4.777379E+000  -2.323624E+000
   31701      13     7.042254     7.633588  -8.508555E-012   3.871021E+000   1.173782E+001   1.430650E+001  -3.871021E+000  -2.568680E+000  -1.302341E+000
   31701      14     6.451613     7.042254  -2.186362E-012   8.091013E+000   4.762725E+000   1.220422E+001  -8.091013E+000  -7.441500E+000  -6.495131E-001
   31701      15     5.464481     6.451613   5.954529E-012   1.468444E+001   1.355812E-002   1.469895E+001  -1.468444E+001  -1.468540E+001   9.534017E-004
   31701      16     4.950495     5.464481   6.498795E-013   1.240904E+000   3.245331E+000   4.675923E+000  -1.240904E+000  -1.430592E+000   1.896873E-001
   31701      17     3.333333     4.950495  -1.434018E-013   4.363264E-001   4.199540E+000   4.911130E+000  -4.363264E-001  -7.115897E-001   2.752633E-001
   31801       1    40.000000 10000.000000   6.123386E-010   2.146987E+001   1.676733E+001   2.490553E+001  -2.146987E+001  -8.138193E+000  -1.333167E+001
   31801       2    29.411765    40.000000  -3.318394E-010   2.719388E+001   4.395413E-002   2.720223E+001  -2.719388E+001  -2.715827E+001  -3.560696E-002
   31801       3    25.000000    29.411765   3.188916E-011   2.269150E+001   2.629598E-001   2.274913E+001  -2.269150E+001  -2.248617E+001  -2.053323E-001
   31801       4    20.833333    25.000000   1.064535E-010   3.323486E+001   4.390794E+000   3.434491E+001  -3.323486E+001  -2.995412E+001  -3.280743E+000
   31801       5    19.230769    20.833333  -9.671108E-011   1.406563E+001   1.291205E+001   1.826837E+001  -1.406563E+001  -5.356322E+000  -8.709304E+000
   31801       6    17.543860    19.230769   1.265121E-011   1.205074E+001   2.238024E+001   2.333434E+001  -1.205074E+001  -9.540971E-001  -1.109665E+001
   31801       7    13.333333    17.543860   2.862262E-010   1.563456E+001   8.209243E+001   8.224932E+001  -1.563456E+001  -1.568833E-001  -1.547767E+001
   31801       8    11.627907    13.333333   1.525748E-010   1.942194E+001   4.039960E+001   4.454416E+001  -1.942194E+001  -4.144559E+000  -1.527739E+001
   31801       9     9.009009    11.627907   1.530247E-010   3.779693E+001   6.198682E+001   7.690239E+001  -3.779693E+001  -1.491557E+001  -2.288137E+001
   31801      10     8.695652     9.009009   4.016731E-012   9.112683E+000   1.020705E-001   9.163994E+000  -9.112683E+000  -9.061923E+000  -5.075924E-002
   31801      11     8.333333     8.695652  -1.480682E-011   9.885482E+000   7.241546E-001   1.035203E+001  -9.885482E+000  -9.627874E+000  -2.576081E-001
   31801      12     7.633588     8.333333  -8.022805E-012   6.960285E+000   1.401439E+001   1.885785E+001  -6.960285E+000  -4.843461E+000  -2.116824E+000
   31801      13     7.042254     7.633588  -8.496315E-012   3.767141E+000   1.162798E+001   1.424697E+001  -3.767141E+000  -2.618992E+000  -1.148149E+000
   31801      14     6.451613     7.042254  -2.183032E-012   7.986560E+000   4.691022E+000   1.214905E+001  -7.986560E+000  -7.458030E+000  -5.285296E-001
   31801      15     5.464481     6.451613   5.944217E-012   1.460941E+001   1.311851E-002   1.462387E+001  -1.460941E+001  -1.461075E+001   1.347519E-003
   31801      16     4.950495     5.464481   6.485888E-013   1.215853E+000   3.198503E+000   4.648474E+000  -1.215853E+000  -1.449972E+000   2.341191E-001
   31801      17     3.333333     4.950495  -1.430765E-013   4.254727E-001   4.157084E+000   4.876861E+000  -4.254727E-001  -7.197770E-001   2.943043E-001
   31901       1    40.000000 10000.000000   6.122018E-010   2.138946E+001   1.672685E+001   2.488189E+001  -2.138946E+001  -8.155044E+000  -1.323442E+001
   31901       2    29.411765    40.000000  -3.317364E-010   2.716141E+001   4.383370E-002   2.716995E+001  -2.716141E+001  -2.712611E+001  -3.530182E-002
   31901       3    25.000000    29.411765   3.187672E-011   2.265938E+001   2.618657E-001   2.271823E+001  -2.265938E+001  -2.245636E+001  -2.030248E-001
   31901       4    20.833333    25.000000   1.064073E-010   3.316715E+001   4.348284E+000   3.429242E+001  -3.316715E+001  -2.994414E+001  -3.223019E+000
   31901       5    19.230769    20.833333  -9.666445E-011   1.399739E+001   1.279595E+001   1.823771E+001  -1.399739E+001  -5.441761E+000  -8.555626E+000
   31901       6    17.543860    19.230769   1.264500E-011   1.195302E+001   2.231389E+001   2.329260E+001  -1.195302E+001  -9.787069E-001  -1.097431E+001
   31901       7    13.333333    17.543860   2.860538E-010   1.559016E+001   8.191521E+001   8.207615E+001  -1.559016E+001  -1.609338E-001  -1.542923E+001
   31901       8    11.627907    13.333333   1.524634E-010   1.924230E+001   4.018400E+001   4.443190E+001  -1.924230E+001  -4.247895E+000  -1.499441E+001
   31901       9     9.009009    11.627907   1.528915E-010   3.748495E+001   6.145971E+001   7.666973E+001  -3.748495E+001  -1.521002E+001  -2.227493E+001
   31901      10     8.695652     9.009009   4.012624E-012   9.080718E+000   9.945636E-002   9.131982E+000  -9.080718E+000  -9.032525E+000  -4.819254E-002
   31901      11     8.333333     8.695652  -1.479084E-011   9.840920E+000   7.132901E-001   1.031451E+001  -9.840920E+000  -9.601223E+000  -2.396969E-001
   31901      12     7.633588     8.333333  -8.013756E-012   6.833106E+000   1.388450E+001   1.878478E+001  -6.833106E+000  -4.900283E+000  -1.932823E+000
   31901      13     7.042254     7.633588  -8.485823E-012   3.673987E+000   1.152447E+001   1.418691E+001  -3.673987E+000  -2.662440E+000  -1.011547E+000
   31901      14     6.451613     7.042254  -2.180089E-012   7.889178E+000   4.624817E+000   1.209339E+001  -7.889178E+000  -7.468574E+000  -4.206044E-001
   31901      15     5.464481     6.451613   5.935349E-012   1.453372E+001   1.272245E-002   1.454813E+001  -1.453372E+001  -1.453540E+001   1.684298E-003
   31901      16     4.950495     5.464481   6.474751E-013   1.193364E+000   3.154476E+000   4.620782E+000  -1.193364E+000  -1.466306E+000   2.729419E-001
   31901      17     3.333333     4.950495  -1.427998E-013   4.157669E-001   4.115852E+000   4.842288E+000  -4.157669E-001  -7.264360E-001   3.106691E-001
   32001       1    40.000000 10000.000000   6.120899E-010   2.131478E+001   1.668856E+001   2.485808E+001  -2.131478E+001  -8.169520E+000  -1.314526E+001
   32001       2    29.411765    40.000000  -3.316529E-010   2.712873E+001   4.372166E-002   2.713743E+001  -2.712873E+001  -2.709371E+001  -3.502192E-002
   32001       3    25.000000    29.411765   3.186873E-011   2.262716E+001   2.608545E-001   2.268710E+001  -2.262716E+001  -2.242624E+001  -2.009147E-001
   32001       4    20.833333    25.000000   1.063718E-010   3.310076E+001   4.309276E+000   3.423955E+001  -3.310076E+001  -2.993027E+001  -3.170492E+000
   32001       5    19.230769    20.833333  -9.662671E-011   1.393391E+001   1.268798E+001   1.820682E+001  -1.393391E+001  -5.518847E+000  -8.415068E+000
   32001       6    17.543860    19.230769   1.263967E-011   1.186400E+001   2.224955E+001   2.325056E+001  -1.186400E+001  -1.001011E+000  -1.086299E+001
   32001       7    13.333333    17.543860   2.859064E-010   1.555118E+001   8.173714E+001   8.190173E+001  -1.555118E+001  -1.645977E-001  -1.538658E+001
   32001       8    11.627907    13.333333   1.523675E-010   1.907890E+001   3.997733E+001   4.431883E+001  -1.907890E+001  -4.341506E+000  -1.473740E+001
   32001       9     9.009009    11.627907   1.527751E-010   3.719960E+001   6.096080E+001   7.643541E+001  -3.719960E+001  -1.547461E+001  -2.172499E+001
   32001      10     8.695652     9.009009   4.009071E-012   9.048572E+000   9.707428E-002   9.099739E+000  -9.048572E+000  -9.002665E+000  -4.590736E-002
   32001      11     8.333333     8.695652  -1.477712E-011   9.797008E+000   7.032886E-001   1.027673E+001  -9.797008E+000  -9.573439E+000  -2.235689E-001
   32001      12     7.633588     8.333333  -8.005763E-012   6.717245E+000   1.376256E+001   1.871119E+001  -6.717245E+000  -4.948636E+000  -1.768609E+000
   32001      13     7.042254     7.633588  -8.476775E-012   3.589896E+000   1.142684E+001   1.412642E+001  -3.589896E+000  -2.699580E+000  -8.903160E-001
   32001      14     6.451613     7.042254  -2.177564E-012   7.798238E+000   4.563391E+000   1.203733E+001  -7.798238E+000  -7.473938E+000  -3.243000E-001
   32001      15     5.464481     6.451613   5.927703E-012   1.445750E+001   1.236379E-002   1.447183E+001  -1.445750E+001  -1.445947E+001   1.973550E-003
   32001      16     4.950495     5.464481   6.465176E-013   1.172898E+000   3.113107E+000   4.592891E+000  -1.172898E+000  -1.479784E+000   3.068860E-001
   32001      17     3.333333     4.950495  -1.425587E-013   4.070172E-001   4.075809E+000   4.807466E+000  -4.070172E-001  -7.316562E-001   3.246390E-001
   32101       1    40.000000 10000.000000   6.119905E-010   2.124529E+001   1.665227E+001   2.483414E+001  -2.124529E+001  -8.181868E+000  -1.306342E+001
   32101       2    29.411765    40.000000  -3.315783E-010   2.709588E+001   4.361716E-002   2.710473E+001  -2.709588E+001  -2.706111E+001  -3.476533E-002
   32101       3    25.000000    29.411765   3.185985E-011   2.259486E+001   2.599135E-001   2.265580E+001  -2.259486E+001  -2.239588E+001  -1.989795E-001
   32101       4    20.833333    25.000000   1.063345E-010   3.303568E+001   4.273209E+000   3.418637E+001  -3.303568E+001  -2.991316E+001  -3.122514E+000
   32101       5    19.230769    20.833333  -9.659162E-011   1.387511E+001   1.258695E+001   1.817576E+001  -1.387511E+001  -5.588811E+000  -8.286303E+000
   32101       6    17.543860    19.230769   1.263523E-011   1.178288E+001   2.218695E+001   2.320828E+001  -1.178288E+001  -1.021335E+000  -1.076154E+001
   32101       7    13.333333    17.543860   2.857785E-010   1.551675E+001   8.155840E+001   8.172633E+001  -1.551675E+001  -1.679299E-001  -1.534882E+001
   32101       8    11.627907    13.333333   1.522826E-010   1.893045E+001   3.977840E+001   4.420512E+001  -1.893045E+001  -4.426723E+000  -1.450373E+001
   32101       9     9.009009    11.627907   1.526739E-010   3.694039E+001   6.048603E+001   7.619975E+001  -3.694039E+001  -1.571372E+001  -2.122667E+001
   32101      10     8.695652     9.009009   4.005962E-012   9.016289E+000   9.489030E-002   9.067314E+000  -9.016289E+000  -8.972424E+000  -4.386537E-002
   32101      11     8.333333     8.695652  -1.476530E-011   9.753594E+000   6.941257E-001   1.023873E+001  -9.753594E+000  -9.544602E+000  -2.089919E-001
   32101      12     7.633588     8.333333  -7.998990E-012   6.611779E+000   1.364741E+001   1.863719E+001  -6.611779E+000  -4.989778E+000  -1.622001E+000
   32101      13     7.042254     7.633588  -8.468948E-012   3.514021E+000   1.133425E+001   1.406559E+001  -3.514021E+000  -2.731336E+000  -7.826854E-001
   32101      14     6.451613     7.042254  -2.175399E-012   7.712874E+000   4.506252E+000   1.198095E+001  -7.712874E+000  -7.474697E+000  -2.381767E-001
   32101      15     5.464481     6.451613   5.921069E-012   1.438085E+001   1.203688E-002   1.439511E+001  -1.438085E+001  -1.438307E+001   2.222803E-003
   32101      16     4.950495     5.464481   6.456814E-013   1.154330E+000   3.073971E+000   4.564842E+000  -1.154330E+000  -1.490871E+000   3.365415E-001
   32101      17     3.333333     4.950495  -1.423505E-013   3.990927E-001   4.036776E+000   4.772446E+000  -3.990927E-001  -7.356704E-001   3.365777E-001
   32201       1    40.000000 10000.000000   6.119034E-010   2.118048E+001   1.661784E+001   2.481009E+001  -2.118048E+001  -8.192250E+000  -1.298823E+001
   32201       2    29.411765    40.000000  -3.315108E-010   2.706290E+001   4.351973E-002   2.707189E+001  -2.706290E+001  -2.702837E+001  -3.452977E-002
   32201       3    25.000000    29.411765   3.185185E-011   2.256252E+001   2.590426E-001   2.262436E+001  -2.256252E+001  -2.236531E+001  -1.972096E-001
   32201       4    20.833333    25.000000   1.063061E-010   3.297170E+001   4.240033E+000   3.413297E+001  -3.297170E+001  -2.989293E+001  -3.078766E+000
   32201       5    19.230769    20.833333  -9.656231E-011   1.382003E+001   1.249282E+001   1.814457E+001  -1.382003E+001  -5.651744E+000  -8.168283E+000
   32201       6    17.543860    19.230769   1.262990E-011   1.170860E+001   2.212604E+001   2.316582E+001  -1.170860E+001  -1.039776E+000  -1.066882E+001
   32201       7    13.333333    17.543860   2.856630E-010   1.548621E+001   8.137920E+001   8.155016E+001  -1.548621E+001  -1.709534E-001  -1.531526E+001
   32201       8    11.627907    13.333333   1.522098E-010   1.879441E+001   3.958711E+001   4.409091E+001  -1.879441E+001  -4.503804E+000  -1.429061E+001
   32201       9     9.009009    11.627907   1.525855E-010   3.670082E+001   6.003516E+001   7.596306E+001  -3.670082E+001  -1.592791E+001  -2.077292E+001
   32201      10     8.695652     9.009009   4.003242E-012   8.983893E+000   9.288932E-002   9.034746E+000  -8.983893E+000  -8.941856E+000  -4.203657E-002
   32201      11     8.333333     8.695652  -1.475486E-011   9.710748E+000   6.856737E-001   1.020056E+001  -9.710748E+000  -9.514886E+000  -1.958615E-001
   32201      12     7.633588     8.333333  -7.993051E-012   6.515079E+000   1.353868E+001   1.856285E+001  -6.515079E+000  -5.024179E+000  -1.490901E+000
   32201      13     7.042254     7.633588  -8.462037E-012   3.445053E+000   1.124630E+001   1.400448E+001  -3.445053E+000  -2.758180E+000  -6.868731E-001
   32201      14     6.451613     7.042254  -2.173456E-012   7.632642E+000   4.453024E+000   1.192432E+001  -7.632642E+000  -7.471297E+000  -1.613448E-001
   32201      15     5.464481     6.451613   5.915171E-012   1.430387E+001   1.173926E-002   1.431804E+001  -1.430387E+001  -1.430631E+001   2.435936E-003
   32201      16     4.950495     5.464481   6.449459E-013   1.137273E+000   3.036909E+000   4.536669E+000  -1.137273E+000  -1.499760E+000   3.624867E-001
   32201      17     3.333333     4.950495  -1.421684E-013   3.918510E-001   3.998676E+000   4.737272E+000  -3.918510E-001  -7.385964E-001   3.467453E-001
   32301       1    40.000000 10000.000000   6.118270E-010   2.111993E+001   1.658510E+001   2.478597E+001  -2.111993E+001  -8.200867E+000  -1.291906E+001
   32301       2    29.411765    40.000000  -3.314504E-010   2.702982E+001   4.342840E-002   2.703894E+001  -2.702982E+001  -2.699551E+001  -3.431349E-002
   32301       3    25.000000    29.411765   3.184475E-011   2.253017E+001   2.582274E-001   2.259281E+001  -2.253017E+001  -2.233459E+001  -1.955828E-001
   32301       4    20.833333    25.000000   1.062794E-010   3.290888E+001   4.209122E+000   3.407939E+001  -3.290888E+001  -2.987026E+001  -3.038612E+000
   32301       5    19.230769    20.833333  -9.653567E-011   1.376881E+001   1.240421E+001   1.811327E+001  -1.376881E+001  -5.709058E+000  -8.059748E+000
   32301       6    17.543860    19.230769   1.262723E-011   1.164065E+001   2.206669E+001   2.312322E+001  -1.164065E+001  -1.056523E+000  -1.058413E+001
   32301       7    13.333333    17.543860   2.855653E-010   1.545906E+001   8.119971E+001   8.137341E+001  -1.545906E+001  -1.737004E-001  -1.528536E+001
   32301       8    11.627907    13.333333   1.521445E-010   1.867035E+001   3.940237E+001   4.397633E+001  -1.867035E+001  -4.573963E+000  -1.409639E+001
   32301       9     9.009009    11.627907   1.525073E-010   3.648226E+001   5.960409E+001   7.572561E+001  -3.648226E+001  -1.612151E+001  -2.036075E+001
   32301      10     8.695652     9.009009   4.000800E-012   8.951425E+000   9.103995E-002   9.002073E+000  -8.951425E+000  -8.911033E+000  -4.039178E-002
   32301      11     8.333333     8.695652  -1.474576E-011   9.668368E+000   6.778603E-001   1.016227E+001  -9.668368E+000  -9.484410E+000  -1.839580E-001
   32301      12     7.633588     8.333333  -7.987833E-012   6.426515E+000   1.343551E+001   1.848828E+001  -6.426515E+000  -5.052770E+000  -1.373746E+000
   32301      13     7.042254     7.633588  -8.455930E-012   3.382451E+000   1.116256E+001   1.394319E+001  -3.382451E+000  -2.780628E+000  -6.018227E-001
   32301      14     6.451613     7.042254  -2.171735E-012   7.556854E+000   4.403231E+000   1.186751E+001  -7.556854E+000  -7.464279E+000  -9.257501E-002
   32301      15     5.464481     6.451613   5.910022E-012   1.422665E+001   1.146583E-002   1.424073E+001  -1.422665E+001  -1.422927E+001   2.619516E-003
   32301      16     4.950495     5.464481   6.442989E-013   1.121648E+000   3.001710E+000   4.508405E+000  -1.121648E+000  -1.506695E+000   3.850463E-001
   32301      17     3.333333     4.950495  -1.420053E-013   3.852416E-001   3.961472E+000   4.701985E+000  -3.852416E-001  -7.405128E-001   3.552712E-001
   32401       1    40.000000 10000.000000   6.117595E-010   2.106326E+001   1.655394E+001   2.476181E+001  -2.106326E+001  -8.207867E+000  -1.285539E+001
   32401       2    29.411765    40.000000  -3.314007E-010   2.699669E+001   4.334306E-002   2.700592E+001  -2.699669E+001  -2.696258E+001  -3.411487E-002
   32401       3    25.000000    29.411765   3.183942E-011   2.249801E+001   2.574694E-001   2.256139E+001  -2.249801E+001  -2.230392E+001  -1.940894E-001
   32401       4    20.833333    25.000000   1.062563E-010   3.284715E+001   4.180527E+000   3.402586E+001  -3.284715E+001  -2.984533E+001  -3.001812E+000
   32401       5    19.230769    20.833333  -9.651302E-011   1.372049E+001   1.232126E+001   1.808209E+001  -1.372049E+001  -5.760836E+000  -7.959650E+000
   32401       6    17.543860    19.230769   1.262368E-011   1.157814E+001   2.200894E+001   2.308073E+001  -1.157814E+001  -1.071786E+000  -1.050635E+001
   32401       7    13.333333    17.543860   2.854801E-010   1.543480E+001   8.102189E+001   8.119805E+001  -1.543480E+001  -1.761562E-001  -1.525864E+001
   32401       8    11.627907    13.333333   1.520859E-010   1.855590E+001   3.922478E+001   4.386317E+001  -1.855590E+001  -4.638387E+000  -1.391751E+001
   32401       9     9.009009    11.627907   1.524390E-010   3.627849E+001   5.919372E+001   7.549210E+001  -3.627849E+001  -1.629839E+001  -1.998011E+001
   32401      10     8.695652     9.009009   3.998690E-012   8.919661E+000   8.933387E-002   8.970097E+000  -8.919661E+000  -8.880764E+000  -3.889743E-002
   32401      11     8.333333     8.695652  -1.473749E-011   9.627337E+000   6.705923E-001   1.012481E+001  -9.627337E+000  -9.454219E+000  -1.731185E-001
   32401      12     7.633588     8.333333  -7.982948E-012   6.344975E+000   1.333779E+001   1.841561E+001  -6.344975E+000  -5.077824E+000  -1.267151E+000
   32401      13     7.042254     7.633588  -8.450518E-012   3.325313E+000   1.108276E+001   1.388366E+001  -3.325313E+000  -2.800895E+000  -5.244184E-001
   32401      14     6.451613     7.042254  -2.170208E-012   7.486006E+000   4.356607E+000   1.181250E+001  -7.486006E+000  -7.455894E+000  -3.011170E-002
   32401      15     5.464481     6.451613   5.905457E-012   1.415237E+001   1.121521E-002   1.416636E+001  -1.415237E+001  -1.415515E+001   2.781651E-003
   32401      16     4.950495     5.464481   6.437247E-013   1.107291E+000   2.968379E+000   4.481434E+000  -1.107291E+000  -1.513055E+000   4.057639E-001
   32401      17     3.333333     4.950495  -1.418613E-013   3.792358E-001   3.925980E+000   4.668699E+000  -3.792358E-001  -7.427187E-001   3.634830E-001
   32501       1    40.000000 10000.000000   6.116956E-010   2.101014E+001   1.652431E+001   2.473763E+001  -2.101014E+001  -8.213317E+000  -1.279682E+001
   32501       2    29.411765    40.000000  -3.313545E-010   2.696352E+001   4.326304E-002   2.697285E+001  -2.696352E+001  -2.692958E+001  -3.393277E-002
   32501       3    25.000000    29.411765   3.183231E-011   2.246601E+001   2.567600E-001   2.253006E+001  -2.246601E+001  -2.227330E+001  -1.927167E-001
   32501       4    20.833333    25.000000   1.062368E-010   3.278653E+001   4.153911E+000   3.397239E+001  -3.278653E+001  -2.981848E+001  -2.968054E+000
   32501       5    19.230769    20.833333  -9.649170E-011   1.367526E+001   1.224333E+001   1.805102E+001  -1.367526E+001  -5.807683E+000  -7.867577E+000
   32501       6    17.543860    19.230769   1.262102E-011   1.152047E+001   2.195314E+001   2.303834E+001  -1.152047E+001  -1.085196E+000  -1.043527E+001
   32501       7    13.333333    17.543860   2.853966E-010   1.541287E+001   8.084559E+001   8.102384E+001  -1.541287E+001  -1.782590E-001  -1.523462E+001
   32501       8    11.627907    13.333333   1.520348E-010   1.845045E+001   3.905447E+001   4.375119E+001  -1.845045E+001  -4.696716E+000  -1.375374E+001
   32501       9     9.009009    11.627907   1.523768E-010   3.609068E+001   5.880358E+001   7.526190E+001  -3.609068E+001  -1.645831E+001  -1.963236E+001
   32501      10     8.695652     9.009009   3.996692E-012   8.888491E+000   8.775501E-002   8.938703E+000  -8.888491E+000  -8.850948E+000  -3.754283E-002
   32501      11     8.333333     8.695652  -1.473022E-011   9.587396E+000   6.638857E-001   1.008805E+001  -9.587396E+000  -9.424159E+000  -1.632366E-001
   32501      12     7.633588     8.333333  -7.978784E-012   6.269939E+000   1.324532E+001   1.834453E+001  -6.269939E+000  -5.099214E+000  -1.170725E+000
   32501      13     7.042254     7.633588  -8.445744E-012   3.273071E+000   1.100706E+001   1.382560E+001  -3.273071E+000  -2.818547E+000  -4.545242E-001
   32501      14     6.451613     7.042254  -2.168876E-012   7.419393E+000   4.313009E+000   1.175899E+001  -7.419393E+000  -7.445980E+000   2.658680E-002
   32501      15     5.464481     6.451613   5.901390E-012   1.408053E+001   1.098432E-002   1.409444E+001  -1.408053E+001  -1.408345E+001   2.924843E-003
   32501      16     4.950495     5.464481   6.432164E-013   1.094107E+000   2.936835E+000   4.455536E+000  -1.094107E+000  -1.518701E+000   4.245941E-001
   32501      17     3.333333     4.950495  -1.417347E-013   3.737516E-001   3.892111E+000   4.637069E+000  -3.737516E-001  -7.449580E-001   3.712064E-001
   32601       1    40.000000 10000.000000   6.116405E-010   2.096026E+001   1.649607E+001   2.471343E+001  -2.096026E+001  -8.217362E+000  -1.274290E+001
   32601       2    29.411765    40.000000  -3.313154E-010   2.693032E+001   4.318766E-002   2.693974E+001  -2.693032E+001  -2.689656E+001  -3.376537E-002
   32601       3    25.000000    29.411765   3.182876E-011   2.243406E+001   2.560935E-001   2.249870E+001  -2.243406E+001  -2.224261E+001  -1.914544E-001
   32601       4    20.833333    25.000000   1.062199E-010   3.272683E+001   4.128960E+000   3.391886E+001  -3.272683E+001  -2.978990E+001  -2.936927E+000
   32601       5    19.230769    20.833333  -9.647305E-011   1.363273E+001   1.216962E+001   1.801991E+001  -1.363273E+001  -5.850297E+000  -7.782429E+000
   32601       6    17.543860    19.230769   1.261746E-011   1.146734E+001   2.189873E+001   2.299591E+001  -1.146734E+001  -1.097182E+000  -1.037016E+001
   32601       7    13.333333    17.543860   2.853273E-010   1.539300E+001   8.066934E+001   8.084948E+001  -1.539300E+001  -1.801365E-001  -1.521287E+001
   32601       8    11.627907    13.333333   1.519886E-010   1.835323E+001   3.888953E+001   4.363910E+001  -1.835323E+001  -4.749574E+000  -1.360366E+001
   32601       9     9.009009    11.627907   1.523217E-010   3.591650E+001   5.842895E+001   7.503147E+001  -3.591650E+001  -1.660252E+001  -1.931398E+001
   32601      10     8.695652     9.009009   3.995027E-012   8.857311E+000   8.628541E-002   8.907279E+000  -8.857311E+000  -8.820993E+000  -3.631752E-002
   32601      11     8.333333     8.695652  -1.472378E-011   9.547922E+000   6.575820E-001   1.005124E+001  -9.547922E+000  -9.393662E+000  -1.542604E-001
   32601      12     7.633588     8.333333  -7.975121E-012   6.200563E+000   1.315716E+001   1.827338E+001  -6.200563E+000  -5.116224E+000  -1.084339E+000
   32601      13     7.042254     7.633588  -8.441414E-012   3.225299E+000   1.093458E+001   1.376749E+001  -3.225299E+000  -2.832909E+000  -3.923894E-001
   32601      14     6.451613     7.042254  -2.167710E-012   7.356134E+000   4.271917E+000   1.170542E+001  -7.356134E+000  -7.433507E+000   7.737320E-002
   32601      15     5.464481     6.451613   5.897755E-012   1.400862E+001   1.077036E-002   1.402244E+001  -1.400862E+001  -1.401167E+001   3.048597E-003
   32601      16     4.950495     5.464481   6.427567E-013   1.081862E+000   2.906726E+000   4.429613E+000  -1.081862E+000  -1.522886E+000   4.410239E-001
   32601      17     3.333333     4.950495  -1.416202E-013   3.686802E-001   3.858972E+000   4.605410E+000  -3.686802E-001  -7.464382E-001   3.777580E-001
   32701       1    40.000000 10000.000000   6.115926E-010   2.091333E+001   1.646905E+001   2.468922E+001  -2.091333E+001  -8.220170E+000  -1.269316E+001
   32701       2    29.411765    40.000000  -3.312746E-010   2.689713E+001   4.311708E-002   2.690664E+001  -2.689713E+001  -2.686352E+001  -3.361190E-002
   32701       3    25.000000    29.411765   3.182610E-011   2.240216E+001   2.554719E-001   2.246733E+001  -2.240216E+001  -2.221186E+001  -1.902979E-001
   32701       4    20.833333    25.000000   1.062013E-010   3.266792E+001   4.105813E+000   3.386533E+001  -3.266792E+001  -2.975952E+001  -2.908403E+000
   32701       5    19.230769    20.833333  -9.645618E-011   1.359237E+001   1.210043E+001   1.798880E+001  -1.359237E+001  -5.888373E+000  -7.703994E+000
   32701       6    17.543860    19.230769   1.261569E-011   1.141823E+001   2.184546E+001   2.295347E+001  -1.141823E+001  -1.108015E+000  -1.031022E+001
   32701       7    13.333333    17.543860   2.852616E-010   1.537494E+001   8.049319E+001   8.067508E+001  -1.537494E+001  -1.818923E-001  -1.519304E+001
   32701       8    11.627907    13.333333   1.519473E-010   1.826292E+001   3.872989E+001   4.352700E+001  -1.826292E+001  -4.797109E+000  -1.346581E+001
   32701       9     9.009009    11.627907   1.522720E-010   3.575251E+001   5.807060E+001   7.480101E+001  -3.575251E+001  -1.673042E+001  -1.902210E+001
   32701      10     8.695652     9.009009   3.993583E-012   8.826135E+000   8.492199E-002   8.875849E+000  -8.826135E+000  -8.790927E+000  -3.520721E-002
   32701      11     8.333333     8.695652  -1.471784E-011   9.508865E+000   6.517387E-001   1.001444E+001  -9.508865E+000  -9.362698E+000  -1.461668E-001
   32701      12     7.633588     8.333333  -7.971679E-012   6.136138E+000   1.307312E+001   1.820222E+001  -6.136138E+000  -5.129094E+000  -1.007044E+000
   32701      13     7.042254     7.633588  -8.437584E-012   3.181329E+000   1.086518E+001   1.370937E+001  -3.181329E+000  -2.844193E+000  -3.371358E-001
   32701      14     6.451613     7.042254  -2.166628E-012   7.295910E+000   4.233284E+000   1.165185E+001  -7.295910E+000  -7.418568E+000   1.226576E-001
   32701      15     5.464481     6.451613   5.894465E-012   1.393670E+001   1.057304E-002   1.395043E+001  -1.393670E+001  -1.393986E+001   3.153113E-003
   32701      16     4.950495     5.464481   6.423438E-013   1.070413E+000   2.878152E+000   4.403685E+000  -1.070413E+000  -1.525533E+000   4.551199E-001
   32701      17     3.333333     4.950495  -1.415179E-013   3.639525E-001   3.826626E+000   4.573745E+000  -3.639525E-001  -7.471188E-001   3.831663E-001
   32801       1    40.000000 10000.000000   6.115499E-010   2.086909E+001   1.644319E+001   2.466503E+001  -2.086909E+001  -8.221838E+000  -1.264726E+001
   32801       2    29.411765    40.000000  -3.312461E-010   2.686397E+001   4.305045E-002   2.687355E+001  -2.686397E+001  -2.683050E+001  -3.347092E-002
   32801       3    25.000000    29.411765   3.182077E-011   2.237033E+001   2.548854E-001   2.243599E+001  -2.237033E+001  -2.218110E+001  -1.892330E-001
   32801       4    20.833333    25.000000   1.061897E-010   3.260985E+001   4.084021E+000   3.381182E+001  -3.260985E+001  -2.972780E+001  -2.882048E+000
   32801       5    19.230769    20.833333  -9.644152E-011   1.355434E+001   1.203473E+001   1.795771E+001  -1.355434E+001  -5.922982E+000  -7.631358E+000
   32801       6    17.543860    19.230769   1.261302E-011   1.137285E+001   2.179326E+001   2.291106E+001  -1.137285E+001  -1.117796E+000  -1.025505E+001
   32801       7    13.333333    17.543860   2.852047E-010   1.535850E+001   8.031730E+001   8.050077E+001  -1.535850E+001  -1.834741E-001  -1.517502E+001
   32801       8    11.627907    13.333333   1.519096E-010   1.817937E+001   3.857469E+001   4.341495E+001  -1.817937E+001  -4.840267E+000  -1.333911E+001
   32801       9     9.009009    11.627907   1.522262E-010   3.560002E+001   5.772501E+001   7.457067E+001  -3.560002E+001  -1.684566E+001  -1.875436E+001
   32801      10     8.695652     9.009009   3.992195E-012   8.794987E+000   8.364417E-002   8.844436E+000  -8.794987E+000  -8.760792E+000  -3.419473E-002
   32801      11     8.333333     8.695652  -1.471256E-011   9.470203E+000   6.462552E-001   9.977649E+000  -9.470203E+000  -9.331394E+000  -1.388093E-001
   32801      12     7.633588     8.333333  -7.968626E-012   6.076303E+000   1.299252E+001   1.813109E+001  -6.076303E+000  -5.138572E+000  -9.377310E-001
   32801      13     7.042254     7.633588  -8.434031E-012   3.140845E+000   1.079830E+001   1.365128E+001  -3.140845E+000  -2.852988E+000  -2.878573E-001
   32801      14     6.451613     7.042254  -2.165629E-012   7.238399E+000   4.196740E+000   1.159831E+001  -7.238399E+000  -7.401567E+000   1.631676E-001
   32801      15     5.464481     6.451613   5.891523E-012   1.386483E+001   1.038917E-002   1.387846E+001  -1.386483E+001  -1.386807E+001   3.242527E-003
   32801      16     4.950495     5.464481   6.419743E-013   1.059714E+000   2.850664E+000   4.377771E+000  -1.059714E+000  -1.527108E+000   4.673937E-001
   32801      17     3.333333     4.950495  -1.414242E-013   3.595328E-001   3.794929E+000   4.542097E+000  -3.595328E-001  -7.471680E-001   3.876352E-001
   32901       1    40.000000 10000.000000   6.115073E-010   2.082732E+001   1.641838E+001   2.464086E+001  -2.082732E+001  -8.222476E+000  -1.260484E+001
   32901       2    29.411765    40.000000  -3.312124E-010   2.683085E+001   4.298726E-002   2.684049E+001  -2.683085E+001  -2.679750E+001  -3.334099E-002
   32901       3    25.000000    29.411765   3.181633E-011   2.233859E+001   2.543305E-001   2.240467E+001  -2.233859E+001  -2.215034E+001  -1.882507E-001
   32901       4    20.833333    25.000000   1.061755E-010   3.255256E+001   4.063430E+000   3.375838E+001  -3.255256E+001  -2.969495E+001  -2.857616E+000
   32901       5    19.230769    20.833333  -9.642731E-011   1.351836E+001   1.197210E+001   1.792665E+001  -1.351836E+001  -5.954554E+000  -7.563808E+000
   32901       6    17.543860    19.230769   1.261125E-011   1.133084E+001   2.174185E+001   2.286869E+001  -1.133084E+001  -1.126841E+000  -1.020400E+001
   32901       7    13.333333    17.543860   2.851515E-010   1.534352E+001   8.014161E+001   8.032666E+001  -1.534352E+001  -1.850472E-001  -1.515847E+001
   32901       8    11.627907    13.333333   1.518754E-010   1.810190E+001   3.842327E+001   4.330303E+001  -1.810190E+001  -4.879761E+000  -1.322214E+001
   32901       9     9.009009    11.627907   1.521858E-010   3.545757E+001   5.739078E+001   7.434058E+001  -3.545757E+001  -1.694980E+001  -1.850776E+001
   32901      10     8.695652     9.009009   3.990919E-012   8.763886E+000   8.244434E-002   8.813058E+000  -8.763886E+000  -8.730614E+000  -3.327245E-002
   32901      11     8.333333     8.695652  -1.470779E-011   9.431938E+000   6.410704E-001   9.940901E+000  -9.431938E+000  -9.299831E+000  -1.321071E-001
   32901      12     7.633588     8.333333  -7.965850E-012   6.020604E+000   1.291514E+001   1.806004E+001  -6.020604E+000  -5.144910E+000  -8.756945E-001
   32901      13     7.042254     7.633588  -8.430895E-012   3.103595E+000   1.073386E+001   1.359326E+001  -3.103595E+000  -2.859397E+000  -2.441978E-001
   32901      14     6.451613     7.042254  -2.164741E-012   7.183363E+000   4.162080E+000   1.154482E+001  -7.183363E+000  -7.382742E+000   1.993788E-001
   32901      15     5.464481     6.451613   5.888831E-012   1.379303E+001   1.021711E-002   1.380657E+001  -1.379303E+001  -1.379635E+001   3.319131E-003
   32901      16     4.950495     5.464481   6.416395E-013   1.049672E+000   2.824223E+000   4.351886E+000  -1.049672E+000  -1.527663E+000   4.779912E-001
   32901      17     3.333333     4.950495  -1.413401E-013   3.554049E-001   3.764226E+000   4.510484E+000  -3.554049E-001  -7.462581E-001   3.908532E-001
   33001       1    40.000000 10000.000000   6.114735E-010   2.078780E+001   1.639453E+001   2.461673E+001  -2.078780E+001  -8.222194E+000  -1.256561E+001
   33001       2    29.411765    40.000000  -3.311840E-010   2.679778E+001   4.292774E-002   2.680749E+001  -2.679778E+001  -2.676456E+001  -3.322164E-002
   33001       3    25.000000    29.411765   3.181366E-011   2.230695E+001   2.538090E-001   2.237341E+001  -2.230695E+001  -2.211960E+001  -1.873478E-001
   33001       4    20.833333    25.000000   1.061622E-010   3.249594E+001   4.044145E+000   3.370502E+001  -3.249594E+001  -2.966087E+001  -2.835069E+000
   33001       5    19.230769    20.833333  -9.641488E-011   1.348394E+001   1.191281E+001   1.789565E+001  -1.348394E+001  -5.982839E+000  -7.501099E+000
   33001       6    17.543860    19.230769   1.260947E-011   1.129179E+001   2.169136E+001   2.282639E+001  -1.129179E+001  -1.135034E+000  -1.015676E+001
   33001       7    13.333333    17.543860   2.851088E-010   1.532981E+001   7.996634E+001   8.015283E+001  -1.532981E+001  -1.864877E-001  -1.514333E+001
   33001       8    11.627907    13.333333   1.518456E-010   1.802934E+001   3.827586E+001   4.319129E+001  -1.802934E+001  -4.915425E+000  -1.311392E+001
   33001       9     9.009009    11.627907   1.521490E-010   3.532186E+001   5.706833E+001   7.411087E+001  -3.532186E+001  -1.704255E+001  -1.827931E+001
   33001      10     8.695652     9.009009   3.989808E-012   8.732841E+000   8.132082E-002   8.781731E+000  -8.732841E+000  -8.700410E+000  -3.243068E-002
   33001      11     8.333333     8.695652  -1.470341E-011   9.394086E+000   6.362021E-001   9.904214E+000  -9.394086E+000  -9.268012E+000  -1.260738E-001
   33001      12     7.633588     8.333333  -7.963463E-012   5.968491E+000   1.284068E+001   1.798911E+001  -5.968491E+000  -5.148431E+000  -8.200597E-001
   33001      13     7.042254     7.633588  -8.427953E-012   3.069098E+000   1.067154E+001   1.353533E+001  -3.069098E+000  -2.863782E+000  -2.053163E-001
   33001      14     6.451613     7.042254  -2.163963E-012   7.130620E+000   4.129175E+000   1.149142E+001  -7.130620E+000  -7.362248E+000   2.316284E-001
   33001      15     5.464481     6.451613   5.886375E-012   1.372135E+001   1.005677E-002   1.373479E+001  -1.372135E+001  -1.372474E+001   3.383171E-003
   33001      16     4.950495     5.464481   6.413342E-013   1.040180E+000   2.798750E+000   4.326043E+000  -1.040180E+000  -1.527293E+000   4.871127E-001
   33001      17     3.333333     4.950495  -1.412646E-013   3.515188E-001   3.733987E+000   4.478922E+000  -3.515188E-001  -7.449356E-001   3.934168E-001
   33101       1    40.000000 10000.000000   6.114398E-010   2.075035E+001   1.637157E+001   2.459265E+001  -2.075035E+001  -8.221084E+000  -1.252927E+001
   33101       2    29.411765    40.000000  -3.311644E-010   2.676480E+001   4.287143E-002   2.677456E+001  -2.676480E+001  -2.673169E+001  -3.311203E-002
   33101       3    25.000000    29.411765   3.181189E-011   2.227542E+001   2.533161E-001   2.234222E+001  -2.227542E+001  -2.208890E+001  -1.865164E-001
   33101       4    20.833333    25.000000   1.061524E-010   3.244002E+001   4.025966E+000   3.365177E+001  -3.244002E+001  -2.962581E+001  -2.814213E+000
   33101       5    19.230769    20.833333  -9.640377E-011   1.345120E+001   1.185640E+001   1.786471E+001  -1.345120E+001  -6.008301E+000  -7.442903E+000
   33101       6    17.543860    19.230769   1.260858E-011   1.125549E+001   2.164179E+001   2.278419E+001  -1.125549E+001  -1.142398E+000  -1.011310E+001
   33101       7    13.333333    17.543860   2.850644E-010   1.531725E+001   7.979159E+001   7.997938E+001  -1.531725E+001  -1.877816E-001  -1.512947E+001
   33101       8    11.627907    13.333333   1.518168E-010   1.796161E+001   3.813226E+001   4.307979E+001  -1.796161E+001  -4.947531E+000  -1.301408E+001
   33101       9     9.009009    11.627907   1.521157E-010   3.519395E+001   5.675681E+001   7.388166E+001  -3.519395E+001  -1.712484E+001  -1.806911E+001
   33101      10     8.695652     9.009009   3.988754E-012   8.701868E+000   8.026299E-002   8.750471E+000  -8.701868E+000  -8.670208E+000  -3.165924E-002
   33101      11     8.333333     8.695652  -1.469946E-011   9.356578E+000   6.316233E-001   9.867606E+000  -9.356578E+000  -9.235982E+000  -1.205957E-001
   33101      12     7.633588     8.333333  -7.961132E-012   5.919707E+000   1.276903E+001   1.791834E+001  -5.919707E+000  -5.149307E+000  -7.704006E-001
   33101      13     7.042254     7.633588  -8.425316E-012   3.037101E+000   1.061136E+001   1.347752E+001  -3.037101E+000  -2.866163E+000  -1.709376E-001
   33101      14     6.451613     7.042254  -2.163214E-012   7.079931E+000   4.097913E+000   1.143814E+001  -7.079931E+000  -7.340228E+000   2.602963E-001
   33101      15     5.464481     6.451613   5.884140E-012   1.364983E+001   9.906807E-003   1.366317E+001  -1.364983E+001  -1.365327E+001   3.435793E-003
   33101      16     4.950495     5.464481   6.410549E-013   1.031206E+000   2.774227E+000   4.300256E+000  -1.031206E+000  -1.526029E+000   4.948229E-001
   33101      17     3.333333     4.950495  -1.411935E-013   3.478469E-001   3.704299E+000   4.447429E+000  -3.478469E-001  -7.431302E-001   3.952832E-001
   33201       1    40.000000 10000.000000   6.114078E-010   2.071480E+001   1.634945E+001   2.456864E+001  -2.071480E+001  -8.219193E+000  -1.249561E+001
   33201       2    29.411765    40.000000  -3.311378E-010   2.673191E+001   4.281782E-002   2.674172E+001  -2.673191E+001  -2.669890E+001  -3.301104E-002
   33201       3    25.000000    29.411765   3.180833E-011   2.224401E+001   2.528471E-001   2.231110E+001  -2.224401E+001  -2.205826E+001  -1.857484E-001
   33201       4    20.833333    25.000000   1.061400E-010   3.238479E+001   4.008671E+000   3.359867E+001  -3.238479E+001  -2.958999E+001  -2.794792E+000
   33201       5    19.230769    20.833333  -9.639356E-011   1.342007E+001   1.180232E+001   1.783384E+001  -1.342007E+001  -6.031523E+000  -7.388551E+000
   33201       6    17.543860    19.230769   1.260680E-011   1.122174E+001   2.159300E+001   2.274209E+001  -1.122174E+001  -1.149089E+000  -1.007266E+001
   33201       7    13.333333    17.543860   2.850236E-010   1.530575E+001   7.961740E+001   7.980637E+001  -1.530575E+001  -1.889688E-001  -1.511678E+001
   33201       8    11.627907    13.333333   1.517910E-010   1.789845E+001   3.799173E+001   4.296858E+001  -1.789845E+001  -4.976849E+000  -1.292161E+001
   33201       9     9.009009    11.627907   1.520859E-010   3.507366E+001   5.645378E+001   7.365303E+001  -3.507366E+001  -1.719925E+001  -1.787441E+001
   33201      10     8.695652     9.009009   3.987810E-012   8.670981E+000   7.926046E-002   8.719293E+000  -8.670981E+000  -8.640032E+000  -3.094889E-002
   33201      11     8.333333     8.695652  -1.469586E-011   9.319426E+000   6.272648E-001   9.831092E+000  -9.319426E+000  -9.203827E+000  -1.155988E-001
   33201      12     7.633588     8.333333  -7.958967E-012   5.874010E+000   1.269968E+001   1.784774E+001  -5.874010E+000  -5.148059E+000  -7.259515E-001
   33201      13     7.042254     7.633588  -8.422957E-012   3.007462E+000   1.055283E+001   1.341986E+001  -3.007462E+000  -2.867031E+000  -1.404306E-001
   33201      14     6.451613     7.042254  -2.162520E-012   7.031107E+000   4.068032E+000   1.138499E+001  -7.031107E+000  -7.316963E+000   2.858560E-001
   33201      15     5.464481     6.451613   5.882128E-012   1.357849E+001   9.765356E-003   1.359174E+001  -1.357849E+001  -1.358197E+001   3.479719E-003
   33201      16     4.950495     5.464481   6.407982E-013   1.022716E+000   2.750418E+000   4.274535E+000  -1.022716E+000  -1.524117E+000   5.014016E-001
   33201      17     3.333333     4.950495  -1.411310E-013   3.443824E-001   3.674992E+000   4.416017E+000  -3.443824E-001  -7.410243E-001   3.966420E-001
   33301       1    40.000000 10000.000000   6.113812E-010   2.068099E+001   1.632809E+001   2.454470E+001  -2.068099E+001  -8.216604E+000  -1.246438E+001
   33301       2    29.411765    40.000000  -3.311165E-010   2.669912E+001   4.276664E-002   2.670897E+001  -2.669912E+001  -2.666620E+001  -3.291779E-002
   33301       3    25.000000    29.411765   3.180656E-011   2.221272E+001   2.524004E-001   2.228008E+001  -2.221272E+001  -2.202768E+001  -1.850382E-001
   33301       4    20.833333    25.000000   1.061320E-010   3.233020E+001   3.992202E+000   3.354572E+001  -3.233020E+001  -2.955351E+001  -2.776685E+000
   33301       5    19.230769    20.833333  -9.638468E-011   1.339035E+001   1.175041E+001   1.780308E+001  -1.339035E+001  -6.052667E+000  -7.337687E+000
   33301       6    17.543860    19.230769   1.260592E-011   1.119027E+001   2.154500E+001   2.270012E+001  -1.119027E+001  -1.155118E+000  -1.003515E+001
   33301       7    13.333333    17.543860   2.849880E-010   1.529519E+001   7.944383E+001   7.963388E+001  -1.529519E+001  -1.900441E-001  -1.510515E+001
   33301       8    11.627907    13.333333   1.517675E-010   1.783928E+001   3.785423E+001   4.285770E+001  -1.783928E+001  -5.003464E+000  -1.283581E+001
   33301       9     9.009009    11.627907   1.520575E-010   3.495982E+001   5.615910E+001   7.342508E+001  -3.495982E+001  -1.726598E+001  -1.769384E+001
   33301      10     8.695652     9.009009   3.986922E-012   8.640192E+000   7.830974E-002   8.688206E+000  -8.640192E+000  -8.609896E+000  -3.029545E-002
   33301      11     8.333333     8.695652  -1.469264E-011   9.282622E+000   6.231137E-001   9.794686E+000  -9.282622E+000  -9.171573E+000  -1.110497E-001
   33301      12     7.633588     8.333333  -7.957190E-012   5.831059E+000   1.263263E+001   1.777735E+001  -5.831059E+000  -5.144720E+000  -6.863391E-001
   33301      13     7.042254     7.633588  -8.420792E-012   2.979918E+000   1.049606E+001   1.336238E+001  -2.979918E+000  -2.866318E+000  -1.136001E-001
   33301      14     6.451613     7.042254  -2.161937E-012   6.984026E+000   4.039477E+000   1.133201E+001  -6.984026E+000  -7.292530E+000   3.085038E-001
   33301      15     5.464481     6.451613   5.880255E-012   1.350737E+001   9.631829E-003   1.352052E+001  -1.350737E+001  -1.351088E+001   3.515607E-003
   33301      16     4.950495     5.464481   6.405640E-013   1.014646E+000   2.727394E+000   4.248890E+000  -1.014646E+000  -1.521497E+000   5.068503E-001
   33301      17     3.333333     4.950495  -1.410703E-013   3.410967E-001   3.646151E+000   4.384698E+000  -3.410967E-001  -7.385464E-001   3.974498E-001
   33401       1    40.000000 10000.000000   6.113599E-010   2.064878E+001   1.630742E+001   2.452083E+001  -2.064878E+001  -8.213406E+000  -1.243537E+001
   33401       2    29.411765    40.000000  -3.310952E-010   2.666645E+001   4.271811E-002   2.667633E+001  -2.666645E+001  -2.663361E+001  -3.283203E-002
   33401       3    25.000000    29.411765   3.180389E-011   2.218157E+001   2.519772E-001   2.224916E+001  -2.218157E+001  -2.199719E+001  -1.843835E-001
   33401       4    20.833333    25.000000   1.061222E-010   3.227617E+001   3.976631E+000   3.349294E+001  -3.227617E+001  -2.951631E+001  -2.759859E+000
   33401       5    19.230769    20.833333  -9.637491E-011   1.336168E+001   1.170083E+001   1.777241E+001  -1.336168E+001  -6.071576E+000  -7.290104E+000
   33401       6    17.543860    19.230769   1.260414E-011   1.116084E+001   2.149768E+001   2.265828E+001  -1.116084E+001  -1.160598E+000  -1.000024E+001
   33401       7    13.333333    17.543860   2.849525E-010   1.528545E+001   7.927093E+001   7.946195E+001  -1.528545E+001  -1.910268E-001  -1.509442E+001
   33401       8    11.627907    13.333333   1.517462E-010   1.778339E+001   3.771968E+001   4.274718E+001  -1.778339E+001  -5.027506E+000  -1.275589E+001
   33401       9     9.009009    11.627907   1.520308E-010   3.485019E+001   5.587276E+001   7.319789E+001  -3.485019E+001  -1.732513E+001  -1.752507E+001
   33401      10     8.695652     9.009009   3.986145E-012   8.609506E+000   7.741098E-002   8.657223E+000  -8.609506E+000  -8.579812E+000  -2.969483E-002
   33401      11     8.333333     8.695652  -1.468947E-011   9.246182E+000   6.191808E-001   9.758401E+000  -9.246182E+000  -9.139221E+000  -1.069615E-001
   33401      12     7.633588     8.333333  -7.955359E-012   5.790540E+000   1.256760E+001   1.770720E+001  -5.790540E+000  -5.139604E+000  -6.509367E-001
   33401      13     7.042254     7.633588  -8.418738E-012   2.954235E+000   1.044075E+001   1.330508E+001  -2.954235E+000  -2.864331E+000  -8.990412E-002
   33401      14     6.451613     7.042254  -2.161354E-012   6.938540E+000   4.012119E+000   1.127919E+001  -6.938540E+000  -7.267076E+000   3.285354E-001
   33401      15     5.464481     6.451613   5.878575E-012   1.343648E+001   9.505776E-003   1.344953E+001  -1.343648E+001  -1.344002E+001   3.544408E-003
   33401      16     4.950495     5.464481   6.403506E-013   1.006930E+000   2.705040E+000   4.223331E+000  -1.006930E+000  -1.518291E+000   5.113607E-001
   33401      17     3.333333     4.950495  -1.410191E-013   3.379740E-001   3.617679E+000   4.353482E+000  -3.379740E-001  -7.358036E-001   3.978296E-001
   33501       1    40.000000 10000.000000   6.113314E-010   2.061805E+001   1.628741E+001   2.449706E+001  -2.061805E+001  -8.209646E+000  -1.240840E+001
   33501       2    29.411765    40.000000  -3.310827E-010   2.663389E+001   4.267198E-002   2.664381E+001  -2.663389E+001  -2.660114E+001  -3.275324E-002
   33501       3    25.000000    29.411765   3.180123E-011   2.215056E+001   2.515753E-001   2.221836E+001  -2.215056E+001  -2.196678E+001  -1.837800E-001
   33501       4    20.833333    25.000000   1.061169E-010   3.222272E+001   3.961883E+000   3.344036E+001  -3.222272E+001  -2.947848E+001  -2.744243E+000
   33501       5    19.230769    20.833333  -9.636736E-011   1.333416E+001   1.165346E+001   1.774185E+001  -1.333416E+001  -6.088391E+000  -7.245769E+000
   33501       6    17.543860    19.230769   1.260236E-011   1.113329E+001   2.145113E+001   2.261660E+001  -1.113329E+001  -1.165473E+000  -9.967822E+000
   33501       7    13.333333    17.543860   2.849276E-010   1.527645E+001   7.909875E+001   7.929066E+001  -1.527645E+001  -1.919078E-001  -1.508454E+001
   33501       8    11.627907    13.333333   1.517266E-010   1.773076E+001   3.758817E+001   4.263708E+001  -1.773076E+001  -5.048904E+000  -1.268185E+001
   33501       9     9.009009    11.627907   1.520073E-010   3.474559E+001   5.559505E+001   7.297153E+001  -3.474559E+001  -1.737648E+001  -1.736911E+001
   33501      10     8.695652     9.009009   3.985423E-012   8.578936E+000   7.655920E-002   8.626353E+000  -8.578936E+000  -8.549794E+000  -2.914174E-002
   33501      11     8.333333     8.695652  -1.468664E-011   9.210053E+000   6.154566E-001   9.722250E+000  -9.210053E+000  -9.106793E+000  -1.032596E-001
   33501      12     7.633588     8.333333  -7.953638E-012   5.752285E+000   1.250464E+001   1.763731E+001  -5.752285E+000  -5.132667E+000  -6.196178E-001
   33501      13     7.042254     7.633588  -8.416878E-012   2.930242E+000   1.038702E+001   1.324800E+001  -2.930242E+000  -2.860973E+000  -6.926877E-002
   33501      14     6.451613     7.042254  -2.160869E-012   6.894520E+000   3.985944E+000   1.122658E+001  -6.894520E+000  -7.240632E+000   3.461118E-001
   33501      15     5.464481     6.451613   5.876979E-012   1.336585E+001   9.387045E-003   1.337880E+001  -1.336585E+001  -1.336942E+001   3.565518E-003
   33501      16     4.950495     5.464481   6.401546E-013   9.995530E-001   2.683395E+000   4.197865E+000  -9.995530E-001  -1.514470E+000   5.149167E-001
   33501      17     3.333333     4.950495  -1.409688E-013   3.349956E-001   3.589626E+000   4.322382E+000  -3.349956E-001  -7.327557E-001   3.977601E-001
   33601       1    40.000000 10000.000000   6.113119E-010   2.058867E+001   1.626800E+001   2.447337E+001  -2.058867E+001  -8.205371E+000  -1.238330E+001
   33601       2    29.411765    40.000000  -3.310632E-010   2.660148E+001   4.262781E-002   2.661142E+001  -2.660148E+001  -2.656880E+001  -3.268061E-002
   33601       3    25.000000    29.411765   3.180123E-011   2.211971E+001   2.511906E-001   2.218768E+001  -2.211971E+001  -2.193649E+001  -1.832214E-001
   33601       4    20.833333    25.000000   1.061080E-010   3.216986E+001   3.947748E+000   3.338799E+001  -3.216986E+001  -2.944024E+001  -2.729615E+000
   33601       5    19.230769    20.833333  -9.635981E-011   1.330777E+001   1.160774E+001   1.771142E+001  -1.330777E+001  -6.103680E+000  -7.204087E+000
   33601       6    17.543860    19.230769   1.260148E-011   1.110749E+001   2.140518E+001   2.257509E+001  -1.110749E+001  -1.169906E+000  -9.937588E+000
   33601       7    13.333333    17.543860   2.848939E-010   1.526813E+001   7.892735E+001   7.912006E+001  -1.526813E+001  -1.927017E-001  -1.507542E+001
   33601       8    11.627907    13.333333   1.517084E-010   1.768117E+001   3.745904E+001   4.252741E+001  -1.768117E+001  -5.068365E+000  -1.261281E+001
   33601       9     9.009009    11.627907   1.519860E-010   3.464600E+001   5.532373E+001   7.274608E+001  -3.464600E+001  -1.742236E+001  -1.722364E+001
   33601      10     8.695652     9.009009   3.984701E-012   8.548490E+000   7.574487E-002   8.595607E+000  -8.548490E+000  -8.519862E+000  -2.862777E-002
   33601      11     8.333333     8.695652  -1.468409E-011   9.174242E+000   6.118868E-001   9.686243E+000  -9.174242E+000  -9.074356E+000  -9.988650E-002
   33601      12     7.633588     8.333333  -7.952194E-012   5.716107E+000   1.244340E+001   1.756769E+001  -5.716107E+000  -5.124286E+000  -5.918205E-001
   33601      13     7.042254     7.633588  -8.415157E-012   2.907795E+000   1.033459E+001   1.319114E+001  -2.907795E+000  -2.856553E+000  -5.124171E-002
   33601      14     6.451613     7.042254  -2.160383E-012   6.851852E+000   3.960762E+000   1.117417E+001  -6.851852E+000  -7.213406E+000   3.615537E-001
   33601      15     5.464481     6.451613   5.875536E-012   1.329551E+001   9.274389E-003   1.330836E+001  -1.329551E+001  -1.329909E+001   3.580604E-003
   33601      16     4.950495     5.464481   6.399725E-013   9.924938E-001   2.662336E+000   4.172501E+000  -9.924938E-001  -1.510166E+000   5.176718E-001
   33601      17     3.333333     4.950495  -1.409229E-013   3.321468E-001   3.561970E+000   4.291405E+000  -3.321468E-001  -7.294357E-001   3.972888E-001
   33701       1    40.000000 10000.000000   6.112906E-010   2.056055E+001   1.624917E+001   2.444979E+001  -2.056055E+001  -8.200621E+000  -1.235993E+001
   33701       2    29.411765    40.000000  -3.310490E-010   2.656920E+001   4.258538E-002   2.657917E+001  -2.656920E+001  -2.653659E+001  -3.261345E-002
   33701       3    25.000000    29.411765   3.179856E-011   2.208901E+001   2.508218E-001   2.215712E+001  -2.208901E+001  -2.190630E+001  -1.827041E-001
   33701       4    20.833333    25.000000   1.061027E-010   3.211756E+001   3.934182E+000   3.333585E+001  -3.211756E+001  -2.940166E+001  -2.715894E+000
   33701       5    19.230769    20.833333  -9.635315E-011   1.328240E+001   1.156355E+001   1.768112E+001  -1.328240E+001  -6.117568E+000  -7.164833E+000
   33701       6    17.543860    19.230769   1.260059E-011   1.108330E+001   2.135983E+001   2.253375E+001  -1.108330E+001  -1.173922E+000  -9.909378E+000
   33701       7    13.333333    17.543860   2.848726E-010   1.526043E+001   7.875674E+001   7.895017E+001  -1.526043E+001  -1.934320E-001  -1.506700E+001
   33701       8    11.627907    13.333333   1.516907E-010   1.763441E+001   3.733214E+001   4.241820E+001  -1.763441E+001  -5.086063E+000  -1.254834E+001
   33701       9     9.009009    11.627907   1.519651E-010   3.455100E+001   5.505831E+001   7.252158E+001  -3.455100E+001  -1.746327E+001  -1.708773E+001
   33701      10     8.695652     9.009009   3.984091E-012   8.518176E+000   7.496576E-002   8.564991E+000  -8.518176E+000  -8.490025E+000  -2.815084E-002
   33701      11     8.333333     8.695652  -1.468176E-011   9.138743E+000   6.084574E-001   9.650388E+000  -9.138743E+000  -9.041930E+000  -9.681284E-002
   33701      12     7.633588     8.333333  -7.950862E-012   5.681841E+000   1.238375E+001   1.749837E+001  -5.681841E+000  -5.114623E+000  -5.672178E-001
   33701      13     7.042254     7.633588  -8.413548E-012   2.886801E+000   1.028335E+001   1.313452E+001  -2.886801E+000  -2.851178E+000  -3.562293E-002
   33701      14     6.451613     7.042254  -2.159939E-012   6.810394E+000   3.936484E+000   1.112198E+001  -6.810394E+000  -7.185497E+000   3.751035E-001
   33701      15     5.464481     6.451613   5.874204E-012   1.322546E+001   9.166531E-003   1.323821E+001  -1.322546E+001  -1.322905E+001   3.591809E-003
   33701      16     4.950495     5.464481   6.398042E-013   9.857120E-001   2.641772E+000   4.147245E+000  -9.857120E-001  -1.505473E+000   5.197605E-001
   33701      17     3.333333     4.950495  -1.408812E-013   3.294239E-001   3.534638E+000   4.260560E+000  -3.294239E-001  -7.259222E-001   3.964983E-001
   33801       1    40.000000 10000.000000   6.112710E-010   2.053358E+001   1.623087E+001   2.442632E+001  -2.053358E+001  -8.195453E+000  -1.233812E+001
   33801       2    29.411765    40.000000  -3.310330E-010   2.653707E+001   4.254454E-002   2.654707E+001  -2.653707E+001  -2.650452E+001  -3.255130E-002
   33801       3    25.000000    29.411765   3.179590E-011   2.205846E+001   2.504675E-001   2.212671E+001  -2.205846E+001  -2.187624E+001  -1.822244E-001
   33801       4    20.833333    25.000000   1.060965E-010   3.206579E+001   3.921140E+000   3.328393E+001  -3.206579E+001  -2.936279E+001  -2.703003E+000
   33801       5    19.230769    20.833333  -9.634693E-011   1.325798E+001   1.152077E+001   1.765095E+001  -1.325798E+001  -6.130177E+000  -7.127805E+000
   33801       6    17.543860    19.230769   1.260059E-011   1.106056E+001   2.131506E+001   2.249260E+001  -1.106056E+001  -1.177541E+000  -9.883017E+000
   33801       7    13.333333    17.543860   2.848477E-010   1.525328E+001   7.858696E+001   7.878105E+001  -1.525328E+001  -1.940914E-001  -1.505919E+001
   33801       8    11.627907    13.333333   1.516764E-010   1.759017E+001   3.720741E+001   4.230949E+001  -1.759017E+001  -5.102083E+000  -1.248809E+001
   33801       9     9.009009    11.627907   1.519469E-010   3.446016E+001   5.479859E+001   7.229809E+001  -3.446016E+001  -1.749950E+001  -1.696066E+001
   33801      10     8.695652     9.009009   3.983536E-012   8.488000E+000   7.421943E-002   8.534511E+000  -8.488000E+000  -8.460292E+000  -2.770838E-002
   33801      11     8.333333     8.695652  -1.467948E-011   9.103554E+000   6.051629E-001   9.614693E+000  -9.103554E+000  -9.009531E+000  -9.402334E-002
   33801      12     7.633588     8.333333  -7.949641E-012   5.649320E+000   1.232562E+001   1.742936E+001  -5.649320E+000  -5.103734E+000  -5.455858E-001
   33801      13     7.042254     7.633588  -8.412132E-012   2.867096E+000   1.023326E+001   1.307816E+001  -2.867096E+000  -2.844905E+000  -2.219153E-002
   33801      14     6.451613     7.042254  -2.159536E-012   6.770112E+000   3.913086E+000   1.107003E+001  -6.770112E+000  -7.156942E+000   3.868301E-001
   33801      15     5.464481     6.451613   5.872955E-012   1.315572E+001   9.063964E-003   1.316838E+001  -1.315572E+001  -1.315932E+001   3.597767E-003
   33801      16     4.950495     5.464481   6.396498E-013   9.791998E-001   2.621744E+000   4.122101E+000  -9.791998E-001  -1.500357E+000   5.211576E-001
   33801      17     3.333333     4.950495  -1.408431E-013   3.268082E-001   3.507654E+000   4.229853E+000  -3.268082E-001  -7.221983E-001   3.953901E-001
   33901       1    40.000000 10000.000000   6.112550E-010   2.050768E+001   1.621303E+001   2.440295E+001  -2.050768E+001  -8.189921E+000  -1.231776E+001
   33901       2    29.411765    40.000000  -3.310241E-010   2.650510E+001   4.250551E-002   2.651511E+001  -2.650510E+001  -2.647260E+001  -3.249409E-002
   33901       3    25.000000    29.411765   3.179590E-011   2.202809E+001   2.501287E-001   2.209644E+001  -2.202809E+001  -2.184631E+001  -1.817803E-001
   33901       4    20.833333    25.000000   1.060902E-010   3.201450E+001   3.908686E+000   3.323226E+001  -3.201450E+001  -2.932357E+001  -2.690928E+000
   33901       5    19.230769    20.833333  -9.634071E-011   1.323423E+001   1.147956E+001   1.762092E+001  -1.323423E+001  -6.141361E+000  -7.092865E+000
   33901       6    17.543860    19.230769   1.259881E-011   1.103912E+001   2.127081E+001   2.245164E+001  -1.103912E+001  -1.180822E+000  -9.858298E+000
   33901       7    13.333333    17.543860   2.848228E-010   1.524661E+001   7.841802E+001   7.861272E+001  -1.524661E+001  -1.946930E-001  -1.505192E+001
   33901       8    11.627907    13.333333   1.516618E-010   1.754794E+001   3.708482E+001   4.220128E+001  -1.754794E+001  -5.116461E+000  -1.243148E+001
   33901       9     9.009009    11.627907   1.519287E-010   3.437171E+001   5.454475E+001   7.207565E+001  -3.437171E+001  -1.753090E+001  -1.684081E+001
   33901      10     8.695652     9.009009   3.983036E-012   8.457966E+000   7.350568E-002   8.504175E+000  -8.457966E+000  -8.430670E+000  -2.729621E-002
   33901      11     8.333333     8.695652  -1.467754E-011   9.068668E+000   6.020192E-001   9.579167E+000  -9.068668E+000  -8.977148E+000  -9.152047E-002
   33901      12     7.633588     8.333333  -7.948364E-012   5.618353E+000   1.226889E+001   1.736067E+001  -5.618353E+000  -5.091780E+000  -5.265728E-001
   33901      13     7.042254     7.633588  -8.410717E-012   2.848571E+000   1.018422E+001   1.302206E+001  -2.848571E+000  -2.837839E+000  -1.073190E-002
   33901      14     6.451613     7.042254  -2.159162E-012   6.730915E+000   3.890476E+000   1.101832E+001  -6.730915E+000  -7.127844E+000   3.969289E-001
   33901      15     5.464481     6.451613   5.871817E-012   1.308631E+001   8.966034E-003   1.309888E+001  -1.308631E+001  -1.308991E+001   3.599938E-003
   33901      16     4.950495     5.464481   6.395058E-013   9.729030E-001   2.602192E+000   4.097076E+000  -9.729030E-001  -1.494884E+000   5.219809E-001
   33901      17     3.333333     4.950495  -1.408066E-013   3.242928E-001   3.480993E+000   4.199290E+000  -3.242928E-001  -7.182964E-001   3.940036E-001
   34001       1    40.000000 10000.000000   6.112373E-010   2.048278E+001   1.619565E+001   2.437970E+001  -2.048278E+001  -8.184055E+000  -1.229872E+001
   34001       2    29.411765    40.000000  -3.310099E-010   2.647328E+001   4.246818E-002   2.648331E+001  -2.647328E+001  -2.644084E+001  -3.244148E-002
   34001       3    25.000000    29.411765   3.179323E-011   2.199788E+001   2.498049E-001   2.206631E+001  -2.199788E+001  -2.181651E+001  -1.813700E-001
   34001       4    20.833333    25.000000   1.060858E-010   3.196369E+001   3.896825E+000   3.318084E+001  -3.196369E+001  -2.928402E+001  -2.679672E+000
   34001       5    19.230769    20.833333  -9.633627E-011   1.321118E+001   1.143998E+001   1.759104E+001  -1.321118E+001  -6.151067E+000  -7.060115E+000
   34001       6    17.543860    19.230769   1.259881E-011   1.101890E+001   2.122715E+001   2.241088E+001  -1.101890E+001  -1.183724E+000  -9.835176E+000
   34001       7    13.333333    17.543860   2.848015E-010   1.524039E+001   7.824999E+001   7.844522E+001  -1.524039E+001  -1.952312E-001  -1.504516E+001
   34001       8    11.627907    13.333333   1.516476E-010   1.750773E+001   3.696458E+001   4.209361E+001  -1.750773E+001  -5.129030E+000  -1.237870E+001
   34001       9     9.009009    11.627907   1.519136E-010   3.428609E+001   5.429744E+001   7.185430E+001  -3.428609E+001  -1.755686E+001  -1.672923E+001
   34001      10     8.695652     9.009009   3.982481E-012   8.428079E+000   7.282445E-002   8.473989E+000  -8.428079E+000  -8.401165E+000  -2.691451E-002
   34001      11     8.333333     8.695652  -1.467565E-011   9.034082E+000   5.990124E-001   9.543815E+000  -9.034082E+000  -8.944803E+000  -8.927903E-002
   34001      12     7.633588     8.333333  -7.947198E-012   5.588834E+000   1.221361E+001   1.729232E+001  -5.588834E+000  -5.078712E+000  -5.101224E-001
   34001      13     7.042254     7.633588  -8.409551E-012   2.831115E+000   1.013632E+001   1.296624E+001  -2.831115E+000  -2.829925E+000  -1.190203E-003
   34001      14     6.451613     7.042254  -2.158815E-012   6.692709E+000   3.868661E+000   1.096687E+001  -6.692709E+000  -7.098205E+000   4.054957E-001
   34001      15     5.464481     6.451613   5.870762E-012   1.301725E+001   8.872988E-003   1.302972E+001  -1.301725E+001  -1.302085E+001   3.597378E-003
   34001      16     4.950495     5.464481   6.393740E-013   9.668176E-001   2.583144E+000   4.072174E+000  -9.668176E-001  -1.489030E+000   5.222121E-001
   34001      17     3.333333     4.950495  -1.407737E-013   3.218693E-001   3.454662E+000   4.168877E+000  -3.218693E-001  -7.142150E-001   3.923457E-001
   34101       1    40.000000 10000.000000   6.112248E-010   2.045878E+001   1.617869E+001   2.435657E+001  -2.045878E+001  -8.177887E+000  -1.228090E+001
   34101       2    29.411765    40.000000  -3.310010E-010   2.644164E+001   4.243221E-002   2.645168E+001  -2.644164E+001  -2.640924E+001  -3.239296E-002
   34101       3    25.000000    29.411765   3.179146E-011   2.196784E+001   2.494925E-001   2.203634E+001  -2.196784E+001  -2.178685E+001  -1.809887E-001
   34101       4    20.833333    25.000000   1.060796E-010   3.191337E+001   3.885369E+000   3.312969E+001  -3.191337E+001  -2.924432E+001  -2.669051E+000
   34101       5    19.230769    20.833333  -9.633050E-011   1.318889E+001   1.140151E+001   1.756132E+001  -1.318889E+001  -6.159806E+000  -7.029083E+000
   34101       6    17.543860    19.230769   1.259792E-011   1.099979E+001   2.118400E+001   2.237033E+001  -1.099979E+001  -1.186326E+000  -9.813469E+000
   34101       7    13.333333    17.543860   2.847855E-010   1.523456E+001   7.808290E+001   7.827858E+001  -1.523456E+001  -1.956872E-001  -1.503888E+001
   34101       8    11.627907    13.333333   1.516347E-010   1.746945E+001   3.684620E+001   4.198650E+001  -1.746945E+001  -5.140297E+000  -1.232915E+001
   34101       9     9.009009    11.627907   1.518976E-010   3.420365E+001   5.405489E+001   7.163409E+001  -3.420365E+001  -1.757920E+001  -1.662444E+001
   34101      10     8.695652     9.009009   3.982148E-012   8.398348E+000   7.216838E-002   8.443958E+000  -8.398348E+000  -8.371790E+000  -2.655821E-002
   34101      11     8.333333     8.695652  -1.467382E-011   8.999789E+000   5.961083E-001   9.508646E+000  -8.999789E+000  -8.912538E+000  -8.725068E-002
   34101      12     7.633588     8.333333  -7.946255E-012   5.560643E+000   1.215955E+001   1.722433E+001  -5.560643E+000  -5.064777E+000  -4.958661E-001
   34101      13     7.042254     7.633588  -8.408357E-012   2.814633E+000   1.008935E+001   1.291071E+001  -2.814633E+000  -2.821360E+000   6.727032E-003
   34101      14     6.451613     7.042254  -2.158482E-012   6.655438E+000   3.847529E+000   1.091568E+001  -6.655438E+000  -7.068149E+000   4.127107E-001
   34101      15     5.464481     6.451613   5.869791E-012   1.294854E+001   8.783660E-003   1.296092E+001  -1.294854E+001  -1.295213E+001   3.591736E-003
   34101      16     4.950495     5.464481   6.392473E-013   9.609295E-001   2.564520E+000   4.047400E+000  -9.609295E-001  -1.482880E+000   5.219506E-001
   34101      17     3.333333     4.950495  -1.407433E-013   3.195271E-001   3.428707E+000   4.138622E+000  -3.195271E-001  -7.099145E-001   3.903874E-001
   34201       1    40.000000 10000.000000   6.112106E-010   2.043563E+001   1.616212E+001   2.433357E+001  -2.043563E+001  -8.171442E+000  -1.226419E+001
   34201       2    29.411765    40.000000  -3.309886E-010   2.641016E+001   4.239741E-002   2.642021E+001  -2.641016E+001  -2.637781E+001  -3.234799E-002
   34201       3    25.000000    29.411765   3.179146E-011   2.193798E+001   2.491908E-001   2.200653E+001  -2.193798E+001  -2.175734E+001  -1.806342E-001
   34201       4    20.833333    25.000000   1.060743E-010   3.186354E+001   3.874289E+000   3.307881E+001  -3.186354E+001  -2.920452E+001  -2.659012E+000
   34201       5    19.230769    20.833333  -9.632561E-011   1.316728E+001   1.136409E+001   1.753175E+001  -1.316728E+001  -6.167666E+000  -6.999616E+000
   34201       6    17.543860    19.230769   1.259792E-011   1.098172E+001   2.114126E+001   2.233000E+001  -1.098172E+001  -1.188739E+000  -9.792986E+000
   34201       7    13.333333    17.543860   2.847695E-010   1.522910E+001   7.791673E+001   7.811283E+001  -1.522910E+001  -1.961016E-001  -1.503300E+001
   34201       8    11.627907    13.333333   1.516245E-010   1.743295E+001   3.672940E+001   4.187995E+001  -1.743295E+001  -5.150549E+000  -1.228240E+001
   34201       9     9.009009    11.627907   1.518834E-010   3.412409E+001   5.381644E+001   7.141506E+001  -3.412409E+001  -1.759861E+001  -1.652548E+001
   34201      10     8.695652     9.009009   3.981593E-012   8.368776E+000   7.153493E-002   8.414087E+000  -8.368776E+000  -8.342552E+000  -2.622371E-002
   34201      11     8.333333     8.695652  -1.467221E-011   8.965777E+000   5.932960E-001   9.473664E+000  -8.965777E+000  -8.880368E+000  -8.540914E-002
   34201      12     7.633588     8.333333  -7.945311E-012   5.533675E+000   1.210659E+001   1.715669E+001  -5.533675E+000  -5.050105E+000  -4.835704E-001
   34201      13     7.042254     7.633588  -8.407247E-012   2.799053E+000   1.004321E+001   1.285547E+001  -2.799053E+000  -2.812258E+000   1.320481E-002
   34201      14     6.451613     7.042254  -2.158190E-012   6.619015E+000   3.826996E+000   1.086476E+001  -6.619015E+000  -7.037765E+000   4.187501E-001
   34201      15     5.464481     6.451613   5.868847E-012   1.288020E+001   8.697720E-003   1.289248E+001  -1.288020E+001  -1.288378E+001   3.583411E-003
   34201      16     4.950495     5.464481   6.391328E-013   9.552185E-001   2.546248E+000   4.022758E+000  -9.552185E-001  -1.476510E+000   5.212920E-001
   34201      17     3.333333     4.950495  -1.407147E-013   3.172610E-001   3.403052E+000   4.108527E+000  -3.172610E-001  -7.054747E-001   3.882137E-001
   34301       1    40.000000 10000.000000   6.111964E-010   2.041328E+001   1.614594E+001   2.431070E+001  -2.041328E+001  -8.164763E+000  -1.224851E+001
   34301       2    29.411765    40.000000  -3.309761E-010   2.637887E+001   4.236371E-002   2.638893E+001  -2.637887E+001  -2.634657E+001  -3.230632E-002
   34301       3    25.000000    29.411765   3.178968E-011   2.190829E+001   2.488989E-001   2.197688E+001  -2.190829E+001  -2.172798E+001  -1.803045E-001
   34301       4    20.833333    25.000000   1.060716E-010   3.181424E+001   3.863557E+000   3.302830E+001  -3.181424E+001  -2.916474E+001  -2.649499E+000
   34301       5    19.230769    20.833333  -9.632206E-011   1.314632E+001   1.132763E+001   1.750237E+001  -1.314632E+001  -6.174743E+000  -6.971576E+000
   34301       6    17.543860    19.230769   1.259703E-011   1.096461E+001   2.109901E+001   2.228993E+001  -1.096461E+001  -1.190921E+000  -9.773689E+000
   34301       7    13.333333    17.543860   2.847518E-010   1.522398E+001   7.775189E+001   7.794838E+001  -1.522398E+001  -1.964858E-001  -1.502749E+001
   34301       8    11.627907    13.333333   1.516121E-010   1.739811E+001   3.661437E+001   4.177432E+001  -1.739811E+001  -5.159948E+000  -1.223817E+001
   34301       9     9.009009    11.627907   1.518714E-010   3.404733E+001   5.358234E+001   7.119815E+001  -3.404733E+001  -1.761581E+001  -1.643153E+001
   34301      10     8.695652     9.009009   3.981204E-012   8.339514E+000   7.092282E-002   8.384529E+000  -8.339514E+000  -8.313606E+000  -2.590784E-002
   34301      11     8.333333     8.695652  -1.467065E-011   8.932211E+000   5.905723E-001   9.439061E+000  -8.932211E+000  -8.848489E+000  -8.372203E-002
   34301      12     7.633588     8.333333  -7.944367E-012   5.507874E+000   1.205475E+001   1.708984E+001  -5.507874E+000  -5.035092E+000  -4.727819E-001
   34301      13     7.042254     7.633588  -8.406303E-012   2.784321E+000   9.997989E+000   1.280091E+001  -2.784321E+000  -2.802923E+000   1.860189E-002
   34301      14     6.451613     7.042254  -2.157885E-012   6.583536E+000   3.807056E+000   1.081452E+001  -6.583536E+000  -7.007461E+000   4.239252E-001
   34301      15     5.464481     6.451613   5.867987E-012   1.281284E+001   8.614733E-003   1.282503E+001  -1.281284E+001  -1.281641E+001   3.574041E-003
   34301      16     4.950495     5.464481   6.390270E-013   9.496948E-001   2.528385E+000   3.998512E+000  -9.496948E-001  -1.470126E+000   5.204315E-001
   34301      17     3.333333     4.950495  -1.406861E-013   3.150823E-001   3.377854E+000   4.078991E+000  -3.150823E-001  -7.011371E-001   3.860548E-001
   34401       1    40.000000 10000.000000   6.111858E-010   2.039169E+001   1.613018E+001   2.428806E+001  -2.039169E+001  -8.157875E+000  -1.223382E+001
   34401       2    29.411765    40.000000  -3.309690E-010   2.634787E+001   4.233109E-002   2.635794E+001  -2.634787E+001  -2.631560E+001  -3.226767E-002
   34401       3    25.000000    29.411765   3.178879E-011   2.187870E+001   2.486168E-001   2.194732E+001  -2.187870E+001  -2.169870E+001  -1.800004E-001
   34401       4    20.833333    25.000000   1.060672E-010   3.176597E+001   3.853192E+000   3.297871E+001  -3.176597E+001  -2.912552E+001  -2.640445E+000
   34401       5    19.230769    20.833333  -9.631673E-011   1.312601E+001   1.129228E+001   1.747331E+001  -1.312601E+001  -6.181034E+000  -6.944981E+000
   34401       6    17.543860    19.230769   1.259615E-011   1.094838E+001   2.105789E+001   2.225042E+001  -1.094838E+001  -1.192532E+000  -9.755845E+000
   34401       7    13.333333    17.543860   2.847358E-010   1.521916E+001   7.759085E+001   7.778760E+001  -1.521916E+001  -1.967534E-001  -1.502241E+001
   34401       8    11.627907    13.333333   1.516023E-010   1.736492E+001   3.650265E+001   4.167165E+001  -1.736492E+001  -5.168994E+000  -1.219592E+001
   34401       9     9.009009    11.627907   1.518590E-010   3.397399E+001   5.335506E+001   7.098915E+001  -3.397399E+001  -1.763408E+001  -1.633991E+001
   34401      10     8.695652     9.009009   3.980816E-012   8.311476E+000   7.033302E-002   8.356210E+000  -8.311476E+000  -8.285877E+000  -2.559941E-002
   34401      11     8.333333     8.695652  -1.466921E-011   8.900121E+000   5.879456E-001   9.406002E+000  -8.900121E+000  -8.818056E+000  -8.206459E-002
   34401      12     7.633588     8.333333  -7.943646E-012   5.483360E+000   1.200449E+001   1.702633E+001  -5.483360E+000  -5.021836E+000  -4.615241E-001
   34401      13     7.042254     7.633588  -8.405304E-012   2.770387E+000   9.954008E+000   1.274938E+001  -2.770387E+000  -2.795373E+000   2.498645E-002
   34401      14     6.451613     7.042254  -2.157607E-012   6.549955E+000   3.787802E+000   1.076738E+001  -6.549955E+000  -6.979581E+000   4.296257E-001
   34401      15     5.464481     6.451613   5.867168E-012   1.275028E+001   8.535334E-003   1.276239E+001  -1.275028E+001  -1.275385E+001   3.568434E-003
   34401      16     4.950495     5.464481   6.389247E-013   9.445156E-001   2.511155E+000   3.976276E+000  -9.445156E-001  -1.465121E+000   5.206058E-001
   34401      17     3.333333     4.950495  -1.406618E-013   3.130792E-001   3.354109E+000   4.052453E+000  -3.130792E-001  -6.983445E-001   3.852653E-001
   34501       1    40.000000 10000.000000   6.111716E-010   2.037081E+001   1.611482E+001   2.426554E+001  -2.037081E+001  -8.150716E+000  -1.222009E+001
   34501       2    29.411765    40.000000  -3.309584E-010   2.631704E+001   4.229957E-002   2.632710E+001  -2.631704E+001  -2.628480E+001  -3.223224E-002
   34501       3    25.000000    29.411765   3.178879E-011   2.184929E+001   2.483443E-001   2.191792E+001  -2.184929E+001  -2.166957E+001  -1.797193E-001
   34501       4    20.833333    25.000000   1.060618E-010   3.171812E+001   3.843180E+000   3.292938E+001  -3.171812E+001  -2.908620E+001  -2.631919E+000
   34501       5    19.230769    20.833333  -9.631274E-011   1.310629E+001   1.125798E+001   1.744440E+001  -1.310629E+001  -6.186421E+000  -6.919865E+000
   34501       6    17.543860    19.230769   1.259526E-011   1.093296E+001   2.101745E+001   2.221111E+001  -1.093296E+001  -1.193658E+000  -9.739304E+000
   34501       7    13.333333    17.543860   2.847180E-010   1.521463E+001   7.743068E+001   7.762768E+001  -1.521463E+001  -1.969911E-001  -1.501764E+001
   34501       8    11.627907    13.333333   1.515921E-010   1.733314E+001   3.639301E+001   4.156952E+001  -1.733314E+001  -5.176506E+000  -1.215663E+001
   34501       9     9.009009    11.627907   1.518465E-010   3.390294E+001   5.313305E+001   7.078124E+001  -3.390294E+001  -1.764819E+001  -1.625475E+001
   34501      10     8.695652     9.009009   3.980483E-012   8.283587E+000   6.976443E-002   8.328039E+000  -8.283587E+000  -8.258275E+000  -2.531192E-002
   34501      11     8.333333     8.695652  -1.466777E-011   8.868276E+000   5.854252E-001   9.373116E+000  -8.868276E+000  -8.787691E+000  -8.058506E-002
   34501      12     7.633588     8.333333  -7.942813E-012   5.459831E+000   1.195555E+001   1.696315E+001  -5.459831E+000  -5.007607E+000  -4.522243E-001
   34501      13     7.042254     7.633588  -8.404416E-012   2.757163E+000   9.911172E+000   1.269812E+001  -2.757163E+000  -2.786951E+000   2.978787E-002
   34501      14     6.451613     7.042254  -2.157385E-012   6.517088E+000   3.769162E+000   1.072050E+001  -6.517088E+000  -6.951335E+000   4.342469E-001
   34501      15     5.464481     6.451613   5.866418E-012   1.268806E+001   8.459063E-003   1.270008E+001  -1.268806E+001  -1.269162E+001   3.560062E-003
   34501      16     4.950495     5.464481   6.388293E-013   9.394800E-001   2.494508E+000   3.954158E+000  -9.394800E-001  -1.459650E+000   5.201698E-001
   34501      17     3.333333     4.950495  -1.406366E-013   3.111362E-001   3.330811E+000   4.026055E+000  -3.111362E-001  -6.952445E-001   3.841083E-001
   34601       1    40.000000 10000.000000   6.111645E-010   2.035058E+001   1.609979E+001   2.424314E+001  -2.035058E+001  -8.143346E+000  -1.220723E+001
   34601       2    29.411765    40.000000  -3.309548E-010   2.628637E+001   4.226940E-002   2.629644E+001  -2.628637E+001  -2.625417E+001  -3.219999E-002
   34601       3    25.000000    29.411765   3.178702E-011   2.182005E+001   2.480832E-001   2.188868E+001  -2.182005E+001  -2.164059E+001  -1.794611E-001
   34601       4    20.833333    25.000000   1.060583E-010   3.167066E+001   3.833637E+000   3.288033E+001  -3.167066E+001  -2.904669E+001  -2.623976E+000
   34601       5    19.230769    20.833333  -9.630918E-011   1.308693E+001   1.122501E+001   1.741565E+001  -1.308693E+001  -6.190643E+000  -6.896288E+000
   34601       6    17.543860    19.230769   1.259437E-011   1.091829E+001   2.097756E+001   2.217202E+001  -1.091829E+001  -1.194459E+000  -9.723826E+000
   34601       7    13.333333    17.543860   2.847074E-010   1.521035E+001   7.727145E+001   7.746862E+001  -1.521035E+001  -1.971724E-001  -1.501318E+001
   34601       8    11.627907    13.333333   1.515836E-010   1.730244E+001   3.628543E+001   4.146795E+001  -1.730244E+001  -5.182520E+000  -1.211992E+001
   34601       9     9.009009    11.627907   1.518368E-010   3.383298E+001   5.291673E+001   7.057447E+001  -3.383298E+001  -1.765775E+001  -1.617524E+001
   34601      10     8.695652     9.009009   3.980205E-012   8.255849E+000   6.921999E-002   8.300023E+000  -8.255849E+000  -8.230803E+000  -2.504521E-002
   34601      11     8.333333     8.695652  -1.466649E-011   8.836665E+000   5.830250E-001   9.340411E+000  -8.836665E+000  -8.757386E+000  -7.927891E-002
   34601      12     7.633588     8.333333  -7.942147E-012   5.437210E+000   1.190775E+001   1.690032E+001  -5.437210E+000  -4.992574E+000  -4.446362E-001
   34601      13     7.042254     7.633588  -8.403583E-012   2.744591E+000   9.869278E+000   1.264714E+001  -2.744591E+000  -2.777866E+000   3.327514E-002
   34601      14     6.451613     7.042254  -2.157136E-012   6.484938E+000   3.751111E+000   1.067387E+001  -6.484938E+000  -6.922757E+000   4.378184E-001
   34601      15     5.464481     6.451613   5.865697E-012   1.262617E+001   8.386222E-003   1.263811E+001  -1.262617E+001  -1.262972E+001   3.548542E-003
   34601      16     4.950495     5.464481   6.387408E-013   9.345813E-001   2.478269E+000   3.932160E+000  -9.345813E-001  -1.453891E+000   5.193101E-001
   34601      17     3.333333     4.950495  -1.406141E-013   3.092482E-001   3.307813E+000   3.999802E+000  -3.092482E-001  -6.919891E-001   3.827409E-001
   34701       1    40.000000 10000.000000   6.111538E-010   2.033095E+001   1.608506E+001   2.422087E+001  -2.033095E+001  -8.135806E+000  -1.219515E+001
   34701       2    29.411765    40.000000  -3.309406E-010   2.625588E+001   4.224016E-002   2.626595E+001  -2.625588E+001  -2.622371E+001  -3.217031E-002
   34701       3    25.000000    29.411765   3.178613E-011   2.179099E+001   2.478303E-001   2.185960E+001  -2.179099E+001  -2.161177E+001  -1.792220E-001
   34701       4    20.833333    25.000000   1.060574E-010   3.162361E+001   3.824391E+000   3.283154E+001  -3.162361E+001  -2.900715E+001  -2.616453E+000
   34701       5    19.230769    20.833333  -9.630696E-011   1.306801E+001   1.119288E+001   1.738707E+001  -1.306801E+001  -6.194188E+000  -6.873825E+000
   34701       6    17.543860    19.230769   1.259348E-011   1.090429E+001   2.093808E+001   2.213315E+001  -1.090429E+001  -1.195071E+000  -9.709219E+000
   34701       7    13.333333    17.543860   2.846914E-010   1.520631E+001   7.711310E+001   7.731047E+001  -1.520631E+001  -1.973714E-001  -1.500894E+001
   34701       8    11.627907    13.333333   1.515756E-010   1.727287E+001   3.617930E+001   4.136695E+001  -1.727287E+001  -5.187645E+000  -1.208523E+001
   34701       9     9.009009    11.627907   1.518270E-010   3.376463E+001   5.270414E+001   7.036887E+001  -3.376463E+001  -1.766474E+001  -1.609989E+001
   34701      10     8.695652     9.009009   3.979816E-012   8.228267E+000   6.869295E-002   8.272166E+000  -8.228267E+000  -8.203473E+000  -2.479448E-002
   34701      11     8.333333     8.695652  -1.466538E-011   8.805342E+000   5.806752E-001   9.307890E+000  -8.805342E+000  -8.727215E+000  -7.812657E-002
   34701      12     7.633588     8.333333  -7.941425E-012   5.415390E+000   1.186082E+001   1.683784E+001  -5.415390E+000  -4.977020E+000  -4.383698E-001
   34701      13     7.042254     7.633588  -8.402806E-012   2.732603E+000   9.828090E+000   1.259645E+001  -2.732603E+000  -2.768364E+000   3.576105E-002
   34701      14     6.451613     7.042254  -2.156914E-012   6.453398E+000   3.733498E+000   1.062750E+001  -6.453398E+000  -6.894004E+000   4.406061E-001
   34701      15     5.464481     6.451613   5.865031E-012   1.256463E+001   8.315645E-003   1.257649E+001  -1.256463E+001  -1.256817E+001   3.535635E-003
   34701      16     4.950495     5.464481   6.386558E-013   9.297920E-001   2.462316E+000   3.910287E+000  -9.297920E-001  -1.447971E+000   5.181790E-001
   34701      17     3.333333     4.950495  -1.405941E-013   3.074112E-001   3.285294E+000   3.973697E+000  -3.074112E-001  -6.884033E-001   3.809921E-001
   34801       1    40.000000 10000.000000   6.111449E-010   2.031189E+001   1.607062E+001   2.419872E+001  -2.031189E+001  -8.128105E+000  -1.218378E+001
   34801       2    29.411765    40.000000  -3.309371E-010   2.622557E+001   4.221178E-002   2.623564E+001  -2.622557E+001  -2.619342E+001  -3.214307E-002
   34801       3    25.000000    29.411765   3.178613E-011   2.176211E+001   2.475846E-001   2.183069E+001  -2.176211E+001  -2.158311E+001  -1.790002E-001
   34801       4    20.833333    25.000000   1.060512E-010   3.157695E+001   3.815399E+000   3.278304E+001  -3.157695E+001  -2.896764E+001  -2.609311E+000
   34801       5    19.230769    20.833333  -9.630297E-011   1.304956E+001   1.116149E+001   1.735864E+001  -1.304956E+001  -6.197156E+000  -6.852409E+000
   34801       6    17.543860    19.230769   1.259348E-011   1.089093E+001   2.089894E+001   2.209451E+001  -1.089093E+001  -1.195563E+000  -9.695371E+000
   34801       7    13.333333    17.543860   2.846825E-010   1.520249E+001   7.695559E+001   7.715323E+001  -1.520249E+001  -1.976362E-001  -1.500485E+001
   34801       8    11.627907    13.333333   1.515681E-010   1.724443E+001   3.607442E+001   4.126653E+001  -1.724443E+001  -5.192110E+000  -1.205232E+001
   34801       9     9.009009    11.627907   1.518163E-010   3.369817E+001   5.249479E+001   7.016446E+001  -3.369817E+001  -1.766966E+001  -1.602851E+001
   34801      10     8.695652     9.009009   3.979594E-012   8.200845E+000   6.818194E-002   8.244468E+000  -8.200845E+000  -8.176286E+000  -2.455930E-002
   34801      11     8.333333     8.695652  -1.466427E-011   8.774266E+000   5.783919E-001   9.275557E+000  -8.774266E+000  -8.697165E+000  -7.710126E-002
   34801      12     7.633588     8.333333  -7.940759E-012   5.394362E+000   1.181477E+001   1.677573E+001  -5.394362E+000  -4.960959E+000  -4.334028E-001
   34801      13     7.042254     7.633588  -8.401974E-012   2.721174E+000   9.787577E+000   1.254606E+001  -2.721174E+000  -2.758478E+000   3.730433E-002
   34801      14     6.451613     7.042254  -2.156719E-012   6.422471E+000   3.716346E+000   1.058140E+001  -6.422471E+000  -6.865057E+000   4.425862E-001
   34801      15     5.464481     6.451613   5.864392E-012   1.250345E+001   8.247420E-003   1.251522E+001  -1.250345E+001  -1.250697E+001   3.520882E-003
   34801      16     4.950495     5.464481   6.385760E-013   9.251278E-001   2.446633E+000   3.888539E+000  -9.251278E-001  -1.441906E+000   5.167782E-001
   34801      17     3.333333     4.950495  -1.405733E-013   3.056227E-001   3.263139E+000   3.947742E+000  -3.056227E-001  -6.846031E-001   3.789804E-001
   34901       1    40.000000 10000.000000   6.111325E-010   2.029334E+001   1.605644E+001   2.417671E+001  -2.029334E+001  -8.120268E+000  -1.217307E+001
   34901       2    29.411765    40.000000  -3.309264E-010   2.619543E+001   4.218412E-002   2.620550E+001  -2.619543E+001  -2.616332E+001  -3.211792E-002
   34901       3    25.000000    29.411765   3.178435E-011   2.173340E+001   2.473455E-001   2.180195E+001  -2.173340E+001  -2.155460E+001  -1.787942E-001
   34901       4    20.833333    25.000000   1.060512E-010   3.153070E+001   3.806641E+000   3.273483E+001  -3.153070E+001  -2.892819E+001  -2.602514E+000
   34901       5    19.230769    20.833333  -9.629941E-011   1.303154E+001   1.113077E+001   1.733039E+001  -1.303154E+001  -6.199622E+000  -6.831919E+000
   34901       6    17.543860    19.230769   1.259348E-011   1.087817E+001   2.086019E+001   2.205609E+001  -1.087817E+001  -1.195900E+000  -9.682267E+000
   34901       7    13.333333    17.543860   2.846683E-010   1.519886E+001   7.679904E+001   7.699691E+001  -1.519886E+001  -1.978645E-001  -1.500100E+001
   34901       8    11.627907    13.333333   1.515605E-010   1.721701E+001   3.597085E+001   4.116671E+001  -1.721701E+001  -5.195851E+000  -1.202116E+001
   34901       9     9.009009    11.627907   1.518079E-010   3.363339E+001   5.228867E+001   6.996124E+001  -3.363339E+001  -1.767257E+001  -1.596082E+001
   34901      10     8.695652     9.009009   3.979261E-012   8.173585E+000   6.768513E-002   8.216933E+000  -8.173585E+000  -8.149248E+000  -2.433703E-002
   34901      11     8.333333     8.695652  -1.466316E-011   8.743431E+000   5.761674E-001   9.243413E+000  -8.743431E+000  -8.667246E+000  -7.618520E-002
   34901      12     7.633588     8.333333  -7.940093E-012   5.374036E+000   1.176953E+001   1.671398E+001  -5.374036E+000  -4.944450E+000  -4.295862E-001
   34901      13     7.042254     7.633588  -8.401280E-012   2.710253E+000   9.747759E+000   1.249595E+001  -2.710253E+000  -2.748194E+000   3.794033E-002
   34901      14     6.451613     7.042254  -2.156525E-012   6.392087E+000   3.699598E+000   1.053558E+001  -6.392087E+000  -6.835977E+000   4.438895E-001
   34901      15     5.464481     6.451613   5.863809E-012   1.244263E+001   8.181169E-003   1.245431E+001  -1.244263E+001  -1.244613E+001   3.504888E-003
   34901      16     4.950495     5.464481   6.385014E-013   9.205641E-001   2.431254E+000   3.866920E+000  -9.205641E-001  -1.435665E+000   5.151011E-001
   34901      17     3.333333     4.950495  -1.405560E-013   3.038784E-001   3.241256E+000   3.921940E+000  -3.038784E-001  -6.806836E-001   3.768052E-001
   35001       1    40.000000 10000.000000   6.111271E-010   2.027528E+001   1.604251E+001   2.415483E+001  -2.027528E+001  -8.112316E+000  -1.216296E+001
   35001       2    29.411765    40.000000  -3.309246E-010   2.616548E+001   4.215715E-002   2.617554E+001  -2.616548E+001  -2.613339E+001  -3.209470E-002
   35001       3    25.000000    29.411765   3.178346E-011   2.170487E+001   2.471127E-001   2.177338E+001  -2.170487E+001  -2.152627E+001  -1.786029E-001
   35001       4    20.833333    25.000000   1.060476E-010   3.148483E+001   3.798100E+000   3.268690E+001  -3.148483E+001  -2.888880E+001  -2.596034E+000
   35001       5    19.230769    20.833333  -9.629675E-011   1.301392E+001   1.110067E+001   1.730230E+001  -1.301392E+001  -6.201629E+000  -6.812289E+000
   35001       6    17.543860    19.230769   1.259348E-011   1.086595E+001   2.082177E+001   2.201789E+001  -1.086595E+001  -1.196124E+000  -9.669825E+000
   35001       7    13.333333    17.543860   2.846576E-010   1.519542E+001   7.664344E+001   7.684152E+001  -1.519542E+001  -1.980734E-001  -1.499735E+001
   35001       8    11.627907    13.333333   1.515530E-010   1.719054E+001   3.586844E+001   4.106747E+001  -1.719054E+001  -5.199039E+000  -1.199150E+001
   35001       9     9.009009    11.627907   1.517986E-010   3.357019E+001   5.208527E+001   6.975923E+001  -3.357019E+001  -1.767397E+001  -1.589623E+001
   35001      10     8.695652     9.009009   3.978984E-012   8.146487E+000   6.720141E-002   8.189562E+000  -8.146487E+000  -8.122361E+000  -2.412628E-002
   35001      11     8.333333     8.695652  -1.466216E-011   8.712833E+000   5.739973E-001   9.211461E+000  -8.712833E+000  -8.637464E+000  -7.536928E-002
   35001      12     7.633588     8.333333  -7.939649E-012   5.354375E+000   1.172495E+001   1.665259E+001  -5.354375E+000  -4.927642E+000  -4.267330E-001
   35001      13     7.042254     7.633588  -8.400641E-012   2.699805E+000   9.708446E+000   1.244615E+001  -2.699805E+000  -2.737703E+000   3.789711E-002
   35001      14     6.451613     7.042254  -2.156358E-012   6.362225E+000   3.683206E+000   1.049002E+001  -6.362225E+000  -6.806814E+000   4.445895E-001
   35001      15     5.464481     6.451613   5.863254E-012   1.238217E+001   8.116685E-003   1.239377E+001  -1.238217E+001  -1.238566E+001   3.487929E-003
   35001      16     4.950495     5.464481   6.384303E-013   9.160977E-001   2.416090E+000   3.845429E+000  -9.160977E-001  -1.429339E+000   5.132412E-001
   35001      17     3.333333     4.950495  -1.405378E-013   3.021751E-001   3.219556E+000   3.896291E+000  -3.021751E-001  -6.767352E-001   3.745600E-001
   35101       1    40.000000 10000.000000   6.111200E-010   2.025768E+001   1.602882E+001   2.413308E+001  -2.025768E+001  -8.104257E+000  -1.215342E+001
   35101       2    29.411765    40.000000  -3.309157E-010   2.613571E+001   4.213082E-002   2.614577E+001  -2.613571E+001  -2.610364E+001  -3.207327E-002
   35101       3    25.000000    29.411765   3.178435E-011   2.167653E+001   2.468855E-001   2.174499E+001  -2.167653E+001  -2.149810E+001  -1.784249E-001
   35101       4    20.833333    25.000000   1.060441E-010   3.143935E+001   3.789762E+000   3.263926E+001  -3.143935E+001  -2.884950E+001  -2.589850E+000
   35101       5    19.230769    20.833333  -9.629408E-011   1.299667E+001   1.107118E+001   1.727439E+001  -1.299667E+001  -6.203205E+000  -6.793465E+000
   35101       6    17.543860    19.230769   1.259259E-011   1.085424E+001   2.078373E+001   2.197994E+001  -1.085424E+001  -1.196206E+000  -9.658029E+000
   35101       7    13.333333    17.543860   2.846487E-010   1.519214E+001   7.648881E+001   7.668707E+001  -1.519214E+001  -1.982563E-001  -1.499389E+001
   35101       8    11.627907    13.333333   1.515463E-010   1.716494E+001   3.576722E+001   4.096884E+001  -1.716494E+001  -5.201621E+000  -1.196332E+001
   35101       9     9.009009    11.627907   1.517906E-010   3.350845E+001   5.188472E+001   6.955845E+001  -3.350845E+001  -1.767373E+001  -1.583472E+001
   35101      10     8.695652     9.009009   3.978706E-012   8.119553E+000   6.672989E-002   8.162357E+000  -8.119553E+000  -8.095627E+000  -2.392599E-002
   35101      11     8.333333     8.695652  -1.466122E-011   8.682471E+000   5.718803E-001   9.179702E+000  -8.682471E+000  -8.607822E+000  -7.464879E-002
   35101      12     7.633588     8.333333  -7.939094E-012   5.335328E+000   1.168113E+001   1.659158E+001  -5.335328E+000  -4.910448E+000  -4.248800E-001
   35101      13     7.042254     7.633588  -8.400003E-012   2.689782E+000   9.669738E+000   1.239664E+001  -2.689782E+000  -2.726907E+000   3.712451E-002
   35101      14     6.451613     7.042254  -2.156136E-012   6.332873E+000   3.667179E+000   1.044474E+001  -6.332873E+000  -6.777560E+000   4.446874E-001
   35101      15     5.464481     6.451613   5.862699E-012   1.232207E+001   8.054366E-003   1.233359E+001  -1.232207E+001  -1.232554E+001   3.469087E-003
   35101      16     4.950495     5.464481   6.383644E-013   9.117274E-001   2.401197E+000   3.824068E+000  -9.117274E-001  -1.422870E+000   5.111430E-001
   35101      17     3.333333     4.950495  -1.405213E-013   3.005089E-001   3.198078E+000   3.870797E+000  -3.005089E-001  -6.727194E-001   3.722105E-001
   35201       1    40.000000 10000.000000   6.111129E-010   2.024050E+001   1.601535E+001   2.411146E+001  -2.024050E+001  -8.096109E+000  -1.214439E+001
   35201       2    29.411765    40.000000  -3.309140E-010   2.610612E+001   4.210510E-002   2.611617E+001  -2.610612E+001  -2.607407E+001  -3.205350E-002
   35201       3    25.000000    29.411765   3.178346E-011   2.164836E+001   2.466638E-001   2.171676E+001  -2.164836E+001  -2.147010E+001  -1.782591E-001
   35201       4    20.833333    25.000000   1.060423E-010   3.139423E+001   3.781617E+000   3.259191E+001  -3.139423E+001  -2.881029E+001  -2.583939E+000
   35201       5    19.230769    20.833333  -9.629186E-011   1.297978E+001   1.104225E+001   1.724664E+001  -1.297978E+001  -6.204389E+000  -6.775387E+000
   35201       6    17.543860    19.230769   1.259259E-011   1.084300E+001   2.074604E+001   2.194221E+001  -1.084300E+001  -1.196173E+000  -9.646825E+000
   35201       7    13.333333    17.543860   2.846381E-010   1.518902E+001   7.633515E+001   7.653356E+001  -1.518902E+001  -1.984147E-001  -1.499061E+001
   35201       8    11.627907    13.333333   1.515397E-010   1.714018E+001   3.566715E+001   4.087081E+001  -1.714018E+001  -5.203668E+000  -1.193652E+001
   35201       9     9.009009    11.627907   1.517835E-010   3.344813E+001   5.168686E+001   6.935889E+001  -3.344813E+001  -1.767203E+001  -1.577610E+001
   35201      10     8.695652     9.009009   3.978484E-012   8.092784E+000   6.627025E-002   8.135318E+000  -8.092784E+000  -8.069048E+000  -2.373621E-002
   35201      11     8.333333     8.695652  -1.466027E-011   8.652342E+000   5.698138E-001   9.148138E+000  -8.652342E+000  -8.578324E+000  -7.401778E-002
   35201      12     7.633588     8.333333  -7.938483E-012   5.316880E+000   1.163799E+001   1.653094E+001  -5.316880E+000  -4.892943E+000  -4.239364E-001
   35201      13     7.042254     7.633588  -8.399420E-012   2.680179E+000   9.631568E+000   1.234744E+001  -2.680179E+000  -2.715877E+000   3.569751E-002
   35201      14     6.451613     7.042254  -2.155970E-012   6.304008E+000   3.651501E+000   1.039974E+001  -6.304008E+000  -6.748236E+000   4.442280E-001
   35201      15     5.464481     6.451613   5.862213E-012   1.226234E+001   7.993860E-003   1.227379E+001  -1.226234E+001  -1.226579E+001   3.448952E-003
   35201      16     4.950495     5.464481   6.383002E-013   9.074530E-001   2.386554E+000   3.802837E+000  -9.074530E-001  -1.416284E+000   5.088306E-001
   35201      17     3.333333     4.950495  -1.405065E-013   2.988806E-001   3.176809E+000   3.845460E+000  -2.988806E-001  -6.686507E-001   3.697701E-001
   35301       1    40.000000 10000.000000   6.111041E-010   2.022372E+001   1.600208E+001   2.408998E+001  -2.022372E+001  -8.087896E+000  -1.213582E+001
   35301       2    29.411765    40.000000  -3.309051E-010   2.607672E+001   4.208012E-002   2.608676E+001  -2.607672E+001  -2.604468E+001  -3.203537E-002
   35301       3    25.000000    29.411765   3.178169E-011   2.162038E+001   2.464487E-001   2.168872E+001  -2.162038E+001  -2.144227E+001  -1.781059E-001
   35301       4    20.833333    25.000000   1.060378E-010   3.134947E+001   3.773756E+000   3.254486E+001  -3.134947E+001  -2.877110E+001  -2.578367E+000
   35301       5    19.230769    20.833333  -9.628875E-011   1.296316E+001   1.101415E+001   1.721907E+001  -1.296316E+001  -6.204918E+000  -6.758241E+000
   35301       6    17.543860    19.230769   1.259171E-011   1.083219E+001   2.070870E+001   2.190472E+001  -1.083219E+001  -1.196014E+000  -9.636181E+000
   35301       7    13.333333    17.543860   2.846292E-010   1.518604E+001   7.618247E+001   7.638102E+001  -1.518604E+001  -1.985481E-001  -1.498749E+001
   35301       8    11.627907    13.333333   1.515326E-010   1.711612E+001   3.556847E+001   4.077340E+001  -1.711612E+001  -5.204923E+000  -1.191119E+001
   35301       9     9.009009    11.627907   1.517764E-010   3.338873E+001   5.149280E+001   6.916058E+001  -3.338873E+001  -1.766778E+001  -1.572095E+001
   35301      10     8.695652     9.009009   3.978262E-012   8.066180E+000   6.582517E-002   8.108448E+000  -8.066180E+000  -8.042622E+000  -2.355784E-002
   35301      11     8.333333     8.695652  -1.465944E-011   8.622419E+000   5.678320E-001   9.116770E+000  -8.622419E+000  -8.548938E+000  -7.348089E-002
   35301      12     7.633588     8.333333  -7.938095E-012   5.298967E+000   1.159553E+001   1.647068E+001  -5.298967E+000  -4.875144E+000  -4.238230E-001
   35301      13     7.042254     7.633588  -8.398837E-012   2.670947E+000   9.593969E+000   1.229855E+001  -2.670947E+000  -2.704582E+000   3.363533E-002
   35301      14     6.451613     7.042254  -2.155817E-012   6.275574E+000   3.636179E+000   1.035502E+001  -6.275574E+000  -6.718836E+000   4.432625E-001
   35301      15     5.464481     6.451613   5.861728E-012   1.220299E+001   7.935284E-003   1.221435E+001  -1.220299E+001  -1.220641E+001   3.427397E-003
   35301      16     4.950495     5.464481   6.382412E-013   9.032575E-001   2.372174E+000   3.781739E+000  -9.032575E-001  -1.409566E+000   5.063082E-001
   35301      17     3.333333     4.950495  -1.404892E-013   2.972856E-001   3.155756E+000   3.820280E+000  -2.972856E-001  -6.645239E-001   3.672383E-001
   35401       1    40.000000 10000.000000   6.110970E-010   2.020731E+001   1.598901E+001   2.406863E+001  -2.020731E+001  -8.079628E+000  -1.212768E+001
   35401       2    29.411765    40.000000  -3.308998E-010   2.604750E+001   4.205565E-002   2.605754E+001  -2.604750E+001  -2.601549E+001  -3.201859E-002
   35401       3    25.000000    29.411765   3.178169E-011   2.159257E+001   2.462382E-001   2.166085E+001  -2.159257E+001  -2.141461E+001  -1.779626E-001
   35401       4    20.833333    25.000000   1.060352E-010   3.130506E+001   3.766055E+000   3.249810E+001  -3.130506E+001  -2.873205E+001  -2.573014E+000
   35401       5    19.230769    20.833333  -9.628653E-011   1.294684E+001   1.098652E+001   1.719167E+001  -1.294684E+001  -6.205148E+000  -6.741694E+000
   35401       6    17.543860    19.230769   1.259171E-011   1.082180E+001   2.067171E+001   2.186746E+001  -1.082180E+001  -1.195750E+000  -9.626046E+000
   35401       7    13.333333    17.543860   2.846186E-010   1.518319E+001   7.603077E+001   7.622943E+001  -1.518319E+001  -1.986620E-001  -1.498453E+001
   35401       8    11.627907    13.333333   1.515277E-010   1.709274E+001   3.547083E+001   4.067659E+001  -1.709274E+001  -5.205763E+000  -1.188698E+001
   35401       9     9.009009    11.627907   1.517697E-010   3.333048E+001   5.130107E+001   6.896352E+001  -3.333048E+001  -1.766245E+001  -1.566803E+001
   35401      10     8.695652     9.009009   3.978040E-012   8.039744E+000   6.538961E-002   8.081747E+000  -8.039744E+000  -8.016357E+000  -2.338683E-002
   35401      11     8.333333     8.695652  -1.465855E-011   8.592713E+000   5.658988E-001   9.085600E+000  -8.592713E+000  -8.519701E+000  -7.301171E-002
   35401      12     7.633588     8.333333  -7.937651E-012   5.281552E+000   1.155360E+001   1.641079E+001  -5.281552E+000  -4.857198E+000  -4.243534E-001
   35401      13     7.042254     7.633588  -8.398310E-012   2.662058E+000   9.556800E+000   1.224997E+001  -2.662058E+000  -2.693166E+000   3.110810E-002
   35401      14     6.451613     7.042254  -2.155665E-012   6.247544E+000   3.621119E+000   1.031058E+001  -6.247544E+000  -6.689456E+000   4.419115E-001
   35401      15     5.464481     6.451613   5.861284E-012   1.214401E+001   7.878091E-003   1.215529E+001  -1.214401E+001  -1.214741E+001   3.405181E-003
   35401      16     4.950495     5.464481   6.381805E-013   8.991355E-001   2.357969E+000   3.760775E+000  -8.991355E-001  -1.402805E+000   5.036698E-001
   35401      17     3.333333     4.950495  -1.404762E-013   2.957219E-001   3.134887E+000   3.795259E+000  -2.957219E-001  -6.603725E-001   3.646506E-001
   35501       1    40.000000 10000.000000   6.110898E-010   2.019125E+001   1.597611E+001   2.404742E+001  -2.019125E+001  -8.071316E+000  -1.211993E+001
   35501       2    29.411765    40.000000  -3.308944E-010   2.601848E+001   4.203168E-002   2.602850E+001  -2.601848E+001  -2.598647E+001  -3.200309E-002
   35501       3    25.000000    29.411765   3.177991E-011   2.156495E+001   2.460319E-001   2.163316E+001  -2.156495E+001  -2.138713E+001  -1.778284E-001
   35501       4    20.833333    25.000000   1.060352E-010   3.126101E+001   3.758504E+000   3.245165E+001  -3.126101E+001  -2.869314E+001  -2.567866E+000
   35501       5    19.230769    20.833333  -9.628431E-011   1.293081E+001   1.095933E+001   1.716444E+001  -1.293081E+001  -6.205109E+000  -6.725702E+000
   35501       6    17.543860    19.230769   1.259171E-011   1.081178E+001   2.063502E+001   2.183044E+001  -1.081178E+001  -1.195421E+000  -9.616356E+000
   35501       7    13.333333    17.543860   2.846114E-010   1.518046E+001   7.588006E+001   7.607881E+001  -1.518046E+001  -1.987516E-001  -1.498171E+001
   35501       8    11.627907    13.333333   1.515224E-010   1.707003E+001   3.537420E+001   4.058041E+001  -1.707003E+001  -5.206210E+000  -1.186382E+001
   35501       9     9.009009    11.627907   1.517613E-010   3.327337E+001   5.111167E+001   6.876772E+001  -3.327337E+001  -1.765604E+001  -1.561733E+001
   35501      10     8.695652     9.009009   3.977818E-012   8.013477E+000   6.496355E-002   8.055216E+000  -8.013477E+000  -7.990253E+000  -2.322368E-002
   35501      11     8.333333     8.695652  -1.465783E-011   8.563233E+000   5.640045E-001   9.054629E+000  -8.563233E+000  -8.490625E+000  -7.260808E-002
   35501      12     7.633588     8.333333  -7.937095E-012   5.264615E+000   1.151221E+001   1.635129E+001  -5.264615E+000  -4.839081E+000  -4.255341E-001
   35501      13     7.042254     7.633588  -8.397755E-012   2.653502E+000   9.520099E+000   1.220169E+001  -2.653502E+000  -2.681592E+000   2.808985E-002
   35501      14     6.451613     7.042254  -2.155512E-012   6.219923E+000   3.606331E+000   1.026642E+001  -6.219923E+000  -6.660088E+000   4.401643E-001
   35501      15     5.464481     6.451613   5.860826E-012   1.208540E+001   7.822207E-003   1.209661E+001  -1.208540E+001  -1.208878E+001   3.382366E-003
   35501      16     4.950495     5.464481   6.381267E-013   8.950889E-001   2.343975E+000   3.739944E+000  -8.950889E-001  -1.395969E+000   5.008802E-001
   35501      17     3.333333     4.950495  -1.404614E-013   2.941889E-001   3.114240E+000   3.770398E+000  -2.941889E-001  -6.561579E-001   3.619690E-001
   35601       1    40.000000 10000.000000   6.110845E-010   2.017551E+001   1.596337E+001   2.402635E+001  -2.017551E+001  -8.062981E+000  -1.211253E+001
   35601       2    29.411765    40.000000  -3.308873E-010   2.598963E+001   4.200827E-002   2.599965E+001  -2.598963E+001  -2.595765E+001  -3.198882E-002
   35601       3    25.000000    29.411765   3.178080E-011   2.153752E+001   2.458302E-001   2.160564E+001  -2.153752E+001  -2.135981E+001  -1.777032E-001
   35601       4    20.833333    25.000000   1.060307E-010   3.121729E+001   3.751123E+000   3.240549E+001  -3.121729E+001  -2.865437E+001  -2.562922E+000
   35601       5    19.230769    20.833333  -9.628254E-011   1.291499E+001   1.093263E+001   1.713739E+001  -1.291499E+001  -6.204759E+000  -6.710228E+000
   35601       6    17.543860    19.230769   1.259082E-011   1.080209E+001   2.059858E+001   2.179366E+001  -1.080209E+001  -1.195080E+000  -9.607014E+000
   35601       7    13.333333    17.543860   2.846043E-010   1.517785E+001   7.573033E+001   7.592917E+001  -1.517785E+001  -1.988346E-001  -1.497901E+001
   35601       8    11.627907    13.333333   1.515170E-010   1.704783E+001   3.527848E+001   4.048484E+001  -1.704783E+001  -5.206359E+000  -1.184147E+001
   35601       9     9.009009    11.627907   1.517564E-010   3.321687E+001   5.092447E+001   6.857317E+001  -3.321687E+001  -1.764870E+001  -1.556817E+001
   35601      10     8.695652     9.009009   3.977652E-012   7.987377E+000   6.454714E-002   8.028857E+000  -7.987377E+000  -7.964309E+000  -2.306765E-002
   35601      11     8.333333     8.695652  -1.465705E-011   8.533976E+000   5.621461E-001   9.023857E+000  -8.533976E+000  -8.461711E+000  -7.226434E-002
   35601      12     7.633588     8.333333  -7.936596E-012   5.248088E+000   1.147136E+001   1.629218E+001  -5.248088E+000  -4.820820E+000  -4.272680E-001
   35601      13     7.042254     7.633588  -8.397311E-012   2.645233E+000   9.483822E+000   1.215373E+001  -2.645233E+000  -2.669905E+000   2.467201E-002
   35601      14     6.451613     7.042254  -2.155401E-012   6.192706E+000   3.591802E+000   1.022255E+001  -6.192706E+000  -6.630744E+000   4.380382E-001
   35601      15     5.464481     6.451613   5.860409E-012   1.202717E+001   7.767533E-003   1.203830E+001  -1.202717E+001  -1.203053E+001   3.359202E-003
   35601      16     4.950495     5.464481   6.380729E-013   8.911028E-001   2.330167E+000   3.719247E+000  -8.911028E-001  -1.389079E+000   4.979764E-001
   35601      17     3.333333     4.950495  -1.404484E-013   2.926825E-001   3.093778E+000   3.745697E+000  -2.926825E-001  -6.519190E-001   3.592365E-001
   35701       1    40.000000 10000.000000   6.110792E-010   2.016009E+001   1.595079E+001   2.400541E+001  -2.016009E+001  -8.054618E+000  -1.210547E+001
   35701       2    29.411765    40.000000  -3.308873E-010   2.596098E+001   4.198535E-002   2.597099E+001  -2.596098E+001  -2.592901E+001  -3.197568E-002
   35701       3    25.000000    29.411765   3.177991E-011   2.151026E+001   2.456328E-001   2.157831E+001  -2.151026E+001  -2.133268E+001  -1.775863E-001
   35701       4    20.833333    25.000000   1.060334E-010   3.117390E+001   3.743899E+000   3.235963E+001  -3.117390E+001  -2.861573E+001  -2.558169E+000
   35701       5    19.230769    20.833333  -9.628121E-011   1.289938E+001   1.090640E+001   1.711052E+001  -1.289938E+001  -6.204121E+000  -6.695259E+000
   35701       6    17.543860    19.230769   1.259082E-011   1.079273E+001   2.056246E+001   2.175712E+001  -1.079273E+001  -1.194656E+000  -9.598076E+000
   35701       7    13.333333    17.543860   2.845955E-010   1.517533E+001   7.558158E+001   7.578049E+001  -1.517533E+001  -1.989025E-001  -1.497643E+001
   35701       8    11.627907    13.333333   1.515117E-010   1.702614E+001   3.518376E+001   4.038989E+001  -1.702614E+001  -5.206134E+000  -1.182001E+001
   35701       9     9.009009    11.627907   1.517511E-010   3.316111E+001   5.073955E+001   6.837989E+001  -3.316111E+001  -1.764034E+001  -1.552077E+001
   35701      10     8.695652     9.009009   3.977485E-012   7.961446E+000   6.413991E-002   8.002668E+000  -7.961446E+000  -7.938528E+000  -2.291858E-002
   35701      11     8.333333     8.695652  -1.465639E-011   8.504939E+000   5.603233E-001   8.993285E+000  -8.504939E+000  -8.432962E+000  -7.197709E-002
   35701      12     7.633588     8.333333  -7.936318E-012   5.231974E+000   1.143103E+001   1.623344E+001  -5.231974E+000  -4.802414E+000  -4.295592E-001
   35701      13     7.042254     7.633588  -8.396811E-012   2.637254E+000   9.447986E+000   1.210607E+001  -2.637254E+000  -2.658088E+000   2.083344E-002
   35701      14     6.451613     7.042254  -2.155262E-012   6.165878E+000   3.577520E+000   1.017896E+001  -6.165878E+000  -6.601439E+000   4.355603E-001
   35701      15     5.464481     6.451613   5.860035E-012   1.196932E+001   7.714078E-003   1.198037E+001  -1.196932E+001  -1.197266E+001   3.335563E-003
   35701      16     4.950495     5.464481   6.380244E-013   8.871823E-001   2.316545E+000   3.698684E+000  -8.871823E-001  -1.382139E+000   4.949563E-001
   35701      17     3.333333     4.950495  -1.404371E-013   2.912041E-001   3.073502E+000   3.721155E+000  -2.912041E-001  -6.476534E-001   3.564493E-001
   35801       1    40.000000 10000.000000   6.110739E-010   2.014496E+001   1.593838E+001   2.398461E+001  -2.014496E+001  -8.046237E+000  -1.209872E+001
   35801       2    29.411765    40.000000  -3.308838E-010   2.593252E+001   4.196286E-002   2.594252E+001  -2.593252E+001  -2.590055E+001  -3.196356E-002
   35801       3    25.000000    29.411765   3.178080E-011   2.148319E+001   2.454390E-001   2.155115E+001  -2.148319E+001  -2.130571E+001  -1.774768E-001
   35801       4    20.833333    25.000000   1.060272E-010   3.113085E+001   3.736802E+000   3.231407E+001  -3.113085E+001  -2.857727E+001  -2.553581E+000
   35801       5    19.230769    20.833333  -9.627854E-011   1.288402E+001   1.088055E+001   1.708382E+001  -1.288402E+001  -6.203274E+000  -6.680743E+000
   35801       6    17.543860    19.230769   1.259082E-011   1.078367E+001   2.052664E+001   2.172082E+001  -1.078367E+001  -1.194180E+000  -9.589488E+000
   35801       7    13.333333    17.543860   2.845884E-010   1.517292E+001   7.543383E+001   7.563278E+001  -1.517292E+001  -1.989556E-001  -1.497396E+001
   35801       8    11.627907    13.333333   1.515077E-010   1.700499E+001   3.508995E+001   4.029557E+001  -1.700499E+001  -5.205622E+000  -1.179937E+001
   35801       9     9.009009    11.627907   1.517440E-010   3.310626E+001   5.055664E+001   6.818787E+001  -3.310626E+001  -1.763124E+001  -1.547502E+001
   35801      10     8.695652     9.009009   3.977318E-012   7.935684E+000   6.373965E-002   7.976650E+000  -7.935684E+000  -7.912910E+000  -2.277360E-002
   35801      11     8.333333     8.695652  -1.465567E-011   8.476147E+000   5.585205E-001   8.962913E+000  -8.476147E+000  -8.404392E+000  -7.175454E-002
   35801      12     7.633588     8.333333  -7.935819E-012   5.216232E+000   1.139118E+001   1.617510E+001  -5.216232E+000  -4.783913E+000  -4.323194E-001
   35801      13     7.042254     7.633588  -8.396395E-012   2.629520E+000   9.412553E+000   1.205873E+001  -2.629520E+000  -2.646178E+000   1.665807E-002
   35801      14     6.451613     7.042254  -2.155123E-012   6.139381E+000   3.563457E+000   1.013566E+001  -6.139381E+000  -6.572199E+000   4.328181E-001
   35801      15     5.464481     6.451613   5.859632E-012   1.191185E+001   7.661886E-003   1.192282E+001  -1.191185E+001  -1.191516E+001   3.311193E-003
   35801      16     4.950495     5.464481   6.379758E-013   8.833225E-001   2.303106E+000   3.678255E+000  -8.833225E-001  -1.375149E+000   4.918270E-001
   35801      17     3.333333     4.950495  -1.404250E-013   2.897504E-001   3.053414E+000   3.696775E+000  -2.897504E-001  -6.433613E-001   3.536108E-001
   35901       1    40.000000 10000.000000   6.110650E-010   2.013010E+001   1.592611E+001   2.396395E+001  -2.013010E+001  -8.037839E+000  -1.209226E+001
   35901       2    29.411765    40.000000  -3.308749E-010   2.590424E+001   4.194073E-002   2.591423E+001  -2.590424E+001  -2.587229E+001  -3.195234E-002
   35901       3    25.000000    29.411765   3.177814E-011   2.145630E+001   2.452485E-001   2.152418E+001  -2.145630E+001  -2.127893E+001  -1.773739E-001
   35901       4    20.833333    25.000000   1.060263E-010   3.108813E+001   3.729825E+000   3.226881E+001  -3.108813E+001  -2.853899E+001  -2.549147E+000
   35901       5    19.230769    20.833333  -9.627676E-011   1.286888E+001   1.085506E+001   1.705730E+001  -1.286888E+001  -6.202234E+000  -6.666648E+000
   35901       6    17.543860    19.230769   1.258904E-011   1.077488E+001   2.049108E+001   2.168475E+001  -1.077488E+001  -1.193673E+000  -9.581205E+000
   35901       7    13.333333    17.543860   2.845848E-010   1.517059E+001   7.528705E+001   7.548605E+001  -1.517059E+001  -1.989989E-001  -1.497159E+001
   35901       8    11.627907    13.333333   1.515028E-010   1.698432E+001   3.499700E+001   4.020186E+001  -1.698432E+001  -5.204863E+000  -1.177946E+001
   35901       9     9.009009    11.627907   1.517395E-010   3.305225E+001   5.037569E+001   6.799712E+001  -3.305225E+001  -1.762143E+001  -1.543082E+001
   35901      10     8.695652     9.009009   3.977096E-012   7.910092E+000   6.334764E-002   7.950804E+000  -7.910092E+000  -7.887456E+000  -2.263559E-002
   35901      11     8.333333     8.695652  -1.465505E-011   8.447570E+000   5.567483E-001   8.932740E+000  -8.447570E+000  -8.375992E+000  -7.157775E-002
   35901      12     7.633588     8.333333  -7.935430E-012   5.200835E+000   1.135182E+001   1.611713E+001  -5.200835E+000  -4.765306E+000  -4.355290E-001
   35901      13     7.042254     7.633588  -8.395895E-012   2.622018E+000   9.377515E+000   1.201170E+001  -2.622018E+000  -2.634186E+000   1.216802E-002
   35901      14     6.451613     7.042254  -2.155026E-012   6.113217E+000   3.549612E+000   1.009264E+001  -6.113217E+000  -6.543026E+000   4.298094E-001
   35901      15     5.464481     6.451613   5.859271E-012   1.185475E+001   7.610778E-003   1.186565E+001  -1.185475E+001  -1.185804E+001   3.286390E-003
   35901      16     4.950495     5.464481   6.379307E-013   8.795149E-001   2.289845E+000   3.657961E+000  -8.795149E-001  -1.368117E+000   4.886020E-001
   35901      17     3.333333     4.950495  -1.404129E-013   2.883197E-001   3.033507E+000   3.672555E+000  -2.883197E-001  -6.390472E-001   3.507276E-001
   36001       1    40.000000 10000.000000   6.110596E-010   2.011551E+001   1.591399E+001   2.394342E+001  -2.011551E+001  -8.029433E+000  -1.208607E+001
   36001       2    29.411765    40.000000  -3.308749E-010   2.587615E+001   4.191899E-002   2.588613E+001  -2.587615E+001  -2.584421E+001  -3.194193E-002
   36001       3    25.000000    29.411765   3.177991E-011   2.142959E+001   2.450616E-001   2.149738E+001  -2.142959E+001  -2.125232E+001  -1.772775E-001
   36001       4    20.833333    25.000000   1.060263E-010   3.104574E+001   3.722993E+000   3.222385E+001  -3.104574E+001  -2.850086E+001  -2.544884E+000
   36001       5    19.230769    20.833333  -9.627543E-011   1.285396E+001   1.083002E+001   1.703095E+001  -1.285396E+001  -6.200929E+000  -6.653032E+000
   36001       6    17.543860    19.230769   1.258904E-011   1.076635E+001   2.045582E+001   2.164893E+001  -1.076635E+001  -1.193114E+000  -9.573237E+000
   36001       7    13.333333    17.543860   2.845741E-010   1.516834E+001   7.514125E+001   7.534029E+001  -1.516834E+001  -1.990325E-001  -1.496931E+001
   36001       8    11.627907    13.333333   1.514988E-010   1.696412E+001   3.490501E+001   4.010878E+001  -1.696412E+001  -5.203767E+000  -1.176035E+001
   36001       9     9.009009    11.627907   1.517333E-010   3.299905E+001   5.019704E+001   6.780763E+001  -3.299905E+001  -1.761059E+001  -1.538846E+001
   36001      10     8.695652     9.009009   3.976985E-012   7.884662E+000   6.295771E-002   7.925129E+000  -7.884662E+000  -7.862171E+000  -2.249138E-002
   36001      11     8.333333     8.695652  -1.465439E-011   8.419209E+000   5.550091E-001   8.902768E+000  -8.419209E+000  -8.347759E+000  -7.145020E-002
   36001      12     7.633588     8.333333  -7.935153E-012   5.185793E+000   1.131300E+001   1.605955E+001  -5.185793E+000  -4.746553E+000  -4.392398E-001
   36001      13     7.042254     7.633588  -8.395534E-012   2.614750E+000   9.342912E+000   1.196498E+001  -2.614750E+000  -2.622071E+000   7.321119E-003
   36001      14     6.451613     7.042254  -2.154929E-012   6.087405E+000   3.536010E+000   1.004990E+001  -6.087405E+000  -6.513895E+000   4.264902E-001
   36001      15     5.464481     6.451613   5.858911E-012   1.179804E+001   7.561031E-003   1.180886E+001  -1.179804E+001  -1.180130E+001   3.260592E-003
   36001      16     4.950495     5.464481   6.378838E-013   8.757719E-001   2.276783E+000   3.637802E+000  -8.757719E-001  -1.361019E+000   4.852467E-001
   36001      17     3.333333     4.950495  -1.404016E-013   2.869124E-001   3.013784E+000   3.648495E+000  -2.869124E-001  -6.347113E-001   3.477988E-001
   36101       1    40.000000 10000.000000   6.110561E-010   2.010115E+001   1.590201E+001   2.392303E+001  -2.010115E+001  -8.021026E+000  -1.208012E+001
   36101       2    29.411765    40.000000  -3.308713E-010   2.584825E+001   4.189768E-002   2.585821E+001  -2.584825E+001  -2.581632E+001  -3.193234E-002
   36101       3    25.000000    29.411765   3.177814E-011   2.140307E+001   2.448788E-001   2.147076E+001  -2.140307E+001  -2.122588E+001  -1.771877E-001
   36101       4    20.833333    25.000000   1.060227E-010   3.100367E+001   3.716334E+000   3.217919E+001  -3.100367E+001  -2.846286E+001  -2.540810E+000
   36101       5    19.230769    20.833333  -9.627321E-011   1.283922E+001   1.080552E+001   1.700478E+001  -1.283922E+001  -6.199266E+000  -6.639953E+000
   36101       6    17.543860    19.230769   1.258904E-011   1.075807E+001   2.042087E+001   2.161335E+001  -1.075807E+001  -1.192473E+000  -9.565595E+000
   36101       7    13.333333    17.543860   2.845617E-010   1.516617E+001   7.499645E+001   7.519550E+001  -1.516617E+001  -1.990475E-001  -1.496712E+001
   36101       8    11.627907    13.333333   1.514944E-010   1.694432E+001   3.481413E+001   4.001632E+001  -1.694432E+001  -5.202193E+000  -1.174213E+001
   36101       9     9.009009    11.627907   1.517289E-010   3.294646E+001   5.002117E+001   6.761941E+001  -3.294646E+001  -1.759824E+001  -1.534822E+001
   36101      10     8.695652     9.009009   3.976874E-012   7.859409E+000   6.258327E-002   7.899626E+000  -7.859409E+000  -7.837042E+000  -2.236620E-002
   36101      11     8.333333     8.695652  -1.465383E-011   8.391056E+000   5.533070E-001   8.872996E+000  -8.391056E+000  -8.319689E+000  -7.136714E-002
   36101      12     7.633588     8.333333  -7.934819E-012   5.171074E+000   1.127465E+001   1.600235E+001  -5.171074E+000  -4.727702E+000  -4.433722E-001
   36101      13     7.042254     7.633588  -8.395118E-012   2.607695E+000   9.308721E+000   1.191858E+001  -2.607695E+000  -2.609857E+000   2.161918E-003
   36101      14     6.451613     7.042254  -2.154804E-012   6.061910E+000   3.522634E+000   1.000746E+001  -6.061910E+000  -6.484825E+000   4.229148E-001
   36101      15     5.464481     6.451613   5.858578E-012   1.174170E+001   7.512426E-003   1.175245E+001  -1.174170E+001  -1.174493E+001   3.234243E-003
   36101      16     4.950495     5.464481   6.378422E-013   8.720844E-001   2.263898E+000   3.617778E+000  -8.720844E-001  -1.353880E+000   4.817955E-001
   36101      17     3.333333     4.950495  -1.403929E-013   2.855272E-001   2.994248E+000   3.624597E+000  -2.855272E-001  -6.303486E-001   3.448214E-001
   36201       1    40.000000 10000.000000   6.110508E-010   2.008702E+001   1.589014E+001   2.390278E+001  -2.008702E+001  -8.012639E+000  -1.207438E+001
   36201       2    29.411765    40.000000  -3.308660E-010   2.582054E+001   4.187666E-002   2.583049E+001  -2.582054E+001  -2.578861E+001  -3.192338E-002
   36201       3    25.000000    29.411765   3.177814E-011   2.137672E+001   2.446986E-001   2.144432E+001  -2.137672E+001  -2.119962E+001  -1.771027E-001
   36201       4    20.833333    25.000000   1.060227E-010   3.096191E+001   3.709771E+000   3.213484E+001  -3.096191E+001  -2.842507E+001  -2.536848E+000
   36201       5    19.230769    20.833333  -9.627144E-011   1.282467E+001   1.078130E+001   1.697879E+001  -1.282467E+001  -6.197491E+000  -6.627175E+000
   36201       6    17.543860    19.230769   1.258904E-011   1.075001E+001   2.038614E+001   2.157800E+001  -1.075001E+001  -1.191865E+000  -9.558143E+000
   36201       7    13.333333    17.543860   2.845617E-010   1.516407E+001   7.485267E+001   7.505169E+001  -1.516407E+001  -1.990272E-001  -1.496504E+001
   36201       8    11.627907    13.333333   1.514890E-010   1.692491E+001   3.472402E+001   3.992448E+001  -1.692491E+001  -5.200468E+000  -1.172444E+001
   36201       9     9.009009    11.627907   1.517240E-010   3.289457E+001   4.984703E+001   6.743246E+001  -3.289457E+001  -1.758543E+001  -1.530914E+001
   36201      10     8.695652     9.009009   3.976652E-012   7.834325E+000   6.221484E-002   7.874295E+000  -7.834325E+000  -7.812080E+000  -2.224485E-002
   36201      11     8.333333     8.695652  -1.465322E-011   8.363093E+000   5.516619E-001   8.843426E+000  -8.363093E+000  -8.291764E+000  -7.132896E-002
   36201      12     7.633588     8.333333  -7.934486E-012   5.156645E+000   1.123665E+001   1.594554E+001  -5.156645E+000  -4.708893E+000  -4.477515E-001
   36201      13     7.042254     7.633588  -8.394785E-012   2.600832E+000   9.274868E+000   1.187249E+001  -2.600832E+000  -2.597617E+000  -3.215205E-003
   36201      14     6.451613     7.042254  -2.154679E-012   6.036682E+000   3.509444E+000   9.965299E+000  -6.036682E+000  -6.455855E+000   4.191734E-001
   36201      15     5.464481     6.451613   5.858231E-012   1.168574E+001   7.464649E-003   1.169642E+001  -1.168574E+001  -1.168895E+001   3.207777E-003
   36201      16     4.950495     5.464481   6.378040E-013   8.684394E-001   2.251169E+000   3.597889E+000  -8.684394E-001  -1.346719E+000   4.782800E-001
   36201      17     3.333333     4.950495  -1.403808E-013   2.841620E-001   2.974959E+000   3.600860E+000  -2.841620E-001  -6.259003E-001   3.417383E-001
   36301       1    40.000000 10000.000000   6.110454E-010   2.007311E+001   1.587840E+001   2.388267E+001  -2.007311E+001  -8.004268E+000  -1.206884E+001
   36301       2    29.411765    40.000000  -3.308624E-010   2.579301E+001   4.185593E-002   2.580295E+001  -2.579301E+001  -2.576110E+001  -3.191502E-002
   36301       3    25.000000    29.411765   3.177725E-011   2.135056E+001   2.445209E-001   2.141806E+001  -2.135056E+001  -2.117354E+001  -1.770223E-001
   36301       4    20.833333    25.000000   1.060201E-010   3.092048E+001   3.703300E+000   3.209078E+001  -3.092048E+001  -2.838748E+001  -2.532994E+000
   36301       5    19.230769    20.833333  -9.626966E-011   1.281030E+001   1.075737E+001   1.695297E+001  -1.281030E+001  -6.195605E+000  -6.614695E+000
   36301       6    17.543860    19.230769   1.258904E-011   1.074216E+001   2.035161E+001   2.154290E+001  -1.074216E+001  -1.191286E+000  -9.550873E+000
   36301       7    13.333333    17.543860   2.845528E-010   1.516203E+001   7.470985E+001   7.490886E+001  -1.516203E+001  -1.990102E-001  -1.496302E+001
   36301       8    11.627907    13.333333   1.514864E-010   1.690588E+001   3.463459E+001   3.983327E+001  -1.690588E+001  -5.198682E+000  -1.170720E+001
   36301       9     9.009009    11.627907   1.517186E-010   3.284337E+001   4.967440E+001   6.724678E+001  -3.284337E+001  -1.757237E+001  -1.527099E+001
   36301      10     8.695652     9.009009   3.976486E-012   7.809411E+000   6.185237E-002   7.849136E+000  -7.809411E+000  -7.787283E+000  -2.212744E-002
   36301      11     8.333333     8.695652  -1.465278E-011   8.335336E+000   5.500399E-001   8.814056E+000  -8.335336E+000  -8.264016E+000  -7.132024E-002
   36301      12     7.633588     8.333333  -7.934209E-012   5.142490E+000   1.119901E+001   1.588912E+001  -5.142490E+000  -4.690112E+000  -4.523777E-001
   36301      13     7.042254     7.633588  -8.394341E-012   2.594147E+000   9.241311E+000   1.182671E+001  -2.594147E+000  -2.585394E+000  -8.753566E-003
   36301      14     6.451613     7.042254  -2.154582E-012   6.011735E+000   3.496416E+000   9.923425E+000  -6.011735E+000  -6.427008E+000   4.152735E-001
   36301      15     5.464481     6.451613   5.857939E-012   1.163017E+001   7.417606E-003   1.164077E+001  -1.163017E+001  -1.163335E+001   3.181342E-003
   36301      16     4.950495     5.464481   6.377659E-013   8.648396E-001   2.238561E+000   3.578134E+000  -8.648396E-001  -1.339573E+000   4.747339E-001
   36301      17     3.333333     4.950495  -1.403712E-013   2.828153E-001   2.955825E+000   3.577283E+000  -2.828153E-001  -6.214580E-001   3.386428E-001
   36401       1    40.000000 10000.000000   6.110437E-010   2.005941E+001   1.586677E+001   2.386269E+001  -2.005941E+001  -7.995917E+000  -1.206349E+001
   36401       2    29.411765    40.000000  -3.308607E-010   2.576568E+001   4.183548E-002   2.577560E+001  -2.576568E+001  -2.573377E+001  -3.190724E-002
   36401       3    25.000000    29.411765   3.177814E-011   2.132458E+001   2.443457E-001   2.139198E+001  -2.132458E+001  -2.114763E+001  -1.769461E-001
   36401       4    20.833333    25.000000   1.060192E-010   3.087935E+001   3.696917E+000   3.204703E+001  -3.087935E+001  -2.835011E+001  -2.529242E+000
   36401       5    19.230769    20.833333  -9.626877E-011   1.279611E+001   1.073372E+001   1.692733E+001  -1.279611E+001  -6.193612E+000  -6.602499E+000
   36401       6    17.543860    19.230769   1.258993E-011   1.073451E+001   2.031736E+001   2.150803E+001  -1.073451E+001  -1.190671E+000  -9.543836E+000
   36401       7    13.333333    17.543860   2.845493E-010   1.516005E+001   7.456802E+001   7.476700E+001  -1.516005E+001  -1.989829E-001  -1.496107E+001
   36401       8    11.627907    13.333333   1.514819E-010   1.688721E+001   3.454597E+001   3.974268E+001  -1.688721E+001  -5.196710E+000  -1.169050E+001
   36401       9     9.009009    11.627907   1.517142E-010   3.279283E+001   4.950351E+001   6.706236E+001  -3.279283E+001  -1.755885E+001  -1.523398E+001
   36401      10     8.695652     9.009009   3.976430E-012   7.784666E+000   6.149563E-002   7.824148E+000  -7.784666E+000  -7.762652E+000  -2.201377E-002
   36401      11     8.333333     8.695652  -1.465206E-011   8.307784E+000   5.484410E-001   8.784885E+000  -8.307784E+000  -8.236444E+000  -7.134034E-002
   36401      12     7.633588     8.333333  -7.933876E-012   5.128592E+000   1.116177E+001   1.583308E+001  -5.128592E+000  -4.671305E+000  -4.572867E-001
   36401      13     7.042254     7.633588  -8.393980E-012   2.587633E+000   9.208135E+000   1.178124E+001  -2.587633E+000  -2.573102E+000  -1.453082E-002
   36401      14     6.451613     7.042254  -2.154499E-012   5.987059E+000   3.483566E+000   9.881835E+000  -5.987059E+000  -6.398270E+000   4.112102E-001
   36401      15     5.464481     6.451613   5.857634E-012   1.157497E+001   7.371214E-003   1.158549E+001  -1.157497E+001  -1.157812E+001   3.155058E-003
   36401      16     4.950495     5.464481   6.377242E-013   8.612800E-001   2.226110E+000   3.558514E+000  -8.612800E-001  -1.332404E+000   4.711239E-001
   36401      17     3.333333     4.950495  -1.403608E-013   2.814870E-001   2.936877E+000   3.553868E+000  -2.814870E-001  -6.169904E-001   3.355034E-001
   36501       1    40.000000 10000.000000   6.110401E-010   2.004589E+001   1.585530E+001   2.384276E+001  -2.004589E+001  -7.987462E+000  -1.205843E+001
   36501       2    29.411765    40.000000  -3.308553E-010   2.573863E+001   4.181536E-002   2.574854E+001  -2.573863E+001  -2.570673E+001  -3.189997E-002
   36501       3    25.000000    29.411765   3.177636E-011   2.129911E+001   2.441732E-001   2.136641E+001  -2.129911E+001  -2.112224E+001  -1.768700E-001
   36501       4    20.833333    25.000000   1.060165E-010   3.083874E+001   3.690642E+000   3.200380E+001  -3.083874E+001  -2.831316E+001  -2.525584E+000
   36501       5    19.230769    20.833333  -9.626611E-011   1.278221E+001   1.071046E+001   1.690233E+001  -1.278221E+001  -6.191866E+000  -6.590347E+000
   36501       6    17.543860    19.230769   1.258904E-011   1.072704E+001   2.028382E+001   2.147402E+001  -1.072704E+001  -1.190200E+000  -9.536839E+000
   36501       7    13.333333    17.543860   2.845422E-010   1.515814E+001   7.442940E+001   7.462831E+001  -1.515814E+001  -1.989123E-001  -1.495922E+001
   36501       8    11.627907    13.333333   1.514788E-010   1.686898E+001   3.445930E+001   3.965482E+001  -1.686898E+001  -5.195518E+000  -1.167346E+001
   36501       9     9.009009    11.627907   1.517111E-010   3.274374E+001   4.933606E+001   6.688488E+001  -3.274374E+001  -1.754882E+001  -1.519492E+001
   36501      10     8.695652     9.009009   3.976264E-012   7.761121E+000   6.114569E-002   7.800375E+000  -7.761121E+000  -7.739229E+000  -2.189192E-002
   36501      11     8.333333     8.695652  -1.465161E-011   8.281555E+000   5.468718E-001   8.757171E+000  -8.281555E+000  -8.210299E+000  -7.125570E-002
   36501      12     7.633588     8.333333  -7.933543E-012   5.115129E+000   1.112532E+001   1.577993E+001  -5.115129E+000  -4.654605E+000  -4.605242E-001
   36501      13     7.042254     7.633588  -8.393647E-012   2.581295E+000   9.175598E+000   1.173835E+001  -2.581295E+000  -2.562756E+000  -1.853921E-002
   36501      14     6.451613     7.042254  -2.154374E-012   5.963568E+000   3.470975E+000   9.842850E+000  -5.963568E+000  -6.371875E+000   4.083065E-001
   36501      15     5.464481     6.451613   5.857315E-012   1.152373E+001   7.325914E-003   1.153419E+001  -1.152373E+001  -1.152686E+001   3.133613E-003
   36501      16     4.950495     5.464481   6.376878E-013   8.579156E-001   2.213991E+000   3.540540E+000  -8.579156E-001  -1.326548E+000   4.686328E-001
   36501      17     3.333333     4.950495  -1.403530E-013   2.802603E-001   2.918974E+000   3.532818E+000  -2.802603E-001  -6.138440E-001   3.335837E-001
   36601       1    40.000000 10000.000000   6.110330E-010   2.003258E+001   1.584400E+001   2.382294E+001  -2.003258E+001  -7.978937E+000  -1.205364E+001
   36601       2    29.411765    40.000000  -3.308571E-010   2.571176E+001   4.179561E-002   2.572167E+001  -2.571176E+001  -2.567987E+001  -3.189350E-002
   36601       3    25.000000    29.411765   3.177636E-011   2.127386E+001   2.440039E-001   2.134106E+001  -2.127386E+001  -2.109706E+001  -1.767993E-001
   36601       4    20.833333    25.000000   1.060156E-010   3.079847E+001   3.684488E+000   3.196088E+001  -3.079847E+001  -2.827639E+001  -2.522072E+000
   36601       5    19.230769    20.833333  -9.626611E-011   1.276853E+001   1.068765E+001   1.687756E+001  -1.276853E+001  -6.189918E+000  -6.578608E+000
   36601       6    17.543860    19.230769   1.258904E-011   1.071976E+001   2.025091E+001   2.144033E+001  -1.071976E+001  -1.189413E+000  -9.530344E+000
   36601       7    13.333333    17.543860   2.845386E-010   1.515627E+001   7.429207E+001   7.449085E+001  -1.515627E+001  -1.987805E-001  -1.495749E+001
   36601       8    11.627907    13.333333   1.514744E-010   1.685111E+001   3.437422E+001   3.956786E+001  -1.685111E+001  -5.193647E+000  -1.165747E+001
   36601       9     9.009009    11.627907   1.517062E-010   3.269548E+001   4.917198E+001   6.670942E+001  -3.269548E+001  -1.753745E+001  -1.515803E+001
   36601      10     8.695652     9.009009   3.976208E-012   7.737889E+000   6.080336E-002   7.776917E+000  -7.737889E+000  -7.716114E+000  -2.177458E-002
   36601      11     8.333333     8.695652  -1.465111E-011   8.255689E+000   5.453359E-001   8.729831E+000  -8.255689E+000  -8.184495E+000  -7.119371E-002
   36601      12     7.633588     8.333333  -7.933265E-012   5.101955E+000   1.108959E+001   1.572750E+001  -5.101955E+000  -4.637915E+000  -4.640398E-001
   36601      13     7.042254     7.633588  -8.393258E-012   2.575129E+000   9.143735E+000   1.169610E+001  -2.575129E+000  -2.552368E+000  -2.276090E-002
   36601      14     6.451613     7.042254  -2.154305E-012   5.940499E+000   3.458639E+000   9.804479E+000  -5.940499E+000  -6.345839E+000   4.053402E-001
   36601      15     5.464481     6.451613   5.857051E-012   1.147338E+001   7.281584E-003   1.148378E+001  -1.147338E+001  -1.147649E+001   3.112517E-003
   36601      16     4.950495     5.464481   6.376514E-013   8.546208E-001   2.202211E+000   3.522917E+000  -8.546208E-001  -1.320706E+000   4.660847E-001
   36601      17     3.333333     4.950495  -1.403443E-013   2.790648E-001   2.901512E+000   3.512249E+000  -2.790648E-001  -6.107374E-001   3.316726E-001
   36701       1    40.000000 10000.000000   6.110312E-010   2.001947E+001   1.583284E+001   2.380325E+001  -2.001947E+001  -7.970401E+000  -1.204906E+001
   36701       2    29.411765    40.000000  -3.308518E-010   2.568508E+001   4.177616E-002   2.569497E+001  -2.568508E+001  -2.565319E+001  -3.188767E-002
   36701       3    25.000000    29.411765   3.177725E-011   2.124877E+001   2.438373E-001   2.131588E+001  -2.124877E+001  -2.107204E+001  -1.767335E-001
   36701       4    20.833333    25.000000   1.060165E-010   3.075849E+001   3.678434E+000   3.191824E+001  -3.075849E+001  -2.823981E+001  -2.518681E+000
   36701       5    19.230769    20.833333  -9.626433E-011   1.275501E+001   1.066517E+001   1.685296E+001  -1.275501E+001  -6.187787E+000  -6.567226E+000
   36701       6    17.543860    19.230769   1.258815E-011   1.071264E+001   2.021835E+001   2.140685E+001  -1.071264E+001  -1.188495E+000  -9.524149E+000
   36701       7    13.333333    17.543860   2.845333E-010   1.515445E+001   7.415563E+001   7.435428E+001  -1.515445E+001  -1.986447E-001  -1.495581E+001
   36701       8    11.627907    13.333333   1.514717E-010   1.683358E+001   3.429007E+001   3.948147E+001  -1.683358E+001  -5.191400E+000  -1.164218E+001
   36701       9     9.009009    11.627907   1.517009E-010   3.264783E+001   4.901003E+001   6.653510E+001  -3.264783E+001  -1.752508E+001  -1.512276E+001
   36701      10     8.695652     9.009009   3.975986E-012   7.714806E+000   6.046727E-002   7.753612E+000  -7.714806E+000  -7.693144E+000  -2.166199E-002
   36701      11     8.333333     8.695652  -1.465050E-011   8.230011E+000   5.438251E-001   8.702668E+000  -8.230011E+000  -8.158843E+000  -7.116766E-002
   36701      12     7.633588     8.333333  -7.932821E-012   5.089014E+000   1.105440E+001   1.567542E+001  -5.089014E+000  -4.621019E+000  -4.679954E-001
   36701      13     7.042254     7.633588  -8.393009E-012   2.569106E+000   9.112374E+000   1.165412E+001  -2.569106E+000  -2.541750E+000  -2.735564E-002
   36701      14     6.451613     7.042254  -2.154180E-012   5.917694E+000   3.446507E+000   9.766355E+000  -5.917694E+000  -6.319847E+000   4.021530E-001
   36701      15     5.464481     6.451613   5.856773E-012   1.142336E+001   7.238229E-003   1.143369E+001  -1.142336E+001  -1.142645E+001   3.090810E-003
   36701      16     4.950495     5.464481   6.376167E-013   8.513682E-001   2.190651E+000   3.505408E+000  -8.513682E-001  -1.314757E+000   4.633886E-001
   36701      17     3.333333     4.950495  -1.403348E-013   2.778845E-001   2.884256E+000   3.491813E+000  -2.778845E-001  -6.075570E-001   3.296725E-001
   36801       1    40.000000 10000.000000   6.110241E-010   2.000654E+001   1.582182E+001   2.378368E+001  -2.000654E+001  -7.961866E+000  -1.204467E+001
   36801       2    29.411765    40.000000  -3.308482E-010   2.565856E+001   4.175699E-002   2.566844E+001  -2.565856E+001  -2.562668E+001  -3.188241E-002
   36801       3    25.000000    29.411765   3.177458E-011   2.122385E+001   2.436732E-001   2.129085E+001  -2.122385E+001  -2.104718E+001  -1.766720E-001
   36801       4    20.833333    25.000000   1.060130E-010   3.071881E+001   3.672485E+000   3.187588E+001  -3.071881E+001  -2.820340E+001  -2.515407E+000
   36801       5    19.230769    20.833333  -9.626344E-011   1.274166E+001   1.064304E+001   1.682851E+001  -1.274166E+001  -6.185473E+000  -6.556189E+000
   36801       6    17.543860    19.230769   1.258726E-011   1.070569E+001   2.018609E+001   2.137359E+001  -1.070569E+001  -1.187500E+000  -9.518191E+000
   36801       7    13.333333    17.543860   2.845262E-010   1.515268E+001   7.402010E+001   7.421859E+001  -1.515268E+001  -1.984915E-001  -1.495419E+001
   36801       8    11.627907    13.333333   1.514677E-010   1.681633E+001   3.420679E+001   3.939563E+001  -1.681633E+001  -5.188837E+000  -1.162750E+001
   36801       9     9.009009    11.627907   1.516973E-010   3.260073E+001   4.885007E+001   6.636192E+001  -3.260073E+001  -1.751184E+001  -1.508889E+001
   36801      10     8.695652     9.009009   3.975875E-012   7.691874E+000   6.013751E-002   7.730457E+000  -7.691874E+000  -7.670320E+000  -2.155414E-002
   36801      11     8.333333     8.695652  -1.465011E-011   8.204517E+000   5.423378E-001   8.675682E+000  -8.204517E+000  -8.133344E+000  -7.117294E-002
   36801      12     7.633588     8.333333  -7.932710E-012   5.076294E+000   1.101969E+001   1.562368E+001  -5.076294E+000  -4.603985E+000  -4.723086E-001
   36801      13     7.042254     7.633588  -8.392648E-012   2.563220E+000   9.081417E+000   1.161242E+001  -2.563220E+000  -2.531001E+000  -3.221841E-002
   36801      14     6.451613     7.042254  -2.154096E-012   5.895143E+000   3.434564E+000   9.728479E+000  -5.895143E+000  -6.293915E+000   3.987723E-001
   36801      15     5.464481     6.451613   5.856496E-012   1.137366E+001   7.195752E-003   1.138393E+001  -1.137366E+001  -1.137673E+001   3.068655E-003
   36801      16     4.950495     5.464481   6.375837E-013   8.481535E-001   2.179255E+000   3.488012E+000  -8.481535E-001  -1.308758E+000   4.606042E-001
   36801      17     3.333333     4.950495  -1.403279E-013   2.767191E-001   2.867169E+000   3.471510E+000  -2.767191E-001  -6.043410E-001   3.276219E-001
   36901       1    40.000000 10000.000000   6.110223E-010   1.999379E+001   1.581090E+001   2.376425E+001  -1.999379E+001  -7.953346E+000  -1.204044E+001
   36901       2    29.411765    40.000000  -3.308447E-010   2.563222E+001   4.173824E-002   2.564209E+001  -2.563222E+001  -2.560035E+001  -3.187783E-002
   36901       3    25.000000    29.411765   3.177458E-011   2.119910E+001   2.435125E-001   2.126600E+001  -2.119910E+001  -2.102248E+001  -1.766152E-001
   36901       4    20.833333    25.000000   1.060112E-010   3.067940E+001   3.666691E+000   3.183380E+001  -3.067940E+001  -2.816711E+001  -2.512288E+000
   36901       5    19.230769    20.833333  -9.626167E-011   1.272844E+001   1.062140E+001   1.680423E+001  -1.272844E+001  -6.182830E+000  -6.545605E+000
   36901       6    17.543860    19.230769   1.258904E-011   1.069889E+001   2.015401E+001   2.134055E+001  -1.069889E+001  -1.186536E+000  -9.512354E+000
   36901       7    13.333333    17.543860   2.845226E-010   1.515096E+001   7.388542E+001   7.408380E+001  -1.515096E+001  -1.983855E-001  -1.495257E+001
   36901       8    11.627907    13.333333   1.514633E-010   1.679934E+001   3.412446E+001   3.931036E+001  -1.679934E+001  -5.185895E+000  -1.161345E+001
   36901       9     9.009009    11.627907   1.516933E-010   3.255399E+001   4.869280E+001   6.618987E+001  -3.255399E+001  -1.749707E+001  -1.505692E+001
   36901      10     8.695652     9.009009   3.975653E-012   7.669092E+000   5.981560E-002   7.707456E+000  -7.669092E+000  -7.647640E+000  -2.145178E-002
   36901      11     8.333333     8.695652  -1.464967E-011   8.179207E+000   5.408734E-001   8.648873E+000  -8.179207E+000  -8.107999E+000  -7.120735E-002
   36901      12     7.633588     8.333333  -7.932321E-012   5.063803E+000   1.098542E+001   1.557227E+001  -5.063803E+000  -4.586856E+000  -4.769479E-001
   36901      13     7.042254     7.633588  -8.392342E-012   2.557470E+000   9.050848E+000   1.157099E+001  -2.557470E+000  -2.520140E+000  -3.732966E-002
   36901      14     6.451613     7.042254  -2.153999E-012   5.872853E+000   3.422799E+000   9.690852E+000  -5.872853E+000  -6.268053E+000   3.952003E-001
   36901      15     5.464481     6.451613   5.856204E-012   1.132429E+001   7.154402E-003   1.133449E+001  -1.132429E+001  -1.132734E+001   3.045618E-003
   36901      16     4.950495     5.464481   6.375508E-013   8.449858E-001   2.168018E+000   3.470732E+000  -8.449858E-001  -1.302714E+000   4.577283E-001
   36901      17     3.333333     4.950495  -1.403174E-013   2.755685E-001   2.850500E+000   3.451340E+000  -2.755685E-001  -6.008407E-001   3.252722E-001
   37001       1    40.000000 10000.000000   6.110188E-010   1.998120E+001   1.580009E+001   2.374494E+001  -1.998120E+001  -7.944852E+000  -1.203635E+001
   37001       2    29.411765    40.000000  -3.308429E-010   2.560606E+001   4.171979E-002   2.561591E+001  -2.560606E+001  -2.557419E+001  -3.187368E-002
   37001       3    25.000000    29.411765   3.177547E-011   2.117451E+001   2.433546E-001   2.124130E+001  -2.117451E+001  -2.099795E+001  -1.765622E-001
   37001       4    20.833333    25.000000   1.060103E-010   3.064026E+001   3.661005E+000   3.179200E+001  -3.064026E+001  -2.813099E+001  -2.509266E+000
   37001       5    19.230769    20.833333  -9.626033E-011   1.271529E+001   1.060008E+001   1.678010E+001  -1.271529E+001  -6.180024E+000  -6.535264E+000
   37001       6    17.543860    19.230769   1.258815E-011   1.069222E+001   2.012215E+001   2.130773E+001  -1.069222E+001  -1.185578E+000  -9.506643E+000
   37001       7    13.333333    17.543860   2.845173E-010   1.514927E+001   7.375159E+001   7.394991E+001  -1.514927E+001  -1.983191E-001  -1.495096E+001
   37001       8    11.627907    13.333333   1.514611E-010   1.678252E+001   3.404281E+001   3.922565E+001  -1.678252E+001  -5.182841E+000  -1.159968E+001
   37001       9     9.009009    11.627907   1.516884E-010   3.250730E+001   4.853714E+001   6.601897E+001  -3.250730E+001  -1.748183E+001  -1.502548E+001
   37001      10     8.695652     9.009009   3.975653E-012   7.646459E+000   5.949933E-002   7.684606E+000  -7.646459E+000  -7.625107E+000  -2.135242E-002
   37001      11     8.333333     8.695652  -1.464912E-011   8.154076E+000   5.394285E-001   8.622242E+000  -8.154076E+000  -8.082813E+000  -7.126260E-002
   37001      12     7.633588     8.333333  -7.932155E-012   5.051497E+000   1.095146E+001   1.552121E+001  -5.051497E+000  -4.569753E+000  -4.817440E-001
   37001      13     7.042254     7.633588  -8.392009E-012   2.551845E+000   9.020543E+000   1.152983E+001  -2.551845E+000  -2.509288E+000  -4.255693E-002
   37001      14     6.451613     7.042254  -2.153930E-012   5.850813E+000   3.411156E+000   9.653475E+000  -5.850813E+000  -6.242319E+000   3.915054E-001
   37001      15     5.464481     6.451613   5.855982E-012   1.127525E+001   7.113637E-003   1.128539E+001  -1.127525E+001  -1.127827E+001   3.022747E-003
   37001      16     4.950495     5.464481   6.375178E-013   8.418465E-001   2.156887E+000   3.453566E+000  -8.418465E-001  -1.296679E+000   4.548323E-001
   37001      17     3.333333     4.950495  -1.403096E-013   2.744321E-001   2.833994E+000   3.431305E+000  -2.744321E-001  -5.973104E-001   3.228783E-001
   37101       1    40.000000 10000.000000   6.110117E-010   1.996877E+001   1.578937E+001   2.372576E+001  -1.996877E+001  -7.936391E+000  -1.203238E+001
   37101       2    29.411765    40.000000  -3.308376E-010   2.558007E+001   4.170155E-002   2.558990E+001  -2.558007E+001  -2.554820E+001  -3.186991E-002
   37101       3    25.000000    29.411765   3.177458E-011   2.115009E+001   2.431988E-001   2.121677E+001  -2.115009E+001  -2.097358E+001  -1.765123E-001
   37101       4    20.833333    25.000000   1.060103E-010   3.060141E+001   3.655393E+000   3.175048E+001  -3.060141E+001  -2.809508E+001  -2.506322E+000
   37101       5    19.230769    20.833333  -9.625856E-011   1.270228E+001   1.057900E+001   1.675614E+001  -1.270228E+001  -6.177138E+000  -6.525143E+000
   37101       6    17.543860    19.230769   1.258726E-011   1.068568E+001   2.009054E+001   2.127512E+001  -1.068568E+001  -1.184580E+000  -9.501102E+000
   37101       7    13.333333    17.543860   2.845120E-010   1.514763E+001   7.361866E+001   7.381690E+001  -1.514763E+001  -1.982406E-001  -1.494939E+001
   37101       8    11.627907    13.333333   1.514575E-010   1.676596E+001   3.396190E+001   3.914151E+001  -1.676596E+001  -5.179611E+000  -1.158635E+001
   37101       9     9.009009    11.627907   1.516853E-010   3.246115E+001   4.838306E+001   6.584920E+001  -3.246115E+001  -1.746614E+001  -1.499501E+001
   37101      10     8.695652     9.009009   3.975487E-012   7.623978E+000   5.918800E-002   7.661909E+000  -7.623978E+000  -7.602721E+000  -2.125663E-002
   37101      11     8.333333     8.695652  -1.464873E-011   8.129113E+000   5.380329E-001   8.595788E+000  -8.129113E+000  -8.057755E+000  -7.135758E-002
   37101      12     7.633588     8.333333  -7.931822E-012   5.039380E+000   1.091785E+001   1.547049E+001  -5.039380E+000  -4.552634E+000  -4.867455E-001
   37101      13     7.042254     7.633588  -8.391760E-012   2.546332E+000   8.990588E+000   1.148895E+001  -2.546332E+000  -2.498361E+000  -4.797095E-002
   37101      14     6.451613     7.042254  -2.153847E-012   5.828991E+000   3.399704E+000   9.616347E+000  -5.828991E+000  -6.216643E+000   3.876524E-001
   37101      15     5.464481     6.451613   5.855746E-012   1.122653E+001   7.073465E-003   1.123661E+001  -1.122653E+001  -1.122953E+001   2.999843E-003
   37101      16     4.950495     5.464481   6.374866E-013   8.387419E-001   2.145897E+000   3.436514E+000  -8.387419E-001  -1.290616E+000   4.518746E-001
   37101      17     3.333333     4.950495  -1.403018E-013   2.733089E-001   2.817654E+000   3.411402E+000  -2.733089E-001  -5.937477E-001   3.204388E-001
   37201       1    40.000000 10000.000000   6.110099E-010   1.995649E+001   1.577875E+001   2.370671E+001  -1.995649E+001  -7.927964E+000  -1.202853E+001
   37201       2    29.411765    40.000000  -3.308358E-010   2.555426E+001   4.168351E-002   2.556407E+001  -2.555426E+001  -2.552239E+001  -3.186647E-002
   37201       3    25.000000    29.411765   3.177369E-011   2.112583E+001   2.430447E-001   2.119241E+001  -2.112583E+001  -2.094937E+001  -1.764651E-001
   37201       4    20.833333    25.000000   1.060076E-010   3.056283E+001   3.649846E+000   3.170923E+001  -3.056283E+001  -2.805938E+001  -2.503445E+000
   37201       5    19.230769    20.833333  -9.625811E-011   1.268941E+001   1.055814E+001   1.673234E+001  -1.268941E+001  -6.174198E+000  -6.515210E+000
   37201       6    17.543860    19.230769   1.258638E-011   1.067927E+001   2.005913E+001   2.124274E+001  -1.067927E+001  -1.183609E+000  -9.495658E+000
   37201       7    13.333333    17.543860   2.845084E-010   1.514602E+001   7.348663E+001   7.368479E+001  -1.514602E+001  -1.981600E-001  -1.494786E+001
   37201       8    11.627907    13.333333   1.514553E-010   1.674963E+001   3.388159E+001   3.905793E+001  -1.674963E+001  -5.176339E+000  -1.157329E+001
   37201       9     9.009009    11.627907   1.516818E-010   3.241545E+001   4.823022E+001   6.568056E+001  -3.241545E+001  -1.745035E+001  -1.496510E+001
   37201      10     8.695652     9.009009   3.975320E-012   7.601646E+000   5.888082E-002   7.639364E+000  -7.601646E+000  -7.580483E+000  -2.116310E-002
   37201      11     8.333333     8.695652  -1.464834E-011   8.104323E+000   5.366609E-001   8.569511E+000  -8.104323E+000  -8.032850E+000  -7.147282E-002
   37201      12     7.633588     8.333333  -7.931600E-012   5.027442E+000   1.088453E+001   1.542010E+001  -5.027442E+000  -4.535570E+000  -4.918718E-001
   37201      13     7.042254     7.633588  -8.391454E-012   2.540926E+000   8.960883E+000   1.144834E+001  -2.540926E+000  -2.487458E+000  -5.346791E-002
   37201      14     6.451613     7.042254  -2.153791E-012   5.807376E+000   3.388377E+000   9.579467E+000  -5.807376E+000  -6.191090E+000   3.837139E-001
   37201      15     5.464481     6.451613   5.855483E-012   1.117814E+001   7.033953E-003   1.118815E+001  -1.117814E+001  -1.118112E+001   2.976742E-003
   37201      16     4.950495     5.464481   6.374554E-013   8.356701E-001   2.135020E+000   3.419576E+000  -8.356701E-001  -1.284556E+000   4.488862E-001
   37201      17     3.333333     4.950495  -1.402932E-013   2.721981E-001   2.801447E+000   3.391633E+000  -2.721981E-001  -5.901861E-001   3.179880E-001
   37301       1    40.000000 10000.000000   6.110081E-010   1.994436E+001   1.576822E+001   2.368779E+001  -1.994436E+001  -7.919568E+000  -1.202479E+001
   37301       2    29.411765    40.000000  -3.308323E-010   2.552861E+001   4.166566E-002   2.553842E+001  -2.552861E+001  -2.549675E+001  -3.186336E-002
   37301       3    25.000000    29.411765   3.177369E-011   2.110174E+001   2.428924E-001   2.116821E+001  -2.110174E+001  -2.092532E+001  -1.764205E-001
   37301       4    20.833333    25.000000   1.060068E-010   3.052453E+001   3.644365E+000   3.166826E+001  -3.052453E+001  -2.802389E+001  -2.500634E+000
   37301       5    19.230769    20.833333  -9.625634E-011   1.267667E+001   1.053750E+001   1.670869E+001  -1.267667E+001  -6.171199E+000  -6.505467E+000
   37301       6    17.543860    19.230769   1.258638E-011   1.067297E+001   2.002794E+001   2.121057E+001  -1.067297E+001  -1.182627E+000  -9.490341E+000
   37301       7    13.333333    17.543860   2.845066E-010   1.514445E+001   7.335548E+001   7.355355E+001  -1.514445E+001  -1.980774E-001  -1.494637E+001
   37301       8    11.627907    13.333333   1.514513E-010   1.673353E+001   3.380193E+001   3.897491E+001  -1.673353E+001  -5.172985E+000  -1.156054E+001
   37301       9     9.009009    11.627907   1.516787E-010   3.237024E+001   4.807871E+001   6.551306E+001  -3.237024E+001  -1.743435E+001  -1.493588E+001
   37301      10     8.695652     9.009009   3.975265E-012   7.579464E+000   5.857813E-002   7.616969E+000  -7.579464E+000  -7.558391E+000  -2.107261E-002
   37301      11     8.333333     8.695652  -1.464795E-011   8.079711E+000   5.353065E-001   8.543410E+000  -8.079711E+000  -8.008104E+000  -7.160729E-002
   37301      12     7.633588     8.333333  -7.931378E-012   5.015681E+000   1.085152E+001   1.537006E+001  -5.015681E+000  -4.518532E+000  -4.971485E-001
   37301      13     7.042254     7.633588  -8.391204E-012   2.535622E+000   8.931443E+000   1.140800E+001  -2.535622E+000  -2.476560E+000  -5.906234E-002
   37301      14     6.451613     7.042254  -2.153708E-012   5.785971E+000   3.377192E+000   9.542834E+000  -5.785971E+000  -6.165642E+000   3.796708E-001
   37301      15     5.464481     6.451613   5.855261E-012   1.113008E+001   6.994906E-003   1.114003E+001  -1.113008E+001  -1.113303E+001   2.953810E-003
   37301      16     4.950495     5.464481   6.374276E-013   8.326325E-001   2.124244E+000   3.402752E+000  -8.326325E-001  -1.278508E+000   4.458753E-001
   37301      17     3.333333     4.950495  -1.402871E-013   2.710995E-001   2.785362E+000   3.371996E+000  -2.710995E-001  -5.866337E-001   3.155342E-001
   37401       1    40.000000 10000.000000   6.110046E-010   1.993236E+001   1.575779E+001   2.366899E+001  -1.993236E+001  -7.911207E+000  -1.202115E+001
   37401       2    29.411765    40.000000  -3.308323E-010   2.550314E+001   4.164799E-002   2.551293E+001  -2.550314E+001  -2.547128E+001  -3.186053E-002
   37401       3    25.000000    29.411765   3.177369E-011   2.107781E+001   2.427417E-001   2.114417E+001  -2.107781E+001  -2.090143E+001  -1.763782E-001
   37401       4    20.833333    25.000000   1.060068E-010   3.048650E+001   3.638945E+000   3.162756E+001  -3.048650E+001  -2.798862E+001  -2.497884E+000
   37401       5    19.230769    20.833333  -9.625456E-011   1.266405E+001   1.051706E+001   1.668521E+001  -1.266405E+001  -6.168149E+000  -6.495900E+000
   37401       6    17.543860    19.230769   1.258726E-011   1.066678E+001   1.999700E+001   2.117862E+001  -1.066678E+001  -1.181621E+000  -9.485158E+000
   37401       7    13.333333    17.543860   2.845031E-010   1.514291E+001   7.322521E+001   7.342320E+001  -1.514291E+001  -1.979900E-001  -1.494492E+001
   37401       8    11.627907    13.333333   1.514486E-010   1.671764E+001   3.372291E+001   3.889245E+001  -1.671764E+001  -5.169543E+000  -1.154810E+001
   37401       9     9.009009    11.627907   1.516760E-010   3.232545E+001   4.792853E+001   6.534668E+001  -3.232545E+001  -1.741815E+001  -1.490730E+001
   37401      10     8.695652     9.009009   3.975209E-012   7.557430E+000   5.827943E-002   7.594726E+000  -7.557430E+000  -7.536446E+000  -2.098430E-002
   37401      11     8.333333     8.695652  -1.464751E-011   8.055290E+000   5.339598E-001   8.517485E+000  -8.055290E+000  -7.983525E+000  -7.176553E-002
   37401      12     7.633588     8.333333  -7.931100E-012   5.004075E+000   1.081881E+001   1.532035E+001  -5.004075E+000  -4.501534E+000  -5.025410E-001
   37401      13     7.042254     7.633588  -8.390871E-012   2.530408E+000   8.902264E+000   1.136794E+001  -2.530408E+000  -2.465673E+000  -6.473510E-002
   37401      14     6.451613     7.042254  -2.153611E-012   5.764757E+000   3.366121E+000   9.506447E+000  -5.764757E+000  -6.140326E+000   3.755687E-001
   37401      15     5.464481     6.451613   5.855025E-012   1.108233E+001   6.956415E-003   1.109222E+001  -1.108233E+001  -1.108526E+001   2.930836E-003
   37401      16     4.950495     5.464481   6.373999E-013   8.296233E-001   2.113575E+000   3.386040E+000  -8.296233E-001  -1.272465E+000   4.428420E-001
   37401      17     3.333333     4.950495  -1.402810E-013   2.700122E-001   2.769406E+000   3.352491E+000  -2.700122E-001  -5.830850E-001   3.130728E-001
   37501       1    40.000000 10000.000000   6.110010E-010   1.992050E+001   1.574744E+001   2.365033E+001  -1.992050E+001  -7.902887E+000  -1.201761E+001
   37501       2    29.411765    40.000000  -3.308305E-010   2.547785E+001   4.163049E-002   2.548762E+001  -2.547785E+001  -2.544599E+001  -3.185794E-002
   37501       3    25.000000    29.411765   3.177369E-011   2.105404E+001   2.425925E-001   2.112029E+001  -2.105404E+001  -2.087770E+001  -1.763379E-001
   37501       4    20.833333    25.000000   1.060032E-010   3.044875E+001   3.633585E+000   3.158714E+001  -3.044875E+001  -2.795356E+001  -2.495189E+000
   37501       5    19.230769    20.833333  -9.625412E-011   1.265155E+001   1.049683E+001   1.666188E+001  -1.265155E+001  -6.165058E+000  -6.486496E+000
   37501       6    17.543860    19.230769   1.258726E-011   1.066069E+001   1.996628E+001   2.114688E+001  -1.066069E+001  -1.180599E+000  -9.480095E+000
   37501       7    13.333333    17.543860   2.844960E-010   1.514140E+001   7.309584E+001   7.329373E+001  -1.514140E+001  -1.978947E-001  -1.494350E+001
   37501       8    11.627907    13.333333   1.514455E-010   1.670196E+001   3.364454E+001   3.881055E+001  -1.670196E+001  -5.166010E+000  -1.153595E+001
   37501       9     9.009009    11.627907   1.516716E-010   3.228110E+001   4.777970E+001   6.518143E+001  -3.228110E+001  -1.740173E+001  -1.487937E+001
   37501      10     8.695652     9.009009   3.975154E-012   7.535545E+000   5.798455E-002   7.572632E+000  -7.535545E+000  -7.514647E+000  -2.089807E-002
   37501      11     8.333333     8.695652  -1.464712E-011   8.031047E+000   5.326271E-001   8.491734E+000  -8.031047E+000  -7.959107E+000  -7.194074E-002
   37501      12     7.633588     8.333333  -7.930878E-012   4.992623E+000   1.078643E+001   1.527097E+001  -4.992623E+000  -4.484542E+000  -5.080818E-001
   37501      13     7.042254     7.633588  -8.390649E-012   2.525285E+000   8.873381E+000   1.132814E+001  -2.525285E+000  -2.454761E+000  -7.052448E-002
   37501      14     6.451613     7.042254  -2.153527E-012   5.743744E+000   3.355178E+000   9.470305E+000  -5.743744E+000  -6.115128E+000   3.713838E-001
   37501      15     5.464481     6.451613   5.854789E-012   1.103491E+001   6.918517E-003   1.104474E+001  -1.103491E+001  -1.103782E+001   2.907722E-003
   37501      16     4.950495     5.464481   6.373686E-013   8.266425E-001   2.103040E+000   3.369442E+000  -8.266425E-001  -1.266402E+000   4.397593E-001
   37501      17     3.333333     4.950495  -1.402732E-013   2.689366E-001   2.753596E+000   3.333117E+000  -2.689366E-001  -5.795209E-001   3.105843E-001
   37601       1    40.000000 10000.000000   6.109975E-010   1.990877E+001   1.573717E+001   2.363178E+001  -1.990877E+001  -7.894610E+000  -1.201415E+001
   37601       2    29.411765    40.000000  -3.308251E-010   2.545272E+001   4.161317E-002   2.546248E+001  -2.545272E+001  -2.542086E+001  -3.185561E-002
   37601       3    25.000000    29.411765   3.177281E-011   2.103043E+001   2.424449E-001   2.109658E+001  -2.103043E+001  -2.085413E+001  -1.762994E-001
   37601       4    20.833333    25.000000   1.060032E-010   3.041126E+001   3.628280E+000   3.154699E+001  -3.041126E+001  -2.791871E+001  -2.492546E+000
   37601       5    19.230769    20.833333  -9.625278E-011   1.263917E+001   1.047678E+001   1.663872E+001  -1.263917E+001  -6.161934E+000  -6.477241E+000
   37601       6    17.543860    19.230769   1.258726E-011   1.065471E+001   1.993576E+001   2.111536E+001  -1.065471E+001  -1.179598E+000  -9.475110E+000
   37601       7    13.333333    17.543860   2.844907E-010   1.513992E+001   7.296734E+001   7.316514E+001  -1.513992E+001  -1.977995E-001  -1.494212E+001
   37601       8    11.627907    13.333333   1.514446E-010   1.668648E+001   3.356674E+001   3.872920E+001  -1.668648E+001  -5.162456E+000  -1.152402E+001
   37601       9     9.009009    11.627907   1.516671E-010   3.223716E+001   4.763203E+001   6.501729E+001  -3.223716E+001  -1.738526E+001  -1.485190E+001
   37601      10     8.695652     9.009009   3.974987E-012   7.513807E+000   5.769337E-002   7.550687E+000  -7.513807E+000  -7.492993E+000  -2.081381E-002
   37601      11     8.333333     8.695652  -1.464673E-011   8.006976E+000   5.313093E-001   8.466157E+000  -8.006976E+000  -7.934848E+000  -7.212879E-002
   37601      12     7.633588     8.333333  -7.930656E-012   4.981318E+000   1.075433E+001   1.522193E+001  -4.981318E+000  -4.467601E+000  -5.137171E-001
   37601      13     7.042254     7.633588  -8.390399E-012   2.520246E+000   8.844725E+000   1.128861E+001  -2.520246E+000  -2.443890E+000  -7.635658E-002
   37601      14     6.451613     7.042254  -2.153513E-012   5.722926E+000   3.344350E+000   9.434408E+000  -5.722926E+000  -6.090058E+000   3.671319E-001
   37601      15     5.464481     6.451613   5.854553E-012   1.098781E+001   6.881136E-003   1.099757E+001  -1.098781E+001  -1.099069E+001   2.884597E-003
   37601      16     4.950495     5.464481   6.373409E-013   8.236897E-001   2.092608E+000   3.352955E+000  -8.236897E-001  -1.260347E+000   4.366571E-001
   37601      17     3.333333     4.950495  -1.402671E-013   2.678723E-001   2.737906E+000   3.313875E+000  -2.678723E-001  -5.759685E-001   3.080963E-001
   37701       1    40.000000 10000.000000   6.109939E-010   1.989715E+001   1.572699E+001   2.361337E+001  -1.989715E+001  -7.886374E+000  -1.201078E+001
   37701       2    29.411765    40.000000  -3.308251E-010   2.542776E+001   4.159612E-002   2.543751E+001  -2.542776E+001  -2.539591E+001  -3.185363E-002
   37701       3    25.000000    29.411765   3.177369E-011   2.100699E+001   2.422995E-001   2.107302E+001  -2.100699E+001  -2.083072E+001  -1.762634E-001
   37701       4    20.833333    25.000000   1.060032E-010   3.037404E+001   3.623081E+000   3.150712E+001  -3.037404E+001  -2.788404E+001  -2.489998E+000
   37701       5    19.230769    20.833333  -9.625190E-011   1.262690E+001   1.045708E+001   1.661570E+001  -1.262690E+001  -6.158624E+000  -6.468272E+000
   37701       6    17.543860    19.230769   1.258638E-011   1.064882E+001   1.990548E+001   2.108405E+001  -1.064882E+001  -1.178571E+000  -9.470247E+000
   37701       7    13.333333    17.543860   2.844853E-010   1.513846E+001   7.283971E+001   7.303741E+001  -1.513846E+001  -1.976997E-001  -1.494076E+001
   37701       8    11.627907    13.333333   1.514402E-010   1.667117E+001   3.348973E+001   3.864840E+001  -1.667117E+001  -5.158661E+000  -1.151251E+001
   37701       9     9.009009    11.627907   1.516649E-010   3.219355E+001   4.748630E+001   6.485426E+001  -3.219355E+001  -1.736796E+001  -1.482560E+001
   37701      10     8.695652     9.009009   3.974876E-012   7.492216E+000   5.740764E-002   7.528891E+000  -7.492216E+000  -7.471483E+000  -2.073295E-002
   37701      11     8.333333     8.695652  -1.464628E-011   7.983078E+000   5.300087E-001   8.440754E+000  -7.983078E+000  -7.910745E+000  -7.233332E-002
   37701      12     7.633588     8.333333  -7.930434E-012   4.970172E+000   1.072256E+001   1.517322E+001  -4.970172E+000  -4.450661E+000  -5.195109E-001
   37701      13     7.042254     7.633588  -8.390122E-012   2.515298E+000   8.816350E+000   1.124936E+001  -2.515298E+000  -2.433006E+000  -8.229192E-002
   37701      14     6.451613     7.042254  -2.153402E-012   5.702316E+000   3.333659E+000   9.398754E+000  -5.702316E+000  -6.065095E+000   3.627789E-001
   37701      15     5.464481     6.451613   5.854359E-012   1.094103E+001   6.844515E-003   1.095073E+001  -1.094103E+001  -1.094389E+001   2.861035E-003
   37701      16     4.950495     5.464481   6.373166E-013   8.207724E-001   2.082303E+000   3.336580E+000  -8.207724E-001  -1.254278E+000   4.335052E-001
   37701      17     3.333333     4.950495  -1.402585E-013   2.668194E-001   2.722343E+000   3.294762E+000  -2.668194E-001  -5.724190E-001   3.055996E-001
   37801       1    40.000000 10000.000000   6.109904E-010   1.988566E+001   1.571689E+001   2.359508E+001  -1.988566E+001  -7.878189E+000  -1.200747E+001
   37801       2    29.411765    40.000000  -3.308216E-010   2.540298E+001   4.157926E-002   2.541271E+001  -2.540298E+001  -2.537113E+001  -3.185186E-002
   37801       3    25.000000    29.411765   3.177369E-011   2.098370E+001   2.421558E-001   2.104963E+001  -2.098370E+001  -2.080747E+001  -1.762291E-001
   37801       4    20.833333    25.000000   1.060023E-010   3.033707E+001   3.617957E+000   3.146752E+001  -3.033707E+001  -2.784956E+001  -2.487513E+000
   37801       5    19.230769    20.833333  -9.625145E-011   1.261472E+001   1.043763E+001   1.659285E+001  -1.261472E+001  -6.155217E+000  -6.459501E+000
   37801       6    17.543860    19.230769   1.258638E-011   1.064302E+001   1.987545E+001   2.105296E+001  -1.064302E+001  -1.177506E+000  -9.465512E+000
   37801       7    13.333333    17.543860   2.844818E-010   1.513703E+001   7.271297E+001   7.291056E+001  -1.513703E+001  -1.975902E-001  -1.493944E+001
   37801       8    11.627907    13.333333   1.514380E-010   1.665604E+001   3.341345E+001   3.856815E+001  -1.665604E+001  -5.154693E+000  -1.150134E+001
   37801       9     9.009009    11.627907   1.516614E-010   3.215029E+001   4.734222E+001   6.469235E+001  -3.215029E+001  -1.735013E+001  -1.480017E+001
   37801      10     8.695652     9.009009   3.974709E-012   7.470772E+000   5.712607E-002   7.507244E+000  -7.470772E+000  -7.450118E+000  -2.065420E-002
   37801      11     8.333333     8.695652  -1.464595E-011   7.959350E+000   5.287216E-001   8.415524E+000  -7.959350E+000  -7.886802E+000  -7.254831E-002
   37801      12     7.633588     8.333333  -7.930268E-012   4.959174E+000   1.069109E+001   1.512484E+001  -4.959174E+000  -4.433756E+000  -5.254182E-001
   37801      13     7.042254     7.633588  -8.389900E-012   2.510434E+000   8.788238E+000   1.121036E+001  -2.510434E+000  -2.422126E+000  -8.830831E-002
   37801      14     6.451613     7.042254  -2.153347E-012   5.681901E+000   3.323079E+000   9.363343E+000  -5.681901E+000  -6.040264E+000   3.583633E-001
   37801      15     5.464481     6.451613   5.854137E-012   1.089456E+001   6.808525E-003   1.090421E+001  -1.089456E+001  -1.089740E+001   2.837225E-003
   37801      16     4.950495     5.464481   6.372888E-013   8.178865E-001   2.072111E+000   3.320318E+000  -8.178865E-001  -1.248207E+000   4.303204E-001
   37801      17     3.333333     4.950495  -1.402507E-013   2.657776E-001   2.706914E+000   3.275781E+000  -2.657776E-001  -5.688666E-001   3.030890E-001
   37901       1    40.000000 10000.000000   6.109868E-010   1.987428E+001   1.570685E+001   2.357691E+001  -1.987428E+001  -7.870066E+000  -1.200421E+001
   37901       2    29.411765    40.000000  -3.308198E-010   2.537836E+001   4.156255E-002   2.538807E+001  -2.537836E+001  -2.534651E+001  -3.185023E-002
   37901       3    25.000000    29.411765   3.177192E-011   2.096058E+001   2.420133E-001   2.102640E+001  -2.096058E+001  -2.078438E+001  -1.761959E-001
   37901       4    20.833333    25.000000   1.059988E-010   3.030037E+001   3.612877E+000   3.142818E+001  -3.030037E+001  -2.781531E+001  -2.485059E+000
   37901       5    19.230769    20.833333  -9.624967E-011   1.260264E+001   1.041833E+001   1.657015E+001  -1.260264E+001  -6.151819E+000  -6.450821E+000
   37901       6    17.543860    19.230769   1.258549E-011   1.063731E+001   1.984559E+001   2.102207E+001  -1.063731E+001  -1.176484E+000  -9.460823E+000
   37901       7    13.333333    17.543860   2.844764E-010   1.513563E+001   7.258711E+001   7.278458E+001  -1.513563E+001  -1.974710E-001  -1.493816E+001
   37901       8    11.627907    13.333333   1.514358E-010   1.664108E+001   3.333774E+001   3.848845E+001  -1.664108E+001  -5.150710E+000  -1.149037E+001
   37901       9     9.009009    11.627907   1.516578E-010   3.210740E+001   4.719927E+001   6.453154E+001  -3.210740E+001  -1.733227E+001  -1.477514E+001
   37901      10     8.695652     9.009009   3.974654E-012   7.449474E+000   5.684771E-002   7.485745E+000  -7.449474E+000  -7.428897E+000  -2.057705E-002
   37901      11     8.333333     8.695652  -1.464551E-011   7.935790E+000   5.274448E-001   8.390466E+000  -7.935790E+000  -7.863022E+000  -7.276833E-002
   37901      12     7.633588     8.333333  -7.930046E-012   4.948310E+000   1.065987E+001   1.507680E+001  -4.948310E+000  -4.416923E+000  -5.313860E-001
   37901      13     7.042254     7.633588  -8.389622E-012   2.505654E+000   8.760390E+000   1.117164E+001  -2.505654E+000  -2.411250E+000  -9.440398E-002
   37901      14     6.451613     7.042254  -2.153264E-012   5.661656E+000   3.312591E+000   9.328175E+000  -5.661656E+000  -6.015584E+000   3.539277E-001
   37901      15     5.464481     6.451613   5.853915E-012   1.084842E+001   6.772944E-003   1.085801E+001  -1.084842E+001  -1.085123E+001   2.813538E-003
   37901      16     4.950495     5.464481   6.372611E-013   8.150252E-001   2.062032E+000   3.304166E+000  -8.150252E-001  -1.242134E+000   4.271087E-001
   37901      17     3.333333     4.950495  -1.402463E-013   2.647475E-001   2.691649E+000   3.256929E+000  -2.647475E-001  -5.652801E-001   3.005327E-001
   38001       1    40.000000 10000.000000   6.109833E-010   1.986300E+001   1.569687E+001   2.355887E+001  -1.986300E+001  -7.862002E+000  -1.200100E+001
   38001       2    29.411765    40.000000  -3.308145E-010   2.535391E+001   4.154595E-002   2.536361E+001  -2.535391E+001  -2.532207E+001  -3.184869E-002
   38001       3    25.000000    29.411765   3.177192E-011   2.093761E+001   2.418720E-001   2.100332E+001  -2.093761E+001  -2.076145E+001  -1.761637E-001
   38001       4    20.833333    25.000000   1.060014E-010   3.026392E+001   3.607841E+000   3.138912E+001  -3.026392E+001  -2.778128E+001  -2.482638E+000
   38001       5    19.230769    20.833333  -9.624879E-011   1.259066E+001   1.039918E+001   1.654761E+001  -1.259066E+001  -6.148426E+000  -6.442234E+000
   38001       6    17.543860    19.230769   1.258638E-011   1.063167E+001   1.981589E+001   2.099140E+001  -1.063167E+001  -1.175512E+000  -9.456162E+000
   38001       7    13.333333    17.543860   2.844729E-010   1.513425E+001   7.246209E+001   7.265946E+001  -1.513425E+001  -1.973619E-001  -1.493688E+001
   38001       8    11.627907    13.333333   1.514326E-010   1.662627E+001   3.326248E+001   3.840929E+001  -1.662627E+001  -5.146808E+000  -1.147947E+001
   38001       9     9.009009    11.627907   1.516551E-010   3.206485E+001   4.705723E+001   6.437184E+001  -3.206485E+001  -1.731461E+001  -1.475024E+001
   38001      10     8.695652     9.009009   3.974598E-012   7.428322E+000   5.657225E-002   7.464393E+000  -7.428322E+000  -7.407821E+000  -2.050089E-002
   38001      11     8.333333     8.695652  -1.464517E-011   7.912395E+000   5.261773E-001   8.365581E+000  -7.912395E+000  -7.839403E+000  -7.299201E-002
   38001      12     7.633588     8.333333  -7.929879E-012   4.937561E+000   1.062885E+001   1.502908E+001  -4.937561E+000  -4.400229E+000  -5.373324E-001
   38001      13     7.042254     7.633588  -8.389428E-012   2.500941E+000   8.732696E+000   1.113318E+001  -2.500941E+000  -2.400485E+000  -1.004561E-001
   38001      14     6.451613     7.042254  -2.153180E-012   5.641576E+000   3.302176E+000   9.293247E+000  -5.641576E+000  -5.991071E+000   3.494953E-001
   38001      15     5.464481     6.451613   5.853706E-012   1.080259E+001   6.737709E-003   1.081212E+001  -1.080259E+001  -1.080538E+001   2.790089E-003
   38001      16     4.950495     5.464481   6.372351E-013   8.121847E-001   2.052019E+000   3.288125E+000  -8.121847E-001  -1.236106E+000   4.239209E-001
   38001      17     3.333333     4.950495  -1.402394E-013   2.637268E-001   2.676478E+000   3.238206E+000  -2.637268E-001  -5.617288E-001   2.980020E-001
   38101       1    40.000000 10000.000000   6.109815E-010   1.985183E+001   1.568696E+001   2.354095E+001  -1.985183E+001  -7.853992E+000  -1.199784E+001
   38101       2    29.411765    40.000000  -3.308127E-010   2.532964E+001   4.152947E-002   2.533932E+001  -2.532964E+001  -2.529779E+001  -3.184726E-002
   38101       3    25.000000    29.411765   3.177192E-011   2.091481E+001   2.417319E-001   2.098041E+001  -2.091481E+001  -2.073867E+001  -1.761327E-001
   38101       4    20.833333    25.000000   1.059988E-010   3.022773E+001   3.602851E+000   3.135033E+001  -3.022773E+001  -2.774747E+001  -2.480251E+000
   38101       5    19.230769    20.833333  -9.624745E-011   1.257878E+001   1.038019E+001   1.652522E+001  -1.257878E+001  -6.145028E+000  -6.433749E+000
   38101       6    17.543860    19.230769   1.258549E-011   1.062612E+001   1.978639E+001   2.096094E+001  -1.062612E+001  -1.174549E+000  -9.451567E+000
   38101       7    13.333333    17.543860   2.844693E-010   1.513289E+001   7.233794E+001   7.253519E+001  -1.513289E+001  -1.972535E-001  -1.493563E+001
   38101       8    11.627907    13.333333   1.514291E-010   1.661162E+001   3.318778E+001   3.833068E+001  -1.661162E+001  -5.142904E+000  -1.146872E+001
   38101       9     9.009009    11.627907   1.516516E-010   3.202263E+001   4.691625E+001   6.421323E+001  -3.202263E+001  -1.729697E+001  -1.472566E+001
   38101      10     8.695652     9.009009   3.974487E-012   7.407314E+000   5.630000E-002   7.443187E+000  -7.407314E+000  -7.386887E+000  -2.042636E-002
   38101      11     8.333333     8.695652  -1.464479E-011   7.889154E+000   5.249483E-001   8.340865E+000  -7.889154E+000  -7.815917E+000  -7.323724E-002
   38101      12     7.633588     8.333333  -7.929601E-012   4.926927E+000   1.059803E+001   1.498169E+001  -4.926927E+000  -4.383666E+000  -5.432610E-001
   38101      13     7.042254     7.633588  -8.389150E-012   2.496292E+000   8.705197E+000   1.109499E+001  -2.496292E+000  -2.389789E+000  -1.065029E-001
   38101      14     6.451613     7.042254  -2.153111E-012   5.621650E+000   3.291875E+000   9.258559E+000  -5.621650E+000  -5.966684E+000   3.450340E-001
   38101      15     5.464481     6.451613   5.853512E-012   1.075707E+001   6.702723E-003   1.076654E+001  -1.075707E+001  -1.075984E+001   2.767061E-003
   38101      16     4.950495     5.464481   6.372090E-013   8.093636E-001   2.042085E+000   3.272194E+000  -8.093636E-001  -1.230109E+000   4.207449E-001
   38101      17     3.333333     4.950495  -1.402333E-013   2.627151E-001   2.661414E+000   3.219612E+000  -2.627151E-001  -5.581981E-001   2.954830E-001
   38201       1    40.000000 10000.000000   6.109815E-010   1.984077E+001   1.567712E+001   2.352316E+001  -1.984077E+001  -7.846033E+000  -1.199474E+001
   38201       2    29.411765    40.000000  -3.308092E-010   2.530552E+001   4.151311E-002   2.531519E+001  -2.530552E+001  -2.527368E+001  -3.184592E-002
   38201       3    25.000000    29.411765   3.177192E-011   2.089216E+001   2.415931E-001   2.095765E+001  -2.089216E+001  -2.071605E+001  -1.761028E-001
   38201       4    20.833333    25.000000   1.059961E-010   3.019179E+001   3.597905E+000   3.131180E+001  -3.019179E+001  -2.771389E+001  -2.477899E+000
   38201       5    19.230769    20.833333  -9.624612E-011   1.256699E+001   1.036136E+001   1.650298E+001  -1.256699E+001  -6.141625E+000  -6.425369E+000
   38201       6    17.543860    19.230769   1.258638E-011   1.062063E+001   1.975712E+001   2.093069E+001  -1.062063E+001  -1.173574E+000  -9.447056E+000
   38201       7    13.333333    17.543860   2.844658E-010   1.513155E+001   7.221464E+001   7.241178E+001  -1.513155E+001  -1.971413E-001  -1.493440E+001
   38201       8    11.627907    13.333333   1.514278E-010   1.659712E+001   3.311365E+001   3.825261E+001  -1.659712E+001  -5.138957E+000  -1.145817E+001
   38201       9     9.009009    11.627907   1.516489E-010   3.198078E+001   4.677646E+001   6.405570E+001  -3.198078E+001  -1.727924E+001  -1.470154E+001
   38201      10     8.695652     9.009009   3.974376E-012   7.386450E+000   5.603079E-002   7.422127E+000  -7.386450E+000  -7.366096E+000  -2.035322E-002
   38201      11     8.333333     8.695652  -1.464445E-011   7.866074E+000   5.237396E-001   8.316319E+000  -7.866074E+000  -7.792580E+000  -7.349454E-002
   38201      12     7.633588     8.333333  -7.929379E-012   4.916416E+000   1.056748E+001   1.493463E+001  -4.916416E+000  -4.367145E+000  -5.492705E-001
   38201      13     7.042254     7.633588  -8.388901E-012   2.491707E+000   8.677965E+000   1.105705E+001  -2.491707E+000  -2.379087E+000  -1.126199E-001
   38201      14     6.451613     7.042254  -2.153056E-012   5.601902E+000   3.281695E+000   9.224108E+000  -5.601902E+000  -5.942413E+000   3.405113E-001
   38201      15     5.464481     6.451613   5.853304E-012   1.071187E+001   6.668213E-003   1.072128E+001  -1.071187E+001  -1.071461E+001   2.743984E-003
   38201      16     4.950495     5.464481   6.371865E-013   8.065706E-001   2.032259E+000   3.256372E+000  -8.065706E-001  -1.224112E+000   4.175415E-001
   38201      17     3.333333     4.950495  -1.402264E-013   2.617130E-001   2.646484E+000   3.201145E+000  -2.617130E-001  -5.546609E-001   2.929478E-001
   38301       1    40.000000 10000.000000   6.109744E-010   1.982981E+001   1.566735E+001   2.350549E+001  -1.982981E+001  -7.838131E+000  -1.199168E+001
   38301       2    29.411765    40.000000  -3.308092E-010   2.528157E+001   4.149686E-002   2.529123E+001  -2.528157E+001  -2.524973E+001  -3.184464E-002
   38301       3    25.000000    29.411765   3.177192E-011   2.086966E+001   2.414554E-001   2.093504E+001  -2.086966E+001  -2.069359E+001  -1.760740E-001
   38301       4    20.833333    25.000000   1.059952E-010   3.015611E+001   3.593003E+000   3.127353E+001  -3.015611E+001  -2.768053E+001  -2.475577E+000
   38301       5    19.230769    20.833333  -9.624479E-011   1.255530E+001   1.034268E+001   1.648090E+001  -1.255530E+001  -6.138226E+000  -6.417079E+000
   38301       6    17.543860    19.230769   1.258549E-011   1.061522E+001   1.972803E+001   2.090065E+001  -1.061522E+001  -1.172618E+000  -9.442598E+000
   38301       7    13.333333    17.543860   2.844640E-010   1.513023E+001   7.209219E+001   7.228921E+001  -1.513023E+001  -1.970249E-001  -1.493320E+001
   38301       8    11.627907    13.333333   1.514247E-010   1.658278E+001   3.304008E+001   3.817507E+001  -1.658278E+001  -5.134994E+000  -1.144779E+001
   38301       9     9.009009    11.627907   1.516467E-010   3.193930E+001   4.663778E+001   6.389926E+001  -3.193930E+001  -1.726148E+001  -1.467782E+001
   38301      10     8.695652     9.009009   3.974265E-012   7.365728E+000   5.576438E-002   7.401212E+000  -7.365728E+000  -7.345447E+000  -2.028113E-002
   38301      11     8.333333     8.695652  -1.464412E-011   7.843159E+000   5.225444E-001   8.291942E+000  -7.843159E+000  -7.769398E+000  -7.376109E-002
   38301      12     7.633588     8.333333  -7.929213E-012   4.906030E+000   1.053721E+001   1.488788E+001  -4.906030E+000  -4.350679E+000  -5.553513E-001
   38301      13     7.042254     7.633588  -8.388679E-012   2.487186E+000   8.650973E+000   1.101938E+001  -2.487186E+000  -2.368405E+000  -1.187804E-001
   38301      14     6.451613     7.042254  -2.153014E-012   5.582334E+000   3.271629E+000   9.189895E+000  -5.582334E+000  -5.918266E+000   3.359318E-001
   38301      15     5.464481     6.451613   5.853124E-012   1.066698E+001   6.634159E-003   1.067633E+001  -1.066698E+001  -1.066970E+001   2.720879E-003
   38301      16     4.950495     5.464481   6.371605E-013   8.038080E-001   2.022544E+000   3.240658E+000  -8.038080E-001  -1.218114E+000   4.143064E-001
   38301      17     3.333333     4.950495  -1.402212E-013   2.607205E-001   2.631688E+000   3.182805E+000  -2.607205E-001  -5.511166E-001   2.903961E-001
   38401       1    40.000000 10000.000000   6.109726E-010   1.981894E+001   1.565765E+001   2.348793E+001  -1.981894E+001  -7.830282E+000  -1.198866E+001
   38401       2    29.411765    40.000000  -3.308092E-010   2.525779E+001   4.148072E-002   2.526743E+001  -2.525779E+001  -2.522595E+001  -3.184345E-002
   38401       3    25.000000    29.411765   3.177192E-011   2.084732E+001   2.413187E-001   2.091259E+001  -2.084732E+001  -2.067128E+001  -1.760457E-001
   38401       4    20.833333    25.000000   1.059943E-010   3.012067E+001   3.588140E+000   3.123553E+001  -3.012067E+001  -2.764739E+001  -2.473281E+000
   38401       5    19.230769    20.833333  -9.624479E-011   1.254370E+001   1.032414E+001   1.645897E+001  -1.254370E+001  -6.134836E+000  -6.408867E+000
   38401       6    17.543860    19.230769   1.258549E-011   1.060987E+001   1.969911E+001   2.087081E+001  -1.060987E+001  -1.171701E+000  -9.438166E+000
   38401       7    13.333333    17.543860   2.844569E-010   1.512893E+001   7.197058E+001   7.216749E+001  -1.512893E+001  -1.969151E-001  -1.493201E+001
   38401       8    11.627907    13.333333   1.514229E-010   1.656857E+001   3.296698E+001   3.809807E+001  -1.656857E+001  -5.131083E+000  -1.143749E+001
   38401       9     9.009009    11.627907   1.516423E-010   3.189811E+001   4.650004E+001   6.374389E+001  -3.189811E+001  -1.724385E+001  -1.465426E+001
   38401      10     8.695652     9.009009   3.974154E-012   7.345149E+000   5.550056E-002   7.380440E+000  -7.345149E+000  -7.324939E+000  -2.020971E-002
   38401      11     8.333333     8.695652  -1.464384E-011   7.820403E+000   5.213585E-001   8.267732E+000  -7.820403E+000  -7.746374E+000  -7.402937E-002
   38401      12     7.633588     8.333333  -7.929046E-012   4.895745E+000   1.050714E+001   1.484146E+001  -4.895745E+000  -4.334329E+000  -5.614166E-001
   38401      13     7.042254     7.633588  -8.388484E-012   2.482721E+000   8.624156E+000   1.098196E+001  -2.482721E+000  -2.357809E+000  -1.249123E-001
   38401      14     6.451613     7.042254  -2.152958E-012   5.562918E+000   3.261634E+000   9.155916E+000  -5.562918E+000  -5.894282E+000   3.313640E-001
   38401      15     5.464481     6.451613   5.852943E-012   1.062239E+001   6.600425E-003   1.063169E+001  -1.062239E+001  -1.062509E+001   2.698007E-003
   38401      16     4.950495     5.464481   6.371379E-013   8.010642E-001   2.012900E+000   3.225053E+000  -8.010642E-001  -1.212153E+000   4.110886E-001
   38401      17     3.333333     4.950495  -1.402160E-013   2.597363E-001   2.616995E+000   3.164591E+000  -2.597363E-001  -5.475957E-001   2.878594E-001
   38501       1    40.000000 10000.000000   6.109691E-010   1.980817E+001   1.564802E+001   2.347050E+001  -1.980817E+001  -7.822484E+000  -1.198568E+001
   38501       2    29.411765    40.000000  -3.308021E-010   2.523417E+001   4.146471E-002   2.524379E+001  -2.523417E+001  -2.520233E+001  -3.184233E-002
   38501       3    25.000000    29.411765   3.177014E-011   2.082514E+001   2.411830E-001   2.089030E+001  -2.082514E+001  -2.064912E+001  -1.760182E-001
   38501       4    20.833333    25.000000   1.059952E-010   3.008548E+001   3.583321E+000   3.119779E+001  -3.008548E+001  -2.761447E+001  -2.471015E+000
   38501       5    19.230769    20.833333  -9.624390E-011   1.253219E+001   1.030575E+001   1.643719E+001  -1.253219E+001  -6.131443E+000  -6.400746E+000
   38501       6    17.543860    19.230769   1.258549E-011   1.060458E+001   1.967038E+001   2.084118E+001  -1.060458E+001  -1.170792E+000  -9.433789E+000
   38501       7    13.333333    17.543860   2.844605E-010   1.512764E+001   7.184980E+001   7.204661E+001  -1.512764E+001  -1.968062E-001  -1.493084E+001
   38501       8    11.627907    13.333333   1.514198E-010   1.655449E+001   3.289442E+001   3.802159E+001  -1.655449E+001  -5.127174E+000  -1.142731E+001
   38501       9     9.009009    11.627907   1.516396E-010   3.185721E+001   4.636334E+001   6.358960E+001  -3.185721E+001  -1.722626E+001  -1.463096E+001
   38501      10     8.695652     9.009009   3.974099E-012   7.324711E+000   5.523950E-002   7.359811E+000  -7.324711E+000  -7.304572E+000  -2.013921E-002
   38501      11     8.333333     8.695652  -1.464345E-011   7.797807E+000   5.201819E-001   8.243689E+000  -7.797807E+000  -7.723507E+000  -7.429976E-002
   38501      12     7.633588     8.333333  -7.928824E-012   4.885563E+000   1.047728E+001   1.479536E+001  -4.885563E+000  -4.318082E+000  -5.674813E-001
   38501      13     7.042254     7.633588  -8.388235E-012   2.478314E+000   8.597526E+000   1.094481E+001  -2.478314E+000  -2.347282E+000  -1.310321E-001
   38501      14     6.451613     7.042254  -2.152875E-012   5.543656E+000   3.251711E+000   9.122171E+000  -5.543656E+000  -5.870460E+000   3.268035E-001
   38501      15     5.464481     6.451613   5.852763E-012   1.057811E+001   6.567063E-003   1.058736E+001  -1.057811E+001  -1.058079E+001   2.675256E-003
   38501      16     4.950495     5.464481   6.371154E-013   7.983405E-001   2.003332E+000   3.209555E+000  -7.983405E-001  -1.206223E+000   4.078824E-001
   38501      17     3.333333     4.950495  -1.402090E-013   2.587609E-001   2.602405E+000   3.146502E+000  -2.587609E-001  -5.440965E-001   2.853356E-001
   38601       1    40.000000 10000.000000   6.109673E-010   1.979749E+001   1.563845E+001   2.345319E+001  -1.979749E+001  -7.814744E+000  -1.198275E+001
   38601       2    29.411765    40.000000  -3.308021E-010   2.521072E+001   4.144899E-002   2.522032E+001  -2.521072E+001  -2.517887E+001  -3.184146E-002
   38601       3    25.000000    29.411765   3.177103E-011   2.080311E+001   2.410499E-001   2.086816E+001  -2.080311E+001  -2.062711E+001  -1.759926E-001
   38601       4    20.833333    25.000000   1.059925E-010   3.005053E+001   3.578624E+000   3.116031E+001  -3.005053E+001  -2.758169E+001  -2.468842E+000
   38601       5    19.230769    20.833333  -9.624301E-011   1.252072E+001   1.028776E+001   1.641556E+001  -1.252072E+001  -6.127808E+000  -6.392909E+000
   38601       6    17.543860    19.230769   1.258460E-011   1.059935E+001   1.964190E+001   2.081175E+001  -1.059935E+001  -1.169845E+000  -9.429508E+000
   38601       7    13.333333    17.543860   2.844516E-010   1.512637E+001   7.172988E+001   7.192656E+001  -1.512637E+001  -1.966780E-001  -1.492970E+001
   38601       8    11.627907    13.333333   1.514184E-010   1.654047E+001   3.282273E+001   3.794565E+001  -1.654047E+001  -5.122916E+000  -1.141755E+001
   38601       9     9.009009    11.627907   1.516378E-010   3.181631E+001   4.622892E+001   6.343636E+001  -3.181631E+001  -1.720745E+001  -1.460887E+001
   38601      10     8.695652     9.009009   3.973988E-012   7.304413E+000   5.498396E-002   7.339325E+000  -7.304413E+000  -7.284341E+000  -2.007180E-002
   38601      11     8.333333     8.695652  -1.464312E-011   7.775371E+000   5.190181E-001   8.219812E+000  -7.775371E+000  -7.700794E+000  -7.457716E-002
   38601      12     7.633588     8.333333  -7.928602E-012   4.875484E+000   1.044774E+001   1.474958E+001  -4.875484E+000  -4.301837E+000  -5.736466E-001
   38601      13     7.042254     7.633588  -8.387985E-012   2.473966E+000   8.571191E+000   1.090791E+001  -2.473966E+000  -2.336716E+000  -1.372499E-001
   38601      14     6.451613     7.042254  -2.152833E-012   5.524576E+000   3.241896E+000   9.088659E+000  -5.524576E+000  -5.846764E+000   3.221875E-001
   38601      15     5.464481     6.451613   5.852555E-012   1.053414E+001   6.534336E-003   1.054333E+001  -1.053414E+001  -1.053679E+001   2.652251E-003
   38601      16     4.950495     5.464481   6.370911E-013   7.956398E-001   1.993896E+000   3.194164E+000  -7.956398E-001  -1.200268E+000   4.046280E-001
   38601      17     3.333333     4.950495  -1.402038E-013   2.577945E-001   2.587976E+000   3.128538E+000  -2.577945E-001  -5.405619E-001   2.827674E-001
   38701       1    40.000000 10000.000000   6.109673E-010   1.978690E+001   1.562893E+001   2.343600E+001  -1.978690E+001  -7.807072E+000  -1.197983E+001
   38701       2    29.411765    40.000000  -3.308003E-010   2.518742E+001   4.143342E-002   2.519702E+001  -2.518742E+001  -2.515558E+001  -3.184066E-002
   38701       3    25.000000    29.411765   3.177192E-011   2.078123E+001   2.409180E-001   2.084618E+001  -2.078123E+001  -2.060526E+001  -1.759676E-001
   38701       4    20.833333    25.000000   1.059925E-010   3.001581E+001   3.573976E+000   3.112309E+001  -3.001581E+001  -2.754911E+001  -2.466695E+000
   38701       5    19.230769    20.833333  -9.624124E-011   1.250930E+001   1.026992E+001   1.639408E+001  -1.250930E+001  -6.124162E+000  -6.385138E+000
   38701       6    17.543860    19.230769   1.258549E-011   1.059418E+001   1.961354E+001   2.078253E+001  -1.059418E+001  -1.168990E+000  -9.425187E+000
   38701       7    13.333333    17.543860   2.844445E-010   1.512512E+001   7.161081E+001   7.180734E+001  -1.512512E+001  -1.965342E-001  -1.492859E+001
   38701       8    11.627907    13.333333   1.514158E-010   1.652653E+001   3.275153E+001   3.787023E+001  -1.652653E+001  -5.118699E+000  -1.140783E+001
   38701       9     9.009009    11.627907   1.516347E-010   3.177552E+001   4.609554E+001   6.328420E+001  -3.177552E+001  -1.718866E+001  -1.458686E+001
   38701      10     8.695652     9.009009   3.973988E-012   7.284255E+000   5.473138E-002   7.318981E+000  -7.284255E+000  -7.264249E+000  -2.000539E-002
   38701      11     8.333333     8.695652  -1.464284E-011   7.753094E+000   5.178645E-001   8.196101E+000  -7.753094E+000  -7.678237E+000  -7.485750E-002
   38701      12     7.633588     8.333333  -7.928436E-012   4.865500E+000   1.041846E+001   1.470412E+001  -4.865500E+000  -4.285660E+000  -5.798393E-001
   38701      13     7.042254     7.633588  -8.387790E-012   2.469669E+000   8.545090E+000   1.087126E+001  -2.469669E+000  -2.326174E+000  -1.434954E-001
   38701      14     6.451613     7.042254  -2.152750E-012   5.505666E+000   3.232165E+000   9.055380E+000  -5.505666E+000  -5.823215E+000   3.175493E-001
   38701      15     5.464481     6.451613   5.852388E-012   1.049047E+001   6.502080E-003   1.049961E+001  -1.049047E+001  -1.049310E+001   2.629185E-003
   38701      16     4.950495     5.464481   6.370685E-013   7.929614E-001   1.984562E+000   3.178880E+000  -7.929614E-001  -1.194318E+000   4.013567E-001
   38701      17     3.333333     4.950495  -1.401969E-013   2.568363E-001   2.573716E+000   3.110699E+000  -2.568363E-001  -5.369833E-001   2.801470E-001
   38801       1    40.000000 10000.000000   6.109619E-010   1.977639E+001   1.561948E+001   2.341893E+001  -1.977639E+001  -7.799459E+000  -1.197693E+001
   38801       2    29.411765    40.000000  -3.308003E-010   2.516429E+001   4.141796E-002   2.517387E+001  -2.516429E+001  -2.513245E+001  -3.183991E-002
   38801       3    25.000000    29.411765   3.176659E-011   2.075950E+001   2.407870E-001   2.082434E+001  -2.075950E+001  -2.058356E+001  -1.759429E-001
   38801       4    20.833333    25.000000   1.059908E-010   2.998133E+001   3.569365E+000   3.108613E+001  -2.998133E+001  -2.751676E+001  -2.464568E+000
   38801       5    19.230769    20.833333  -9.624124E-011   1.249797E+001   1.025222E+001   1.637276E+001  -1.249797E+001  -6.120536E+000  -6.377432E+000
   38801       6    17.543860    19.230769   1.258460E-011   1.058906E+001   1.958534E+001   2.075351E+001  -1.058906E+001  -1.168164E+000  -9.420893E+000
   38801       7    13.333333    17.543860   2.844462E-010   1.512388E+001   7.149256E+001   7.168895E+001  -1.512388E+001  -1.963977E-001  -1.492749E+001
   38801       8    11.627907    13.333333   1.514131E-010   1.651273E+001   3.268080E+001   3.779534E+001  -1.651273E+001  -5.114538E+000  -1.139819E+001
   38801       9     9.009009    11.627907   1.516316E-010   3.173505E+001   4.596306E+001   6.313309E+001  -3.173505E+001  -1.717003E+001  -1.456503E+001
   38801      10     8.695652     9.009009   3.973877E-012   7.264237E+000   5.448118E-002   7.298778E+000  -7.264237E+000  -7.244297E+000  -1.993960E-002
   38801      11     8.333333     8.695652  -1.464245E-011   7.730976E+000   5.167209E-001   8.172555E+000  -7.730976E+000  -7.655834E+000  -7.514177E-002
   38801      12     7.633588     8.333333  -7.928214E-012   4.855627E+000   1.038937E+001   1.465897E+001  -4.855627E+000  -4.269600E+000  -5.860266E-001
   38801      13     7.042254     7.633588  -8.387541E-012   2.465431E+000   8.519152E+000   1.083487E+001  -2.465431E+000  -2.315723E+000  -1.497078E-001
   38801      14     6.451613     7.042254  -2.152695E-012   5.486919E+000   3.222514E+000   9.022333E+000  -5.486919E+000  -5.799818E+000   3.128997E-001
   38801      15     5.464481     6.451613   5.852221E-012   1.044711E+001   6.470249E-003   1.045619E+001  -1.044711E+001  -1.044972E+001   2.606080E-003
   38801      16     4.950495     5.464481   6.370460E-013   7.903102E-001   1.975300E+000   3.163702E+000  -7.903102E-001  -1.188402E+000   3.980922E-001
   38801      17     3.333333     4.950495  -1.401925E-013   2.558873E-001   2.559550E+000   3.092984E+000  -2.558873E-001  -5.334334E-001   2.775461E-001
   38901       1    40.000000 10000.000000   6.109602E-010   1.976598E+001   1.561010E+001   2.340202E+001  -1.976598E+001  -7.791927E+000  -1.197405E+001
   38901       2    29.411765    40.000000  -3.307932E-010   2.514133E+001   4.140260E-002   2.515090E+001  -2.514133E+001  -2.510949E+001  -3.183919E-002
   38901       3    25.000000    29.411765   3.176925E-011   2.073795E+001   2.406571E-001   2.080269E+001  -2.073795E+001  -2.056203E+001  -1.759187E-001
   38901       4    20.833333    25.000000   1.059925E-010   2.994724E+001   3.564794E+000   3.104958E+001  -2.994724E+001  -2.748479E+001  -2.462446E+000
   38901       5    19.230769    20.833333  -9.623990E-011   1.248673E+001   1.023467E+001   1.635159E+001  -1.248673E+001  -6.116920E+000  -6.369805E+000
   38901       6    17.543860    19.230769   1.258549E-011   1.058399E+001   1.955747E+001   2.072482E+001  -1.058399E+001  -1.167351E+000  -9.416638E+000
   38901       7    13.333333    17.543860   2.844409E-010   1.512266E+001   7.137613E+001   7.157240E+001  -1.512266E+001  -1.962729E-001  -1.492639E+001
   38901       8    11.627907    13.333333   1.514109E-010   1.649908E+001   3.261095E+001   3.772182E+001  -1.649908E+001  -5.110865E+000  -1.138821E+001
   38901       9     9.009009    11.627907   1.516294E-010   3.169526E+001   4.583209E+001   6.298557E+001  -3.169526E+001  -1.715349E+001  -1.454177E+001
   38901      10     8.695652     9.009009   3.973766E-012   7.244734E+000   5.423381E-002   7.279097E+000  -7.244734E+000  -7.224863E+000  -1.987056E-002
   38901      11     8.333333     8.695652  -1.464212E-011   7.709457E+000   5.155884E-001   8.149672E+000  -7.709457E+000  -7.634083E+000  -7.537360E-002
   38901      12     7.633588     8.333333  -7.928103E-012   4.845920E+000   1.036060E+001   1.461520E+001  -4.845920E+000  -4.254593E+000  -5.913267E-001
   38901      13     7.042254     7.633588  -8.387374E-012   2.461248E+000   8.493471E+000   1.079970E+001  -2.461248E+000  -2.306232E+000  -1.550155E-001
   38901      14     6.451613     7.042254  -2.152653E-012   5.468701E+000   3.212963E+000   8.990506E+000  -5.468701E+000  -5.777544E+000   3.088426E-001
   38901      15     5.464481     6.451613   5.852027E-012   1.040557E+001   6.438738E-003   1.041460E+001  -1.040557E+001  -1.040816E+001   2.585423E-003
   38901      16     4.950495     5.464481   6.370234E-013   7.877408E-001   1.966170E+000   3.149262E+000  -7.877408E-001  -1.183092E+000   3.953510E-001
   38901      17     3.333333     4.950495  -1.401847E-013   2.549810E-001   2.545824E+000   3.076297E+000  -2.549810E-001  -5.304733E-001   2.754923E-001
   39001       1    40.000000 10000.000000   6.109584E-010   1.975568E+001   1.560085E+001   2.338527E+001  -1.975568E+001  -7.784424E+000  -1.197126E+001
   39001       2    29.411765    40.000000  -3.307985E-010   2.511854E+001   4.138743E-002   2.512809E+001  -2.511854E+001  -2.508670E+001  -3.183872E-002
   39001       3    25.000000    29.411765   3.176925E-011   2.071657E+001   2.405288E-001   2.078120E+001  -2.071657E+001  -2.054067E+001  -1.758962E-001
   39001       4    20.833333    25.000000   1.059890E-010   2.991354E+001   3.560289E+000   3.101347E+001  -2.991354E+001  -2.745318E+001  -2.460363E+000
   39001       5    19.230769    20.833333  -9.623902E-011   1.247559E+001   1.021740E+001   1.633060E+001  -1.247559E+001  -6.113197E+000  -6.362396E+000
   39001       6    17.543860    19.230769   1.258460E-011   1.057897E+001   1.953026E+001   2.069648E+001  -1.057897E+001  -1.166220E+000  -9.412755E+000
   39001       7    13.333333    17.543860   2.844374E-010   1.512145E+001   7.126175E+001   7.145780E+001  -1.512145E+001  -1.960551E-001  -1.492539E+001
   39001       8    11.627907    13.333333   1.514082E-010   1.648561E+001   3.254269E+001   3.764977E+001  -1.648561E+001  -5.107077E+000  -1.137854E+001
   39001       9     9.009009    11.627907   1.516272E-010   3.165625E+001   4.570406E+001   6.284198E+001  -3.165625E+001  -1.713792E+001  -1.451833E+001
   39001      10     8.695652     9.009009   3.973710E-012   7.225795E+000   5.399066E-002   7.259986E+000  -7.225795E+000  -7.205995E+000  -1.979957E-002
   39001      11     8.333333     8.695652  -1.464179E-011   7.688601E+000   5.144741E-001   8.127517E+000  -7.688601E+000  -7.613043E+000  -7.555832E-002
   39001      12     7.633588     8.333333  -7.927881E-012   4.836400E+000   1.033247E+001   1.457294E+001  -4.836400E+000  -4.240468E+000  -5.959325E-001
   39001      13     7.042254     7.633588  -8.387180E-012   2.457125E+000   8.468404E+000   1.076588E+001  -2.457125E+000  -2.297476E+000  -1.596492E-001
   39001      14     6.451613     7.042254  -2.152584E-012   5.451088E+000   3.203590E+000   8.960036E+000  -5.451088E+000  -5.756446E+000   3.053579E-001
   39001      15     5.464481     6.451613   5.851875E-012   1.036608E+001   6.407784E-003   1.037505E+001  -1.036608E+001  -1.036864E+001   2.567115E-003
   39001      16     4.950495     5.464481   6.370026E-013   7.852671E-001   1.957291E+000   3.135647E+000  -7.852671E-001  -1.178355E+000   3.930880E-001
   39001      17     3.333333     4.950495  -1.401813E-013   2.541227E-001   2.532714E+000   3.060768E+000  -2.541227E-001  -5.280545E-001   2.739318E-001
   39101       1    40.000000 10000.000000   6.109548E-010   1.974547E+001   1.559170E+001   2.336863E+001  -1.974547E+001  -7.776938E+000  -1.196854E+001
   39101       2    29.411765    40.000000  -3.307914E-010   2.509589E+001   4.137238E-002   2.510543E+001  -2.509589E+001  -2.506405E+001  -3.183841E-002
   39101       3    25.000000    29.411765   3.176925E-011   2.069533E+001   2.404018E-001   2.075986E+001  -2.069533E+001  -2.051945E+001  -1.758754E-001
   39101       4    20.833333    25.000000   1.059881E-010   2.988008E+001   3.555836E+000   3.097758E+001  -2.988008E+001  -2.742175E+001  -2.458329E+000
   39101       5    19.230769    20.833333  -9.623813E-011   1.246456E+001   1.020033E+001   1.630974E+001  -1.246456E+001  -6.109410E+000  -6.355149E+000
   39101       6    17.543860    19.230769   1.258549E-011   1.057401E+001   1.950334E+001   2.066833E+001  -1.057401E+001  -1.164990E+000  -9.409022E+000
   39101       7    13.333333    17.543860   2.844338E-010   1.512025E+001   7.114811E+001   7.134395E+001  -1.512025E+001  -1.958356E-001  -1.492442E+001
   39101       8    11.627907    13.333333   1.514069E-010   1.647227E+001   3.247516E+001   3.757819E+001  -1.647227E+001  -5.103035E+000  -1.136924E+001
   39101       9     9.009009    11.627907   1.516240E-010   3.161755E+001   4.557757E+001   6.269932E+001  -3.161755E+001  -1.712176E+001  -1.449579E+001
   39101      10     8.695652     9.009009   3.973599E-012   7.206980E+000   5.375088E-002   7.241000E+000  -7.206980E+000  -7.187249E+000  -1.973081E-002
   39101      11     8.333333     8.695652  -1.464145E-011   7.667883E+000   5.133910E-001   8.105508E+000  -7.667883E+000  -7.592117E+000  -7.576602E-002
   39101      12     7.633588     8.333333  -7.927714E-012   4.826973E+000   1.030468E+001   1.453096E+001  -4.826973E+000  -4.226280E+000  -6.006938E-001
   39101      13     7.042254     7.633588  -8.386930E-012   2.453046E+000   8.443679E+000   1.073228E+001  -2.453046E+000  -2.288598E+000  -1.644482E-001
   39101      14     6.451613     7.042254  -2.152542E-012   5.433618E+000   3.194355E+000   8.929766E+000  -5.433618E+000  -5.735412E+000   3.017941E-001
   39101      15     5.464481     6.451613   5.851694E-012   1.032683E+001   6.377221E-003   1.033576E+001  -1.032683E+001  -1.032938E+001   2.548809E-003
   39101      16     4.950495     5.464481   6.369801E-013   7.828122E-001   1.948577E+000   3.122121E+000  -7.828122E-001  -1.173544E+000   3.907317E-001
   39101      17     3.333333     4.950495  -1.401752E-013   2.532713E-001   2.519772E+000   3.045340E+000  -2.532713E-001  -5.255684E-001   2.722971E-001
   39201       1    40.000000 10000.000000   6.109513E-010   1.973536E+001   1.558262E+001   2.335210E+001  -1.973536E+001  -7.769481E+000  -1.196588E+001
   39201       2    29.411765    40.000000  -3.307932E-010   2.507340E+001   4.135747E-002   2.508292E+001  -2.507340E+001  -2.504156E+001  -3.183828E-002
   39201       3    25.000000    29.411765   3.176925E-011   2.067423E+001   2.402760E-001   2.073865E+001  -2.067423E+001  -2.049837E+001  -1.758559E-001
   39201       4    20.833333    25.000000   1.059890E-010   2.984685E+001   3.551431E+000   3.094194E+001  -2.984685E+001  -2.739051E+001  -2.456339E+000
   39201       5    19.230769    20.833333  -9.623724E-011   1.245362E+001   1.018343E+001   1.628901E+001  -1.245362E+001  -6.105583E+000  -6.348034E+000
   39201       6    17.543860    19.230769   1.258460E-011   1.056910E+001   1.947662E+001   2.064036E+001  -1.056910E+001  -1.163744E+000  -9.405360E+000
   39201       7    13.333333    17.543860   2.844285E-010   1.511907E+001   7.103521E+001   7.123085E+001  -1.511907E+001  -1.956413E-001  -1.492343E+001
   39201       8    11.627907    13.333333   1.514047E-010   1.645906E+001   3.240818E+001   3.750709E+001  -1.645906E+001  -5.098908E+000  -1.136015E+001
   39201       9     9.009009    11.627907   1.516209E-010   3.157916E+001   4.545227E+001   6.255761E+001  -3.157916E+001  -1.710534E+001  -1.447382E+001
   39201      10     8.695652     9.009009   3.973599E-012   7.188289E+000   5.351441E-002   7.222139E+000  -7.188289E+000  -7.168625E+000  -1.966438E-002
   39201      11     8.333333     8.695652  -1.464118E-011   7.647303E+000   5.123329E-001   8.083644E+000  -7.647303E+000  -7.571311E+000  -7.599258E-002
   39201      12     7.633588     8.333333  -7.927492E-012   4.817644E+000   1.027716E+001   1.448926E+001  -4.817644E+000  -4.212096E+000  -6.055481E-001
   39201      13     7.042254     7.633588  -8.386708E-012   2.449018E+000   8.419212E+000   1.069890E+001  -2.449018E+000  -2.279685E+000  -1.693330E-001
   39201      14     6.451613     7.042254  -2.152473E-012   5.416292E+000   3.185239E+000   8.899696E+000  -5.416292E+000  -5.714457E+000   2.981649E-001
   39201      15     5.464481     6.451613   5.851514E-012   1.028785E+001   6.346919E-003   1.029673E+001  -1.028785E+001  -1.029038E+001   2.530742E-003
   39201      16     4.950495     5.464481   6.369592E-013   7.803768E-001   1.939989E+000   3.108684E+000  -7.803768E-001  -1.168695E+000   3.883184E-001
   39201      17     3.333333     4.950495  -1.401709E-013   2.524271E-001   2.506959E+000   3.030015E+000  -2.524271E-001  -5.230560E-001   2.706289E-001
   39301       1    40.000000 10000.000000   6.109477E-010   1.972534E+001   1.557362E+001   2.333568E+001  -1.972534E+001  -7.762060E+000  -1.196328E+001
   39301       2    29.411765    40.000000  -3.307914E-010   2.505105E+001   4.134270E-002   2.506055E+001  -2.505105E+001  -2.501921E+001  -3.183829E-002
   39301       3    25.000000    29.411765   3.176925E-011   2.065327E+001   2.401513E-001   2.071759E+001  -2.065327E+001  -2.047743E+001  -1.758376E-001
   39301       4    20.833333    25.000000   1.059872E-010   2.981384E+001   3.547070E+000   3.090653E+001  -2.981384E+001  -2.735946E+001  -2.454385E+000
   39301       5    19.230769    20.833333  -9.623635E-011   1.244276E+001   1.016670E+001   1.626843E+001  -1.244276E+001  -6.101730E+000  -6.341033E+000
   39301       6    17.543860    19.230769   1.258460E-011   1.056425E+001   1.945011E+001   2.061258E+001  -1.056425E+001  -1.162469E+000  -9.401777E+000
   39301       7    13.333333    17.543860   2.844267E-010   1.511790E+001   7.092305E+001   7.111849E+001  -1.511790E+001  -1.954418E-001  -1.492246E+001
   39301       8    11.627907    13.333333   1.514024E-010   1.644597E+001   3.234175E+001   3.743645E+001  -1.644597E+001  -5.094705E+000  -1.135127E+001
   39301       9     9.009009    11.627907   1.516187E-010   3.154106E+001   4.532807E+001   6.241683E+001  -3.154106E+001  -1.708876E+001  -1.445230E+001
   39301      10     8.695652     9.009009   3.973488E-012   7.169722E+000   5.328083E-002   7.203404E+000  -7.169722E+000  -7.150123E+000  -1.959957E-002
   39301      11     8.333333     8.695652  -1.464084E-011   7.626866E+000   5.112836E-001   8.061924E+000  -7.626866E+000  -7.550641E+000  -7.622555E-002
   39301      12     7.633588     8.333333  -7.927381E-012   4.808406E+000   1.024989E+001   1.444783E+001  -4.808406E+000  -4.197944E+000  -6.104616E-001
   39301      13     7.042254     7.633588  -8.386541E-012   2.445036E+000   8.394959E+000   1.066574E+001  -2.445036E+000  -2.270779E+000  -1.742572E-001
   39301      14     6.451613     7.042254  -2.152417E-012   5.399106E+000   3.176210E+000   8.869824E+000  -5.399106E+000  -5.693614E+000   2.945080E-001
   39301      15     5.464481     6.451613   5.851333E-012   1.024913E+001   6.316958E-003   1.025796E+001  -1.024913E+001  -1.025164E+001   2.512737E-003
   39301      16     4.950495     5.464481   6.369367E-013   7.779606E-001   1.931479E+000   3.095336E+000  -7.779606E-001  -1.163857E+000   3.858969E-001
   39301      17     3.333333     4.950495  -1.401648E-013   2.515899E-001   2.494243E+000   3.014790E+000  -2.515899E-001  -5.205476E-001   2.689578E-001
   39401       1    40.000000 10000.000000   6.109460E-010   1.971540E+001   1.556469E+001   2.331937E+001  -1.971540E+001  -7.754676E+000  -1.196073E+001
   39401       2    29.411765    40.000000  -3.307861E-010   2.502885E+001   4.132807E-002   2.503834E+001  -2.502885E+001  -2.499701E+001  -3.183846E-002
   39401       3    25.000000    29.411765   3.176748E-011   2.063245E+001   2.400280E-001   2.069666E+001  -2.063245E+001  -2.045663E+001  -1.758205E-001
   39401       4    20.833333    25.000000   1.059872E-010   2.978106E+001   3.542768E+000   3.087135E+001  -2.978106E+001  -2.732858E+001  -2.452479E+000
   39401       5    19.230769    20.833333  -9.623546E-011   1.243199E+001   1.015018E+001   1.624798E+001  -1.243199E+001  -6.097806E+000  -6.334186E+000
   39401       6    17.543860    19.230769   1.258371E-011   1.055944E+001   1.942381E+001   2.058498E+001  -1.055944E+001  -1.161173E+000  -9.398265E+000
   39401       7    13.333333    17.543860   2.844249E-010   1.511675E+001   7.081166E+001   7.100689E+001  -1.511675E+001  -1.952312E-001  -1.492151E+001
   39401       8    11.627907    13.333333   1.514002E-010   1.643299E+001   3.227595E+001   3.736629E+001  -1.643299E+001  -5.090336E+000  -1.134265E+001
   39401       9     9.009009    11.627907   1.516165E-010   3.150323E+001   4.520527E+001   6.227699E+001  -3.150323E+001  -1.707172E+001  -1.443151E+001
   39401      10     8.695652     9.009009   3.973322E-012   7.151278E+000   5.305056E-002   7.184792E+000  -7.151278E+000  -7.131742E+000  -1.953670E-002
   39401      11     8.333333     8.695652  -1.464051E-011   7.606570E+000   5.102450E-001   8.040349E+000  -7.606570E+000  -7.530104E+000  -7.646639E-002
   39401      12     7.633588     8.333333  -7.927159E-012   4.799260E+000   1.022289E+001   1.440668E+001  -4.799260E+000  -4.183792E+000  -6.154675E-001
   39401      13     7.042254     7.633588  -8.386347E-012   2.441097E+000   8.370952E+000   1.063280E+001  -2.441097E+000  -2.261846E+000  -1.792508E-001
   39401      14     6.451613     7.042254  -2.152320E-012   5.382068E+000   3.167279E+000   8.840151E+000  -5.382068E+000  -5.672872E+000   2.908035E-001
   39401      15     5.464481     6.451613   5.851167E-012   1.021066E+001   6.287484E-003   1.021944E+001  -1.021066E+001  -1.021316E+001   2.494513E-003
   39401      16     4.950495     5.464481   6.369159E-013   7.755671E-001   1.923065E+000   3.082077E+000  -7.755671E-001  -1.159012E+000   3.834450E-001
   39401      17     3.333333     4.950495  -1.401605E-013   2.507594E-001   2.481688E+000   2.999667E+000  -2.507594E-001  -5.179786E-001   2.672192E-001
   39501       1    40.000000 10000.000000   6.109460E-010   1.970555E+001   1.555582E+001   2.330317E+001  -1.970555E+001  -7.747342E+000  -1.195820E+001
   39501       2    29.411765    40.000000  -3.307843E-010   2.500680E+001   4.131364E-002   2.501628E+001  -2.500680E+001  -2.497496E+001  -3.183879E-002
   39501       3    25.000000    29.411765   3.176837E-011   2.061177E+001   2.399063E-001   2.067588E+001  -2.061177E+001  -2.043597E+001  -1.758045E-001
   39501       4    20.833333    25.000000   1.059846E-010   2.974851E+001   3.538543E+000   3.083641E+001  -2.974851E+001  -2.729787E+001  -2.450636E+000
   39501       5    19.230769    20.833333  -9.623502E-011   1.242129E+001   1.013391E+001   1.622767E+001  -1.242129E+001  -6.093755E+000  -6.327537E+000
   39501       6    17.543860    19.230769   1.258371E-011   1.055468E+001   1.939761E+001   2.055757E+001  -1.055468E+001  -1.159956E+000  -9.394721E+000
   39501       7    13.333333    17.543860   2.844214E-010   1.511560E+001   7.070093E+001   7.089603E+001  -1.511560E+001  -1.950987E-001  -1.492050E+001
   39501       8    11.627907    13.333333   1.513980E-010   1.642011E+001   3.221075E+001   3.729659E+001  -1.642011E+001  -5.085844E+000  -1.133426E+001
   39501       9     9.009009    11.627907   1.516138E-010   3.146560E+001   4.508414E+001   6.213808E+001  -3.146560E+001  -1.705395E+001  -1.441165E+001
   39501      10     8.695652     9.009009   3.973322E-012   7.132957E+000   5.282425E-002   7.166305E+000  -7.132957E+000  -7.113481E+000  -1.947628E-002
   39501      11     8.333333     8.695652  -1.464034E-011   7.586426E+000   5.092117E-001   8.018918E+000  -7.586426E+000  -7.509706E+000  -7.671924E-002
   39501      12     7.633588     8.333333  -7.926992E-012   4.790204E+000   1.019616E+001   1.436581E+001  -4.790204E+000  -4.169647E+000  -6.205571E-001
   39501      13     7.042254     7.633588  -8.386181E-012   2.437198E+000   8.347203E+000   1.060008E+001  -2.437198E+000  -2.252876E+000  -1.843211E-001
   39501      14     6.451613     7.042254  -2.152292E-012   5.365170E+000   3.158446E+000   8.810676E+000  -5.365170E+000  -5.652229E+000   2.870595E-001
   39501      15     5.464481     6.451613   5.851000E-012   1.017245E+001   6.258528E-003   1.018119E+001  -1.017245E+001  -1.017493E+001   2.476019E-003
   39501      16     4.950495     5.464481   6.368968E-013   7.731965E-001   1.914751E+000   3.068906E+000  -7.731965E-001  -1.154155E+000   3.809584E-001
   39501      17     3.333333     4.950495  -1.401535E-013   2.499355E-001   2.469421E+000   2.984644E+000  -2.499355E-001  -5.152231E-001   2.652877E-001
   39601       1    40.000000 10000.000000   6.109406E-010   1.969577E+001   1.554701E+001   2.328707E+001  -1.969577E+001  -7.740060E+000  -1.195571E+001
   39601       2    29.411765    40.000000  -3.307825E-010   2.498490E+001   4.129931E-002   2.499436E+001  -2.498490E+001  -2.495306E+001  -3.183917E-002
   39601       3    25.000000    29.411765   3.176925E-011   2.059123E+001   2.397854E-001   2.065523E+001  -2.059123E+001  -2.041545E+001  -1.757892E-001
   39601       4    20.833333    25.000000   1.059854E-010   2.971617E+001   3.534351E+000   3.080171E+001  -2.971617E+001  -2.726736E+001  -2.448814E+000
   39601       5    19.230769    20.833333  -9.623413E-011   1.241067E+001   1.011777E+001   1.620749E+001  -1.241067E+001  -6.089720E+000  -6.320952E+000
   39601       6    17.543860    19.230769   1.258460E-011   1.054996E+001   1.937157E+001   2.053034E+001  -1.054996E+001  -1.158763E+000  -9.391199E+000
   39601       7    13.333333    17.543860   2.844178E-010   1.511447E+001   7.059093E+001   7.078591E+001  -1.511447E+001  -1.949726E-001  -1.491950E+001
   39601       8    11.627907    13.333333   1.513967E-010   1.640733E+001   3.214597E+001   3.722736E+001  -1.640733E+001  -5.081394E+000  -1.132594E+001
   39601       9     9.009009    11.627907   1.516112E-010   3.142824E+001   4.496381E+001   6.200011E+001  -3.142824E+001  -1.703630E+001  -1.439194E+001
   39601      10     8.695652     9.009009   3.973211E-012   7.114759E+000   5.260028E-002   7.147942E+000  -7.114759E+000  -7.095342E+000  -1.941691E-002
   39601      11     8.333333     8.695652  -1.464001E-011   7.566425E+000   5.081841E-001   7.997630E+000  -7.566425E+000  -7.489446E+000  -7.697877E-002
   39601      12     7.633588     8.333333  -7.926770E-012   4.781228E+000   1.016959E+001   1.432520E+001  -4.781228E+000  -4.155610E+000  -6.256182E-001
   39601      13     7.042254     7.633588  -8.385986E-012   2.433337E+000   8.323589E+000   1.056758E+001  -2.433337E+000  -2.243990E+000  -1.893475E-001
   39601      14     6.451613     7.042254  -2.152209E-012   5.348401E+000   3.149681E+000   8.781398E+000  -5.348401E+000  -5.631718E+000   2.833165E-001
   39601      15     5.464481     6.451613   5.850806E-012   1.013450E+001   6.229801E-003   1.014319E+001  -1.013450E+001  -1.013696E+001   2.457757E-003
   39601      16     4.950495     5.464481   6.368760E-013   7.708424E-001   1.906497E+000   3.055824E+000  -7.708424E-001  -1.149327E+000   3.784846E-001
   39601      17     3.333333     4.950495  -1.401492E-013   2.491179E-001   2.457232E+000   2.969723E+000  -2.491179E-001  -5.124910E-001   2.633731E-001
   39701       1    40.000000 10000.000000   6.109389E-010   1.968607E+001   1.553826E+001   2.327109E+001  -1.968607E+001  -7.732826E+000  -1.195325E+001
   39701       2    29.411765    40.000000  -3.307825E-010   2.496314E+001   4.128509E-002   2.497259E+001  -2.496314E+001  -2.493130E+001  -3.183962E-002
   39701       3    25.000000    29.411765   3.176837E-011   2.057083E+001   2.396655E-001   2.063472E+001  -2.057083E+001  -2.039506E+001  -1.757743E-001
   39701       4    20.833333    25.000000   1.059819E-010   2.968405E+001   3.530194E+000   3.076723E+001  -2.968405E+001  -2.723704E+001  -2.447013E+000
   39701       5    19.230769    20.833333  -9.623324E-011   1.240013E+001   1.010176E+001   1.618745E+001  -1.240013E+001  -6.085690E+000  -6.314441E+000
   39701       6    17.543860    19.230769   1.258371E-011   1.054529E+001   1.934572E+001   2.050329E+001  -1.054529E+001  -1.157571E+000  -9.387722E+000
   39701       7    13.333333    17.543860   2.844143E-010   1.511335E+001   7.048168E+001   7.067653E+001  -1.511335E+001  -1.948459E-001  -1.491850E+001
   39701       8    11.627907    13.333333   1.513945E-010   1.639467E+001   3.208166E+001   3.715860E+001  -1.639467E+001  -5.076933E+000  -1.131773E+001
   39701       9     9.009009    11.627907   1.516089E-010   3.139117E+001   4.484442E+001   6.186305E+001  -3.139117E+001  -1.701863E+001  -1.437254E+001
   39701      10     8.695652     9.009009   3.973155E-012   7.096682E+000   5.237861E-002   7.129702E+000  -7.096682E+000  -7.077323E+000  -1.935856E-002
   39701      11     8.333333     8.695652  -1.463973E-011   7.546564E+000   5.071673E-001   7.976486E+000  -7.546564E+000  -7.469318E+000  -7.724525E-002
   39701      12     7.633588     8.333333  -7.926604E-012   4.772341E+000   1.014329E+001   1.428487E+001  -4.772341E+000  -4.141587E+000  -6.307538E-001
   39701      13     7.042254     7.633588  -8.385792E-012   2.429519E+000   8.300186E+000   1.053530E+001  -2.429519E+000  -2.235111E+000  -1.944084E-001
   39701      14     6.451613     7.042254  -2.152181E-012   5.331782E+000   3.141013E+000   8.752317E+000  -5.331782E+000  -5.611304E+000   2.795219E-001
   39701      15     5.464481     6.451613   5.850667E-012   1.009680E+001   6.201585E-003   1.010544E+001  -1.009680E+001  -1.009924E+001   2.439150E-003
   39701      16     4.950495     5.464481   6.368517E-013   7.685120E-001   1.898333E+000   3.042829E+000  -7.685120E-001  -1.144496E+000   3.759836E-001
   39701      17     3.333333     4.950495  -1.401457E-013   2.483070E-001   2.445134E+000   2.954901E+000  -2.483070E-001  -5.097670E-001   2.614600E-001
   39801       1    40.000000 10000.000000   6.109371E-010   1.967645E+001   1.552956E+001   2.325521E+001  -1.967645E+001  -7.725643E+000  -1.195081E+001
   39801       2    29.411765    40.000000  -3.307825E-010   2.494153E+001   4.127096E-002   2.495097E+001  -2.494153E+001  -2.490969E+001  -3.184008E-002
   39801       3    25.000000    29.411765   3.176748E-011   2.055057E+001   2.395464E-001   2.061435E+001  -2.055057E+001  -2.037481E+001  -1.757597E-001
   39801       4    20.833333    25.000000   1.059828E-010   2.965216E+001   3.526068E+000   3.073299E+001  -2.965216E+001  -2.720693E+001  -2.445230E+000
   39801       5    19.230769    20.833333  -9.623236E-011   1.238966E+001   1.008587E+001   1.616755E+001  -1.238966E+001  -6.081677E+000  -6.307987E+000
   39801       6    17.543860    19.230769   1.258371E-011   1.054067E+001   1.932005E+001   2.047642E+001  -1.054067E+001  -1.156370E+000  -9.384298E+000
   39801       7    13.333333    17.543860   2.844107E-010   1.511224E+001   7.037317E+001   7.056788E+001  -1.511224E+001  -1.947146E-001  -1.491753E+001
   39801       8    11.627907    13.333333   1.513927E-010   1.638210E+001   3.201784E+001   3.709029E+001  -1.638210E+001  -5.072455E+000  -1.130965E+001
   39801       9     9.009009    11.627907   1.516063E-010   3.135437E+001   4.472598E+001   6.172692E+001  -3.135437E+001  -1.700095E+001  -1.435342E+001
   39801      10     8.695652     9.009009   3.973155E-012   7.078726E+000   5.215900E-002   7.111584E+000  -7.078726E+000  -7.059425E+000  -1.930085E-002
   39801      11     8.333333     8.695652  -1.463946E-011   7.526838E+000   5.061585E-001   7.955483E+000  -7.526838E+000  -7.449324E+000  -7.751365E-002
   39801      12     7.633588     8.333333  -7.926493E-012   4.763533E+000   1.011719E+001   1.424481E+001  -4.763533E+000  -4.127625E+000  -6.359079E-001
   39801      13     7.042254     7.633588  -8.385570E-012   2.425742E+000   8.276983E+000   1.050323E+001  -2.425742E+000  -2.226248E+000  -1.994939E-001
   39801      14     6.451613     7.042254  -2.152140E-012   5.315293E+000   3.132415E+000   8.723431E+000  -5.315293E+000  -5.591016E+000   2.757229E-001
   39801      15     5.464481     6.451613   5.850501E-012   1.005935E+001   6.173701E-003   1.006795E+001  -1.005935E+001  -1.006177E+001   2.420547E-003
   39801      16     4.950495     5.464481   6.368361E-013   7.661984E-001   1.890254E+000   3.029921E+000  -7.661984E-001  -1.139668E+000   3.734691E-001
   39801      17     3.333333     4.950495  -1.401388E-013   2.475028E-001   2.433139E+000   2.940179E+000  -2.475028E-001  -5.070395E-001   2.595367E-001
   39901       1    40.000000 10000.000000   6.109335E-010   1.966690E+001   1.552092E+001   2.323943E+001  -1.966690E+001  -7.718515E+000  -1.194839E+001
   39901       2    29.411765    40.000000  -3.307790E-010   2.492007E+001   4.125691E-002   2.492949E+001  -2.492007E+001  -2.488823E+001  -3.184057E-002
   39901       3    25.000000    29.411765   3.176837E-011   2.053044E+001   2.394281E-001   2.059412E+001  -2.053044E+001  -2.035469E+001  -1.757455E-001
   39901       4    20.833333    25.000000   1.059819E-010   2.962047E+001   3.521971E+000   3.069898E+001  -2.962047E+001  -2.717701E+001  -2.443462E+000
   39901       5    19.230769    20.833333  -9.623147E-011   1.237927E+001   1.007008E+001   1.614778E+001  -1.237927E+001  -6.077693E+000  -6.301578E+000
   39901       6    17.543860    19.230769   1.258371E-011   1.053609E+001   1.929453E+001   2.044974E+001  -1.053609E+001  -1.155204E+000  -9.380885E+000
   39901       7    13.333333    17.543860   2.844107E-010   1.511114E+001   7.026538E+001   7.045996E+001  -1.511114E+001  -1.945835E-001  -1.491656E+001
   39901       8    11.627907    13.333333   1.513896E-010   1.636964E+001   3.195442E+001   3.702245E+001  -1.636964E+001  -5.068027E+000  -1.130162E+001
   39901       9     9.009009    11.627907   1.516045E-010   3.131782E+001   4.460832E+001   6.159171E+001  -3.131782E+001  -1.698338E+001  -1.433444E+001
   39901      10     8.695652     9.009009   3.973044E-012   7.060891E+000   5.194145E-002   7.093588E+000  -7.060891E+000  -7.041647E+000  -1.924385E-002
   39901      11     8.333333     8.695652  -1.463918E-011   7.507247E+000   5.051572E-001   7.934621E+000  -7.507247E+000  -7.429464E+000  -7.778320E-002
   39901      12     7.633588     8.333333  -7.926326E-012   4.754812E+000   1.009128E+001   1.420502E+001  -4.754812E+000  -4.113741E+000  -6.410712E-001
   39901      13     7.042254     7.633588  -8.385403E-012   2.422013E+000   8.253964E+000   1.047138E+001  -2.422013E+000  -2.217418E+000  -2.045958E-001
   39901      14     6.451613     7.042254  -2.152084E-012   5.298931E+000   3.123884E+000   8.694739E+000  -5.298931E+000  -5.570856E+000   2.719245E-001
   39901      15     5.464481     6.451613   5.850348E-012   1.002216E+001   6.146085E-003   1.003071E+001  -1.002216E+001  -1.002456E+001   2.402065E-003
   39901      16     4.950495     5.464481   6.368118E-013   7.639035E-001   1.882245E+000   3.017101E+000  -7.639035E-001  -1.134856E+000   3.709523E-001
   39901      17     3.333333     4.950495  -1.401344E-013   2.467060E-001   2.421247E+000   2.925556E+000  -2.467060E-001  -5.043087E-001   2.576027E-001
   40001       1    40.000000 10000.000000   6.109317E-010   1.965743E+001   1.551233E+001   2.322377E+001  -1.965743E+001  -7.711438E+000  -1.194599E+001
   40001       2    29.411765    40.000000  -3.307736E-010   2.489875E+001   4.124293E-002   2.490815E+001  -2.489875E+001  -2.486691E+001  -3.184103E-002
   40001       3    25.000000    29.411765   3.176570E-011   2.051045E+001   2.393105E-001   2.057402E+001  -2.051045E+001  -2.033471E+001  -1.757316E-001
   40001       4    20.833333    25.000000   1.059828E-010   2.958900E+001   3.517905E+000   3.066520E+001  -2.958900E+001  -2.714729E+001  -2.441709E+000
   40001       5    19.230769    20.833333  -9.623013E-011   1.236895E+001   1.005440E+001   1.612814E+001  -1.236895E+001  -6.073732E+000  -6.295217E+000
   40001       6    17.543860    19.230769   1.258371E-011   1.053155E+001   1.926917E+001   2.042323E+001  -1.053155E+001  -1.154066E+000  -9.377484E+000
   40001       7    13.333333    17.543860   2.844018E-010   1.511005E+001   7.015832E+001   7.035277E+001  -1.511005E+001  -1.944565E-001  -1.491560E+001
   40001       8    11.627907    13.333333   1.513878E-010   1.635728E+001   3.189141E+001   3.695506E+001  -1.635728E+001  -5.063651E+000  -1.129362E+001
   40001       9     9.009009    11.627907   1.516023E-010   3.128151E+001   4.449143E+001   6.145740E+001  -3.128151E+001  -1.696597E+001  -1.431554E+001
   40001      10     8.695652     9.009009   3.972933E-012   7.043175E+000   5.172590E-002   7.075714E+000  -7.043175E+000  -7.023988E+000  -1.918744E-002
   40001      11     8.333333     8.695652  -1.463890E-011   7.487789E+000   5.041628E-001   7.913900E+000  -7.487789E+000  -7.409737E+000  -7.805241E-002
   40001      12     7.633588     8.333333  -7.926215E-012   4.746162E+000   1.006554E+001   1.416550E+001  -4.746162E+000  -4.099963E+000  -6.461990E-001
   40001      13     7.042254     7.633588  -8.385209E-012   2.418320E+000   8.231082E+000   1.043975E+001  -2.418320E+000  -2.208664E+000  -2.096560E-001
   40001      14     6.451613     7.042254  -2.152015E-012   5.282687E+000   3.115409E+000   8.666240E+000  -5.282687E+000  -5.550831E+000   2.681441E-001
   40001      15     5.464481     6.451613   5.850209E-012   9.985212E+000   6.118692E-003   9.993715E+000  -9.985212E+000  -9.987596E+000   2.383787E-003
   40001      16     4.950495     5.464481   6.367962E-013   7.616233E-001   1.874288E+000   3.004366E+000  -7.616233E-001  -1.130078E+000   3.684546E-001
   40001      17     3.333333     4.950495  -1.401292E-013   2.459152E-001   2.409433E+000   2.911031E+000  -2.459152E-001  -5.015982E-001   2.556830E-001
   40101       1    40.000000 10000.000000   6.109282E-010   1.964802E+001   1.550380E+001   2.320821E+001  -1.964802E+001  -7.704410E+000  -1.194361E+001
   40101       2    29.411765    40.000000  -3.307754E-010   2.487758E+001   4.122905E-002   2.488696E+001  -2.487758E+001  -2.484573E+001  -3.184153E-002
   40101       3    25.000000    29.411765   3.176748E-011   2.049059E+001   2.391939E-001   2.055406E+001  -2.049059E+001  -2.031487E+001  -1.757181E-001
   40101       4    20.833333    25.000000   1.059801E-010   2.955775E+001   3.513870E+000   3.063164E+001  -2.955775E+001  -2.711777E+001  -2.439972E+000
   40101       5    19.230769    20.833333  -9.622969E-011   1.235870E+001   1.003884E+001   1.610863E+001  -1.235870E+001  -6.069789E+000  -6.288908E+000
   40101       6    17.543860    19.230769   1.258371E-011   1.052705E+001   1.924396E+001   2.039690E+001  -1.052705E+001  -1.152941E+000  -9.374111E+000
   40101       7    13.333333    17.543860   2.844036E-010   1.510898E+001   7.005197E+001   7.024630E+001  -1.510898E+001  -1.943309E-001  -1.491465E+001
   40101       8    11.627907    13.333333   1.513869E-010   1.634500E+001   3.182882E+001   3.688813E+001  -1.634500E+001  -5.059302E+000  -1.128570E+001
   40101       9     9.009009    11.627907   1.515992E-010   3.124544E+001   4.437534E+001   6.132399E+001  -3.124544E+001  -1.694865E+001  -1.429679E+001
   40101      10     8.695652     9.009009   3.972822E-012   7.025578E+000   5.151243E-002   7.057959E+000  -7.025578E+000  -7.006446E+000  -1.913178E-002
   40101      11     8.333333     8.695652  -1.463862E-011   7.468462E+000   5.031766E-001   7.893318E+000  -7.468462E+000  -7.390141E+000  -7.832137E-002
   40101      12     7.633588     8.333333  -7.926049E-012   4.737583E+000   1.003996E+001   1.412624E+001  -4.737583E+000  -4.086284E+000  -6.512994E-001
   40101      13     7.042254     7.633588  -8.385070E-012   2.414662E+000   8.208344E+000   1.040832E+001  -2.414662E+000  -2.199978E+000  -2.146840E-001
   40101      14     6.451613     7.042254  -2.151987E-012   5.266562E+000   3.106996E+000   8.637933E+000  -5.266562E+000  -5.530937E+000   2.643744E-001
   40101      15     5.464481     6.451613   5.850015E-012   9.948516E+000   6.091510E-003   9.956973E+000  -9.948516E+000  -9.950881E+000   2.365735E-003
   40101      16     4.950495     5.464481   6.367719E-013   7.593585E-001   1.866389E+000   2.991717E+000  -7.593585E-001  -1.125328E+000   3.659696E-001
   40101      17     3.333333     4.950495  -1.401240E-013   2.451306E-001   2.397697E+000   2.896604E+000  -2.451306E-001  -4.989066E-001   2.537761E-001
   40201       1    40.000000 10000.000000   6.109264E-010   1.963869E+001   1.549531E+001   2.319275E+001  -1.963869E+001  -7.697435E+000  -1.194126E+001
   40201       2    29.411765    40.000000  -3.307736E-010   2.485654E+001   4.121525E-002   2.486591E+001  -2.485654E+001  -2.482470E+001  -3.184205E-002
   40201       3    25.000000    29.411765   3.176659E-011   2.047086E+001   2.390779E-001   2.053424E+001  -2.047086E+001  -2.029516E+001  -1.757049E-001
   40201       4    20.833333    25.000000   1.059801E-010   2.952670E+001   3.509866E+000   3.059831E+001  -2.952670E+001  -2.708845E+001  -2.438253E+000
   40201       5    19.230769    20.833333  -9.622880E-011   1.234852E+001   1.002339E+001   1.608925E+001  -1.234852E+001  -6.065862E+000  -6.282654E+000
   40201       6    17.543860    19.230769   1.258371E-011   1.052259E+001   1.921893E+001   2.037075E+001  -1.052259E+001  -1.151822E+000  -9.370772E+000
   40201       7    13.333333    17.543860   2.844018E-010   1.510791E+001   6.994634E+001   7.014055E+001  -1.510791E+001  -1.942056E-001  -1.491370E+001
   40201       8    11.627907    13.333333   1.513847E-010   1.633283E+001   3.176668E+001   3.682164E+001  -1.633283E+001  -5.054964E+000  -1.127786E+001
   40201       9     9.009009    11.627907   1.515974E-010   3.120962E+001   4.426010E+001   6.119148E+001  -3.120962E+001  -1.693139E+001  -1.427824E+001
   40201      10     8.695652     9.009009   3.972767E-012   7.008099E+000   5.130102E-002   7.040323E+000  -7.008099E+000  -6.989022E+000  -1.907688E-002
   40201      11     8.333333     8.695652  -1.463829E-011   7.449258E+000   5.022249E-001   7.872874E+000  -7.449258E+000  -7.370649E+000  -7.860887E-002
   40201      12     7.633588     8.333333  -7.925882E-012   4.729088E+000   1.001453E+001   1.408725E+001  -4.729088E+000  -4.072723E+000  -6.563658E-001
   40201      13     7.042254     7.633588  -8.384876E-012   2.411046E+000   8.185761E+000   1.037711E+001  -2.411046E+000  -2.191349E+000  -2.196974E-001
   40201      14     6.451613     7.042254  -2.151931E-012   5.250554E+000   3.098674E+000   8.609816E+000  -5.250554E+000  -5.511142E+000   2.605875E-001
   40201      15     5.464481     6.451613   5.849918E-012   9.912065E+000   6.064586E-003   9.920478E+000  -9.912065E+000  -9.914413E+000   2.347802E-003
   40201      16     4.950495     5.464481   6.367563E-013   7.571126E-001   1.858548E+000   2.979153E+000  -7.571126E-001  -1.120605E+000   3.634923E-001
   40201      17     3.333333     4.950495  -1.401197E-013   2.443528E-001   2.386044E+000   2.882273E+000  -2.443528E-001  -4.962298E-001   2.518770E-001
   40301       1    40.000000 10000.000000   6.109246E-010   1.962943E+001   1.548689E+001   2.317740E+001  -1.962943E+001  -7.690510E+000  -1.193892E+001
   40301       2    29.411765    40.000000  -3.307719E-010   2.483565E+001   4.120157E-002   2.484501E+001  -2.483565E+001  -2.480381E+001  -3.184261E-002
   40301       3    25.000000    29.411765   3.176570E-011   2.045127E+001   2.389631E-001   2.051454E+001  -2.045127E+001  -2.027558E+001  -1.756921E-001
   40301       4    20.833333    25.000000   1.059801E-010   2.949587E+001   3.505908E+000   3.056521E+001  -2.949587E+001  -2.705930E+001  -2.436566E+000
   40301       5    19.230769    20.833333  -9.622836E-011   1.233840E+001   1.000811E+001   1.607001E+001  -1.233840E+001  -6.061897E+000  -6.276505E+000
   40301       6    17.543860    19.230769   1.258371E-011   1.051817E+001   1.919409E+001   2.034478E+001  -1.051817E+001  -1.150688E+000  -9.367486E+000
   40301       7    13.333333    17.543860   2.843947E-010   1.510685E+001   6.984143E+001   7.003551E+001  -1.510685E+001  -1.940755E-001  -1.491278E+001
   40301       8    11.627907    13.333333   1.513825E-010   1.632074E+001   3.170507E+001   3.675560E+001  -1.632074E+001  -5.050531E+000  -1.127021E+001
   40301       9     9.009009    11.627907   1.515952E-010   3.117404E+001   4.414607E+001   6.105987E+001  -3.117404E+001  -1.691380E+001  -1.426024E+001
   40301      10     8.695652     9.009009   3.972767E-012   6.990738E+000   5.109238E-002   7.022807E+000  -6.990738E+000  -6.971714E+000  -1.902358E-002
   40301      11     8.333333     8.695652  -1.463807E-011   7.430186E+000   5.012831E-001   7.852567E+000  -7.430186E+000  -7.351284E+000  -7.890188E-002
   40301      12     7.633588     8.333333  -7.925716E-012   4.720666E+000   9.989341E+000   1.404852E+001  -4.720666E+000  -4.059180E+000  -6.614865E-001
   40301      13     7.042254     7.633588  -8.384682E-012   2.407463E+000   8.163407E+000   1.034611E+001  -2.407463E+000  -2.182701E+000  -2.247622E-001
   40301      14     6.451613     7.042254  -2.151862E-012   5.234676E+000   3.090447E+000   8.581888E+000  -5.234676E+000  -5.491441E+000   2.567653E-001
   40301      15     5.464481     6.451613   5.849723E-012   9.875861E+000   6.037929E-003   9.884229E+000  -9.875861E+000  -9.878191E+000   2.329989E-003
   40301      16     4.950495     5.464481   6.367355E-013   7.548845E-001   1.850802E+000   2.966674E+000  -7.548845E-001  -1.115872E+000   3.609877E-001
   40301      17     3.333333     4.950495  -1.401145E-013   2.435809E-001   2.374498E+000   2.868039E+000  -2.435809E-001  -4.935413E-001   2.499605E-001
   40401       1    40.000000 10000.000000   6.109211E-010   1.962023E+001   1.547850E+001   2.316215E+001  -1.962023E+001  -7.683644E+000  -1.193659E+001
   40401       2    29.411765    40.000000  -3.307719E-010   2.481490E+001   4.118801E-002   2.482424E+001  -2.481490E+001  -2.478305E+001  -3.184320E-002
   40401       3    25.000000    29.411765   3.176837E-011   2.043181E+001   2.388495E-001   2.049498E+001  -2.043181E+001  -2.025613E+001  -1.756799E-001
   40401       4    20.833333    25.000000   1.059783E-010   2.946524E+001   3.502011E+000   3.053233E+001  -2.946524E+001  -2.703031E+001  -2.434921E+000
   40401       5    19.230769    20.833333  -9.622791E-011   1.232835E+001   9.993043E+000   1.605089E+001  -1.232835E+001  -6.057850E+000  -6.270499E+000
   40401       6    17.543860    19.230769   1.258282E-011   1.051379E+001   1.916942E+001   2.031898E+001  -1.051379E+001  -1.149556E+000  -9.364236E+000
   40401       7    13.333333    17.543860   2.843912E-010   1.510580E+001   6.973723E+001   6.993118E+001  -1.510580E+001  -1.939407E-001  -1.491186E+001
   40401       8    11.627907    13.333333   1.513798E-010   1.630873E+001   3.164403E+001   3.669001E+001  -1.630873E+001  -5.045979E+000  -1.126276E+001
   40401       9     9.009009    11.627907   1.515930E-010   3.113866E+001   4.403341E+001   6.092914E+001  -3.113866E+001  -1.689573E+001  -1.424293E+001
   40401      10     8.695652     9.009009   3.972600E-012   6.973494E+000   5.088669E-002   7.005409E+000  -6.973494E+000  -6.954522E+000  -1.897164E-002
   40401      11     8.333333     8.695652  -1.463779E-011   7.411246E+000   5.003492E-001   7.832399E+000  -7.411246E+000  -7.332049E+000  -7.919675E-002
   40401      12     7.633588     8.333333  -7.925605E-012   4.712317E+000   9.964326E+000   1.401005E+001  -4.712317E+000  -4.045727E+000  -6.665905E-001
   40401      13     7.042254     7.633588  -8.384515E-012   2.403916E+000   8.141211E+000   1.031532E+001  -2.403916E+000  -2.174105E+000  -2.298104E-001
   40401      14     6.451613     7.042254  -2.151834E-012   5.218925E+000   3.082284E+000   8.554149E+000  -5.218925E+000  -5.471865E+000   2.529402E-001
   40401      15     5.464481     6.451613   5.849585E-012   9.839901E+000   6.011576E-003   9.848225E+000  -9.839901E+000  -9.842213E+000   2.312232E-003
   40401      16     4.950495     5.464481   6.367146E-013   7.526739E-001   1.843132E+000   2.954279E+000  -7.526739E-001  -1.111147E+000   3.584731E-001
   40401      17     3.333333     4.950495  -1.401093E-013   2.428149E-001   2.363047E+000   2.853902E+000  -2.428149E-001  -4.908554E-001   2.480405E-001
   40501       1    40.000000 10000.000000   6.109193E-010   1.961110E+001   1.547016E+001   2.314700E+001  -1.961110E+001  -7.676838E+000  -1.193426E+001
   40501       2    29.411765    40.000000  -3.307647E-010   2.479429E+001   4.117459E-002   2.480362E+001  -2.479429E+001  -2.476244E+001  -3.184378E-002
   40501       3    25.000000    29.411765   3.176659E-011   2.041248E+001   2.387371E-001   2.047555E+001  -2.041248E+001  -2.023682E+001  -1.756681E-001
   40501       4    20.833333    25.000000   1.059783E-010   2.943480E+001   3.498163E+000   3.049967E+001  -2.943480E+001  -2.700150E+001  -2.433298E+000
   40501       5    19.230769    20.833333  -9.622703E-011   1.231832E+001   9.978126E+000   1.603191E+001  -1.231832E+001  -6.053780E+000  -6.264538E+000
   40501       6    17.543860    19.230769   1.258282E-011   1.050944E+001   1.914490E+001   2.029335E+001  -1.050944E+001  -1.148458E+000  -9.360983E+000
   40501       7    13.333333    17.543860   2.843894E-010   1.510476E+001   6.963374E+001   6.982755E+001  -1.510476E+001  -1.938098E-001  -1.491095E+001
   40501       8    11.627907    13.333333   1.513789E-010   1.629675E+001   3.158341E+001   3.662487E+001  -1.629675E+001  -5.041458E+000  -1.125530E+001
   40501       9     9.009009    11.627907   1.515907E-010   3.110321E+001   4.392159E+001   6.079930E+001  -3.110321E+001  -1.687771E+001  -1.422550E+001
   40501      10     8.695652     9.009009   3.972545E-012   6.956365E+000   5.068319E-002   6.988128E+000  -6.956365E+000  -6.937445E+000  -1.891985E-002
   40501      11     8.333333     8.695652  -1.463757E-011   7.392434E+000   4.994216E-001   7.812367E+000  -7.392434E+000  -7.312945E+000  -7.948905E-002
   40501      12     7.633588     8.333333  -7.925383E-012   4.704025E+000   9.939446E+000   1.397184E+001  -4.704025E+000  -4.032399E+000  -6.716263E-001
   40501      13     7.042254     7.633588  -8.384321E-012   2.400398E+000   8.119124E+000   1.028473E+001  -2.400398E+000  -2.165609E+000  -2.347887E-001
   40501      14     6.451613     7.042254  -2.151779E-012   5.203301E+000   3.074160E+000   8.526598E+000  -5.203301E+000  -5.452438E+000   2.491375E-001
   40501      15     5.464481     6.451613   5.849432E-012   9.804184E+000   5.985469E-003   9.812465E+000  -9.804184E+000  -9.806479E+000   2.294669E-003
   40501      16     4.950495     5.464481   6.366990E-013   7.504754E-001   1.835510E+000   2.941968E+000  -7.504754E-001  -1.106458E+000   3.559830E-001
   40501      17     3.333333     4.950495  -1.401041E-013   2.420544E-001   2.351666E+000   2.839860E+000  -2.420544E-001  -4.881944E-001   2.461400E-001
   40601       1    40.000000 10000.000000   6.109193E-010   1.960203E+001   1.546188E+001   2.313196E+001  -1.960203E+001  -7.670082E+000  -1.193195E+001
   40601       2    29.411765    40.000000  -3.307647E-010   2.477382E+001   4.116127E-002   2.478313E+001  -2.477382E+001  -2.474197E+001  -3.184438E-002
   40601       3    25.000000    29.411765   3.176570E-011   2.039329E+001   2.386254E-001   2.045626E+001  -2.039329E+001  -2.021763E+001  -1.756563E-001
   40601       4    20.833333    25.000000   1.059774E-010   2.940457E+001   3.494346E+000   3.046723E+001  -2.940457E+001  -2.697288E+001  -2.431688E+000
   40601       5    19.230769    20.833333  -9.622614E-011   1.230834E+001   9.963323E+000   1.601305E+001  -1.230834E+001  -6.049726E+000  -6.258617E+000
   40601       6    17.543860    19.230769   1.258194E-011   1.050512E+001   1.912053E+001   2.026790E+001  -1.050512E+001  -1.147378E+000  -9.357743E+000
   40601       7    13.333333    17.543860   2.843894E-010   1.510373E+001   6.953095E+001   6.972463E+001  -1.510373E+001  -1.936812E-001  -1.491005E+001
   40601       8    11.627907    13.333333   1.513767E-010   1.628484E+001   3.152319E+001   3.656016E+001  -1.628484E+001  -5.036974E+000  -1.124786E+001
   40601       9     9.009009    11.627907   1.515881E-010   3.106792E+001   4.381053E+001   6.067034E+001  -3.106792E+001  -1.685981E+001  -1.420811E+001
   40601      10     8.695652     9.009009   3.972545E-012   6.939352E+000   5.048154E-002   6.970965E+000  -6.939352E+000  -6.920484E+000  -1.886840E-002
   40601      11     8.333333     8.695652  -1.463729E-011   7.373750E+000   4.984998E-001   7.792470E+000  -7.373750E+000  -7.293970E+000  -7.977913E-002
   40601      12     7.633588     8.333333  -7.925216E-012   4.695791E+000   9.914719E+000   1.393390E+001  -4.695791E+000  -4.019177E+000  -6.766142E-001
   40601      13     7.042254     7.633588  -8.384154E-012   2.396908E+000   8.097167E+000   1.025436E+001  -2.396908E+000  -2.157190E+000  -2.397178E-001
   40601      14     6.451613     7.042254  -2.151723E-012   5.187788E+000   3.066083E+000   8.499234E+000  -5.187788E+000  -5.433151E+000   2.453622E-001
   40601      15     5.464481     6.451613   5.849293E-012   9.768710E+000   5.959589E-003   9.776947E+000  -9.768710E+000  -9.770987E+000   2.277269E-003
   40601      16     4.950495     5.464481   6.366782E-013   7.482895E-001   1.827939E+000   2.929741E+000  -7.482895E-001  -1.101802E+000   3.535125E-001
   40601      17     3.333333     4.950495  -1.400997E-013   2.412992E-001   2.340360E+000   2.825914E+000  -2.412992E-001  -4.855542E-001   2.442550E-001
   40701       1    40.000000 10000.000000   6.109175E-010   1.959303E+001   1.545364E+001   2.311702E+001  -1.959303E+001  -7.663379E+000  -1.192965E+001
   40701       2    29.411765    40.000000  -3.307665E-010   2.475349E+001   4.114801E-002   2.476279E+001  -2.475349E+001  -2.472164E+001  -3.184495E-002
   40701       3    25.000000    29.411765   3.176570E-011   2.037422E+001   2.385145E-001   2.043709E+001  -2.037422E+001  -2.019858E+001  -1.756445E-001
   40701       4    20.833333    25.000000   1.059766E-010   2.937454E+001   3.490556E+000   3.043501E+001  -2.937454E+001  -2.694446E+001  -2.430089E+000
   40701       5    19.230769    20.833333  -9.622525E-011   1.229843E+001   9.948622E+000   1.599432E+001  -1.229843E+001  -6.045698E+000  -6.252737E+000
   40701       6    17.543860    19.230769   1.258282E-011   1.050083E+001   1.909632E+001   2.024263E+001  -1.050083E+001  -1.146303E+000  -9.354530E+000
   40701       7    13.333333    17.543860   2.843876E-010   1.510271E+001   6.942886E+001   6.962240E+001  -1.510271E+001  -1.935462E-001  -1.490916E+001
   40701       8    11.627907    13.333333   1.513740E-010   1.627300E+001   3.146341E+001   3.649589E+001  -1.627300E+001  -5.032482E+000  -1.124052E+001
   40701       9     9.009009    11.627907   1.515863E-010   3.103286E+001   4.370039E+001   6.054226E+001  -3.103286E+001  -1.684187E+001  -1.419099E+001
   40701      10     8.695652     9.009009   3.972378E-012   6.922454E+000   5.028182E-002   6.953918E+000  -6.922454E+000  -6.903637E+000  -1.881775E-002
   40701      11     8.333333     8.695652  -1.463701E-011   7.355195E+000   4.975855E-001   7.772709E+000  -7.355195E+000  -7.275123E+000  -8.007178E-002
   40701      12     7.633588     8.333333  -7.925105E-012   4.687622E+000   9.890236E+000   1.389620E+001  -4.687622E+000  -4.005968E+000  -6.816546E-001
   40701      13     7.042254     7.633588  -8.383960E-012   2.393445E+000   8.075441E+000   1.022419E+001  -2.393445E+000  -2.148745E+000  -2.446994E-001
   40701      14     6.451613     7.042254  -2.151695E-012   5.172403E+000   3.058090E+000   8.472055E+000  -5.172403E+000  -5.413965E+000   2.415628E-001
   40701      15     5.464481     6.451613   5.849113E-012   9.733477E+000   5.934163E-003   9.741670E+000  -9.733477E+000  -9.735736E+000   2.259556E-003
   40701      16     4.950495     5.464481   6.366609E-013   7.461229E-001   1.820472E+000   2.917596E+000  -7.461229E-001  -1.097124E+000   3.510015E-001
   40701      17     3.333333     4.950495  -1.400963E-013   2.405494E-001   2.329170E+000   2.812062E+000  -2.405494E-001  -4.828917E-001   2.423423E-001
   40801       1    40.000000 10000.000000   6.109140E-010   1.958409E+001   1.544545E+001   2.310218E+001  -1.958409E+001  -7.656733E+000  -1.192735E+001
   40801       2    29.411765    40.000000  -3.307612E-010   2.473329E+001   4.113483E-002   2.474258E+001  -2.473329E+001  -2.470145E+001  -3.184550E-002
   40801       3    25.000000    29.411765   3.176659E-011   2.035528E+001   2.384042E-001   2.041806E+001  -2.035528E+001  -2.017965E+001  -1.756329E-001
   40801       4    20.833333    25.000000   1.059748E-010   2.934472E+001   3.486792E+000   3.040301E+001  -2.934472E+001  -2.691622E+001  -2.428500E+000
   40801       5    19.230769    20.833333  -9.622392E-011   1.228859E+001   9.934019E+000   1.597572E+001  -1.228859E+001  -6.041699E+000  -6.246892E+000
   40801       6    17.543860    19.230769   1.258282E-011   1.049658E+001   1.907226E+001   2.021752E+001  -1.049658E+001  -1.145264E+000  -9.351312E+000
   40801       7    13.333333    17.543860   2.843858E-010   1.510170E+001   6.932746E+001   6.952087E+001  -1.510170E+001  -1.934162E-001  -1.490828E+001
   40801       8    11.627907    13.333333   1.513731E-010   1.626126E+001   3.140401E+001   3.643206E+001  -1.626126E+001  -5.028050E+000  -1.123321E+001
   40801       9     9.009009    11.627907   1.515841E-010   3.099804E+001   4.359098E+001   6.041504E+001  -3.099804E+001  -1.682407E+001  -1.417397E+001
   40801      10     8.695652     9.009009   3.972378E-012   6.905671E+000   5.008388E-002   6.936988E+000  -6.905671E+000  -6.886904E+000  -1.876767E-002
   40801      11     8.333333     8.695652  -1.463674E-011   7.336769E+000   4.966775E-001   7.753082E+000  -7.336769E+000  -7.256404E+000  -8.036477E-002
   40801      12     7.633588     8.333333  -7.924938E-012   4.679521E+000   9.865960E+000   1.385877E+001  -4.679521E+000  -3.992808E+000  -6.867125E-001
   40801      13     7.042254     7.633588  -8.383738E-012   2.390013E+000   8.053899E+000   1.019422E+001  -2.390013E+000  -2.140322E+000  -2.496903E-001
   40801      14     6.451613     7.042254  -2.151626E-012   5.157135E+000   3.050168E+000   8.445061E+000  -5.157135E+000  -5.394894E+000   2.377585E-001
   40801      15     5.464481     6.451613   5.848988E-012   9.698482E+000   5.909045E-003   9.706633E+000  -9.698482E+000  -9.700724E+000   2.241811E-003
   40801      16     4.950495     5.464481   6.366453E-013   7.439738E-001   1.813073E+000   2.905534E+000  -7.439738E-001  -1.092461E+000   3.484871E-001
   40801      17     3.333333     4.950495  -1.400919E-013   2.398054E-001   2.318070E+000   2.798304E+000  -2.398054E-001  -4.802337E-001   2.404283E-001
   40901       1    40.000000 10000.000000   6.109104E-010   1.957521E+001   1.543730E+001   2.308744E+001  -1.957521E+001  -7.650139E+000  -1.192507E+001
   40901       2    29.411765    40.000000  -3.307594E-010   2.471323E+001   4.112173E-002   2.472251E+001  -2.471323E+001  -2.468139E+001  -3.184605E-002
   40901       3    25.000000    29.411765   3.176481E-011   2.033648E+001   2.382946E-001   2.039915E+001  -2.033648E+001  -2.016085E+001  -1.756212E-001
   40901       4    20.833333    25.000000   1.059739E-010   2.931510E+001   3.483053E+000   3.037123E+001  -2.931510E+001  -2.688818E+001  -2.426921E+000
   40901       5    19.230769    20.833333  -9.622392E-011   1.227881E+001   9.919513E+000   1.595724E+001  -1.227881E+001  -6.037730E+000  -6.241081E+000
   40901       6    17.543860    19.230769   1.258194E-011   1.049235E+001   1.904834E+001   2.019258E+001  -1.049235E+001  -1.144243E+000  -9.348109E+000
   40901       7    13.333333    17.543860   2.843770E-010   1.510069E+001   6.922675E+001   6.942003E+001  -1.510069E+001  -1.932870E-001  -1.490740E+001
   40901       8    11.627907    13.333333   1.513714E-010   1.624959E+001   3.134501E+001   3.636867E+001  -1.624959E+001  -5.023656E+000  -1.122593E+001
   40901       9     9.009009    11.627907   1.515810E-010   3.096343E+001   4.348230E+001   6.028869E+001  -3.096343E+001  -1.680639E+001  -1.415704E+001
   40901      10     8.695652     9.009009   3.972267E-012   6.889002E+000   4.988760E-002   6.920172E+000  -6.889002E+000  -6.870284E+000  -1.871794E-002
   40901      11     8.333333     8.695652  -1.463646E-011   7.318469E+000   4.957759E-001   7.733588E+000  -7.318469E+000  -7.237812E+000  -8.065727E-002
   40901      12     7.633588     8.333333  -7.924772E-012   4.671486E+000   9.841855E+000   1.382159E+001  -4.671486E+000  -3.979732E+000  -6.917543E-001
   40901      13     7.042254     7.633588  -8.383599E-012   2.386611E+000   8.032503E+000   1.016446E+001  -2.386611E+000  -2.131957E+000  -2.546538E-001
   40901      14     6.451613     7.042254  -2.151598E-012   5.141982E+000   3.042305E+000   8.418250E+000  -5.141982E+000  -5.375945E+000   2.339630E-001
   40901      15     5.464481     6.451613   5.848863E-012   9.663726E+000   5.884207E-003   9.671834E+000  -9.663726E+000  -9.665950E+000   2.224086E-003
   40901      16     4.950495     5.464481   6.366227E-013   7.418418E-001   1.805732E+000   2.893554E+000  -7.418418E-001  -1.087822E+000   3.459804E-001
   40901      17     3.333333     4.950495  -1.400876E-013   2.390669E-001   2.307049E+000   2.784640E+000  -2.390669E-001  -4.775903E-001   2.385234E-001
   41001       1    40.000000 10000.000000   6.109104E-010   1.956639E+001   1.542921E+001   2.307280E+001  -1.956639E+001  -7.643595E+000  -1.192279E+001
   41001       2    29.411765    40.000000  -3.307594E-010   2.469331E+001   4.110870E-002   2.470258E+001  -2.469331E+001  -2.466147E+001  -3.184658E-002
   41001       3    25.000000    29.411765   3.176570E-011   2.031780E+001   2.381857E-001   2.038037E+001  -2.031780E+001  -2.014219E+001  -1.756095E-001
   41001       4    20.833333    25.000000   1.059739E-010   2.928568E+001   3.479339E+000   3.033967E+001  -2.928568E+001  -2.686033E+001  -2.425351E+000
   41001       5    19.230769    20.833333  -9.622259E-011   1.226909E+001   9.905102E+000   1.593889E+001  -1.226909E+001  -6.033790E+000  -6.235303E+000
   41001       6    17.543860    19.230769   1.258282E-011   1.048816E+001   1.902458E+001   2.016782E+001  -1.048816E+001  -1.143240E+000  -9.344921E+000
   41001       7    13.333333    17.543860   2.843752E-010   1.509969E+001   6.912672E+001   6.931988E+001  -1.509969E+001  -1.931600E-001  -1.490653E+001
   41001       8    11.627907    13.333333   1.513700E-010   1.623800E+001   3.128640E+001   3.630570E+001  -1.623800E+001  -5.019306E+000  -1.121870E+001
   41001       9     9.009009    11.627907   1.515792E-010   3.092907E+001   4.337434E+001   6.016320E+001  -3.092907E+001  -1.678885E+001  -1.414021E+001
   41001      10     8.695652     9.009009   3.972211E-012   6.872445E+000   4.969308E-002   6.903470E+000  -6.872445E+000  -6.853777E+000  -1.866876E-002
   41001      11     8.333333     8.695652  -1.463618E-011   7.300295E+000   4.948806E-001   7.714226E+000  -7.300295E+000  -7.219346E+000  -8.094884E-002
   41001      12     7.633588     8.333333  -7.924661E-012   4.663522E+000   9.817893E+000   1.378466E+001  -4.663522E+000  -3.966765E+000  -6.967563E-001
   41001      13     7.042254     7.633588  -8.383516E-012   2.383250E+000   8.011231E+000   1.013490E+001  -2.383250E+000  -2.123669E+000  -2.595809E-001
   41001      14     6.451613     7.042254  -2.151543E-012   5.126939E+000   3.034493E+000   8.391622E+000  -5.126939E+000  -5.357129E+000   2.301900E-001
   41001      15     5.464481     6.451613   5.848724E-012   9.629205E+000   5.859547E-003   9.637271E+000  -9.629205E+000  -9.631412E+000   2.206579E-003
   41001      16     4.950495     5.464481   6.366071E-013   7.397248E-001   1.798440E+000   2.881655E+000  -7.397248E-001  -1.083215E+000   3.434904E-001
   41001      17     3.333333     4.950495  -1.400833E-013   2.383353E-001   2.296101E+000   2.771068E+000  -2.383353E-001  -4.749672E-001   2.366319E-001
   41101       1    40.000000 10000.000000   6.109069E-010   1.955763E+001   1.542116E+001   2.305826E+001  -1.955763E+001  -7.637101E+000  -1.192053E+001
   41101       2    29.411765    40.000000  -3.307576E-010   2.467353E+001   4.109574E-002   2.468278E+001  -2.467353E+001  -2.464168E+001  -3.184708E-002
   41101       3    25.000000    29.411765   3.176392E-011   2.029924E+001   2.380773E-001   2.036172E+001  -2.029924E+001  -2.012364E+001  -1.755977E-001
   41101       4    20.833333    25.000000   1.059721E-010   2.925646E+001   3.475650E+000   3.030831E+001  -2.925646E+001  -2.683266E+001  -2.423791E+000
   41101       5    19.230769    20.833333  -9.622303E-011   1.225944E+001   9.890788E+000   1.592067E+001  -1.225944E+001  -6.029878E+000  -6.229560E+000
   41101       6    17.543860    19.230769   1.258282E-011   1.048400E+001   1.900097E+001   2.014322E+001  -1.048400E+001  -1.142251E+000  -9.341749E+000
   41101       7    13.333333    17.543860   2.843734E-010   1.509870E+001   6.902737E+001   6.922040E+001  -1.509870E+001  -1.930343E-001  -1.490567E+001
   41101       8    11.627907    13.333333   1.513674E-010   1.622649E+001   3.122817E+001   3.624317E+001  -1.622649E+001  -5.014992E+000  -1.121150E+001
   41101       9     9.009009    11.627907   1.515774E-010   3.089491E+001   4.326711E+001   6.003855E+001  -3.089491E+001  -1.677144E+001  -1.412346E+001
   41101      10     8.695652     9.009009   3.972211E-012   6.856001E+000   4.950020E-002   6.886881E+000  -6.856001E+000  -6.837381E+000  -1.861991E-002
   41101      11     8.333333     8.695652  -1.463601E-011   7.282244E+000   4.939910E-001   7.694996E+000  -7.282244E+000  -7.201005E+000  -8.123869E-002
   41101      12     7.633588     8.333333  -7.924494E-012   4.655615E+000   9.794081E+000   1.374798E+001  -4.655615E+000  -3.953900E+000  -7.017155E-001
   41101      13     7.042254     7.633588  -8.383322E-012   2.379916E+000   7.990089E+000   1.010554E+001  -2.379916E+000  -2.115452E+000  -2.644643E-001
   41101      14     6.451613     7.042254  -2.151487E-012   5.112002E+000   3.026729E+000   8.365174E+000  -5.112002E+000  -5.338445E+000   2.264422E-001
   41101      15     5.464481     6.451613   5.848558E-012   9.594919E+000   5.835089E-003   9.602943E+000  -9.594919E+000  -9.597108E+000   2.189238E-003
   41101      16     4.950495     5.464481   6.365897E-013   7.376210E-001   1.791198E+000   2.869837E+000  -7.376210E-001  -1.078639E+000   3.410180E-001
   41101      17     3.333333     4.950495  -1.400789E-013   2.376091E-001   2.285225E+000   2.757588E+000  -2.376091E-001  -4.723632E-001   2.347540E-001
   41201       1    40.000000 10000.000000   6.109051E-010   1.954893E+001   1.541317E+001   2.304382E+001  -1.954893E+001  -7.630657E+000  -1.191827E+001
   41201       2    29.411765    40.000000  -3.307576E-010   2.465388E+001   4.108288E-002   2.466311E+001  -2.465388E+001  -2.462203E+001  -3.184761E-002
   41201       3    25.000000    29.411765   3.176481E-011   2.028081E+001   2.379698E-001   2.034320E+001  -2.028081E+001  -2.010523E+001  -1.755862E-001
   41201       4    20.833333    25.000000   1.059721E-010   2.922743E+001   3.471999E+000   3.027718E+001  -2.922743E+001  -2.680518E+001  -2.422253E+000
   41201       5    19.230769    20.833333  -9.622170E-011   1.224984E+001   9.876615E+000   1.590256E+001  -1.224984E+001  -6.025950E+000  -6.223894E+000
   41201       6    17.543860    19.230769   1.258194E-011   1.047986E+001   1.897753E+001   2.011879E+001  -1.047986E+001  -1.141256E+000  -9.338604E+000
   41201       7    13.333333    17.543860   2.843699E-010   1.509772E+001   6.892870E+001   6.912160E+001  -1.509772E+001  -1.929059E-001  -1.490481E+001
   41201       8    11.627907    13.333333   1.513651E-010   1.621505E+001   3.117043E+001   3.618105E+001  -1.621505E+001  -5.010622E+000  -1.120443E+001
   41201       9     9.009009    11.627907   1.515752E-010   3.086096E+001   4.316094E+001   5.991476E+001  -3.086096E+001  -1.675382E+001  -1.410714E+001
   41201      10     8.695652     9.009009   3.972045E-012   6.839667E+000   4.930869E-002   6.870406E+000  -6.839667E+000  -6.821097E+000  -1.857043E-002
   41201      11     8.333333     8.695652  -1.463574E-011   7.264317E+000   4.931156E-001   7.675897E+000  -7.264317E+000  -7.182781E+000  -8.153544E-002
   41201      12     7.633588     8.333333  -7.924328E-012   4.647775E+000   9.770469E+000   1.371155E+001  -4.647775E+000  -3.941083E+000  -7.066919E-001
   41201      13     7.042254     7.633588  -8.383100E-012   2.376611E+000   7.969142E+000   1.007638E+001  -2.376611E+000  -2.107239E+000  -2.693717E-001
   41201      14     6.451613     7.042254  -2.151460E-012   5.097185E+000   3.019046E+000   8.338906E+000  -5.097185E+000  -5.319860E+000   2.226750E-001
   41201      15     5.464481     6.451613   5.848419E-012   9.560865E+000   5.810888E-003   9.568848E+000  -9.560865E+000  -9.563037E+000   2.171968E-003
   41201      16     4.950495     5.464481   6.365707E-013   7.355344E-001   1.784035E+000   2.858099E+000  -7.355344E-001  -1.074064E+000   3.385300E-001
   41201      17     3.333333     4.950495  -1.400720E-013   2.368882E-001   2.274450E+000   2.744200E+000  -2.368882E-001  -4.697499E-001   2.328617E-001
   41301       1    40.000000 10000.000000   6.109016E-010   1.954029E+001   1.540521E+001   2.302948E+001  -1.954029E+001  -7.624276E+000  -1.191602E+001
   41301       2    29.411765    40.000000  -3.307559E-010   2.463436E+001   4.107016E-002   2.464358E+001  -2.463436E+001  -2.460251E+001  -3.184818E-002
   41301       3    25.000000    29.411765   3.176570E-011   2.026251E+001   2.378635E-001   2.032480E+001  -2.026251E+001  -2.008694E+001  -1.755751E-001
   41301       4    20.833333    25.000000   1.059712E-010   2.919860E+001   3.468401E+000   3.024625E+001  -2.919860E+001  -2.677785E+001  -2.420749E+000
   41301       5    19.230769    20.833333  -9.622081E-011   1.224030E+001   9.862634E+000   1.588459E+001  -1.224030E+001  -6.021952E+000  -6.218351E+000
   41301       6    17.543860    19.230769   1.258282E-011   1.047575E+001   1.895425E+001   2.009452E+001  -1.047575E+001  -1.140270E+000  -9.335480E+000
   41301       7    13.333333    17.543860   2.843663E-010   1.509673E+001   6.883070E+001   6.902348E+001  -1.509673E+001  -1.927744E-001  -1.490396E+001
   41301       8    11.627907    13.333333   1.513638E-010   1.620368E+001   3.111321E+001   3.611936E+001  -1.620368E+001  -5.006148E+000  -1.119753E+001
   41301       9     9.009009    11.627907   1.515725E-010   3.082719E+001   4.305606E+001   5.979181E+001  -3.082719E+001  -1.673575E+001  -1.409144E+001
   41301      10     8.695652     9.009009   3.972100E-012   6.823446E+000   4.912052E-002   6.854042E+000  -6.823446E+000  -6.804922E+000  -1.852362E-002
   41301      11     8.333333     8.695652  -1.463552E-011   7.246508E+000   4.922651E-001   7.656928E+000  -7.246508E+000  -7.164663E+000  -8.184515E-002
   41301      12     7.633588     8.333333  -7.924217E-012   4.639997E+000   9.746992E+000   1.367537E+001  -4.639997E+000  -3.928379E+000  -7.116174E-001
   41301      13     7.042254     7.633588  -8.382933E-012   2.373332E+000   7.948347E+000   1.004742E+001  -2.373332E+000  -2.099074E+000  -2.742584E-001
   41301      14     6.451613     7.042254  -2.151404E-012   5.082474E+000   3.011443E+000   8.312817E+000  -5.082474E+000  -5.301374E+000   2.188997E-001
   41301      15     5.464481     6.451613   5.848308E-012   9.527044E+000   5.786909E-003   9.534985E+000  -9.527044E+000  -9.529199E+000   2.154851E-003
   41301      16     4.950495     5.464481   6.365550E-013   7.334632E-001   1.776942E+000   2.846442E+000  -7.334632E-001  -1.069500E+000   3.360367E-001
   41301      17     3.333333     4.950495  -1.400676E-013   2.361722E-001   2.263767E+000   2.730904E+000  -2.361722E-001  -4.671364E-001   2.309641E-001
   41401       1    40.000000 10000.000000   6.109016E-010   1.953171E+001   1.539729E+001   2.301524E+001  -1.953171E+001  -7.617951E+000  -1.191376E+001
   41401       2    29.411765    40.000000  -3.307523E-010   2.461498E+001   4.105749E-002   2.462419E+001  -2.461498E+001  -2.458313E+001  -3.184867E-002
   41401       3    25.000000    29.411765   3.176481E-011   2.024434E+001   2.377578E-001   2.030653E+001  -2.024434E+001  -2.006877E+001  -1.755638E-001
   41401       4    20.833333    25.000000   1.059712E-010   2.916996E+001   3.464825E+000   3.021554E+001  -2.916996E+001  -2.675071E+001  -2.419250E+000
   41401       5    19.230769    20.833333  -9.622037E-011   1.223082E+001   9.848732E+000   1.586673E+001  -1.223082E+001  -6.017998E+000  -6.212822E+000
   41401       6    17.543860    19.230769   1.258194E-011   1.047167E+001   1.893110E+001   2.007042E+001  -1.047167E+001  -1.139324E+000  -9.332343E+000
   41401       7    13.333333    17.543860   2.843645E-010   1.509575E+001   6.873337E+001   6.892602E+001  -1.509575E+001  -1.926483E-001  -1.490310E+001
   41401       8    11.627907    13.333333   1.513620E-010   1.619237E+001   3.105633E+001   3.605809E+001  -1.619237E+001  -5.001762E+000  -1.119061E+001
   41401       9     9.009009    11.627907   1.515703E-010   3.079361E+001   4.295178E+001   5.966970E+001  -3.079361E+001  -1.671792E+001  -1.407569E+001
   41401      10     8.695652     9.009009   3.971989E-012   6.807334E+000   4.893389E-002   6.837791E+000  -6.807334E+000  -6.788857E+000  -1.847715E-002
   41401      11     8.333333     8.695652  -1.463518E-011   7.228820E+000   4.914196E-001   7.638088E+000  -7.228820E+000  -7.146669E+000  -8.215184E-002
   41401      12     7.633588     8.333333  -7.924161E-012   4.632272E+000   9.723635E+000   1.363944E+001  -4.632272E+000  -3.915803E+000  -7.164688E-001
   41401      13     7.042254     7.633588  -8.382794E-012   2.370079E+000   7.927654E+000   1.001866E+001  -2.370079E+000  -2.091004E+000  -2.790743E-001
   41401      14     6.451613     7.042254  -2.151349E-012   5.067863E+000   3.003885E+000   8.286906E+000  -5.067863E+000  -5.283021E+000   2.151575E-001
   41401      15     5.464481     6.451613   5.848155E-012   9.493453E+000   5.763036E-003   9.501354E+000  -9.493453E+000  -9.495591E+000   2.138063E-003
   41401      16     4.950495     5.464481   6.365394E-013   7.314034E-001   1.769891E+000   2.834864E+000  -7.314034E-001  -1.064973E+000   3.335697E-001
   41401      17     3.333333     4.950495  -1.400642E-013   2.354611E-001   2.253150E+000   2.717698E+000  -2.354611E-001  -4.645479E-001   2.290868E-001
   41501       1    40.000000 10000.000000   6.108998E-010   1.952318E+001   1.538941E+001   2.300109E+001  -1.952318E+001  -7.611677E+000  -1.191150E+001
   41501       2    29.411765    40.000000  -3.307505E-010   2.459573E+001   4.104487E-002   2.460492E+001  -2.459573E+001  -2.456388E+001  -3.184912E-002
   41501       3    25.000000    29.411765   3.176304E-011   2.022628E+001   2.376525E-001   2.028838E+001  -2.022628E+001  -2.005073E+001  -1.755523E-001
   41501       4    20.833333    25.000000   1.059695E-010   2.914152E+001   3.461271E+000   3.018503E+001  -2.914152E+001  -2.672376E+001  -2.417756E+000
   41501       5    19.230769    20.833333  -9.622037E-011   1.222140E+001   9.834916E+000   1.584900E+001  -1.222140E+001  -6.014080E+000  -6.207315E+000
   41501       6    17.543860    19.230769   1.258194E-011   1.046761E+001   1.890809E+001   2.004649E+001  -1.046761E+001  -1.138401E+000  -9.329212E+000
   41501       7    13.333333    17.543860   2.843610E-010   1.509477E+001   6.863670E+001   6.882923E+001  -1.509477E+001  -1.925255E-001  -1.490224E+001
   41501       8    11.627907    13.333333   1.513611E-010   1.618113E+001   3.099981E+001   3.599724E+001  -1.618113E+001  -4.997434E+000  -1.118370E+001
   41501       9     9.009009    11.627907   1.515694E-010   3.076024E+001   4.284816E+001   5.954842E+001  -3.076024E+001  -1.670027E+001  -1.405998E+001
   41501      10     8.695652     9.009009   3.971934E-012   6.791332E+000   4.874875E-002   6.821650E+000  -6.791332E+000  -6.772901E+000  -1.843095E-002
   41501      11     8.333333     8.695652  -1.463496E-011   7.211254E+000   4.905791E-001   7.619377E+000  -7.211254E+000  -7.128798E+000  -8.245568E-002
   41501      12     7.633588     8.333333  -7.923939E-012   4.624605E+000   9.700414E+000   1.360375E+001  -4.624605E+000  -3.903336E+000  -7.212692E-001
   41501      13     7.042254     7.633588  -8.382572E-012   2.366854E+000   7.907080E+000   9.990092E+000  -2.366854E+000  -2.083012E+000  -2.838420E-001
   41501      14     6.451613     7.042254  -2.151321E-012   5.053354E+000   2.996372E+000   8.261172E+000  -5.053354E+000  -5.264800E+000   2.114460E-001
   41501      15     5.464481     6.451613   5.848003E-012   9.460092E+000   5.739326E-003   9.467953E+000  -9.460092E+000  -9.462213E+000   2.121489E-003
   41501      16     4.950495     5.464481   6.365204E-013   7.293564E-001   1.762885E+000   2.823365E+000  -7.293564E-001  -1.060480E+000   3.311237E-001
   41501      17     3.333333     4.950495  -1.400607E-013   2.347554E-001   2.242602E+000   2.704582E+000  -2.347554E-001  -4.619801E-001   2.272248E-001
   41601       1    40.000000 10000.000000   6.108962E-010   1.951471E+001   1.538159E+001   2.298704E+001  -1.951471E+001  -7.605455E+000  -1.190926E+001
   41601       2    29.411765    40.000000  -3.307505E-010   2.457661E+001   4.103233E-002   2.458579E+001  -2.457661E+001  -2.454476E+001  -3.184954E-002
   41601       3    25.000000    29.411765   3.176392E-011   2.020835E+001   2.375479E-001   2.027036E+001  -2.020835E+001  -2.003281E+001  -1.755406E-001
   41601       4    20.833333    25.000000   1.059686E-010   2.911326E+001   3.457739E+000   3.015473E+001  -2.911326E+001  -2.669699E+001  -2.416268E+000
   41601       5    19.230769    20.833333  -9.621903E-011   1.221203E+001   9.821184E+000   1.583138E+001  -1.221203E+001  -6.010200E+000  -6.201829E+000
   41601       6    17.543860    19.230769   1.258194E-011   1.046359E+001   1.888521E+001   2.002272E+001  -1.046359E+001  -1.137513E+000  -9.326074E+000
   41601       7    13.333333    17.543860   2.843592E-010   1.509379E+001   6.854071E+001   6.873310E+001  -1.509379E+001  -1.923849E-001  -1.490141E+001
   41601       8    11.627907    13.333333   1.513585E-010   1.616997E+001   3.094365E+001   3.593681E+001  -1.616997E+001  -4.993155E+000  -1.117681E+001
   41601       9     9.009009    11.627907   1.515668E-010   3.072708E+001   4.274526E+001   5.942797E+001  -3.072708E+001  -1.668271E+001  -1.404437E+001
   41601      10     8.695652     9.009009   3.971823E-012   6.775440E+000   4.856524E-002   6.805620E+000  -6.775440E+000  -6.757054E+000  -1.838529E-002
   41601      11     8.333333     8.695652  -1.463474E-011   7.193807E+000   4.897439E-001   7.600794E+000  -7.193807E+000  -7.111050E+000  -8.275720E-002
   41601      12     7.633588     8.333333  -7.923828E-012   4.616999E+000   9.677347E+000   1.356831E+001  -4.616999E+000  -3.890959E+000  -7.260408E-001
   41601      13     7.042254     7.633588  -8.382434E-012   2.363658E+000   7.886659E+000   9.961720E+000  -2.363658E+000  -2.075061E+000  -2.885973E-001
   41601      14     6.451613     7.042254  -2.151279E-012   5.038948E+000   2.988907E+000   8.235614E+000  -5.038948E+000  -5.246706E+000   2.077581E-001
   41601      15     5.464481     6.451613   5.847864E-012   9.426958E+000   5.715858E-003   9.434779E+000  -9.426958E+000  -9.429063E+000   2.104968E-003
   41601      16     4.950495     5.464481   6.365030E-013   7.273245E-001   1.755944E+000   2.811944E+000  -7.273245E-001  -1.056000E+000   3.286752E-001
   41601      17     3.333333     4.950495  -1.400564E-013   2.340548E-001   2.232179E+000   2.691556E+000  -2.340548E-001  -4.593772E-001   2.253224E-001
   41701       1    40.000000 10000.000000   6.108927E-010   1.950630E+001   1.537380E+001   2.297309E+001  -1.950630E+001  -7.599283E+000  -1.190702E+001
   41701       2    29.411765    40.000000  -3.307488E-010   2.455762E+001   4.101985E-002   2.456679E+001  -2.455762E+001  -2.452577E+001  -3.184993E-002
   41701       3    25.000000    29.411765   3.176215E-011   2.019054E+001   2.374438E-001   2.025246E+001  -2.019054E+001  -2.001502E+001  -1.755288E-001
   41701       4    20.833333    25.000000   1.059695E-010   2.908520E+001   3.454230E+000   3.012464E+001  -2.908520E+001  -2.667041E+001  -2.414788E+000
   41701       5    19.230769    20.833333  -9.621814E-011   1.220272E+001   9.807541E+000   1.581389E+001  -1.220272E+001  -6.006351E+000  -6.196370E+000
   41701       6    17.543860    19.230769   1.258194E-011   1.045959E+001   1.886244E+001   1.999911E+001  -1.045959E+001  -1.136666E+000  -9.322921E+000
   41701       7    13.333333    17.543860   2.843557E-010   1.509282E+001   6.844537E+001   6.863762E+001  -1.509282E+001  -1.922525E-001  -1.490057E+001
   41701       8    11.627907    13.333333   1.513571E-010   1.615887E+001   3.088784E+001   3.587679E+001  -1.615887E+001  -4.988949E+000  -1.116992E+001
   41701       9     9.009009    11.627907   1.515645E-010   3.069412E+001   4.264305E+001   5.930834E+001  -3.069412E+001  -1.666529E+001  -1.402883E+001
   41701      10     8.695652     9.009009   3.971767E-012   6.759655E+000   4.838336E-002   6.789698E+000  -6.759655E+000  -6.741315E+000  -1.834017E-002
   41701      11     8.333333     8.695652  -1.463452E-011   7.176481E+000   4.889151E-001   7.582337E+000  -7.176481E+000  -7.093422E+000  -8.305906E-002
   41701      12     7.633588     8.333333  -7.923662E-012   4.609450E+000   9.654478E+000   1.353310E+001  -4.609450E+000  -3.878624E+000  -7.308257E-001
   41701      13     7.042254     7.633588  -8.382323E-012   2.360485E+000   7.866414E+000   9.933542E+000  -2.360485E+000  -2.067128E+000  -2.933568E-001
   41701      14     6.451613     7.042254  -2.151224E-012   5.024653E+000   2.981510E+000   8.210229E+000  -5.024653E+000  -5.228719E+000   2.040661E-001
   41701      15     5.464481     6.451613   5.847739E-012   9.394050E+000   5.692692E-003   9.401831E+000  -9.394050E+000  -9.396138E+000   2.088375E-003
   41701      16     4.950495     5.464481   6.364822E-013   7.253086E-001   1.749068E+000   2.800601E+000  -7.253086E-001  -1.051533E+000   3.262244E-001
   41701      17     3.333333     4.950495  -1.400520E-013   2.333591E-001   2.221841E+000   2.678619E+000  -2.333591E-001  -4.567781E-001   2.234190E-001
   41801       1    40.000000 10000.000000   6.108944E-010   1.949795E+001   1.536609E+001   2.295927E+001  -1.949795E+001  -7.593183E+000  -1.190477E+001
   41801       2    29.411765    40.000000  -3.307452E-010   2.453889E+001   4.100745E-002   2.454805E+001  -2.453889E+001  -2.450704E+001  -3.185007E-002
   41801       3    25.000000    29.411765   3.176304E-011   2.017293E+001   2.373404E-001   2.023476E+001  -2.017293E+001  -1.999741E+001  -1.755161E-001
   41801       4    20.833333    25.000000   1.059703E-010   2.905748E+001   3.450749E+000   3.009493E+001  -2.905748E+001  -2.664418E+001  -2.413298E+000
   41801       5    19.230769    20.833333  -9.621770E-011   1.219352E+001   9.794022E+000   1.579670E+001  -1.219352E+001  -6.002674E+000  -6.190845E+000
   41801       6    17.543860    19.230769   1.258105E-011   1.045561E+001   1.884000E+001   1.997581E+001  -1.045561E+001  -1.135819E+000  -9.319795E+000
   41801       7    13.333333    17.543860   2.843574E-010   1.509185E+001   6.835186E+001   6.854398E+001  -1.509185E+001  -1.921288E-001  -1.489972E+001
   41801       8    11.627907    13.333333   1.513549E-010   1.614790E+001   3.083287E+001   3.581824E+001  -1.614790E+001  -4.985363E+000  -1.116253E+001
   41801       9     9.009009    11.627907   1.515628E-010   3.066179E+001   4.254219E+001   5.919220E+001  -3.066179E+001  -1.665001E+001  -1.401177E+001
   41801      10     8.695652     9.009009   3.971712E-012   6.744436E+000   4.820333E-002   6.774348E+000  -6.744436E+000  -6.726145E+000  -1.829055E-002
   41801      11     8.333333     8.695652  -1.463418E-011   7.159739E+000   4.880935E-001   7.564531E+000  -7.159739E+000  -7.076438E+000  -8.330120E-002
   41801      12     7.633588     8.333333  -7.923495E-012   4.602036E+000   9.631938E+000   1.349930E+001  -4.602036E+000  -3.867358E+000  -7.346785E-001
   41801      13     7.042254     7.633588  -8.382156E-012   2.357345E+000   7.846441E+000   9.906590E+000  -2.357345E+000  -2.060149E+000  -2.971962E-001
   41801      14     6.451613     7.042254  -2.151182E-012   5.010848E+000   2.974196E+000   8.186034E+000  -5.010848E+000  -5.211838E+000   2.009896E-001
   41801      15     5.464481     6.451613   5.847600E-012   9.362918E+000   5.669792E-003   9.370661E+000  -9.362918E+000  -9.364992E+000   2.074017E-003
   41801      16     4.950495     5.464481   6.364683E-013   7.233693E-001   1.742318E+000   2.789965E+000  -7.233693E-001  -1.047646E+000   3.242771E-001
   41801      17     3.333333     4.950495  -1.400477E-013   2.327019E-001   2.211921E+000   2.666648E+000  -2.327019E-001  -4.547267E-001   2.220248E-001
   41901       1    40.000000 10000.000000   6.108909E-010   1.948969E+001   1.535847E+001   2.294557E+001  -1.948969E+001  -7.587097E+000  -1.190259E+001
   41901       2    29.411765    40.000000  -3.307488E-010   2.452036E+001   4.099517E-002   2.452951E+001  -2.452036E+001  -2.448851E+001  -3.185020E-002
   41901       3    25.000000    29.411765   3.176392E-011   2.015548E+001   2.372382E-001   2.021721E+001  -2.015548E+001  -1.997997E+001  -1.755041E-001
   41901       4    20.833333    25.000000   1.059668E-010   2.903004E+001   3.447312E+000   3.006552E+001  -2.903004E+001  -2.661821E+001  -2.411834E+000
   41901       5    19.230769    20.833333  -9.621637E-011   1.218442E+001   9.780699E+000   1.577973E+001  -1.218442E+001  -5.999026E+000  -6.185394E+000
   41901       6    17.543860    19.230769   1.258194E-011   1.045167E+001   1.881803E+001   1.995277E+001  -1.045167E+001  -1.134735E+000  -9.316938E+000
   41901       7    13.333333    17.543860   2.843521E-010   1.509089E+001   6.825978E+001   6.845171E+001  -1.509089E+001  -1.919341E-001  -1.489896E+001
   41901       8    11.627907    13.333333   1.513536E-010   1.613705E+001   3.077904E+001   3.576075E+001  -1.613705E+001  -4.981713E+000  -1.115533E+001
   41901       9     9.009009    11.627907   1.515605E-010   3.062996E+001   4.244333E+001   5.907853E+001  -3.062996E+001  -1.663520E+001  -1.399476E+001
   41901      10     8.695652     9.009009   3.971656E-012   6.729609E+000   4.802603E-002   6.759396E+000  -6.729609E+000  -6.711370E+000  -1.823960E-002
   41901      11     8.333333     8.695652  -1.463402E-011   7.143411E+000   4.872825E-001   7.547180E+000  -7.143411E+000  -7.059897E+000  -8.351369E-002
   41901      12     7.633588     8.333333  -7.923384E-012   4.594735E+000   9.609816E+000   1.346645E+001  -4.594735E+000  -3.856638E+000  -7.380969E-001
   41901      13     7.042254     7.633588  -8.382017E-012   2.354238E+000   7.826857E+000   9.880478E+000  -2.354238E+000  -2.053621E+000  -3.006169E-001
   41901      14     6.451613     7.042254  -2.151126E-012   4.997403E+000   2.966992E+000   8.162651E+000  -4.997403E+000  -5.195659E+000   1.982559E-001
   41901      15     5.464481     6.451613   5.847489E-012   9.332986E+000   5.647219E-003   9.340695E+000  -9.332986E+000  -9.335047E+000   2.060996E-003
   41901      16     4.950495     5.464481   6.364492E-013   7.214851E-001   1.735715E+000   2.779802E+000  -7.214851E-001  -1.044087E+000   3.226016E-001
   41901      17     3.333333     4.950495  -1.400442E-013   2.320712E-001   2.202348E+000   2.655321E+000  -2.320712E-001  -4.529724E-001   2.209012E-001
   42001       1    40.000000 10000.000000   6.108856E-010   1.948149E+001   1.535094E+001   2.293196E+001  -1.948149E+001  -7.581022E+000  -1.190047E+001
   42001       2    29.411765    40.000000  -3.307470E-010   2.450196E+001   4.098302E-002   2.451109E+001  -2.450196E+001  -2.447010E+001  -3.185048E-002
   42001       3    25.000000    29.411765   3.176304E-011   2.013814E+001   2.371370E-001   2.019978E+001  -2.013814E+001  -1.996265E+001  -1.754933E-001
   42001       4    20.833333    25.000000   1.059677E-010   2.900279E+001   3.443914E+000   3.003630E+001  -2.900279E+001  -2.659239E+001  -2.410406E+000
   42001       5    19.230769    20.833333  -9.621592E-011   1.217540E+001   9.767532E+000   1.576286E+001  -1.217540E+001  -5.995333E+000  -6.180066E+000
   42001       6    17.543860    19.230769   1.258105E-011   1.044776E+001   1.879632E+001   1.992987E+001  -1.044776E+001  -1.133549E+000  -9.314214E+000
   42001       7    13.333333    17.543860   2.843485E-010   1.508993E+001   6.816831E+001   6.836003E+001  -1.508993E+001  -1.917185E-001  -1.489822E+001
   42001       8    11.627907    13.333333   1.513518E-010   1.612629E+001   3.072579E+001   3.570364E+001  -1.612629E+001  -4.977845E+000  -1.114844E+001
   42001       9     9.009009    11.627907   1.515583E-010   3.059840E+001   4.234567E+001   5.896558E+001  -3.059840E+001  -1.661991E+001  -1.397849E+001
   42001      10     8.695652     9.009009   3.971656E-012   6.714878E+000   4.785127E-002   6.744539E+000  -6.714878E+000  -6.696688E+000  -1.819069E-002
   42001      11     8.333333     8.695652  -1.463374E-011   7.127204E+000   4.864781E-001   7.529939E+000  -7.127204E+000  -7.043461E+000  -8.374286E-002
   42001      12     7.633588     8.333333  -7.923218E-012   4.587500E+000   9.588014E+000   1.343382E+001  -4.587500E+000  -3.845808E+000  -7.416920E-001
   42001      13     7.042254     7.633588  -8.381823E-012   2.351158E+000   7.807558E+000   9.854534E+000  -2.351158E+000  -2.046976E+000  -3.041821E-001
   42001      14     6.451613     7.042254  -2.151099E-012   4.984077E+000   2.959900E+000   8.139417E+000  -4.984077E+000  -5.179517E+000   1.954399E-001
   42001      15     5.464481     6.451613   5.847337E-012   9.303247E+000   5.625070E-003   9.310920E+000  -9.303247E+000  -9.305295E+000   2.047648E-003
   42001      16     4.950495     5.464481   6.364319E-013   7.196194E-001   1.729214E+000   2.769704E+000  -7.196194E-001  -1.040489E+000   3.208700E-001
   42001      17     3.333333     4.950495  -1.400390E-013   2.314452E-001   2.192871E+000   2.644066E+000  -2.314452E-001  -4.511947E-001   2.197495E-001
   42101       1    40.000000 10000.000000   6.108856E-010   1.947335E+001   1.534346E+001   2.291843E+001  -1.947335E+001  -7.574970E+000  -1.189838E+001
   42101       2    29.411765    40.000000  -3.307399E-010   2.448367E+001   4.097096E-002   2.449279E+001  -2.448367E+001  -2.445182E+001  -3.185085E-002
   42101       3    25.000000    29.411765   3.176304E-011   2.012091E+001   2.370366E-001   2.018247E+001  -2.012091E+001  -1.994543E+001  -1.754833E-001
   42101       4    20.833333    25.000000   1.059686E-010   2.897572E+001   3.440548E+000   3.000727E+001  -2.897572E+001  -2.656672E+001  -2.409004E+000
   42101       5    19.230769    20.833333  -9.621504E-011   1.216645E+001   9.754493E+000   1.574611E+001  -1.216645E+001  -5.991620E+000  -6.174827E+000
   42101       6    17.543860    19.230769   1.258105E-011   1.044388E+001   1.877480E+001   1.990711E+001  -1.044388E+001  -1.132315E+000  -9.311570E+000
   42101       7    13.333333    17.543860   2.843485E-010   1.508898E+001   6.807744E+001   6.826894E+001  -1.508898E+001  -1.915054E-001  -1.489748E+001
   42101       8    11.627907    13.333333   1.513500E-010   1.611561E+001   3.067302E+001   3.564689E+001  -1.611561E+001  -4.973871E+000  -1.114174E+001
   42101       9     9.009009    11.627907   1.515574E-010   3.056706E+001   4.224898E+001   5.885336E+001  -3.056706E+001  -1.660438E+001  -1.396268E+001
   42101      10     8.695652     9.009009   3.971545E-012   6.700242E+000   4.767844E-002   6.729778E+000  -6.700242E+000  -6.682100E+000  -1.814278E-002
   42101      11     8.333333     8.695652  -1.463357E-011   7.111109E+000   4.856794E-001   7.512809E+000  -7.111109E+000  -7.027130E+000  -8.397941E-002
   42101      12     7.633588     8.333333  -7.923107E-012   4.580328E+000   9.566433E+000   1.340140E+001  -4.580328E+000  -3.834968E+000  -7.453600E-001
   42101      13     7.042254     7.633588  -8.381684E-012   2.348104E+000   7.788462E+000   9.828758E+000  -2.348104E+000  -2.040296E+000  -3.078082E-001
   42101      14     6.451613     7.042254  -2.151071E-012   4.970855E+000   2.952882E+000   8.116333E+000  -4.970855E+000  -5.163452E+000   1.925965E-001
   42101      15     5.464481     6.451613   5.847198E-012   9.273700E+000   5.603217E-003   9.281337E+000  -9.273700E+000  -9.275734E+000   2.034213E-003
   42101      16     4.950495     5.464481   6.364145E-013   7.177693E-001   1.722805E+000   2.759671E+000  -7.177693E-001  -1.036866E+000   3.190971E-001
   42101      17     3.333333     4.950495  -1.400338E-013   2.308236E-001   2.183491E+000   2.632884E+000  -2.308236E-001  -4.493933E-001   2.185697E-001
   42201       1    40.000000 10000.000000   6.108838E-010   1.946528E+001   1.533604E+001   2.290500E+001  -1.946528E+001  -7.568959E+000  -1.189632E+001
   42201       2    29.411765    40.000000  -3.307434E-010   2.446550E+001   4.095905E-002   2.447461E+001  -2.446550E+001  -2.443365E+001  -3.185132E-002
   42201       3    25.000000    29.411765   3.176392E-011   2.010380E+001   2.369376E-001   2.016526E+001  -2.010380E+001  -1.992832E+001  -1.754743E-001
   42201       4    20.833333    25.000000   1.059650E-010   2.894883E+001   3.437245E+000   2.997842E+001  -2.894883E+001  -2.654118E+001  -2.407653E+000
   42201       5    19.230769    20.833333  -9.621415E-011   1.215755E+001   9.741678E+000   1.572947E+001  -1.215755E+001  -5.987790E+000  -6.169764E+000
   42201       6    17.543860    19.230769   1.258194E-011   1.044004E+001   1.875345E+001   1.988451E+001  -1.044004E+001  -1.131055E+000  -9.308982E+000
   42201       7    13.333333    17.543860   2.843468E-010   1.508804E+001   6.798713E+001   6.817844E+001  -1.508804E+001  -1.913157E-001  -1.489673E+001
   42201       8    11.627907    13.333333   1.513483E-010   1.610501E+001   3.062081E+001   3.559051E+001  -1.610501E+001  -4.969697E+000  -1.113532E+001
   42201       9     9.009009    11.627907   1.515539E-010   3.053590E+001   4.215381E+001   5.874188E+001  -3.053590E+001  -1.658806E+001  -1.394784E+001
   42201      10     8.695652     9.009009   3.971434E-012   6.685701E+000   4.750837E-002   6.715113E+000  -6.685701E+000  -6.667604E+000  -1.809639E-002
   42201      11     8.333333     8.695652  -1.463329E-011   7.095123E+000   4.848878E-001   7.495791E+000  -7.095123E+000  -7.010903E+000  -8.422030E-002
   42201      12     7.633588     8.333333  -7.922940E-012   4.573220E+000   9.545053E+000   1.336919E+001  -4.573220E+000  -3.824137E+000  -7.490833E-001
   42201      13     7.042254     7.633588  -8.381490E-012   2.345078E+000   7.769558E+000   9.803148E+000  -2.345078E+000  -2.033590E+000  -3.114881E-001
   42201      14     6.451613     7.042254  -2.151002E-012   4.957741E+000   2.945933E+000   8.093399E+000  -4.957741E+000  -5.147466E+000   1.897247E-001
   42201      15     5.464481     6.451613   5.847059E-012   9.244344E+000   5.581692E-003   9.251946E+000  -9.244344E+000  -9.246364E+000   2.020659E-003
   42201      16     4.950495     5.464481   6.364007E-013   7.159356E-001   1.716515E+000   2.749704E+000  -7.159356E-001  -1.033188E+000   3.172526E-001
   42201      17     3.333333     4.950495  -1.400295E-013   2.302065E-001   2.174226E+000   2.621775E+000  -2.302065E-001  -4.475481E-001   2.173416E-001
   42301       1    40.000000 10000.000000   6.108802E-010   1.945727E+001   1.532865E+001   2.289165E+001  -1.945727E+001  -7.562993E+000  -1.189427E+001
   42301       2    29.411765    40.000000  -3.307417E-010   2.444745E+001   4.094721E-002   2.445654E+001  -2.444745E+001  -2.441560E+001  -3.185182E-002
   42301       3    25.000000    29.411765   3.176215E-011   2.008679E+001   2.368393E-001   2.014817E+001  -2.008679E+001  -1.991133E+001  -1.754656E-001
   42301       4    20.833333    25.000000   1.059668E-010   2.892212E+001   3.433967E+000   2.994977E+001  -2.892212E+001  -2.651580E+001  -2.406316E+000
   42301       5    19.230769    20.833333  -9.621415E-011   1.214872E+001   9.728956E+000   1.571293E+001  -1.214872E+001  -5.983977E+000  -6.164745E+000
   42301       6    17.543860    19.230769   1.258105E-011   1.043622E+001   1.873223E+001   1.986205E+001  -1.043622E+001  -1.129824E+000  -9.306399E+000
   42301       7    13.333333    17.543860   2.843414E-010   1.508710E+001   6.789740E+001   6.808853E+001  -1.508710E+001  -1.911293E-001  -1.489598E+001
   42301       8    11.627907    13.333333   1.513469E-010   1.609449E+001   3.056893E+001   3.553449E+001  -1.609449E+001  -4.965564E+000  -1.112893E+001
   42301       9     9.009009    11.627907   1.515521E-010   3.050496E+001   4.205925E+001   5.863111E+001  -3.050496E+001  -1.657186E+001  -1.393310E+001
   42301      10     8.695652     9.009009   3.971434E-012   6.671254E+000   4.733995E-002   6.700543E+000  -6.671254E+000  -6.653203E+000  -1.805076E-002
   42301      11     8.333333     8.695652  -1.463296E-011   7.079240E+000   4.841102E-001   7.478883E+000  -7.079240E+000  -6.994773E+000  -8.446646E-002
   42301      12     7.633588     8.333333  -7.922940E-012   4.566173E+000   9.523805E+000   1.333719E+001  -4.566173E+000  -3.813385E+000  -7.527884E-001
   42301      13     7.042254     7.633588  -8.381351E-012   2.342081E+000   7.750772E+000   9.777705E+000  -2.342081E+000  -2.026933E+000  -3.151477E-001
   42301      14     6.451613     7.042254  -2.150932E-012   4.944723E+000   2.939048E+000   8.070614E+000  -4.944723E+000  -5.131567E+000   1.868437E-001
   42301      15     5.464481     6.451613   5.846920E-012   9.215179E+000   5.560319E-003   9.222747E+000  -9.215179E+000  -9.217186E+000   2.007278E-003
   42301      16     4.950495     5.464481   6.363833E-013   7.141150E-001   1.710267E+000   2.739801E+000  -7.141150E-001  -1.029534E+000   3.154193E-001
   42301      17     3.333333     4.950495  -1.400269E-013   2.295944E-001   2.165024E+000   2.610737E+000  -2.295944E-001  -4.457138E-001   2.161194E-001
   42401       1    40.000000 10000.000000   6.108802E-010   1.944931E+001   1.532132E+001   2.287839E+001  -1.944931E+001  -7.557068E+000  -1.189225E+001
   42401       2    29.411765    40.000000  -3.307381E-010   2.442951E+001   4.093545E-002   2.443860E+001  -2.442951E+001  -2.439766E+001  -3.185234E-002
   42401       3    25.000000    29.411765   3.176037E-011   2.006990E+001   2.367417E-001   2.013119E+001  -2.006990E+001  -1.989444E+001  -1.754572E-001
   42401       4    20.833333    25.000000   1.059659E-010   2.889558E+001   3.430713E+000   2.992130E+001  -2.889558E+001  -2.649059E+001  -2.404994E+000
   42401       5    19.230769    20.833333  -9.621326E-011   1.213995E+001   9.716326E+000   1.569651E+001  -1.213995E+001  -5.980179E+000  -6.159772E+000
   42401       6    17.543860    19.230769   1.258105E-011   1.043244E+001   1.871113E+001   1.983974E+001  -1.043244E+001  -1.128608E+000  -9.303830E+000
   42401       7    13.333333    17.543860   2.843397E-010   1.508618E+001   6.780826E+001   6.799921E+001  -1.508618E+001  -1.909452E-001  -1.489523E+001
   42401       8    11.627907    13.333333   1.513447E-010   1.608405E+001   3.051739E+001   3.547885E+001  -1.608405E+001  -4.961458E+000  -1.112260E+001
   42401       9     9.009009    11.627907   1.515494E-010   3.047422E+001   4.196532E+001   5.852107E+001  -3.047422E+001  -1.655575E+001  -1.391847E+001
   42401      10     8.695652     9.009009   3.971323E-012   6.656901E+000   4.717311E-002   6.686068E+000  -6.656901E+000  -6.638895E+000  -1.800574E-002
   42401      11     8.333333     8.695652  -1.463285E-011   7.063457E+000   4.833520E-001   7.462086E+000  -7.063457E+000  -6.978734E+000  -8.472322E-002
   42401      12     7.633588     8.333333  -7.922718E-012   4.559186E+000   9.502669E+000   1.330540E+001  -4.559186E+000  -3.802728E+000  -7.564582E-001
   42401      13     7.042254     7.633588  -8.381185E-012   2.339114E+000   7.732095E+000   9.752428E+000  -2.339114E+000  -2.020334E+000  -3.187807E-001
   42401      14     6.451613     7.042254  -2.150918E-012   4.931797E+000   2.932224E+000   8.047978E+000  -4.931797E+000  -5.115754E+000   1.839573E-001
   42401      15     5.464481     6.451613   5.846823E-012   9.186204E+000   5.539113E-003   9.193737E+000  -9.186204E+000  -9.188198E+000   1.994034E-003
   42401      16     4.950495     5.464481   6.363677E-013   7.123068E-001   1.704061E+000   2.729963E+000  -7.123068E-001  -1.025902E+000   3.135951E-001
   42401      17     3.333333     4.950495  -1.400217E-013   2.289871E-001   2.155879E+000   2.599772E+000  -2.289871E-001  -4.438932E-001   2.149061E-001
   42501       1    40.000000 10000.000000   6.108767E-010   1.944142E+001   1.531403E+001   2.286521E+001  -1.944142E+001  -7.551183E+000  -1.189024E+001
   42501       2    29.411765    40.000000  -3.307363E-010   2.441170E+001   4.092380E-002   2.442077E+001  -2.441170E+001  -2.437984E+001  -3.185291E-002
   42501       3    25.000000    29.411765   3.176392E-011   2.005312E+001   2.366450E-001   2.011431E+001  -2.005312E+001  -1.987767E+001  -1.754494E-001
   42501       4    20.833333    25.000000   1.059641E-010   2.886921E+001   3.427500E+000   2.989302E+001  -2.886921E+001  -2.646552E+001  -2.403695E+000
   42501       5    19.230769    20.833333  -9.621237E-011   1.213122E+001   9.703827E+000   1.568019E+001  -1.213122E+001  -5.976358E+000  -6.154860E+000
   42501       6    17.543860    19.230769   1.258105E-011   1.042868E+001   1.869017E+001   1.981758E+001  -1.042868E+001  -1.127409E+000  -9.301274E+000
   42501       7    13.333333    17.543860   2.843361E-010   1.508525E+001   6.771970E+001   6.791047E+001  -1.508525E+001  -1.907715E-001  -1.489448E+001
   42501       8    11.627907    13.333333   1.513434E-010   1.607366E+001   3.046622E+001   3.542356E+001  -1.607366E+001  -4.957337E+000  -1.111632E+001
   42501       9     9.009009    11.627907   1.515481E-010   3.044354E+001   4.187221E+001   5.841175E+001  -3.044354E+001  -1.653954E+001  -1.390400E+001
   42501      10     8.695652     9.009009   3.971212E-012   6.642641E+000   4.700823E-002   6.671688E+000  -6.642641E+000  -6.624680E+000  -1.796147E-002
   42501      11     8.333333     8.695652  -1.463252E-011   7.047779E+000   4.825998E-001   7.445398E+000  -7.047779E+000  -6.962798E+000  -8.498089E-002
   42501      12     7.633588     8.333333  -7.922552E-012   4.552254E+000   9.481683E+000   1.327381E+001  -4.552254E+000  -3.792128E+000  -7.601252E-001
   42501      13     7.042254     7.633588  -8.381018E-012   2.336176E+000   7.713552E+000   9.727316E+000  -2.336176E+000  -2.013764E+000  -3.224121E-001
   42501      14     6.451613     7.042254  -2.150863E-012   4.918973E+000   2.925447E+000   8.025489E+000  -4.918973E+000  -5.100042E+000   1.810693E-001
   42501      15     5.464481     6.451613   5.846656E-012   9.157418E+000   5.518117E-003   9.164917E+000  -9.157418E+000  -9.159399E+000   1.980882E-003
   42501      16     4.950495     5.464481   6.363469E-013   7.105103E-001   1.697902E+000   2.720189E+000  -7.105103E-001  -1.022286E+000   3.117759E-001
   42501      17     3.333333     4.950495  -1.400173E-013   2.283845E-001   2.146876E+000   2.588878E+000  -2.283845E-001  -4.420024E-001   2.136179E-001
   42601       1    40.000000 10000.000000   6.108785E-010   1.943358E+001   1.530678E+001   2.285212E+001  -1.943358E+001  -7.545335E+000  -1.188825E+001
   42601       2    29.411765    40.000000  -3.307363E-010   2.439400E+001   4.091225E-002   2.440306E+001  -2.439400E+001  -2.436214E+001  -3.185351E-002
   42601       3    25.000000    29.411765   3.176037E-011   2.003645E+001   2.365493E-001   2.009755E+001  -2.003645E+001  -1.986100E+001  -1.754420E-001
   42601       4    20.833333    25.000000   1.059632E-010   2.884301E+001   3.424323E+000   2.986492E+001  -2.884301E+001  -2.644059E+001  -2.402417E+000
   42601       5    19.230769    20.833333  -9.621193E-011   1.212253E+001   9.691451E+000   1.566397E+001  -1.212253E+001  -5.972520E+000  -6.150006E+000
   42601       6    17.543860    19.230769   1.258105E-011   1.042495E+001   1.866930E+001   1.979556E+001  -1.042495E+001  -1.126256E+000  -9.298698E+000
   42601       7    13.333333    17.543860   2.843361E-010   1.508434E+001   6.763165E+001   6.782231E+001  -1.508434E+001  -1.906609E-001  -1.489368E+001
   42601       8    11.627907    13.333333   1.513421E-010   1.606330E+001   3.041536E+001   3.536864E+001  -1.606330E+001  -4.953281E+000  -1.111002E+001
   42601       9     9.009009    11.627907   1.515468E-010   3.041293E+001   4.177984E+001   5.830314E+001  -3.041293E+001  -1.652330E+001  -1.388963E+001
   42601      10     8.695652     9.009009   3.971212E-012   6.628474E+000   4.684535E-002   6.657401E+000  -6.628474E+000  -6.610556E+000  -1.791817E-002
   42601      11     8.333333     8.695652  -1.463230E-011   7.032205E+000   4.818540E-001   7.428819E+000  -7.032205E+000  -6.946965E+000  -8.524009E-002
   42601      12     7.633588     8.333333  -7.922496E-012   4.545368E+000   9.460861E+000   1.324243E+001  -4.545368E+000  -3.781571E+000  -7.637971E-001
   42601      13     7.042254     7.633588  -8.380852E-012   2.333260E+000   7.695162E+000   9.702368E+000  -2.333260E+000  -2.007206E+000  -3.260541E-001
   42601      14     6.451613     7.042254  -2.150807E-012   4.906247E+000   2.918726E+000   8.003147E+000  -4.906247E+000  -5.084421E+000   1.781738E-001
   42601      15     5.464481     6.451613   5.846518E-012   9.128820E+000   5.497273E-003   9.136285E+000  -9.128820E+000  -9.130788E+000   1.967924E-003
   42601      16     4.950495     5.464481   6.363330E-013   7.087241E-001   1.691791E+000   2.710478E+000  -7.087241E-001  -1.018688E+000   3.099635E-001
   42601      17     3.333333     4.950495  -1.400139E-013   2.277860E-001   2.138018E+000   2.578056E+000  -2.277860E-001  -4.400377E-001   2.122518E-001
   42701       1    40.000000 10000.000000   6.108749E-010   1.942580E+001   1.529959E+001   2.283912E+001  -1.942580E+001  -7.539522E+000  -1.188628E+001
   42701       2    29.411765    40.000000  -3.307328E-010   2.437641E+001   4.090078E-002   2.438546E+001  -2.437641E+001  -2.434456E+001  -3.185413E-002
   42701       3    25.000000    29.411765   3.176304E-011   2.001988E+001   2.364543E-001   2.008090E+001  -2.001988E+001  -1.984445E+001  -1.754349E-001
   42701       4    20.833333    25.000000   1.059632E-010   2.881698E+001   3.421170E+000   2.983700E+001  -2.881698E+001  -2.641583E+001  -2.401153E+000
   42701       5    19.230769    20.833333  -9.621104E-011   1.211389E+001   9.679171E+000   1.564786E+001  -1.211389E+001  -5.968692E+000  -6.145200E+000
   42701       6    17.543860    19.230769   1.258016E-011   1.042125E+001   1.864857E+001   1.977368E+001  -1.042125E+001  -1.125103E+000  -9.296146E+000
   42701       7    13.333333    17.543860   2.843326E-010   1.508343E+001   6.754417E+001   6.773472E+001  -1.508343E+001  -1.905477E-001  -1.489288E+001
   42701       8    11.627907    13.333333   1.513389E-010   1.605302E+001   3.036487E+001   3.531407E+001  -1.605302E+001  -4.949207E+000  -1.110381E+001
   42701       9     9.009009    11.627907   1.515437E-010   3.038251E+001   4.168821E+001   5.819524E+001  -3.038251E+001  -1.650703E+001  -1.387548E+001
   42701      10     8.695652     9.009009   3.971157E-012   6.614396E+000   4.668064E-002   6.643208E+000  -6.614396E+000  -6.596527E+000  -1.786880E-002
   42701      11     8.333333     8.695652  -1.463213E-011   7.016735E+000   4.811141E-001   7.412348E+000  -7.016735E+000  -6.931234E+000  -8.550083E-002
   42701      12     7.633588     8.333333  -7.922218E-012   4.538533E+000   9.440216E+000   1.321126E+001  -4.538533E+000  -3.771041E+000  -7.674916E-001
   42701      13     7.042254     7.633588  -8.380713E-012   2.330366E+000   7.676934E+000   9.677583E+000  -2.330366E+000  -2.000648E+000  -3.297175E-001
   42701      14     6.451613     7.042254  -2.150752E-012   4.893612E+000   2.912067E+000   7.980951E+000  -4.893612E+000  -5.068884E+000   1.752718E-001
   42701      15     5.464481     6.451613   5.846407E-012   9.100409E+000   5.476564E-003   9.107840E+000  -9.100409E+000  -9.102364E+000   1.955149E-003
   42701      16     4.950495     5.464481   6.363191E-013   7.069492E-001   1.685735E+000   2.700832E+000  -7.069492E-001  -1.015097E+000   3.081475E-001
   42701      17     3.333333     4.950495  -1.400095E-013   2.271915E-001   2.129234E+000   2.567304E+000  -2.271915E-001  -4.380700E-001   2.108785E-001
   42801       1    40.000000 10000.000000   6.108731E-010   1.941807E+001   1.529245E+001   2.282620E+001  -1.941807E+001  -7.533748E+000  -1.188432E+001
   42801       2    29.411765    40.000000  -3.307328E-010   2.435894E+001   4.088938E-002   2.436798E+001  -2.435894E+001  -2.432709E+001  -3.185476E-002
   42801       3    25.000000    29.411765   3.176215E-011   2.000343E+001   2.363598E-001   2.006436E+001  -2.000343E+001  -1.982800E+001  -1.754279E-001
   42801       4    20.833333    25.000000   1.059641E-010   2.879113E+001   3.418041E+000   2.980927E+001  -2.879113E+001  -2.639123E+001  -2.399902E+000
   42801       5    19.230769    20.833333  -9.621060E-011   1.210532E+001   9.666982E+000   1.563186E+001  -1.210532E+001  -5.964879E+000  -6.140439E+000
   42801       6    17.543860    19.230769   1.258105E-011   1.041757E+001   1.862799E+001   1.975194E+001  -1.041757E+001  -1.123952E+000  -9.293619E+000
   42801       7    13.333333    17.543860   2.843290E-010   1.508253E+001   6.745728E+001   6.764771E+001  -1.508253E+001  -1.904330E-001  -1.489209E+001
   42801       8    11.627907    13.333333   1.513376E-010   1.604281E+001   3.031474E+001   3.525986E+001  -1.604281E+001  -4.945127E+000  -1.109768E+001
   42801       9     9.009009    11.627907   1.515428E-010   3.035230E+001   4.159727E+001   5.808805E+001  -3.035230E+001  -1.649077E+001  -1.386153E+001
   42801      10     8.695652     9.009009   3.971157E-012   6.600414E+000   4.652084E-002   6.629108E+000  -6.600414E+000  -6.582587E+000  -1.782684E-002
   42801      11     8.333333     8.695652  -1.463191E-011   7.001369E+000   4.803808E-001   7.395985E+000  -7.001369E+000  -6.915605E+000  -8.576434E-002
   42801      12     7.633588     8.333333  -7.922218E-012   4.531753E+000   9.419765E+000   1.318029E+001  -4.531753E+000  -3.760523E+000  -7.712301E-001
   42801      13     7.042254     7.633588  -8.380519E-012   2.327495E+000   7.658880E+000   9.652960E+000  -2.327495E+000  -1.994080E+000  -3.334152E-001
   42801      14     6.451613     7.042254  -2.150724E-012   4.881080E+000   2.905474E+000   7.958901E+000  -4.881080E+000  -5.053427E+000   1.723473E-001
   42801      15     5.464481     6.451613   5.846268E-012   9.072184E+000   5.456177E-003   9.079582E+000  -9.072184E+000  -9.074126E+000   1.942181E-003
   42801      16     4.950495     5.464481   6.363000E-013   7.051899E-001   1.679747E+000   2.691248E+000  -7.051899E-001  -1.011501E+000   3.063113E-001
   42801      17     3.333333     4.950495  -1.400061E-013   2.266012E-001   2.120523E+000   2.556622E+000  -2.266012E-001  -4.360990E-001   2.094977E-001
   42901       1    40.000000 10000.000000   6.108714E-010   1.941039E+001   1.528535E+001   2.281336E+001  -1.941039E+001  -7.528014E+000  -1.188238E+001
   42901       2    29.411765    40.000000  -3.307328E-010   2.434159E+001   4.087805E-002   2.435061E+001  -2.434159E+001  -2.430973E+001  -3.185540E-002
   42901       3    25.000000    29.411765   3.176215E-011   1.998708E+001   2.362660E-001   2.004793E+001  -1.998708E+001  -1.981166E+001  -1.754211E-001
   42901       4    20.833333    25.000000   1.059615E-010   2.876544E+001   3.414934E+000   2.978172E+001  -2.876544E+001  -2.636678E+001  -2.398660E+000
   42901       5    19.230769    20.833333  -9.620971E-011   1.209680E+001   9.654877E+000   1.561596E+001  -1.209680E+001  -5.961087E+000  -6.135713E+000
   42901       6    17.543860    19.230769   1.258016E-011   1.041392E+001   1.860754E+001   1.973035E+001  -1.041392E+001  -1.122815E+000  -9.291107E+000
   42901       7    13.333333    17.543860   2.843255E-010   1.508163E+001   6.737095E+001   6.756127E+001  -1.508163E+001  -1.903189E-001  -1.489131E+001
   42901       8    11.627907    13.333333   1.513363E-010   1.603267E+001   3.026494E+001   3.520601E+001  -1.603267E+001  -4.941076E+000  -1.109160E+001
   42901       9     9.009009    11.627907   1.515401E-010   3.032229E+001   4.150693E+001   5.798156E+001  -3.032229E+001  -1.647462E+001  -1.384767E+001
   42901      10     8.695652     9.009009   3.971046E-012   6.586523E+000   4.636239E-002   6.615100E+000  -6.586523E+000  -6.568738E+000  -1.778523E-002
   42901      11     8.333333     8.695652  -1.463157E-011   6.986105E+000   4.796521E-001   7.379730E+000  -6.986105E+000  -6.900078E+000  -8.602689E-002
   42901      12     7.633588     8.333333  -7.922052E-012   4.525028E+000   9.399437E+000   1.314952E+001  -4.525028E+000  -3.750084E+000  -7.749444E-001
   42901      13     7.042254     7.633588  -8.380407E-012   2.324653E+000   7.640929E+000   9.628498E+000  -2.324653E+000  -1.987569E+000  -3.370840E-001
   42901      14     6.451613     7.042254  -2.150696E-012   4.868636E+000   2.898921E+000   7.936995E+000  -4.868636E+000  -5.038074E+000   1.694376E-001
   42901      15     5.464481     6.451613   5.846143E-012   9.044143E+000   5.435964E-003   9.051509E+000  -9.044143E+000  -9.046073E+000   1.929305E-003
   42901      16     4.950495     5.464481   6.362862E-013   7.034425E-001   1.673799E+000   2.681727E+000  -7.034425E-001  -1.007929E+000   3.044862E-001
   42901      17     3.333333     4.950495  -1.400009E-013   2.260159E-001   2.111868E+000   2.546011E+000  -2.260159E-001  -4.341426E-001   2.081267E-001
   43001       1    40.000000 10000.000000   6.108696E-010   1.940277E+001   1.527829E+001   2.280061E+001  -1.940277E+001  -7.522319E+000  -1.188045E+001
   43001       2    29.411765    40.000000  -3.307328E-010   2.432435E+001   4.086678E-002   2.433336E+001  -2.432435E+001  -2.429249E+001  -3.185604E-002
   43001       3    25.000000    29.411765   3.176126E-011   1.997084E+001   2.361728E-001   2.003160E+001  -1.997084E+001  -1.979543E+001  -1.754144E-001
   43001       4    20.833333    25.000000   1.059606E-010   2.873993E+001   3.411850E+000   2.975435E+001  -2.873993E+001  -2.634250E+001  -2.397430E+000
   43001       5    19.230769    20.833333  -9.620837E-011   1.208834E+001   9.642856E+000   1.560017E+001  -1.208834E+001  -5.957313E+000  -6.131023E+000
   43001       6    17.543860    19.230769   1.258016E-011   1.041030E+001   1.858721E+001   1.970890E+001  -1.041030E+001  -1.121690E+000  -9.288609E+000
   43001       7    13.333333    17.543860   2.843219E-010   1.508074E+001   6.728519E+001   6.747539E+001  -1.508074E+001  -1.902059E-001  -1.489053E+001
   43001       8    11.627907    13.333333   1.513349E-010   1.602260E+001   3.021546E+001   3.515251E+001  -1.602260E+001  -4.937049E+000  -1.108555E+001
   43001       9     9.009009    11.627907   1.515383E-010   3.029247E+001   4.141721E+001   5.787576E+001  -3.029247E+001  -1.645856E+001  -1.383391E+001
   43001      10     8.695652     9.009009   3.970990E-012   6.572723E+000   4.620535E-002   6.601184E+000  -6.572723E+000  -6.554979E+000  -1.774410E-002
   43001      11     8.333333     8.695652  -1.463141E-011   6.970942E+000   4.789282E-001   7.363581E+000  -6.970942E+000  -6.884653E+000  -8.628885E-002
   43001      12     7.633588     8.333333  -7.921885E-012   4.518353E+000   9.379239E+000   1.311896E+001  -4.518353E+000  -3.739717E+000  -7.786354E-001
   43001      13     7.042254     7.633588  -8.380296E-012   2.321835E+000   7.623089E+000   9.604197E+000  -2.321835E+000  -1.981109E+000  -3.407268E-001
   43001      14     6.451613     7.042254  -2.150641E-012   4.856279E+000   2.892411E+000   7.915233E+000  -4.856279E+000  -5.022821E+000   1.665422E-001
   43001      15     5.464481     6.451613   5.846018E-012   9.016287E+000   5.415906E-003   9.023619E+000  -9.016287E+000  -9.018204E+000   1.916559E-003
   43001      16     4.950495     5.464481   6.362688E-013   7.017060E-001   1.667891E+000   2.672269E+000  -7.017060E-001  -1.004378E+000   3.026718E-001
   43001      17     3.333333     4.950495  -1.399974E-013   2.254349E-001   2.103269E+000   2.535469E+000  -2.254349E-001  -4.321997E-001   2.067648E-001
   43101       1    40.000000 10000.000000   6.108660E-010   1.939520E+001   1.527128E+001   2.278795E+001  -1.939520E+001  -7.516662E+000  -1.187854E+001
   43101       2    29.411765    40.000000  -3.307257E-010   2.430722E+001   4.085561E-002   2.431622E+001  -2.430722E+001  -2.427536E+001  -3.185671E-002
   43101       3    25.000000    29.411765   3.176126E-011   1.995471E+001   2.360803E-001   2.001538E+001  -1.995471E+001  -1.977930E+001  -1.754080E-001
   43101       4    20.833333    25.000000   1.059597E-010   2.871458E+001   3.408796E+000   2.972716E+001  -2.871458E+001  -2.631836E+001  -2.396218E+000
   43101       5    19.230769    20.833333  -9.620882E-011   1.207993E+001   9.630954E+000   1.558448E+001  -1.207993E+001  -5.953526E+000  -6.126402E+000
   43101       6    17.543860    19.230769   1.258016E-011   1.040670E+001   1.856704E+001   1.968760E+001  -1.040670E+001  -1.120557E+000  -9.286144E+000
   43101       7    13.333333    17.543860   2.843201E-010   1.507986E+001   6.719999E+001   6.739008E+001  -1.507986E+001  -1.900898E-001  -1.488977E+001
   43101       8    11.627907    13.333333   1.513332E-010   1.601260E+001   3.016640E+001   3.509936E+001  -1.601260E+001  -4.932963E+000  -1.107964E+001
   43101       9     9.009009    11.627907   1.515366E-010   3.026282E+001   4.132836E+001   5.777066E+001  -3.026282E+001  -1.644231E+001  -1.382051E+001
   43101      10     8.695652     9.009009   3.970935E-012   6.559013E+000   4.605007E-002   6.587360E+000  -6.559013E+000  -6.541309E+000  -1.770384E-002
   43101      11     8.333333     8.695652  -1.463119E-011   6.955879E+000   4.782096E-001   7.347538E+000  -6.955879E+000  -6.869328E+000  -8.655093E-002
   43101      12     7.633588     8.333333  -7.921774E-012   4.511725E+000   9.359191E+000   1.308859E+001  -4.511725E+000  -3.729400E+000  -7.823245E-001
   43101      13     7.042254     7.633588  -8.380074E-012   2.319038E+000   7.605390E+000   9.580056E+000  -2.319038E+000  -1.974666E+000  -3.443723E-001
   43101      14     6.451613     7.042254  -2.150627E-012   4.844011E+000   2.885950E+000   7.893613E+000  -4.844011E+000  -5.007663E+000   1.636520E-001
   43101      15     5.464481     6.451613   5.845879E-012   8.988613E+000   5.396055E-003   8.995913E+000  -8.988613E+000  -8.990517E+000   1.903843E-003
   43101      16     4.950495     5.464481   6.362532E-013   6.999811E-001   1.662040E+000   2.662873E+000  -6.999811E-001  -1.000833E+000   3.008521E-001
   43101      17     3.333333     4.950495  -1.399939E-013   2.248579E-001   2.094740E+000   2.524996E+000  -2.248579E-001  -4.302566E-001   2.053988E-001
   43201       1    40.000000 10000.000000   6.108660E-010   1.938768E+001   1.526431E+001   2.277536E+001  -1.938768E+001  -7.511053E+000  -1.187663E+001
   43201       2    29.411765    40.000000  -3.307274E-010   2.429021E+001   4.084457E-002   2.429919E+001  -2.429021E+001  -2.425835E+001  -3.185747E-002
   43201       3    25.000000    29.411765   3.176215E-011   1.993868E+001   2.359887E-001   1.999927E+001  -1.993868E+001  -1.976328E+001  -1.754019E-001
   43201       4    20.833333    25.000000   1.059606E-010   2.868940E+001   3.405782E+000   2.970015E+001  -2.868940E+001  -2.629436E+001  -2.395033E+000
   43201       5    19.230769    20.833333  -9.620749E-011   1.207157E+001   9.619199E+000   1.556889E+001  -1.207157E+001  -5.949694E+000  -6.121879E+000
   43201       6    17.543860    19.230769   1.258016E-011   1.040313E+001   1.854699E+001   1.966643E+001  -1.040313E+001  -1.119438E+000  -9.283690E+000
   43201       7    13.333333    17.543860   2.843183E-010   1.507898E+001   6.711536E+001   6.730533E+001  -1.507898E+001  -1.899687E-001  -1.488901E+001
   43201       8    11.627907    13.333333   1.513323E-010   1.600266E+001   3.011777E+001   3.504657E+001  -1.600266E+001  -4.928798E+000  -1.107387E+001
   43201       9     9.009009    11.627907   1.515352E-010   3.023337E+001   4.124053E+001   5.766626E+001  -3.023337E+001  -1.642573E+001  -1.380764E+001
   43201      10     8.695652     9.009009   3.970935E-012   6.545394E+000   4.589670E-002   6.573626E+000  -6.545394E+000  -6.527729E+000  -1.766452E-002
   43201      11     8.333333     8.695652  -1.463102E-011   6.940919E+000   4.774983E-001   7.331601E+000  -6.940919E+000  -6.854103E+000  -8.681682E-002
   43201      12     7.633588     8.333333  -7.921608E-012   4.505162E+000   9.339319E+000   1.305843E+001  -4.505162E+000  -3.719108E+000  -7.860540E-001
   43201      13     7.042254     7.633588  -8.379963E-012   2.316266E+000   7.587835E+000   9.556073E+000  -2.316266E+000  -1.968238E+000  -3.480277E-001
   43201      14     6.451613     7.042254  -2.150571E-012   4.831852E+000   2.879560E+000   7.872136E+000  -4.831852E+000  -4.992576E+000   1.607244E-001
   43201      15     5.464481     6.451613   5.845782E-012   8.961122E+000   5.376646E-003   8.968390E+000  -8.961122E+000  -8.963013E+000   1.890690E-003
   43201      16     4.950495     5.464481   6.362376E-013   6.982776E-001   1.656259E+000   2.653538E+000  -6.982776E-001  -9.972794E-001   2.990018E-001
   43201      17     3.333333     4.950495  -1.399887E-013   2.242850E-001   2.086283E+000   2.514593E+000  -2.242850E-001  -4.283101E-001   2.040251E-001
   43301       1    40.000000 10000.000000   6.108642E-010   1.938021E+001   1.525737E+001   2.276286E+001  -1.938021E+001  -7.505488E+000  -1.187472E+001
   43301       2    29.411765    40.000000  -3.307257E-010   2.427330E+001   4.083358E-002   2.428228E+001  -2.427330E+001  -2.424145E+001  -3.185820E-002
   43301       3    25.000000    29.411765   3.176215E-011   1.992276E+001   2.358976E-001   1.998326E+001  -1.992276E+001  -1.974737E+001  -1.753957E-001
   43301       4    20.833333    25.000000   1.059588E-010   2.866438E+001   3.402787E+000   2.967331E+001  -2.866438E+001  -2.627053E+001  -2.393854E+000
   43301       5    19.230769    20.833333  -9.620660E-011   1.206327E+001   9.607515E+000   1.555341E+001  -1.206327E+001  -5.945896E+000  -6.117376E+000
   43301       6    17.543860    19.230769   1.258105E-011   1.039958E+001   1.852705E+001   1.964540E+001  -1.039958E+001  -1.118350E+000  -9.281231E+000
   43301       7    13.333333    17.543860   2.843148E-010   1.507811E+001   6.703129E+001   6.722114E+001  -1.507811E+001  -1.898526E-001  -1.488826E+001
   43301       8    11.627907    13.333333   1.513301E-010   1.599279E+001   3.006942E+001   3.499412E+001  -1.599279E+001  -4.924693E+000  -1.106810E+001
   43301       9     9.009009    11.627907   1.515330E-010   3.020410E+001   4.115323E+001   5.756254E+001  -3.020410E+001  -1.640931E+001  -1.379479E+001
   43301      10     8.695652     9.009009   3.970824E-012   6.531864E+000   4.574459E-002   6.559983E+000  -6.531864E+000  -6.514239E+000  -1.762558E-002
   43301      11     8.333333     8.695652  -1.463074E-011   6.926059E+000   4.767922E-001   7.315769E+000  -6.926059E+000  -6.838977E+000  -8.708270E-002
   43301      12     7.633588     8.333333  -7.921497E-012   4.498649E+000   9.319582E+000   1.302846E+001  -4.498649E+000  -3.708880E+000  -7.897692E-001
   43301      13     7.042254     7.633588  -8.379741E-012   2.313515E+000   7.570390E+000   9.532249E+000  -2.313515E+000  -1.961859E+000  -3.516561E-001
   43301      14     6.451613     7.042254  -2.150530E-012   4.819782E+000   2.873220E+000   7.850801E+000  -4.819782E+000  -4.977581E+000   1.577989E-001
   43301      15     5.464481     6.451613   5.845643E-012   8.933813E+000   5.357434E-003   8.941048E+000  -8.933813E+000  -8.935690E+000   1.877560E-003
   43301      16     4.950495     5.464481   6.362254E-013   6.965869E-001   1.650520E+000   2.644266E+000  -6.965869E-001  -9.937457E-001   2.971588E-001
   43301      17     3.333333     4.950495  -1.399852E-013   2.237161E-001   2.077881E+000   2.504258E+000  -2.237161E-001  -4.263769E-001   2.026608E-001
   43401       1    40.000000 10000.000000   6.108589E-010   1.937279E+001   1.525048E+001   2.275044E+001  -1.937279E+001  -7.499967E+000  -1.187282E+001
   43401       2    29.411765    40.000000  -3.307221E-010   2.425651E+001   4.082265E-002   2.426548E+001  -2.425651E+001  -2.422465E+001  -3.185891E-002
   43401       3    25.000000    29.411765   3.176215E-011   1.990695E+001   2.358070E-001   1.996736E+001  -1.990695E+001  -1.973156E+001  -1.753894E-001
   43401       4    20.833333    25.000000   1.059579E-010   2.863953E+001   3.399810E+000   2.964666E+001  -2.863953E+001  -2.624685E+001  -2.392680E+000
   43401       5    19.230769    20.833333  -9.620660E-011   1.205502E+001   9.595901E+000   1.553803E+001  -1.205502E+001  -5.942128E+000  -6.112891E+000
   43401       6    17.543860    19.230769   1.258105E-011   1.039606E+001   1.850723E+001   1.962451E+001  -1.039606E+001  -1.117276E+000  -9.278781E+000
   43401       7    13.333333    17.543860   2.843166E-010   1.507725E+001   6.694777E+001   6.713751E+001  -1.507725E+001  -1.897375E-001  -1.488751E+001
   43401       8    11.627907    13.333333   1.513292E-010   1.598299E+001   3.002139E+001   3.494201E+001  -1.598299E+001  -4.920626E+000  -1.106236E+001
   43401       9     9.009009    11.627907   1.515308E-010   3.017501E+001   4.106649E+001   5.745951E+001  -3.017501E+001  -1.639302E+001  -1.378200E+001
   43401      10     8.695652     9.009009   3.970713E-012   6.518424E+000   4.559370E-002   6.546430E+000  -6.518424E+000  -6.500837E+000  -1.758698E-002
   43401      11     8.333333     8.695652  -1.463052E-011   6.911297E+000   4.760925E-001   7.300041E+000  -6.911297E+000  -6.823949E+000  -8.734849E-002
   43401      12     7.633588     8.333333  -7.921330E-012   4.492181E+000   9.299969E+000   1.299869E+001  -4.492181E+000  -3.698725E+000  -7.934557E-001
   43401      13     7.042254     7.633588  -8.379714E-012   2.310784E+000   7.553057E+000   9.508582E+000  -2.310784E+000  -1.955525E+000  -3.552591E-001
   43401      14     6.451613     7.042254  -2.150502E-012   4.807795E+000   2.866924E+000   7.829606E+000  -4.807795E+000  -4.962682E+000   1.548875E-001
   43401      15     5.464481     6.451613   5.845519E-012   8.906683E+000   5.338356E-003   8.913886E+000  -8.906683E+000  -8.908548E+000   1.864573E-003
   43401      16     4.950495     5.464481   6.362064E-013   6.949065E-001   1.644820E+000   2.635054E+000  -6.949065E-001  -9.902346E-001   2.953281E-001
   43401      17     3.333333     4.950495  -1.399826E-013   2.231511E-001   2.069537E+000   2.493991E+000  -2.231511E-001  -4.244539E-001   2.013028E-001
   43501       1    40.000000 10000.000000   6.108607E-010   1.936542E+001   1.524362E+001   2.273811E+001  -1.936542E+001  -7.494492E+000  -1.187093E+001
   43501       2    29.411765    40.000000  -3.307239E-010   2.423983E+001   4.081178E-002   2.424878E+001  -2.423983E+001  -2.420797E+001  -3.185959E-002
   43501       3    25.000000    29.411765   3.176215E-011   1.989123E+001   2.357168E-001   1.995157E+001  -1.989123E+001  -1.971585E+001  -1.753829E-001
   43501       4    20.833333    25.000000   1.059570E-010   2.861484E+001   3.396851E+000   2.962018E+001  -2.861484E+001  -2.622333E+001  -2.391510E+000
   43501       5    19.230769    20.833333  -9.620660E-011   1.204682E+001   9.584358E+000   1.552275E+001  -1.204682E+001  -5.938392E+000  -6.108426E+000
   43501       6    17.543860    19.230769   1.258016E-011   1.039256E+001   1.848753E+001   1.960376E+001  -1.039256E+001  -1.116222E+000  -9.276335E+000
   43501       7    13.333333    17.543860   2.843148E-010   1.507639E+001   6.686480E+001   6.705442E+001  -1.507639E+001  -1.896248E-001  -1.488677E+001
   43501       8    11.627907    13.333333   1.513278E-010   1.597324E+001   2.997365E+001   3.489025E+001  -1.597324E+001  -4.916606E+000  -1.105663E+001
   43501       9     9.009009    11.627907   1.515290E-010   3.014609E+001   4.098028E+001   5.735716E+001  -3.014609E+001  -1.637687E+001  -1.376922E+001
   43501      10     8.695652     9.009009   3.970602E-012   6.505071E+000   4.544395E-002   6.532967E+000  -6.505071E+000  -6.487523E+000  -1.754853E-002
   43501      11     8.333333     8.695652  -1.463024E-011   6.896628E+000   4.754135E-001   7.284417E+000  -6.896628E+000  -6.809004E+000  -8.762428E-002
   43501      12     7.633588     8.333333  -7.921275E-012   4.485758E+000   9.280436E+000   1.296912E+001  -4.485758E+000  -3.688687E+000  -7.970709E-001
   43501      13     7.042254     7.633588  -8.379547E-012   2.308074E+000   7.535812E+000   9.485071E+000  -2.308074E+000  -1.949259E+000  -3.588150E-001
   43501      14     6.451613     7.042254  -2.150460E-012   4.795884E+000   2.860678E+000   7.808551E+000  -4.795884E+000  -4.947873E+000   1.519889E-001
   43501      15     5.464481     6.451613   5.845394E-012   8.879732E+000   5.319421E-003   8.886903E+000  -8.879732E+000  -8.881584E+000   1.851711E-003
   43501      16     4.950495     5.464481   6.361908E-013   6.932358E-001   1.639154E+000   2.625903E+000  -6.932358E-001  -9.867492E-001   2.935134E-001
   43501      17     3.333333     4.950495  -1.399783E-013   2.225899E-001   2.061245E+000   2.483792E+000  -2.225899E-001  -4.225464E-001   1.999565E-001
   43601       1    40.000000 10000.000000   6.108571E-010   1.935810E+001   1.523680E+001   2.272585E+001  -1.935810E+001  -7.489058E+000  -1.186904E+001
   43601       2    29.411765    40.000000  -3.307186E-010   2.422326E+001   4.080096E-002   2.423220E+001  -2.422326E+001  -2.419140E+001  -3.186023E-002
   43601       3    25.000000    29.411765   3.175948E-011   1.987563E+001   2.356272E-001   1.993588E+001  -1.987563E+001  -1.970025E+001  -1.753764E-001
   43601       4    20.833333    25.000000   1.059579E-010   2.859031E+001   3.393911E+000   2.959387E+001  -2.859031E+001  -2.619996E+001  -2.390347E+000
   43601       5    19.230769    20.833333  -9.620571E-011   1.203867E+001   9.572888E+000   1.550757E+001  -1.203867E+001  -5.934682E+000  -6.103985E+000
   43601       6    17.543860    19.230769   1.257927E-011   1.038908E+001   1.846796E+001   1.958314E+001  -1.038908E+001  -1.115182E+000  -9.273899E+000
   43601       7    13.333333    17.543860   2.843112E-010   1.507554E+001   6.678238E+001   6.697189E+001  -1.507554E+001  -1.895138E-001  -1.488602E+001
   43601       8    11.627907    13.333333   1.513256E-010   1.596355E+001   2.992621E+001   3.483883E+001  -1.596355E+001  -4.912623E+000  -1.105093E+001
   43601       9     9.009009    11.627907   1.515272E-010   3.011734E+001   4.089463E+001   5.725548E+001  -3.011734E+001  -1.636085E+001  -1.375649E+001
   43601      10     8.695652     9.009009   3.970657E-012   6.491807E+000   4.529543E-002   6.519592E+000  -6.491807E+000  -6.474296E+000  -1.751043E-002
   43601      11     8.333333     8.695652  -1.463002E-011   6.882056E+000   4.747387E-001   7.268896E+000  -6.882056E+000  -6.794158E+000  -8.789840E-002
   43601      12     7.633588     8.333333  -7.921219E-012   4.479381E+000   9.261018E+000   1.293975E+001  -4.479381E+000  -3.678728E+000  -8.006525E-001
   43601      13     7.042254     7.633588  -8.379408E-012   2.305387E+000   7.518668E+000   9.461715E+000  -2.305387E+000  -1.943047E+000  -3.623398E-001
   43601      14     6.451613     7.042254  -2.150419E-012   4.784054E+000   2.854470E+000   7.787635E+000  -4.784054E+000  -4.933165E+000   1.491105E-001
   43601      15     5.464481     6.451613   5.845283E-012   8.852959E+000   5.300604E-003   8.860099E+000  -8.852959E+000  -8.854798E+000   1.839018E-003
   43601      16     4.950495     5.464481   6.361769E-013   6.915751E-001   1.633526E+000   2.616813E+000  -6.915751E-001  -9.832872E-001   2.917121E-001
   43601      17     3.333333     4.950495  -1.399740E-013   2.220329E-001   2.053007E+000   2.473660E+000  -2.220329E-001  -4.206531E-001   1.986202E-001
   43701       1    40.000000 10000.000000   6.108571E-010   1.935082E+001   1.523002E+001   2.271368E+001  -1.935082E+001  -7.483662E+000  -1.186716E+001
   43701       2    29.411765    40.000000  -3.307150E-010   2.420680E+001   4.079019E-002   2.421573E+001  -2.420680E+001  -2.417494E+001  -3.186086E-002
   43701       3    25.000000    29.411765   3.175948E-011   1.986012E+001   2.355381E-001   1.992029E+001  -1.986012E+001  -1.968475E+001  -1.753699E-001
   43701       4    20.833333    25.000000   1.059561E-010   2.856594E+001   3.390990E+000   2.956774E+001  -2.856594E+001  -2.617675E+001  -2.389190E+000
   43701       5    19.230769    20.833333  -9.620571E-011   1.203057E+001   9.561493E+000   1.549249E+001  -1.203057E+001  -5.930997E+000  -6.099569E+000
   43701       6    17.543860    19.230769   1.258016E-011   1.038563E+001   1.844850E+001   1.956266E+001  -1.038563E+001  -1.114160E+000  -9.271469E+000
   43701       7    13.333333    17.543860   2.843041E-010   1.507469E+001   6.670049E+001   6.688990E+001  -1.507469E+001  -1.894024E-001  -1.488529E+001
   43701       8    11.627907    13.333333   1.513247E-010   1.595392E+001   2.987910E+001   3.478775E+001  -1.595392E+001  -4.908658E+000  -1.104527E+001
   43701       9     9.009009    11.627907   1.515259E-010   3.008877E+001   4.080957E+001   5.715447E+001  -3.008877E+001  -1.634490E+001  -1.374387E+001
   43701      10     8.695652     9.009009   3.970546E-012   6.478630E+000   4.514798E-002   6.506305E+000  -6.478630E+000  -6.461157E+000  -1.747238E-002
   43701      11     8.333333     8.695652  -1.462985E-011   6.867580E+000   4.740680E-001   7.253477E+000  -6.867580E+000  -6.779409E+000  -8.817080E-002
   43701      12     7.633588     8.333333  -7.920942E-012   4.473048E+000   9.241740E+000   1.291056E+001  -4.473048E+000  -3.668822E+000  -8.042259E-001
   43701      13     7.042254     7.633588  -8.379297E-012   2.302721E+000   7.501652E+000   9.438512E+000  -2.302721E+000  -1.936860E+000  -3.658612E-001
   43701      14     6.451613     7.042254  -2.150349E-012   4.772304E+000   2.848305E+000   7.766857E+000  -4.772304E+000  -4.918552E+000   1.462480E-001
   43701      15     5.464481     6.451613   5.845158E-012   8.826362E+000   5.281900E-003   8.833470E+000  -8.826362E+000  -8.828188E+000   1.826502E-003
   43701      16     4.950495     5.464481   6.361613E-013   6.899240E-001   1.627947E+000   2.607782E+000  -6.899240E-001  -9.798356E-001   2.899116E-001
   43701      17     3.333333     4.950495  -1.399714E-013   2.214799E-001   2.044832E+000   2.463594E+000  -2.214799E-001  -4.187620E-001   1.972821E-001
   43801       1    40.000000 10000.000000   6.108554E-010   1.934359E+001   1.522328E+001   2.270159E+001  -1.934359E+001  -7.478309E+000  -1.186528E+001
   43801       2    29.411765    40.000000  -3.307186E-010   2.419045E+001   4.077948E-002   2.419937E+001  -2.419045E+001  -2.415859E+001  -3.186145E-002
   43801       3    25.000000    29.411765   3.176126E-011   1.984472E+001   2.354495E-001   1.990480E+001  -1.984472E+001  -1.966936E+001  -1.753632E-001
   43801       4    20.833333    25.000000   1.059570E-010   2.854173E+001   3.388088E+000   2.954178E+001  -2.854173E+001  -2.615369E+001  -2.388040E+000
   43801       5    19.230769    20.833333  -9.620482E-011   1.202252E+001   9.550173E+000   1.547751E+001  -1.202252E+001  -5.927338E+000  -6.095180E+000
   43801       6    17.543860    19.230769   1.257927E-011   1.038220E+001   1.842916E+001   1.954232E+001  -1.038220E+001  -1.113153E+000  -9.269048E+000
   43801       7    13.333333    17.543860   2.843077E-010   1.507385E+001   6.661915E+001   6.680845E+001  -1.507385E+001  -1.892931E-001  -1.488456E+001
   43801       8    11.627907    13.333333   1.513230E-010   1.594436E+001   2.983229E+001   3.473701E+001  -1.594436E+001  -4.904722E+000  -1.103964E+001
   43801       9     9.009009    11.627907   1.515237E-010   3.006038E+001   4.072508E+001   5.705413E+001  -3.006038E+001  -1.632904E+001  -1.373134E+001
   43801      10     8.695652     9.009009   3.970546E-012   6.465539E+000   4.500180E-002   6.493106E+000  -6.465539E+000  -6.448104E+000  -1.743477E-002
   43801      11     8.333333     8.695652  -1.462963E-011   6.853201E+000   4.734011E-001   7.238160E+000  -6.853201E+000  -6.764759E+000  -8.844220E-002
   43801      12     7.633588     8.333333  -7.920831E-012   4.466766E+000   9.222607E+000   1.288157E+001  -4.466766E+000  -3.658965E+000  -8.078006E-001
   43801      13     7.042254     7.633588  -8.379075E-012   2.300081E+000   7.484771E+000   9.415463E+000  -2.300081E+000  -1.930692E+000  -3.693891E-001
   43801      14     6.451613     7.042254  -2.150322E-012   4.760636E+000   2.842188E+000   7.746215E+000  -4.760636E+000  -4.904027E+000   1.433916E-001
   43801      15     5.464481     6.451613   5.845047E-012   8.799940E+000   5.263339E-003   8.807018E+000  -8.799940E+000  -8.801754E+000   1.814103E-003
   43801      16     4.950495     5.464481   6.361474E-013   6.882845E-001   1.622413E+000   2.598811E+000  -6.882845E-001  -9.763983E-001   2.881139E-001
   43801      17     3.333333     4.950495  -1.399679E-013   2.209313E-001   2.036720E+000   2.453596E+000  -2.209313E-001  -4.168759E-001   1.959445E-001
   43901       1    40.000000 10000.000000   6.108536E-010   1.933641E+001   1.521657E+001   2.268957E+001  -1.933641E+001  -7.473000E+000  -1.186341E+001
   43901       2    29.411765    40.000000  -3.307168E-010   2.417420E+001   4.076880E-002   2.418311E+001  -2.417420E+001  -2.414234E+001  -3.186198E-002
   43901       3    25.000000    29.411765   3.176126E-011   1.982942E+001   2.353613E-001   1.988942E+001  -1.982942E+001  -1.965406E+001  -1.753565E-001
   43901       4    20.833333    25.000000   1.059552E-010   2.851768E+001   3.385205E+000   2.951599E+001  -2.851768E+001  -2.613078E+001  -2.386895E+000
   43901       5    19.230769    20.833333  -9.620349E-011   1.201452E+001   9.538924E+000   1.546263E+001  -1.201452E+001  -5.923705E+000  -6.090814E+000
   43901       6    17.543860    19.230769   1.257927E-011   1.037880E+001   1.840995E+001   1.952210E+001  -1.037880E+001  -1.112154E+000  -9.266642E+000
   43901       7    13.333333    17.543860   2.842988E-010   1.507302E+001   6.653835E+001   6.672753E+001  -1.507302E+001  -1.891825E-001  -1.488384E+001
   43901       8    11.627907    13.333333   1.513212E-010   1.593486E+001   2.978580E+001   3.468660E+001  -1.593486E+001  -4.900803E+000  -1.103406E+001
   43901       9     9.009009    11.627907   1.515224E-010   3.003218E+001   4.064119E+001   5.695445E+001  -3.003218E+001  -1.631326E+001  -1.371892E+001
   43901      10     8.695652     9.009009   3.970491E-012   6.452535E+000   4.485677E-002   6.479994E+000  -6.452535E+000  -6.435137E+000  -1.739742E-002
   43901      11     8.333333     8.695652  -1.462946E-011   6.838919E+000   4.727387E-001   7.222944E+000  -6.838919E+000  -6.750206E+000  -8.871352E-002
   43901      12     7.633588     8.333333  -7.920720E-012   4.460531E+000   9.203614E+000   1.285277E+001  -4.460531E+000  -3.649158E+000  -8.113728E-001
   43901      13     7.042254     7.633588  -8.378936E-012   2.297462E+000   7.468023E+000   9.392566E+000  -2.297462E+000  -1.924543E+000  -3.729194E-001
   43901      14     6.451613     7.042254  -2.150280E-012   4.749054E+000   2.836119E+000   7.725710E+000  -4.749054E+000  -4.889591E+000   1.405372E-001
   43901      15     5.464481     6.451613   5.844922E-012   8.773693E+000   5.244954E-003   8.780739E+000  -8.773693E+000  -8.775494E+000   1.801745E-003
   43901      16     4.950495     5.464481   6.361318E-013   6.866567E-001   1.616930E+000   2.589899E+000  -6.866567E-001  -9.729686E-001   2.863119E-001
   43901      17     3.333333     4.950495  -1.399627E-013   2.203868E-001   2.028671E+000   2.443663E+000  -2.203868E-001  -4.149915E-001   1.946048E-001
   44001       1    40.000000 10000.000000   6.108500E-010   1.932928E+001   1.520991E+001   2.267764E+001  -1.932928E+001  -7.467730E+000  -1.186155E+001
   44001       2    29.411765    40.000000  -3.307186E-010   2.415806E+001   4.075819E-002   2.416696E+001  -2.415806E+001  -2.412620E+001  -3.186250E-002
   44001       3    25.000000    29.411765   3.176037E-011   1.981422E+001   2.352737E-001   1.987414E+001  -1.981422E+001  -1.963887E+001  -1.753498E-001
   44001       4    20.833333    25.000000   1.059544E-010   2.849379E+001   3.382340E+000   2.949037E+001  -2.849379E+001  -2.610803E+001  -2.385758E+000
   44001       5    19.230769    20.833333  -9.620349E-011   1.200657E+001   9.527747E+000   1.544785E+001  -1.200657E+001  -5.920099E+000  -6.086471E+000
   44001       6    17.543860    19.230769   1.257927E-011   1.037541E+001   1.839085E+001   1.950203E+001  -1.037541E+001  -1.111174E+000  -9.264240E+000
   44001       7    13.333333    17.543860   2.843059E-010   1.507219E+001   6.645808E+001   6.664715E+001  -1.507219E+001  -1.890739E-001  -1.488311E+001
   44001       8    11.627907    13.333333   1.513198E-010   1.592543E+001   2.973960E+001   3.463652E+001  -1.592543E+001  -4.896923E+000  -1.102850E+001
   44001       9     9.009009    11.627907   1.515206E-010   3.000415E+001   4.055783E+001   5.685542E+001  -3.000415E+001  -1.629759E+001  -1.370656E+001
   44001      10     8.695652     9.009009   3.970435E-012   6.439616E+000   4.471299E-002   6.466968E+000  -6.439616E+000  -6.422255E+000  -1.736056E-002
   44001      11     8.333333     8.695652  -1.462930E-011   6.824732E+000   4.720813E-001   7.207828E+000  -6.824732E+000  -6.735747E+000  -8.898496E-002
   44001      12     7.633588     8.333333  -7.920720E-012   4.454341E+000   9.184739E+000   1.282416E+001  -4.454341E+000  -3.639423E+000  -8.149174E-001
   44001      13     7.042254     7.633588  -8.378881E-012   2.294862E+000   7.451374E+000   9.369819E+000  -2.294862E+000  -1.918445E+000  -3.764163E-001
   44001      14     6.451613     7.042254  -2.150252E-012   4.737554E+000   2.830097E+000   7.705340E+000  -4.737554E+000  -4.875243E+000   1.376886E-001
   44001      15     5.464481     6.451613   5.844797E-012   8.747618E+000   5.226693E-003   8.754634E+000  -8.747618E+000  -8.749408E+000   1.789531E-003
   44001      16     4.950495     5.464481   6.361162E-013   6.850403E-001   1.611486E+000   2.581046E+000  -6.850403E-001  -9.695596E-001   2.845193E-001
   44001      17     3.333333     4.950495  -1.399592E-013   2.198458E-001   2.020674E+000   2.433795E+000  -2.198458E-001  -4.131214E-001   1.932756E-001
   44101       1    40.000000 10000.000000   6.108483E-010   1.932219E+001   1.520328E+001   2.266578E+001  -1.932219E+001  -7.462499E+000  -1.185969E+001
   44101       2    29.411765    40.000000  -3.307186E-010   2.414203E+001   4.074763E-002   2.415092E+001  -2.414203E+001  -2.411017E+001  -3.186300E-002
   44101       3    25.000000    29.411765   3.176126E-011   1.979912E+001   2.351867E-001   1.985896E+001  -1.979912E+001  -1.962377E+001  -1.753431E-001
   44101       4    20.833333    25.000000   1.059544E-010   2.847005E+001   3.379498E+000   2.946492E+001  -2.847005E+001  -2.608542E+001  -2.384630E+000
   44101       5    19.230769    20.833333  -9.620216E-011   1.199867E+001   9.516658E+000   1.543316E+001  -1.199867E+001  -5.916503E+000  -6.082167E+000
   44101       6    17.543860    19.230769   1.257927E-011   1.037205E+001   1.837189E+001   1.948208E+001  -1.037205E+001  -1.110194E+000  -9.261858E+000
   44101       7    13.333333    17.543860   2.843006E-010   1.507137E+001   6.637834E+001   6.656730E+001  -1.507137E+001  -1.889631E-001  -1.488240E+001
   44101       8    11.627907    13.333333   1.513176E-010   1.591605E+001   2.969376E+001   3.458678E+001  -1.591605E+001  -4.893023E+000  -1.102302E+001
   44101       9     9.009009    11.627907   1.515179E-010   2.997629E+001   4.047517E+001   5.675705E+001  -2.997629E+001  -1.628188E+001  -1.369441E+001
   44101      10     8.695652     9.009009   3.970324E-012   6.426782E+000   4.457055E-002   6.454028E+000  -6.426782E+000  -6.409458E+000  -1.732420E-002
   44101      11     8.333333     8.695652  -1.462902E-011   6.810639E+000   4.714279E-001   7.192812E+000  -6.810639E+000  -6.721385E+000  -8.925459E-002
   44101      12     7.633588     8.333333  -7.920498E-012   4.448194E+000   9.165989E+000   1.279574E+001  -4.448194E+000  -3.629753E+000  -8.184415E-001
   44101      13     7.042254     7.633588  -8.378687E-012   2.292281E+000   7.434842E+000   9.347223E+000  -2.292281E+000  -1.912380E+000  -3.799007E-001
   44101      14     6.451613     7.042254  -2.150197E-012   4.726133E+000   2.824113E+000   7.685104E+000  -4.726133E+000  -4.860991E+000   1.348578E-001
   44101      15     5.464481     6.451613   5.844686E-012   8.721716E+000   5.208582E-003   8.728702E+000  -8.721716E+000  -8.723493E+000   1.777410E-003
   44101      16     4.950495     5.464481   6.361005E-013   6.834344E-001   1.606087E+000   2.572251E+000  -6.834344E-001  -9.661643E-001   2.827299E-001
   44101      17     3.333333     4.950495  -1.399566E-013   2.193086E-001   2.012739E+000   2.423993E+000  -2.193086E-001  -4.112543E-001   1.919457E-001
   44201       1    40.000000 10000.000000   6.108465E-010   1.931515E+001   1.519669E+001   2.265401E+001  -1.931515E+001  -7.457314E+000  -1.185784E+001
   44201       2    29.411765    40.000000  -3.307168E-010   2.412611E+001   4.073716E-002   2.413498E+001  -2.412611E+001  -2.409424E+001  -3.186351E-002
   44201       3    25.000000    29.411765   3.176037E-011   1.978412E+001   2.351004E-001   1.984388E+001  -1.978412E+001  -1.960878E+001  -1.753366E-001
   44201       4    20.833333    25.000000   1.059535E-010   2.844647E+001   3.376689E+000   2.943964E+001  -2.844647E+001  -2.606295E+001  -2.383522E+000
   44201       5    19.230769    20.833333  -9.620216E-011   1.199082E+001   9.505696E+000   1.541857E+001  -1.199082E+001  -5.912877E+000  -6.077939E+000
   44201       6    17.543860    19.230769   1.258016E-011   1.036871E+001   1.835303E+001   1.946227E+001  -1.036871E+001  -1.109245E+000  -9.259470E+000
   44201       7    13.333333    17.543860   2.842988E-010   1.507055E+001   6.629913E+001   6.648798E+001  -1.507055E+001  -1.888493E-001  -1.488170E+001
   44201       8    11.627907    13.333333   1.513172E-010   1.590672E+001   2.964828E+001   3.453736E+001  -1.590672E+001  -4.889079E+000  -1.101764E+001
   44201       9     9.009009    11.627907   1.515170E-010   2.994858E+001   4.039341E+001   5.665933E+001  -2.994858E+001  -1.626592E+001  -1.368266E+001
   44201      10     8.695652     9.009009   3.970269E-012   6.414033E+000   4.442987E-002   6.441174E+000  -6.414033E+000  -6.396745E+000  -1.728876E-002
   44201      11     8.333333     8.695652  -1.462880E-011   6.796640E+000   4.707784E-001   7.177896E+000  -6.796640E+000  -6.707117E+000  -8.952221E-002
   44201      12     7.633588     8.333333  -7.920442E-012   4.442095E+000   9.147339E+000   1.276751E+001  -4.442095E+000  -3.620169E+000  -8.219256E-001
   44201      13     7.042254     7.633588  -8.378548E-012   2.289722E+000   7.418402E+000   9.324776E+000  -2.289722E+000  -1.906374E+000  -3.833482E-001
   44201      14     6.451613     7.042254  -2.150183E-012   4.714792E+000   2.818165E+000   7.665002E+000  -4.714792E+000  -4.846838E+000   1.320457E-001
   44201      15     5.464481     6.451613   5.844575E-012   8.695984E+000   5.190661E-003   8.702940E+000  -8.695984E+000  -8.697750E+000   1.765313E-003
   44201      16     4.950495     5.464481   6.360867E-013   6.818405E-001   1.600731E+000   2.563514E+000  -6.818405E-001  -9.627835E-001   2.809430E-001
   44201      17     3.333333     4.950495  -1.399540E-013   2.187753E-001   2.004867E+000   2.414255E+000  -2.187753E-001  -4.093888E-001   1.906135E-001
   44301       1    40.000000 10000.000000   6.108465E-010   1.930816E+001   1.519014E+001   2.264231E+001  -1.930816E+001  -7.452171E+000  -1.185598E+001
   44301       2    29.411765    40.000000  -3.307132E-010   2.411029E+001   4.072674E-002   2.411915E+001  -2.411029E+001  -2.407842E+001  -3.186397E-002
   44301       3    25.000000    29.411765   3.176126E-011   1.976921E+001   2.350146E-001   1.982890E+001  -1.976921E+001  -1.959388E+001  -1.753299E-001
   44301       4    20.833333    25.000000   1.059535E-010   2.842304E+001   3.373898E+000   2.941452E+001  -2.842304E+001  -2.604063E+001  -2.382419E+000
   44301       5    19.230769    20.833333  -9.620083E-011   1.198301E+001   9.494796E+000   1.540408E+001  -1.198301E+001  -5.909285E+000  -6.073724E+000
   44301       6    17.543860    19.230769   1.257927E-011   1.036540E+001   1.833425E+001   1.944259E+001  -1.036540E+001  -1.108336E+000  -9.257061E+000
   44301       7    13.333333    17.543860   2.842953E-010   1.506974E+001   6.622043E+001   6.640918E+001  -1.506974E+001  -1.887447E-001  -1.488099E+001
   44301       8    11.627907    13.333333   1.513158E-010   1.589745E+001   2.960305E+001   3.448827E+001  -1.589745E+001  -4.885221E+000  -1.101223E+001
   44301       9     9.009009    11.627907   1.515148E-010   2.992103E+001   4.031207E+001   5.656226E+001  -2.992103E+001  -1.625019E+001  -1.367084E+001
   44301      10     8.695652     9.009009   3.970213E-012   6.401369E+000   4.429025E-002   6.428405E+000  -6.401369E+000  -6.384115E+000  -1.725350E-002
   44301      11     8.333333     8.695652  -1.462869E-011   6.782732E+000   4.701324E-001   7.163078E+000  -6.782732E+000  -6.692945E+000  -8.978719E-002
   44301      12     7.633588     8.333333  -7.920331E-012   4.436035E+000   9.128784E+000   1.273946E+001  -4.436035E+000  -3.610678E+000  -8.253568E-001
   44301      13     7.042254     7.633588  -8.378409E-012   2.287180E+000   7.402039E+000   9.302478E+000  -2.287180E+000  -1.900439E+000  -3.867414E-001
   44301      14     6.451613     7.042254  -2.150141E-012   4.703526E+000   2.812247E+000   7.645033E+000  -4.703526E+000  -4.832786E+000   1.292601E-001
   44301      15     5.464481     6.451613   5.844436E-012   8.670423E+000   5.172849E-003   8.677350E+000  -8.670423E+000  -8.672177E+000   1.753377E-003
   44301      16     4.950495     5.464481   6.360711E-013   6.802555E-001   1.595404E+000   2.554836E+000  -6.802555E-001  -9.594316E-001   2.791761E-001
   44301      17     3.333333     4.950495  -1.399488E-013   2.182455E-001   1.997039E+000   2.404582E+000  -2.182455E-001  -4.075436E-001   1.892981E-001
   44401       1    40.000000 10000.000000   6.108429E-010   1.930120E+001   1.518362E+001   2.263068E+001  -1.930120E+001  -7.447068E+000  -1.185414E+001
   44401       2    29.411765    40.000000  -3.307115E-010   2.409457E+001   4.071640E-002   2.410342E+001  -2.409457E+001  -2.406271E+001  -3.186444E-002
   44401       3    25.000000    29.411765   3.175948E-011   1.975441E+001   2.349293E-001   1.981402E+001  -1.975441E+001  -1.957909E+001  -1.753232E-001
   44401       4    20.833333    25.000000   1.059526E-010   2.839977E+001   3.371124E+000   2.938958E+001  -2.839977E+001  -2.601845E+001  -2.381320E+000
   44401       5    19.230769    20.833333  -9.620171E-011   1.197525E+001   9.483969E+000   1.538969E+001  -1.197525E+001  -5.905716E+000  -6.069535E+000
   44401       6    17.543860    19.230769   1.258016E-011   1.036210E+001   1.831560E+001   1.942304E+001  -1.036210E+001  -1.107436E+000  -9.254666E+000
   44401       7    13.333333    17.543860   2.842935E-010   1.506893E+001   6.614226E+001   6.633090E+001  -1.506893E+001  -1.886405E-001  -1.488029E+001
   44401       8    11.627907    13.333333   1.513141E-010   1.588824E+001   2.955813E+001   3.443950E+001  -1.588824E+001  -4.881379E+000  -1.100686E+001
   44401       9     9.009009    11.627907   1.515135E-010   2.989366E+001   4.023131E+001   5.646582E+001  -2.989366E+001  -1.623451E+001  -1.365915E+001
   44401      10     8.695652     9.009009   3.970213E-012   6.388787E+000   4.415183E-002   6.415721E+000  -6.388787E+000  -6.371569E+000  -1.721870E-002
   44401      11     8.333333     8.695652  -1.462847E-011   6.768918E+000   4.694914E-001   7.148357E+000  -6.768918E+000  -6.678866E+000  -9.005243E-002
   44401      12     7.633588     8.333333  -7.920109E-012   4.430019E+000   9.110393E+000   1.271160E+001  -4.430019E+000  -3.601209E+000  -8.288104E-001
   44401      13     7.042254     7.633588  -8.378270E-012   2.284657E+000   7.385823E+000   9.280327E+000  -2.284657E+000  -1.894503E+000  -3.901539E-001
   44401      14     6.451613     7.042254  -2.150086E-012   4.692344E+000   2.806384E+000   7.625196E+000  -4.692344E+000  -4.818813E+000   1.264683E-001
   44401      15     5.464481     6.451613   5.844353E-012   8.645031E+000   5.155232E-003   8.651928E+000  -8.645031E+000  -8.646773E+000   1.741426E-003
   44401      16     4.950495     5.464481   6.360606E-013   6.786822E-001   1.590128E+000   2.546214E+000  -6.786822E-001  -9.560863E-001   2.774042E-001
   44401      17     3.333333     4.950495  -1.399445E-013   2.177193E-001   1.989274E+000   2.394973E+000  -2.177193E-001  -4.056987E-001   1.879794E-001
   44501       1    40.000000 10000.000000   6.108429E-010   1.929430E+001   1.517713E+001   2.261914E+001  -1.929430E+001  -7.442006E+000  -1.185229E+001
   44501       2    29.411765    40.000000  -3.307097E-010   2.407896E+001   4.070610E-002   2.408780E+001  -2.407896E+001  -2.404710E+001  -3.186488E-002
   44501       3    25.000000    29.411765   3.175860E-011   1.973971E+001   2.348444E-001   1.979923E+001  -1.973971E+001  -1.956439E+001  -1.753163E-001
   44501       4    20.833333    25.000000   1.059535E-010   2.837665E+001   3.368367E+000   2.936479E+001  -2.837665E+001  -2.599642E+001  -2.380227E+000
   44501       5    19.230769    20.833333  -9.620038E-011   1.196754E+001   9.473209E+000   1.537538E+001  -1.196754E+001  -5.902176E+000  -6.065366E+000
   44501       6    17.543860    19.230769   1.257838E-011   1.035883E+001   1.829706E+001   1.940361E+001  -1.035883E+001  -1.106550E+000  -9.252278E+000
   44501       7    13.333333    17.543860   2.842917E-010   1.506813E+001   6.606461E+001   6.625314E+001  -1.506813E+001  -1.885363E-001  -1.487959E+001
   44501       8    11.627907    13.333333   1.513127E-010   1.587910E+001   2.951349E+001   3.439106E+001  -1.587910E+001  -4.877570E+000  -1.100153E+001
   44501       9     9.009009    11.627907   1.515117E-010   2.986647E+001   4.015108E+001   5.637003E+001  -2.986647E+001  -1.621895E+001  -1.364752E+001
   44501      10     8.695652     9.009009   3.970158E-012   6.376289E+000   4.401449E-002   6.403120E+000  -6.376289E+000  -6.359105E+000  -1.718418E-002
   44501      11     8.333333     8.695652  -1.462819E-011   6.755197E+000   4.688555E-001   7.133735E+000  -6.755197E+000  -6.664879E+000  -9.031803E-002
   44501      12     7.633588     8.333333  -7.920054E-012   4.424055E+000   9.092126E+000   1.268393E+001  -4.424055E+000  -3.591799E+000  -8.322556E-001
   44501      13     7.042254     7.633588  -8.378187E-012   2.282156E+000   7.369709E+000   9.258322E+000  -2.282156E+000  -1.888613E+000  -3.935435E-001
   44501      14     6.451613     7.042254  -2.150044E-012   4.681250E+000   2.800567E+000   7.605491E+000  -4.681250E+000  -4.804924E+000   1.236740E-001
   44501      15     5.464481     6.451613   5.844200E-012   8.619807E+000   5.137820E-003   8.626674E+000  -8.619807E+000  -8.621536E+000   1.729438E-003
   44501      16     4.950495     5.464481   6.360433E-013   6.771233E-001   1.584891E+000   2.537650E+000  -6.771233E-001  -9.527589E-001   2.756356E-001
   44501      17     3.333333     4.950495  -1.399410E-013   2.171972E-001   1.981563E+000   2.385427E+000  -2.171972E-001  -4.038640E-001   1.866668E-001
   44601       1    40.000000 10000.000000   6.108412E-010   1.928743E+001   1.517068E+001   2.260767E+001  -1.928743E+001  -7.436985E+000  -1.185045E+001
   44601       2    29.411765    40.000000  -3.307115E-010   2.406345E+001   4.069585E-002   2.407228E+001  -2.406345E+001  -2.403159E+001  -3.186528E-002
   44601       3    25.000000    29.411765   3.175948E-011   1.972510E+001   2.347600E-001   1.978455E+001  -1.972510E+001  -1.954979E+001  -1.753093E-001
   44601       4    20.833333    25.000000   1.059517E-010   2.835368E+001   3.365627E+000   2.934017E+001  -2.835368E+001  -2.597455E+001  -2.379137E+000
   44601       5    19.230769    20.833333  -9.619949E-011   1.195988E+001   9.462514E+000   1.536118E+001  -1.195988E+001  -5.898664E+000  -6.061213E+000
   44601       6    17.543860    19.230769   1.257927E-011   1.035558E+001   1.827864E+001   1.938432E+001  -1.035558E+001  -1.105681E+000  -9.249895E+000
   44601       7    13.333333    17.543860   2.842899E-010   1.506733E+001   6.598746E+001   6.617590E+001  -1.506733E+001  -1.884344E-001  -1.487890E+001
   44601       8    11.627907    13.333333   1.513119E-010   1.587000E+001   2.946913E+001   3.434294E+001  -1.587000E+001  -4.873804E+000  -1.099620E+001
   44601       9     9.009009    11.627907   1.515095E-010   2.983944E+001   4.007134E+001   5.627487E+001  -2.983944E+001  -1.620353E+001  -1.363591E+001
   44601      10     8.695652     9.009009   3.970047E-012   6.363874E+000   4.387816E-002   6.390602E+000  -6.363874E+000  -6.346724E+000  -1.714977E-002
   44601      11     8.333333     8.695652  -1.462813E-011   6.741564E+000   4.682348E-001   7.119209E+000  -6.741564E+000  -6.650974E+000  -9.058997E-002
   44601      12     7.633588     8.333333  -7.919887E-012   4.418129E+000   9.073941E+000   1.265643E+001  -4.418129E+000  -3.582490E+000  -8.356390E-001
   44601      13     7.042254     7.633588  -8.378048E-012   2.279672E+000   7.353680E+000   9.236463E+000  -2.279672E+000  -1.882783E+000  -3.968897E-001
   44601      14     6.451613     7.042254  -2.150016E-012   4.670226E+000   2.794794E+000   7.585915E+000  -4.670226E+000  -4.791122E+000   1.208957E-001
   44601      15     5.464481     6.451613   5.844103E-012   8.594750E+000   5.120535E-003   8.601588E+000  -8.594750E+000  -8.596467E+000   1.717563E-003
   44601      16     4.950495     5.464481   6.360312E-013   6.755732E-001   1.579686E+000   2.529142E+000  -6.755732E-001  -9.494556E-001   2.738824E-001
   44601      17     3.333333     4.950495  -1.399393E-013   2.166784E-001   1.973901E+000   2.375945E+000  -2.166784E-001  -4.020439E-001   1.853654E-001
   44701       1    40.000000 10000.000000   6.108394E-010   1.928061E+001   1.516427E+001   2.259628E+001  -1.928061E+001  -7.432003E+000  -1.184861E+001
   44701       2    29.411765    40.000000  -3.307061E-010   2.404805E+001   4.068571E-002   2.405687E+001  -2.404805E+001  -2.401618E+001  -3.186571E-002
   44701       3    25.000000    29.411765   3.176037E-011   1.971059E+001   2.346764E-001   1.976996E+001  -1.971059E+001  -1.953528E+001  -1.753024E-001
   44701       4    20.833333    25.000000   1.059508E-010   2.833086E+001   3.362919E+000   2.931572E+001  -2.833086E+001  -2.595280E+001  -2.378063E+000
   44701       5    19.230769    20.833333  -9.619905E-011   1.195224E+001   9.451926E+000   1.534707E+001  -1.195224E+001  -5.895140E+000  -6.057101E+000
   44701       6    17.543860    19.230769   1.257927E-011   1.035234E+001   1.826033E+001   1.936515E+001  -1.035234E+001  -1.104818E+000  -9.247523E+000
   44701       7    13.333333    17.543860   2.842864E-010   1.506654E+001   6.591083E+001   6.609916E+001  -1.506654E+001  -1.883317E-001  -1.487821E+001
   44701       8    11.627907    13.333333   1.513096E-010   1.586094E+001   2.942512E+001   3.429513E+001  -1.586094E+001  -4.870017E+000  -1.099092E+001
   44701       9     9.009009    11.627907   1.515086E-010   2.981244E+001   3.999230E+001   5.618034E+001  -2.981244E+001  -1.618804E+001  -1.362440E+001
   44701      10     8.695652     9.009009   3.970047E-012   6.351540E+000   4.374322E-002   6.378167E+000  -6.351540E+000  -6.334424E+000  -1.711561E-002
   44701      11     8.333333     8.695652  -1.462780E-011   6.728021E+000   4.676246E-001   7.104779E+000  -6.728021E+000  -6.637154E+000  -9.086663E-002
   44701      12     7.633588     8.333333  -7.919776E-012   4.412245E+000   9.055914E+000   1.262912E+001  -4.412245E+000  -3.573206E+000  -8.390389E-001
   44701      13     7.042254     7.633588  -8.377909E-012   2.277205E+000   7.337783E+000   9.214748E+000  -2.277205E+000  -1.876965E+000  -4.002399E-001
   44701      14     6.451613     7.042254  -2.150002E-012   4.659294E+000   2.789078E+000   7.566469E+000  -4.659294E+000  -4.777391E+000   1.180971E-001
   44701      15     5.464481     6.451613   5.844006E-012   8.569858E+000   5.103533E-003   8.576667E+000  -8.569858E+000  -8.571563E+000   1.705530E-003
   44701      16     4.950495     5.464481   6.360155E-013   6.740354E-001   1.574537E+000   2.520690E+000  -6.740354E-001  -9.461536E-001   2.721182E-001
   44701      17     3.333333     4.950495  -1.399341E-013   2.161632E-001   1.966297E+000   2.366525E+000  -2.161632E-001  -4.002281E-001   1.840649E-001
   44801       1    40.000000 10000.000000   6.108376E-010   1.927384E+001   1.515790E+001   2.258496E+001  -1.927384E+001  -7.427059E+000  -1.184678E+001
   44801       2    29.411765    40.000000  -3.307061E-010   2.403274E+001   4.067565E-002   2.404155E+001  -2.403274E+001  -2.400088E+001  -3.186612E-002
   44801       3    25.000000    29.411765   3.175948E-011   1.969617E+001   2.345934E-001   1.975547E+001  -1.969617E+001  -1.952088E+001  -1.752955E-001
   44801       4    20.833333    25.000000   1.059508E-010   2.830818E+001   3.360237E+000   2.929142E+001  -2.830818E+001  -2.593118E+001  -2.376999E+000
   44801       5    19.230769    20.833333  -9.619816E-011   1.194464E+001   9.441429E+000   1.533305E+001  -1.194464E+001  -5.891618E+000  -6.053019E+000
   44801       6    17.543860    19.230769   1.257927E-011   1.034913E+001   1.824214E+001   1.934611E+001  -1.034913E+001  -1.103976E+000  -9.245150E+000
   44801       7    13.333333    17.543860   2.842846E-010   1.506576E+001   6.583471E+001   6.602294E+001  -1.506576E+001  -1.882305E-001  -1.487753E+001
   44801       8    11.627907    13.333333   1.513083E-010   1.585191E+001   2.938140E+001   3.424764E+001  -1.585191E+001  -4.866242E+000  -1.098566E+001
   44801       9     9.009009    11.627907   1.515068E-010   2.978551E+001   3.991385E+001   5.608643E+001  -2.978551E+001  -1.617258E+001  -1.361293E+001
   44801      10     8.695652     9.009009   3.970047E-012   6.339287E+000   4.360944E-002   6.365815E+000  -6.339287E+000  -6.322206E+000  -1.708150E-002
   44801      11     8.333333     8.695652  -1.462763E-011   6.714570E+000   4.670165E-001   7.090444E+000  -6.714570E+000  -6.623428E+000  -9.114248E-002
   44801      12     7.633588     8.333333  -7.919665E-012   4.406396E+000   9.038016E+000   1.260199E+001  -4.406396E+000  -3.563972E+000  -8.424237E-001
   44801      13     7.042254     7.633588  -8.377798E-012   2.274754E+000   7.322001E+000   9.193178E+000  -2.274754E+000  -1.871177E+000  -4.035770E-001
   44801      14     6.451613     7.042254  -2.149961E-012   4.648439E+000   2.783398E+000   7.547152E+000  -4.648439E+000  -4.763754E+000   1.153149E-001
   44801      15     5.464481     6.451613   5.843895E-012   8.545131E+000   5.086674E-003   8.551911E+000  -8.545131E+000  -8.546825E+000   1.693600E-003
   44801      16     4.950495     5.464481   6.360034E-013   6.725062E-001   1.569429E+000   2.512295E+000  -6.725062E-001  -9.428657E-001   2.703595E-001
   44801      17     3.333333     4.950495  -1.399315E-013   2.156512E-001   1.958751E+000   2.357168E+000  -2.156512E-001  -3.984172E-001   1.827660E-001
   44901       1    40.000000 10000.000000   6.108341E-010   1.926710E+001   1.515156E+001   2.257372E+001  -1.926710E+001  -7.422154E+000  -1.184495E+001
   44901       2    29.411765    40.000000  -3.307079E-010   2.401754E+001   4.066564E-002   2.402634E+001  -2.401754E+001  -2.398567E+001  -3.186652E-002
   44901       3    25.000000    29.411765   3.175771E-011   1.968185E+001   2.345109E-001   1.974107E+001  -1.968185E+001  -1.950656E+001  -1.752886E-001
   44901       4    20.833333    25.000000   1.059508E-010   2.828565E+001   3.357572E+000   2.926729E+001  -2.828565E+001  -2.590971E+001  -2.375939E+000
   44901       5    19.230769    20.833333  -9.619860E-011   1.193708E+001   9.430999E+000   1.531912E+001  -1.193708E+001  -5.888122E+000  -6.048957E+000
   44901       6    17.543860    19.230769   1.257838E-011   1.034593E+001   1.822406E+001   1.932720E+001  -1.034593E+001  -1.103138E+000  -9.242790E+000
   44901       7    13.333333    17.543860   2.842828E-010   1.506497E+001   6.575909E+001   6.594722E+001  -1.506497E+001  -1.881298E-001  -1.487685E+001
   44901       8    11.627907    13.333333   1.513074E-010   1.584293E+001   2.933799E+001   3.420047E+001  -1.584293E+001  -4.862484E+000  -1.098044E+001
   44901       9     9.009009    11.627907   1.515046E-010   2.975873E+001   3.983597E+001   5.599315E+001  -2.975873E+001  -1.615718E+001  -1.360155E+001
   44901      10     8.695652     9.009009   3.969880E-012   6.327116E+000   4.347672E-002   6.353545E+000  -6.327116E+000  -6.310068E+000  -1.704764E-002
   44901      11     8.333333     8.695652  -1.462741E-011   6.701215E+000   4.664083E-001   7.076205E+000  -6.701215E+000  -6.609796E+000  -9.141886E-002
   44901      12     7.633588     8.333333  -7.919609E-012   4.400582E+000   9.020250E+000   1.257504E+001  -4.400582E+000  -3.554788E+000  -8.457938E-001
   44901      13     7.042254     7.633588  -8.377632E-012   2.272315E+000   7.306346E+000   9.171750E+000  -2.272315E+000  -1.865404E+000  -4.069111E-001
   44901      14     6.451613     7.042254  -2.149919E-012   4.637652E+000   2.777759E+000   7.527963E+000  -4.637652E+000  -4.750204E+000   1.125517E-001
   44901      15     5.464481     6.451613   5.843756E-012   8.520568E+000   5.069950E-003   8.527320E+000  -8.520568E+000  -8.522250E+000   1.681761E-003
   44901      16     4.950495     5.464481   6.359895E-013   6.709862E-001   1.564367E+000   2.503955E+000  -6.709862E-001  -9.395880E-001   2.686018E-001
   44901      17     3.333333     4.950495  -1.399280E-013   2.151426E-001   1.951263E+000   2.347872E+000  -2.151426E-001  -3.966092E-001   1.814666E-001
