# SOCRATES band-resolved flux diagnostic (appended time series)
# source (sw/lw) = sw
# n_profile      = 1
# n_layer        = 60
# n_band         = 42
# Profile 1 only. Level 0 = TOA, level n_layer = surface.
# call_index increments once per logged call to this routine for this source (sw/lw), throttled by SOCRATES_BAND_FLUX_STRIDE (currently every 100 call(s)).
# column_absorption = net_down(TOA) - net_down(surface), i.e. net energy this band deposits in the column.
#call_index  band  wl_short_um  wl_long_um  down_toa  up_toa  down_surf  up_surf  net_toa  net_surf  column_absorption
   45001       1     0.200000     0.300000   5.582456E-006   3.540013E-006   2.917776E-006   8.753329E-007   2.042443E-006   2.042443E-006  -9.500338E-015
   45001       2     0.300000     0.345000   2.557270E-003   1.374824E-003   1.689209E-003   5.067628E-004   1.182447E-003   1.182447E-003  -8.478979E-013
   45001       3     0.345000     0.385000   2.512764E-003   1.152240E-003   1.943607E-003   5.830820E-004   1.360525E-003   1.360525E-003  -2.150463E-012
   45001       4     0.385000     0.420000   1.293223E-002   5.311610E-003   1.088660E-002   3.265979E-003   7.620618E-003   7.620618E-003  -6.818397E-012
   45001       5     0.420000     0.450000   2.349464E-002   8.965829E-003   2.075544E-002   6.226633E-003   1.452881E-002   1.452881E-002  -5.216388E-012
   45001       6     0.450000     0.500000   1.310848E-001   4.710132E-002   1.199763E-001   3.599290E-002   8.398344E-002   8.398344E-002   3.461811E-011
   45001       7     0.500000     0.550000   1.748537E-001   5.938044E-002   1.649618E-001   4.948854E-002   1.154733E-001   1.154733E-001  -1.757450E-011
   45001       8     0.550000     0.610000   2.295775E-001   7.513500E-002   2.206278E-001   6.618833E-002   1.544425E-001   1.544394E-001   3.089472E-006
   45001       9     0.610000     0.690000   5.693172E-001   1.805389E-001   5.553271E-001   1.665981E-001   3.887783E-001   3.887290E-001   4.926168E-005
   45001      10     0.690000     0.780000   2.472789E+000   7.670074E-001   2.436459E+000   7.309377E-001   1.705782E+000   1.705521E+000   2.604546E-004
   45001      11     0.780000     0.800000   1.063069E+000   3.219882E-001   1.044880E+000   3.134641E-001   7.410812E-001   7.314161E-001   9.665088E-003
   45001      12     0.800000     0.870000   5.878988E+000   1.794993E+000   5.815308E+000   1.744592E+000   4.083996E+000   4.070715E+000   1.328055E-002
   45001      13     0.870000     0.880000   8.736691E-001   2.559247E-001   8.533866E-001   2.560160E-001   6.177443E-001   5.973706E-001   2.037374E-002
   45001      14     0.880000     1.030000   2.249240E+001   6.813938E+000   2.235644E+001   6.706933E+000   1.567847E+001   1.564951E+001   2.895576E-002
   45001      15     1.030000     1.080000   9.248799E+000   2.364945E+000   8.568317E+000   2.570495E+000   6.883853E+000   5.997822E+000   8.860312E-001
   45001      16     1.080000     1.140000   1.173685E+001   3.451147E+000   1.159079E+001   3.477236E+000   8.285703E+000   8.113550E+000   1.721529E-001
   45001      17     1.140000     1.200000   1.143670E+001   3.433389E+000   1.139221E+001   3.417662E+000   8.003308E+000   7.974545E+000   2.876284E-002
   45001      18     1.200000     1.240000   8.097833E+000   6.819388E-001   4.135444E+000   1.240633E+000   7.415894E+000   2.894811E+000   4.521083E+000
   45001      19     1.240000     1.280000   7.733813E+000   2.181487E+000   7.542042E+000   2.262613E+000   5.552326E+000   5.279430E+000   2.728968E-001
   45001      20     1.280000     1.340000   1.109154E+001   2.085071E+000   8.893151E+000   2.667945E+000   9.006472E+000   6.225205E+000   2.781266E+000
   45001      21     1.340000     1.420000   1.012492E+001   2.712190E+000   9.627496E+000   2.888249E+000   7.412731E+000   6.739247E+000   6.734839E-001
   45001      22     1.420000     1.460000   4.444646E+000   2.574434E-001   1.409859E+000   4.229577E-001   4.187202E+000   9.869013E-001   3.200301E+000
   45001      23     1.460000     1.490000   3.316959E+000   8.890135E-001   3.179176E+000   9.537527E-001   2.427945E+000   2.225423E+000   2.025224E-001
   45001      24     1.490000     1.520000   3.416012E+000   6.948874E-001   2.864349E+000   8.593048E-001   2.721124E+000   2.005045E+000   7.160796E-001
   45001      25     1.520000     1.680000   2.089115E+001   1.259065E+000   8.207855E+000   2.462357E+000   1.963208E+001   5.745499E+000   1.388658E+001
   45001      26     1.680000     1.740000   7.400301E+000   2.172610E+000   7.340045E+000   2.202013E+000   5.227691E+000   5.138031E+000   8.965974E-002
   45001      27     1.740000     1.820000   6.859941E+000   1.784933E+000   6.471653E+000   1.941496E+000   5.075009E+000   4.530157E+000   5.448517E-001
   45001      28     1.820000     1.940000   7.844991E+000   1.144126E+000   5.273989E+000   1.582197E+000   6.700865E+000   3.691793E+000   3.009072E+000
   45001      29     1.940000     2.200000   1.524385E+001   8.848267E-001   4.380043E+000   1.314013E+000   1.435902E+001   3.066030E+000   1.129299E+001
   45001      30     2.200000     2.300000   5.897529E+000   1.676642E+000   5.783310E+000   1.734993E+000   4.220887E+000   4.048317E+000   1.725694E-001
   45001      31     2.300000     2.450000   6.412228E+000   1.922448E+000   6.409333E+000   1.922800E+000   4.489781E+000   4.486533E+000   3.247354E-003
   45001      32     2.450000     2.550000   2.808749E+000   5.335957E-001   2.284068E+000   6.852204E-001   2.275154E+000   1.598848E+000   6.763060E-001
   45001      33     2.550000     2.650000   2.466453E+000   1.966954E-001   1.043500E+000   3.130499E-001   2.269758E+000   7.304497E-001   1.539308E+000
   45001      34     2.650000     2.900000   5.107089E+000   2.612223E-003   7.791283E-002   2.337385E-002   5.104477E+000   5.453898E-002   5.049938E+000
   45001      35     2.900000     3.200000   4.829501E+000   3.698202E-001   2.443820E+000   7.331460E-001   4.459681E+000   1.710674E+000   2.749007E+000
   45001      36     3.200000     3.500000   4.479548E+000   8.924521E-001   3.879430E+000   1.163829E+000   3.587096E+000   2.715601E+000   8.714950E-001
   45001      37     3.500000     3.900000   5.317470E+000   1.315238E+000   4.974692E+000   1.492408E+000   4.002233E+000   3.482284E+000   5.199484E-001
   45001      38     3.900000     5.500000   8.889375E+000   4.079983E-001   2.029016E+000   6.087049E-001   8.481377E+000   1.420311E+000   7.061066E+000
   45001      39     5.500000     6.500000   2.171822E+000   6.272534E-001   2.144038E+000   6.432113E-001   1.544568E+000   1.500826E+000   4.374178E-002
   45001      40     6.500000     7.000000   6.459457E-001   5.467106E-002   3.974512E-001   1.192354E-001   5.912747E-001   2.782158E-001   3.130588E-001
   45001      41     7.000000     9.000000   1.525571E+000   7.763498E-002   5.257147E-001   1.577144E-001   1.447936E+000   3.680003E-001   1.079936E+000
   45001      42     9.000000    20.000000   1.633159E+000   9.318443E-003   1.324298E-001   3.972894E-002   1.623840E+000   9.270086E-002   1.531140E+000
   45101       1     0.200000     0.300000   5.582456E-006   3.540013E-006   2.917776E-006   8.753329E-007   2.042443E-006   2.042443E-006  -9.500338E-015
   45101       2     0.300000     0.345000   2.557270E-003   1.374824E-003   1.689209E-003   5.067628E-004   1.182447E-003   1.182447E-003  -8.478979E-013
   45101       3     0.345000     0.385000   2.512764E-003   1.152240E-003   1.943607E-003   5.830820E-004   1.360525E-003   1.360525E-003  -8.328585E-013
   45101       4     0.385000     0.420000   1.293223E-002   5.311610E-003   1.088660E-002   3.265979E-003   7.620618E-003   7.620618E-003   6.951063E-013
   45101       5     0.420000     0.450000   2.349464E-002   8.965829E-003   2.075544E-002   6.226633E-003   1.452881E-002   1.452881E-002   9.519132E-012
   45101       6     0.450000     0.500000   1.310848E-001   4.710132E-002   1.199763E-001   3.599290E-002   8.398344E-002   8.398344E-002   3.405461E-011
   45101       7     0.500000     0.550000   1.748537E-001   5.938044E-002   1.649618E-001   4.948854E-002   1.154733E-001   1.154733E-001  -1.666624E-011
   45101       8     0.550000     0.610000   2.295775E-001   7.513499E-002   2.206277E-001   6.618832E-002   1.544425E-001   1.544394E-001   3.113172E-006
   45101       9     0.610000     0.690000   5.693172E-001   1.805389E-001   5.553271E-001   1.665981E-001   3.887782E-001   3.887290E-001   4.925202E-005
   45101      10     0.690000     0.780000   2.472789E+000   7.670082E-001   2.436460E+000   7.309379E-001   1.705781E+000   1.705522E+000   2.591480E-004
   45101      11     0.780000     0.800000   1.063069E+000   3.219973E-001   1.044886E+000   3.134659E-001   7.410721E-001   7.314205E-001   9.651657E-003
   45101      12     0.800000     0.870000   5.878988E+000   1.794970E+000   5.815272E+000   1.744582E+000   4.084018E+000   4.070690E+000   1.332809E-002
   45101      13     0.870000     0.880000   8.736691E-001   2.560163E-001   8.534913E-001   2.560474E-001   6.176528E-001   5.974439E-001   2.020892E-002
   45101      14     0.880000     1.030000   2.249240E+001   6.813998E+000   2.235651E+001   6.706953E+000   1.567841E+001   1.564956E+001   2.884917E-002
   45101      15     1.030000     1.080000   9.248799E+000   2.366603E+000   8.570640E+000   2.571192E+000   6.882196E+000   5.999448E+000   8.827477E-001
   45101      16     1.080000     1.140000   1.173685E+001   3.451434E+000   1.159104E+001   3.477313E+000   8.285416E+000   8.113730E+000   1.716862E-001
   45101      17     1.140000     1.200000   1.143670E+001   3.433600E+000   1.139244E+001   3.417733E+000   8.003096E+000   7.974711E+000   2.838534E-002
   45101      18     1.200000     1.240000   8.097833E+000   6.899365E-001   4.155791E+000   1.246737E+000   7.407896E+000   2.909053E+000   4.498843E+000
   45101      19     1.240000     1.280000   7.733813E+000   2.184344E+000   7.545443E+000   2.263633E+000   5.549469E+000   5.281810E+000   2.676587E-001
   45101      20     1.280000     1.340000   1.109154E+001   2.089876E+000   8.900997E+000   2.670299E+000   9.001666E+000   6.230698E+000   2.770969E+000
   45101      21     1.340000     1.420000   1.012492E+001   2.715609E+000   9.632601E+000   2.889780E+000   7.409312E+000   6.742821E+000   6.664916E-001
   45101      22     1.420000     1.460000   4.444646E+000   2.600765E-001   1.423432E+000   4.270297E-001   4.184569E+000   9.964027E-001   3.188167E+000
   45101      23     1.460000     1.490000   3.316959E+000   8.973236E-001   3.191101E+000   9.573303E-001   2.419635E+000   2.233771E+000   1.858645E-001
   45101      24     1.490000     1.520000   3.416012E+000   6.985250E-001   2.870120E+000   8.610359E-001   2.717487E+000   2.009084E+000   7.084026E-001
   45101      25     1.520000     1.680000   2.089115E+001   1.283467E+000   8.283956E+000   2.485187E+000   1.960768E+001   5.798770E+000   1.380891E+001
   45101      26     1.680000     1.740000   7.400301E+000   2.175880E+000   7.343800E+000   2.203140E+000   5.224421E+000   5.140660E+000   8.376141E-002
   45101      27     1.740000     1.820000   6.859941E+000   1.794800E+000   6.490222E+000   1.947067E+000   5.065141E+000   4.543156E+000   5.219857E-001
   45101      28     1.820000     1.940000   7.844991E+000   1.155474E+000   5.306663E+000   1.591999E+000   6.689517E+000   3.714664E+000   2.974852E+000
   45101      29     1.940000     2.200000   1.524385E+001   8.971884E-001   4.421983E+000   1.326595E+000   1.434666E+001   3.095388E+000   1.125127E+001
   45101      30     2.200000     2.300000   5.897529E+000   1.679121E+000   5.786518E+000   1.735956E+000   4.218408E+000   4.050563E+000   1.678447E-001
   45101      31     2.300000     2.450000   6.412228E+000   1.922586E+000   6.409487E+000   1.922846E+000   4.489642E+000   4.486641E+000   3.001753E-003
   45101      32     2.450000     2.550000   2.808749E+000   5.400072E-001   2.297965E+000   6.893894E-001   2.268742E+000   1.608575E+000   6.601667E-001
   45101      33     2.550000     2.650000   2.466453E+000   2.014698E-001   1.058684E+000   3.176051E-001   2.264984E+000   7.410786E-001   1.523905E+000
   45101      34     2.650000     2.900000   5.107089E+000   2.919364E-003   8.249372E-002   2.474812E-002   5.104170E+000   5.774561E-002   5.046424E+000
   45101      35     2.900000     3.200000   4.829501E+000   3.784977E-001   2.470967E+000   7.412902E-001   4.451003E+000   1.729677E+000   2.721326E+000
   45101      36     3.200000     3.500000   4.479548E+000   8.915461E-001   3.878420E+000   1.163526E+000   3.588002E+000   2.714894E+000   8.731076E-001
   45101      37     3.500000     3.900000   5.317470E+000   1.310025E+000   4.967467E+000   1.490240E+000   4.007446E+000   3.477227E+000   5.302188E-001
   45101      38     3.900000     5.500000   8.889375E+000   4.104426E-001   2.047567E+000   6.142701E-001   8.478933E+000   1.433297E+000   7.045636E+000
   45101      39     5.500000     6.500000   2.171822E+000   6.280095E-001   2.144947E+000   6.434842E-001   1.543812E+000   1.501463E+000   4.234886E-002
   45101      40     6.500000     7.000000   6.459457E-001   5.407371E-002   3.953675E-001   1.186102E-001   5.918720E-001   2.767572E-001   3.151148E-001
   45101      41     7.000000     9.000000   1.525571E+000   7.815823E-002   5.219881E-001   1.565964E-001   1.447413E+000   3.653917E-001   1.082021E+000
   45101      42     9.000000    20.000000   1.633159E+000   1.021110E-002   1.397579E-001   4.192737E-002   1.622948E+000   9.783053E-002   1.525117E+000
   45201       1     0.200000     0.300000   5.582456E-006   3.540013E-006   2.917776E-006   8.753329E-007   2.042443E-006   2.042443E-006  -9.500338E-015
   45201       2     0.300000     0.345000   2.557270E-003   1.374824E-003   1.689209E-003   5.067628E-004   1.182447E-003   1.182447E-003  -8.478979E-013
   45201       3     0.345000     0.385000   2.512764E-003   1.152240E-003   1.943607E-003   5.830820E-004   1.360525E-003   1.360525E-003   8.533467E-013
   45201       4     0.385000     0.420000   1.293223E-002   5.311610E-003   1.088660E-002   3.265979E-003   7.620618E-003   7.620618E-003  -5.181994E-012
   45201       5     0.420000     0.450000   2.349464E-002   8.965829E-003   2.075544E-002   6.226633E-003   1.452881E-002   1.452881E-002  -7.202024E-012
   45201       6     0.450000     0.500000   1.310848E-001   4.710132E-002   1.199763E-001   3.599290E-002   8.398344E-002   8.398344E-002  -1.309540E-011
   45201       7     0.500000     0.550000   1.748537E-001   5.938044E-002   1.649618E-001   4.948854E-002   1.154733E-001   1.154733E-001  -1.990370E-011
   45201       8     0.550000     0.610000   2.295775E-001   7.513498E-002   2.206277E-001   6.618832E-002   1.544425E-001   1.544394E-001   3.132949E-006
   45201       9     0.610000     0.690000   5.693172E-001   1.805389E-001   5.553271E-001   1.665981E-001   3.887783E-001   3.887290E-001   4.927686E-005
   45201      10     0.690000     0.780000   2.472789E+000   7.670087E-001   2.436460E+000   7.309381E-001   1.705780E+000   1.705522E+000   2.582402E-004
   45201      11     0.780000     0.800000   1.063069E+000   3.220024E-001   1.044890E+000   3.134669E-001   7.410670E-001   7.314228E-001   9.644266E-003
   45201      12     0.800000     0.870000   5.878988E+000   1.794946E+000   5.815236E+000   1.744571E+000   4.084042E+000   4.070665E+000   1.337642E-002
   45201      13     0.870000     0.880000   8.736691E-001   2.560897E-001   8.535741E-001   2.560722E-001   6.175794E-001   5.975019E-001   2.007752E-002
   45201      14     0.880000     1.030000   2.249240E+001   6.814029E+000   2.235654E+001   6.706963E+000   1.567838E+001   1.564958E+001   2.879508E-002
   45201      15     1.030000     1.080000   9.248799E+000   2.368091E+000   8.572514E+000   2.571754E+000   6.880708E+000   6.000760E+000   8.799485E-001
   45201      16     1.080000     1.140000   1.173685E+001   3.451627E+000   1.159122E+001   3.477366E+000   8.285223E+000   8.113854E+000   1.713685E-001
   45201      17     1.140000     1.200000   1.143670E+001   3.433753E+000   1.139262E+001   3.417785E+000   8.002944E+000   7.974831E+000   2.811266E-002
   45201      18     1.200000     1.240000   8.097833E+000   6.980471E-001   4.176136E+000   1.252841E+000   7.399786E+000   2.923295E+000   4.476491E+000
   45201      19     1.240000     1.280000   7.733813E+000   2.186696E+000   7.548223E+000   2.264467E+000   5.547117E+000   5.283756E+000   2.633607E-001
   45201      20     1.280000     1.340000   1.109154E+001   2.094541E+000   8.908333E+000   2.672500E+000   8.997002E+000   6.235833E+000   2.761169E+000
   45201      21     1.340000     1.420000   1.012492E+001   2.718812E+000   9.637172E+000   2.891152E+000   7.406109E+000   6.746020E+000   6.600892E-001
   45201      22     1.420000     1.460000   4.444646E+000   2.629134E-001   1.437676E+000   4.313029E-001   4.181732E+000   1.006373E+000   3.175359E+000
   45201      23     1.460000     1.490000   3.316959E+000   9.049242E-001   3.201585E+000   9.604756E-001   2.412035E+000   2.241110E+000   1.709250E-001
   45201      24     1.490000     1.520000   3.416012E+000   7.019829E-001   2.875385E+000   8.626155E-001   2.714029E+000   2.012770E+000   7.012592E-001
   45201      25     1.520000     1.680000   2.089115E+001   1.308428E+000   8.360541E+000   2.508162E+000   1.958272E+001   5.852379E+000   1.373034E+001
   45201      26     1.680000     1.740000   7.400301E+000   2.178823E+000   7.347171E+000   2.204151E+000   5.221478E+000   5.143020E+000   7.845835E-002
   45201      27     1.740000     1.820000   6.859941E+000   1.805010E+000   6.508424E+000   1.952527E+000   5.054932E+000   4.555896E+000   4.990351E-001
   45201      28     1.820000     1.940000   7.844991E+000   1.167188E+000   5.339704E+000   1.601911E+000   6.677803E+000   3.737793E+000   2.940010E+000
   45201      29     1.940000     2.200000   1.524385E+001   9.097282E-001   4.464759E+000   1.339428E+000   1.433412E+001   3.125331E+000   1.120879E+001
   45201      30     2.200000     2.300000   5.897529E+000   1.681277E+000   5.789239E+000   1.736772E+000   4.216252E+000   4.052467E+000   1.637849E-001
   45201      31     2.300000     2.450000   6.412228E+000   1.922707E+000   6.409621E+000   1.922886E+000   4.489521E+000   4.486735E+000   2.786468E-003
   45201      32     2.450000     2.550000   2.808749E+000   5.465776E-001   2.311866E+000   6.935598E-001   2.262172E+000   1.618306E+000   6.438655E-001
   45201      33     2.550000     2.650000   2.466453E+000   2.064901E-001   1.074414E+000   3.223242E-001   2.259963E+000   7.520898E-001   1.507873E+000
   45201      34     2.650000     2.900000   5.107089E+000   3.258203E-003   8.742125E-002   2.622637E-002   5.103831E+000   6.119487E-002   5.042636E+000
   45201      35     2.900000     3.200000   4.829501E+000   3.874371E-001   2.498355E+000   7.495064E-001   4.442064E+000   1.748848E+000   2.693215E+000
   45201      36     3.200000     3.500000   4.479548E+000   8.904574E-001   3.876965E+000   1.163090E+000   3.589090E+000   2.713876E+000   8.752149E-001
   45201      37     3.500000     3.900000   5.317470E+000   1.304481E+000   4.959738E+000   1.487921E+000   4.012989E+000   3.471817E+000   5.411725E-001
   45201      38     3.900000     5.500000   8.889375E+000   4.130638E-001   2.067201E+000   6.201604E-001   8.476311E+000   1.447041E+000   7.029270E+000
   45201      39     5.500000     6.500000   2.171822E+000   6.286856E-001   2.145755E+000   6.437266E-001   1.543136E+000   1.502029E+000   4.110727E-002
   45201      40     6.500000     7.000000   6.459457E-001   5.346918E-002   3.932384E-001   1.179715E-001   5.924765E-001   2.752669E-001   3.172097E-001
   45201      41     7.000000     9.000000   1.525571E+000   7.870172E-002   5.183568E-001   1.555070E-001   1.446869E+000   3.628497E-001   1.084020E+000
   45201      42     9.000000    20.000000   1.633159E+000   1.123624E-002   1.478452E-001   4.435355E-002   1.621923E+000   1.034916E-001   1.518431E+000
   45301       1     0.200000     0.300000   5.582456E-006   3.540013E-006   2.917776E-006   8.753329E-007   2.042443E-006   2.042443E-006  -9.500338E-015
   45301       2     0.300000     0.345000   2.557270E-003   1.374824E-003   1.689209E-003   5.067628E-004   1.182447E-003   1.182447E-003  -8.478979E-013
   45301       3     0.345000     0.385000   2.512764E-003   1.152240E-003   1.943607E-003   5.830820E-004   1.360525E-003   1.360525E-003   9.299751E-013
   45301       4     0.385000     0.420000   1.293223E-002   5.311610E-003   1.088660E-002   3.265979E-003   7.620618E-003   7.620618E-003  -7.724038E-012
   45301       5     0.420000     0.450000   2.349464E-002   8.965829E-003   2.075544E-002   6.226633E-003   1.452881E-002   1.452881E-002  -4.987387E-012
   45301       6     0.450000     0.500000   1.310848E-001   4.710132E-002   1.199763E-001   3.599290E-002   8.398344E-002   8.398344E-002  -2.531113E-011
   45301       7     0.500000     0.550000   1.748537E-001   5.938044E-002   1.649618E-001   4.948854E-002   1.154733E-001   1.154733E-001   3.744213E-012
   45301       8     0.550000     0.610000   2.295775E-001   7.513497E-002   2.206277E-001   6.618832E-002   1.544426E-001   1.544394E-001   3.149994E-006
   45301       9     0.610000     0.690000   5.693172E-001   1.805389E-001   5.553271E-001   1.665981E-001   3.887783E-001   3.887290E-001   4.930729E-005
   45301      10     0.690000     0.780000   2.472789E+000   7.670091E-001   2.436461E+000   7.309382E-001   1.705780E+000   1.705523E+000   2.575134E-004
   45301      11     0.780000     0.800000   1.063069E+000   3.220058E-001   1.044892E+000   3.134675E-001   7.410636E-001   7.314242E-001   9.639432E-003
   45301      12     0.800000     0.870000   5.878988E+000   1.794924E+000   5.815203E+000   1.744561E+000   4.084064E+000   4.070642E+000   1.342196E-002
   45301      13     0.870000     0.880000   8.736691E-001   2.561522E-001   8.536446E-001   2.560934E-001   6.175168E-001   5.975512E-001   1.996563E-002
   45301      14     0.880000     1.030000   2.249240E+001   6.814050E+000   2.235657E+001   6.706970E+000   1.567836E+001   1.564960E+001   2.875924E-002
   45301      15     1.030000     1.080000   9.248799E+000   2.369388E+000   8.574073E+000   2.572222E+000   6.879410E+000   6.001851E+000   8.775593E-001
   45301      16     1.080000     1.140000   1.173685E+001   3.451775E+000   1.159136E+001   3.477408E+000   8.285075E+000   8.113951E+000   1.711237E-001
   45301      17     1.140000     1.200000   1.143670E+001   3.433873E+000   1.139275E+001   3.417825E+000   8.002824E+000   7.974925E+000   2.789894E-002
   45301      18     1.200000     1.240000   8.097833E+000   7.058521E-001   4.195456E+000   1.258637E+000   7.391981E+000   2.936819E+000   4.455162E+000
   45301      19     1.240000     1.280000   7.733813E+000   2.188674E+000   7.550545E+000   2.265164E+000   5.545139E+000   5.285382E+000   2.597574E-001
   45301      20     1.280000     1.340000   1.109154E+001   2.098847E+000   8.914933E+000   2.674480E+000   8.992695E+000   6.240453E+000   2.752242E+000
   45301      21     1.340000     1.420000   1.012492E+001   2.721705E+000   9.641215E+000   2.892365E+000   7.403216E+000   6.748851E+000   6.543657E-001
   45301      22     1.420000     1.460000   4.444646E+000   2.657992E-001   1.451771E+000   4.355312E-001   4.178847E+000   1.016240E+000   3.162607E+000
   45301      23     1.460000     1.490000   3.316959E+000   9.116540E-001   3.210624E+000   9.631872E-001   2.405305E+000   2.247437E+000   1.578680E-001
   45301      24     1.490000     1.520000   3.416012E+000   7.051137E-001   2.880051E+000   8.640152E-001   2.710898E+000   2.016035E+000   6.948624E-001
   45301      25     1.520000     1.680000   2.089115E+001   1.332576E+000   8.433536E+000   2.530061E+000   1.955857E+001   5.903475E+000   1.365510E+001
   45301      26     1.680000     1.740000   7.400301E+000   2.181380E+000   7.350093E+000   2.205028E+000   5.218922E+000   5.145065E+000   7.385705E-002
   45301      27     1.740000     1.820000   6.859941E+000   1.814863E+000   6.525326E+000   1.957598E+000   5.045078E+000   4.567728E+000   4.773502E-001
   45301      28     1.820000     1.940000   7.844991E+000   1.178600E+000   5.371293E+000   1.611388E+000   6.666391E+000   3.759905E+000   2.906486E+000
   45301      29     1.940000     2.200000   1.524385E+001   9.217091E-001   4.505867E+000   1.351760E+000   1.432214E+001   3.154107E+000   1.116803E+001
   45301      30     2.200000     2.300000   5.897529E+000   1.683155E+000   5.791583E+000   1.737475E+000   4.214373E+000   4.054108E+000   1.602651E-001
   45301      31     2.300000     2.450000   6.412228E+000   1.922811E+000   6.409737E+000   1.922921E+000   4.489417E+000   4.486816E+000   2.601038E-003
   45301      32     2.450000     2.550000   2.808749E+000   5.529037E-001   2.324977E+000   6.974932E-001   2.255846E+000   1.627484E+000   6.283614E-001
   45301      33     2.550000     2.650000   2.466453E+000   2.114451E-001   1.089744E+000   3.269232E-001   2.255008E+000   7.628207E-001   1.492187E+000
   45301      34     2.650000     2.900000   5.107089E+000   3.608792E-003   9.240668E-002   2.772200E-002   5.103480E+000   6.468468E-002   5.038796E+000
   45301      35     2.900000     3.200000   4.829501E+000   3.961179E-001   2.524423E+000   7.573268E-001   4.433383E+000   1.767096E+000   2.666287E+000
   45301      36     3.200000     3.500000   4.479548E+000   8.892655E-001   3.875254E+000   1.162576E+000   3.590282E+000   2.712678E+000   8.776048E-001
   45301      37     3.500000     3.900000   5.317470E+000   1.298850E+000   4.951835E+000   1.485551E+000   4.018620E+000   3.466285E+000   5.523355E-001
   45301      38     3.900000     5.500000   8.889375E+000   4.157109E-001   2.086780E+000   6.260340E-001   8.473664E+000   1.460746E+000   7.012918E+000
   45301      39     5.500000     6.500000   2.171822E+000   6.292601E-001   2.146438E+000   6.439314E-001   1.542562E+000   1.502506E+000   4.005506E-002
   45301      40     6.500000     7.000000   6.459457E-001   5.289468E-002   3.911965E-001   1.173590E-001   5.930510E-001   2.738376E-001   3.192135E-001
   45301      41     7.000000     9.000000   1.525571E+000   7.923744E-002   5.150654E-001   1.545196E-001   1.446334E+000   3.605458E-001   1.085788E+000
   45301      42     9.000000    20.000000   1.633159E+000   1.234295E-002   1.562285E-001   4.686854E-002   1.620816E+000   1.093599E-001   1.511456E+000
   45401       1     0.200000     0.300000   5.582456E-006   3.540013E-006   2.917776E-006   8.753329E-007   2.042443E-006   2.042443E-006  -9.500338E-015
   45401       2     0.300000     0.345000   2.557270E-003   1.374824E-003   1.689209E-003   5.067628E-004   1.182447E-003   1.182447E-003  -8.478979E-013
   45401       3     0.345000     0.385000   2.512764E-003   1.152240E-003   1.943607E-003   5.830820E-004   1.360525E-003   1.360525E-003   1.491365E-012
   45401       4     0.385000     0.420000   1.293223E-002   5.311610E-003   1.088660E-002   3.265979E-003   7.620618E-003   7.620618E-003  -3.365789E-012
   45401       5     0.420000     0.450000   2.349464E-002   8.965829E-003   2.075544E-002   6.226633E-003   1.452881E-002   1.452881E-002   6.373213E-012
   45401       6     0.450000     0.500000   1.310848E-001   4.710132E-002   1.199763E-001   3.599290E-002   8.398344E-002   8.398344E-002  -1.216337E-011
   45401       7     0.500000     0.550000   1.748537E-001   5.938044E-002   1.649618E-001   4.948854E-002   1.154733E-001   1.154733E-001  -5.291613E-011
   45401       8     0.550000     0.610000   2.295775E-001   7.513496E-002   2.206277E-001   6.618832E-002   1.544426E-001   1.544394E-001   3.164858E-006
   45401       9     0.610000     0.690000   5.693172E-001   1.805389E-001   5.553271E-001   1.665981E-001   3.887783E-001   3.887290E-001   4.933843E-005
   45401      10     0.690000     0.780000   2.472789E+000   7.670094E-001   2.436461E+000   7.309383E-001   1.705780E+000   1.705523E+000   2.569107E-004
   45401      11     0.780000     0.800000   1.063069E+000   3.220084E-001   1.044893E+000   3.134679E-001   7.410610E-001   7.314252E-001   9.635862E-003
   45401      12     0.800000     0.870000   5.878988E+000   1.794903E+000   5.815173E+000   1.744552E+000   4.084085E+000   4.070621E+000   1.346409E-002
   45401      13     0.870000     0.880000   8.736691E-001   2.562064E-001   8.537056E-001   2.561117E-001   6.174626E-001   5.975939E-001   1.986870E-002
   45401      14     0.880000     1.030000   2.249240E+001   6.814064E+000   2.235658E+001   6.706974E+000   1.567834E+001   1.564961E+001   2.873424E-002
   45401      15     1.030000     1.080000   9.248799E+000   2.370518E+000   8.575386E+000   2.572616E+000   6.878281E+000   6.002770E+000   8.755101E-001
   45401      16     1.080000     1.140000   1.173685E+001   3.451892E+000   1.159147E+001   3.477440E+000   8.284958E+000   8.114027E+000   1.709310E-001
   45401      17     1.140000     1.200000   1.143670E+001   3.433969E+000   1.139286E+001   3.417857E+000   8.002728E+000   7.975000E+000   2.772795E-002
   45401      18     1.200000     1.240000   8.097833E+000   7.132281E-001   4.213482E+000   1.264045E+000   7.384605E+000   2.949437E+000   4.435167E+000
   45401      19     1.240000     1.280000   7.733813E+000   2.190347E+000   7.552501E+000   2.265750E+000   5.543466E+000   5.286751E+000   2.567154E-001
   45401      20     1.280000     1.340000   1.109154E+001   2.102763E+000   8.920813E+000   2.676244E+000   8.988780E+000   6.244569E+000   2.744211E+000
   45401      21     1.340000     1.420000   1.012492E+001   2.724297E+000   9.644784E+000   2.893435E+000   7.400624E+000   6.751349E+000   6.492754E-001
   45401      22     1.420000     1.460000   4.444646E+000   2.686516E-001   1.465346E+000   4.396037E-001   4.175994E+000   1.025742E+000   3.150252E+000
   45401      23     1.460000     1.490000   3.316959E+000   9.175289E-001   3.218362E+000   9.655085E-001   2.399430E+000   2.252853E+000   1.465768E-001
   45401      24     1.490000     1.520000   3.416012E+000   7.079084E-001   2.884155E+000   8.652465E-001   2.708103E+000   2.018908E+000   6.891947E-001
   45401      25     1.520000     1.680000   2.089115E+001   1.355428E+000   8.501732E+000   2.550520E+000   1.953572E+001   5.951213E+000   1.358451E+001
   45401      26     1.680000     1.740000   7.400301E+000   2.183577E+000   7.352600E+000   2.205780E+000   5.216724E+000   5.146820E+000   6.990373E-002
   45401      27     1.740000     1.820000   6.859941E+000   1.824085E+000   6.540678E+000   1.962203E+000   5.035856E+000   4.578475E+000   4.573816E-001
   45401      28     1.820000     1.940000   7.844991E+000   1.189454E+000   5.400857E+000   1.620257E+000   6.655538E+000   3.780600E+000   2.874938E+000
   45401      29     1.940000     2.200000   1.524385E+001   9.328791E-001   4.544412E+000   1.363324E+000   1.431097E+001   3.181089E+000   1.112988E+001
   45401      30     2.200000     2.300000   5.897529E+000   1.684796E+000   5.793617E+000   1.738085E+000   4.212733E+000   4.055532E+000   1.572014E-001
   45401      31     2.300000     2.450000   6.412228E+000   1.922900E+000   6.409836E+000   1.922951E+000   4.489328E+000   4.486886E+000   2.442196E-003
   45401      32     2.450000     2.550000   2.808749E+000   5.588359E-001   2.337067E+000   7.011200E-001   2.249913E+000   1.635947E+000   6.139667E-001
   45401      33     2.550000     2.650000   2.466453E+000   2.161932E-001   1.104279E+000   3.312838E-001   2.250260E+000   7.729955E-001   1.477265E+000
   45401      34     2.650000     2.900000   5.107089E+000   3.959292E-003   9.730580E-002   2.919174E-002   5.103130E+000   6.811406E-002   5.035016E+000
   45401      35     2.900000     3.200000   4.829501E+000   4.043396E-001   2.548675E+000   7.646024E-001   4.425161E+000   1.784072E+000   2.641089E+000
   45401      36     3.200000     3.500000   4.479548E+000   8.880209E-001   3.873396E+000   1.162019E+000   3.591527E+000   2.711377E+000   8.801499E-001
   45401      37     3.500000     3.900000   5.317470E+000   1.293306E+000   4.944004E+000   1.483201E+000   4.024164E+000   3.460803E+000   5.633615E-001
   45401      38     3.900000     5.500000   8.889375E+000   4.183142E-001   2.105792E+000   6.317375E-001   8.471061E+000   1.474054E+000   6.997007E+000
   45401      39     5.500000     6.500000   2.171822E+000   6.297412E-001   2.147007E+000   6.441021E-001   1.542080E+000   1.502905E+000   3.917542E-002
   45401      40     6.500000     7.000000   6.459457E-001   5.236253E-002   3.892894E-001   1.167868E-001   5.935832E-001   2.725026E-001   3.210806E-001
   45401      41     7.000000     9.000000   1.525571E+000   7.975302E-002   5.121751E-001   1.536525E-001   1.445818E+000   3.585226E-001   1.087295E+000
   45401      42     9.000000    20.000000   1.633159E+000   1.349632E-002   1.646309E-001   4.938927E-002   1.619663E+000   1.152416E-001   1.504421E+000
   45501       1     0.200000     0.300000   5.582456E-006   3.540013E-006   2.917776E-006   8.753329E-007   2.042443E-006   2.042443E-006  -9.500338E-015
   45501       2     0.300000     0.345000   2.557270E-003   1.374824E-003   1.689209E-003   5.067628E-004   1.182447E-003   1.182447E-003  -8.478979E-013
   45501       3     0.345000     0.385000   2.512764E-003   1.152240E-003   1.943607E-003   5.830820E-004   1.360525E-003   1.360525E-003   2.366026E-013
   45501       4     0.385000     0.420000   1.293223E-002   5.311610E-003   1.088660E-002   3.265979E-003   7.620618E-003   7.620618E-003   3.690815E-013
   45501       5     0.420000     0.450000   2.349464E-002   8.965829E-003   2.075544E-002   6.226633E-003   1.452881E-002   1.452881E-002  -4.533178E-012
   45501       6     0.450000     0.500000   1.310848E-001   4.710132E-002   1.199763E-001   3.599290E-002   8.398344E-002   8.398344E-002  -3.296868E-011
   45501       7     0.500000     0.550000   1.748537E-001   5.938044E-002   1.649618E-001   4.948854E-002   1.154733E-001   1.154733E-001  -1.481909E-011
   45501       8     0.550000     0.610000   2.295775E-001   7.513495E-002   2.206277E-001   6.618831E-002   1.544426E-001   1.544394E-001   3.177917E-006
   45501       9     0.610000     0.690000   5.693172E-001   1.805389E-001   5.553271E-001   1.665981E-001   3.887783E-001   3.887289E-001   4.936843E-005
   45501      10     0.690000     0.780000   2.472789E+000   7.670097E-001   2.436461E+000   7.309384E-001   1.705779E+000   1.705523E+000   2.564005E-004
   45501      11     0.780000     0.800000   1.063069E+000   3.220105E-001   1.044894E+000   3.134683E-001   7.410589E-001   7.314260E-001   9.632823E-003
   45501      12     0.800000     0.870000   5.878988E+000   1.794884E+000   5.815145E+000   1.744544E+000   4.084104E+000   4.070602E+000   1.350289E-002
   45501      13     0.870000     0.880000   8.736691E-001   2.562537E-001   8.537588E-001   2.561276E-001   6.174154E-001   5.976311E-001   1.978423E-002
   45501      14     0.880000     1.030000   2.249240E+001   6.814074E+000   2.235659E+001   6.706978E+000   1.567833E+001   1.564961E+001   2.871607E-002
   45501      15     1.030000     1.080000   9.248799E+000   2.371503E+000   8.576503E+000   2.572951E+000   6.877296E+000   6.003552E+000   8.737433E-001
   45501      16     1.080000     1.140000   1.173685E+001   3.451986E+000   1.159155E+001   3.477466E+000   8.284864E+000   8.114088E+000   1.707753E-001
   45501      17     1.140000     1.200000   1.143670E+001   3.434047E+000   1.139294E+001   3.417883E+000   8.002650E+000   7.975061E+000   2.758864E-002
   45501      18     1.200000     1.240000   8.097833E+000   7.201089E-001   4.230125E+000   1.269038E+000   7.377724E+000   2.961088E+000   4.416636E+000
   45501      19     1.240000     1.280000   7.733813E+000   2.191774E+000   7.554162E+000   2.266249E+000   5.542039E+000   5.287914E+000   2.541258E-001
   45501      20     1.280000     1.340000   1.109154E+001   2.106303E+000   8.926037E+000   2.677811E+000   8.985240E+000   6.248226E+000   2.737014E+000
   45501      21     1.340000     1.420000   1.012492E+001   2.726611E+000   9.647935E+000   2.894380E+000   7.398310E+000   6.753554E+000   6.447557E-001
   45501      22     1.420000     1.460000   4.444646E+000   2.714123E-001   1.478205E+000   4.434615E-001   4.173233E+000   1.034743E+000   3.138490E+000
   45501      23     1.460000     1.490000   3.316959E+000   9.226414E-001   3.224995E+000   9.674986E-001   2.394317E+000   2.257497E+000   1.368208E-001
   45501      24     1.490000     1.520000   3.416012E+000   7.103896E-001   2.887760E+000   8.663281E-001   2.705622E+000   2.021432E+000   6.841898E-001
   45501      25     1.520000     1.680000   2.089115E+001   1.376765E+000   8.564736E+000   2.569421E+000   1.951438E+001   5.995315E+000   1.351907E+001
   45501      26     1.680000     1.740000   7.400301E+000   2.185468E+000   7.354754E+000   2.206426E+000   5.214834E+000   5.148328E+000   6.650586E-002
   45501      27     1.740000     1.820000   6.859941E+000   1.832577E+000   6.554482E+000   1.966345E+000   5.027365E+000   4.588138E+000   4.392270E-001
   45501      28     1.820000     1.940000   7.844991E+000   1.199631E+000   5.428209E+000   1.628463E+000   6.645360E+000   3.799746E+000   2.845614E+000
   45501      29     1.940000     2.200000   1.524385E+001   9.431648E-001   4.580103E+000   1.374031E+000   1.430069E+001   3.206072E+000   1.109461E+001
   45501      30     2.200000     2.300000   5.897529E+000   1.686233E+000   5.795391E+000   1.738617E+000   4.211295E+000   4.056774E+000   1.545217E-001
   45501      31     2.300000     2.450000   6.412228E+000   1.922977E+000   6.409922E+000   1.922977E+000   4.489251E+000   4.486945E+000   2.305786E-003
   45501      32     2.450000     2.550000   2.808749E+000   5.643161E-001   2.348090E+000   7.044270E-001   2.244433E+000   1.643663E+000   6.007700E-001
   45501      33     2.550000     2.650000   2.466453E+000   2.206702E-001   1.117844E+000   3.353533E-001   2.245783E+000   7.824910E-001   1.463292E+000
   45501      34     2.650000     2.900000   5.107089E+000   4.302137E-003   1.020390E-001   3.061170E-002   5.102787E+000   7.142730E-002   5.031360E+000
   45501      35     2.900000     3.200000   4.829501E+000   4.120123E-001   2.570961E+000   7.712884E-001   4.417489E+000   1.799673E+000   2.617816E+000
   45501      36     3.200000     3.500000   4.479548E+000   8.867673E-001   3.871481E+000   1.161444E+000   3.592781E+000   2.710037E+000   8.827440E-001
   45501      37     3.500000     3.900000   5.317470E+000   1.287972E+000   4.936420E+000   1.480926E+000   4.029499E+000   3.455494E+000   5.740043E-001
   45501      38     3.900000     5.500000   8.889375E+000   4.208402E-001   2.123959E+000   6.371878E-001   8.468535E+000   1.486771E+000   6.981764E+000
   45501      39     5.500000     6.500000   2.171822E+000   6.301445E-001   2.147482E+000   6.442447E-001   1.541677E+000   1.503238E+000   3.843937E-002
   45501      40     6.500000     7.000000   6.459457E-001   5.187642E-002   3.875343E-001   1.162603E-001   5.940693E-001   2.712740E-001   3.227953E-001
   45501      41     7.000000     9.000000   1.525571E+000   8.024001E-002   5.096766E-001   1.529030E-001   1.445331E+000   3.567736E-001   1.088557E+000
   45501      42     9.000000    20.000000   1.633159E+000   1.466881E-002   1.728641E-001   5.185924E-002   1.618490E+000   1.210049E-001   1.497485E+000
   45601       1     0.200000     0.300000   5.582456E-006   3.540013E-006   2.917776E-006   8.753329E-007   2.042443E-006   2.042443E-006  -9.500338E-015
   45601       2     0.300000     0.345000   2.557270E-003   1.374824E-003   1.689209E-003   5.067628E-004   1.182447E-003   1.182447E-003  -8.478979E-013
   45601       3     0.345000     0.385000   2.512764E-003   1.152240E-003   1.943607E-003   5.830820E-004   1.360525E-003   1.360525E-003  -1.564146E-012
   45601       4     0.385000     0.420000   1.293223E-002   5.311610E-003   1.088660E-002   3.265979E-003   7.620618E-003   7.620618E-003   5.070552E-012
   45601       5     0.420000     0.450000   2.349464E-002   8.965829E-003   2.075544E-002   6.226633E-003   1.452881E-002   1.452881E-002  -1.659284E-011
   45601       6     0.450000     0.500000   1.310848E-001   4.710132E-002   1.199763E-001   3.599290E-002   8.398344E-002   8.398344E-002   7.417483E-012
   45601       7     0.500000     0.550000   1.748537E-001   5.938044E-002   1.649618E-001   4.948854E-002   1.154733E-001   1.154733E-001   2.975814E-013
   45601       8     0.550000     0.610000   2.295775E-001   7.513495E-002   2.206277E-001   6.618831E-002   1.544426E-001   1.544394E-001   3.189454E-006
   45601       9     0.610000     0.690000   5.693172E-001   1.805388E-001   5.553270E-001   1.665981E-001   3.887783E-001   3.887289E-001   4.939656E-005
   45601      10     0.690000     0.780000   2.472789E+000   7.670100E-001   2.436462E+000   7.309385E-001   1.705779E+000   1.705523E+000   2.559626E-004
   45601      11     0.780000     0.800000   1.063069E+000   3.220124E-001   1.044895E+000   3.134686E-001   7.410570E-001   7.314268E-001   9.630153E-003
   45601      12     0.800000     0.870000   5.878988E+000   1.794866E+000   5.815120E+000   1.744536E+000   4.084122E+000   4.070584E+000   1.353837E-002
   45601      13     0.870000     0.880000   8.736691E-001   2.562953E-001   8.538056E-001   2.561417E-001   6.173738E-001   5.976639E-001   1.970991E-002
   45601      14     0.880000     1.030000   2.249240E+001   6.814082E+000   2.235660E+001   6.706980E+000   1.567832E+001   1.564962E+001   2.870201E-002
   45601      15     1.030000     1.080000   9.248799E+000   2.372364E+000   8.577462E+000   2.573239E+000   6.876435E+000   6.004223E+000   8.722119E-001
   45601      16     1.080000     1.140000   1.173685E+001   3.452066E+000   1.159163E+001   3.477488E+000   8.284784E+000   8.114140E+000   1.706447E-001
   45601      17     1.140000     1.200000   1.143670E+001   3.434112E+000   1.139302E+001   3.417905E+000   8.002585E+000   7.975112E+000   2.747277E-002
   45601      18     1.200000     1.240000   8.097833E+000   7.264677E-001   4.245394E+000   1.273618E+000   7.371365E+000   2.971776E+000   4.399589E+000
   45601      19     1.240000     1.280000   7.733813E+000   2.193000E+000   7.555587E+000   2.266676E+000   5.540813E+000   5.288911E+000   2.519018E-001
   45601      20     1.280000     1.340000   1.109154E+001   2.109494E+000   8.930681E+000   2.679204E+000   8.982049E+000   6.251477E+000   2.730572E+000
   45601      21     1.340000     1.420000   1.012492E+001   2.728677E+000   9.650722E+000   2.895217E+000   7.396244E+000   6.755505E+000   6.407387E-001
   45601      22     1.420000     1.460000   4.444646E+000   2.740467E-001   1.490258E+000   4.470774E-001   4.170599E+000   1.043180E+000   3.127419E+000
   45601      23     1.460000     1.490000   3.316959E+000   9.270970E-001   3.230708E+000   9.692125E-001   2.389862E+000   2.261496E+000   1.283662E-001
   45601      24     1.490000     1.520000   3.416012E+000   7.125896E-001   2.890934E+000   8.672801E-001   2.703422E+000   2.023654E+000   6.797683E-001
   45601      25     1.520000     1.680000   2.089115E+001   1.396514E+000   8.622546E+000   2.586764E+000   1.949463E+001   6.035782E+000   1.345885E+001
   45601      26     1.680000     1.740000   7.400301E+000   2.187100E+000   7.356611E+000   2.206983E+000   5.213202E+000   5.149628E+000   6.357389E-002
   45601      27     1.740000     1.820000   6.859941E+000   1.840330E+000   6.566848E+000   1.970055E+000   5.019612E+000   4.596794E+000   4.228178E-001
   45601      28     1.820000     1.940000   7.844991E+000   1.209089E+000   5.453344E+000   1.636003E+000   6.635902E+000   3.817341E+000   2.818561E+000
   45601      29     1.940000     2.200000   1.524385E+001   9.525752E-001   4.612922E+000   1.383877E+000   1.429127E+001   3.229046E+000   1.106223E+001
   45601      30     2.200000     2.300000   5.897529E+000   1.687498E+000   5.796948E+000   1.739084E+000   4.210030E+000   4.057863E+000   1.521669E-001
   45601      31     2.300000     2.450000   6.412228E+000   1.923043E+000   6.409995E+000   1.922999E+000   4.489185E+000   4.486997E+000   2.188070E-003
   45601      32     2.450000     2.550000   2.808749E+000   5.693358E-001   2.358087E+000   7.074262E-001   2.239413E+000   1.650661E+000   5.887523E-001
   45601      33     2.550000     2.650000   2.466453E+000   2.248516E-001   1.130376E+000   3.391128E-001   2.241602E+000   7.912631E-001   1.450339E+000
   45601      34     2.650000     2.900000   5.107089E+000   4.632793E-003   1.065632E-001   3.196896E-002   5.102456E+000   7.459423E-002   5.027862E+000
   45601      35     2.900000     3.200000   4.829501E+000   4.191071E-001   2.591301E+000   7.773902E-001   4.410394E+000   1.813910E+000   2.596483E+000
   45601      36     3.200000     3.500000   4.479548E+000   8.855371E-001   3.869573E+000   1.160872E+000   3.594011E+000   2.708701E+000   8.853097E-001
   45601      37     3.500000     3.900000   5.317470E+000   1.282917E+000   4.929191E+000   1.478757E+000   4.034553E+000   3.450434E+000   5.841194E-001
   45601      38     3.900000     5.500000   8.889375E+000   4.232697E-001   2.141141E+000   6.423424E-001   8.466105E+000   1.498799E+000   6.967306E+000
   45601      39     5.500000     6.500000   2.171822E+000   6.304842E-001   2.147882E+000   6.443645E-001   1.541337E+000   1.503517E+000   3.782015E-002
   45601      40     6.500000     7.000000   6.459457E-001   5.143616E-002   3.859340E-001   1.157802E-001   5.945096E-001   2.701538E-001   3.243558E-001
   45601      41     7.000000     9.000000   1.525571E+000   8.069350E-002   5.075356E-001   1.522607E-001   1.444878E+000   3.552749E-001   1.089603E+000
   45601      42     9.000000    20.000000   1.633159E+000   1.583922E-002   1.808050E-001   5.424149E-002   1.617320E+000   1.265635E-001   1.490756E+000
   45701       1     0.200000     0.300000   5.582456E-006   3.540013E-006   2.917776E-006   8.753329E-007   2.042443E-006   2.042443E-006  -9.500338E-015
   45701       2     0.300000     0.345000   2.557270E-003   1.374824E-003   1.689209E-003   5.067628E-004   1.182447E-003   1.182447E-003  -8.478979E-013
   45701       3     0.345000     0.385000   2.512764E-003   1.152240E-003   1.943607E-003   5.830820E-004   1.360525E-003   1.360525E-003  -1.736383E-012
   45701       4     0.385000     0.420000   1.293223E-002   5.311610E-003   1.088660E-002   3.265979E-003   7.620618E-003   7.620618E-003   7.774944E-014
   45701       5     0.420000     0.450000   2.349464E-002   8.965829E-003   2.075544E-002   6.226633E-003   1.452881E-002   1.452881E-002   1.129772E-011
   45701       6     0.450000     0.500000   1.310848E-001   4.710132E-002   1.199763E-001   3.599290E-002   8.398344E-002   8.398344E-002   2.415221E-012
   45701       7     0.500000     0.550000   1.748537E-001   5.938044E-002   1.649618E-001   4.948854E-002   1.154733E-001   1.154733E-001  -5.343660E-011
   45701       8     0.550000     0.610000   2.295775E-001   7.513494E-002   2.206277E-001   6.618831E-002   1.544426E-001   1.544394E-001   3.199689E-006
   45701       9     0.610000     0.690000   5.693172E-001   1.805388E-001   5.553270E-001   1.665981E-001   3.887783E-001   3.887289E-001   4.942256E-005
   45701      10     0.690000     0.780000   2.472789E+000   7.670102E-001   2.436462E+000   7.309386E-001   1.705779E+000   1.705523E+000   2.555828E-004
   45701      11     0.780000     0.800000   1.063069E+000   3.220140E-001   1.044897E+000   3.134690E-001   7.410554E-001   7.314276E-001   9.627781E-003
   45701      12     0.800000     0.870000   5.878988E+000   1.794850E+000   5.815097E+000   1.744529E+000   4.084138E+000   4.070568E+000   1.357076E-002
   45701      13     0.870000     0.880000   8.736691E-001   2.563321E-001   8.538471E-001   2.561541E-001   6.173369E-001   5.976930E-001   1.964393E-002
   45701      14     0.880000     1.030000   2.249240E+001   6.814089E+000   2.235661E+001   6.706982E+000   1.567832E+001   1.564963E+001   2.869068E-002
   45701      15     1.030000     1.080000   9.248799E+000   2.373118E+000   8.578290E+000   2.573487E+000   6.875681E+000   6.004803E+000   8.708779E-001
   45701      16     1.080000     1.140000   1.173685E+001   3.452133E+000   1.159169E+001   3.477507E+000   8.284717E+000   8.114184E+000   1.705335E-001
   45701      17     1.140000     1.200000   1.143670E+001   3.434167E+000   1.139308E+001   3.417923E+000   8.002530E+000   7.975155E+000   2.737481E-002
   45701      18     1.200000     1.240000   8.097833E+000   7.323140E-001   4.259355E+000   1.277807E+000   7.365519E+000   2.981549E+000   4.383970E+000
   45701      19     1.240000     1.280000   7.733813E+000   2.194062E+000   7.556819E+000   2.267046E+000   5.539751E+000   5.289773E+000   2.499776E-001
   45701      20     1.280000     1.340000   1.109154E+001   2.112370E+000   8.934815E+000   2.680444E+000   8.979173E+000   6.254370E+000   2.724803E+000
   45701      21     1.340000     1.420000   1.012492E+001   2.730523E+000   9.653194E+000   2.895958E+000   7.394398E+000   6.757236E+000   6.371619E-001
   45701      22     1.420000     1.460000   4.444646E+000   2.765381E-001   1.501479E+000   4.504437E-001   4.168108E+000   1.051035E+000   3.117072E+000
   45701      23     1.460000     1.490000   3.316959E+000   9.309909E-001   3.235652E+000   9.706957E-001   2.385968E+000   2.264957E+000   1.210113E-001
   45701      24     1.490000     1.520000   3.416012E+000   7.145422E-001   2.893736E+000   8.681207E-001   2.701469E+000   2.025615E+000   6.758545E-001
   45701      25     1.520000     1.680000   2.089115E+001   1.414703E+000   8.675393E+000   2.602618E+000   1.947644E+001   6.072775E+000   1.340367E+001
   45701      26     1.680000     1.740000   7.400301E+000   2.188516E+000   7.358221E+000   2.207466E+000   5.211786E+000   5.150755E+000   6.103083E-002
   45701      27     1.740000     1.820000   6.859941E+000   1.847380E+000   6.577916E+000   1.973375E+000   5.012562E+000   4.604541E+000   4.080202E-001
   45701      28     1.820000     1.940000   7.844991E+000   1.217832E+000   5.476357E+000   1.642907E+000   6.627159E+000   3.833450E+000   2.793709E+000
   45701      29     1.940000     2.200000   1.524385E+001   9.611560E-001   4.642990E+000   1.392897E+000   1.428269E+001   3.250093E+000   1.103260E+001
   45701      30     2.200000     2.300000   5.897529E+000   1.688616E+000   5.798320E+000   1.739496E+000   4.208912E+000   4.058824E+000   1.500882E-001
   45701      31     2.300000     2.450000   6.412228E+000   1.923101E+000   6.410059E+000   1.923018E+000   4.489127E+000   4.487041E+000   2.085959E-003
   45701      32     2.450000     2.550000   2.808749E+000   5.739139E-001   2.367134E+000   7.101403E-001   2.234835E+000   1.656994E+000   5.778412E-001
   45701      33     2.550000     2.650000   2.466453E+000   2.287330E-001   1.141877E+000   3.425630E-001   2.237720E+000   7.993136E-001   1.438407E+000
   45701      34     2.650000     2.900000   5.107089E+000   4.948926E-003   1.108580E-001   3.325741E-002   5.102140E+000   7.760063E-002   5.024540E+000
   45701      35     2.900000     3.200000   4.829501E+000   4.256323E-001   2.609797E+000   7.829391E-001   4.403869E+000   1.826858E+000   2.577011E+000
   45701      36     3.200000     3.500000   4.479548E+000   8.843504E-001   3.867713E+000   1.160314E+000   3.595198E+000   2.707399E+000   8.877985E-001
   45701      37     3.500000     3.900000   5.317470E+000   1.278184E+000   4.922383E+000   1.476715E+000   4.039287E+000   3.445668E+000   5.936183E-001
   45701      38     3.900000     5.500000   8.889375E+000   4.255926E-001   2.157280E+000   6.471839E-001   8.463783E+000   1.510096E+000   6.953687E+000
   45701      39     5.500000     6.500000   2.171822E+000   6.307721E-001   2.148219E+000   6.444658E-001   1.541049E+000   1.503754E+000   3.729598E-002
   45701      40     6.500000     7.000000   6.459457E-001   5.103892E-002   3.844815E-001   1.153444E-001   5.949068E-001   2.691370E-001   3.257698E-001
   45701      41     7.000000     9.000000   1.525571E+000   8.111144E-002   5.057039E-001   1.517112E-001   1.444460E+000   3.539927E-001   1.090467E+000
   45701      42     9.000000    20.000000   1.633159E+000   1.699198E-002   1.883803E-001   5.651408E-002   1.616167E+000   1.318662E-001   1.484301E+000
   45801       1     0.200000     0.300000   5.582456E-006   3.540013E-006   2.917776E-006   8.753329E-007   2.042443E-006   2.042443E-006  -9.500338E-015
   45801       2     0.300000     0.345000   2.557270E-003   1.374824E-003   1.689209E-003   5.067628E-004   1.182447E-003   1.182447E-003  -8.478979E-013
   45801       3     0.345000     0.385000   2.512764E-003   1.152240E-003   1.943607E-003   5.830820E-004   1.360525E-003   1.360525E-003   4.437982E-013
   45801       4     0.385000     0.420000   1.293223E-002   5.311610E-003   1.088660E-002   3.265979E-003   7.620618E-003   7.620618E-003   9.325865E-013
   45801       5     0.420000     0.450000   2.349464E-002   8.965829E-003   2.075544E-002   6.226633E-003   1.452881E-002   1.452881E-002   1.431827E-011
   45801       6     0.450000     0.500000   1.310848E-001   4.710132E-002   1.199763E-001   3.599290E-002   8.398344E-002   8.398344E-002   5.878757E-011
   45801       7     0.500000     0.550000   1.748537E-001   5.938044E-002   1.649618E-001   4.948854E-002   1.154733E-001   1.154733E-001  -8.185971E-011
   45801       8     0.550000     0.610000   2.295775E-001   7.513494E-002   2.206277E-001   6.618831E-002   1.544426E-001   1.544394E-001   3.208801E-006
   45801       9     0.610000     0.690000   5.693172E-001   1.805388E-001   5.553270E-001   1.665981E-001   3.887784E-001   3.887289E-001   4.944638E-005
   45801      10     0.690000     0.780000   2.472789E+000   7.670104E-001   2.436462E+000   7.309387E-001   1.705779E+000   1.705524E+000   2.552508E-004
   45801      11     0.780000     0.800000   1.063069E+000   3.220155E-001   1.044898E+000   3.134693E-001   7.410539E-001   7.314283E-001   9.625646E-003
   45801      12     0.800000     0.870000   5.878988E+000   1.794835E+000   5.815076E+000   1.744523E+000   4.084153E+000   4.070553E+000   1.360035E-002
   45801      13     0.870000     0.880000   8.736691E-001   2.563650E-001   8.538842E-001   2.561653E-001   6.173041E-001   5.977189E-001   1.958515E-002
   45801      14     0.880000     1.030000   2.249240E+001   6.814094E+000   2.235661E+001   6.706984E+000   1.567831E+001   1.564963E+001   2.868140E-002
   45801      15     1.030000     1.080000   9.248799E+000   2.373781E+000   8.579009E+000   2.573703E+000   6.875018E+000   6.005306E+000   8.697117E-001
   45801      16     1.080000     1.140000   1.173685E+001   3.452190E+000   1.159174E+001   3.477523E+000   8.284660E+000   8.114221E+000   1.704386E-001
   45801      17     1.140000     1.200000   1.143670E+001   3.434214E+000   1.139313E+001   3.417939E+000   8.002483E+000   7.975191E+000   2.729117E-002
   45801      18     1.200000     1.240000   8.097833E+000   7.376741E-001   4.272101E+000   1.281630E+000   7.360159E+000   2.990470E+000   4.369688E+000
   45801      19     1.240000     1.280000   7.733813E+000   2.194986E+000   7.557889E+000   2.267367E+000   5.538828E+000   5.290522E+000   2.483058E-001
   45801      20     1.280000     1.340000   1.109154E+001   2.114959E+000   8.938497E+000   2.681549E+000   8.976584E+000   6.256948E+000   2.719636E+000
   45801      21     1.340000     1.420000   1.012492E+001   2.732174E+000   9.655391E+000   2.896617E+000   7.392747E+000   6.758774E+000   6.339733E-001
   45801      22     1.420000     1.460000   4.444646E+000   2.788775E-001   1.511869E+000   4.535607E-001   4.165768E+000   1.058308E+000   3.107460E+000
   45801      23     1.460000     1.490000   3.316959E+000   9.343945E-001   3.239938E+000   9.719815E-001   2.382564E+000   2.267957E+000   1.146075E-001
   45801      24     1.490000     1.520000   3.416012E+000   7.162769E-001   2.896214E+000   8.688643E-001   2.699735E+000   2.027350E+000   6.723845E-001
   45801      25     1.520000     1.680000   2.089115E+001   1.431394E+000   8.723585E+000   2.617076E+000   1.945975E+001   6.106510E+000   1.335324E+001
   45801      26     1.680000     1.740000   7.400301E+000   2.189748E+000   7.359621E+000   2.207886E+000   5.210553E+000   5.151735E+000   5.881856E-002
   45801      27     1.740000     1.820000   6.859941E+000   1.853766E+000   6.587808E+000   1.976342E+000   5.006175E+000   4.611466E+000   3.947092E-001
   45801      28     1.820000     1.940000   7.844991E+000   1.225879E+000   5.497363E+000   1.649209E+000   6.619112E+000   3.848154E+000   2.770958E+000
   45801      29     1.940000     2.200000   1.524385E+001   9.689554E-001   4.670440E+000   1.401132E+000   1.427489E+001   3.269308E+000   1.100559E+001
   45801      30     2.200000     2.300000   5.897529E+000   1.689607E+000   5.799534E+000   1.739860E+000   4.207921E+000   4.059674E+000   1.482477E-001
   45801      31     2.300000     2.450000   6.412228E+000   1.923151E+000   6.410115E+000   1.923034E+000   4.489077E+000   4.487080E+000   1.997133E-003
   45801      32     2.450000     2.550000   2.808749E+000   5.780754E-001   2.375308E+000   7.125923E-001   2.230674E+000   1.662715E+000   5.679585E-001
   45801      33     2.550000     2.650000   2.466453E+000   2.323105E-001   1.152366E+000   3.457098E-001   2.234143E+000   8.066562E-001   1.427487E+000
   45801      34     2.650000     2.900000   5.107089E+000   5.248854E-003   1.149074E-001   3.447221E-002   5.101840E+000   8.043515E-002   5.021405E+000
   45801      35     2.900000     3.200000   4.829501E+000   4.316082E-001   2.626573E+000   7.879718E-001   4.397893E+000   1.838601E+000   2.559292E+000
   45801      36     3.200000     3.500000   4.479548E+000   8.832176E-001   3.865923E+000   1.159777E+000   3.596330E+000   2.706146E+000   8.901845E-001
   45801      37     3.500000     3.900000   5.317470E+000   1.273788E+000   4.916028E+000   1.474808E+000   4.043682E+000   3.441220E+000   6.024628E-001
   45801      38     3.900000     5.500000   8.889375E+000   4.278011E-001   2.172341E+000   6.517023E-001   8.461574E+000   1.520639E+000   6.940935E+000
   45801      39     5.500000     6.500000   2.171822E+000   6.310166E-001   2.148505E+000   6.445516E-001   1.540805E+000   1.503954E+000   3.685135E-002
   45801      40     6.500000     7.000000   6.459457E-001   5.068153E-002   3.831678E-001   1.149503E-001   5.952642E-001   2.682174E-001   3.270468E-001
   45801      41     7.000000     9.000000   1.525571E+000   8.149450E-002   5.041415E-001   1.512424E-001   1.444077E+000   3.528990E-001   1.091178E+000
   45801      42     9.000000    20.000000   1.633159E+000   1.811209E-002   1.955296E-001   5.865887E-002   1.615047E+000   1.368707E-001   1.478176E+000
   45901       1     0.200000     0.300000   5.582456E-006   3.540013E-006   2.917776E-006   8.753329E-007   2.042443E-006   2.042443E-006  -9.500338E-015
   45901       2     0.300000     0.345000   2.557270E-003   1.374824E-003   1.689209E-003   5.067628E-004   1.182447E-003   1.182447E-003  -8.478979E-013
   45901       3     0.345000     0.385000   2.512764E-003   1.152240E-003   1.943607E-003   5.830820E-004   1.360525E-003   1.360525E-003  -3.230764E-013
   45901       4     0.385000     0.420000   1.293223E-002   5.311610E-003   1.088660E-002   3.265979E-003   7.620618E-003   7.620618E-003   4.764286E-012
   45901       5     0.420000     0.450000   2.349464E-002   8.965829E-003   2.075544E-002   6.226633E-003   1.452881E-002   1.452881E-002  -8.424580E-012
   45901       6     0.450000     0.500000   1.310848E-001   4.710132E-002   1.199763E-001   3.599290E-002   8.398344E-002   8.398344E-002   3.056666E-012
   45901       7     0.500000     0.550000   1.748537E-001   5.938044E-002   1.649618E-001   4.948854E-002   1.154733E-001   1.154733E-001  -3.801146E-011
   45901       8     0.550000     0.610000   2.295775E-001   7.513493E-002   2.206277E-001   6.618831E-002   1.544426E-001   1.544394E-001   3.216941E-006
   45901       9     0.610000     0.690000   5.693172E-001   1.805388E-001   5.553270E-001   1.665981E-001   3.887784E-001   3.887289E-001   4.946812E-005
   45901      10     0.690000     0.780000   2.472789E+000   7.670105E-001   2.436462E+000   7.309387E-001   1.705779E+000   1.705524E+000   2.549587E-004
   45901      11     0.780000     0.800000   1.063069E+000   3.220167E-001   1.044898E+000   3.134695E-001   7.410527E-001   7.314289E-001   9.623775E-003
   45901      12     0.800000     0.870000   5.878988E+000   1.794821E+000   5.815057E+000   1.744517E+000   4.084167E+000   4.070540E+000   1.362738E-002
   45901      13     0.870000     0.880000   8.736691E-001   2.563943E-001   8.539173E-001   2.561752E-001   6.172748E-001   5.977421E-001   1.953268E-002
   45901      14     0.880000     1.030000   2.249240E+001   6.814099E+000   2.235662E+001   6.706985E+000   1.567831E+001   1.564963E+001   2.867362E-002
   45901      15     1.030000     1.080000   9.248799E+000   2.374366E+000   8.579637E+000   2.573891E+000   6.874433E+000   6.005746E+000   8.686869E-001
   45901      16     1.080000     1.140000   1.173685E+001   3.452240E+000   1.159179E+001   3.477537E+000   8.284610E+000   8.114253E+000   1.703569E-001
   45901      17     1.140000     1.200000   1.143670E+001   3.434255E+000   1.139318E+001   3.417953E+000   8.002442E+000   7.975223E+000   2.721904E-002
   45901      18     1.200000     1.240000   8.097833E+000   7.425830E-001   4.283727E+000   1.285118E+000   7.355250E+000   2.998609E+000   4.356641E+000
   45901      19     1.240000     1.280000   7.733813E+000   2.195793E+000   7.558823E+000   2.267647E+000   5.538020E+000   5.291176E+000   2.468441E-001
   45901      20     1.280000     1.340000   1.109154E+001   2.117292E+000   8.941787E+000   2.682536E+000   8.974251E+000   6.259251E+000   2.715000E+000
   45901      21     1.340000     1.420000   1.012492E+001   2.733652E+000   9.657349E+000   2.897205E+000   7.391269E+000   6.760144E+000   6.311244E-001
   45901      22     1.420000     1.460000   4.444646E+000   2.810660E-001   1.521466E+000   4.564398E-001   4.163580E+000   1.065026E+000   3.098553E+000
   45901      23     1.460000     1.490000   3.316959E+000   9.373838E-001   3.243676E+000   9.731028E-001   2.379575E+000   2.270573E+000   1.090020E-001
   45901      24     1.490000     1.520000   3.416012E+000   7.178228E-001   2.898416E+000   8.695249E-001   2.698189E+000   2.028892E+000   6.692973E-001
   45901      25     1.520000     1.680000   2.089115E+001   1.446690E+000   8.767504E+000   2.630251E+000   1.944446E+001   6.137253E+000   1.330721E+001
   45901      26     1.680000     1.740000   7.400301E+000   2.190827E+000   7.360845E+000   2.208254E+000   5.209474E+000   5.152592E+000   5.688236E-002
   45901      27     1.740000     1.820000   6.859941E+000   1.859553E+000   6.596666E+000   1.979000E+000   5.000388E+000   4.617666E+000   3.827219E-001
   45901      28     1.820000     1.940000   7.844991E+000   1.233273E+000   5.516526E+000   1.654958E+000   6.611718E+000   3.861568E+000   2.750150E+000
   45901      29     1.940000     2.200000   1.524385E+001   9.760466E-001   4.695500E+000   1.408650E+000   1.426780E+001   3.286850E+000   1.098095E+001
   45901      30     2.200000     2.300000   5.897529E+000   1.690489E+000   5.800612E+000   1.740184E+000   4.207040E+000   4.060428E+000   1.466114E-001
   45901      31     2.300000     2.450000   6.412228E+000   1.923194E+000   6.410163E+000   1.923049E+000   4.489034E+000   4.487114E+000   1.919413E-003
   45901      32     2.450000     2.550000   2.808749E+000   5.818589E-001   2.382699E+000   7.148097E-001   2.226890E+000   1.667889E+000   5.590011E-001
   45901      33     2.550000     2.650000   2.466453E+000   2.356008E-001   1.161918E+000   3.485754E-001   2.230853E+000   8.133426E-001   1.417510E+000
   45901      34     2.650000     2.900000   5.107089E+000   5.532477E-003   1.187146E-001   3.561437E-002   5.101557E+000   8.310021E-002   5.018456E+000
   45901      35     2.900000     3.200000   4.829501E+000   4.370733E-001   2.641785E+000   7.925356E-001   4.392428E+000   1.849250E+000   2.543178E+000
   45901      36     3.200000     3.500000   4.479548E+000   8.821463E-001   3.864219E+000   1.159266E+000   3.597402E+000   2.704953E+000   8.924486E-001
   45901      37     3.500000     3.900000   5.317470E+000   1.269734E+000   4.910138E+000   1.473042E+000   4.047736E+000   3.437097E+000   6.106392E-001
   45901      38     3.900000     5.500000   8.889375E+000   4.298968E-001   2.186358E+000   6.559073E-001   8.459478E+000   1.530450E+000   6.929028E+000
   45901      39     5.500000     6.500000   2.171822E+000   6.312256E-001   2.148749E+000   6.446248E-001   1.540596E+000   1.504124E+000   3.647153E-002
   45901      40     6.500000     7.000000   6.459457E-001   5.035992E-002   3.819800E-001   1.145940E-001   5.955858E-001   2.673860E-001   3.281998E-001
   45901      41     7.000000     9.000000   1.525571E+000   8.184389E-002   5.028037E-001   1.508411E-001   1.443727E+000   3.519626E-001   1.091765E+000
   45901      42     9.000000    20.000000   1.633159E+000   1.919264E-002   2.022447E-001   6.067341E-002   1.613966E+000   1.415713E-001   1.472395E+000
   46001       1     0.200000     0.300000   5.582456E-006   3.540013E-006   2.917776E-006   8.753329E-007   2.042443E-006   2.042443E-006  -9.500338E-015
   46001       2     0.300000     0.345000   2.557270E-003   1.374824E-003   1.689209E-003   5.067628E-004   1.182447E-003   1.182447E-003  -8.478979E-013
   46001       3     0.345000     0.385000   2.512764E-003   1.152240E-003   1.943607E-003   5.830820E-004   1.360525E-003   1.360525E-003  -1.161741E-012
   46001       4     0.385000     0.420000   1.293223E-002   5.311610E-003   1.088660E-002   3.265979E-003   7.620618E-003   7.620618E-003   4.577659E-012
   46001       5     0.420000     0.450000   2.349464E-002   8.965829E-003   2.075544E-002   6.226633E-003   1.452881E-002   1.452881E-002  -1.337768E-011
   46001       6     0.450000     0.500000   1.310848E-001   4.710132E-002   1.199763E-001   3.599290E-002   8.398344E-002   8.398344E-002   3.301667E-011
   46001       7     0.500000     0.550000   1.748537E-001   5.938044E-002   1.649618E-001   4.948854E-002   1.154733E-001   1.154733E-001  -1.415175E-011
   46001       8     0.550000     0.610000   2.295775E-001   7.513493E-002   2.206277E-001   6.618830E-002   1.544426E-001   1.544394E-001   3.224232E-006
   46001       9     0.610000     0.690000   5.693172E-001   1.805388E-001   5.553270E-001   1.665981E-001   3.887784E-001   3.887289E-001   4.948791E-005
   46001      10     0.690000     0.780000   2.472789E+000   7.670107E-001   2.436463E+000   7.309388E-001   1.705778E+000   1.705524E+000   2.547004E-004
   46001      11     0.780000     0.800000   1.063069E+000   3.220178E-001   1.044899E+000   3.134697E-001   7.410516E-001   7.314294E-001   9.622152E-003
   46001      12     0.800000     0.870000   5.878988E+000   1.794809E+000   5.815039E+000   1.744512E+000   4.084179E+000   4.070527E+000   1.365209E-002
   46001      13     0.870000     0.880000   8.736691E-001   2.564205E-001   8.539469E-001   2.561841E-001   6.172485E-001   5.977628E-001   1.948574E-002
   46001      14     0.880000     1.030000   2.249240E+001   6.814103E+000   2.235662E+001   6.706987E+000   1.567830E+001   1.564964E+001   2.866698E-002
   46001      15     1.030000     1.080000   9.248799E+000   2.374884E+000   8.580188E+000   2.574056E+000   6.873915E+000   6.006132E+000   8.677830E-001
   46001      16     1.080000     1.140000   1.173685E+001   3.452283E+000   1.159183E+001   3.477549E+000   8.284567E+000   8.114281E+000   1.702860E-001
   46001      17     1.140000     1.200000   1.143670E+001   3.434290E+000   1.139322E+001   3.417965E+000   8.002407E+000   7.975251E+000   2.715652E-002
   46001      18     1.200000     1.240000   8.097833E+000   7.470764E-001   4.294331E+000   1.288299E+000   7.350756E+000   3.006031E+000   4.344725E+000
   46001      19     1.240000     1.280000   7.733813E+000   2.196502E+000   7.559642E+000   2.267893E+000   5.537311E+000   5.291749E+000   2.455617E-001
   46001      20     1.280000     1.340000   1.109154E+001   2.119397E+000   8.944732E+000   2.683420E+000   8.972146E+000   6.261312E+000   2.710834E+000
   46001      21     1.340000     1.420000   1.012492E+001   2.734978E+000   9.659098E+000   2.897729E+000   7.389943E+000   6.761369E+000   6.285740E-001
   46001      22     1.420000     1.460000   4.444646E+000   2.831062E-001   1.530310E+000   4.590929E-001   4.161539E+000   1.071217E+000   3.090323E+000
   46001      23     1.460000     1.490000   3.316959E+000   9.400140E-001   3.246945E+000   9.740834E-001   2.376945E+000   2.272861E+000   1.040837E-001
   46001      24     1.490000     1.520000   3.416012E+000   7.192033E-001   2.900378E+000   8.701134E-001   2.696808E+000   2.030265E+000   6.665437E-001
   46001      25     1.520000     1.680000   2.089115E+001   1.460690E+000   8.807510E+000   2.642253E+000   1.943046E+001   6.165257E+000   1.326520E+001
   46001      26     1.680000     1.740000   7.400301E+000   2.191775E+000   7.361921E+000   2.208576E+000   5.208526E+000   5.153344E+000   5.518179E-002
   46001      27     1.740000     1.820000   6.859941E+000   1.864792E+000   6.604603E+000   1.981381E+000   4.995149E+000   4.623222E+000   3.719269E-001
   46001      28     1.820000     1.940000   7.844991E+000   1.240059E+000   5.533994E+000   1.660198E+000   6.604933E+000   3.873796E+000   2.731137E+000
   46001      29     1.940000     2.200000   1.524385E+001   9.824916E-001   4.718360E+000   1.415508E+000   1.426136E+001   3.302852E+000   1.095851E+001
   46001      30     2.200000     2.300000   5.897529E+000   1.691275E+000   5.801572E+000   1.740472E+000   4.206253E+000   4.061101E+000   1.451526E-001
   46001      31     2.300000     2.450000   6.412228E+000   1.923233E+000   6.410206E+000   1.923062E+000   4.488995E+000   4.487144E+000   1.851179E-003
   46001      32     2.450000     2.550000   2.808749E+000   5.852969E-001   2.389386E+000   7.168157E-001   2.223452E+000   1.672570E+000   5.508823E-001
   46001      33     2.550000     2.650000   2.466453E+000   2.386178E-001   1.170600E+000   3.511799E-001   2.227836E+000   8.194198E-001   1.408416E+000
   46001      34     2.650000     2.900000   5.107089E+000   5.799661E-003   1.222815E-001   3.668445E-002   5.101289E+000   8.559705E-002   5.015692E+000
   46001      35     2.900000     3.200000   4.829501E+000   4.420648E-001   2.655577E+000   7.966731E-001   4.387436E+000   1.858904E+000   2.528532E+000
   46001      36     3.200000     3.500000   4.479548E+000   8.811387E-001   3.862608E+000   1.158782E+000   3.598409E+000   2.703825E+000   8.945838E-001
   46001      37     3.500000     3.900000   5.317470E+000   1.266010E+000   4.904703E+000   1.471411E+000   4.051460E+000   3.433292E+000   6.181682E-001
   46001      38     3.900000     5.500000   8.889375E+000   4.318794E-001   2.199363E+000   6.598089E-001   8.457496E+000   1.539554E+000   6.917942E+000
   46001      39     5.500000     6.500000   2.171822E+000   6.314049E-001   2.148958E+000   6.446875E-001   1.540417E+000   1.504271E+000   3.614599E-002
   46001      40     6.500000     7.000000   6.459457E-001   5.007050E-002   3.809067E-001   1.142720E-001   5.958752E-001   2.666347E-001   3.292406E-001
   46001      41     7.000000     9.000000   1.525571E+000   8.216190E-002   5.016564E-001   1.504969E-001   1.443409E+000   3.511595E-001   1.092250E+000
   46001      42     9.000000    20.000000   1.633159E+000   2.022686E-002   2.085181E-001   6.255543E-002   1.612932E+000   1.459627E-001   1.466969E+000
   46101       1     0.200000     0.300000   5.582456E-006   3.540013E-006   2.917776E-006   8.753329E-007   2.042443E-006   2.042443E-006  -9.500338E-015
   46101       2     0.300000     0.345000   2.557270E-003   1.374824E-003   1.689209E-003   5.067628E-004   1.182447E-003   1.182447E-003  -8.478979E-013
   46101       3     0.345000     0.385000   2.512764E-003   1.152240E-003   1.943607E-003   5.830820E-004   1.360525E-003   1.360525E-003  -2.709599E-012
   46101       4     0.385000     0.420000   1.293223E-002   5.311610E-003   1.088660E-002   3.265979E-003   7.620618E-003   7.620618E-003   3.515653E-012
   46101       5     0.420000     0.450000   2.349464E-002   8.965829E-003   2.075544E-002   6.226633E-003   1.452881E-002   1.452881E-002  -1.596985E-012
   46101       6     0.450000     0.500000   1.310848E-001   4.710132E-002   1.199763E-001   3.599290E-002   8.398344E-002   8.398344E-002   1.200673E-011
   46101       7     0.500000     0.550000   1.748537E-001   5.938044E-002   1.649618E-001   4.948854E-002   1.154733E-001   1.154733E-001  -8.124237E-012
   46101       8     0.550000     0.610000   2.295775E-001   7.513492E-002   2.206277E-001   6.618830E-002   1.544426E-001   1.544394E-001   3.230778E-006
   46101       9     0.610000     0.690000   5.693172E-001   1.805388E-001   5.553270E-001   1.665981E-001   3.887784E-001   3.887289E-001   4.950588E-005
   46101      10     0.690000     0.780000   2.472789E+000   7.670108E-001   2.436463E+000   7.309388E-001   1.705778E+000   1.705524E+000   2.544713E-004
   46101      11     0.780000     0.800000   1.063069E+000   3.220188E-001   1.044900E+000   3.134699E-001   7.410506E-001   7.314299E-001   9.620713E-003
   46101      12     0.800000     0.870000   5.878988E+000   1.794797E+000   5.815023E+000   1.744507E+000   4.084191E+000   4.070516E+000   1.367466E-002
   46101      13     0.870000     0.880000   8.736691E-001   2.564440E-001   8.539734E-001   2.561920E-001   6.172250E-001   5.977814E-001   1.944368E-002
   46101      14     0.880000     1.030000   2.249240E+001   6.814106E+000   2.235663E+001   6.706988E+000   1.567830E+001   1.564964E+001   2.866127E-002
   46101      15     1.030000     1.080000   9.248799E+000   2.375344E+000   8.580673E+000   2.574202E+000   6.873455E+000   6.006471E+000   8.669839E-001
   46101      16     1.080000     1.140000   1.173685E+001   3.452320E+000   1.159187E+001   3.477560E+000   8.284530E+000   8.114306E+000   1.702245E-001
   46101      17     1.140000     1.200000   1.143670E+001   3.434320E+000   1.139325E+001   3.417975E+000   8.002377E+000   7.975274E+000   2.710223E-002
   46101      18     1.200000     1.240000   8.097833E+000   7.511896E-001   4.304003E+000   1.291201E+000   7.346643E+000   3.012802E+000   4.333841E+000
   46101      19     1.240000     1.280000   7.733813E+000   2.197125E+000   7.560361E+000   2.268108E+000   5.536688E+000   5.292253E+000   2.444354E-001
   46101      20     1.280000     1.340000   1.109154E+001   2.121296E+000   8.947371E+000   2.684211E+000   8.970246E+000   6.263160E+000   2.707087E+000
   46101      21     1.340000     1.420000   1.012492E+001   2.736169E+000   9.660663E+000   2.898199E+000   7.388752E+000   6.762464E+000   6.262873E-001
   46101      22     1.420000     1.460000   4.444646E+000   2.850004E-001   1.538435E+000   4.615304E-001   4.159645E+000   1.076904E+000   3.082741E+000
   46101      23     1.460000     1.490000   3.316959E+000   9.423253E-001   3.249801E+000   9.749404E-001   2.374634E+000   2.274861E+000   9.977263E-002
   46101      24     1.490000     1.520000   3.416012E+000   7.204375E-001   2.902128E+000   8.706383E-001   2.695574E+000   2.031489E+000   6.640848E-001
   46101      25     1.520000     1.680000   2.089115E+001   1.473489E+000   8.843930E+000   2.653179E+000   1.941766E+001   6.190751E+000   1.322691E+001
   46101      26     1.680000     1.740000   7.400301E+000   2.192609E+000   7.362865E+000   2.208860E+000   5.207693E+000   5.154006E+000   5.368682E-002
   46101      27     1.740000     1.820000   6.859941E+000   1.869525E+000   6.611706E+000   1.983512E+000   4.990416E+000   4.628194E+000   3.622217E-001
   46101      28     1.820000     1.940000   7.844991E+000   1.246272E+000   5.549899E+000   1.664970E+000   6.598719E+000   3.884929E+000   2.713790E+000
   46101      29     1.940000     2.200000   1.524385E+001   9.883404E-001   4.739169E+000   1.421751E+000   1.425551E+001   3.317419E+000   1.093809E+001
   46101      30     2.200000     2.300000   5.897529E+000   1.691978E+000   5.802430E+000   1.740729E+000   4.205551E+000   4.061701E+000   1.438499E-001
   46101      31     2.300000     2.450000   6.412228E+000   1.923266E+000   6.410243E+000   1.923073E+000   4.488962E+000   4.487170E+000   1.791217E-003
   46101      32     2.450000     2.550000   2.808749E+000   5.884165E-001   2.395430E+000   7.186289E-001   2.220333E+000   1.676801E+000   5.435320E-001
   46101      33     2.550000     2.650000   2.466453E+000   2.413697E-001   1.178464E+000   3.535393E-001   2.225084E+000   8.249250E-001   1.400159E+000
   46101      34     2.650000     2.900000   5.107089E+000   6.050093E-003   1.256063E-001   3.768190E-002   5.101039E+000   8.792444E-002   5.013115E+000
   46101      35     2.900000     3.200000   4.829501E+000   4.466160E-001   2.668072E+000   8.004217E-001   4.382885E+000   1.867651E+000   2.515234E+000
   46101      36     3.200000     3.500000   4.479548E+000   8.801936E-001   3.861090E+000   1.158327E+000   3.599354E+000   2.702763E+000   8.965913E-001
   46101      37     3.500000     3.900000   5.317470E+000   1.262597E+000   4.899702E+000   1.469910E+000   4.054874E+000   3.429791E+000   6.250825E-001
   46101      38     3.900000     5.500000   8.889375E+000   4.337458E-001   2.211384E+000   6.634151E-001   8.455629E+000   1.547969E+000   6.907661E+000
   46101      39     5.500000     6.500000   2.171822E+000   6.315585E-001   2.149137E+000   6.447411E-001   1.540263E+000   1.504396E+000   3.586727E-002
   46101      40     6.500000     7.000000   6.459457E-001   4.980964E-002   3.799356E-001   1.139807E-001   5.961361E-001   2.659549E-001   3.301812E-001
   46101      41     7.000000     9.000000   1.525571E+000   8.245095E-002   5.006669E-001   1.502001E-001   1.443120E+000   3.504668E-001   1.092653E+000
   46101      42     9.000000    20.000000   1.633159E+000   2.120651E-002   2.143346E-001   6.430038E-002   1.611952E+000   1.500342E-001   1.461918E+000
   46201       1     0.200000     0.300000   5.582456E-006   3.540013E-006   2.917776E-006   8.753329E-007   2.042443E-006   2.042443E-006  -9.500338E-015
   46201       2     0.300000     0.345000   2.557270E-003   1.374824E-003   1.689209E-003   5.067628E-004   1.182447E-003   1.182447E-003  -8.478979E-013
   46201       3     0.345000     0.385000   2.512764E-003   1.152240E-003   1.943607E-003   5.830820E-004   1.360525E-003   1.360525E-003  -2.713115E-012
   46201       4     0.385000     0.420000   1.293223E-002   5.311610E-003   1.088660E-002   3.265979E-003   7.620618E-003   7.620618E-003   2.457638E-012
   46201       5     0.420000     0.450000   2.349464E-002   8.965829E-003   2.075544E-002   6.226633E-003   1.452881E-002   1.452881E-002  -8.233041E-012
   46201       6     0.450000     0.500000   1.310848E-001   4.710132E-002   1.199763E-001   3.599290E-002   8.398344E-002   8.398344E-002   2.257321E-011
   46201       7     0.500000     0.550000   1.748537E-001   5.938044E-002   1.649618E-001   4.948854E-002   1.154733E-001   1.154733E-001  -1.591140E-011
   46201       8     0.550000     0.610000   2.295775E-001   7.513492E-002   2.206277E-001   6.618830E-002   1.544426E-001   1.544394E-001   3.236670E-006
   46201       9     0.610000     0.690000   5.693172E-001   1.805388E-001   5.553270E-001   1.665981E-001   3.887784E-001   3.887289E-001   4.952221E-005
   46201      10     0.690000     0.780000   2.472789E+000   7.670109E-001   2.436463E+000   7.309388E-001   1.705778E+000   1.705524E+000   2.542672E-004
   46201      11     0.780000     0.800000   1.063069E+000   3.220197E-001   1.044900E+000   3.134701E-001   7.410497E-001   7.314303E-001   9.619396E-003
   46201      12     0.800000     0.870000   5.878988E+000   1.794787E+000   5.815009E+000   1.744503E+000   4.084201E+000   4.070506E+000   1.369525E-002
   46201      13     0.870000     0.880000   8.736691E-001   2.564651E-001   8.539972E-001   2.561992E-001   6.172040E-001   5.977980E-001   1.940592E-002
   46201      14     0.880000     1.030000   2.249240E+001   6.814109E+000   2.235663E+001   6.706988E+000   1.567830E+001   1.564964E+001   2.865637E-002
   46201      15     1.030000     1.080000   9.248799E+000   2.375754E+000   8.581101E+000   2.574330E+000   6.873045E+000   6.006771E+000   8.662746E-001
   46201      16     1.080000     1.140000   1.173685E+001   3.452352E+000   1.159190E+001   3.477569E+000   8.284498E+000   8.114327E+000   1.701711E-001
   46201      17     1.140000     1.200000   1.143670E+001   3.434347E+000   1.139328E+001   3.417984E+000   8.002350E+000   7.975295E+000   2.705493E-002
   46201      18     1.200000     1.240000   8.097833E+000   7.549574E-001   4.312832E+000   1.293850E+000   7.342875E+000   3.018982E+000   4.323893E+000
   46201      19     1.240000     1.280000   7.733813E+000   2.197675E+000   7.560994E+000   2.268298E+000   5.536138E+000   5.292696E+000   2.434422E-001
   46201      20     1.280000     1.340000   1.109154E+001   2.123014E+000   8.949742E+000   2.684923E+000   8.968529E+000   6.264820E+000   2.703709E+000
   46201      21     1.340000     1.420000   1.012492E+001   2.737242E+000   9.662068E+000   2.898620E+000   7.387679E+000   6.763447E+000   6.242318E-001
   46201      22     1.420000     1.460000   4.444646E+000   2.867585E-001   1.545903E+000   4.637710E-001   4.157887E+000   1.082132E+000   3.075755E+000
   46201      23     1.460000     1.490000   3.316959E+000   9.443647E-001   3.252310E+000   9.756931E-001   2.372594E+000   2.276617E+000   9.597702E-002
   46201      24     1.490000     1.520000   3.416012E+000   7.215442E-001   2.903693E+000   8.711080E-001   2.694467E+000   2.032585E+000   6.618821E-001
   46201      25     1.520000     1.680000   2.089115E+001   1.485198E+000   8.877121E+000   2.663136E+000   1.940595E+001   6.213985E+000   1.319197E+001
   46201      26     1.680000     1.740000   7.400301E+000   2.193345E+000   7.363700E+000   2.209110E+000   5.206956E+000   5.154590E+000   5.236638E-002
   46201      27     1.740000     1.820000   6.859941E+000   1.873809E+000   6.618078E+000   1.985423E+000   4.986132E+000   4.632655E+000   3.534777E-001
   46201      28     1.820000     1.940000   7.844991E+000   1.251966E+000   5.564398E+000   1.669319E+000   6.593025E+000   3.895079E+000   2.697947E+000
   46201      29     1.940000     2.200000   1.524385E+001   9.936598E-001   4.758149E+000   1.427445E+000   1.425019E+001   3.330704E+000   1.091949E+001
   46201      30     2.200000     2.300000   5.897529E+000   1.692607E+000   5.803197E+000   1.740959E+000   4.204921E+000   4.062238E+000   1.426836E-001
   46201      31     2.300000     2.450000   6.412228E+000   1.923296E+000   6.410277E+000   1.923083E+000   4.488932E+000   4.487194E+000   1.738279E-003
   46201      32     2.450000     2.550000   2.808749E+000   5.912525E-001   2.400904E+000   7.202711E-001   2.217497E+000   1.680633E+000   5.368641E-001
   46201      33     2.550000     2.650000   2.466453E+000   2.438853E-001   1.185606E+000   3.556819E-001   2.222568E+000   8.299245E-001   1.392644E+000
   46201      34     2.650000     2.900000   5.107089E+000   6.284888E-003   1.287070E-001   3.861210E-002   5.100804E+000   9.009489E-002   5.010709E+000
   46201      35     2.900000     3.200000   4.829501E+000   4.507708E-001   2.679413E+000   8.038240E-001   4.378730E+000   1.875589E+000   2.503141E+000
   46201      36     3.200000     3.500000   4.479548E+000   8.793101E-001   3.859666E+000   1.157900E+000   3.600238E+000   2.701766E+000   8.984720E-001
   46201      37     3.500000     3.900000   5.317470E+000   1.259471E+000   4.895104E+000   1.468531E+000   4.057999E+000   3.426573E+000   6.314265E-001
   46201      38     3.900000     5.500000   8.889375E+000   4.355027E-001   2.222499E+000   6.667496E-001   8.453873E+000   1.555749E+000   6.898123E+000
   46201      39     5.500000     6.500000   2.171822E+000   6.316909E-001   2.149291E+000   6.447872E-001   1.540131E+000   1.504504E+000   3.562723E-002
   46201      40     6.500000     7.000000   6.459457E-001   4.957436E-002   3.790568E-001   1.137170E-001   5.963714E-001   2.653398E-001   3.310316E-001
   46201      41     7.000000     9.000000   1.525571E+000   8.271386E-002   4.998115E-001   1.499434E-001   1.442857E+000   3.498680E-001   1.092989E+000
   46201      42     9.000000    20.000000   1.633159E+000   2.213382E-002   2.197330E-001   6.591990E-002   1.611025E+000   1.538131E-001   1.457212E+000
   46301       1     0.200000     0.300000   5.582456E-006   3.540013E-006   2.917776E-006   8.753329E-007   2.042443E-006   2.042443E-006  -9.500338E-015
   46301       2     0.300000     0.345000   2.557270E-003   1.374824E-003   1.689209E-003   5.067628E-004   1.182447E-003   1.182447E-003  -8.478979E-013
   46301       3     0.345000     0.385000   2.512764E-003   1.152240E-003   1.943607E-003   5.830820E-004   1.360525E-003   1.360525E-003  -1.733941E-012
   46301       4     0.385000     0.420000   1.293223E-002   5.311610E-003   1.088660E-002   3.265979E-003   7.620618E-003   7.620618E-003   2.130952E-013
   46301       5     0.420000     0.450000   2.349464E-002   8.965829E-003   2.075544E-002   6.226633E-003   1.452881E-002   1.452881E-002  -1.349723E-011
   46301       6     0.450000     0.500000   1.310848E-001   4.710132E-002   1.199763E-001   3.599290E-002   8.398344E-002   8.398344E-002   3.354797E-011
   46301       7     0.500000     0.550000   1.748537E-001   5.938044E-002   1.649618E-001   4.948854E-002   1.154733E-001   1.154733E-001  -3.424855E-011
   46301       8     0.550000     0.610000   2.295775E-001   7.513492E-002   2.206277E-001   6.618830E-002   1.544426E-001   1.544394E-001   3.241983E-006
   46301       9     0.610000     0.690000   5.693172E-001   1.805388E-001   5.553270E-001   1.665981E-001   3.887784E-001   3.887289E-001   4.953704E-005
   46301      10     0.690000     0.780000   2.472789E+000   7.670110E-001   2.436463E+000   7.309389E-001   1.705778E+000   1.705524E+000   2.540852E-004
   46301      11     0.780000     0.800000   1.063069E+000   3.220205E-001   1.044901E+000   3.134703E-001   7.410489E-001   7.314307E-001   9.618184E-003
   46301      12     0.800000     0.870000   5.878988E+000   1.794777E+000   5.814995E+000   1.744499E+000   4.084211E+000   4.070497E+000   1.371406E-002
   46301      13     0.870000     0.880000   8.736691E-001   2.564841E-001   8.540186E-001   2.562056E-001   6.171850E-001   5.978130E-001   1.937196E-002
   46301      14     0.880000     1.030000   2.249240E+001   6.814111E+000   2.235663E+001   6.706989E+000   1.567829E+001   1.564964E+001   2.865218E-002
   46301      15     1.030000     1.080000   9.248799E+000   2.376119E+000   8.581479E+000   2.574444E+000   6.872680E+000   6.007035E+000   8.656447E-001
   46301      16     1.080000     1.140000   1.173685E+001   3.452380E+000   1.159192E+001   3.477576E+000   8.284470E+000   8.114345E+000   1.701247E-001
   46301      17     1.140000     1.200000   1.143670E+001   3.434370E+000   1.139330E+001   3.417991E+000   8.002327E+000   7.975313E+000   2.701382E-002
   46301      18     1.200000     1.240000   8.097833E+000   7.584098E-001   4.320894E+000   1.296268E+000   7.339423E+000   3.024626E+000   4.314797E+000
   46301      19     1.240000     1.280000   7.733813E+000   2.198160E+000   7.561552E+000   2.268466E+000   5.535654E+000   5.293086E+000   2.425674E-001
   46301      20     1.280000     1.340000   1.109154E+001   2.124567E+000   8.951875E+000   2.685562E+000   8.966975E+000   6.266312E+000   2.700663E+000
   46301      21     1.340000     1.420000   1.012492E+001   2.738208E+000   9.663329E+000   2.898999E+000   7.386713E+000   6.764330E+000   6.223826E-001
   46301      22     1.420000     1.460000   4.444646E+000   2.883837E-001   1.552747E+000   4.658242E-001   4.156262E+000   1.086923E+000   3.069339E+000
   46301      23     1.460000     1.490000   3.316959E+000   9.461574E-001   3.254507E+000   9.763520E-001   2.370801E+000   2.278155E+000   9.264693E-002
   46301      24     1.490000     1.520000   3.416012E+000   7.225364E-001   2.905094E+000   8.715283E-001   2.693475E+000   2.033566E+000   6.599091E-001
   46301      25     1.520000     1.680000   2.089115E+001   1.495896E+000   8.907354E+000   2.672206E+000   1.939525E+001   6.235148E+000   1.316010E+001
   46301      26     1.680000     1.740000   7.400301E+000   2.193995E+000   7.364435E+000   2.209331E+000   5.206307E+000   5.155105E+000   5.120205E-002
   46301      27     1.740000     1.820000   6.859941E+000   1.877672E+000   6.623780E+000   1.987134E+000   4.982269E+000   4.636646E+000   3.456232E-001
   46301      28     1.820000     1.940000   7.844991E+000   1.257173E+000   5.577597E+000   1.673279E+000   6.587818E+000   3.904318E+000   2.683500E+000
   46301      29     1.940000     2.200000   1.524385E+001   9.984858E-001   4.775406E+000   1.432622E+000   1.424536E+001   3.342784E+000   1.090258E+001
   46301      30     2.200000     2.300000   5.897529E+000   1.693171E+000   5.803884E+000   1.741165E+000   4.204358E+000   4.062719E+000   1.416387E-001
   46301      31     2.300000     2.450000   6.412228E+000   1.923322E+000   6.410306E+000   1.923092E+000   4.488906E+000   4.487214E+000   1.691593E-003
   46301      32     2.450000     2.550000   2.808749E+000   5.938248E-001   2.405853E+000   7.217560E-001   2.214924E+000   1.684097E+000   5.308272E-001
   46301      33     2.550000     2.650000   2.466453E+000   2.461705E-001   1.192067E+000   3.576200E-001   2.220283E+000   8.344467E-001   1.385836E+000
   46301      34     2.650000     2.900000   5.107089E+000   6.503864E-003   1.315823E-001   3.947468E-002   5.100585E+000   9.210760E-002   5.008478E+000
   46301      35     2.900000     3.200000   4.829501E+000   4.545568E-001   2.689696E+000   8.069087E-001   4.374944E+000   1.882787E+000   2.492157E+000
   46301      36     3.200000     3.500000   4.479548E+000   8.784838E-001   3.858329E+000   1.157499E+000   3.601064E+000   2.700830E+000   9.002336E-001
   46301      37     3.500000     3.900000   5.317470E+000   1.256609E+000   4.890880E+000   1.467264E+000   4.060861E+000   3.423616E+000   6.372453E-001
   46301      38     3.900000     5.500000   8.889375E+000   4.371468E-001   2.232734E+000   6.698202E-001   8.452228E+000   1.562914E+000   6.889315E+000
   46301      39     5.500000     6.500000   2.171822E+000   6.318043E-001   2.149422E+000   6.448267E-001   1.540017E+000   1.504596E+000   3.542164E-002
   46301      40     6.500000     7.000000   6.459457E-001   4.936150E-002   3.782591E-001   1.134777E-001   5.965842E-001   2.647814E-001   3.318028E-001
   46301      41     7.000000     9.000000   1.525571E+000   8.295286E-002   4.990630E-001   1.497189E-001   1.442618E+000   3.493441E-001   1.093274E+000
   46301      42     9.000000    20.000000   1.633159E+000   2.300221E-002   2.247028E-001   6.741083E-002   1.610157E+000   1.572919E-001   1.452865E+000
   46401       1     0.200000     0.300000   5.582456E-006   3.540013E-006   2.917776E-006   8.753329E-007   2.042443E-006   2.042443E-006  -9.500338E-015
   46401       2     0.300000     0.345000   2.557270E-003   1.374824E-003   1.689209E-003   5.067628E-004   1.182447E-003   1.182447E-003  -8.478979E-013
   46401       3     0.345000     0.385000   2.512764E-003   1.152240E-003   1.943607E-003   5.830820E-004   1.360525E-003   1.360525E-003  -1.808925E-012
   46401       4     0.385000     0.420000   1.293223E-002   5.311610E-003   1.088660E-002   3.265979E-003   7.620618E-003   7.620618E-003   1.299051E-012
   46401       5     0.420000     0.450000   2.349464E-002   8.965829E-003   2.075544E-002   6.226633E-003   1.452881E-002   1.452881E-002  -1.272610E-011
   46401       6     0.450000     0.500000   1.310848E-001   4.710132E-002   1.199763E-001   3.599290E-002   8.398344E-002   8.398344E-002  -2.369299E-012
   46401       7     0.500000     0.550000   1.748537E-001   5.938044E-002   1.649618E-001   4.948854E-002   1.154733E-001   1.154733E-001  -8.432967E-011
   46401       8     0.550000     0.610000   2.295775E-001   7.513492E-002   2.206277E-001   6.618830E-002   1.544426E-001   1.544394E-001   3.246787E-006
   46401       9     0.610000     0.690000   5.693172E-001   1.805388E-001   5.553269E-001   1.665981E-001   3.887784E-001   3.887289E-001   4.955053E-005
   46401      10     0.690000     0.780000   2.472789E+000   7.670111E-001   2.436463E+000   7.309389E-001   1.705778E+000   1.705524E+000   2.539223E-004
   46401      11     0.780000     0.800000   1.063069E+000   3.220212E-001   1.044902E+000   3.134705E-001   7.410482E-001   7.314311E-001   9.617098E-003
   46401      12     0.800000     0.870000   5.878988E+000   1.794769E+000   5.814983E+000   1.744495E+000   4.084220E+000   4.070488E+000   1.373127E-002
   46401      13     0.870000     0.880000   8.736691E-001   2.565012E-001   8.540379E-001   2.562114E-001   6.171679E-001   5.978266E-001   1.934135E-002
   46401      14     0.880000     1.030000   2.249240E+001   6.814113E+000   2.235663E+001   6.706990E+000   1.567829E+001   1.564964E+001   2.864858E-002
   46401      15     1.030000     1.080000   9.248799E+000   2.376445E+000   8.581815E+000   2.574545E+000   6.872354E+000   6.007271E+000   8.650830E-001
   46401      16     1.080000     1.140000   1.173685E+001   3.452405E+000   1.159194E+001   3.477583E+000   8.284445E+000   8.114361E+000   1.700843E-001
   46401      17     1.140000     1.200000   1.143670E+001   3.434390E+000   1.139333E+001   3.417998E+000   8.002307E+000   7.975329E+000   2.697796E-002
   46401      18     1.200000     1.240000   8.097833E+000   7.615757E-001   4.328262E+000   1.298479E+000   7.336257E+000   3.029784E+000   4.306473E+000
   46401      19     1.240000     1.280000   7.733813E+000   2.198589E+000   7.562045E+000   2.268614E+000   5.535225E+000   5.293432E+000   2.417930E-001
   46401      20     1.280000     1.340000   1.109154E+001   2.125976E+000   8.953798E+000   2.686139E+000   8.965567E+000   6.267658E+000   2.697908E+000
   46401      21     1.340000     1.420000   1.012492E+001   2.739081E+000   9.664465E+000   2.899339E+000   7.385840E+000   6.765125E+000   6.207146E-001
   46401      22     1.420000     1.460000   4.444646E+000   2.898867E-001   1.559028E+000   4.677085E-001   4.154759E+000   1.091320E+000   3.063439E+000
   46401      23     1.460000     1.490000   3.316959E+000   9.477422E-001   3.256441E+000   9.769322E-001   2.369217E+000   2.279509E+000   8.970810E-002
   46401      24     1.490000     1.520000   3.416012E+000   7.234288E-001   2.906352E+000   8.719056E-001   2.692583E+000   2.034446E+000   6.581363E-001
   46401      25     1.520000     1.680000   2.089115E+001   1.505684E+000   8.934934E+000   2.680480E+000   1.938546E+001   6.254454E+000   1.313101E+001
   46401      26     1.680000     1.740000   7.400301E+000   2.194570E+000   7.365087E+000   2.209526E+000   5.205731E+000   5.155561E+000   5.017020E-002
   46401      27     1.740000     1.820000   6.859941E+000   1.881166E+000   6.628898E+000   1.988669E+000   4.978776E+000   4.640229E+000   3.385469E-001
   46401      28     1.820000     1.940000   7.844991E+000   1.261941E+000   5.589631E+000   1.676889E+000   6.583050E+000   3.912742E+000   2.670308E+000
   46401      29     1.940000     2.200000   1.524385E+001   1.002876E+000   4.791135E+000   1.437340E+000   1.424097E+001   3.353794E+000   1.088718E+001
   46401      30     2.200000     2.300000   5.897529E+000   1.693678E+000   5.804501E+000   1.741350E+000   4.203851E+000   4.063151E+000   1.406996E-001
   46401      31     2.300000     2.450000   6.412228E+000   1.923346E+000   6.410332E+000   1.923099E+000   4.488882E+000   4.487232E+000   1.650201E-003
   46401      32     2.450000     2.550000   2.808749E+000   5.961632E-001   2.410339E+000   7.231018E-001   2.212586E+000   1.687237E+000   5.253486E-001
   46401      33     2.550000     2.650000   2.466453E+000   2.482533E-001   1.197930E+000   3.593789E-001   2.218200E+000   8.385508E-001   1.379649E+000
   46401      34     2.650000     2.900000   5.107089E+000   6.708345E-003   1.342521E-001   4.027564E-002   5.100381E+000   9.397650E-002   5.006404E+000
   46401      35     2.900000     3.200000   4.829501E+000   4.580127E-001   2.699039E+000   8.097116E-001   4.371488E+000   1.889327E+000   2.482161E+000
   46401      36     3.200000     3.500000   4.479548E+000   8.777129E-001   3.857079E+000   1.157124E+000   3.601835E+000   2.699955E+000   9.018798E-001
   46401      37     3.500000     3.900000   5.317470E+000   1.253988E+000   4.886999E+000   1.466100E+000   4.063482E+000   3.420899E+000   6.425829E-001
   46401      38     3.900000     5.500000   8.889375E+000   4.386860E-001   2.242170E+000   6.726509E-001   8.450689E+000   1.569519E+000   6.881170E+000
   46401      39     5.500000     6.500000   2.171822E+000   6.319022E-001   2.149536E+000   6.448607E-001   1.539919E+000   1.504675E+000   3.524430E-002
   46401      40     6.500000     7.000000   6.459457E-001   4.916868E-002   3.775345E-001   1.132603E-001   5.967770E-001   2.642741E-001   3.325029E-001
   46401      41     7.000000     9.000000   1.525571E+000   8.317048E-002   4.984054E-001   1.495216E-001   1.442401E+000   3.488838E-001   1.093517E+000
   46401      42     9.000000    20.000000   1.633159E+000   2.381621E-002   2.292885E-001   6.878656E-002   1.609343E+000   1.605020E-001   1.448841E+000
   46501       1     0.200000     0.300000   5.582456E-006   3.540013E-006   2.917776E-006   8.753329E-007   2.042443E-006   2.042443E-006  -9.500338E-015
   46501       2     0.300000     0.345000   2.557270E-003   1.374824E-003   1.689209E-003   5.067628E-004   1.182447E-003   1.182447E-003  -8.478984E-013
   46501       3     0.345000     0.385000   2.512764E-003   1.152240E-003   1.943607E-003   5.830820E-004   1.360525E-003   1.360525E-003  -1.826063E-012
   46501       4     0.385000     0.420000   1.293223E-002   5.311610E-003   1.088660E-002   3.265979E-003   7.620618E-003   7.620618E-003   3.136266E-012
   46501       5     0.420000     0.450000   2.349464E-002   8.965829E-003   2.075544E-002   6.226633E-003   1.452881E-002   1.452881E-002  -1.374840E-011
   46501       6     0.450000     0.500000   1.310848E-001   4.710132E-002   1.199763E-001   3.599290E-002   8.398344E-002   8.398344E-002   2.115139E-011
   46501       7     0.500000     0.550000   1.748537E-001   5.938044E-002   1.649618E-001   4.948854E-002   1.154733E-001   1.154733E-001  -7.455979E-011
   46501       8     0.550000     0.610000   2.295775E-001   7.513491E-002   2.206277E-001   6.618830E-002   1.544426E-001   1.544394E-001   3.251142E-006
   46501       9     0.610000     0.690000   5.693172E-001   1.805388E-001   5.553269E-001   1.665981E-001   3.887784E-001   3.887289E-001   4.956281E-005
   46501      10     0.690000     0.780000   2.472789E+000   7.670112E-001   2.436463E+000   7.309389E-001   1.705778E+000   1.705524E+000   2.537759E-004
   46501      11     0.780000     0.800000   1.063069E+000   3.220218E-001   1.044902E+000   3.134706E-001   7.410476E-001   7.314314E-001   9.616114E-003
   46501      12     0.800000     0.870000   5.878988E+000   1.794761E+000   5.814972E+000   1.744492E+000   4.084228E+000   4.070481E+000   1.374706E-002
   46501      13     0.870000     0.880000   8.736691E-001   2.565166E-001   8.540554E-001   2.562166E-001   6.171525E-001   5.978388E-001   1.931367E-002
   46501      14     0.880000     1.030000   2.249240E+001   6.814115E+000   2.235663E+001   6.706990E+000   1.567829E+001   1.564964E+001   2.864543E-002
   46501      15     1.030000     1.080000   9.248799E+000   2.376738E+000   8.582115E+000   2.574634E+000   6.872060E+000   6.007480E+000   8.645802E-001
   46501      16     1.080000     1.140000   1.173685E+001   3.452426E+000   1.159196E+001   3.477589E+000   8.284424E+000   8.114375E+000   1.700488E-001
   46501      17     1.140000     1.200000   1.143670E+001   3.434408E+000   1.139335E+001   3.418004E+000   8.002289E+000   7.975343E+000   2.694646E-002
   46501      18     1.200000     1.240000   8.097833E+000   7.644820E-001   4.335006E+000   1.300502E+000   7.333351E+000   3.034504E+000   4.298847E+000
   46501      19     1.240000     1.280000   7.733813E+000   2.198971E+000   7.562484E+000   2.268745E+000   5.534843E+000   5.293739E+000   2.411038E-001
   46501      20     1.280000     1.340000   1.109154E+001   2.127256E+000   8.955537E+000   2.686661E+000   8.964287E+000   6.268876E+000   2.695411E+000
   46501      21     1.340000     1.420000   1.012492E+001   2.739871E+000   9.665491E+000   2.899647E+000   7.385049E+000   6.765844E+000   6.192057E-001
   46501      22     1.420000     1.460000   4.444646E+000   2.912767E-001   1.564796E+000   4.694389E-001   4.153369E+000   1.095358E+000   3.058011E+000
   46501      23     1.460000     1.490000   3.316959E+000   9.491496E-001   3.258153E+000   9.774459E-001   2.367809E+000   2.280707E+000   8.710206E-002
   46501      24     1.490000     1.520000   3.416012E+000   7.242336E-001   2.907485E+000   8.722455E-001   2.691778E+000   2.035240E+000   6.565384E-001
   46501      25     1.520000     1.680000   2.089115E+001   1.514649E+000   8.960134E+000   2.688040E+000   1.937650E+001   6.272094E+000   1.310440E+001
   46501      26     1.680000     1.740000   7.400301E+000   2.195083E+000   7.365667E+000   2.209700E+000   5.205219E+000   5.155967E+000   4.925174E-002
   46501      27     1.740000     1.820000   6.859941E+000   1.884331E+000   6.633507E+000   1.990052E+000   4.975610E+000   4.643455E+000   3.321554E-001
   46501      28     1.820000     1.940000   7.844991E+000   1.266312E+000   5.600620E+000   1.680186E+000   6.578679E+000   3.920434E+000   2.658245E+000
   46501      29     1.940000     2.200000   1.524385E+001   1.006876E+000   4.805492E+000   1.441647E+000   1.423697E+001   3.363844E+000   1.087313E+001
   46501      30     2.200000     2.300000   5.897529E+000   1.694135E+000   5.805058E+000   1.741517E+000   4.203393E+000   4.063541E+000   1.398527E-001
   46501      31     2.300000     2.450000   6.412228E+000   1.923366E+000   6.410355E+000   1.923106E+000   4.488862E+000   4.487248E+000   1.613334E-003
   46501      32     2.450000     2.550000   2.808749E+000   5.982924E-001   2.414414E+000   7.243242E-001   2.210457E+000   1.690090E+000   5.203671E-001
   46501      33     2.550000     2.650000   2.466453E+000   2.501533E-001   1.203258E+000   3.609775E-001   2.216300E+000   8.422808E-001   1.374019E+000
   46501      34     2.650000     2.900000   5.107089E+000   6.899255E-003   1.367306E-001   4.101918E-002   5.100190E+000   9.571143E-002   5.004478E+000
   46501      35     2.900000     3.200000   4.829501E+000   4.611714E-001   2.707543E+000   8.122630E-001   4.368330E+000   1.895280E+000   2.473049E+000
   46501      36     3.200000     3.500000   4.479548E+000   8.769943E-001   3.855911E+000   1.156773E+000   3.602554E+000   2.699137E+000   9.034161E-001
   46501      37     3.500000     3.900000   5.317470E+000   1.251585E+000   4.883430E+000   1.465029E+000   4.065885E+000   3.418401E+000   6.474837E-001
   46501      38     3.900000     5.500000   8.889375E+000   4.401255E-001   2.250871E+000   6.752613E-001   8.449250E+000   1.575610E+000   6.873640E+000
   46501      39     5.500000     6.500000   2.171822E+000   6.319872E-001   2.149634E+000   6.448903E-001   1.539834E+000   1.504744E+000   3.509049E-002
   46501      40     6.500000     7.000000   6.459457E-001   4.899357E-002   3.768745E-001   1.130624E-001   5.969522E-001   2.638122E-001   3.331400E-001
   46501      41     7.000000     9.000000   1.525571E+000   8.336883E-002   4.978241E-001   1.493472E-001   1.442202E+000   3.484769E-001   1.093725E+000
   46501      42     9.000000    20.000000   1.633159E+000   2.457745E-002   2.335173E-001   7.005518E-002   1.608581E+000   1.634621E-001   1.445119E+000
   46601       1     0.200000     0.300000   5.582456E-006   3.540013E-006   2.917776E-006   8.753329E-007   2.042443E-006   2.042443E-006  -9.500338E-015
   46601       2     0.300000     0.345000   2.557270E-003   1.374824E-003   1.689209E-003   5.067628E-004   1.182447E-003   1.182447E-003  -8.478984E-013
   46601       3     0.345000     0.385000   2.512764E-003   1.152240E-003   1.943607E-003   5.830820E-004   1.360525E-003   1.360525E-003  -8.411806E-013
   46601       4     0.385000     0.420000   1.293223E-002   5.311610E-003   1.088660E-002   3.265979E-003   7.620618E-003   7.620618E-003   3.153945E-012
   46601       5     0.420000     0.450000   2.349464E-002   8.965829E-003   2.075544E-002   6.226633E-003   1.452881E-002   1.452881E-002  -1.443285E-011
   46601       6     0.450000     0.500000   1.310848E-001   4.710132E-002   1.199763E-001   3.599290E-002   8.398344E-002   8.398344E-002   5.194539E-011
   46601       7     0.500000     0.550000   1.748537E-001   5.938044E-002   1.649618E-001   4.948854E-002   1.154733E-001   1.154733E-001  -7.054586E-011
   46601       8     0.550000     0.610000   2.295775E-001   7.513491E-002   2.206277E-001   6.618830E-002   1.544426E-001   1.544394E-001   3.255101E-006
   46601       9     0.610000     0.690000   5.693172E-001   1.805388E-001   5.553269E-001   1.665981E-001   3.887784E-001   3.887288E-001   4.957404E-005
   46601      10     0.690000     0.780000   2.472789E+000   7.670113E-001   2.436463E+000   7.309390E-001   1.705778E+000   1.705524E+000   2.536438E-004
   46601      11     0.780000     0.800000   1.063069E+000   3.220224E-001   1.044903E+000   3.134708E-001   7.410470E-001   7.314318E-001   9.615215E-003
   46601      12     0.800000     0.870000   5.878988E+000   1.794753E+000   5.814962E+000   1.744489E+000   4.084235E+000   4.070474E+000   1.376156E-002
   46601      13     0.870000     0.880000   8.736691E-001   2.565306E-001   8.540713E-001   2.562214E-001   6.171384E-001   5.978499E-001   1.928857E-002
   46601      14     0.880000     1.030000   2.249240E+001   6.814117E+000   2.235664E+001   6.706991E+000   1.567829E+001   1.564965E+001   2.864263E-002
   46601      15     1.030000     1.080000   9.248799E+000   2.377002E+000   8.582383E+000   2.574715E+000   6.871797E+000   6.007668E+000   8.641288E-001
   46601      16     1.080000     1.140000   1.173685E+001   3.452445E+000   1.159198E+001   3.477594E+000   8.284404E+000   8.114387E+000   1.700173E-001
   46601      17     1.140000     1.200000   1.143670E+001   3.434423E+000   1.139336E+001   3.418009E+000   8.002273E+000   7.975355E+000   2.691867E-002
   46601      18     1.200000     1.240000   8.097833E+000   7.671534E-001   4.341187E+000   1.302356E+000   7.330679E+000   3.038831E+000   4.291848E+000
   46601      19     1.240000     1.280000   7.733813E+000   2.199312E+000   7.562876E+000   2.268863E+000   5.534501E+000   5.294013E+000   2.404884E-001
   46601      20     1.280000     1.340000   1.109154E+001   2.128421E+000   8.957114E+000   2.687134E+000   8.963121E+000   6.269980E+000   2.693142E+000
   46601      21     1.340000     1.420000   1.012492E+001   2.740589E+000   9.666420E+000   2.899926E+000   7.384332E+000   6.766494E+000   6.178374E-001
   46601      22     1.420000     1.460000   4.444646E+000   2.925626E-001   1.570100E+000   4.710299E-001   4.152083E+000   1.099070E+000   3.053013E+000
   46601      23     1.460000     1.490000   3.316959E+000   9.504036E-001   3.259675E+000   9.779024E-001   2.366555E+000   2.281772E+000   8.478304E-002
   46601      24     1.490000     1.520000   3.416012E+000   7.249614E-001   2.908508E+000   8.725525E-001   2.691050E+000   2.035956E+000   6.550944E-001
   46601      25     1.520000     1.680000   2.089115E+001   1.522873E+000   8.983198E+000   2.694960E+000   1.936827E+001   6.288239E+000   1.308004E+001
   46601      26     1.680000     1.740000   7.400301E+000   2.195541E+000   7.366185E+000   2.209855E+000   5.204761E+000   5.156329E+000   4.843142E-002
   46601      27     1.740000     1.820000   6.859941E+000   1.887204E+000   6.637667E+000   1.991300E+000   4.972737E+000   4.646367E+000   3.263705E-001
   46601      28     1.820000     1.940000   7.844991E+000   1.270324E+000   5.610670E+000   1.683201E+000   6.574667E+000   3.927469E+000   2.647198E+000
   46601      29     1.940000     2.200000   1.524385E+001   1.010527E+000   4.818615E+000   1.445585E+000   1.423332E+001   3.373031E+000   1.086029E+001
   46601      30     2.200000     2.300000   5.897529E+000   1.694549E+000   5.805561E+000   1.741668E+000   4.202980E+000   4.063893E+000   1.390868E-001
   46601      31     2.300000     2.450000   6.412228E+000   1.923385E+000   6.410375E+000   1.923113E+000   4.488843E+000   4.487263E+000   1.580382E-003
   46601      32     2.450000     2.550000   2.808749E+000   6.002346E-001   2.418122E+000   7.254366E-001   2.208515E+000   1.692685E+000   5.158292E-001
   46601      33     2.550000     2.650000   2.466453E+000   2.518886E-001   1.208110E+000   3.624330E-001   2.214565E+000   8.456769E-001   1.368888E+000
   46601      34     2.650000     2.900000   5.107089E+000   7.077550E-003   1.390320E-001   4.170960E-002   5.100012E+000   9.732239E-002   5.002689E+000
   46601      35     2.900000     3.200000   4.829501E+000   4.640629E-001   2.715300E+000   8.145900E-001   4.365438E+000   1.900710E+000   2.464728E+000
   46601      36     3.200000     3.500000   4.479548E+000   8.763246E-001   3.854820E+000   1.156446E+000   3.603223E+000   2.698374E+000   9.048494E-001
   46601      37     3.500000     3.900000   5.317470E+000   1.249379E+000   4.880145E+000   1.464044E+000   4.068091E+000   3.416102E+000   6.519896E-001
   46601      38     3.900000     5.500000   8.889375E+000   4.414713E-001   2.258901E+000   6.776702E-001   8.447904E+000   1.581230E+000   6.866674E+000
   46601      39     5.500000     6.500000   2.171822E+000   6.320612E-001   2.149720E+000   6.449159E-001   1.539760E+000   1.504804E+000   3.495658E-002
   46601      40     6.500000     7.000000   6.459457E-001   4.883413E-002   3.762722E-001   1.128817E-001   5.971116E-001   2.633905E-001   3.337211E-001
   46601      41     7.000000     9.000000   1.525571E+000   8.354995E-002   4.973068E-001   1.491920E-001   1.442021E+000   3.481148E-001   1.093906E+000
   46601      42     9.000000    20.000000   1.633159E+000   2.528859E-002   2.374180E-001   7.122539E-002   1.607870E+000   1.661926E-001   1.441678E+000
   46701       1     0.200000     0.300000   5.582456E-006   3.540013E-006   2.917776E-006   8.753329E-007   2.042443E-006   2.042443E-006  -9.500338E-015
   46701       2     0.300000     0.345000   2.557270E-003   1.374824E-003   1.689209E-003   5.067628E-004   1.182447E-003   1.182447E-003  -8.478984E-013
   46701       3     0.345000     0.385000   2.512764E-003   1.152240E-003   1.943607E-003   5.830820E-004   1.360525E-003   1.360525E-003  -8.411806E-013
   46701       4     0.385000     0.420000   1.293223E-002   5.311610E-003   1.088660E-002   3.265979E-003   7.620618E-003   7.620618E-003   3.593950E-012
   46701       5     0.420000     0.450000   2.349464E-002   8.965829E-003   2.075544E-002   6.226633E-003   1.452881E-002   1.452881E-002  -1.050605E-011
   46701       6     0.450000     0.500000   1.310848E-001   4.710132E-002   1.199763E-001   3.599290E-002   8.398344E-002   8.398344E-002   2.987804E-012
   46701       7     0.500000     0.550000   1.748537E-001   5.938044E-002   1.649618E-001   4.948854E-002   1.154733E-001   1.154733E-001  -8.214773E-011
   46701       8     0.550000     0.610000   2.295775E-001   7.513491E-002   2.206277E-001   6.618830E-002   1.544426E-001   1.544394E-001   3.258709E-006
   46701       9     0.610000     0.690000   5.693172E-001   1.805387E-001   5.553269E-001   1.665981E-001   3.887784E-001   3.887288E-001   4.958431E-005
   46701      10     0.690000     0.780000   2.472789E+000   7.670113E-001   2.436463E+000   7.309390E-001   1.705778E+000   1.705524E+000   2.535243E-004
   46701      11     0.780000     0.800000   1.063069E+000   3.220230E-001   1.044903E+000   3.134709E-001   7.410464E-001   7.314321E-001   9.614387E-003
   46701      12     0.800000     0.870000   5.878988E+000   1.794746E+000   5.814953E+000   1.744486E+000   4.084242E+000   4.070467E+000   1.377489E-002
   46701      13     0.870000     0.880000   8.736691E-001   2.565434E-001   8.540857E-001   2.562257E-001   6.171257E-001   5.978600E-001   1.926574E-002
   46701      14     0.880000     1.030000   2.249240E+001   6.814118E+000   2.235664E+001   6.706991E+000   1.567829E+001   1.564965E+001   2.864012E-002
   46701      15     1.030000     1.080000   9.248799E+000   2.377240E+000   8.582623E+000   2.574787E+000   6.871558E+000   6.007836E+000   8.637223E-001
   46701      16     1.080000     1.140000   1.173685E+001   3.452463E+000   1.159200E+001   3.477599E+000   8.284387E+000   8.114398E+000   1.699893E-001
   46701      17     1.140000     1.200000   1.143670E+001   3.434437E+000   1.139338E+001   3.418014E+000   8.002260E+000   7.975366E+000   2.689400E-002
   46701      18     1.200000     1.240000   8.097833E+000   7.696126E-001   4.346863E+000   1.304059E+000   7.328220E+000   3.042804E+000   4.285416E+000
   46701      19     1.240000     1.280000   7.733813E+000   2.199618E+000   7.563227E+000   2.268968E+000   5.534195E+000   5.294259E+000   2.399364E-001
   46701      20     1.280000     1.340000   1.109154E+001   2.129486E+000   8.958547E+000   2.687564E+000   8.962057E+000   6.270983E+000   2.691074E+000
   46701      21     1.340000     1.420000   1.012492E+001   2.741243E+000   9.667264E+000   2.900179E+000   7.383678E+000   6.767085E+000   6.165931E-001
   46701      22     1.420000     1.460000   4.444646E+000   2.937536E-001   1.574983E+000   4.724950E-001   4.150892E+000   1.102488E+000   3.048404E+000
   46701      23     1.460000     1.490000   3.316959E+000   9.515259E-001   3.261033E+000   9.783098E-001   2.365433E+000   2.282723E+000   8.271006E-002
   46701      24     1.490000     1.520000   3.416012E+000   7.256214E-001   2.909435E+000   8.728306E-001   2.690390E+000   2.036605E+000   6.537854E-001
   46701      25     1.520000     1.680000   2.089115E+001   1.530430E+000   9.004350E+000   2.701305E+000   1.936072E+001   6.303045E+000   1.305767E+001
   46701      26     1.680000     1.740000   7.400301E+000   2.195951E+000   7.366649E+000   2.209995E+000   5.204350E+000   5.156654E+000   4.769573E-002
   46701      27     1.740000     1.820000   6.859941E+000   1.889818E+000   6.641433E+000   1.992430E+000   4.970123E+000   4.649003E+000   3.211199E-001
   46701      28     1.820000     1.940000   7.844991E+000   1.274013E+000   5.619879E+000   1.685964E+000   6.570978E+000   3.933916E+000   2.637063E+000
   46701      29     1.940000     2.200000   1.524385E+001   1.013868E+000   4.830639E+000   1.449192E+000   1.422998E+001   3.381447E+000   1.084853E+001
   46701      30     2.200000     2.300000   5.897529E+000   1.694924E+000   5.806018E+000   1.741805E+000   4.202604E+000   4.064212E+000   1.383920E-001
   46701      31     2.300000     2.450000   6.412228E+000   1.923402E+000   6.410394E+000   1.923118E+000   4.488826E+000   4.487276E+000   1.550803E-003
   46701      32     2.450000     2.550000   2.808749E+000   6.020102E-001   2.421505E+000   7.264515E-001   2.206739E+000   1.695054E+000   5.116855E-001
   46701      33     2.550000     2.650000   2.466453E+000   2.534777E-001   1.212539E+000   3.637617E-001   2.212976E+000   8.487773E-001   1.364198E+000
   46701      34     2.650000     2.900000   5.107089E+000   7.244268E-003   1.411716E-001   4.235148E-002   5.099845E+000   9.882013E-002   5.001025E+000
   46701      35     2.900000     3.200000   4.829501E+000   4.667150E-001   2.722391E+000   8.167173E-001   4.362786E+000   1.905674E+000   2.457112E+000
   46701      36     3.200000     3.500000   4.479548E+000   8.757004E-001   3.853801E+000   1.156140E+000   3.603847E+000   2.697661E+000   9.061867E-001
   46701      37     3.500000     3.900000   5.317470E+000   1.247350E+000   4.877116E+000   1.463135E+000   4.070120E+000   3.413981E+000   6.561388E-001
   46701      38     3.900000     5.500000   8.889375E+000   4.427300E-001   2.266321E+000   6.798962E-001   8.446645E+000   1.586424E+000   6.860221E+000
   46701      39     5.500000     6.500000   2.171822E+000   6.321260E-001   2.149795E+000   6.449384E-001   1.539696E+000   1.504856E+000   3.483935E-002
   46701      40     6.500000     7.000000   6.459457E-001   4.868858E-002   3.757210E-001   1.127163E-001   5.972572E-001   2.630047E-001   3.342525E-001
   46701      41     7.000000     9.000000   1.525571E+000   8.371561E-002   4.968434E-001   1.490530E-001   1.441855E+000   3.477903E-001   1.094065E+000
   46701      42     9.000000    20.000000   1.633159E+000   2.595346E-002   2.410227E-001   7.230681E-002   1.607205E+000   1.687159E-001   1.438490E+000
   46801       1     0.200000     0.300000   5.582456E-006   3.540013E-006   2.917776E-006   8.753329E-007   2.042443E-006   2.042443E-006  -9.500338E-015
   46801       2     0.300000     0.345000   2.557270E-003   1.374824E-003   1.689209E-003   5.067628E-004   1.182447E-003   1.182447E-003  -8.478984E-013
   46801       3     0.345000     0.385000   2.512764E-003   1.152240E-003   1.943607E-003   5.830820E-004   1.360525E-003   1.360525E-003  -1.127398E-012
   46801       4     0.385000     0.420000   1.293223E-002   5.311610E-003   1.088660E-002   3.265979E-003   7.620618E-003   7.620618E-003   4.225543E-012
   46801       5     0.420000     0.450000   2.349464E-002   8.965829E-003   2.075544E-002   6.226633E-003   1.452881E-002   1.452881E-002  -1.201488E-011
   46801       6     0.450000     0.500000   1.310848E-001   4.710132E-002   1.199763E-001   3.599290E-002   8.398344E-002   8.398344E-002  -4.427701E-011
   46801       7     0.500000     0.550000   1.748537E-001   5.938044E-002   1.649618E-001   4.948854E-002   1.154733E-001   1.154733E-001  -3.031207E-011
   46801       8     0.550000     0.610000   2.295775E-001   7.513491E-002   2.206277E-001   6.618830E-002   1.544426E-001   1.544394E-001   3.262005E-006
   46801       9     0.610000     0.690000   5.693172E-001   1.805387E-001   5.553269E-001   1.665981E-001   3.887784E-001   3.887288E-001   4.959373E-005
   46801      10     0.690000     0.780000   2.472789E+000   7.670114E-001   2.436463E+000   7.309390E-001   1.705778E+000   1.705524E+000   2.534160E-004
   46801      11     0.780000     0.800000   1.063069E+000   3.220235E-001   1.044903E+000   3.134710E-001   7.410460E-001   7.314323E-001   9.613625E-003
   46801      12     0.800000     0.870000   5.878988E+000   1.794740E+000   5.814944E+000   1.744483E+000   4.084248E+000   4.070461E+000   1.378717E-002
   46801      13     0.870000     0.880000   8.736691E-001   2.565550E-001   8.540988E-001   2.562296E-001   6.171141E-001   5.978692E-001   1.924492E-002
   46801      14     0.880000     1.030000   2.249240E+001   6.814120E+000   2.235664E+001   6.706992E+000   1.567829E+001   1.564965E+001   2.863786E-002
   46801      15     1.030000     1.080000   9.248799E+000   2.377456E+000   8.582840E+000   2.574852E+000   6.871343E+000   6.007988E+000   8.633547E-001
   46801      16     1.080000     1.140000   1.173685E+001   3.452478E+000   1.159201E+001   3.477603E+000   8.284372E+000   8.114408E+000   1.699642E-001
   46801      17     1.140000     1.200000   1.143670E+001   3.434450E+000   1.139339E+001   3.418018E+000   8.002247E+000   7.975375E+000   2.687199E-002
   46801      18     1.200000     1.240000   8.097833E+000   7.718803E-001   4.352085E+000   1.305625E+000   7.325952E+000   3.046459E+000   4.279493E+000
   46801      19     1.240000     1.280000   7.733813E+000   2.199894E+000   7.563543E+000   2.269063E+000   5.533919E+000   5.294480E+000   2.394390E-001
   46801      20     1.280000     1.340000   1.109154E+001   2.130459E+000   8.959854E+000   2.687956E+000   8.961083E+000   6.271898E+000   2.689186E+000
   46801      21     1.340000     1.420000   1.012492E+001   2.741839E+000   9.668033E+000   2.900410E+000   7.383082E+000   6.767623E+000   6.154584E-001
   46801      22     1.420000     1.460000   4.444646E+000   2.948586E-001   1.579492E+000   4.738475E-001   4.149787E+000   1.105644E+000   3.044143E+000
   46801      23     1.460000     1.490000   3.316959E+000   9.525357E-001   3.262252E+000   9.786757E-001   2.364423E+000   2.283577E+000   8.084666E-002
   46801      24     1.490000     1.520000   3.416012E+000   7.262219E-001   2.910278E+000   8.730835E-001   2.689790E+000   2.037195E+000   6.525949E-001
   46801      25     1.520000     1.680000   2.089115E+001   1.537390E+000   9.023791E+000   2.707137E+000   1.935376E+001   6.316654E+000   1.303710E+001
   46801      26     1.680000     1.740000   7.400301E+000   2.196321E+000   7.367068E+000   2.210120E+000   5.203980E+000   5.156947E+000   4.703270E-002
   46801      27     1.740000     1.820000   6.859941E+000   1.892205E+000   6.644856E+000   1.993457E+000   4.967736E+000   4.651399E+000   3.163373E-001
   46801      28     1.820000     1.940000   7.844991E+000   1.277413E+000   5.628340E+000   1.688502E+000   6.567578E+000   3.939838E+000   2.627740E+000
   46801      29     1.940000     2.200000   1.524385E+001   1.016934E+000   4.841686E+000   1.452506E+000   1.422692E+001   3.389180E+000   1.083774E+001
   46801      30     2.200000     2.300000   5.897529E+000   1.695266E+000   5.806433E+000   1.741930E+000   4.202263E+000   4.064503E+000   1.377597E-001
   46801      31     2.300000     2.450000   6.412228E+000   1.923417E+000   6.410410E+000   1.923123E+000   4.488811E+000   4.487287E+000   1.524124E-003
   46801      32     2.450000     2.550000   2.808749E+000   6.036382E-001   2.424601E+000   7.273802E-001   2.205111E+000   1.697221E+000   5.078905E-001
   46801      33     2.550000     2.650000   2.466453E+000   2.549382E-001   1.216597E+000   3.649790E-001   2.211515E+000   8.516176E-001   1.359898E+000
   46801      34     2.650000     2.900000   5.107089E+000   7.400487E-003   1.431653E-001   4.294960E-002   5.099689E+000   1.002157E-001   4.999473E+000
   46801      35     2.900000     3.200000   4.829501E+000   4.691536E-001   2.728891E+000   8.186673E-001   4.360347E+000   1.910224E+000   2.450124E+000
   46801      36     3.200000     3.500000   4.479548E+000   8.751186E-001   3.852850E+000   1.155855E+000   3.604429E+000   2.696995E+000   9.074342E-001
   46801      37     3.500000     3.900000   5.317470E+000   1.245482E+000   4.874321E+000   1.462296E+000   4.071989E+000   3.412025E+000   6.599641E-001
   46801      38     3.900000     5.500000   8.889375E+000   4.439093E-001   2.273193E+000   6.819579E-001   8.445466E+000   1.591235E+000   6.854231E+000
   46801      39     5.500000     6.500000   2.171822E+000   6.321832E-001   2.149861E+000   6.449582E-001   1.539638E+000   1.504902E+000   3.473600E-002
   46801      40     6.500000     7.000000   6.459457E-001   4.855529E-002   3.752150E-001   1.125645E-001   5.973904E-001   2.626505E-001   3.347399E-001
   46801      41     7.000000     9.000000   1.525571E+000   8.386738E-002   4.964246E-001   1.489274E-001   1.441704E+000   3.474972E-001   1.094206E+000
   46801      42     9.000000    20.000000   1.633159E+000   2.657670E-002   2.443650E-001   7.330951E-002   1.606582E+000   1.710555E-001   1.435527E+000
   46901       1     0.200000     0.300000   5.582456E-006   3.540013E-006   2.917776E-006   8.753329E-007   2.042443E-006   2.042443E-006  -9.500338E-015
   46901       2     0.300000     0.345000   2.557270E-003   1.374824E-003   1.689209E-003   5.067628E-004   1.182447E-003   1.182447E-003  -8.478984E-013
   46901       3     0.345000     0.385000   2.512764E-003   1.152240E-003   1.943607E-003   5.830820E-004   1.360525E-003   1.360525E-003  -1.940748E-012
   46901       4     0.385000     0.420000   1.293223E-002   5.311610E-003   1.088660E-002   3.265979E-003   7.620618E-003   7.620618E-003   8.272341E-013
   46901       5     0.420000     0.450000   2.349464E-002   8.965829E-003   2.075544E-002   6.226633E-003   1.452881E-002   1.452881E-002   7.629262E-013
   46901       6     0.450000     0.500000   1.310848E-001   4.710132E-002   1.199763E-001   3.599290E-002   8.398344E-002   8.398344E-002  -2.446920E-011
   46901       7     0.500000     0.550000   1.748537E-001   5.938044E-002   1.649618E-001   4.948854E-002   1.154733E-001   1.154733E-001  -1.422125E-011
   46901       8     0.550000     0.610000   2.295775E-001   7.513491E-002   2.206277E-001   6.618830E-002   1.544426E-001   1.544394E-001   3.265023E-006
   46901       9     0.610000     0.690000   5.693172E-001   1.805387E-001   5.553269E-001   1.665981E-001   3.887784E-001   3.887288E-001   4.960239E-005
   46901      10     0.690000     0.780000   2.472789E+000   7.670114E-001   2.436463E+000   7.309390E-001   1.705778E+000   1.705524E+000   2.533174E-004
   46901      11     0.780000     0.800000   1.063069E+000   3.220239E-001   1.044904E+000   3.134711E-001   7.410455E-001   7.314326E-001   9.612923E-003
   46901      12     0.800000     0.870000   5.878988E+000   1.794734E+000   5.814936E+000   1.744481E+000   4.084254E+000   4.070456E+000   1.379852E-002
   46901      13     0.870000     0.880000   8.736691E-001   2.565656E-001   8.541109E-001   2.562333E-001   6.171035E-001   5.978776E-001   1.922586E-002
   46901      14     0.880000     1.030000   2.249240E+001   6.814121E+000   2.235664E+001   6.706992E+000   1.567828E+001   1.564965E+001   2.863581E-002
   46901      15     1.030000     1.080000   9.248799E+000   2.377652E+000   8.583035E+000   2.574911E+000   6.871147E+000   6.008125E+000   8.630220E-001
   46901      16     1.080000     1.140000   1.173685E+001   3.452491E+000   1.159202E+001   3.477607E+000   8.284358E+000   8.114417E+000   1.699417E-001
   46901      17     1.140000     1.200000   1.143670E+001   3.434461E+000   1.139341E+001   3.418022E+000   8.002236E+000   7.975384E+000   2.685230E-002
   46901      18     1.200000     1.240000   8.097833E+000   7.739751E-001   4.356898E+000   1.307069E+000   7.323858E+000   3.049828E+000   4.274029E+000
   46901      19     1.240000     1.280000   7.733813E+000   2.200143E+000   7.563828E+000   2.269149E+000   5.533671E+000   5.294680E+000   2.389907E-001
   46901      20     1.280000     1.340000   1.109154E+001   2.131352E+000   8.961047E+000   2.688314E+000   8.960191E+000   6.272733E+000   2.687458E+000
   46901      21     1.340000     1.420000   1.012492E+001   2.742385E+000   9.668735E+000   2.900620E+000   7.382536E+000   6.768114E+000   6.144220E-001
   46901      22     1.420000     1.460000   4.444646E+000   2.958823E-001   1.583648E+000   4.750945E-001   4.148763E+000   1.108554E+000   3.040209E+000
   46901      23     1.460000     1.490000   3.316959E+000   9.534427E-001   3.263345E+000   9.790036E-001   2.363516E+000   2.284342E+000   7.917451E-002
   46901      24     1.490000     1.520000   3.416012E+000   7.267689E-001   2.911046E+000   8.733137E-001   2.689243E+000   2.037732E+000   6.515108E-001
   46901      25     1.520000     1.680000   2.089115E+001   1.543803E+000   9.041679E+000   2.712504E+000   1.934735E+001   6.329176E+000   1.301817E+001
   46901      26     1.680000     1.740000   7.400301E+000   2.196655E+000   7.367445E+000   2.210233E+000   5.203646E+000   5.157211E+000   4.643531E-002
   46901      27     1.740000     1.820000   6.859941E+000   1.894382E+000   6.647965E+000   1.994389E+000   4.965559E+000   4.653575E+000   3.119840E-001
   46901      28     1.820000     1.940000   7.844991E+000   1.280546E+000   5.636116E+000   1.690835E+000   6.564445E+000   3.945281E+000   2.619164E+000
   46901      29     1.940000     2.200000   1.524385E+001   1.019745E+000   4.851824E+000   1.455547E+000   1.422410E+001   3.396277E+000   1.082783E+001
   46901      30     2.200000     2.300000   5.897529E+000   1.695577E+000   5.806811E+000   1.742043E+000   4.201951E+000   4.064768E+000   1.371834E-001
   46901      31     2.300000     2.450000   6.412228E+000   1.923430E+000   6.410426E+000   1.923128E+000   4.488798E+000   4.487298E+000   1.500063E-003
   46901      32     2.450000     2.550000   2.808749E+000   6.051303E-001   2.427434E+000   7.282301E-001   2.203619E+000   1.699204E+000   5.044154E-001
   46901      33     2.550000     2.650000   2.466453E+000   2.562747E-001   1.220305E+000   3.660915E-001   2.210179E+000   8.542134E-001   1.355965E+000
   46901      34     2.650000     2.900000   5.107089E+000   7.546435E-003   1.450167E-001   4.350502E-002   5.099543E+000   1.015117E-001   4.998031E+000
   46901      35     2.900000     3.200000   4.829501E+000   4.713958E-001   2.734852E+000   8.204557E-001   4.358105E+000   1.914397E+000   2.443709E+000
   46901      36     3.200000     3.500000   4.479548E+000   8.745752E-001   3.851961E+000   1.155588E+000   3.604973E+000   2.696372E+000   9.086003E-001
   46901      37     3.500000     3.900000   5.317470E+000   1.243758E+000   4.871736E+000   1.461521E+000   4.073713E+000   3.410215E+000   6.634971E-001
   46901      38     3.900000     5.500000   8.889375E+000   4.450104E-001   2.279546E+000   6.838638E-001   8.444365E+000   1.595682E+000   6.848683E+000
   46901      39     5.500000     6.500000   2.171822E+000   6.322334E-001   2.149919E+000   6.449756E-001   1.539588E+000   1.504943E+000   3.464526E-002
   46901      40     6.500000     7.000000   6.459457E-001   4.843288E-002   3.747495E-001   1.124248E-001   5.975128E-001   2.623246E-001   3.351882E-001
   46901      41     7.000000     9.000000   1.525571E+000   8.400665E-002   4.960441E-001   1.488132E-001   1.441564E+000   3.472309E-001   1.094334E+000
   46901      42     9.000000    20.000000   1.633159E+000   2.715621E-002   2.474454E-001   7.423363E-002   1.606003E+000   1.732118E-001   1.432791E+000
   47001       1     0.200000     0.300000   5.582456E-006   3.540013E-006   2.917776E-006   8.753329E-007   2.042443E-006   2.042443E-006  -9.500338E-015
   47001       2     0.300000     0.345000   2.557270E-003   1.374824E-003   1.689209E-003   5.067628E-004   1.182447E-003   1.182447E-003  -8.478984E-013
   47001       3     0.345000     0.385000   2.512764E-003   1.152240E-003   1.943607E-003   5.830820E-004   1.360525E-003   1.360525E-003  -1.763057E-012
   47001       4     0.385000     0.420000   1.293223E-002   5.311610E-003   1.088660E-002   3.265979E-003   7.620618E-003   7.620618E-003  -2.259752E-012
   47001       5     0.420000     0.450000   2.349464E-002   8.965829E-003   2.075544E-002   6.226633E-003   1.452881E-002   1.452881E-002   2.308183E-012
   47001       6     0.450000     0.500000   1.310848E-001   4.710132E-002   1.199763E-001   3.599290E-002   8.398344E-002   8.398344E-002   1.406633E-011
   47001       7     0.500000     0.550000   1.748537E-001   5.938044E-002   1.649618E-001   4.948854E-002   1.154733E-001   1.154733E-001  -1.927414E-011
   47001       8     0.550000     0.610000   2.295775E-001   7.513490E-002   2.206277E-001   6.618830E-002   1.544426E-001   1.544394E-001   3.267795E-006
   47001       9     0.610000     0.690000   5.693172E-001   1.805387E-001   5.553269E-001   1.665981E-001   3.887784E-001   3.887288E-001   4.961037E-005
   47001      10     0.690000     0.780000   2.472789E+000   7.670115E-001   2.436463E+000   7.309390E-001   1.705778E+000   1.705524E+000   2.532273E-004
   47001      11     0.780000     0.800000   1.063069E+000   3.220243E-001   1.044904E+000   3.134712E-001   7.410451E-001   7.314328E-001   9.612276E-003
   47001      12     0.800000     0.870000   5.878988E+000   1.794729E+000   5.814929E+000   1.744479E+000   4.084259E+000   4.070450E+000   1.380901E-002
   47001      13     0.870000     0.880000   8.736691E-001   2.565754E-001   8.541219E-001   2.562366E-001   6.170937E-001   5.978853E-001   1.920837E-002
   47001      14     0.880000     1.030000   2.249240E+001   6.814122E+000   2.235664E+001   6.706993E+000   1.567828E+001   1.564965E+001   2.863395E-002
   47001      15     1.030000     1.080000   9.248799E+000   2.377831E+000   8.583213E+000   2.574964E+000   6.870968E+000   6.008249E+000   8.627190E-001
   47001      16     1.080000     1.140000   1.173685E+001   3.452504E+000   1.159204E+001   3.477611E+000   8.284346E+000   8.114425E+000   1.699214E-001
   47001      17     1.140000     1.200000   1.143670E+001   3.434471E+000   1.139342E+001   3.418025E+000   8.002226E+000   7.975392E+000   2.683452E-002
   47001      18     1.200000     1.240000   8.097833E+000   7.759143E-001   4.361345E+000   1.308403E+000   7.321918E+000   3.052941E+000   4.268977E+000
   47001      19     1.240000     1.280000   7.733813E+000   2.200369E+000   7.564087E+000   2.269226E+000   5.533444E+000   5.294861E+000   2.385831E-001
   47001      20     1.280000     1.340000   1.109154E+001   2.132174E+000   8.962141E+000   2.688642E+000   8.959369E+000   6.273499E+000   2.685870E+000
   47001      21     1.340000     1.420000   1.012492E+001   2.742885E+000   9.669377E+000   2.900813E+000   7.382036E+000   6.768564E+000   6.134715E-001
   47001      22     1.420000     1.460000   4.444646E+000   2.968358E-001   1.587503E+000   4.762510E-001   4.147810E+000   1.111252E+000   3.036558E+000
   47001      23     1.460000     1.490000   3.316959E+000   9.542667E-001   3.264337E+000   9.793010E-001   2.362692E+000   2.285036E+000   7.765644E-002
   47001      24     1.490000     1.520000   3.416012E+000   7.272699E-001   2.911748E+000   8.735244E-001   2.688742E+000   2.038224E+000   6.505181E-001
   47001      25     1.520000     1.680000   2.089115E+001   1.549736E+000   9.058200E+000   2.717460E+000   1.934141E+001   6.340740E+000   1.300067E+001
   47001      26     1.680000     1.740000   7.400301E+000   2.196958E+000   7.367787E+000   2.210336E+000   5.203343E+000   5.157451E+000   4.589206E-002
   47001      27     1.740000     1.820000   6.859941E+000   1.896382E+000   6.650811E+000   1.995243E+000   4.963559E+000   4.655568E+000   3.079914E-001
   47001      28     1.820000     1.940000   7.844991E+000   1.283447E+000   5.643294E+000   1.692988E+000   6.561544E+000   3.950306E+000   2.611238E+000
   47001      29     1.940000     2.200000   1.524385E+001   1.022339E+000   4.861191E+000   1.458357E+000   1.422151E+001   3.402834E+000   1.081868E+001
   47001      30     2.200000     2.300000   5.897529E+000   1.695863E+000   5.807158E+000   1.742147E+000   4.201666E+000   4.065011E+000   1.366554E-001
   47001      31     2.300000     2.450000   6.412228E+000   1.923442E+000   6.410439E+000   1.923132E+000   4.488786E+000   4.487307E+000   1.478169E-003
   47001      32     2.450000     2.550000   2.808749E+000   6.065061E-001   2.430041E+000   7.290124E-001   2.202243E+000   1.701029E+000   5.012141E-001
   47001      33     2.550000     2.650000   2.466453E+000   2.575106E-001   1.223723E+000   3.671170E-001   2.208943E+000   8.566063E-001   1.352336E+000
   47001      34     2.650000     2.900000   5.107089E+000   7.683676E-003   1.467486E-001   4.402457E-002   5.099405E+000   1.027240E-001   4.996681E+000
   47001      35     2.900000     3.200000   4.829501E+000   4.734677E-001   2.740346E+000   8.221039E-001   4.356033E+000   1.918242E+000   2.437791E+000
   47001      36     3.200000     3.500000   4.479548E+000   8.740682E-001   3.851129E+000   1.155339E+000   3.605480E+000   2.695791E+000   9.096891E-001
   47001      37     3.500000     3.900000   5.317470E+000   1.242163E+000   4.869341E+000   1.460802E+000   4.075307E+000   3.408539E+000   6.667685E-001
   47001      38     3.900000     5.500000   8.889375E+000   4.460449E-001   2.285455E+000   6.856365E-001   8.443330E+000   1.599818E+000   6.843512E+000
   47001      39     5.500000     6.500000   2.171822E+000   6.322782E-001   2.149970E+000   6.449911E-001   1.539543E+000   1.504979E+000   3.456424E-002
   47001      40     6.500000     7.000000   6.459457E-001   4.832040E-002   3.743209E-001   1.122963E-001   5.976253E-001   2.620246E-001   3.356007E-001
   47001      41     7.000000     9.000000   1.525571E+000   8.413496E-002   4.957001E-001   1.487100E-001   1.441436E+000   3.469901E-001   1.094446E+000
   47001      42     9.000000    20.000000   1.633159E+000   2.770131E-002   2.503161E-001   7.509482E-002   1.605458E+000   1.752212E-001   1.430236E+000
   47101       1     0.200000     0.300000   5.582456E-006   3.540013E-006   2.917776E-006   8.753329E-007   2.042443E-006   2.042443E-006  -9.500338E-015
   47101       2     0.300000     0.345000   2.557270E-003   1.374824E-003   1.689209E-003   5.067628E-004   1.182447E-003   1.182447E-003  -8.478984E-013
   47101       3     0.345000     0.385000   2.512764E-003   1.152240E-003   1.943607E-003   5.830820E-004   1.360525E-003   1.360525E-003  -1.326034E-012
   47101       4     0.385000     0.420000   1.293223E-002   5.311610E-003   1.088660E-002   3.265979E-003   7.620618E-003   7.620618E-003  -2.557492E-012
   47101       5     0.420000     0.450000   2.349464E-002   8.965829E-003   2.075544E-002   6.226633E-003   1.452881E-002   1.452881E-002   5.885957E-012
   47101       6     0.450000     0.500000   1.310848E-001   4.710132E-002   1.199763E-001   3.599290E-002   8.398344E-002   8.398344E-002   2.855523E-011
   47101       7     0.500000     0.550000   1.748537E-001   5.938044E-002   1.649618E-001   4.948854E-002   1.154733E-001   1.154733E-001   2.834152E-011
   47101       8     0.550000     0.610000   2.295775E-001   7.513490E-002   2.206277E-001   6.618830E-002   1.544426E-001   1.544394E-001   3.270347E-006
   47101       9     0.610000     0.690000   5.693172E-001   1.805387E-001   5.553269E-001   1.665981E-001   3.887784E-001   3.887288E-001   4.961774E-005
   47101      10     0.690000     0.780000   2.472789E+000   7.670115E-001   2.436464E+000   7.309391E-001   1.705778E+000   1.705524E+000   2.531448E-004
   47101      11     0.780000     0.800000   1.063069E+000   3.220247E-001   1.044904E+000   3.134713E-001   7.410447E-001   7.314330E-001   9.611678E-003
   47101      12     0.800000     0.870000   5.878988E+000   1.794724E+000   5.814922E+000   1.744477E+000   4.084264E+000   4.070446E+000   1.381872E-002
   47101      13     0.870000     0.880000   8.736691E-001   2.565843E-001   8.541321E-001   2.562396E-001   6.170847E-001   5.978925E-001   1.919227E-002
   47101      14     0.880000     1.030000   2.249240E+001   6.814123E+000   2.235664E+001   6.706993E+000   1.567828E+001   1.564965E+001   2.863226E-002
   47101      15     1.030000     1.080000   9.248799E+000   2.377994E+000   8.583375E+000   2.575013E+000   6.870805E+000   6.008363E+000   8.624419E-001
   47101      16     1.080000     1.140000   1.173685E+001   3.452515E+000   1.159205E+001   3.477614E+000   8.284335E+000   8.114432E+000   1.699029E-001
   47101      17     1.140000     1.200000   1.143670E+001   3.434480E+000   1.139343E+001   3.418028E+000   8.002217E+000   7.975399E+000   2.681837E-002
   47101      18     1.200000     1.240000   8.097833E+000   7.777134E-001   4.365462E+000   1.309639E+000   7.320119E+000   3.055823E+000   4.264296E+000
   47101      19     1.240000     1.280000   7.733813E+000   2.200576E+000   7.564324E+000   2.269297E+000   5.533238E+000   5.295027E+000   2.382106E-001
   47101      20     1.280000     1.340000   1.109154E+001   2.132931E+000   8.963148E+000   2.688944E+000   8.958612E+000   6.274204E+000   2.684408E+000
   47101      21     1.340000     1.420000   1.012492E+001   2.743346E+000   9.669968E+000   2.900990E+000   7.381575E+000   6.768978E+000   6.125970E-001
   47101      22     1.420000     1.460000   4.444646E+000   2.977261E-001   1.591088E+000   4.773263E-001   4.146920E+000   1.113761E+000   3.033158E+000
   47101      23     1.460000     1.490000   3.316959E+000   9.550196E-001   3.265241E+000   9.795723E-001   2.361939E+000   2.285669E+000   7.627062E-002
   47101      24     1.490000     1.520000   3.416012E+000   7.277304E-001   2.912393E+000   8.737179E-001   2.688281E+000   2.038675E+000   6.496060E-001
   47101      25     1.520000     1.680000   2.089115E+001   1.555239E+000   9.073497E+000   2.722049E+000   1.933591E+001   6.351448E+000   1.298446E+001
   47101      26     1.680000     1.740000   7.400301E+000   2.197235E+000   7.368101E+000   2.210430E+000   5.203066E+000   5.157670E+000   4.539557E-002
   47101      27     1.740000     1.820000   6.859941E+000   1.898227E+000   6.653427E+000   1.996028E+000   4.961714E+000   4.657399E+000   3.043148E-001
   47101      28     1.820000     1.940000   7.844991E+000   1.286142E+000   5.649941E+000   1.694982E+000   6.558849E+000   3.954959E+000   2.603891E+000
   47101      29     1.940000     2.200000   1.524385E+001   1.024741E+000   4.869874E+000   1.460962E+000   1.421911E+001   3.408912E+000   1.081020E+001
   47101      30     2.200000     2.300000   5.897529E+000   1.696125E+000   5.807477E+000   1.742243E+000   4.201404E+000   4.065234E+000   1.361701E-001
   47101      31     2.300000     2.450000   6.412228E+000   1.923454E+000   6.410452E+000   1.923136E+000   4.488774E+000   4.487316E+000   1.458150E-003
   47101      32     2.450000     2.550000   2.808749E+000   6.077790E-001   2.432450E+000   7.297350E-001   2.200970E+000   1.702715E+000   4.982552E-001
   47101      33     2.550000     2.650000   2.466453E+000   2.586578E-001   1.226886E+000   3.680658E-001   2.207795E+000   8.588203E-001   1.348975E+000
   47101      34     2.650000     2.900000   5.107089E+000   7.813014E-003   1.483727E-001   4.451180E-002   5.099276E+000   1.038609E-001   4.995415E+000
   47101      35     2.900000     3.200000   4.829501E+000   4.753878E-001   2.745425E+000   8.236274E-001   4.354113E+000   1.921797E+000   2.432316E+000
   47101      36     3.200000     3.500000   4.479548E+000   8.735947E-001   3.850353E+000   1.155106E+000   3.605953E+000   2.695247E+000   9.107064E-001
   47101      37     3.500000     3.900000   5.317470E+000   1.240686E+000   4.867118E+000   1.460135E+000   4.076784E+000   3.406982E+000   6.698019E-001
   47101      38     3.900000     5.500000   8.889375E+000   4.470188E-001   2.290966E+000   6.872898E-001   8.442356E+000   1.603676E+000   6.838680E+000
   47101      39     5.500000     6.500000   2.171822E+000   6.323186E-001   2.150017E+000   6.450050E-001   1.539503E+000   1.505012E+000   3.449134E-002
   47101      40     6.500000     7.000000   6.459457E-001   4.821639E-002   3.739238E-001   1.121771E-001   5.977293E-001   2.617466E-001   3.359827E-001
   47101      41     7.000000     9.000000   1.525571E+000   8.425304E-002   4.953833E-001   1.486150E-001   1.441318E+000   3.467683E-001   1.094550E+000
   47101      42     9.000000    20.000000   1.633159E+000   2.821549E-002   2.530003E-001   7.590010E-002   1.604943E+000   1.771002E-001   1.427843E+000
   47201       1     0.200000     0.300000   5.582456E-006   3.540013E-006   2.917776E-006   8.753329E-007   2.042443E-006   2.042443E-006  -9.500338E-015
   47201       2     0.300000     0.345000   2.557270E-003   1.374824E-003   1.689209E-003   5.067628E-004   1.182447E-003   1.182447E-003  -8.478984E-013
   47201       3     0.345000     0.385000   2.512764E-003   1.152240E-003   1.943607E-003   5.830820E-004   1.360525E-003   1.360525E-003  -1.326034E-012
   47201       4     0.385000     0.420000   1.293223E-002   5.311610E-003   1.088660E-002   3.265979E-003   7.620618E-003   7.620618E-003  -5.282999E-012
   47201       5     0.420000     0.450000   2.349464E-002   8.965829E-003   2.075544E-002   6.226633E-003   1.452881E-002   1.452881E-002   2.011101E-012
   47201       6     0.450000     0.500000   1.310848E-001   4.710132E-002   1.199763E-001   3.599290E-002   8.398344E-002   8.398344E-002   4.083593E-011
   47201       7     0.500000     0.550000   1.748537E-001   5.938044E-002   1.649618E-001   4.948854E-002   1.154733E-001   1.154733E-001  -2.340025E-011
   47201       8     0.550000     0.610000   2.295775E-001   7.513490E-002   2.206276E-001   6.618829E-002   1.544426E-001   1.544394E-001   3.272700E-006
   47201       9     0.610000     0.690000   5.693172E-001   1.805387E-001   5.553269E-001   1.665981E-001   3.887785E-001   3.887288E-001   4.962457E-005
   47201      10     0.690000     0.780000   2.472789E+000   7.670116E-001   2.436464E+000   7.309391E-001   1.705778E+000   1.705524E+000   2.530692E-004
   47201      11     0.780000     0.800000   1.063069E+000   3.220251E-001   1.044905E+000   3.134714E-001   7.410444E-001   7.314332E-001   9.611124E-003
   47201      12     0.800000     0.870000   5.878988E+000   1.794719E+000   5.814916E+000   1.744475E+000   4.084269E+000   4.070441E+000   1.382776E-002
   47201      13     0.870000     0.880000   8.736691E-001   2.565926E-001   8.541415E-001   2.562424E-001   6.170765E-001   5.978990E-001   1.917744E-002
   47201      14     0.880000     1.030000   2.249240E+001   6.814124E+000   2.235664E+001   6.706993E+000   1.567828E+001   1.564965E+001   2.863072E-002
   47201      15     1.030000     1.080000   9.248799E+000   2.378144E+000   8.583522E+000   2.575057E+000   6.870655E+000   6.008466E+000   8.621894E-001
   47201      16     1.080000     1.140000   1.173685E+001   3.452525E+000   1.159205E+001   3.477616E+000   8.284325E+000   8.114438E+000   1.698862E-001
   47201      17     1.140000     1.200000   1.143670E+001   3.434488E+000   1.139344E+001   3.418031E+000   8.002209E+000   7.975405E+000   2.680381E-002
   47201      18     1.200000     1.240000   8.097833E+000   7.793845E-001   4.369281E+000   1.310784E+000   7.318448E+000   3.058497E+000   4.259952E+000
   47201      19     1.240000     1.280000   7.733813E+000   2.200764E+000   7.564539E+000   2.269362E+000   5.533050E+000   5.295177E+000   2.378722E-001
   47201      20     1.280000     1.340000   1.109154E+001   2.133630E+000   8.964073E+000   2.689222E+000   8.957913E+000   6.274851E+000   2.683061E+000
   47201      21     1.340000     1.420000   1.012492E+001   2.743770E+000   9.670511E+000   2.901153E+000   7.381151E+000   6.769358E+000   6.117929E-001
   47201      22     1.420000     1.460000   4.444646E+000   2.985541E-001   1.594409E+000   4.783228E-001   4.146092E+000   1.116087E+000   3.030005E+000
   47201      23     1.460000     1.490000   3.316959E+000   9.557013E-001   3.266059E+000   9.798176E-001   2.361258E+000   2.286241E+000   7.501648E-002
   47201      24     1.490000     1.520000   3.416012E+000   7.281528E-001   2.912985E+000   8.738954E-001   2.687859E+000   2.039089E+000   6.487694E-001
   47201      25     1.520000     1.680000   2.089115E+001   1.560338E+000   9.087657E+000   2.726297E+000   1.933081E+001   6.361360E+000   1.296945E+001
   47201      26     1.680000     1.740000   7.400301E+000   2.197487E+000   7.368385E+000   2.210516E+000   5.202814E+000   5.157870E+000   4.494455E-002
   47201      27     1.740000     1.820000   6.859941E+000   1.899920E+000   6.655820E+000   1.996746E+000   4.960021E+000   4.659074E+000   3.009476E-001
   47201      28     1.820000     1.940000   7.844991E+000   1.288637E+000   5.656084E+000   1.696825E+000   6.556354E+000   3.959259E+000   2.597095E+000
   47201      29     1.940000     2.200000   1.524385E+001   1.026956E+000   4.877885E+000   1.463366E+000   1.421689E+001   3.414520E+000   1.080237E+001
   47201      30     2.200000     2.300000   5.897529E+000   1.696366E+000   5.807769E+000   1.742331E+000   4.201163E+000   4.065438E+000   1.357246E-001
   47201      31     2.300000     2.450000   6.412228E+000   1.923464E+000   6.410463E+000   1.923139E+000   4.488764E+000   4.487324E+000   1.439944E-003
   47201      32     2.450000     2.550000   2.808749E+000   6.089524E-001   2.434668E+000   7.304003E-001   2.199797E+000   1.704267E+000   4.955294E-001
   47201      33     2.550000     2.650000   2.466453E+000   2.597134E-001   1.229795E+000   3.689384E-001   2.206740E+000   8.608563E-001   1.345884E+000
   47201      34     2.650000     2.900000   5.107089E+000   7.934288E-003   1.498863E-001   4.496590E-002   5.099155E+000   1.049204E-001   4.994234E+000
   47201      35     2.900000     3.200000   4.829501E+000   4.771634E-001   2.750112E+000   8.250336E-001   4.352338E+000   1.925078E+000   2.427259E+000
   47201      36     3.200000     3.500000   4.479548E+000   8.731507E-001   3.849623E+000   1.154887E+000   3.606397E+000   2.694736E+000   9.116610E-001
   47201      37     3.500000     3.900000   5.317470E+000   1.239315E+000   4.865050E+000   1.459515E+000   4.078156E+000   3.405535E+000   6.726210E-001
   47201      38     3.900000     5.500000   8.889375E+000   4.479304E-001   2.296082E+000   6.888246E-001   8.441445E+000   1.607257E+000   6.834187E+000
   47201      39     5.500000     6.500000   2.171822E+000   6.323543E-001   2.150058E+000   6.450174E-001   1.539467E+000   1.505040E+000   3.442679E-002
   47201      40     6.500000     7.000000   6.459457E-001   4.812051E-002   3.735571E-001   1.120671E-001   5.978252E-001   2.614900E-001   3.363352E-001
   47201      41     7.000000     9.000000   1.525571E+000   8.436251E-002   4.950951E-001   1.485285E-001   1.441209E+000   3.465666E-001   1.094642E+000
   47201      42     9.000000    20.000000   1.633159E+000   2.869485E-002   2.554855E-001   7.664566E-002   1.604464E+000   1.788399E-001   1.425624E+000
   47301       1     0.200000     0.300000   5.582456E-006   3.540013E-006   2.917776E-006   8.753329E-007   2.042443E-006   2.042443E-006  -9.500338E-015
   47301       2     0.300000     0.345000   2.557270E-003   1.374824E-003   1.689209E-003   5.067628E-004   1.182447E-003   1.182447E-003  -8.478984E-013
   47301       3     0.345000     0.385000   2.512764E-003   1.152240E-003   1.943607E-003   5.830820E-004   1.360525E-003   1.360525E-003  -1.716782E-012
   47301       4     0.385000     0.420000   1.293223E-002   5.311610E-003   1.088660E-002   3.265979E-003   7.620618E-003   7.620618E-003  -1.272670E-012
   47301       5     0.420000     0.450000   2.349464E-002   8.965829E-003   2.075544E-002   6.226633E-003   1.452881E-002   1.452881E-002   2.503015E-013
   47301       6     0.450000     0.500000   1.310848E-001   4.710132E-002   1.199763E-001   3.599290E-002   8.398344E-002   8.398344E-002   7.144840E-013
   47301       7     0.500000     0.550000   1.748537E-001   5.938044E-002   1.649618E-001   4.948854E-002   1.154733E-001   1.154733E-001  -4.255329E-011
   47301       8     0.550000     0.610000   2.295775E-001   7.513490E-002   2.206276E-001   6.618829E-002   1.544426E-001   1.544394E-001   3.274877E-006
   47301       9     0.610000     0.690000   5.693172E-001   1.805387E-001   5.553269E-001   1.665981E-001   3.887785E-001   3.887288E-001   4.963091E-005
   47301      10     0.690000     0.780000   2.472789E+000   7.670116E-001   2.436464E+000   7.309391E-001   1.705778E+000   1.705525E+000   2.529995E-004
   47301      11     0.780000     0.800000   1.063069E+000   3.220254E-001   1.044905E+000   3.134715E-001   7.410440E-001   7.314334E-001   9.610610E-003
   47301      12     0.800000     0.870000   5.878988E+000   1.794715E+000   5.814910E+000   1.744473E+000   4.084273E+000   4.070437E+000   1.383616E-002
   47301      13     0.870000     0.880000   8.736691E-001   2.566003E-001   8.541501E-001   2.562450E-001   6.170688E-001   5.979051E-001   1.916372E-002
   47301      14     0.880000     1.030000   2.249240E+001   6.814125E+000   2.235664E+001   6.706993E+000   1.567828E+001   1.564965E+001   2.862931E-002
   47301      15     1.030000     1.080000   9.248799E+000   2.378281E+000   8.583658E+000   2.575097E+000   6.870517E+000   6.008561E+000   8.619567E-001
   47301      16     1.080000     1.140000   1.173685E+001   3.452535E+000   1.159206E+001   3.477619E+000   8.284315E+000   8.114444E+000   1.698709E-001
   47301      17     1.140000     1.200000   1.143670E+001   3.434495E+000   1.139344E+001   3.418033E+000   8.002201E+000   7.975411E+000   2.679045E-002
   47301      18     1.200000     1.240000   8.097833E+000   7.809409E-001   4.372831E+000   1.311849E+000   7.316892E+000   3.060982E+000   4.255910E+000
   47301      19     1.240000     1.280000   7.733813E+000   2.200937E+000   7.564737E+000   2.269421E+000   5.532876E+000   5.295316E+000   2.375603E-001
   47301      20     1.280000     1.340000   1.109154E+001   2.134278E+000   8.964929E+000   2.689479E+000   8.957265E+000   6.275450E+000   2.681814E+000
   47301      21     1.340000     1.420000   1.012492E+001   2.744163E+000   9.671013E+000   2.901304E+000   7.380758E+000   6.769709E+000   6.110489E-001
   47301      22     1.420000     1.460000   4.444646E+000   2.993310E-001   1.597514E+000   4.792543E-001   4.145315E+000   1.118260E+000   3.027055E+000
   47301      23     1.460000     1.490000   3.316959E+000   9.563304E-001   3.266812E+000   9.800437E-001   2.360628E+000   2.286769E+000   7.385978E-002
   47301      24     1.490000     1.520000   3.416012E+000   7.285435E-001   2.913532E+000   8.740596E-001   2.687468E+000   2.039472E+000   6.479957E-001
   47301      25     1.520000     1.680000   2.089115E+001   1.565092E+000   9.100832E+000   2.730250E+000   1.932606E+001   6.370582E+000   1.295547E+001
   47301      26     1.680000     1.740000   7.400301E+000   2.197720E+000   7.368647E+000   2.210594E+000   5.202582E+000   5.158053E+000   4.452861E-002
   47301      27     1.740000     1.820000   6.859941E+000   1.901492E+000   6.658036E+000   1.997411E+000   4.958449E+000   4.660625E+000   2.978240E-001
   47301      28     1.820000     1.940000   7.844991E+000   1.290967E+000   5.661802E+000   1.698541E+000   6.554024E+000   3.963262E+000   2.590763E+000
   47301      29     1.940000     2.200000   1.524385E+001   1.029019E+000   4.885359E+000   1.465608E+000   1.421483E+001   3.419751E+000   1.079508E+001
   47301      30     2.200000     2.300000   5.897529E+000   1.696588E+000   5.808040E+000   1.742412E+000   4.200940E+000   4.065628E+000   1.353126E-001
   47301      31     2.300000     2.450000   6.412228E+000   1.923473E+000   6.410474E+000   1.923142E+000   4.488755E+000   4.487332E+000   1.423150E-003
   47301      32     2.450000     2.550000   2.808749E+000   6.100447E-001   2.436729E+000   7.310187E-001   2.198705E+000   1.705710E+000   4.929943E-001
   47301      33     2.550000     2.650000   2.466453E+000   2.607007E-001   1.232505E+000   3.697515E-001   2.205753E+000   8.627536E-001   1.342999E+000
   47301      34     2.650000     2.900000   5.107089E+000   8.049110E-003   1.513134E-001   4.539401E-002   5.099040E+000   1.059194E-001   4.993121E+000
   47301      35     2.900000     3.200000   4.829501E+000   4.788176E-001   2.754469E+000   8.263407E-001   4.350683E+000   1.928128E+000   2.422555E+000
   47301      36     3.200000     3.500000   4.479548E+000   8.727355E-001   3.848940E+000   1.154682E+000   3.606812E+000   2.694258E+000   9.125542E-001
   47301      37     3.500000     3.900000   5.317470E+000   1.238039E+000   4.863124E+000   1.458937E+000   4.079431E+000   3.404187E+000   6.752447E-001
   47301      38     3.900000     5.500000   8.889375E+000   4.487924E-001   2.300879E+000   6.902636E-001   8.440583E+000   1.610615E+000   6.829968E+000
   47301      39     5.500000     6.500000   2.171822E+000   6.323870E-001   2.150095E+000   6.450286E-001   1.539435E+000   1.505067E+000   3.436788E-002
   47301      40     6.500000     7.000000   6.459457E-001   4.803141E-002   3.732159E-001   1.119648E-001   5.979143E-001   2.612511E-001   3.366632E-001
   47301      41     7.000000     9.000000   1.525571E+000   8.446365E-002   4.948280E-001   1.484484E-001   1.441107E+000   3.463796E-001   1.094728E+000
   47301      42     9.000000    20.000000   1.633159E+000   2.914993E-002   2.578262E-001   7.734786E-002   1.604009E+000   1.804783E-001   1.423531E+000
   47401       1     0.200000     0.300000   5.582456E-006   3.540013E-006   2.917776E-006   8.753329E-007   2.042443E-006   2.042443E-006  -9.500338E-015
   47401       2     0.300000     0.345000   2.557270E-003   1.374824E-003   1.689209E-003   5.067628E-004   1.182447E-003   1.182447E-003  -8.478984E-013
   47401       3     0.345000     0.385000   2.512764E-003   1.152240E-003   1.943607E-003   5.830820E-004   1.360525E-003   1.360525E-003   3.607683E-014
   47401       4     0.385000     0.420000   1.293223E-002   5.311610E-003   1.088660E-002   3.265979E-003   7.620618E-003   7.620618E-003  -2.259072E-012
   47401       5     0.420000     0.450000   2.349464E-002   8.965829E-003   2.075544E-002   6.226633E-003   1.452881E-002   1.452881E-002   5.078153E-012
   47401       6     0.450000     0.500000   1.310848E-001   4.710132E-002   1.199763E-001   3.599290E-002   8.398344E-002   8.398344E-002  -3.739556E-011
   47401       7     0.500000     0.550000   1.748537E-001   5.938044E-002   1.649618E-001   4.948854E-002   1.154733E-001   1.154733E-001  -3.071715E-011
   47401       8     0.550000     0.610000   2.295775E-001   7.513490E-002   2.206276E-001   6.618829E-002   1.544426E-001   1.544394E-001   3.276892E-006
   47401       9     0.610000     0.690000   5.693172E-001   1.805387E-001   5.553269E-001   1.665981E-001   3.887785E-001   3.887288E-001   4.963679E-005
   47401      10     0.690000     0.780000   2.472789E+000   7.670117E-001   2.436464E+000   7.309391E-001   1.705777E+000   1.705525E+000   2.529354E-004
   47401      11     0.780000     0.800000   1.063069E+000   3.220257E-001   1.044905E+000   3.134715E-001   7.410437E-001   7.314336E-001   9.610132E-003
   47401      12     0.800000     0.870000   5.878988E+000   1.794711E+000   5.814905E+000   1.744471E+000   4.084277E+000   4.070433E+000   1.384399E-002
   47401      13     0.870000     0.880000   8.736691E-001   2.566073E-001   8.541582E-001   2.562474E-001   6.170617E-001   5.979107E-001   1.915104E-002
   47401      14     0.880000     1.030000   2.249240E+001   6.814125E+000   2.235665E+001   6.706994E+000   1.567828E+001   1.564965E+001   2.862803E-002
   47401      15     1.030000     1.080000   9.248799E+000   2.378408E+000   8.583782E+000   2.575135E+000   6.870391E+000   6.008647E+000   8.617434E-001
   47401      16     1.080000     1.140000   1.173685E+001   3.452543E+000   1.159207E+001   3.477621E+000   8.284307E+000   8.114450E+000   1.698570E-001
   47401      17     1.140000     1.200000   1.143670E+001   3.434502E+000   1.139345E+001   3.418036E+000   8.002195E+000   7.975416E+000   2.677829E-002
   47401      18     1.200000     1.240000   8.097833E+000   7.823907E-001   4.376134E+000   1.312840E+000   7.315442E+000   3.063294E+000   4.252148E+000
   47401      19     1.240000     1.280000   7.733813E+000   2.201096E+000   7.564919E+000   2.269476E+000   5.532718E+000   5.295443E+000   2.372747E-001
   47401      20     1.280000     1.340000   1.109154E+001   2.134878E+000   8.965720E+000   2.689716E+000   8.956664E+000   6.276004E+000   2.680660E+000
   47401      21     1.340000     1.420000   1.012492E+001   2.744526E+000   9.671476E+000   2.901443E+000   7.380395E+000   6.770033E+000   6.103617E-001
   47401      22     1.420000     1.460000   4.444646E+000   3.000562E-001   1.600404E+000   4.801212E-001   4.144589E+000   1.120283E+000   3.024307E+000
   47401      23     1.460000     1.490000   3.316959E+000   9.569053E-001   3.267500E+000   9.802501E-001   2.360054E+000   2.287250E+000   7.280338E-002
   47401      24     1.490000     1.520000   3.416012E+000   7.289039E-001   2.914036E+000   8.742109E-001   2.687108E+000   2.039825E+000   6.472822E-001
   47401      25     1.520000     1.680000   2.089115E+001   1.569512E+000   9.113073E+000   2.733922E+000   1.932164E+001   6.379151E+000   1.294249E+001
   47401      26     1.680000     1.740000   7.400301E+000   2.197932E+000   7.368888E+000   2.210666E+000   5.202369E+000   5.158221E+000   4.414778E-002
   47401      27     1.740000     1.820000   6.859941E+000   1.902943E+000   6.660075E+000   1.998023E+000   4.956998E+000   4.662053E+000   2.949451E-001
   47401      28     1.820000     1.940000   7.844991E+000   1.293134E+000   5.667110E+000   1.700133E+000   6.551857E+000   3.966977E+000   2.584881E+000
   47401      29     1.940000     2.200000   1.524385E+001   1.030931E+000   4.892290E+000   1.467687E+000   1.421292E+001   3.424603E+000   1.078832E+001
   47401      30     2.200000     2.300000   5.897529E+000   1.696794E+000   5.808289E+000   1.742487E+000   4.200735E+000   4.065802E+000   1.349324E-001
   47401      31     2.300000     2.450000   6.412228E+000   1.923482E+000   6.410483E+000   1.923145E+000   4.488746E+000   4.487338E+000   1.407760E-003
   47401      32     2.450000     2.550000   2.808749E+000   6.110568E-001   2.438637E+000   7.315910E-001   2.197692E+000   1.707046E+000   4.906469E-001
   47401      33     2.550000     2.650000   2.466453E+000   2.616151E-001   1.235013E+000   3.705038E-001   2.204838E+000   8.645089E-001   1.340329E+000
   47401      34     2.650000     2.900000   5.107089E+000   8.157153E-003   1.526490E-001   4.579470E-002   5.098932E+000   1.068543E-001   4.992078E+000
   47401      35     2.900000     3.200000   4.829501E+000   4.803539E-001   2.758508E+000   8.275524E-001   4.349147E+000   1.930956E+000   2.418191E+000
   47401      36     3.200000     3.500000   4.479548E+000   8.723459E-001   3.848299E+000   1.154490E+000   3.607202E+000   2.693809E+000   9.133925E-001
   47401      37     3.500000     3.900000   5.317470E+000   1.236852E+000   4.861329E+000   1.458399E+000   4.080619E+000   3.402930E+000   6.776886E-001
   47401      38     3.900000     5.500000   8.889375E+000   4.496019E-001   2.305351E+000   6.916052E-001   8.439773E+000   1.613745E+000   6.826028E+000
   47401      39     5.500000     6.500000   2.171822E+000   6.324162E-001   2.150129E+000   6.450387E-001   1.539405E+000   1.505090E+000   3.431502E-002
   47401      40     6.500000     7.000000   6.459457E-001   4.794889E-002   3.728994E-001   1.118698E-001   5.979968E-001   2.610296E-001   3.369673E-001
   47401      41     7.000000     9.000000   1.525571E+000   8.455760E-002   4.945828E-001   1.483748E-001   1.441013E+000   3.462079E-001   1.094806E+000
   47401      42     9.000000    20.000000   1.633159E+000   2.957653E-002   2.600066E-001   7.800198E-002   1.603582E+000   1.820046E-001   1.421578E+000
   47501       1     0.200000     0.300000   5.582456E-006   3.540013E-006   2.917776E-006   8.753329E-007   2.042443E-006   2.042443E-006  -9.500338E-015
   47501       2     0.300000     0.345000   2.557270E-003   1.374824E-003   1.689209E-003   5.067628E-004   1.182447E-003   1.182447E-003  -8.478984E-013
   47501       3     0.345000     0.385000   2.512764E-003   1.152240E-003   1.943607E-003   5.830820E-004   1.360525E-003   1.360525E-003   3.607683E-014
   47501       4     0.385000     0.420000   1.293223E-002   5.311610E-003   1.088660E-002   3.265979E-003   7.620618E-003   7.620618E-003  -2.267153E-012
   47501       5     0.420000     0.450000   2.349464E-002   8.965829E-003   2.075544E-002   6.226633E-003   1.452881E-002   1.452881E-002   5.382092E-012
   47501       6     0.450000     0.500000   1.310848E-001   4.710132E-002   1.199763E-001   3.599290E-002   8.398344E-002   8.398344E-002  -4.520699E-011
   47501       7     0.500000     0.550000   1.748537E-001   5.938044E-002   1.649618E-001   4.948854E-002   1.154733E-001   1.154733E-001  -2.115243E-011
   47501       8     0.550000     0.610000   2.295775E-001   7.513490E-002   2.206276E-001   6.618829E-002   1.544426E-001   1.544394E-001   3.278763E-006
   47501       9     0.610000     0.690000   5.693172E-001   1.805387E-001   5.553269E-001   1.665981E-001   3.887785E-001   3.887288E-001   4.964227E-005
   47501      10     0.690000     0.780000   2.472789E+000   7.670117E-001   2.436464E+000   7.309391E-001   1.705777E+000   1.705525E+000   2.528760E-004
   47501      11     0.780000     0.800000   1.063069E+000   3.220260E-001   1.044905E+000   3.134716E-001   7.410434E-001   7.314338E-001   9.609688E-003
   47501      12     0.800000     0.870000   5.878988E+000   1.794707E+000   5.814900E+000   1.744470E+000   4.084281E+000   4.070430E+000   1.385129E-002
   47501      13     0.870000     0.880000   8.736691E-001   2.566139E-001   8.541656E-001   2.562497E-001   6.170552E-001   5.979159E-001   1.913926E-002
   47501      14     0.880000     1.030000   2.249240E+001   6.814126E+000   2.235665E+001   6.706994E+000   1.567828E+001   1.564965E+001   2.862684E-002
   47501      15     1.030000     1.080000   9.248799E+000   2.378525E+000   8.583896E+000   2.575169E+000   6.870274E+000   6.008727E+000   8.615462E-001
   47501      16     1.080000     1.140000   1.173685E+001   3.452551E+000   1.159208E+001   3.477624E+000   8.284299E+000   8.114455E+000   1.698441E-001
   47501      17     1.140000     1.200000   1.143670E+001   3.434508E+000   1.139346E+001   3.418038E+000   8.002188E+000   7.975421E+000   2.676710E-002
   47501      18     1.200000     1.240000   8.097833E+000   7.837455E-001   4.379216E+000   1.313765E+000   7.314087E+000   3.065451E+000   4.248636E+000
   47501      19     1.240000     1.280000   7.733813E+000   2.201242E+000   7.565086E+000   2.269526E+000   5.532571E+000   5.295560E+000   2.370108E-001
   47501      20     1.280000     1.340000   1.109154E+001   2.135437E+000   8.966454E+000   2.689936E+000   8.956106E+000   6.276518E+000   2.679588E+000
   47501      21     1.340000     1.420000   1.012492E+001   2.744863E+000   9.671906E+000   2.901572E+000   7.380058E+000   6.770334E+000   6.097236E-001
   47501      22     1.420000     1.460000   4.444646E+000   3.007370E-001   1.603108E+000   4.809325E-001   4.143909E+000   1.122176E+000   3.021733E+000
   47501      23     1.460000     1.490000   3.316959E+000   9.574362E-001   3.268135E+000   9.804404E-001   2.359523E+000   2.287694E+000   7.182831E-002
   47501      24     1.490000     1.520000   3.416012E+000   7.292383E-001   2.914504E+000   8.743513E-001   2.686773E+000   2.040153E+000   6.466203E-001
   47501      25     1.520000     1.680000   2.089115E+001   1.573642E+000   9.124494E+000   2.737348E+000   1.931751E+001   6.387146E+000   1.293036E+001
   47501      26     1.680000     1.740000   7.400301E+000   2.198129E+000   7.369110E+000   2.210733E+000   5.202173E+000   5.158377E+000   4.379586E-002
   47501      27     1.740000     1.820000   6.859941E+000   1.904293E+000   6.661968E+000   1.998590E+000   4.955648E+000   4.663377E+000   2.922705E-001
   47501      28     1.820000     1.940000   7.844991E+000   1.295159E+000   5.672061E+000   1.701618E+000   6.549832E+000   3.970442E+000   2.579389E+000
   47501      29     1.940000     2.200000   1.524385E+001   1.032715E+000   4.898762E+000   1.469628E+000   1.421114E+001   3.429133E+000   1.078200E+001
   47501      30     2.200000     2.300000   5.897529E+000   1.696985E+000   5.808521E+000   1.742556E+000   4.200544E+000   4.065964E+000   1.345796E-001
   47501      31     2.300000     2.450000   6.412228E+000   1.923490E+000   6.410492E+000   1.923148E+000   4.488738E+000   4.487344E+000   1.393536E-003
   47501      32     2.450000     2.550000   2.808749E+000   6.120005E-001   2.440413E+000   7.321239E-001   2.196749E+000   1.708289E+000   4.884596E-001
   47501      33     2.550000     2.650000   2.466453E+000   2.624691E-001   1.237350E+000   3.712050E-001   2.203984E+000   8.661450E-001   1.337839E+000
   47501      34     2.650000     2.900000   5.107089E+000   8.259339E-003   1.539066E-001   4.617199E-002   5.098830E+000   1.077347E-001   4.991095E+000
   47501      35     2.900000     3.200000   4.829501E+000   4.817880E-001   2.762272E+000   8.286815E-001   4.347713E+000   1.933590E+000   2.414123E+000
   47501      36     3.200000     3.500000   4.479548E+000   8.719804E-001   3.847697E+000   1.154309E+000   3.607568E+000   2.693388E+000   9.141796E-001
   47501      37     3.500000     3.900000   5.317470E+000   1.235744E+000   4.859651E+000   1.457895E+000   4.081727E+000   3.401756E+000   6.799708E-001
   47501      38     3.900000     5.500000   8.889375E+000   4.503665E-001   2.309545E+000   6.928634E-001   8.439009E+000   1.616681E+000   6.822327E+000
   47501      39     5.500000     6.500000   2.171822E+000   6.324430E-001   2.150160E+000   6.450479E-001   1.539379E+000   1.505112E+000   3.426684E-002
   47501      40     6.500000     7.000000   6.459457E-001   4.787202E-002   3.726042E-001   1.117813E-001   5.980737E-001   2.608229E-001   3.372508E-001
   47501      41     7.000000     9.000000   1.525571E+000   8.464484E-002   4.943559E-001   1.483068E-001   1.440926E+000   3.460491E-001   1.094877E+000
   47501      42     9.000000    20.000000   1.633159E+000   2.997948E-002   2.620537E-001   7.861611E-002   1.603179E+000   1.834376E-001   1.419742E+000
   47601       1     0.200000     0.300000   5.582456E-006   3.540013E-006   2.917776E-006   8.753329E-007   2.042443E-006   2.042443E-006  -9.500338E-015
   47601       2     0.300000     0.345000   2.557270E-003   1.374824E-003   1.689209E-003   5.067628E-004   1.182447E-003   1.182447E-003  -8.478984E-013
   47601       3     0.345000     0.385000   2.512764E-003   1.152240E-003   1.943607E-003   5.830820E-004   1.360525E-003   1.360525E-003   2.412549E-013
   47601       4     0.385000     0.420000   1.293223E-002   5.311610E-003   1.088660E-002   3.265979E-003   7.620618E-003   7.620618E-003  -2.556476E-012
   47601       5     0.420000     0.450000   2.349464E-002   8.965829E-003   2.075544E-002   6.226633E-003   1.452881E-002   1.452881E-002   7.382157E-012
   47601       6     0.450000     0.500000   1.310848E-001   4.710132E-002   1.199763E-001   3.599290E-002   8.398344E-002   8.398344E-002  -6.113184E-011
   47601       7     0.500000     0.550000   1.748537E-001   5.938044E-002   1.649618E-001   4.948854E-002   1.154733E-001   1.154733E-001  -3.002980E-011
   47601       8     0.550000     0.610000   2.295775E-001   7.513490E-002   2.206276E-001   6.618829E-002   1.544426E-001   1.544394E-001   3.280503E-006
   47601       9     0.610000     0.690000   5.693172E-001   1.805387E-001   5.553269E-001   1.665981E-001   3.887785E-001   3.887288E-001   4.964738E-005
   47601      10     0.690000     0.780000   2.472789E+000   7.670117E-001   2.436464E+000   7.309391E-001   1.705777E+000   1.705525E+000   2.528210E-004
   47601      11     0.780000     0.800000   1.063069E+000   3.220262E-001   1.044906E+000   3.134717E-001   7.410432E-001   7.314339E-001   9.609278E-003
   47601      12     0.800000     0.870000   5.878988E+000   1.794704E+000   5.814895E+000   1.744469E+000   4.084285E+000   4.070427E+000   1.385813E-002
   47601      13     0.870000     0.880000   8.736691E-001   2.566200E-001   8.541725E-001   2.562518E-001   6.170491E-001   5.979208E-001   1.912831E-002
   47601      14     0.880000     1.030000   2.249240E+001   6.814127E+000   2.235665E+001   6.706994E+000   1.567828E+001   1.564965E+001   2.862576E-002
   47601      15     1.030000     1.080000   9.248799E+000   2.378633E+000   8.584002E+000   2.575201E+000   6.870165E+000   6.008801E+000   8.613641E-001
   47601      16     1.080000     1.140000   1.173685E+001   3.452558E+000   1.159209E+001   3.477626E+000   8.284292E+000   8.114460E+000   1.698323E-001
   47601      17     1.140000     1.200000   1.143670E+001   3.434514E+000   1.139347E+001   3.418040E+000   8.002183E+000   7.975426E+000   2.675683E-002
   47601      18     1.200000     1.240000   8.097833E+000   7.850132E-001   4.382096E+000   1.314629E+000   7.312820E+000   3.067467E+000   4.245352E+000
   47601      19     1.240000     1.280000   7.733813E+000   2.201378E+000   7.565241E+000   2.269572E+000   5.532436E+000   5.295669E+000   2.367668E-001
   47601      20     1.280000     1.340000   1.109154E+001   2.135957E+000   8.967136E+000   2.690141E+000   8.955586E+000   6.276995E+000   2.678591E+000
   47601      21     1.340000     1.420000   1.012492E+001   2.745177E+000   9.672305E+000   2.901692E+000   7.379744E+000   6.770614E+000   6.091306E-001
   47601      22     1.420000     1.460000   4.444646E+000   3.013778E-001   1.605645E+000   4.816935E-001   4.143268E+000   1.123952E+000   3.019316E+000
   47601      23     1.460000     1.490000   3.316959E+000   9.579280E-001   3.268722E+000   9.806166E-001   2.359031E+000   2.288105E+000   7.092550E-002
   47601      24     1.490000     1.520000   3.416012E+000   7.295489E-001   2.914939E+000   8.744816E-001   2.686463E+000   2.040457E+000   6.460055E-001
   47601      25     1.520000     1.680000   2.089115E+001   1.577508E+000   9.135170E+000   2.740551E+000   1.931364E+001   6.394619E+000   1.291902E+001
   47601      26     1.680000     1.740000   7.400301E+000   2.198311E+000   7.369315E+000   2.210795E+000   5.201991E+000   5.158521E+000   4.347006E-002
   47601      27     1.740000     1.820000   6.859941E+000   1.905551E+000   6.663726E+000   1.999118E+000   4.954390E+000   4.664608E+000   2.897823E-001
   47601      28     1.820000     1.940000   7.844991E+000   1.297058E+000   5.676688E+000   1.703006E+000   6.547933E+000   3.973682E+000   2.574252E+000
   47601      29     1.940000     2.200000   1.524385E+001   1.034382E+000   4.904820E+000   1.471446E+000   1.420947E+001   3.433374E+000   1.077609E+001
   47601      30     2.200000     2.300000   5.897529E+000   1.697162E+000   5.808736E+000   1.742621E+000   4.200367E+000   4.066115E+000   1.342520E-001
   47601      31     2.300000     2.450000   6.412228E+000   1.923497E+000   6.410500E+000   1.923150E+000   4.488731E+000   4.487350E+000   1.380357E-003
   47601      32     2.450000     2.550000   2.808749E+000   6.128822E-001   2.442070E+000   7.326211E-001   2.195867E+000   1.709449E+000   4.864178E-001
   47601      33     2.550000     2.650000   2.466453E+000   2.632708E-001   1.239537E+000   3.718611E-001   2.203183E+000   8.676760E-001   1.335507E+000
   47601      34     2.650000     2.900000   5.107089E+000   8.356390E-003   1.550958E-001   4.652874E-002   5.098733E+000   1.085671E-001   4.990166E+000
   47601      35     2.900000     3.200000   4.829501E+000   4.831296E-001   2.765786E+000   8.297359E-001   4.346371E+000   1.936051E+000   2.410321E+000
   47601      36     3.200000     3.500000   4.479548E+000   8.716366E-001   3.847130E+000   1.154139E+000   3.607911E+000   2.692991E+000   9.149201E-001
   47601      37     3.500000     3.900000   5.317470E+000   1.234708E+000   4.858080E+000   1.457424E+000   4.082763E+000   3.400656E+000   6.821065E-001
   47601      38     3.900000     5.500000   8.889375E+000   4.510908E-001   2.313489E+000   6.940466E-001   8.438284E+000   1.619442E+000   6.818842E+000
   47601      39     5.500000     6.500000   2.171822E+000   6.324674E-001   2.150188E+000   6.450563E-001   1.539354E+000   1.505131E+000   3.422273E-002
   47601      40     6.500000     7.000000   6.459457E-001   4.780030E-002   3.723283E-001   1.116985E-001   5.981454E-001   2.606298E-001   3.375156E-001
   47601      41     7.000000     9.000000   1.525571E+000   8.472615E-002   4.941433E-001   1.482430E-001   1.440845E+000   3.459003E-001   1.094945E+000
   47601      42     9.000000    20.000000   1.633159E+000   3.036336E-002   2.639898E-001   7.919695E-002   1.602796E+000   1.847929E-001   1.418003E+000
   47701       1     0.200000     0.300000   5.582456E-006   3.540013E-006   2.917776E-006   8.753329E-007   2.042443E-006   2.042443E-006  -9.500338E-015
   47701       2     0.300000     0.345000   2.557270E-003   1.374824E-003   1.689209E-003   5.067628E-004   1.182447E-003   1.182447E-003  -8.478984E-013
   47701       3     0.345000     0.385000   2.512764E-003   1.152240E-003   1.943607E-003   5.830820E-004   1.360525E-003   1.360525E-003   2.412549E-013
   47701       4     0.385000     0.420000   1.293223E-002   5.311610E-003   1.088660E-002   3.265979E-003   7.620618E-003   7.620618E-003  -1.607915E-013
   47701       5     0.420000     0.450000   2.349464E-002   8.965829E-003   2.075544E-002   6.226633E-003   1.452881E-002   1.452881E-002   7.070218E-012
   47701       6     0.450000     0.500000   1.310848E-001   4.710132E-002   1.199763E-001   3.599290E-002   8.398344E-002   8.398344E-002  -3.576930E-011
   47701       7     0.500000     0.550000   1.748537E-001   5.938044E-002   1.649618E-001   4.948854E-002   1.154733E-001   1.154733E-001  -1.758463E-011
   47701       8     0.550000     0.610000   2.295775E-001   7.513490E-002   2.206276E-001   6.618829E-002   1.544426E-001   1.544393E-001   3.282127E-006
   47701       9     0.610000     0.690000   5.693172E-001   1.805387E-001   5.553269E-001   1.665981E-001   3.887785E-001   3.887288E-001   4.965217E-005
   47701      10     0.690000     0.780000   2.472789E+000   7.670118E-001   2.436464E+000   7.309391E-001   1.705777E+000   1.705525E+000   2.527698E-004
   47701      11     0.780000     0.800000   1.063069E+000   3.220265E-001   1.044906E+000   3.134717E-001   7.410429E-001   7.314340E-001   9.608894E-003
   47701      12     0.800000     0.870000   5.878988E+000   1.794700E+000   5.814891E+000   1.744467E+000   4.084288E+000   4.070423E+000   1.386453E-002
   47701      13     0.870000     0.880000   8.736691E-001   2.566257E-001   8.541790E-001   2.562537E-001   6.170434E-001   5.979253E-001   1.911810E-002
   47701      14     0.880000     1.030000   2.249240E+001   6.814127E+000   2.235665E+001   6.706994E+000   1.567828E+001   1.564965E+001   2.862475E-002
   47701      15     1.030000     1.080000   9.248799E+000   2.378734E+000   8.584100E+000   2.575230E+000   6.870065E+000   6.008870E+000   8.611951E-001
   47701      16     1.080000     1.140000   1.173685E+001   3.452565E+000   1.159209E+001   3.477627E+000   8.284285E+000   8.114464E+000   1.698214E-001
   47701      17     1.140000     1.200000   1.143670E+001   3.434520E+000   1.139347E+001   3.418041E+000   8.002177E+000   7.975430E+000   2.674735E-002
   47701      18     1.200000     1.240000   8.097833E+000   7.862033E-001   4.384796E+000   1.315439E+000   7.311629E+000   3.069357E+000   4.242272E+000
   47701      19     1.240000     1.280000   7.733813E+000   2.201503E+000   7.565385E+000   2.269615E+000   5.532310E+000   5.295769E+000   2.365407E-001
   47701      20     1.280000     1.340000   1.109154E+001   2.136443E+000   8.967772E+000   2.690331E+000   8.955100E+000   6.277440E+000   2.677660E+000
   47701      21     1.340000     1.420000   1.012492E+001   2.745469E+000   9.672677E+000   2.901803E+000   7.379452E+000   6.770874E+000   6.085776E-001
   47701      22     1.420000     1.460000   4.444646E+000   3.019799E-001   1.608023E+000   4.824069E-001   4.142666E+000   1.125616E+000   3.017050E+000
   47701      23     1.460000     1.490000   3.316959E+000   9.583823E-001   3.269264E+000   9.807791E-001   2.358577E+000   2.288485E+000   7.009196E-002
   47701      24     1.490000     1.520000   3.416012E+000   7.298382E-001   2.915343E+000   8.746030E-001   2.686173E+000   2.040740E+000   6.454329E-001
   47701      25     1.520000     1.680000   2.089115E+001   1.581132E+000   9.145169E+000   2.743551E+000   1.931002E+001   6.401618E+000   1.290840E+001
   47701      26     1.680000     1.740000   7.400301E+000   2.198479E+000   7.369505E+000   2.210852E+000   5.201822E+000   5.158654E+000   4.316831E-002
   47701      27     1.740000     1.820000   6.859941E+000   1.906723E+000   6.665361E+000   1.999608E+000   4.953219E+000   4.665753E+000   2.874657E-001
   47701      28     1.820000     1.940000   7.844991E+000   1.298837E+000   5.681018E+000   1.704305E+000   6.546154E+000   3.976713E+000   2.569442E+000
   47701      29     1.940000     2.200000   1.524385E+001   1.035941E+000   4.910483E+000   1.473145E+000   1.420791E+001   3.437338E+000   1.077057E+001
   47701      30     2.200000     2.300000   5.897529E+000   1.697327E+000   5.808936E+000   1.742681E+000   4.200202E+000   4.066255E+000   1.339468E-001
   47701      31     2.300000     2.450000   6.412228E+000   1.923504E+000   6.410508E+000   1.923152E+000   4.488724E+000   4.487356E+000   1.368152E-003
   47701      32     2.450000     2.550000   2.808749E+000   6.137063E-001   2.443618E+000   7.330855E-001   2.195043E+000   1.710533E+000   4.845101E-001
   47701      33     2.550000     2.650000   2.466453E+000   2.640179E-001   1.241576E+000   3.724728E-001   2.202435E+000   8.691032E-001   1.333332E+000
   47701      34     2.650000     2.900000   5.107089E+000   8.448100E-003   1.562144E-001   4.686431E-002   5.098641E+000   1.093500E-001   4.989291E+000
   47701      35     2.900000     3.200000   4.829501E+000   4.843856E-001   2.769072E+000   8.307216E-001   4.345115E+000   1.938350E+000   2.406765E+000
   47701      36     3.200000     3.500000   4.479548E+000   8.713124E-001   3.846596E+000   1.153979E+000   3.608235E+000   2.692617E+000   9.156186E-001
   47701      37     3.500000     3.900000   5.317470E+000   1.233737E+000   4.856606E+000   1.456982E+000   4.083734E+000   3.399624E+000   6.841099E-001
   47701      38     3.900000     5.500000   8.889375E+000   4.517745E-001   2.317191E+000   6.951572E-001   8.437601E+000   1.622033E+000   6.815567E+000
   47701      39     5.500000     6.500000   2.171822E+000   6.324896E-001   2.150213E+000   6.450640E-001   1.539332E+000   1.505149E+000   3.418263E-002
   47701      40     6.500000     7.000000   6.459457E-001   4.773330E-002   3.720704E-001   1.116211E-001   5.982124E-001   2.604493E-001   3.377632E-001
   47701      41     7.000000     9.000000   1.525571E+000   8.480215E-002   4.939484E-001   1.481845E-001   1.440769E+000   3.457639E-001   1.095005E+000
   47701      42     9.000000    20.000000   1.633159E+000   3.072353E-002   2.657996E-001   7.973987E-002   1.602435E+000   1.860597E-001   1.416376E+000
   47801       1     0.200000     0.300000   5.582456E-006   3.540013E-006   2.917776E-006   8.753329E-007   2.042443E-006   2.042443E-006  -9.500338E-015
   47801       2     0.300000     0.345000   2.557270E-003   1.374824E-003   1.689209E-003   5.067628E-004   1.182447E-003   1.182447E-003  -8.478984E-013
   47801       3     0.345000     0.385000   2.512764E-003   1.152240E-003   1.943607E-003   5.830820E-004   1.360525E-003   1.360525E-003  -5.290625E-014
   47801       4     0.385000     0.420000   1.293223E-002   5.311610E-003   1.088660E-002   3.265979E-003   7.620618E-003   7.620618E-003  -5.572513E-013
   47801       5     0.420000     0.450000   2.349464E-002   8.965829E-003   2.075544E-002   6.226633E-003   1.452881E-002   1.452881E-002   1.925367E-011
   47801       6     0.450000     0.500000   1.310848E-001   4.710132E-002   1.199763E-001   3.599290E-002   8.398344E-002   8.398344E-002  -3.135021E-011
   47801       7     0.500000     0.550000   1.748537E-001   5.938044E-002   1.649618E-001   4.948854E-002   1.154733E-001   1.154733E-001  -2.528851E-011
   47801       8     0.550000     0.610000   2.295775E-001   7.513490E-002   2.206276E-001   6.618829E-002   1.544426E-001   1.544393E-001   3.283644E-006
   47801       9     0.610000     0.690000   5.693172E-001   1.805387E-001   5.553269E-001   1.665981E-001   3.887785E-001   3.887288E-001   4.965666E-005
   47801      10     0.690000     0.780000   2.472789E+000   7.670118E-001   2.436464E+000   7.309391E-001   1.705777E+000   1.705525E+000   2.527223E-004
   47801      11     0.780000     0.800000   1.063069E+000   3.220267E-001   1.044906E+000   3.134718E-001   7.410427E-001   7.314342E-001   9.608540E-003
   47801      12     0.800000     0.870000   5.878988E+000   1.794697E+000   5.814886E+000   1.744466E+000   4.084291E+000   4.070421E+000   1.387055E-002
   47801      13     0.870000     0.880000   8.736691E-001   2.566310E-001   8.541850E-001   2.562555E-001   6.170381E-001   5.979295E-001   1.910857E-002
   47801      14     0.880000     1.030000   2.249240E+001   6.814128E+000   2.235665E+001   6.706994E+000   1.567828E+001   1.564965E+001   2.862383E-002
   47801      15     1.030000     1.080000   9.248799E+000   2.378828E+000   8.584190E+000   2.575257E+000   6.869971E+000   6.008933E+000   8.610383E-001
   47801      16     1.080000     1.140000   1.173685E+001   3.452571E+000   1.159210E+001   3.477629E+000   8.284279E+000   8.114468E+000   1.698113E-001
   47801      17     1.140000     1.200000   1.143670E+001   3.434525E+000   1.139348E+001   3.418043E+000   8.002172E+000   7.975434E+000   2.673860E-002
   47801      18     1.200000     1.240000   8.097833E+000   7.873225E-001   4.387332E+000   1.316200E+000   7.310510E+000   3.071132E+000   4.239378E+000
   47801      19     1.240000     1.280000   7.733813E+000   2.201620E+000   7.565518E+000   2.269655E+000   5.532193E+000   5.295863E+000   2.363306E-001
   47801      20     1.280000     1.340000   1.109154E+001   2.136898E+000   8.968365E+000   2.690510E+000   8.954645E+000   6.277856E+000   2.676789E+000
   47801      21     1.340000     1.420000   1.012492E+001   2.745743E+000   9.673024E+000   2.901907E+000   7.379178E+000   6.771117E+000   6.080612E-001
   47801      22     1.420000     1.460000   4.444646E+000   3.025482E-001   1.610261E+000   4.830784E-001   4.142098E+000   1.127183E+000   3.014915E+000
   47801      23     1.460000     1.490000   3.316959E+000   9.588045E-001   3.269767E+000   9.809301E-001   2.358154E+000   2.288837E+000   6.931758E-002
   47801      24     1.490000     1.520000   3.416012E+000   7.301082E-001   2.915721E+000   8.747163E-001   2.685903E+000   2.041005E+000   6.448986E-001
   47801      25     1.520000     1.680000   2.089115E+001   1.584538E+000   9.154557E+000   2.746367E+000   1.930661E+001   6.408190E+000   1.289842E+001
   47801      26     1.680000     1.740000   7.400301E+000   2.198636E+000   7.369682E+000   2.210905E+000   5.201665E+000   5.158778E+000   4.288783E-002
   47801      27     1.740000     1.820000   6.859941E+000   1.907818E+000   6.666886E+000   2.000066E+000   4.952123E+000   4.666820E+000   2.853027E-001
   47801      28     1.820000     1.940000   7.844991E+000   1.300510E+000   5.685082E+000   1.705525E+000   6.544482E+000   3.979557E+000   2.564924E+000
   47801      29     1.940000     2.200000   1.524385E+001   1.037402E+000   4.915801E+000   1.474740E+000   1.420645E+001   3.441061E+000   1.076539E+001
   47801      30     2.200000     2.300000   5.897529E+000   1.697481E+000   5.809123E+000   1.742737E+000   4.200048E+000   4.066386E+000   1.336619E-001
   47801      31     2.300000     2.450000   6.412228E+000   1.923511E+000   6.410515E+000   1.923155E+000   4.488717E+000   4.487361E+000   1.356797E-003
   47801      32     2.450000     2.550000   2.808749E+000   6.144791E-001   2.445068E+000   7.335204E-001   2.194270E+000   1.711548E+000   4.827225E-001
   47801      33     2.550000     2.650000   2.466453E+000   2.647203E-001   1.243489E+000   3.730467E-001   2.201733E+000   8.704423E-001   1.331291E+000
   47801      34     2.650000     2.900000   5.107089E+000   8.535360E-003   1.572738E-001   4.718214E-002   5.098554E+000   1.100917E-001   4.988462E+000
   47801      35     2.900000     3.200000   4.829501E+000   4.855652E-001   2.772153E+000   8.316459E-001   4.343936E+000   1.940507E+000   2.403429E+000
   47801      36     3.200000     3.500000   4.479548E+000   8.710061E-001   3.846090E+000   1.153827E+000   3.608542E+000   2.692263E+000   9.162790E-001
   47801      37     3.500000     3.900000   5.317470E+000   1.232823E+000   4.855218E+000   1.456565E+000   4.084647E+000   3.398652E+000   6.859951E-001
   47801      38     3.900000     5.500000   8.889375E+000   4.524231E-001   2.320681E+000   6.962044E-001   8.436952E+000   1.624477E+000   6.812475E+000
   47801      39     5.500000     6.500000   2.171822E+000   6.325100E-001   2.150237E+000   6.450710E-001   1.539312E+000   1.505166E+000   3.414586E-002
   47801      40     6.500000     7.000000   6.459457E-001   4.767046E-002   3.718282E-001   1.115485E-001   5.982753E-001   2.602797E-001   3.379955E-001
   47801      41     7.000000     9.000000   1.525571E+000   8.487339E-002   4.937647E-001   1.481294E-001   1.440698E+000   3.456353E-001   1.095062E+000
   47801      42     9.000000    20.000000   1.633159E+000   3.106631E-002   2.675118E-001   8.025354E-002   1.602093E+000   1.872583E-001   1.414834E+000
   47901       1     0.200000     0.300000   5.582456E-006   3.540013E-006   2.917776E-006   8.753329E-007   2.042443E-006   2.042443E-006  -9.500338E-015
   47901       2     0.300000     0.345000   2.557270E-003   1.374824E-003   1.689209E-003   5.067628E-004   1.182447E-003   1.182447E-003  -8.478984E-013
   47901       3     0.345000     0.385000   2.512764E-003   1.152240E-003   1.943607E-003   5.830820E-004   1.360525E-003   1.360525E-003  -5.290625E-014
   47901       4     0.385000     0.420000   1.293223E-002   5.311610E-003   1.088660E-002   3.265979E-003   7.620618E-003   7.620618E-003   1.912834E-012
   47901       5     0.420000     0.450000   2.349464E-002   8.965829E-003   2.075544E-002   6.226633E-003   1.452881E-002   1.452881E-002   1.611720E-011
   47901       6     0.450000     0.500000   1.310848E-001   4.710132E-002   1.199763E-001   3.599290E-002   8.398344E-002   8.398344E-002   4.575854E-012
   47901       7     0.500000     0.550000   1.748537E-001   5.938044E-002   1.649618E-001   4.948854E-002   1.154733E-001   1.154733E-001  -6.082995E-012
   47901       8     0.550000     0.610000   2.295775E-001   7.513489E-002   2.206276E-001   6.618829E-002   1.544426E-001   1.544393E-001   3.285067E-006
   47901       9     0.610000     0.690000   5.693172E-001   1.805387E-001   5.553269E-001   1.665981E-001   3.887785E-001   3.887288E-001   4.966088E-005
   47901      10     0.690000     0.780000   2.472789E+000   7.670118E-001   2.436464E+000   7.309391E-001   1.705777E+000   1.705525E+000   2.526778E-004
   47901      11     0.780000     0.800000   1.063069E+000   3.220269E-001   1.044906E+000   3.134718E-001   7.410425E-001   7.314343E-001   9.608210E-003
   47901      12     0.800000     0.870000   5.878988E+000   1.794694E+000   5.814883E+000   1.744465E+000   4.084294E+000   4.070418E+000   1.387622E-002
   47901      13     0.870000     0.880000   8.736691E-001   2.566360E-001   8.541907E-001   2.562572E-001   6.170331E-001   5.979335E-001   1.909963E-002
   47901      14     0.880000     1.030000   2.249240E+001   6.814128E+000   2.235665E+001   6.706994E+000   1.567828E+001   1.564965E+001   2.862296E-002
   47901      15     1.030000     1.080000   9.248799E+000   2.378915E+000   8.584274E+000   2.575282E+000   6.869884E+000   6.008992E+000   8.608917E-001
   47901      16     1.080000     1.140000   1.173685E+001   3.452577E+000   1.159210E+001   3.477631E+000   8.284273E+000   8.114471E+000   1.698020E-001
   47901      17     1.140000     1.200000   1.143670E+001   3.434529E+000   1.139348E+001   3.418045E+000   8.002168E+000   7.975437E+000   2.673044E-002
   47901      18     1.200000     1.240000   8.097833E+000   7.883777E-001   4.389720E+000   1.316916E+000   7.309455E+000   3.072804E+000   4.236651E+000
   47901      19     1.240000     1.280000   7.733813E+000   2.201730E+000   7.565643E+000   2.269693E+000   5.532084E+000   5.295950E+000   2.361338E-001
   47901      20     1.280000     1.340000   1.109154E+001   2.137326E+000   8.968922E+000   2.690677E+000   8.954217E+000   6.278246E+000   2.675972E+000
   47901      21     1.340000     1.420000   1.012492E+001   2.745999E+000   9.673350E+000   2.902005E+000   7.378922E+000   6.771345E+000   6.075767E-001
   47901      22     1.420000     1.460000   4.444646E+000   3.030878E-001   1.612380E+000   4.837141E-001   4.141558E+000   1.128666E+000   3.012892E+000
   47901      23     1.460000     1.490000   3.316959E+000   9.592012E-001   3.270239E+000   9.810718E-001   2.357758E+000   2.289168E+000   6.859001E-002
   47901      24     1.490000     1.520000   3.416012E+000   7.303617E-001   2.916075E+000   8.748226E-001   2.685650E+000   2.041253E+000   6.443971E-001
   47901      25     1.520000     1.680000   2.089115E+001   1.587755E+000   9.163408E+000   2.749022E+000   1.930339E+001   6.414386E+000   1.288901E+001
   47901      26     1.680000     1.740000   7.400301E+000   2.198783E+000   7.369848E+000   2.210954E+000   5.201518E+000   5.158894E+000   4.262465E-002
   47901      27     1.740000     1.820000   6.859941E+000   1.908851E+000   6.668320E+000   2.000496E+000   4.951091E+000   4.667824E+000   2.832663E-001
   47901      28     1.820000     1.940000   7.844991E+000   1.302091E+000   5.688914E+000   1.706674E+000   6.542900E+000   3.982240E+000   2.560660E+000
   47901      29     1.940000     2.200000   1.524385E+001   1.038783E+000   4.920831E+000   1.476249E+000   1.420507E+001   3.444582E+000   1.076049E+001
   47901      30     2.200000     2.300000   5.897529E+000   1.697625E+000   5.809298E+000   1.742789E+000   4.199903E+000   4.066509E+000   1.333947E-001
   47901      31     2.300000     2.450000   6.412228E+000   1.923517E+000   6.410522E+000   1.923157E+000   4.488711E+000   4.487365E+000   1.346143E-003
   47901      32     2.450000     2.550000   2.808749E+000   6.152085E-001   2.446434E+000   7.339303E-001   2.193541E+000   1.712504E+000   4.810366E-001
   47901      33     2.550000     2.650000   2.466453E+000   2.653871E-001   1.245299E+000   3.735897E-001   2.201066E+000   8.717093E-001   1.329357E+000
   47901      34     2.650000     2.900000   5.107089E+000   8.618878E-003   1.582844E-001   4.748533E-002   5.098470E+000   1.107991E-001   4.987671E+000
   47901      35     2.900000     3.200000   4.829501E+000   4.866789E-001   2.775057E+000   8.325171E-001   4.342822E+000   1.942540E+000   2.400282E+000
   47901      36     3.200000     3.500000   4.479548E+000   8.707167E-001   3.845612E+000   1.153683E+000   3.608831E+000   2.691928E+000   9.169031E-001
   47901      37     3.500000     3.900000   5.317470E+000   1.231963E+000   4.853909E+000   1.456173E+000   4.085508E+000   3.397736E+000   6.877719E-001
   47901      38     3.900000     5.500000   8.889375E+000   4.530427E-001   2.323995E+000   6.971984E-001   8.436333E+000   1.626796E+000   6.809536E+000
   47901      39     5.500000     6.500000   2.171822E+000   6.325291E-001   2.150259E+000   6.450776E-001   1.539292E+000   1.505181E+000   3.411150E-002
   47901      40     6.500000     7.000000   6.459457E-001   4.761132E-002   3.715999E-001   1.114800E-001   5.983344E-001   2.601200E-001   3.382145E-001
   47901      41     7.000000     9.000000   1.525571E+000   8.494018E-002   4.935918E-001   1.480775E-001   1.440631E+000   3.455143E-001   1.095117E+000
   47901      42     9.000000    20.000000   1.633159E+000   3.139592E-002   2.691479E-001   8.074438E-002   1.601763E+000   1.884036E-001   1.413359E+000
   48001       1     0.200000     0.300000   5.582456E-006   3.540013E-006   2.917776E-006   8.753329E-007   2.042443E-006   2.042443E-006  -9.500338E-015
   48001       2     0.300000     0.345000   2.557270E-003   1.374824E-003   1.689209E-003   5.067628E-004   1.182447E-003   1.182447E-003  -8.478984E-013
   48001       3     0.345000     0.385000   2.512764E-003   1.152240E-003   1.943607E-003   5.830820E-004   1.360525E-003   1.360525E-003  -3.104079E-013
   48001       4     0.385000     0.420000   1.293223E-002   5.311610E-003   1.088660E-002   3.265979E-003   7.620618E-003   7.620618E-003   2.539895E-012
   48001       5     0.420000     0.450000   2.349464E-002   8.965829E-003   2.075544E-002   6.226633E-003   1.452881E-002   1.452881E-002   1.160921E-011
   48001       6     0.450000     0.500000   1.310848E-001   4.710132E-002   1.199763E-001   3.599290E-002   8.398344E-002   8.398344E-002   6.080234E-012
   48001       7     0.500000     0.550000   1.748537E-001   5.938044E-002   1.649618E-001   4.948854E-002   1.154733E-001   1.154733E-001  -2.839430E-011
   48001       8     0.550000     0.610000   2.295775E-001   7.513489E-002   2.206276E-001   6.618829E-002   1.544426E-001   1.544393E-001   3.286404E-006
   48001       9     0.610000     0.690000   5.693172E-001   1.805387E-001   5.553269E-001   1.665981E-001   3.887785E-001   3.887288E-001   4.966487E-005
   48001      10     0.690000     0.780000   2.472789E+000   7.670118E-001   2.436464E+000   7.309392E-001   1.705777E+000   1.705525E+000   2.526361E-004
   48001      11     0.780000     0.800000   1.063069E+000   3.220271E-001   1.044906E+000   3.134719E-001   7.410423E-001   7.314344E-001   9.607899E-003
   48001      12     0.800000     0.870000   5.878988E+000   1.794692E+000   5.814879E+000   1.744464E+000   4.084297E+000   4.070415E+000   1.388156E-002
   48001      13     0.870000     0.880000   8.736691E-001   2.566406E-001   8.541960E-001   2.562588E-001   6.170284E-001   5.979372E-001   1.909124E-002
   48001      14     0.880000     1.030000   2.249240E+001   6.814129E+000   2.235665E+001   6.706995E+000   1.567828E+001   1.564965E+001   2.862216E-002
   48001      15     1.030000     1.080000   9.248799E+000   2.378997E+000   8.584353E+000   2.575306E+000   6.869802E+000   6.009047E+000   8.607544E-001
   48001      16     1.080000     1.140000   1.173685E+001   3.452582E+000   1.159211E+001   3.477632E+000   8.284268E+000   8.114475E+000   1.697932E-001
   48001      17     1.140000     1.200000   1.143670E+001   3.434533E+000   1.139349E+001   3.418046E+000   8.002163E+000   7.975441E+000   2.672283E-002
   48001      18     1.200000     1.240000   8.097833E+000   7.893752E-001   4.391975E+000   1.317592E+000   7.308458E+000   3.074382E+000   4.234075E+000
   48001      19     1.240000     1.280000   7.733813E+000   2.201832E+000   7.565760E+000   2.269728E+000   5.531981E+000   5.296032E+000   2.359495E-001
   48001      20     1.280000     1.340000   1.109154E+001   2.137728E+000   8.969446E+000   2.690834E+000   8.953815E+000   6.278612E+000   2.675203E+000
   48001      21     1.340000     1.420000   1.012492E+001   2.746240E+000   9.673656E+000   2.902097E+000   7.378680E+000   6.771559E+000   6.071213E-001
   48001      22     1.420000     1.460000   4.444646E+000   3.035990E-001   1.614384E+000   4.843151E-001   4.141047E+000   1.130069E+000   3.010978E+000
   48001      23     1.460000     1.490000   3.316959E+000   9.595722E-001   3.270681E+000   9.812043E-001   2.357387E+000   2.289477E+000   6.791012E-002
   48001      24     1.490000     1.520000   3.416012E+000   7.305998E-001   2.916408E+000   8.749224E-001   2.685412E+000   2.041486E+000   6.439261E-001
   48001      25     1.520000     1.680000   2.089115E+001   1.590793E+000   9.171761E+000   2.751528E+000   1.930035E+001   6.420232E+000   1.288012E+001
   48001      26     1.680000     1.740000   7.400301E+000   2.198921E+000   7.370004E+000   2.211001E+000   5.201381E+000   5.159002E+000   4.237828E-002
   48001      27     1.740000     1.820000   6.859941E+000   1.909822E+000   6.669667E+000   2.000900E+000   4.950119E+000   4.668767E+000   2.813522E-001
   48001      28     1.820000     1.940000   7.844991E+000   1.303586E+000   5.692530E+000   1.707759E+000   6.541405E+000   3.984771E+000   2.556634E+000
   48001      29     1.940000     2.200000   1.524385E+001   1.040085E+000   4.925576E+000   1.477673E+000   1.420377E+001   3.447903E+000   1.075586E+001
   48001      30     2.200000     2.300000   5.897529E+000   1.697761E+000   5.809463E+000   1.742839E+000   4.199768E+000   4.066624E+000   1.331438E-001
   48001      31     2.300000     2.450000   6.412228E+000   1.923522E+000   6.410528E+000   1.923158E+000   4.488706E+000   4.487370E+000   1.336170E-003
   48001      32     2.450000     2.550000   2.808749E+000   6.158963E-001   2.447722E+000   7.343165E-001   2.192853E+000   1.713405E+000   4.794477E-001
   48001      33     2.550000     2.650000   2.466453E+000   2.660155E-001   1.247004E+000   3.741011E-001   2.200438E+000   8.729025E-001   1.327535E+000
   48001      34     2.650000     2.900000   5.107089E+000   8.698452E-003   1.592435E-001   4.777306E-002   5.098391E+000   1.114705E-001   4.986920E+000
   48001      35     2.900000     3.200000   4.829501E+000   4.877301E-001   2.777794E+000   8.333382E-001   4.341771E+000   1.944456E+000   2.397315E+000
   48001      36     3.200000     3.500000   4.479548E+000   8.704423E-001   3.845158E+000   1.153547E+000   3.609106E+000   2.691611E+000   9.174949E-001
   48001      37     3.500000     3.900000   5.317470E+000   1.231150E+000   4.852672E+000   1.455801E+000   4.086320E+000   3.396870E+000   6.894501E-001
   48001      38     3.900000     5.500000   8.889375E+000   4.536322E-001   2.327131E+000   6.981394E-001   8.435743E+000   1.628992E+000   6.806751E+000
   48001      39     5.500000     6.500000   2.171822E+000   6.325467E-001   2.150279E+000   6.450836E-001   1.539275E+000   1.505195E+000   3.407976E-002
   48001      40     6.500000     7.000000   6.459457E-001   4.755561E-002   3.713848E-001   1.114154E-001   5.983901E-001   2.599694E-001   3.384207E-001
   48001      41     7.000000     9.000000   1.525571E+000   8.500304E-002   4.934313E-001   1.480294E-001   1.440568E+000   3.454019E-001   1.095166E+000
   48001      42     9.000000    20.000000   1.633159E+000   3.170869E-002   2.706948E-001   8.120844E-002   1.601450E+000   1.894864E-001   1.411964E+000
   48101       1     0.200000     0.300000   5.582456E-006   3.540013E-006   2.917776E-006   8.753329E-007   2.042443E-006   2.042443E-006  -9.500338E-015
   48101       2     0.300000     0.345000   2.557270E-003   1.374824E-003   1.689209E-003   5.067628E-004   1.182447E-003   1.182447E-003  -8.478984E-013
   48101       3     0.345000     0.385000   2.512764E-003   1.152240E-003   1.943607E-003   5.830820E-004   1.360525E-003   1.360525E-003  -7.299521E-013
   48101       4     0.385000     0.420000   1.293223E-002   5.311610E-003   1.088660E-002   3.265979E-003   7.620618E-003   7.620618E-003   1.581300E-012
   48101       5     0.420000     0.450000   2.349464E-002   8.965829E-003   2.075544E-002   6.226633E-003   1.452881E-002   1.452881E-002   1.157707E-011
   48101       6     0.450000     0.500000   1.310848E-001   4.710132E-002   1.199763E-001   3.599290E-002   8.398344E-002   8.398344E-002  -1.691787E-011
   48101       7     0.500000     0.550000   1.748537E-001   5.938044E-002   1.649618E-001   4.948854E-002   1.154733E-001   1.154733E-001  -2.446603E-011
   48101       8     0.550000     0.610000   2.295775E-001   7.513489E-002   2.206276E-001   6.618829E-002   1.544426E-001   1.544393E-001   3.287662E-006
   48101       9     0.610000     0.690000   5.693172E-001   1.805387E-001   5.553269E-001   1.665981E-001   3.887785E-001   3.887288E-001   4.966863E-005
   48101      10     0.690000     0.780000   2.472789E+000   7.670118E-001   2.436464E+000   7.309392E-001   1.705777E+000   1.705525E+000   2.525971E-004
   48101      11     0.780000     0.800000   1.063069E+000   3.220273E-001   1.044906E+000   3.134719E-001   7.410421E-001   7.314345E-001   9.607612E-003
   48101      12     0.800000     0.870000   5.878988E+000   1.794689E+000   5.814875E+000   1.744463E+000   4.084299E+000   4.070413E+000   1.388662E-002
   48101      13     0.870000     0.880000   8.736691E-001   2.566450E-001   8.542010E-001   2.562603E-001   6.170240E-001   5.979407E-001   1.908335E-002
   48101      14     0.880000     1.030000   2.249240E+001   6.814129E+000   2.235665E+001   6.706995E+000   1.567828E+001   1.564965E+001   2.862141E-002
   48101      15     1.030000     1.080000   9.248799E+000   2.379074E+000   8.584427E+000   2.575328E+000   6.869725E+000   6.009099E+000   8.606263E-001
   48101      16     1.080000     1.140000   1.173685E+001   3.452587E+000   1.159211E+001   3.477633E+000   8.284263E+000   8.114478E+000   1.697851E-001
   48101      17     1.140000     1.200000   1.143670E+001   3.434537E+000   1.139349E+001   3.418047E+000   8.002159E+000   7.975444E+000   2.671577E-002
   48101      18     1.200000     1.240000   8.097833E+000   7.903196E-001   4.394108E+000   1.318232E+000   7.307513E+000   3.075875E+000   4.231638E+000
   48101      19     1.240000     1.280000   7.733813E+000   2.201928E+000   7.565869E+000   2.269761E+000   5.531886E+000   5.296108E+000   2.357775E-001
   48101      20     1.280000     1.340000   1.109154E+001   2.138107E+000   8.969937E+000   2.690981E+000   8.953436E+000   6.278956E+000   2.674479E+000
   48101      21     1.340000     1.420000   1.012492E+001   2.746467E+000   9.673943E+000   2.902183E+000   7.378454E+000   6.771760E+000   6.066933E-001
   48101      22     1.420000     1.460000   4.444646E+000   3.040834E-001   1.616277E+000   4.848832E-001   4.140562E+000   1.131394E+000   3.009168E+000
   48101      23     1.460000     1.490000   3.316959E+000   9.599180E-001   3.271092E+000   9.813276E-001   2.357041E+000   2.289765E+000   6.727638E-002
   48101      24     1.490000     1.520000   3.416012E+000   7.308233E-001   2.916721E+000   8.750162E-001   2.685188E+000   2.041704E+000   6.434839E-001
   48101      25     1.520000     1.680000   2.089115E+001   1.593665E+000   9.179652E+000   2.753896E+000   1.929748E+001   6.425757E+000   1.287173E+001
   48101      26     1.680000     1.740000   7.400301E+000   2.199049E+000   7.370149E+000   2.211045E+000   5.201252E+000   5.159104E+000   4.214818E-002
   48101      27     1.740000     1.820000   6.859941E+000   1.910734E+000   6.670930E+000   2.001279E+000   4.949208E+000   4.669651E+000   2.795569E-001
   48101      28     1.820000     1.940000   7.844991E+000   1.304998E+000   5.695941E+000   1.708782E+000   6.539993E+000   3.987159E+000   2.552834E+000
   48101      29     1.940000     2.200000   1.524385E+001   1.041311E+000   4.930049E+000   1.479015E+000   1.420254E+001   3.451035E+000   1.075150E+001
   48101      30     2.200000     2.300000   5.897529E+000   1.697888E+000   5.809617E+000   1.742885E+000   4.199640E+000   4.066732E+000   1.329081E-001
   48101      31     2.300000     2.450000   6.412228E+000   1.923528E+000   6.410534E+000   1.923160E+000   4.488701E+000   4.487374E+000   1.326847E-003
   48101      32     2.450000     2.550000   2.808749E+000   6.165444E-001   2.448934E+000   7.346801E-001   2.192205E+000   1.714254E+000   4.779513E-001
   48101      33     2.550000     2.650000   2.466453E+000   2.666069E-001   1.248608E+000   3.745824E-001   2.199846E+000   8.740256E-001   1.325821E+000
   48101      34     2.650000     2.900000   5.107089E+000   8.774330E-003   1.601538E-001   4.804613E-002   5.098315E+000   1.121076E-001   4.986207E+000
   48101      35     2.900000     3.200000   4.829501E+000   4.887225E-001   2.780376E+000   8.341127E-001   4.340778E+000   1.946263E+000   2.394515E+000
   48101      36     3.200000     3.500000   4.479548E+000   8.701811E-001   3.844726E+000   1.153418E+000   3.609367E+000   2.691308E+000   9.180585E-001
   48101      37     3.500000     3.900000   5.317470E+000   1.230381E+000   4.851500E+000   1.455450E+000   4.087089E+000   3.396050E+000   6.910392E-001
   48101      38     3.900000     5.500000   8.889375E+000   4.541928E-001   2.330100E+000   6.990299E-001   8.435182E+000   1.631070E+000   6.804113E+000
   48101      39     5.500000     6.500000   2.171822E+000   6.325629E-001   2.150297E+000   6.450892E-001   1.539259E+000   1.505208E+000   3.405065E-002
   48101      40     6.500000     7.000000   6.459457E-001   4.750304E-002   3.711816E-001   1.113545E-001   5.984427E-001   2.598271E-001   3.386156E-001
   48101      41     7.000000     9.000000   1.525571E+000   8.506244E-002   4.932797E-001   1.479839E-001   1.440509E+000   3.452958E-001   1.095213E+000
   48101      42     9.000000    20.000000   1.633159E+000   3.200566E-002   2.721576E-001   8.164729E-002   1.601153E+000   1.905104E-001   1.410643E+000
   48201       1     0.200000     0.300000   5.582456E-006   3.540013E-006   2.917776E-006   8.753329E-007   2.042443E-006   2.042443E-006  -9.500338E-015
   48201       2     0.300000     0.345000   2.557270E-003   1.374824E-003   1.689209E-003   5.067628E-004   1.182447E-003   1.182447E-003  -8.478984E-013
   48201       3     0.345000     0.385000   2.512764E-003   1.152240E-003   1.943607E-003   5.830820E-004   1.360525E-003   1.360525E-003  -5.065341E-013
   48201       4     0.385000     0.420000   1.293223E-002   5.311610E-003   1.088660E-002   3.265979E-003   7.620618E-003   7.620618E-003   1.171645E-012
   48201       5     0.420000     0.450000   2.349464E-002   8.965829E-003   2.075544E-002   6.226633E-003   1.452881E-002   1.452881E-002   1.010778E-011
   48201       6     0.450000     0.500000   1.310848E-001   4.710132E-002   1.199763E-001   3.599290E-002   8.398344E-002   8.398344E-002  -3.837138E-011
   48201       7     0.500000     0.550000   1.748537E-001   5.938044E-002   1.649618E-001   4.948854E-002   1.154733E-001   1.154733E-001  -6.043832E-011
   48201       8     0.550000     0.610000   2.295775E-001   7.513489E-002   2.206276E-001   6.618829E-002   1.544426E-001   1.544393E-001   3.288849E-006
   48201       9     0.610000     0.690000   5.693172E-001   1.805387E-001   5.553269E-001   1.665981E-001   3.887785E-001   3.887288E-001   4.967220E-005
   48201      10     0.690000     0.780000   2.472789E+000   7.670119E-001   2.436464E+000   7.309392E-001   1.705777E+000   1.705525E+000   2.525604E-004
   48201      11     0.780000     0.800000   1.063069E+000   3.220274E-001   1.044907E+000   3.134720E-001   7.410420E-001   7.314346E-001   9.607345E-003
   48201      12     0.800000     0.870000   5.878988E+000   1.794687E+000   5.814872E+000   1.744462E+000   4.084302E+000   4.070410E+000   1.389142E-002
   48201      13     0.870000     0.880000   8.736691E-001   2.566492E-001   8.542057E-001   2.562617E-001   6.170199E-001   5.979440E-001   1.907591E-002
   48201      14     0.880000     1.030000   2.249240E+001   6.814130E+000   2.235665E+001   6.706995E+000   1.567828E+001   1.564965E+001   2.862071E-002
   48201      15     1.030000     1.080000   9.248799E+000   2.379146E+000   8.584496E+000   2.575349E+000   6.869653E+000   6.009147E+000   8.605058E-001
   48201      16     1.080000     1.140000   1.173685E+001   3.452591E+000   1.159212E+001   3.477635E+000   8.284258E+000   8.114481E+000   1.697775E-001
   48201      17     1.140000     1.200000   1.143670E+001   3.434541E+000   1.139350E+001   3.418049E+000   8.002156E+000   7.975447E+000   2.670915E-002
   48201      18     1.200000     1.240000   8.097833E+000   7.912158E-001   4.396129E+000   1.318839E+000   7.306617E+000   3.077291E+000   4.229326E+000
   48201      19     1.240000     1.280000   7.733813E+000   2.202018E+000   7.565972E+000   2.269792E+000   5.531796E+000   5.296180E+000   2.356153E-001
   48201      20     1.280000     1.340000   1.109154E+001   2.138466E+000   8.970402E+000   2.691120E+000   8.953077E+000   6.279281E+000   2.673796E+000
   48201      21     1.340000     1.420000   1.012492E+001   2.746682E+000   9.674215E+000   2.902264E+000   7.378239E+000   6.771950E+000   6.062891E-001
   48201      22     1.420000     1.460000   4.444646E+000   3.045455E-001   1.618080E+000   4.854239E-001   4.140100E+000   1.132656E+000   3.007445E+000
   48201      23     1.460000     1.490000   3.316959E+000   9.602448E-001   3.271480E+000   9.814441E-001   2.356714E+000   2.290036E+000   6.667777E-002
   48201      24     1.490000     1.520000   3.416012E+000   7.310345E-001   2.917016E+000   8.751047E-001   2.684977E+000   2.041911E+000   6.430662E-001
   48201      25     1.520000     1.680000   2.089115E+001   1.596393E+000   9.187138E+000   2.756141E+000   1.929476E+001   6.430997E+000   1.286376E+001
   48201      26     1.680000     1.740000   7.400301E+000   2.199170E+000   7.370286E+000   2.211086E+000   5.201131E+000   5.159200E+000   4.193102E-002
   48201      27     1.740000     1.820000   6.859941E+000   1.911598E+000   6.672123E+000   2.001637E+000   4.948344E+000   4.670486E+000   2.778576E-001
   48201      28     1.820000     1.940000   7.844991E+000   1.306341E+000   5.699177E+000   1.709753E+000   6.538650E+000   3.989424E+000   2.549226E+000
   48201      29     1.940000     2.200000   1.524385E+001   1.042475E+000   4.934302E+000   1.480291E+000   1.420137E+001   3.454011E+000   1.074736E+001
   48201      30     2.200000     2.300000   5.897529E+000   1.698009E+000   5.809763E+000   1.742929E+000   4.199520E+000   4.066834E+000   1.326856E-001
   48201      31     2.300000     2.450000   6.412228E+000   1.923532E+000   6.410539E+000   1.923162E+000   4.488696E+000   4.487378E+000   1.318048E-003
   48201      32     2.450000     2.550000   2.808749E+000   6.171595E-001   2.450082E+000   7.350247E-001   2.191590E+000   1.715058E+000   4.765320E-001
   48201      33     2.550000     2.650000   2.466453E+000   2.671707E-001   1.250134E+000   3.750401E-001   2.199283E+000   8.750935E-001   1.324189E+000
   48201      34     2.650000     2.900000   5.107089E+000   8.847252E-003   1.610256E-001   4.830768E-002   5.098242E+000   1.127179E-001   4.985524E+000
   48201      35     2.900000     3.200000   4.829501E+000   4.896650E-001   2.782823E+000   8.348470E-001   4.339836E+000   1.947976E+000   2.391860E+000
   48201      36     3.200000     3.500000   4.479548E+000   8.699327E-001   3.844315E+000   1.153295E+000   3.609615E+000   2.691021E+000   9.185946E-001
   48201      37     3.500000     3.900000   5.317470E+000   1.229652E+000   4.850388E+000   1.455116E+000   4.087818E+000   3.395271E+000   6.925468E-001
   48201      38     3.900000     5.500000   8.889375E+000   4.547302E-001   2.332931E+000   6.998792E-001   8.434645E+000   1.633051E+000   6.801594E+000
   48201      39     5.500000     6.500000   2.171822E+000   6.325780E-001   2.150315E+000   6.450944E-001   1.539244E+000   1.505220E+000   3.402334E-002
   48201      40     6.500000     7.000000   6.459457E-001   4.745323E-002   3.709888E-001   1.112967E-001   5.984925E-001   2.596922E-001   3.388003E-001
   48201      41     7.000000     9.000000   1.525571E+000   8.511858E-002   4.931358E-001   1.479407E-001   1.440452E+000   3.451950E-001   1.095257E+000
   48201      42     9.000000    20.000000   1.633159E+000   3.229195E-002   2.735604E-001   8.206813E-002   1.600867E+000   1.914923E-001   1.409375E+000
   48301       1     0.200000     0.300000   5.582456E-006   3.540013E-006   2.917776E-006   8.753329E-007   2.042443E-006   2.042443E-006  -9.500338E-015
   48301       2     0.300000     0.345000   2.557270E-003   1.374824E-003   1.689209E-003   5.067628E-004   1.182447E-003   1.182447E-003  -8.478984E-013
   48301       3     0.345000     0.385000   2.512764E-003   1.152240E-003   1.943607E-003   5.830820E-004   1.360525E-003   1.360525E-003  -9.235752E-013
   48301       4     0.385000     0.420000   1.293223E-002   5.311610E-003   1.088660E-002   3.265979E-003   7.620618E-003   7.620618E-003   1.128066E-012
   48301       5     0.420000     0.450000   2.349464E-002   8.965829E-003   2.075544E-002   6.226633E-003   1.452881E-002   1.452881E-002   6.305824E-012
   48301       6     0.450000     0.500000   1.310848E-001   4.710132E-002   1.199763E-001   3.599290E-002   8.398344E-002   8.398344E-002  -5.438992E-011
   48301       7     0.500000     0.550000   1.748537E-001   5.938044E-002   1.649618E-001   4.948854E-002   1.154733E-001   1.154733E-001  -7.748215E-011
   48301       8     0.550000     0.610000   2.295775E-001   7.513489E-002   2.206276E-001   6.618829E-002   1.544426E-001   1.544393E-001   3.289973E-006
   48301       9     0.610000     0.690000   5.693172E-001   1.805387E-001   5.553269E-001   1.665981E-001   3.887785E-001   3.887288E-001   4.967559E-005
   48301      10     0.690000     0.780000   2.472789E+000   7.670119E-001   2.436464E+000   7.309392E-001   1.705777E+000   1.705525E+000   2.525257E-004
   48301      11     0.780000     0.800000   1.063069E+000   3.220276E-001   1.044907E+000   3.134720E-001   7.410418E-001   7.314347E-001   9.607091E-003
   48301      12     0.800000     0.870000   5.878988E+000   1.794684E+000   5.814869E+000   1.744461E+000   4.084304E+000   4.070408E+000   1.389596E-002
   48301      13     0.870000     0.880000   8.736691E-001   2.566531E-001   8.542102E-001   2.562630E-001   6.170160E-001   5.979471E-001   1.906886E-002
   48301      14     0.880000     1.030000   2.249240E+001   6.814130E+000   2.235665E+001   6.706995E+000   1.567828E+001   1.564965E+001   2.862004E-002
   48301      15     1.030000     1.080000   9.248799E+000   2.379214E+000   8.584561E+000   2.575368E+000   6.869585E+000   6.009193E+000   8.603918E-001
   48301      16     1.080000     1.140000   1.173685E+001   3.452596E+000   1.159212E+001   3.477636E+000   8.284254E+000   8.114484E+000   1.697703E-001
   48301      17     1.140000     1.200000   1.143670E+001   3.434545E+000   1.139350E+001   3.418050E+000   8.002152E+000   7.975449E+000   2.670289E-002
   48301      18     1.200000     1.240000   8.097833E+000   7.920685E-001   4.398051E+000   1.319415E+000   7.305764E+000   3.078636E+000   4.227129E+000
   48301      19     1.240000     1.280000   7.733813E+000   2.202103E+000   7.566070E+000   2.269821E+000   5.531710E+000   5.296249E+000   2.354613E-001
   48301      20     1.280000     1.340000   1.109154E+001   2.138806E+000   8.970842E+000   2.691253E+000   8.952737E+000   6.279589E+000   2.673147E+000
   48301      21     1.340000     1.420000   1.012492E+001   2.746885E+000   9.674472E+000   2.902341E+000   7.378036E+000   6.772130E+000   6.059059E-001
   48301      22     1.420000     1.460000   4.444646E+000   3.049885E-001   1.619803E+000   4.859409E-001   4.139657E+000   1.133862E+000   3.005795E+000
   48301      23     1.460000     1.490000   3.316959E+000   9.605560E-001   3.271850E+000   9.815550E-001   2.356403E+000   2.290295E+000   6.610778E-002
   48301      24     1.490000     1.520000   3.416012E+000   7.312348E-001   2.917295E+000   8.751886E-001   2.684777E+000   2.042107E+000   6.426700E-001
   48301      25     1.520000     1.680000   2.089115E+001   1.598994E+000   9.194263E+000   2.758279E+000   1.929215E+001   6.435984E+000   1.285617E+001
   48301      26     1.680000     1.740000   7.400301E+000   2.199286E+000   7.370416E+000   2.211125E+000   5.201016E+000   5.159291E+000   4.172464E-002
   48301      27     1.740000     1.820000   6.859941E+000   1.912421E+000   6.673259E+000   2.001978E+000   4.947520E+000   4.671281E+000   2.762390E-001
   48301      28     1.820000     1.940000   7.844991E+000   1.307623E+000   5.702260E+000   1.710678E+000   6.537368E+000   3.991582E+000   2.545786E+000
   48301      29     1.940000     2.200000   1.524385E+001   1.043587E+000   4.938366E+000   1.481510E+000   1.420026E+001   3.456856E+000   1.074341E+001
   48301      30     2.200000     2.300000   5.897529E+000   1.698123E+000   5.809901E+000   1.742970E+000   4.199406E+000   4.066931E+000   1.324747E-001
   48301      31     2.300000     2.450000   6.412228E+000   1.923537E+000   6.410545E+000   1.923163E+000   4.488691E+000   4.487381E+000   1.309688E-003
   48301      32     2.450000     2.550000   2.808749E+000   6.177462E-001   2.451177E+000   7.353530E-001   2.191003E+000   1.715824E+000   4.751793E-001
   48301      33     2.550000     2.650000   2.466453E+000   2.677119E-001   1.251593E+000   3.754779E-001   2.198741E+000   8.761151E-001   1.322626E+000
   48301      34     2.650000     2.900000   5.107089E+000   8.917630E-003   1.618650E-001   4.855950E-002   5.098172E+000   1.133055E-001   4.984866E+000
   48301      35     2.900000     3.200000   4.829501E+000   4.905637E-001   2.785154E+000   8.355462E-001   4.338937E+000   1.949608E+000   2.389329E+000
   48301      36     3.200000     3.500000   4.479548E+000   8.696963E-001   3.843924E+000   1.153177E+000   3.609852E+000   2.690747E+000   9.191051E-001
   48301      37     3.500000     3.900000   5.317470E+000   1.228960E+000   4.849330E+000   1.454799E+000   4.088511E+000   3.394531E+000   6.939798E-001
   48301      38     3.900000     5.500000   8.889375E+000   4.552481E-001   2.335644E+000   7.006931E-001   8.434127E+000   1.634951E+000   6.799176E+000
   48301      39     5.500000     6.500000   2.171822E+000   6.325925E-001   2.150331E+000   6.450993E-001   1.539229E+000   1.505232E+000   3.399735E-002
   48301      40     6.500000     7.000000   6.459457E-001   4.740589E-002   3.708055E-001   1.112417E-001   5.985398E-001   2.595639E-001   3.389760E-001
   48301      41     7.000000     9.000000   1.525571E+000   8.517168E-002   4.929996E-001   1.478999E-001   1.440399E+000   3.450997E-001   1.095300E+000
   48301      42     9.000000    20.000000   1.633159E+000   3.256975E-002   2.749144E-001   8.247431E-002   1.600589E+000   1.924400E-001   1.408149E+000
   48401       1     0.200000     0.300000   5.582456E-006   3.540013E-006   2.917776E-006   8.753329E-007   2.042443E-006   2.042443E-006  -9.500338E-015
   48401       2     0.300000     0.345000   2.557270E-003   1.374824E-003   1.689209E-003   5.067628E-004   1.182447E-003   1.182447E-003  -8.478984E-013
   48401       3     0.345000     0.385000   2.512764E-003   1.152240E-003   1.943607E-003   5.830820E-004   1.360525E-003   1.360525E-003  -1.065336E-012
   48401       4     0.385000     0.420000   1.293223E-002   5.311610E-003   1.088660E-002   3.265979E-003   7.620618E-003   7.620618E-003   1.991312E-012
   48401       5     0.420000     0.450000   2.349464E-002   8.965829E-003   2.075544E-002   6.226633E-003   1.452881E-002   1.452881E-002   8.335600E-012
   48401       6     0.450000     0.500000   1.310848E-001   4.710132E-002   1.199763E-001   3.599290E-002   8.398344E-002   8.398344E-002  -1.946830E-011
   48401       7     0.500000     0.550000   1.748537E-001   5.938044E-002   1.649618E-001   4.948854E-002   1.154733E-001   1.154733E-001  -6.687872E-011
   48401       8     0.550000     0.610000   2.295775E-001   7.513489E-002   2.206276E-001   6.618829E-002   1.544426E-001   1.544393E-001   3.291038E-006
   48401       9     0.610000     0.690000   5.693172E-001   1.805387E-001   5.553269E-001   1.665981E-001   3.887785E-001   3.887288E-001   4.967881E-005
   48401      10     0.690000     0.780000   2.472789E+000   7.670119E-001   2.436464E+000   7.309392E-001   1.705777E+000   1.705525E+000   2.524929E-004
   48401      11     0.780000     0.800000   1.063069E+000   3.220277E-001   1.044907E+000   3.134721E-001   7.410417E-001   7.314348E-001   9.606850E-003
   48401      12     0.800000     0.870000   5.878988E+000   1.794682E+000   5.814866E+000   1.744460E+000   4.084306E+000   4.070406E+000   1.390028E-002
   48401      13     0.870000     0.880000   8.736691E-001   2.566568E-001   8.542144E-001   2.562643E-001   6.170123E-001   5.979501E-001   1.906218E-002
   48401      14     0.880000     1.030000   2.249240E+001   6.814130E+000   2.235665E+001   6.706995E+000   1.567827E+001   1.564966E+001   2.861941E-002
   48401      15     1.030000     1.080000   9.248799E+000   2.379279E+000   8.584623E+000   2.575387E+000   6.869520E+000   6.009236E+000   8.602842E-001
   48401      16     1.080000     1.140000   1.173685E+001   3.452600E+000   1.159212E+001   3.477637E+000   8.284250E+000   8.114486E+000   1.697635E-001
   48401      17     1.140000     1.200000   1.143670E+001   3.434548E+000   1.139350E+001   3.418051E+000   8.002149E+000   7.975452E+000   2.669700E-002
   48401      18     1.200000     1.240000   8.097833E+000   7.928816E-001   4.399880E+000   1.319964E+000   7.304951E+000   3.079916E+000   4.225035E+000
   48401      19     1.240000     1.280000   7.733813E+000   2.202184E+000   7.566162E+000   2.269849E+000   5.531629E+000   5.296313E+000   2.353160E-001
   48401      20     1.280000     1.340000   1.109154E+001   2.139129E+000   8.971259E+000   2.691378E+000   8.952413E+000   6.279881E+000   2.672532E+000
   48401      21     1.340000     1.420000   1.012492E+001   2.747078E+000   9.674715E+000   2.902415E+000   7.377843E+000   6.772301E+000   6.055426E-001
   48401      22     1.420000     1.460000   4.444646E+000   3.054108E-001   1.621443E+000   4.864329E-001   4.139235E+000   1.135010E+000   3.004225E+000
   48401      23     1.460000     1.490000   3.316959E+000   9.608488E-001   3.272198E+000   9.816593E-001   2.356110E+000   2.290538E+000   6.557179E-002
   48401      24     1.490000     1.520000   3.416012E+000   7.314246E-001   2.917560E+000   8.752681E-001   2.684587E+000   2.042292E+000   6.422947E-001
   48401      25     1.520000     1.680000   2.089115E+001   1.601470E+000   9.201042E+000   2.760313E+000   1.928968E+001   6.440729E+000   1.284895E+001
   48401      26     1.680000     1.740000   7.400301E+000   2.199394E+000   7.370538E+000   2.211162E+000   5.200907E+000   5.159377E+000   4.153003E-002
   48401      27     1.740000     1.820000   6.859941E+000   1.913201E+000   6.674333E+000   2.002300E+000   4.946740E+000   4.672033E+000   2.747070E-001
   48401      28     1.820000     1.940000   7.844991E+000   1.308843E+000   5.705191E+000   1.711557E+000   6.536148E+000   3.993633E+000   2.542515E+000
   48401      29     1.940000     2.200000   1.524385E+001   1.044642E+000   4.942225E+000   1.482667E+000   1.419921E+001   3.459557E+000   1.073965E+001
   48401      30     2.200000     2.300000   5.897529E+000   1.698231E+000   5.810032E+000   1.743010E+000   4.199298E+000   4.067023E+000   1.322750E-001
   48401      31     2.300000     2.450000   6.412228E+000   1.923542E+000   6.410549E+000   1.923165E+000   4.488686E+000   4.487385E+000   1.301805E-003
   48401      32     2.450000     2.550000   2.808749E+000   6.183035E-001   2.452215E+000   7.356646E-001   2.190446E+000   1.716551E+000   4.738949E-001
   48401      33     2.550000     2.650000   2.466453E+000   2.682244E-001   1.252976E+000   3.758928E-001   2.198229E+000   8.770831E-001   1.321146E+000
   48401      34     2.650000     2.900000   5.107089E+000   8.985016E-003   1.626655E-001   4.879965E-002   5.098104E+000   1.138658E-001   4.984238E+000
   48401      35     2.900000     3.200000   4.829501E+000   4.914183E-001   2.787368E+000   8.362104E-001   4.338083E+000   1.951158E+000   2.386925E+000
   48401      36     3.200000     3.500000   4.479548E+000   8.694702E-001   3.843549E+000   1.153065E+000   3.610078E+000   2.690484E+000   9.195934E-001
   48401      37     3.500000     3.900000   5.317470E+000   1.228300E+000   4.848321E+000   1.454496E+000   4.089171E+000   3.393825E+000   6.953455E-001
   48401      38     3.900000     5.500000   8.889375E+000   4.557432E-001   2.338228E+000   7.014684E-001   8.433632E+000   1.636760E+000   6.796872E+000
   48401      39     5.500000     6.500000   2.171822E+000   6.326059E-001   2.150346E+000   6.451039E-001   1.539216E+000   1.505242E+000   3.397325E-002
   48401      40     6.500000     7.000000   6.459457E-001   4.736092E-002   3.706313E-001   1.111894E-001   5.985848E-001   2.594419E-001   3.391429E-001
   48401      41     7.000000     9.000000   1.525571E+000   8.522217E-002   4.928723E-001   1.478617E-001   1.440349E+000   3.450106E-001   1.095338E+000
   48401      42     9.000000    20.000000   1.633159E+000   3.283385E-002   2.761988E-001   8.285964E-002   1.600325E+000   1.933391E-001   1.406986E+000
   48501       1     0.200000     0.300000   5.582456E-006   3.540013E-006   2.917776E-006   8.753329E-007   2.042443E-006   2.042443E-006  -9.500338E-015
   48501       2     0.300000     0.345000   2.557270E-003   1.374824E-003   1.689209E-003   5.067628E-004   1.182447E-003   1.182447E-003  -8.478984E-013
   48501       3     0.345000     0.385000   2.512764E-003   1.152240E-003   1.943607E-003   5.830820E-004   1.360525E-003   1.360525E-003  -1.065336E-012
   48501       4     0.385000     0.420000   1.293223E-002   5.311610E-003   1.088660E-002   3.265979E-003   7.620618E-003   7.620618E-003   1.122265E-012
   48501       5     0.420000     0.450000   2.349464E-002   8.965829E-003   2.075544E-002   6.226633E-003   1.452881E-002   1.452881E-002   6.561741E-012
   48501       6     0.450000     0.500000   1.310848E-001   4.710132E-002   1.199763E-001   3.599290E-002   8.398344E-002   8.398344E-002  -2.774707E-011
   48501       7     0.500000     0.550000   1.748537E-001   5.938044E-002   1.649618E-001   4.948854E-002   1.154733E-001   1.154733E-001  -7.627075E-011
   48501       8     0.550000     0.610000   2.295775E-001   7.513489E-002   2.206276E-001   6.618829E-002   1.544426E-001   1.544393E-001   3.292049E-006
   48501       9     0.610000     0.690000   5.693172E-001   1.805387E-001   5.553269E-001   1.665981E-001   3.887785E-001   3.887288E-001   4.968188E-005
   48501      10     0.690000     0.780000   2.472789E+000   7.670119E-001   2.436464E+000   7.309392E-001   1.705777E+000   1.705525E+000   2.524619E-004
   48501      11     0.780000     0.800000   1.063069E+000   3.220279E-001   1.044907E+000   3.134721E-001   7.410415E-001   7.314349E-001   9.606627E-003
   48501      12     0.800000     0.870000   5.878988E+000   1.794680E+000   5.814863E+000   1.744459E+000   4.084309E+000   4.070404E+000   1.390441E-002
   48501      13     0.870000     0.880000   8.736691E-001   2.566603E-001   8.542184E-001   2.562655E-001   6.170087E-001   5.979529E-001   1.905586E-002
   48501      14     0.880000     1.030000   2.249240E+001   6.814131E+000   2.235665E+001   6.706995E+000   1.567827E+001   1.564966E+001   2.861883E-002
   48501      15     1.030000     1.080000   9.248799E+000   2.379339E+000   8.584680E+000   2.575404E+000   6.869459E+000   6.009276E+000   8.601831E-001
   48501      16     1.080000     1.140000   1.173685E+001   3.452604E+000   1.159213E+001   3.477638E+000   8.284246E+000   8.114489E+000   1.697572E-001
   48501      17     1.140000     1.200000   1.143670E+001   3.434551E+000   1.139351E+001   3.418052E+000   8.002146E+000   7.975454E+000   2.669151E-002
   48501      18     1.200000     1.240000   8.097833E+000   7.936577E-001   4.401626E+000   1.320488E+000   7.304175E+000   3.081138E+000   4.223037E+000
   48501      19     1.240000     1.280000   7.733813E+000   2.202260E+000   7.566249E+000   2.269875E+000   5.531553E+000   5.296374E+000   2.351793E-001
   48501      20     1.280000     1.340000   1.109154E+001   2.139436E+000   8.971654E+000   2.691496E+000   8.952106E+000   6.280158E+000   2.671948E+000
   48501      21     1.340000     1.420000   1.012492E+001   2.747261E+000   9.674946E+000   2.902484E+000   7.377660E+000   6.772462E+000   6.051984E-001
   48501      22     1.420000     1.460000   4.444646E+000   3.058137E-001   1.623005E+000   4.869014E-001   4.138832E+000   1.136103E+000   3.002729E+000
   48501      23     1.460000     1.490000   3.316959E+000   9.611240E-001   3.272524E+000   9.817572E-001   2.355835E+000   2.290767E+000   6.506804E-002
   48501      24     1.490000     1.520000   3.416012E+000   7.316042E-001   2.917811E+000   8.753434E-001   2.684407E+000   2.042468E+000   6.419395E-001
   48501      25     1.520000     1.680000   2.089115E+001   1.603828E+000   9.207499E+000   2.762250E+000   1.928732E+001   6.445250E+000   1.284207E+001
   48501      26     1.680000     1.740000   7.400301E+000   2.199497E+000   7.370654E+000   2.211196E+000   5.200804E+000   5.159458E+000   4.134676E-002
   48501      27     1.740000     1.820000   6.859941E+000   1.913939E+000   6.675347E+000   2.002604E+000   4.946002E+000   4.672743E+000   2.732591E-001
   48501      28     1.820000     1.940000   7.844991E+000   1.310004E+000   5.707978E+000   1.712393E+000   6.534987E+000   3.995584E+000   2.539402E+000
   48501      29     1.940000     2.200000   1.524385E+001   1.045643E+000   4.945891E+000   1.483767E+000   1.419821E+001   3.462124E+000   1.073608E+001
   48501      30     2.200000     2.300000   5.897529E+000   1.698333E+000   5.810156E+000   1.743047E+000   4.199195E+000   4.067109E+000   1.320858E-001
   48501      31     2.300000     2.450000   6.412228E+000   1.923546E+000   6.410554E+000   1.923166E+000   4.488682E+000   4.487388E+000   1.294375E-003
   48501      32     2.450000     2.550000   2.808749E+000   6.188326E-001   2.453201E+000   7.359603E-001   2.189917E+000   1.717241E+000   4.726758E-001
   48501      33     2.550000     2.650000   2.466453E+000   2.687101E-001   1.254287E+000   3.762862E-001   2.197743E+000   8.780012E-001   1.319742E+000
   48501      34     2.650000     2.900000   5.107089E+000   9.049700E-003   1.634303E-001   4.902909E-002   5.098039E+000   1.144012E-001   4.983638E+000
   48501      35     2.900000     3.200000   4.829501E+000   4.922316E-001   2.789473E+000   8.368419E-001   4.337269E+000   1.952631E+000   2.384638E+000
   48501      36     3.200000     3.500000   4.479548E+000   8.692532E-001   3.843189E+000   1.152957E+000   3.610295E+000   2.690233E+000   9.200621E-001
   48501      37     3.500000     3.900000   5.317470E+000   1.227670E+000   4.847358E+000   1.454207E+000   4.089801E+000   3.393151E+000   6.966501E-001
   48501      38     3.900000     5.500000   8.889375E+000   4.562169E-001   2.340691E+000   7.022072E-001   8.433158E+000   1.638484E+000   6.794675E+000
   48501      39     5.500000     6.500000   2.171822E+000   6.326182E-001   2.150361E+000   6.451082E-001   1.539203E+000   1.505252E+000   3.395099E-002
   48501      40     6.500000     7.000000   6.459457E-001   4.731811E-002   3.704653E-001   1.111396E-001   5.986276E-001   2.593257E-001   3.393019E-001
   48501      41     7.000000     9.000000   1.525571E+000   8.527032E-002   4.927503E-001   1.478251E-001   1.440301E+000   3.449252E-001   1.095376E+000
   48501      42     9.000000    20.000000   1.633159E+000   3.308620E-002   2.774220E-001   8.322660E-002   1.600073E+000   1.941954E-001   1.405877E+000
   48601       1     0.200000     0.300000   5.582456E-006   3.540013E-006   2.917776E-006   8.753329E-007   2.042443E-006   2.042443E-006  -9.500338E-015
   48601       2     0.300000     0.345000   2.557270E-003   1.374824E-003   1.689209E-003   5.067628E-004   1.182447E-003   1.182447E-003  -8.478984E-013
   48601       3     0.345000     0.385000   2.512764E-003   1.152240E-003   1.943607E-003   5.830820E-004   1.360525E-003   1.360525E-003  -1.065336E-012
   48601       4     0.385000     0.420000   1.293223E-002   5.311610E-003   1.088660E-002   3.265979E-003   7.620618E-003   7.620618E-003   6.806456E-013
   48601       5     0.420000     0.450000   2.349464E-002   8.965829E-003   2.075544E-002   6.226633E-003   1.452881E-002   1.452881E-002   3.407927E-012
   48601       6     0.450000     0.500000   1.310848E-001   4.710132E-002   1.199763E-001   3.599290E-002   8.398344E-002   8.398344E-002  -1.226920E-011
   48601       7     0.500000     0.550000   1.748537E-001   5.938044E-002   1.649618E-001   4.948854E-002   1.154733E-001   1.154733E-001  -8.071331E-011
   48601       8     0.550000     0.610000   2.295775E-001   7.513489E-002   2.206276E-001   6.618829E-002   1.544426E-001   1.544393E-001   3.293011E-006
   48601       9     0.610000     0.690000   5.693172E-001   1.805387E-001   5.553269E-001   1.665981E-001   3.887785E-001   3.887288E-001   4.968482E-005
   48601      10     0.690000     0.780000   2.472789E+000   7.670119E-001   2.436464E+000   7.309392E-001   1.705777E+000   1.705525E+000   2.524325E-004
   48601      11     0.780000     0.800000   1.063069E+000   3.220280E-001   1.044907E+000   3.134721E-001   7.410414E-001   7.314350E-001   9.606416E-003
   48601      12     0.800000     0.870000   5.878988E+000   1.794678E+000   5.814860E+000   1.744458E+000   4.084311E+000   4.070402E+000   1.390836E-002
   48601      13     0.870000     0.880000   8.736691E-001   2.566637E-001   8.542222E-001   2.562667E-001   6.170054E-001   5.979555E-001   1.904984E-002
   48601      14     0.880000     1.030000   2.249240E+001   6.814131E+000   2.235665E+001   6.706995E+000   1.567827E+001   1.564966E+001   2.861827E-002
   48601      15     1.030000     1.080000   9.248799E+000   2.379397E+000   8.584735E+000   2.575421E+000   6.869402E+000   6.009315E+000   8.600869E-001
   48601      16     1.080000     1.140000   1.173685E+001   3.452607E+000   1.159213E+001   3.477639E+000   8.284242E+000   8.114491E+000   1.697512E-001
   48601      17     1.140000     1.200000   1.143670E+001   3.434554E+000   1.139351E+001   3.418053E+000   8.002143E+000   7.975457E+000   2.668630E-002
   48601      18     1.200000     1.240000   8.097833E+000   7.944005E-001   4.403295E+000   1.320988E+000   7.303432E+000   3.082306E+000   4.221126E+000
   48601      19     1.240000     1.280000   7.733813E+000   2.202332E+000   7.566331E+000   2.269899E+000   5.531481E+000   5.296432E+000   2.350491E-001
   48601      20     1.280000     1.340000   1.109154E+001   2.139729E+000   8.972031E+000   2.691609E+000   8.951813E+000   6.280422E+000   2.671392E+000
   48601      21     1.340000     1.420000   1.012492E+001   2.747435E+000   9.675166E+000   2.902550E+000   7.377486E+000   6.772616E+000   6.048702E-001
   48601      22     1.420000     1.460000   4.444646E+000   3.062012E-001   1.624504E+000   4.873511E-001   4.138444E+000   1.137153E+000   3.001292E+000
   48601      23     1.460000     1.490000   3.316959E+000   9.613868E-001   3.272836E+000   9.818507E-001   2.355572E+000   2.290985E+000   6.458720E-002
   48601      24     1.490000     1.520000   3.416012E+000   7.317755E-001   2.918050E+000   8.754151E-001   2.684236E+000   2.042635E+000   6.416008E-001
   48601      25     1.520000     1.680000   2.089115E+001   1.606088E+000   9.213678E+000   2.764104E+000   1.928506E+001   6.449575E+000   1.283549E+001
   48601      26     1.680000     1.740000   7.400301E+000   2.199595E+000   7.370764E+000   2.211229E+000   5.200707E+000   5.159535E+000   4.117200E-002
   48601      27     1.740000     1.820000   6.859941E+000   1.914645E+000   6.676316E+000   2.002895E+000   4.945297E+000   4.673421E+000   2.718754E-001
   48601      28     1.820000     1.940000   7.844991E+000   1.311118E+000   5.710645E+000   1.713193E+000   6.533873E+000   3.997451E+000   2.536421E+000
   48601      29     1.940000     2.200000   1.524385E+001   1.046603E+000   4.949407E+000   1.484822E+000   1.419725E+001   3.464585E+000   1.073266E+001
   48601      30     2.200000     2.300000   5.897529E+000   1.698431E+000   5.810274E+000   1.743082E+000   4.199098E+000   4.067192E+000   1.319056E-001
   48601      31     2.300000     2.450000   6.412228E+000   1.923550E+000   6.410559E+000   1.923168E+000   4.488678E+000   4.487391E+000   1.287289E-003
   48601      32     2.450000     2.550000   2.808749E+000   6.193394E-001   2.454144E+000   7.362432E-001   2.189410E+000   1.717901E+000   4.715090E-001
   48601      33     2.550000     2.650000   2.466453E+000   2.691773E-001   1.255546E+000   3.766638E-001   2.197276E+000   8.788821E-001   1.318394E+000
   48601      34     2.650000     2.900000   5.107089E+000   9.112316E-003   1.641686E-001   4.925057E-002   5.097977E+000   1.149180E-001   4.983059E+000
   48601      35     2.900000     3.200000   4.829501E+000   4.930107E-001   2.791487E+000   8.374462E-001   4.336490E+000   1.954041E+000   2.382449E+000
   48601      36     3.200000     3.500000   4.479548E+000   8.690452E-001   3.842845E+000   1.152853E+000   3.610503E+000   2.689991E+000   9.205115E-001
   48601      37     3.500000     3.900000   5.317470E+000   1.227067E+000   4.846436E+000   1.453931E+000   4.090403E+000   3.392505E+000   6.978980E-001
   48601      38     3.900000     5.500000   8.889375E+000   4.566745E-001   2.343059E+000   7.029178E-001   8.432701E+000   1.640141E+000   6.792559E+000
   48601      39     5.500000     6.500000   2.171822E+000   6.326300E-001   2.150374E+000   6.451122E-001   1.539192E+000   1.505262E+000   3.392983E-002
   48601      40     6.500000     7.000000   6.459457E-001   4.727719E-002   3.703065E-001   1.110919E-001   5.986685E-001   2.592145E-001   3.394540E-001
   48601      41     7.000000     9.000000   1.525571E+000   8.531622E-002   4.926337E-001   1.477901E-001   1.440255E+000   3.448436E-001   1.095411E+000
   48601      42     9.000000    20.000000   1.633159E+000   3.333120E-002   2.786043E-001   8.358130E-002   1.599828E+000   1.950230E-001   1.404805E+000
   48701       1     0.200000     0.300000   5.582456E-006   3.540013E-006   2.917776E-006   8.753329E-007   2.042443E-006   2.042443E-006  -9.500338E-015
   48701       2     0.300000     0.345000   2.557270E-003   1.374824E-003   1.689209E-003   5.067628E-004   1.182447E-003   1.182447E-003  -8.478984E-013
   48701       3     0.345000     0.385000   2.512764E-003   1.152240E-003   1.943607E-003   5.830820E-004   1.360525E-003   1.360525E-003  -1.065336E-012
   48701       4     0.385000     0.420000   1.293223E-002   5.311610E-003   1.088660E-002   3.265979E-003   7.620618E-003   7.620618E-003  -9.447269E-013
   48701       5     0.420000     0.450000   2.349464E-002   8.965829E-003   2.075544E-002   6.226633E-003   1.452881E-002   1.452881E-002   1.138056E-011
   48701       6     0.450000     0.500000   1.310848E-001   4.710132E-002   1.199763E-001   3.599290E-002   8.398344E-002   8.398344E-002  -1.952588E-011
   48701       7     0.500000     0.550000   1.748537E-001   5.938044E-002   1.649618E-001   4.948854E-002   1.154733E-001   1.154733E-001  -6.782366E-011
   48701       8     0.550000     0.610000   2.295775E-001   7.513489E-002   2.206276E-001   6.618829E-002   1.544426E-001   1.544393E-001   3.293930E-006
   48701       9     0.610000     0.690000   5.693172E-001   1.805387E-001   5.553269E-001   1.665981E-001   3.887785E-001   3.887288E-001   4.968763E-005
   48701      10     0.690000     0.780000   2.472789E+000   7.670120E-001   2.436464E+000   7.309392E-001   1.705777E+000   1.705525E+000   2.524045E-004
   48701      11     0.780000     0.800000   1.063069E+000   3.220281E-001   1.044907E+000   3.134722E-001   7.410413E-001   7.314350E-001   9.606214E-003
   48701      12     0.800000     0.870000   5.878988E+000   1.794676E+000   5.814858E+000   1.744457E+000   4.084313E+000   4.070400E+000   1.391213E-002
   48701      13     0.870000     0.880000   8.736691E-001   2.566669E-001   8.542259E-001   2.562678E-001   6.170022E-001   5.979581E-001   1.904408E-002
   48701      14     0.880000     1.030000   2.249240E+001   6.814131E+000   2.235665E+001   6.706995E+000   1.567827E+001   1.564966E+001   2.861774E-002
   48701      15     1.030000     1.080000   9.248799E+000   2.379452E+000   8.584787E+000   2.575436E+000   6.869346E+000   6.009351E+000   8.599952E-001
   48701      16     1.080000     1.140000   1.173685E+001   3.452611E+000   1.159213E+001   3.477640E+000   8.284239E+000   8.114493E+000   1.697455E-001
   48701      17     1.140000     1.200000   1.143670E+001   3.434557E+000   1.139351E+001   3.418054E+000   8.002140E+000   7.975459E+000   2.668132E-002
   48701      18     1.200000     1.240000   8.097833E+000   7.951132E-001   4.404894E+000   1.321468E+000   7.302720E+000   3.083426E+000   4.219294E+000
   48701      19     1.240000     1.280000   7.733813E+000   2.202402E+000   7.566410E+000   2.269923E+000   5.531412E+000   5.296487E+000   2.349244E-001
   48701      20     1.280000     1.340000   1.109154E+001   2.140010E+000   8.972391E+000   2.691717E+000   8.951533E+000   6.280674E+000   2.670859E+000
   48701      21     1.340000     1.420000   1.012492E+001   2.747602E+000   9.675376E+000   2.902613E+000   7.377319E+000   6.772763E+000   6.045564E-001
   48701      22     1.420000     1.460000   4.444646E+000   3.065755E-001   1.625948E+000   4.877845E-001   4.138070E+000   1.138164E+000   2.999906E+000
   48701      23     1.460000     1.490000   3.316959E+000   9.616391E-001   3.273135E+000   9.819404E-001   2.355320E+000   2.291194E+000   6.412548E-002
   48701      24     1.490000     1.520000   3.416012E+000   7.319394E-001   2.918279E+000   8.754838E-001   2.684072E+000   2.042795E+000   6.412766E-001
   48701      25     1.520000     1.680000   2.089115E+001   1.608260E+000   9.219609E+000   2.765883E+000   1.928289E+001   6.453726E+000   1.282916E+001
   48701      26     1.680000     1.740000   7.400301E+000   2.199688E+000   7.370870E+000   2.211261E+000   5.200613E+000   5.159609E+000   4.100448E-002
   48701      27     1.740000     1.820000   6.859941E+000   1.915323E+000   6.677246E+000   2.003174E+000   4.944619E+000   4.674072E+000   2.705466E-001
   48701      28     1.820000     1.940000   7.844991E+000   1.312190E+000   5.713207E+000   1.713962E+000   6.532801E+000   3.999245E+000   2.533556E+000
   48701      29     1.940000     2.200000   1.524385E+001   1.047525E+000   4.952793E+000   1.485838E+000   1.419632E+001   3.466955E+000   1.072937E+001
   48701      30     2.200000     2.300000   5.897529E+000   1.698524E+000   5.810387E+000   1.743116E+000   4.199004E+000   4.067271E+000   1.317332E-001
   48701      31     2.300000     2.450000   6.412228E+000   1.923554E+000   6.410563E+000   1.923169E+000   4.488674E+000   4.487394E+000   1.280500E-003
   48701      32     2.450000     2.550000   2.808749E+000   6.198267E-001   2.455050E+000   7.365149E-001   2.188923E+000   1.718535E+000   4.703878E-001
   48701      33     2.550000     2.650000   2.466453E+000   2.696290E-001   1.256759E+000   3.770277E-001   2.196824E+000   8.797314E-001   1.317093E+000
   48701      34     2.650000     2.900000   5.107089E+000   9.173147E-003   1.648842E-001   4.946527E-002   5.097916E+000   1.154190E-001   4.982497E+000
   48701      35     2.900000     3.200000   4.829501E+000   4.937597E-001   2.793421E+000   8.380263E-001   4.335741E+000   1.955395E+000   2.380347E+000
   48701      36     3.200000     3.500000   4.479548E+000   8.688456E-001   3.842514E+000   1.152754E+000   3.610702E+000   2.689760E+000   9.209428E-001
   48701      37     3.500000     3.900000   5.317470E+000   1.226490E+000   4.845551E+000   1.453665E+000   4.090980E+000   3.391886E+000   6.990945E-001
   48701      38     3.900000     5.500000   8.889375E+000   4.571184E-001   2.345346E+000   7.036038E-001   8.432257E+000   1.641742E+000   6.790515E+000
   48701      39     5.500000     6.500000   2.171822E+000   6.326413E-001   2.150387E+000   6.451161E-001   1.539180E+000   1.505271E+000   3.390952E-002
   48701      40     6.500000     7.000000   6.459457E-001   4.723795E-002   3.701541E-001   1.110462E-001   5.987078E-001   2.591079E-001   3.395999E-001
   48701      41     7.000000     9.000000   1.525571E+000   8.536003E-002   4.925222E-001   1.477567E-001   1.440211E+000   3.447655E-001   1.095445E+000
   48701      42     9.000000    20.000000   1.633159E+000   3.357032E-002   2.797531E-001   8.392592E-002   1.599589E+000   1.958272E-001   1.403761E+000
   48801       1     0.200000     0.300000   5.582456E-006   3.540013E-006   2.917776E-006   8.753329E-007   2.042443E-006   2.042443E-006  -9.500338E-015
   48801       2     0.300000     0.345000   2.557270E-003   1.374824E-003   1.689209E-003   5.067628E-004   1.182447E-003   1.182447E-003  -8.478984E-013
   48801       3     0.345000     0.385000   2.512764E-003   1.152240E-003   1.943607E-003   5.830820E-004   1.360525E-003   1.360525E-003  -1.065336E-012
   48801       4     0.385000     0.420000   1.293223E-002   5.311610E-003   1.088660E-002   3.265979E-003   7.620618E-003   7.620618E-003  -1.608476E-012
   48801       5     0.420000     0.450000   2.349464E-002   8.965829E-003   2.075544E-002   6.226633E-003   1.452881E-002   1.452881E-002   1.150786E-011
   48801       6     0.450000     0.500000   1.310848E-001   4.710132E-002   1.199763E-001   3.599290E-002   8.398344E-002   8.398344E-002  -1.815609E-011
   48801       7     0.500000     0.550000   1.748537E-001   5.938044E-002   1.649618E-001   4.948854E-002   1.154733E-001   1.154733E-001  -5.937988E-011
   48801       8     0.550000     0.610000   2.295775E-001   7.513489E-002   2.206276E-001   6.618829E-002   1.544426E-001   1.544393E-001   3.294809E-006
   48801       9     0.610000     0.690000   5.693172E-001   1.805387E-001   5.553269E-001   1.665981E-001   3.887785E-001   3.887288E-001   4.969033E-005
   48801      10     0.690000     0.780000   2.472789E+000   7.670120E-001   2.436464E+000   7.309392E-001   1.705777E+000   1.705525E+000   2.523777E-004
   48801      11     0.780000     0.800000   1.063069E+000   3.220283E-001   1.044907E+000   3.134722E-001   7.410411E-001   7.314351E-001   9.606021E-003
   48801      12     0.800000     0.870000   5.878988E+000   1.794674E+000   5.814855E+000   1.744457E+000   4.084314E+000   4.070399E+000   1.391574E-002
   48801      13     0.870000     0.880000   8.736691E-001   2.566699E-001   8.542293E-001   2.562688E-001   6.169991E-001   5.979605E-001   1.903858E-002
   48801      14     0.880000     1.030000   2.249240E+001   6.814132E+000   2.235665E+001   6.706996E+000   1.567827E+001   1.564966E+001   2.861723E-002
   48801      15     1.030000     1.080000   9.248799E+000   2.379505E+000   8.584837E+000   2.575451E+000   6.869294E+000   6.009386E+000   8.599076E-001
   48801      16     1.080000     1.140000   1.173685E+001   3.452614E+000   1.159214E+001   3.477641E+000   8.284236E+000   8.114496E+000   1.697401E-001
   48801      17     1.140000     1.200000   1.143670E+001   3.434559E+000   1.139352E+001   3.418055E+000   8.002137E+000   7.975461E+000   2.667657E-002
   48801      18     1.200000     1.240000   8.097833E+000   7.957983E-001   4.406430E+000   1.321929E+000   7.302034E+000   3.084501E+000   4.217533E+000
   48801      19     1.240000     1.280000   7.733813E+000   2.202468E+000   7.566486E+000   2.269946E+000   5.531345E+000   5.296540E+000   2.348051E-001
   48801      20     1.280000     1.340000   1.109154E+001   2.140279E+000   8.972736E+000   2.691821E+000   8.951264E+000   6.280915E+000   2.670349E+000
   48801      21     1.340000     1.420000   1.012492E+001   2.747761E+000   9.675577E+000   2.902673E+000   7.377160E+000   6.772904E+000   6.042560E-001
   48801      22     1.420000     1.460000   4.444646E+000   3.069367E-001   1.627340E+000   4.882020E-001   4.137709E+000   1.139138E+000   2.998571E+000
   48801      23     1.460000     1.490000   3.316959E+000   9.618808E-001   3.273421E+000   9.820263E-001   2.355078E+000   2.291395E+000   6.368340E-002
   48801      24     1.490000     1.520000   3.416012E+000   7.320965E-001   2.918498E+000   8.755495E-001   2.683915E+000   2.042949E+000   6.409663E-001
   48801      25     1.520000     1.680000   2.089115E+001   1.610350E+000   9.225307E+000   2.767592E+000   1.928080E+001   6.457715E+000   1.282308E+001
   48801      26     1.680000     1.740000   7.400301E+000   2.199778E+000   7.370971E+000   2.211291E+000   5.200524E+000   5.159680E+000   4.084410E-002
   48801      27     1.740000     1.820000   6.859941E+000   1.915974E+000   6.678137E+000   2.003441E+000   4.943967E+000   4.674696E+000   2.692716E-001
   48801      28     1.820000     1.940000   7.844991E+000   1.313222E+000   5.715668E+000   1.714701E+000   6.531769E+000   4.000968E+000   2.530801E+000
   48801      29     1.940000     2.200000   1.524385E+001   1.048413E+000   4.956052E+000   1.486815E+000   1.419544E+001   3.469236E+000   1.072620E+001
   48801      30     2.200000     2.300000   5.897529E+000   1.698614E+000   5.810495E+000   1.743149E+000   4.198915E+000   4.067347E+000   1.315683E-001
   48801      31     2.300000     2.450000   6.412228E+000   1.923557E+000   6.410567E+000   1.923170E+000   4.488671E+000   4.487397E+000   1.274001E-003
   48801      32     2.450000     2.550000   2.808749E+000   6.202952E-001   2.455919E+000   7.367758E-001   2.188454E+000   1.719144E+000   4.693105E-001
   48801      33     2.550000     2.650000   2.466453E+000   2.700643E-001   1.257927E+000   3.773780E-001   2.196389E+000   8.805486E-001   1.315840E+000
   48801      34     2.650000     2.900000   5.107089E+000   9.232154E-003   1.655765E-001   4.967296E-002   5.097857E+000   1.159036E-001   4.981953E+000
   48801      35     2.900000     3.200000   4.829501E+000   4.944799E-001   2.795278E+000   8.385834E-001   4.335021E+000   1.956695E+000   2.378326E+000
   48801      36     3.200000     3.500000   4.479548E+000   8.686536E-001   3.842195E+000   1.152658E+000   3.610894E+000   2.689536E+000   9.213579E-001
   48801      37     3.500000     3.900000   5.317470E+000   1.225936E+000   4.844702E+000   1.453411E+000   4.091535E+000   3.391291E+000   7.002437E-001
   48801      38     3.900000     5.500000   8.889375E+000   4.575482E-001   2.347552E+000   7.042657E-001   8.431827E+000   1.643287E+000   6.788540E+000
   48801      39     5.500000     6.500000   2.171822E+000   6.326520E-001   2.150399E+000   6.451197E-001   1.539170E+000   1.505279E+000   3.389017E-002
   48801      40     6.500000     7.000000   6.459457E-001   4.720038E-002   3.700081E-001   1.110024E-001   5.987454E-001   2.590057E-001   3.397397E-001
   48801      41     7.000000     9.000000   1.525571E+000   8.540206E-002   4.924173E-001   1.477252E-001   1.440169E+000   3.446921E-001   1.095477E+000
   48801      42     9.000000    20.000000   1.633159E+000   3.380235E-002   2.808640E-001   8.425921E-002   1.599357E+000   1.966048E-001   1.402752E+000
   48901       1     0.200000     0.300000   5.582456E-006   3.540013E-006   2.917776E-006   8.753329E-007   2.042443E-006   2.042443E-006  -9.500338E-015
   48901       2     0.300000     0.345000   2.557270E-003   1.374824E-003   1.689209E-003   5.067628E-004   1.182447E-003   1.182447E-003  -8.478984E-013
   48901       3     0.345000     0.385000   2.512764E-003   1.152240E-003   1.943607E-003   5.830820E-004   1.360525E-003   1.360525E-003  -1.129402E-012
   48901       4     0.385000     0.420000   1.293223E-002   5.311610E-003   1.088660E-002   3.265979E-003   7.620618E-003   7.620618E-003  -1.928263E-012
   48901       5     0.420000     0.450000   2.349464E-002   8.965829E-003   2.075544E-002   6.226633E-003   1.452881E-002   1.452881E-002   1.412873E-011
   48901       6     0.450000     0.500000   1.310848E-001   4.710132E-002   1.199763E-001   3.599290E-002   8.398344E-002   8.398344E-002  -1.806193E-011
   48901       7     0.500000     0.550000   1.748537E-001   5.938044E-002   1.649618E-001   4.948854E-002   1.154733E-001   1.154733E-001  -6.109221E-011
   48901       8     0.550000     0.610000   2.295775E-001   7.513489E-002   2.206276E-001   6.618829E-002   1.544426E-001   1.544393E-001   3.295651E-006
   48901       9     0.610000     0.690000   5.693172E-001   1.805387E-001   5.553268E-001   1.665981E-001   3.887785E-001   3.887288E-001   4.969292E-005
   48901      10     0.690000     0.780000   2.472789E+000   7.670120E-001   2.436464E+000   7.309392E-001   1.705777E+000   1.705525E+000   2.523521E-004
   48901      11     0.780000     0.800000   1.063069E+000   3.220284E-001   1.044907E+000   3.134722E-001   7.410410E-001   7.314352E-001   9.605835E-003
   48901      12     0.800000     0.870000   5.878988E+000   1.794672E+000   5.814853E+000   1.744456E+000   4.084316E+000   4.070397E+000   1.391922E-002
   48901      13     0.870000     0.880000   8.736691E-001   2.566729E-001   8.542327E-001   2.562698E-001   6.169962E-001   5.979629E-001   1.903331E-002
   48901      14     0.880000     1.030000   2.249240E+001   6.814132E+000   2.235665E+001   6.706996E+000   1.567827E+001   1.564966E+001   2.861674E-002
   48901      15     1.030000     1.080000   9.248799E+000   2.379555E+000   8.584885E+000   2.575465E+000   6.869243E+000   6.009419E+000   8.598241E-001
   48901      16     1.080000     1.140000   1.173685E+001   3.452617E+000   1.159214E+001   3.477642E+000   8.284233E+000   8.114498E+000   1.697349E-001
   48901      17     1.140000     1.200000   1.143670E+001   3.434562E+000   1.139352E+001   3.418055E+000   8.002135E+000   7.975463E+000   2.667207E-002
   48901      18     1.200000     1.240000   8.097833E+000   7.964581E-001   4.407908E+000   1.322372E+000   7.301375E+000   3.085536E+000   4.215839E+000
   48901      19     1.240000     1.280000   7.733813E+000   2.202531E+000   7.566558E+000   2.269967E+000   5.531282E+000   5.296591E+000   2.346914E-001
   48901      20     1.280000     1.340000   1.109154E+001   2.140537E+000   8.973066E+000   2.691920E+000   8.951006E+000   6.281146E+000   2.669860E+000
   48901      21     1.340000     1.420000   1.012492E+001   2.747914E+000   9.675769E+000   2.902731E+000   7.377007E+000   6.773039E+000   6.039683E-001
   48901      22     1.420000     1.460000   4.444646E+000   3.072840E-001   1.628676E+000   4.886029E-001   4.137362E+000   1.140074E+000   2.997288E+000
   48901      23     1.460000     1.490000   3.316959E+000   9.621103E-001   3.273693E+000   9.821078E-001   2.354849E+000   2.291585E+000   6.326361E-002
   48901      24     1.490000     1.520000   3.416012E+000   7.322467E-001   2.918708E+000   8.756124E-001   2.683765E+000   2.043096E+000   6.406693E-001
   48901      25     1.520000     1.680000   2.089115E+001   1.612358E+000   9.230783E+000   2.769235E+000   1.927879E+001   6.461548E+000   1.281724E+001
   48901      26     1.680000     1.740000   7.400301E+000   2.199863E+000   7.371067E+000   2.211320E+000   5.200438E+000   5.159747E+000   4.069132E-002
   48901      27     1.740000     1.820000   6.859941E+000   1.916596E+000   6.678988E+000   2.003697E+000   4.943345E+000   4.675292E+000   2.680531E-001
   48901      28     1.820000     1.940000   7.844991E+000   1.314213E+000   5.718031E+000   1.715409E+000   6.530778E+000   4.002622E+000   2.528156E+000
   48901      29     1.940000     2.200000   1.524385E+001   1.049263E+000   4.959175E+000   1.487752E+000   1.419459E+001   3.471422E+000   1.072316E+001
   48901      30     2.200000     2.300000   5.897529E+000   1.698699E+000   5.810599E+000   1.743180E+000   4.198830E+000   4.067419E+000   1.314105E-001
   48901      31     2.300000     2.450000   6.412228E+000   1.923561E+000   6.410571E+000   1.923171E+000   4.488667E+000   4.487400E+000   1.267811E-003
   48901      32     2.450000     2.550000   2.808749E+000   6.207445E-001   2.456753E+000   7.370259E-001   2.188005E+000   1.719727E+000   4.682777E-001
   48901      33     2.550000     2.650000   2.466453E+000   2.704801E-001   1.259043E+000   3.777129E-001   2.195973E+000   8.813302E-001   1.314643E+000
   48901      34     2.650000     2.900000   5.107089E+000   9.289102E-003   1.662422E-001   4.987265E-002   5.097800E+000   1.163695E-001   4.981431E+000
   48901      35     2.900000     3.200000   4.829501E+000   4.951715E-001   2.797060E+000   8.391181E-001   4.334329E+000   1.957942E+000   2.376387E+000
   48901      36     3.200000     3.500000   4.479548E+000   8.684681E-001   3.841887E+000   1.152566E+000   3.611080E+000   2.689321E+000   9.217590E-001
   48901      37     3.500000     3.900000   5.317470E+000   1.225402E+000   4.843883E+000   1.453165E+000   4.092069E+000   3.390718E+000   7.013505E-001
   48901      38     3.900000     5.500000   8.889375E+000   4.579624E-001   2.349672E+000   7.049016E-001   8.431413E+000   1.644771E+000   6.786642E+000
   48901      39     5.500000     6.500000   2.171822E+000   6.326621E-001   2.150411E+000   6.451232E-001   1.539160E+000   1.505287E+000   3.387207E-002
   48901      40     6.500000     7.000000   6.459457E-001   4.716420E-002   3.698675E-001   1.109603E-001   5.987815E-001   2.589073E-001   3.398743E-001
   48901      41     7.000000     9.000000   1.525571E+000   8.544234E-002   4.923165E-001   1.476950E-001   1.440129E+000   3.446216E-001   1.095507E+000
   48901      42     9.000000    20.000000   1.633159E+000   3.402443E-002   2.819261E-001   8.457784E-002   1.599134E+000   1.973483E-001   1.401786E+000
   49001       1     0.200000     0.300000   5.582456E-006   3.540013E-006   2.917776E-006   8.753329E-007   2.042443E-006   2.042443E-006  -9.500338E-015
   49001       2     0.300000     0.345000   2.557270E-003   1.374824E-003   1.689209E-003   5.067628E-004   1.182447E-003   1.182447E-003  -8.478984E-013
   49001       3     0.345000     0.385000   2.512764E-003   1.152240E-003   1.943607E-003   5.830820E-004   1.360525E-003   1.360525E-003  -1.129402E-012
   49001       4     0.385000     0.420000   1.293223E-002   5.311610E-003   1.088660E-002   3.265979E-003   7.620618E-003   7.620618E-003  -3.382902E-012
   49001       5     0.420000     0.450000   2.349464E-002   8.965829E-003   2.075544E-002   6.226633E-003   1.452881E-002   1.452881E-002   1.281157E-011
   49001       6     0.450000     0.500000   1.310848E-001   4.710132E-002   1.199763E-001   3.599290E-002   8.398344E-002   8.398344E-002  -3.105217E-011
   49001       7     0.500000     0.550000   1.748537E-001   5.938044E-002   1.649618E-001   4.948854E-002   1.154733E-001   1.154733E-001  -7.633995E-011
   49001       8     0.550000     0.610000   2.295775E-001   7.513489E-002   2.206276E-001   6.618829E-002   1.544426E-001   1.544393E-001   3.296459E-006
   49001       9     0.610000     0.690000   5.693172E-001   1.805387E-001   5.553268E-001   1.665981E-001   3.887785E-001   3.887288E-001   4.969541E-005
   49001      10     0.690000     0.780000   2.472789E+000   7.670120E-001   2.436464E+000   7.309392E-001   1.705777E+000   1.705525E+000   2.523277E-004
   49001      11     0.780000     0.800000   1.063069E+000   3.220285E-001   1.044908E+000   3.134723E-001   7.410409E-001   7.314353E-001   9.605661E-003
   49001      12     0.800000     0.870000   5.878988E+000   1.794670E+000   5.814851E+000   1.744455E+000   4.084318E+000   4.070395E+000   1.392257E-002
   49001      13     0.870000     0.880000   8.736691E-001   2.566757E-001   8.542359E-001   2.562708E-001   6.169934E-001   5.979651E-001   1.902827E-002
   49001      14     0.880000     1.030000   2.249240E+001   6.814132E+000   2.235665E+001   6.706996E+000   1.567827E+001   1.564966E+001   2.861628E-002
   49001      15     1.030000     1.080000   9.248799E+000   2.379603E+000   8.584930E+000   2.575479E+000   6.869195E+000   6.009451E+000   8.597446E-001
   49001      16     1.080000     1.140000   1.173685E+001   3.452620E+000   1.159214E+001   3.477643E+000   8.284230E+000   8.114499E+000   1.697300E-001
   49001      17     1.140000     1.200000   1.143670E+001   3.434564E+000   1.139352E+001   3.418056E+000   8.002133E+000   7.975465E+000   2.666782E-002
   49001      18     1.200000     1.240000   8.097833E+000   7.970943E-001   4.409332E+000   1.322800E+000   7.300738E+000   3.086533E+000   4.214206E+000
   49001      19     1.240000     1.280000   7.733813E+000   2.202592E+000   7.566627E+000   2.269988E+000   5.531222E+000   5.296639E+000   2.345830E-001
   49001      20     1.280000     1.340000   1.109154E+001   2.140784E+000   8.973382E+000   2.692015E+000   8.950759E+000   6.281367E+000   2.669391E+000
   49001      21     1.340000     1.420000   1.012492E+001   2.748061E+000   9.675954E+000   2.902786E+000   7.376860E+000   6.773168E+000   6.036925E-001
   49001      22     1.420000     1.460000   4.444646E+000   3.076190E-001   1.629963E+000   4.889889E-001   4.137027E+000   1.140974E+000   2.996053E+000
   49001      23     1.460000     1.490000   3.316959E+000   9.623292E-001   3.273952E+000   9.821855E-001   2.354630E+000   2.291766E+000   6.286354E-002
   49001      24     1.490000     1.520000   3.416012E+000   7.323905E-001   2.918909E+000   8.756726E-001   2.683621E+000   2.043236E+000   6.403850E-001
   49001      25     1.520000     1.680000   2.089115E+001   1.614292E+000   9.236053E+000   2.770816E+000   1.927686E+001   6.465237E+000   1.281162E+001
   49001      26     1.680000     1.740000   7.400301E+000   2.199945E+000   7.371159E+000   2.211348E+000   5.200357E+000   5.159811E+000   4.054558E-002
   49001      27     1.740000     1.820000   6.859941E+000   1.917192E+000   6.679802E+000   2.003941E+000   4.942749E+000   4.675861E+000   2.668877E-001
   49001      28     1.820000     1.940000   7.844991E+000   1.315167E+000   5.720303E+000   1.716091E+000   6.529824E+000   4.004212E+000   2.525612E+000
   49001      29     1.940000     2.200000   1.524385E+001   1.050080E+000   4.962176E+000   1.488653E+000   1.419377E+001   3.473523E+000   1.072025E+001
   49001      30     2.200000     2.300000   5.897529E+000   1.698781E+000   5.810698E+000   1.743209E+000   4.198748E+000   4.067488E+000   1.312593E-001
   49001      31     2.300000     2.450000   6.412228E+000   1.923564E+000   6.410574E+000   1.923172E+000   4.488664E+000   4.487402E+000   1.261901E-003
   49001      32     2.450000     2.550000   2.808749E+000   6.211759E-001   2.457553E+000   7.372659E-001   2.187573E+000   1.720287E+000   4.672862E-001
   49001      33     2.550000     2.650000   2.466453E+000   2.708792E-001   1.260115E+000   3.780345E-001   2.195574E+000   8.820806E-001   1.313494E+000
   49001      34     2.650000     2.900000   5.107089E+000   9.344351E-003   1.668853E-001   5.006558E-002   5.097745E+000   1.168197E-001   4.980925E+000
   49001      35     2.900000     3.200000   4.829501E+000   4.958368E-001   2.798773E+000   8.396320E-001   4.333664E+000   1.959141E+000   2.374523E+000
   49001      36     3.200000     3.500000   4.479548E+000   8.682884E-001   3.841589E+000   1.152477E+000   3.611259E+000   2.689112E+000   9.221475E-001
   49001      37     3.500000     3.900000   5.317470E+000   1.224887E+000   4.843093E+000   1.452928E+000   4.092583E+000   3.390165E+000   7.024182E-001
   49001      38     3.900000     5.500000   8.889375E+000   4.583629E-001   2.351715E+000   7.055144E-001   8.431012E+000   1.646200E+000   6.784812E+000
   49001      39     5.500000     6.500000   2.171822E+000   6.326715E-001   2.150421E+000   6.451264E-001   1.539150E+000   1.505295E+000   3.385506E-002
   49001      40     6.500000     7.000000   6.459457E-001   4.712942E-002   3.697322E-001   1.109197E-001   5.988163E-001   2.588125E-001   3.400038E-001
   49001      41     7.000000     9.000000   1.525571E+000   8.548119E-002   4.922189E-001   1.476657E-001   1.440090E+000   3.445532E-001   1.095537E+000
   49001      42     9.000000    20.000000   1.633159E+000   3.423943E-002   2.829510E-001   8.488529E-002   1.598919E+000   1.980657E-001   1.400854E+000
   49101       1     0.200000     0.300000   5.582456E-006   3.540013E-006   2.917776E-006   8.753329E-007   2.042443E-006   2.042443E-006  -9.500338E-015
   49101       2     0.300000     0.345000   2.557270E-003   1.374824E-003   1.689209E-003   5.067628E-004   1.182447E-003   1.182447E-003  -8.478984E-013
   49101       3     0.345000     0.385000   2.512764E-003   1.152240E-003   1.943607E-003   5.830820E-004   1.360525E-003   1.360525E-003  -1.129402E-012
   49101       4     0.385000     0.420000   1.293223E-002   5.311610E-003   1.088660E-002   3.265979E-003   7.620618E-003   7.620618E-003  -4.509410E-012
   49101       5     0.420000     0.450000   2.349464E-002   8.965829E-003   2.075544E-002   6.226633E-003   1.452881E-002   1.452881E-002   9.106126E-012
   49101       6     0.450000     0.500000   1.310848E-001   4.710132E-002   1.199763E-001   3.599290E-002   8.398344E-002   8.398344E-002  -1.727367E-011
   49101       7     0.500000     0.550000   1.748537E-001   5.938044E-002   1.649618E-001   4.948854E-002   1.154733E-001   1.154733E-001  -5.857799E-011
   49101       8     0.550000     0.610000   2.295775E-001   7.513489E-002   2.206276E-001   6.618829E-002   1.544426E-001   1.544393E-001   3.297235E-006
   49101       9     0.610000     0.690000   5.693172E-001   1.805387E-001   5.553268E-001   1.665981E-001   3.887785E-001   3.887288E-001   4.969782E-005
   49101      10     0.690000     0.780000   2.472789E+000   7.670120E-001   2.436464E+000   7.309392E-001   1.705777E+000   1.705525E+000   2.523042E-004
   49101      11     0.780000     0.800000   1.063069E+000   3.220286E-001   1.044908E+000   3.134723E-001   7.410408E-001   7.314353E-001   9.605494E-003
   49101      12     0.800000     0.870000   5.878988E+000   1.794669E+000   5.814848E+000   1.744454E+000   4.084320E+000   4.070394E+000   1.392580E-002
   49101      13     0.870000     0.880000   8.736691E-001   2.566784E-001   8.542389E-001   2.562717E-001   6.169907E-001   5.979673E-001   1.902342E-002
   49101      14     0.880000     1.030000   2.249240E+001   6.814132E+000   2.235665E+001   6.706996E+000   1.567827E+001   1.564966E+001   2.861584E-002
   49101      15     1.030000     1.080000   9.248799E+000   2.379649E+000   8.584973E+000   2.575492E+000   6.869149E+000   6.009481E+000   8.596683E-001
   49101      16     1.080000     1.140000   1.173685E+001   3.452623E+000   1.159214E+001   3.477643E+000   8.284227E+000   8.114501E+000   1.697254E-001
   49101      17     1.140000     1.200000   1.143670E+001   3.434567E+000   1.139352E+001   3.418057E+000   8.002130E+000   7.975466E+000   2.666373E-002
   49101      18     1.200000     1.240000   8.097833E+000   7.977087E-001   4.410707E+000   1.323212E+000   7.300124E+000   3.087495E+000   4.212629E+000
   49101      19     1.240000     1.280000   7.733813E+000   2.202650E+000   7.566693E+000   2.270008E+000   5.531164E+000   5.296685E+000   2.344788E-001
   49101      20     1.280000     1.340000   1.109154E+001   2.141023E+000   8.973686E+000   2.692106E+000   8.950520E+000   6.281580E+000   2.668940E+000
   49101      21     1.340000     1.420000   1.012492E+001   2.748202E+000   9.676131E+000   2.902839E+000   7.376719E+000   6.773292E+000   6.034272E-001
   49101      22     1.420000     1.460000   4.444646E+000   3.079439E-001   1.631209E+000   4.893626E-001   4.136702E+000   1.141846E+000   2.994856E+000
   49101      23     1.460000     1.490000   3.316959E+000   9.625400E-001   3.274201E+000   9.822604E-001   2.354419E+000   2.291941E+000   6.247803E-002
   49101      24     1.490000     1.520000   3.416012E+000   7.325290E-001   2.919102E+000   8.757306E-001   2.683483E+000   2.043371E+000   6.401112E-001
   49101      25     1.520000     1.680000   2.089115E+001   1.616161E+000   9.241143E+000   2.772343E+000   1.927499E+001   6.468800E+000   1.280619E+001
   49101      26     1.680000     1.740000   7.400301E+000   2.200023E+000   7.371247E+000   2.211374E+000   5.200278E+000   5.159873E+000   4.040527E-002
   49101      27     1.740000     1.820000   6.859941E+000   1.917767E+000   6.680586E+000   2.004176E+000   4.942174E+000   4.676410E+000   2.657637E-001
   49101      28     1.820000     1.940000   7.844991E+000   1.316090E+000   5.722497E+000   1.716749E+000   6.528901E+000   4.005748E+000   2.523154E+000
   49101      29     1.940000     2.200000   1.524385E+001   1.050869E+000   4.965079E+000   1.489524E+000   1.419298E+001   3.475556E+000   1.071742E+001
   49101      30     2.200000     2.300000   5.897529E+000   1.698860E+000   5.810793E+000   1.743238E+000   4.198669E+000   4.067555E+000   1.311139E-001
   49101      31     2.300000     2.450000   6.412228E+000   1.923567E+000   6.410578E+000   1.923173E+000   4.488661E+000   4.487405E+000   1.256211E-003
   49101      32     2.450000     2.550000   2.808749E+000   6.215928E-001   2.458325E+000   7.374976E-001   2.187156E+000   1.720828E+000   4.663288E-001
   49101      33     2.550000     2.650000   2.466453E+000   2.712662E-001   1.261153E+000   3.783458E-001   2.195187E+000   8.828068E-001   1.312380E+000
   49101      34     2.650000     2.900000   5.107089E+000   9.398226E-003   1.675108E-001   5.025324E-002   5.097691E+000   1.172576E-001   4.980433E+000
   49101      35     2.900000     3.200000   4.829501E+000   4.964798E-001   2.800427E+000   8.401282E-001   4.333021E+000   1.960299E+000   2.372722E+000
   49101      36     3.200000     3.500000   4.479548E+000   8.681147E-001   3.841300E+000   1.152390E+000   3.611433E+000   2.688910E+000   9.225231E-001
   49101      37     3.500000     3.900000   5.317470E+000   1.224390E+000   4.842330E+000   1.452699E+000   4.093080E+000   3.389631E+000   7.034489E-001
   49101      38     3.900000     5.500000   8.889375E+000   4.587526E-001   2.353695E+000   7.061086E-001   8.430623E+000   1.647587E+000   6.783036E+000
   49101      39     5.500000     6.500000   2.171822E+000   6.326806E-001   2.150432E+000   6.451295E-001   1.539141E+000   1.505302E+000   3.383873E-002
   49101      40     6.500000     7.000000   6.459457E-001   4.709586E-002   3.696016E-001   1.108805E-001   5.988499E-001   2.587211E-001   3.401288E-001
   49101      41     7.000000     9.000000   1.525571E+000   8.551857E-002   4.921247E-001   1.476374E-001   1.440052E+000   3.444873E-001   1.095565E+000
   49101      42     9.000000    20.000000   1.633159E+000   3.444955E-002   2.839489E-001   8.518466E-002   1.598709E+000   1.987642E-001   1.399945E+000
   49201       1     0.200000     0.300000   5.582456E-006   3.540013E-006   2.917776E-006   8.753329E-007   2.042443E-006   2.042443E-006  -9.500338E-015
   49201       2     0.300000     0.345000   2.557270E-003   1.374824E-003   1.689209E-003   5.067628E-004   1.182447E-003   1.182447E-003  -8.478984E-013
   49201       3     0.345000     0.385000   2.512764E-003   1.152240E-003   1.943607E-003   5.830820E-004   1.360525E-003   1.360525E-003  -1.129402E-012
   49201       4     0.385000     0.420000   1.293223E-002   5.311610E-003   1.088660E-002   3.265979E-003   7.620618E-003   7.620618E-003  -4.080234E-013
   49201       5     0.420000     0.450000   2.349464E-002   8.965829E-003   2.075544E-002   6.226633E-003   1.452881E-002   1.452881E-002   9.904471E-012
   49201       6     0.450000     0.500000   1.310848E-001   4.710132E-002   1.199763E-001   3.599290E-002   8.398344E-002   8.398344E-002   1.260705E-011
   49201       7     0.500000     0.550000   1.748537E-001   5.938044E-002   1.649618E-001   4.948854E-002   1.154733E-001   1.154733E-001  -6.824757E-011
   49201       8     0.550000     0.610000   2.295775E-001   7.513489E-002   2.206276E-001   6.618829E-002   1.544426E-001   1.544393E-001   3.297981E-006
   49201       9     0.610000     0.690000   5.693172E-001   1.805387E-001   5.553268E-001   1.665981E-001   3.887785E-001   3.887288E-001   4.970014E-005
   49201      10     0.690000     0.780000   2.472789E+000   7.670120E-001   2.436464E+000   7.309392E-001   1.705777E+000   1.705525E+000   2.522818E-004
   49201      11     0.780000     0.800000   1.063069E+000   3.220287E-001   1.044908E+000   3.134723E-001   7.410407E-001   7.314354E-001   9.605333E-003
   49201      12     0.800000     0.870000   5.878988E+000   1.794667E+000   5.814846E+000   1.744454E+000   4.084321E+000   4.070392E+000   1.392891E-002
   49201      13     0.870000     0.880000   8.736691E-001   2.566810E-001   8.542419E-001   2.562726E-001   6.169881E-001   5.979693E-001   1.901876E-002
   49201      14     0.880000     1.030000   2.249240E+001   6.814133E+000   2.235665E+001   6.706996E+000   1.567827E+001   1.564966E+001   2.861541E-002
   49201      15     1.030000     1.080000   9.248799E+000   2.379694E+000   8.585015E+000   2.575504E+000   6.869105E+000   6.009510E+000   8.595950E-001
   49201      16     1.080000     1.140000   1.173685E+001   3.452626E+000   1.159215E+001   3.477644E+000   8.284224E+000   8.114503E+000   1.697209E-001
   49201      17     1.140000     1.200000   1.143670E+001   3.434569E+000   1.139353E+001   3.418058E+000   8.002128E+000   7.975468E+000   2.665981E-002
   49201      18     1.200000     1.240000   8.097833E+000   7.983015E-001   4.412031E+000   1.323609E+000   7.299531E+000   3.088422E+000   4.211109E+000
   49201      19     1.240000     1.280000   7.733813E+000   2.202705E+000   7.566757E+000   2.270027E+000   5.531108E+000   5.296730E+000   2.343784E-001
   49201      20     1.280000     1.340000   1.109154E+001   2.141253E+000   8.973979E+000   2.692194E+000   8.950290E+000   6.281785E+000   2.668505E+000
   49201      21     1.340000     1.420000   1.012492E+001   2.748338E+000   9.676302E+000   2.902891E+000   7.376583E+000   6.773411E+000   6.031718E-001
   49201      22     1.420000     1.460000   4.444646E+000   3.082589E-001   1.632415E+000   4.897244E-001   4.136387E+000   1.142690E+000   2.993697E+000
   49201      23     1.460000     1.490000   3.316959E+000   9.627435E-001   3.274442E+000   9.823326E-001   2.354215E+000   2.292109E+000   6.210606E-002
   49201      24     1.490000     1.520000   3.416012E+000   7.326623E-001   2.919288E+000   8.757864E-001   2.683349E+000   2.043502E+000   6.398477E-001
   49201      25     1.520000     1.680000   2.089115E+001   1.617966E+000   9.246055E+000   2.773816E+000   1.927318E+001   6.472238E+000   1.280094E+001
   49201      26     1.680000     1.740000   7.400301E+000   2.200098E+000   7.371333E+000   2.211400E+000   5.200203E+000   5.159933E+000   4.027003E-002
   49201      27     1.740000     1.820000   6.859941E+000   1.918323E+000   6.681343E+000   2.004403E+000   4.941619E+000   4.676940E+000   2.646787E-001
   49201      28     1.820000     1.940000   7.844991E+000   1.316982E+000   5.724615E+000   1.717384E+000   6.528009E+000   4.007230E+000   2.520779E+000
   49201      29     1.940000     2.200000   1.524385E+001   1.051632E+000   4.967889E+000   1.490367E+000   1.419222E+001   3.477522E+000   1.071470E+001
   49201      30     2.200000     2.300000   5.897529E+000   1.698935E+000   5.810885E+000   1.743265E+000   4.198593E+000   4.067619E+000   1.309740E-001
   49201      31     2.300000     2.450000   6.412228E+000   1.923570E+000   6.410581E+000   1.923174E+000   4.488658E+000   4.487407E+000   1.250728E-003
   49201      32     2.450000     2.550000   2.808749E+000   6.219956E-001   2.459071E+000   7.377213E-001   2.186754E+000   1.721350E+000   4.654040E-001
   49201      33     2.550000     2.650000   2.466453E+000   2.716416E-001   1.262157E+000   3.786471E-001   2.194812E+000   8.835098E-001   1.311302E+000
   49201      34     2.650000     2.900000   5.107089E+000   9.450714E-003   1.681190E-001   5.043571E-002   5.097638E+000   1.176833E-001   4.979955E+000
   49201      35     2.900000     3.200000   4.829501E+000   4.971011E-001   2.802024E+000   8.406071E-001   4.332400E+000   1.961417E+000   2.370983E+000
   49201      36     3.200000     3.500000   4.479548E+000   8.679471E-001   3.841021E+000   1.152306E+000   3.611601E+000   2.688715E+000   9.228858E-001
   49201      37     3.500000     3.900000   5.317470E+000   1.223911E+000   4.841594E+000   1.452478E+000   4.093559E+000   3.389116E+000   7.044434E-001
   49201      38     3.900000     5.500000   8.889375E+000   4.591318E-001   2.355615E+000   7.066846E-001   8.430243E+000   1.648931E+000   6.781313E+000
   49201      39     5.500000     6.500000   2.171822E+000   6.326894E-001   2.150442E+000   6.451325E-001   1.539132E+000   1.505309E+000   3.382299E-002
   49201      40     6.500000     7.000000   6.459457E-001   4.706358E-002   3.694758E-001   1.108428E-001   5.988822E-001   2.586331E-001   3.402491E-001
   49201      41     7.000000     9.000000   1.525571E+000   8.555457E-002   4.920353E-001   1.476106E-001   1.440016E+000   3.444247E-001   1.095592E+000
   49201      42     9.000000    20.000000   1.633159E+000   3.465488E-002   2.849206E-001   8.547617E-002   1.598504E+000   1.994444E-001   1.399060E+000
   49301       1     0.200000     0.300000   5.582456E-006   3.540013E-006   2.917776E-006   8.753329E-007   2.042443E-006   2.042443E-006  -9.500338E-015
   49301       2     0.300000     0.345000   2.557270E-003   1.374824E-003   1.689209E-003   5.067628E-004   1.182447E-003   1.182447E-003  -8.478984E-013
   49301       3     0.345000     0.385000   2.512764E-003   1.152240E-003   1.943607E-003   5.830820E-004   1.360525E-003   1.360525E-003   4.246360E-013
   49301       4     0.385000     0.420000   1.293223E-002   5.311610E-003   1.088660E-002   3.265979E-003   7.620618E-003   7.620618E-003  -2.231723E-012
   49301       5     0.420000     0.450000   2.349464E-002   8.965829E-003   2.075544E-002   6.226633E-003   1.452881E-002   1.452881E-002   1.028601E-011
   49301       6     0.450000     0.500000   1.310848E-001   4.710132E-002   1.199763E-001   3.599290E-002   8.398344E-002   8.398344E-002   4.151943E-012
   49301       7     0.500000     0.550000   1.748537E-001   5.938044E-002   1.649618E-001   4.948854E-002   1.154733E-001   1.154733E-001  -6.370129E-011
   49301       8     0.550000     0.610000   2.295775E-001   7.513489E-002   2.206276E-001   6.618829E-002   1.544426E-001   1.544393E-001   3.298700E-006
   49301       9     0.610000     0.690000   5.693172E-001   1.805387E-001   5.553268E-001   1.665981E-001   3.887785E-001   3.887288E-001   4.970237E-005
   49301      10     0.690000     0.780000   2.472789E+000   7.670120E-001   2.436464E+000   7.309392E-001   1.705777E+000   1.705525E+000   2.522601E-004
   49301      11     0.780000     0.800000   1.063069E+000   3.220288E-001   1.044908E+000   3.134723E-001   7.410406E-001   7.314354E-001   9.605178E-003
   49301      12     0.800000     0.870000   5.878988E+000   1.794666E+000   5.814844E+000   1.744453E+000   4.084323E+000   4.070391E+000   1.393191E-002
   49301      13     0.870000     0.880000   8.736691E-001   2.566835E-001   8.542447E-001   2.562734E-001   6.169856E-001   5.979713E-001   1.901427E-002
   49301      14     0.880000     1.030000   2.249240E+001   6.814133E+000   2.235665E+001   6.706996E+000   1.567827E+001   1.564966E+001   2.861500E-002
   49301      15     1.030000     1.080000   9.248799E+000   2.379736E+000   8.585054E+000   2.575516E+000   6.869063E+000   6.009538E+000   8.595245E-001
   49301      16     1.080000     1.140000   1.173685E+001   3.452629E+000   1.159215E+001   3.477645E+000   8.284221E+000   8.114505E+000   1.697166E-001
   49301      17     1.140000     1.200000   1.143670E+001   3.434571E+000   1.139353E+001   3.418059E+000   8.002126E+000   7.975470E+000   2.665604E-002
   49301      18     1.200000     1.240000   8.097833E+000   7.988745E-001   4.413311E+000   1.323993E+000   7.298958E+000   3.089318E+000   4.209641E+000
   49301      19     1.240000     1.280000   7.733813E+000   2.202759E+000   7.566818E+000   2.270045E+000   5.531054E+000   5.296772E+000   2.342817E-001
   49301      20     1.280000     1.340000   1.109154E+001   2.141474E+000   8.974261E+000   2.692278E+000   8.950069E+000   6.281983E+000   2.668086E+000
   49301      21     1.340000     1.420000   1.012492E+001   2.748469E+000   9.676466E+000   2.902940E+000   7.376452E+000   6.773526E+000   6.029257E-001
   49301      22     1.420000     1.460000   4.444646E+000   3.085643E-001   1.633582E+000   4.900745E-001   4.136081E+000   1.143507E+000   2.992574E+000
   49301      23     1.460000     1.490000   3.316959E+000   9.629396E-001   3.274674E+000   9.824021E-001   2.354019E+000   2.292272E+000   6.174780E-002
   49301      24     1.490000     1.520000   3.416012E+000   7.327908E-001   2.919467E+000   8.758401E-001   2.683221E+000   2.043627E+000   6.395937E-001
   49301      25     1.520000     1.680000   2.089115E+001   1.619712E+000   9.250800E+000   2.775240E+000   1.927144E+001   6.475560E+000   1.279588E+001
   49301      26     1.680000     1.740000   7.400301E+000   2.200171E+000   7.371415E+000   2.211424E+000   5.200130E+000   5.159990E+000   4.013977E-002
   49301      27     1.740000     1.820000   6.859941E+000   1.918859E+000   6.682072E+000   2.004622E+000   4.941082E+000   4.677451E+000   2.636318E-001
   49301      28     1.820000     1.940000   7.844991E+000   1.317845E+000   5.726661E+000   1.717998E+000   6.527146E+000   4.008663E+000   2.518483E+000
   49301      29     1.940000     2.200000   1.524385E+001   1.052370E+000   4.970606E+000   1.491182E+000   1.419148E+001   3.479424E+000   1.071206E+001
   49301      30     2.200000     2.300000   5.897529E+000   1.699008E+000   5.810973E+000   1.743292E+000   4.198520E+000   4.067681E+000   1.308392E-001
   49301      31     2.300000     2.450000   6.412228E+000   1.923573E+000   6.410585E+000   1.923175E+000   4.488655E+000   4.487409E+000   1.245448E-003
   49301      32     2.450000     2.550000   2.808749E+000   6.223850E-001   2.459791E+000   7.379373E-001   2.186364E+000   1.721854E+000   4.645105E-001
   49301      33     2.550000     2.650000   2.466453E+000   2.720051E-001   1.263128E+000   3.789384E-001   2.194448E+000   8.841896E-001   1.310259E+000
   49301      34     2.650000     2.900000   5.107089E+000   9.501818E-003   1.687098E-001   5.061294E-002   5.097587E+000   1.180969E-001   4.979490E+000
   49301      35     2.900000     3.200000   4.829501E+000   4.977017E-001   2.803566E+000   8.410697E-001   4.331799E+000   1.962496E+000   2.369303E+000
   49301      36     3.200000     3.500000   4.479548E+000   8.677850E-001   3.840752E+000   1.152226E+000   3.611763E+000   2.688526E+000   9.232366E-001
   49301      37     3.500000     3.900000   5.317470E+000   1.223448E+000   4.840883E+000   1.452265E+000   4.094022E+000   3.388618E+000   7.054043E-001
   49301      38     3.900000     5.500000   8.889375E+000   4.595004E-001   2.357476E+000   7.072428E-001   8.429875E+000   1.650233E+000   6.779642E+000
   49301      39     5.500000     6.500000   2.171822E+000   6.326977E-001   2.150451E+000   6.451354E-001   1.539124E+000   1.505316E+000   3.380791E-002
   49301      40     6.500000     7.000000   6.459457E-001   4.703242E-002   3.693545E-001   1.108063E-001   5.989133E-001   2.585481E-001   3.403652E-001
   49301      41     7.000000     9.000000   1.525571E+000   8.558926E-002   4.919496E-001   1.475849E-001   1.439982E+000   3.443647E-001   1.095617E+000
   49301      42     9.000000    20.000000   1.633159E+000   3.485475E-002   2.858639E-001   8.575918E-002   1.598304E+000   2.001047E-001   1.398199E+000
   49401       1     0.200000     0.300000   5.582456E-006   3.540013E-006   2.917776E-006   8.753329E-007   2.042443E-006   2.042443E-006  -9.500338E-015
   49401       2     0.300000     0.345000   2.557270E-003   1.374824E-003   1.689209E-003   5.067628E-004   1.182447E-003   1.182447E-003  -8.478984E-013
   49401       3     0.345000     0.385000   2.512764E-003   1.152240E-003   1.943607E-003   5.830820E-004   1.360525E-003   1.360525E-003   9.054860E-013
   49401       4     0.385000     0.420000   1.293223E-002   5.311610E-003   1.088660E-002   3.265979E-003   7.620618E-003   7.620618E-003   8.375245E-015
   49401       5     0.420000     0.450000   2.349464E-002   8.965829E-003   2.075544E-002   6.226633E-003   1.452881E-002   1.452881E-002   7.295758E-012
   49401       6     0.450000     0.500000   1.310848E-001   4.710132E-002   1.199763E-001   3.599290E-002   8.398344E-002   8.398344E-002   8.543458E-012
   49401       7     0.500000     0.550000   1.748537E-001   5.938044E-002   1.649618E-001   4.948854E-002   1.154733E-001   1.154733E-001  -7.598161E-011
   49401       8     0.550000     0.610000   2.295775E-001   7.513489E-002   2.206276E-001   6.618829E-002   1.544426E-001   1.544393E-001   3.299393E-006
   49401       9     0.610000     0.690000   5.693172E-001   1.805387E-001   5.553268E-001   1.665981E-001   3.887785E-001   3.887288E-001   4.970453E-005
   49401      10     0.690000     0.780000   2.472789E+000   7.670120E-001   2.436464E+000   7.309392E-001   1.705777E+000   1.705525E+000   2.522393E-004
   49401      11     0.780000     0.800000   1.063069E+000   3.220289E-001   1.044908E+000   3.134724E-001   7.410405E-001   7.314355E-001   9.605028E-003
   49401      12     0.800000     0.870000   5.878988E+000   1.794664E+000   5.814842E+000   1.744453E+000   4.084324E+000   4.070389E+000   1.393482E-002
   49401      13     0.870000     0.880000   8.736691E-001   2.566859E-001   8.542475E-001   2.562742E-001   6.169832E-001   5.979732E-001   1.900994E-002
   49401      14     0.880000     1.030000   2.249240E+001   6.814133E+000   2.235665E+001   6.706996E+000   1.567827E+001   1.564966E+001   2.861461E-002
   49401      15     1.030000     1.080000   9.248799E+000   2.379777E+000   8.585093E+000   2.575528E+000   6.869022E+000   6.009565E+000   8.594569E-001
   49401      16     1.080000     1.140000   1.173685E+001   3.452631E+000   1.159215E+001   3.477646E+000   8.284219E+000   8.114506E+000   1.697125E-001
   49401      17     1.140000     1.200000   1.143670E+001   3.434573E+000   1.139353E+001   3.418059E+000   8.002124E+000   7.975471E+000   2.665245E-002
   49401      18     1.200000     1.240000   8.097833E+000   7.994297E-001   4.414550E+000   1.324365E+000   7.298403E+000   3.090185E+000   4.208218E+000
   49401      19     1.240000     1.280000   7.733813E+000   2.202811E+000   7.566877E+000   2.270063E+000   5.531003E+000   5.296814E+000   2.341891E-001
   49401      20     1.280000     1.340000   1.109154E+001   2.141688E+000   8.974533E+000   2.692360E+000   8.949855E+000   6.282173E+000   2.667682E+000
   49401      21     1.340000     1.420000   1.012492E+001   2.748595E+000   9.676625E+000   2.902987E+000   7.376326E+000   6.773637E+000   6.026885E-001
   49401      22     1.420000     1.460000   4.444646E+000   3.088592E-001   1.634708E+000   4.904124E-001   4.135786E+000   1.144296E+000   2.991491E+000
   49401      23     1.460000     1.490000   3.316959E+000   9.631266E-001   3.274895E+000   9.824684E-001   2.353832E+000   2.292426E+000   6.140605E-002
   49401      24     1.490000     1.520000   3.416012E+000   7.329146E-001   2.919640E+000   8.758919E-001   2.683097E+000   2.043748E+000   6.393492E-001
   49401      25     1.520000     1.680000   2.089115E+001   1.621400E+000   9.255386E+000   2.776616E+000   1.926975E+001   6.478770E+000   1.279098E+001
   49401      26     1.680000     1.740000   7.400301E+000   2.200241E+000   7.371493E+000   2.211448E+000   5.200060E+000   5.160045E+000   4.001501E-002
   49401      27     1.740000     1.820000   6.859941E+000   1.919374E+000   6.682773E+000   2.004832E+000   4.940567E+000   4.677941E+000   2.626260E-001
   49401      28     1.820000     1.940000   7.844991E+000   1.318679E+000   5.728636E+000   1.718591E+000   6.526313E+000   4.010045E+000   2.516267E+000
   49401      29     1.940000     2.200000   1.524385E+001   1.053080E+000   4.973222E+000   1.491967E+000   1.419077E+001   3.481256E+000   1.070951E+001
   49401      30     2.200000     2.300000   5.897529E+000   1.699079E+000   5.811058E+000   1.743317E+000   4.198450E+000   4.067741E+000   1.307094E-001
   49401      31     2.300000     2.450000   6.412228E+000   1.923576E+000   6.410588E+000   1.923176E+000   4.488652E+000   4.487412E+000   1.240391E-003
   49401      32     2.450000     2.550000   2.808749E+000   6.227603E-001   2.460485E+000   7.381455E-001   2.185989E+000   1.722340E+000   4.636494E-001
   49401      33     2.550000     2.650000   2.466453E+000   2.723535E-001   1.264061E+000   3.792183E-001   2.194100E+000   8.848426E-001   1.309257E+000
   49401      34     2.650000     2.900000   5.107089E+000   9.551306E-003   1.692797E-001   5.078392E-002   5.097538E+000   1.184958E-001   4.979042E+000
   49401      35     2.900000     3.200000   4.829501E+000   4.982815E-001   2.805053E+000   8.415160E-001   4.331219E+000   1.963537E+000   2.367682E+000
   49401      36     3.200000     3.500000   4.479548E+000   8.676274E-001   3.840490E+000   1.152147E+000   3.611921E+000   2.688343E+000   9.235776E-001
   49401      37     3.500000     3.900000   5.317470E+000   1.222999E+000   4.840193E+000   1.452058E+000   4.094471E+000   3.388135E+000   7.063361E-001
   49401      38     3.900000     5.500000   8.889375E+000   4.598568E-001   2.359272E+000   7.077815E-001   8.429518E+000   1.651490E+000   6.778028E+000
   49401      39     5.500000     6.500000   2.171822E+000   6.327056E-001   2.150460E+000   6.451381E-001   1.539116E+000   1.505322E+000   3.379376E-002
   49401      40     6.500000     7.000000   6.459457E-001   4.700225E-002   3.692369E-001   1.107711E-001   5.989435E-001   2.584658E-001   3.404777E-001
   49401      41     7.000000     9.000000   1.525571E+000   8.562272E-002   4.918669E-001   1.475601E-001   1.439948E+000   3.443068E-001   1.095642E+000
   49401      42     9.000000    20.000000   1.633159E+000   3.504628E-002   2.867679E-001   8.603036E-002   1.598113E+000   2.007375E-001   1.397375E+000
   49501       1     0.200000     0.300000   5.582456E-006   3.540013E-006   2.917776E-006   8.753329E-007   2.042443E-006   2.042443E-006  -9.500338E-015
   49501       2     0.300000     0.345000   2.557270E-003   1.374824E-003   1.689209E-003   5.067628E-004   1.182447E-003   1.182447E-003  -8.478984E-013
   49501       3     0.345000     0.385000   2.512764E-003   1.152240E-003   1.943607E-003   5.830820E-004   1.360525E-003   1.360525E-003   9.054860E-013
   49501       4     0.385000     0.420000   1.293223E-002   5.311610E-003   1.088660E-002   3.265979E-003   7.620618E-003   7.620618E-003  -5.582618E-013
   49501       5     0.420000     0.450000   2.349464E-002   8.965829E-003   2.075544E-002   6.226633E-003   1.452881E-002   1.452881E-002   7.890969E-012
   49501       6     0.450000     0.500000   1.310848E-001   4.710132E-002   1.199763E-001   3.599290E-002   8.398344E-002   8.398344E-002   2.089540E-011
   49501       7     0.500000     0.550000   1.748537E-001   5.938044E-002   1.649618E-001   4.948854E-002   1.154733E-001   1.154733E-001  -7.193568E-011
   49501       8     0.550000     0.610000   2.295775E-001   7.513489E-002   2.206276E-001   6.618829E-002   1.544426E-001   1.544393E-001   3.300064E-006
   49501       9     0.610000     0.690000   5.693172E-001   1.805387E-001   5.553268E-001   1.665981E-001   3.887785E-001   3.887288E-001   4.970663E-005
   49501      10     0.690000     0.780000   2.472789E+000   7.670121E-001   2.436464E+000   7.309392E-001   1.705777E+000   1.705525E+000   2.522191E-004
   49501      11     0.780000     0.800000   1.063069E+000   3.220290E-001   1.044908E+000   3.134724E-001   7.410404E-001   7.314355E-001   9.604883E-003
   49501      12     0.800000     0.870000   5.878988E+000   1.794663E+000   5.814840E+000   1.744452E+000   4.084326E+000   4.070388E+000   1.393763E-002
   49501      13     0.870000     0.880000   8.736691E-001   2.566882E-001   8.542501E-001   2.562750E-001   6.169809E-001   5.979751E-001   1.900575E-002
   49501      14     0.880000     1.030000   2.249240E+001   6.814133E+000   2.235665E+001   6.706996E+000   1.567827E+001   1.564966E+001   2.861422E-002
   49501      15     1.030000     1.080000   9.248799E+000   2.379817E+000   8.585130E+000   2.575539E+000   6.868982E+000   6.009591E+000   8.593914E-001
   49501      16     1.080000     1.140000   1.173685E+001   3.452633E+000   1.159215E+001   3.477646E+000   8.284216E+000   8.114508E+000   1.697085E-001
   49501      17     1.140000     1.200000   1.143670E+001   3.434575E+000   1.139353E+001   3.418060E+000   8.002122E+000   7.975473E+000   2.664897E-002
   49501      18     1.200000     1.240000   8.097833E+000   7.999689E-001   4.415752E+000   1.324726E+000   7.297864E+000   3.091026E+000   4.206838E+000
   49501      19     1.240000     1.280000   7.733813E+000   2.202861E+000   7.566934E+000   2.270080E+000   5.530953E+000   5.296853E+000   2.340993E-001
   49501      20     1.280000     1.340000   1.109154E+001   2.141895E+000   8.974797E+000   2.692439E+000   8.949648E+000   6.282358E+000   2.667290E+000
   49501      21     1.340000     1.420000   1.012492E+001   2.748718E+000   9.676778E+000   2.903033E+000   7.376203E+000   6.773745E+000   6.024587E-001
   49501      22     1.420000     1.460000   4.444646E+000   3.091470E-001   1.635806E+000   4.907417E-001   4.135499E+000   1.145064E+000   2.990435E+000
   49501      23     1.460000     1.490000   3.316959E+000   9.633084E-001   3.275109E+000   9.825328E-001   2.353651E+000   2.292577E+000   6.107402E-002
   49501      24     1.490000     1.520000   3.416012E+000   7.330345E-001   2.919807E+000   8.759421E-001   2.682977E+000   2.043865E+000   6.391123E-001
   49501      25     1.520000     1.680000   2.089115E+001   1.623042E+000   9.259842E+000   2.777953E+000   1.926811E+001   6.481890E+000   1.278622E+001
   49501      26     1.680000     1.740000   7.400301E+000   2.200309E+000   7.371570E+000   2.211471E+000   5.199993E+000   5.160099E+000   3.989394E-002
   49501      27     1.740000     1.820000   6.859941E+000   1.919875E+000   6.683454E+000   2.005036E+000   4.940066E+000   4.678418E+000   2.616486E-001
   49501      28     1.820000     1.940000   7.844991E+000   1.319490E+000   5.730556E+000   1.719167E+000   6.525501E+000   4.011389E+000   2.514112E+000
   49501      29     1.940000     2.200000   1.524385E+001   1.053772E+000   4.975771E+000   1.492731E+000   1.419008E+001   3.483040E+000   1.070704E+001
   49501      30     2.200000     2.300000   5.897529E+000   1.699147E+000   5.811140E+000   1.743342E+000   4.198382E+000   4.067798E+000   1.305837E-001
   49501      31     2.300000     2.450000   6.412228E+000   1.923579E+000   6.410591E+000   1.923177E+000   4.488649E+000   4.487414E+000   1.235485E-003
   49501      32     2.450000     2.550000   2.808749E+000   6.231255E-001   2.461160E+000   7.383479E-001   2.185624E+000   1.722812E+000   4.628120E-001
   49501      33     2.550000     2.650000   2.466453E+000   2.726937E-001   1.264970E+000   3.794910E-001   2.193760E+000   8.854791E-001   1.308281E+000
   49501      34     2.650000     2.900000   5.107089E+000   9.599832E-003   1.698375E-001   5.095126E-002   5.097489E+000   1.188863E-001   4.978603E+000
   49501      35     2.900000     3.200000   4.829501E+000   4.988455E-001   2.806499E+000   8.419497E-001   4.330655E+000   1.964549E+000   2.366106E+000
   49501      36     3.200000     3.500000   4.479548E+000   8.674743E-001   3.840235E+000   1.152071E+000   3.612074E+000   2.688165E+000   9.239090E-001
   49501      37     3.500000     3.900000   5.317470E+000   1.222561E+000   4.839519E+000   1.451856E+000   4.094909E+000   3.387663E+000   7.072458E-001
   49501      38     3.900000     5.500000   8.889375E+000   4.602056E-001   2.361024E+000   7.083071E-001   8.429170E+000   1.652717E+000   6.776453E+000
   49501      39     5.500000     6.500000   2.171822E+000   6.327133E-001   2.150469E+000   6.451407E-001   1.539108E+000   1.505328E+000   3.378002E-002
   49501      40     6.500000     7.000000   6.459457E-001   4.697294E-002   3.691226E-001   1.107368E-001   5.989728E-001   2.583858E-001   3.405870E-001
   49501      41     7.000000     9.000000   1.525571E+000   8.565510E-002   4.917868E-001   1.475360E-001   1.439916E+000   3.442507E-001   1.095665E+000
   49501      42     9.000000    20.000000   1.633159E+000   3.523463E-002   2.876539E-001   8.629616E-002   1.597924E+000   2.013577E-001   1.396567E+000
   49601       1     0.200000     0.300000   5.582456E-006   3.540013E-006   2.917776E-006   8.753329E-007   2.042443E-006   2.042443E-006  -9.500338E-015
   49601       2     0.300000     0.345000   2.557270E-003   1.374824E-003   1.689209E-003   5.067628E-004   1.182447E-003   1.182447E-003  -8.478984E-013
   49601       3     0.345000     0.385000   2.512764E-003   1.152240E-003   1.943607E-003   5.830820E-004   1.360525E-003   1.360525E-003   9.054860E-013
   49601       4     0.385000     0.420000   1.293223E-002   5.311610E-003   1.088660E-002   3.265979E-003   7.620618E-003   7.620618E-003  -1.490477E-012
   49601       5     0.420000     0.450000   2.349464E-002   8.965829E-003   2.075544E-002   6.226633E-003   1.452881E-002   1.452881E-002   7.470113E-012
   49601       6     0.450000     0.500000   1.310848E-001   4.710132E-002   1.199763E-001   3.599290E-002   8.398344E-002   8.398344E-002   3.415777E-011
   49601       7     0.500000     0.550000   1.748537E-001   5.938044E-002   1.649618E-001   4.948854E-002   1.154733E-001   1.154733E-001  -7.312023E-011
   49601       8     0.550000     0.610000   2.295775E-001   7.513489E-002   2.206276E-001   6.618829E-002   1.544426E-001   1.544393E-001   3.300713E-006
   49601       9     0.610000     0.690000   5.693172E-001   1.805387E-001   5.553268E-001   1.665981E-001   3.887785E-001   3.887288E-001   4.970867E-005
   49601      10     0.690000     0.780000   2.472789E+000   7.670121E-001   2.436464E+000   7.309392E-001   1.705777E+000   1.705525E+000   2.521997E-004
   49601      11     0.780000     0.800000   1.063069E+000   3.220291E-001   1.044908E+000   3.134724E-001   7.410403E-001   7.314356E-001   9.604743E-003
   49601      12     0.800000     0.870000   5.878988E+000   1.794661E+000   5.814838E+000   1.744451E+000   4.084327E+000   4.070387E+000   1.394036E-002
   49601      13     0.870000     0.880000   8.736691E-001   2.566905E-001   8.542527E-001   2.562758E-001   6.169786E-001   5.979769E-001   1.900170E-002
   49601      14     0.880000     1.030000   2.249240E+001   6.814134E+000   2.235665E+001   6.706996E+000   1.567827E+001   1.564966E+001   2.861385E-002
   49601      15     1.030000     1.080000   9.248799E+000   2.379855E+000   8.585165E+000   2.575550E+000   6.868944E+000   6.009616E+000   8.593282E-001
   49601      16     1.080000     1.140000   1.173685E+001   3.452636E+000   1.159216E+001   3.477647E+000   8.284214E+000   8.114509E+000   1.697047E-001
   49601      17     1.140000     1.200000   1.143670E+001   3.434577E+000   1.139353E+001   3.418060E+000   8.002120E+000   7.975474E+000   2.664562E-002
   49601      18     1.200000     1.240000   8.097833E+000   8.004936E-001   4.416920E+000   1.325076E+000   7.297339E+000   3.091844E+000   4.205495E+000
   49601      19     1.240000     1.280000   7.733813E+000   2.202909E+000   7.566989E+000   2.270097E+000   5.530904E+000   5.296892E+000   2.340123E-001
   49601      20     1.280000     1.340000   1.109154E+001   2.142096E+000   8.975052E+000   2.692516E+000   8.949446E+000   6.282536E+000   2.666910E+000
   49601      21     1.340000     1.420000   1.012492E+001   2.748836E+000   9.676927E+000   2.903078E+000   7.376085E+000   6.773849E+000   6.022360E-001
   49601      22     1.420000     1.460000   4.444646E+000   3.094278E-001   1.636874E+000   4.910623E-001   4.135218E+000   1.145812E+000   2.989406E+000
   49601      23     1.460000     1.490000   3.316959E+000   9.634844E-001   3.275317E+000   9.825952E-001   2.353474E+000   2.292722E+000   6.075239E-002
   49601      24     1.490000     1.520000   3.416012E+000   7.331507E-001   2.919969E+000   8.759907E-001   2.682861E+000   2.043978E+000   6.388826E-001
   49601      25     1.520000     1.680000   2.089115E+001   1.624639E+000   9.264175E+000   2.779253E+000   1.926651E+001   6.484923E+000   1.278159E+001
   49601      26     1.680000     1.740000   7.400301E+000   2.200374E+000   7.371644E+000   2.211493E+000   5.199927E+000   5.160150E+000   3.977669E-002
   49601      27     1.740000     1.820000   6.859941E+000   1.920361E+000   6.684113E+000   2.005234E+000   4.939580E+000   4.678879E+000   2.607005E-001
   49601      28     1.820000     1.940000   7.844991E+000   1.320279E+000   5.732422E+000   1.719727E+000   6.524712E+000   4.012696E+000   2.512016E+000
   49601      29     1.940000     2.200000   1.524385E+001   1.054444E+000   4.978251E+000   1.493475E+000   1.418941E+001   3.484776E+000   1.070463E+001
   49601      30     2.200000     2.300000   5.897529E+000   1.699213E+000   5.811220E+000   1.743366E+000   4.198316E+000   4.067854E+000   1.304618E-001
   49601      31     2.300000     2.450000   6.412228E+000   1.923582E+000   6.410594E+000   1.923178E+000   4.488646E+000   4.487416E+000   1.230733E-003
   49601      32     2.450000     2.550000   2.808749E+000   6.234804E-001   2.461815E+000   7.385445E-001   2.185269E+000   1.723270E+000   4.619984E-001
   49601      33     2.550000     2.650000   2.466453E+000   2.730251E-001   1.265855E+000   3.797564E-001   2.193428E+000   8.860984E-001   1.307330E+000
   49601      34     2.650000     2.900000   5.107089E+000   9.647395E-003   1.703828E-001   5.111483E-002   5.097442E+000   1.192679E-001   4.978174E+000
   49601      35     2.900000     3.200000   4.829501E+000   4.993940E-001   2.807904E+000   8.423712E-001   4.330107E+000   1.965533E+000   2.364574E+000
   49601      36     3.200000     3.500000   4.479548E+000   8.673250E-001   3.839987E+000   1.151996E+000   3.612223E+000   2.687991E+000   9.242320E-001
   49601      37     3.500000     3.900000   5.317470E+000   1.222133E+000   4.838859E+000   1.451658E+000   4.095338E+000   3.387202E+000   7.081362E-001
   49601      38     3.900000     5.500000   8.889375E+000   4.605466E-001   2.362732E+000   7.088195E-001   8.428829E+000   1.653912E+000   6.774917E+000
   49601      39     5.500000     6.500000   2.171822E+000   6.327206E-001   2.150477E+000   6.451432E-001   1.539101E+000   1.505334E+000   3.376680E-002
   49601      40     6.500000     7.000000   6.459457E-001   4.694447E-002   3.690116E-001   1.107035E-001   5.990013E-001   2.583081E-001   3.406932E-001
   49601      41     7.000000     9.000000   1.525571E+000   8.568654E-002   4.917088E-001   1.475126E-001   1.439885E+000   3.441961E-001   1.095688E+000
   49601      42     9.000000    20.000000   1.633159E+000   3.541937E-002   2.885203E-001   8.655609E-002   1.597740E+000   2.019642E-001   1.395775E+000
   49701       1     0.200000     0.300000   5.582456E-006   3.540013E-006   2.917776E-006   8.753329E-007   2.042443E-006   2.042443E-006  -9.500338E-015
   49701       2     0.300000     0.345000   2.557270E-003   1.374824E-003   1.689209E-003   5.067628E-004   1.182447E-003   1.182447E-003  -8.478984E-013
   49701       3     0.345000     0.385000   2.512764E-003   1.152240E-003   1.943607E-003   5.830820E-004   1.360525E-003   1.360525E-003   9.054860E-013
   49701       4     0.385000     0.420000   1.293223E-002   5.311610E-003   1.088660E-002   3.265979E-003   7.620618E-003   7.620618E-003  -2.024917E-012
   49701       5     0.420000     0.450000   2.349464E-002   8.965829E-003   2.075544E-002   6.226633E-003   1.452881E-002   1.452881E-002   6.267488E-012
   49701       6     0.450000     0.500000   1.310848E-001   4.710132E-002   1.199763E-001   3.599290E-002   8.398344E-002   8.398344E-002   3.579811E-011
   49701       7     0.500000     0.550000   1.748537E-001   5.938044E-002   1.649618E-001   4.948854E-002   1.154733E-001   1.154733E-001  -7.421089E-011
   49701       8     0.550000     0.610000   2.295775E-001   7.513489E-002   2.206276E-001   6.618829E-002   1.544426E-001   1.544393E-001   3.301343E-006
   49701       9     0.610000     0.690000   5.693172E-001   1.805387E-001   5.553268E-001   1.665981E-001   3.887785E-001   3.887288E-001   4.971065E-005
   49701      10     0.690000     0.780000   2.472789E+000   7.670121E-001   2.436464E+000   7.309392E-001   1.705777E+000   1.705525E+000   2.521809E-004
   49701      11     0.780000     0.800000   1.063069E+000   3.220292E-001   1.044908E+000   3.134724E-001   7.410403E-001   7.314356E-001   9.604610E-003
   49701      12     0.800000     0.870000   5.878988E+000   1.794660E+000   5.814836E+000   1.744451E+000   4.084329E+000   4.070386E+000   1.394302E-002
   49701      13     0.870000     0.880000   8.736691E-001   2.566927E-001   8.542552E-001   2.562766E-001   6.169764E-001   5.979786E-001   1.899777E-002
   49701      14     0.880000     1.030000   2.249240E+001   6.814134E+000   2.235665E+001   6.706996E+000   1.567827E+001   1.564966E+001   2.861350E-002
   49701      15     1.030000     1.080000   9.248799E+000   2.379892E+000   8.585199E+000   2.575560E+000   6.868907E+000   6.009640E+000   8.592674E-001
   49701      16     1.080000     1.140000   1.173685E+001   3.452638E+000   1.159216E+001   3.477647E+000   8.284212E+000   8.114511E+000   1.697011E-001
   49701      17     1.140000     1.200000   1.143670E+001   3.434579E+000   1.139354E+001   3.418061E+000   8.002118E+000   7.975476E+000   2.664241E-002
   49701      18     1.200000     1.240000   8.097833E+000   8.010042E-001   4.418058E+000   1.325417E+000   7.296828E+000   3.092640E+000   4.204188E+000
   49701      19     1.240000     1.280000   7.733813E+000   2.202956E+000   7.567042E+000   2.270113E+000   5.530858E+000   5.296929E+000   2.339285E-001
   49701      20     1.280000     1.340000   1.109154E+001   2.142292E+000   8.975299E+000   2.692590E+000   8.949251E+000   6.282709E+000   2.666542E+000
   49701      21     1.340000     1.420000   1.012492E+001   2.748951E+000   9.677071E+000   2.903121E+000   7.375970E+000   6.773950E+000   6.020203E-001
   49701      22     1.420000     1.460000   4.444646E+000   3.097010E-001   1.637913E+000   4.913740E-001   4.134945E+000   1.146539E+000   2.988405E+000
   49701      23     1.460000     1.490000   3.316959E+000   9.636542E-001   3.275518E+000   9.826553E-001   2.353305E+000   2.292862E+000   6.044226E-002
   49701      24     1.490000     1.520000   3.416012E+000   7.332632E-001   2.920126E+000   8.760377E-001   2.682748E+000   2.044088E+000   6.386603E-001
   49701      25     1.520000     1.680000   2.089115E+001   1.626191E+000   9.268386E+000   2.780516E+000   1.926496E+001   6.487870E+000   1.277709E+001
   49701      26     1.680000     1.740000   7.400301E+000   2.200437E+000   7.371715E+000   2.211514E+000   5.199864E+000   5.160200E+000   3.966356E-002
   49701      27     1.740000     1.820000   6.859941E+000   1.920832E+000   6.684751E+000   2.005425E+000   4.939110E+000   4.679326E+000   2.597839E-001
   49701      28     1.820000     1.940000   7.844991E+000   1.321047E+000   5.734234E+000   1.720270E+000   6.523944E+000   4.013964E+000   2.509981E+000
   49701      29     1.940000     2.200000   1.524385E+001   1.055096E+000   4.980658E+000   1.494197E+000   1.418875E+001   3.486460E+000   1.070229E+001
   49701      30     2.200000     2.300000   5.897529E+000   1.699277E+000   5.811297E+000   1.743389E+000   4.198252E+000   4.067908E+000   1.303439E-001
   49701      31     2.300000     2.450000   6.412228E+000   1.923584E+000   6.410597E+000   1.923179E+000   4.488644E+000   4.487418E+000   1.226144E-003
   49701      32     2.450000     2.550000   2.808749E+000   6.238248E-001   2.462450E+000   7.387351E-001   2.184924E+000   1.723715E+000   4.612093E-001
   49701      33     2.550000     2.650000   2.466453E+000   2.733464E-001   1.266713E+000   3.800138E-001   2.193107E+000   8.866989E-001   1.306408E+000
   49701      34     2.650000     2.900000   5.107089E+000   9.693919E-003   1.709142E-001   5.127427E-002   5.097395E+000   1.196400E-001   4.977755E+000
   49701      35     2.900000     3.200000   4.829501E+000   4.999269E-001   2.809268E+000   8.427805E-001   4.329574E+000   1.966488E+000   2.363086E+000
   49701      36     3.200000     3.500000   4.479548E+000   8.671793E-001   3.839744E+000   1.151923E+000   3.612369E+000   2.687821E+000   9.245474E-001
   49701      37     3.500000     3.900000   5.317470E+000   1.221714E+000   4.838215E+000   1.451464E+000   4.095756E+000   3.386750E+000   7.090061E-001
   49701      38     3.900000     5.500000   8.889375E+000   4.608790E-001   2.364392E+000   7.093177E-001   8.428496E+000   1.655075E+000   6.773421E+000
   49701      39     5.500000     6.500000   2.171822E+000   6.327276E-001   2.150485E+000   6.451456E-001   1.539094E+000   1.505340E+000   3.375421E-002
   49701      40     6.500000     7.000000   6.459457E-001   4.691690E-002   3.689039E-001   1.106712E-001   5.990288E-001   2.582328E-001   3.407961E-001
   49701      41     7.000000     9.000000   1.525571E+000   8.571722E-002   4.916336E-001   1.474901E-001   1.439854E+000   3.441435E-001   1.095710E+000
   49701      42     9.000000    20.000000   1.633159E+000   3.559972E-002   2.893639E-001   8.680918E-002   1.597559E+000   2.025548E-001   1.395004E+000
   49801       1     0.200000     0.300000   5.582456E-006   3.540013E-006   2.917776E-006   8.753329E-007   2.042443E-006   2.042443E-006  -9.500338E-015
   49801       2     0.300000     0.345000   2.557270E-003   1.374824E-003   1.689209E-003   5.067628E-004   1.182447E-003   1.182447E-003  -8.478984E-013
   49801       3     0.345000     0.385000   2.512764E-003   1.152240E-003   1.943607E-003   5.830820E-004   1.360525E-003   1.360525E-003   7.805488E-013
   49801       4     0.385000     0.420000   1.293223E-002   5.311610E-003   1.088660E-002   3.265979E-003   7.620618E-003   7.620618E-003  -2.024917E-012
   49801       5     0.420000     0.450000   2.349464E-002   8.965829E-003   2.075544E-002   6.226633E-003   1.452881E-002   1.452881E-002   1.471512E-012
   49801       6     0.450000     0.500000   1.310848E-001   4.710132E-002   1.199763E-001   3.599290E-002   8.398344E-002   8.398344E-002   3.184508E-011
   49801       7     0.500000     0.550000   1.748537E-001   5.938044E-002   1.649618E-001   4.948854E-002   1.154733E-001   1.154733E-001  -6.230413E-011
   49801       8     0.550000     0.610000   2.295775E-001   7.513489E-002   2.206276E-001   6.618829E-002   1.544426E-001   1.544393E-001   3.301955E-006
   49801       9     0.610000     0.690000   5.693172E-001   1.805387E-001   5.553268E-001   1.665981E-001   3.887785E-001   3.887288E-001   4.971258E-005
   49801      10     0.690000     0.780000   2.472789E+000   7.670121E-001   2.436464E+000   7.309392E-001   1.705777E+000   1.705525E+000   2.521627E-004
   49801      11     0.780000     0.800000   1.063069E+000   3.220292E-001   1.044908E+000   3.134724E-001   7.410402E-001   7.314357E-001   9.604480E-003
   49801      12     0.800000     0.870000   5.878988E+000   1.794658E+000   5.814835E+000   1.744450E+000   4.084330E+000   4.070384E+000   1.394561E-002
   49801      13     0.870000     0.880000   8.736691E-001   2.566948E-001   8.542576E-001   2.562773E-001   6.169743E-001   5.979803E-001   1.899395E-002
   49801      14     0.880000     1.030000   2.249240E+001   6.814134E+000   2.235665E+001   6.706996E+000   1.567827E+001   1.564966E+001   2.861315E-002
   49801      15     1.030000     1.080000   9.248799E+000   2.379928E+000   8.585233E+000   2.575570E+000   6.868871E+000   6.009663E+000   8.592082E-001
   49801      16     1.080000     1.140000   1.173685E+001   3.452640E+000   1.159216E+001   3.477648E+000   8.284210E+000   8.114512E+000   1.696975E-001
   49801      17     1.140000     1.200000   1.143670E+001   3.434580E+000   1.139354E+001   3.418062E+000   8.002116E+000   7.975477E+000   2.663928E-002
   49801      18     1.200000     1.240000   8.097833E+000   8.015023E-001   4.419166E+000   1.325750E+000   7.296330E+000   3.093416E+000   4.202914E+000
   49801      19     1.240000     1.280000   7.733813E+000   2.203001E+000   7.567094E+000   2.270128E+000   5.530812E+000   5.296966E+000   2.338468E-001
   49801      20     1.280000     1.340000   1.109154E+001   2.142482E+000   8.975539E+000   2.692662E+000   8.949061E+000   6.282878E+000   2.666184E+000
   49801      21     1.340000     1.420000   1.012492E+001   2.749063E+000   9.677211E+000   2.903163E+000   7.375858E+000   6.774048E+000   6.018104E-001
   49801      22     1.420000     1.460000   4.444646E+000   3.099687E-001   1.638929E+000   4.916788E-001   4.134677E+000   1.147251E+000   2.987426E+000
   49801      23     1.460000     1.490000   3.316959E+000   9.638200E-001   3.275713E+000   9.827140E-001   2.353139E+000   2.292999E+000   6.013963E-002
   49801      24     1.490000     1.520000   3.416012E+000   7.333727E-001   2.920278E+000   8.760835E-001   2.682639E+000   2.044195E+000   6.384439E-001
   49801      25     1.520000     1.680000   2.089115E+001   1.627707E+000   9.272494E+000   2.781748E+000   1.926344E+001   6.490746E+000   1.277270E+001
   49801      26     1.680000     1.740000   7.400301E+000   2.200499E+000   7.371784E+000   2.211535E+000   5.199802E+000   5.160249E+000   3.955328E-002
   49801      27     1.740000     1.820000   6.859941E+000   1.921291E+000   6.685373E+000   2.005612E+000   4.938650E+000   4.679761E+000   2.588894E-001
   49801      28     1.820000     1.940000   7.844991E+000   1.321796E+000   5.736002E+000   1.720801E+000   6.523195E+000   4.015202E+000   2.507993E+000
   49801      29     1.940000     2.200000   1.524385E+001   1.055733E+000   4.983011E+000   1.494903E+000   1.418812E+001   3.488108E+000   1.070001E+001
   49801      30     2.200000     2.300000   5.897529E+000   1.699339E+000   5.811372E+000   1.743412E+000   4.198190E+000   4.067961E+000   1.302292E-001
   49801      31     2.300000     2.450000   6.412228E+000   1.923587E+000   6.410600E+000   1.923180E+000   4.488641E+000   4.487420E+000   1.221672E-003
   49801      32     2.450000     2.550000   2.808749E+000   6.241611E-001   2.463070E+000   7.389211E-001   2.184588E+000   1.724149E+000   4.604390E-001
   49801      33     2.550000     2.650000   2.466453E+000   2.736615E-001   1.267552E+000   3.802657E-001   2.192792E+000   8.872866E-001   1.305505E+000
   49801      34     2.650000     2.900000   5.107089E+000   9.739697E-003   1.714362E-001   5.143087E-002   5.097349E+000   1.200054E-001   4.977344E+000
   49801      35     2.900000     3.200000   4.829501E+000   5.004474E-001   2.810599E+000   8.431798E-001   4.329054E+000   1.967419E+000   2.361634E+000
   49801      36     3.200000     3.500000   4.479548E+000   8.670372E-001   3.839508E+000   1.151852E+000   3.612511E+000   2.687655E+000   9.248552E-001
   49801      37     3.500000     3.900000   5.317470E+000   1.221305E+000   4.837585E+000   1.451276E+000   4.096165E+000   3.386310E+000   7.098557E-001
   49801      38     3.900000     5.500000   8.889375E+000   4.612056E-001   2.366019E+000   7.098058E-001   8.428170E+000   1.656214E+000   6.771956E+000
   49801      39     5.500000     6.500000   2.171822E+000   6.327345E-001   2.150493E+000   6.451479E-001   1.539087E+000   1.505345E+000   3.374193E-002
   49801      40     6.500000     7.000000   6.459457E-001   4.689004E-002   3.687991E-001   1.106397E-001   5.990557E-001   2.581593E-001   3.408963E-001
   49801      41     7.000000     9.000000   1.525571E+000   8.574704E-002   4.915608E-001   1.474682E-001   1.439824E+000   3.440926E-001   1.095731E+000
   49801      42     9.000000    20.000000   1.633159E+000   3.577768E-002   2.901938E-001   8.705815E-002   1.597381E+000   2.031357E-001   1.394246E+000
   49901       1     0.200000     0.300000   5.582456E-006   3.540013E-006   2.917776E-006   8.753329E-007   2.042443E-006   2.042443E-006  -9.500338E-015
   49901       2     0.300000     0.345000   2.557270E-003   1.374824E-003   1.689209E-003   5.067628E-004   1.182447E-003   1.182447E-003  -8.478984E-013
   49901       3     0.345000     0.385000   2.512764E-003   1.152240E-003   1.943607E-003   5.830820E-004   1.360525E-003   1.360525E-003   7.805488E-013
   49901       4     0.385000     0.420000   1.293223E-002   5.311610E-003   1.088660E-002   3.265979E-003   7.620618E-003   7.620618E-003  -2.899569E-012
   49901       5     0.420000     0.450000   2.349464E-002   8.965829E-003   2.075544E-002   6.226633E-003   1.452881E-002   1.452881E-002   5.933171E-013
   49901       6     0.450000     0.500000   1.310848E-001   4.710132E-002   1.199763E-001   3.599290E-002   8.398344E-002   8.398344E-002   3.208074E-011
   49901       7     0.500000     0.550000   1.748537E-001   5.938044E-002   1.649618E-001   4.948854E-002   1.154733E-001   1.154733E-001  -7.223325E-011
   49901       8     0.550000     0.610000   2.295775E-001   7.513489E-002   2.206276E-001   6.618829E-002   1.544426E-001   1.544393E-001   3.302551E-006
   49901       9     0.610000     0.690000   5.693172E-001   1.805387E-001   5.553268E-001   1.665981E-001   3.887785E-001   3.887288E-001   4.971446E-005
   49901      10     0.690000     0.780000   2.472789E+000   7.670121E-001   2.436464E+000   7.309392E-001   1.705777E+000   1.705525E+000   2.521450E-004
   49901      11     0.780000     0.800000   1.063069E+000   3.220293E-001   1.044908E+000   3.134725E-001   7.410401E-001   7.314357E-001   9.604353E-003
   49901      12     0.800000     0.870000   5.878988E+000   1.794657E+000   5.814833E+000   1.744450E+000   4.084331E+000   4.070383E+000   1.394813E-002
   49901      13     0.870000     0.880000   8.736691E-001   2.566968E-001   8.542600E-001   2.562780E-001   6.169722E-001   5.979820E-001   1.899024E-002
   49901      14     0.880000     1.030000   2.249240E+001   6.814134E+000   2.235665E+001   6.706996E+000   1.567827E+001   1.564966E+001   2.861281E-002
   49901      15     1.030000     1.080000   9.248799E+000   2.379962E+000   8.585265E+000   2.575579E+000   6.868836E+000   6.009685E+000   8.591509E-001
   49901      16     1.080000     1.140000   1.173685E+001   3.452642E+000   1.159216E+001   3.477649E+000   8.284208E+000   8.114514E+000   1.696941E-001
   49901      17     1.140000     1.200000   1.143670E+001   3.434582E+000   1.139354E+001   3.418062E+000   8.002115E+000   7.975479E+000   2.663627E-002
   49901      18     1.200000     1.240000   8.097833E+000   8.019886E-001   4.420247E+000   1.326074E+000   7.295844E+000   3.094173E+000   4.201671E+000
   49901      19     1.240000     1.280000   7.733813E+000   2.203045E+000   7.567144E+000   2.270143E+000   5.530768E+000   5.297001E+000   2.337678E-001
   49901      20     1.280000     1.340000   1.109154E+001   2.142667E+000   8.975773E+000   2.692732E+000   8.948876E+000   6.283041E+000   2.665835E+000
   49901      21     1.340000     1.420000   1.012492E+001   2.749172E+000   9.677347E+000   2.903204E+000   7.375749E+000   6.774143E+000   6.016063E-001
   49901      22     1.420000     1.460000   4.444646E+000   3.102294E-001   1.639918E+000   4.919755E-001   4.134416E+000   1.147943E+000   2.986474E+000
   49901      23     1.460000     1.490000   3.316959E+000   9.639797E-001   3.275902E+000   9.827705E-001   2.352979E+000   2.293131E+000   5.984808E-002
   49901      24     1.490000     1.520000   3.416012E+000   7.334791E-001   2.920427E+000   8.761280E-001   2.682532E+000   2.044299E+000   6.382337E-001
   49901      25     1.520000     1.680000   2.089115E+001   1.629184E+000   9.276497E+000   2.782949E+000   1.926196E+001   6.493548E+000   1.276842E+001
   49901      26     1.680000     1.740000   7.400301E+000   2.200559E+000   7.371852E+000   2.211555E+000   5.199743E+000   5.160296E+000   3.944666E-002
   49901      27     1.740000     1.820000   6.859941E+000   1.921736E+000   6.685975E+000   2.005793E+000   4.938205E+000   4.680183E+000   2.580224E-001
   49901      28     1.820000     1.940000   7.844991E+000   1.322527E+000   5.737723E+000   1.721317E+000   6.522465E+000   4.016406E+000   2.506058E+000
   49901      29     1.940000     2.200000   1.524385E+001   1.056352E+000   4.985298E+000   1.495589E+000   1.418750E+001   3.489708E+000   1.069779E+001
   49901      30     2.200000     2.300000   5.897529E+000   1.699399E+000   5.811445E+000   1.743434E+000   4.198129E+000   4.068012E+000   1.301177E-001
   49901      31     2.300000     2.450000   6.412228E+000   1.923589E+000   6.410602E+000   1.923181E+000   4.488639E+000   4.487422E+000   1.217348E-003
   49901      32     2.450000     2.550000   2.808749E+000   6.244881E-001   2.463673E+000   7.391019E-001   2.184261E+000   1.724571E+000   4.596901E-001
   49901      33     2.550000     2.650000   2.466453E+000   2.739662E-001   1.268366E+000   3.805098E-001   2.192487E+000   8.878561E-001   1.304631E+000
   49901      34     2.650000     2.900000   5.107089E+000   9.784387E-003   1.719441E-001   5.158323E-002   5.097305E+000   1.203609E-001   4.976944E+000
   49901      35     2.900000     3.200000   4.829501E+000   5.009540E-001   2.811894E+000   8.435683E-001   4.328547E+000   1.968326E+000   2.360221E+000
   49901      36     3.200000     3.500000   4.479548E+000   8.668981E-001   3.839276E+000   1.151783E+000   3.612650E+000   2.687493E+000   9.251565E-001
   49901      37     3.500000     3.900000   5.317470E+000   1.220905E+000   4.836969E+000   1.451091E+000   4.096566E+000   3.385878E+000   7.106878E-001
   49901      38     3.900000     5.500000   8.889375E+000   4.615238E-001   2.367602E+000   7.102807E-001   8.427851E+000   1.657322E+000   6.770530E+000
   49901      39     5.500000     6.500000   2.171822E+000   6.327409E-001   2.150501E+000   6.451502E-001   1.539081E+000   1.505350E+000   3.373028E-002
   49901      40     6.500000     7.000000   6.459457E-001   4.686382E-002   3.686966E-001   1.106090E-001   5.990819E-001   2.580876E-001   3.409943E-001
   49901      41     7.000000     9.000000   1.525571E+000   8.577606E-002   4.914899E-001   1.474470E-001   1.439795E+000   3.440429E-001   1.095752E+000
   49901      42     9.000000    20.000000   1.633159E+000   3.594981E-002   2.909965E-001   8.729895E-002   1.597209E+000   2.036975E-001   1.393512E+000
   50001       1     0.200000     0.300000   5.582456E-006   3.540013E-006   2.917776E-006   8.753329E-007   2.042443E-006   2.042443E-006  -9.500338E-015
   50001       2     0.300000     0.345000   2.557270E-003   1.374824E-003   1.689209E-003   5.067628E-004   1.182447E-003   1.182447E-003  -8.478984E-013
   50001       3     0.345000     0.385000   2.512764E-003   1.152240E-003   1.943607E-003   5.830820E-004   1.360525E-003   1.360525E-003   7.805488E-013
   50001       4     0.385000     0.420000   1.293223E-002   5.311610E-003   1.088660E-002   3.265979E-003   7.620618E-003   7.620618E-003  -3.074494E-012
   50001       5     0.420000     0.450000   2.349464E-002   8.965829E-003   2.075544E-002   6.226633E-003   1.452881E-002   1.452881E-002  -1.754352E-012
   50001       6     0.450000     0.500000   1.310848E-001   4.710132E-002   1.199763E-001   3.599290E-002   8.398344E-002   8.398344E-002   3.616003E-011
   50001       7     0.500000     0.550000   1.748537E-001   5.938044E-002   1.649618E-001   4.948854E-002   1.154733E-001   1.154733E-001  -5.057360E-011
   50001       8     0.550000     0.610000   2.295775E-001   7.513488E-002   2.206276E-001   6.618829E-002   1.544426E-001   1.544393E-001   3.303131E-006
   50001       9     0.610000     0.690000   5.693172E-001   1.805387E-001   5.553268E-001   1.665981E-001   3.887785E-001   3.887288E-001   4.971629E-005
   50001      10     0.690000     0.780000   2.472789E+000   7.670121E-001   2.436464E+000   7.309392E-001   1.705777E+000   1.705525E+000   2.521277E-004
   50001      11     0.780000     0.800000   1.063069E+000   3.220294E-001   1.044908E+000   3.134725E-001   7.410400E-001   7.314358E-001   9.604229E-003
   50001      12     0.800000     0.870000   5.878988E+000   1.794656E+000   5.814831E+000   1.744449E+000   4.084332E+000   4.070382E+000   1.395060E-002
   50001      13     0.870000     0.880000   8.736691E-001   2.566989E-001   8.542623E-001   2.562787E-001   6.169702E-001   5.979836E-001   1.898662E-002
   50001      14     0.880000     1.030000   2.249240E+001   6.814134E+000   2.235665E+001   6.706996E+000   1.567827E+001   1.564966E+001   2.861249E-002
   50001      15     1.030000     1.080000   9.248799E+000   2.379996E+000   8.585296E+000   2.575589E+000   6.868803E+000   6.009707E+000   8.590952E-001
   50001      16     1.080000     1.140000   1.173685E+001   3.452644E+000   1.159216E+001   3.477649E+000   8.284206E+000   8.114515E+000   1.696908E-001
   50001      17     1.140000     1.200000   1.143670E+001   3.434584E+000   1.139354E+001   3.418063E+000   8.002113E+000   7.975480E+000   2.663335E-002
   50001      18     1.200000     1.240000   8.097833E+000   8.024644E-001   4.421304E+000   1.326391E+000   7.295368E+000   3.094913E+000   4.200456E+000
   50001      19     1.240000     1.280000   7.733813E+000   2.203088E+000   7.567192E+000   2.270158E+000   5.530726E+000   5.297035E+000   2.336910E-001
   50001      20     1.280000     1.340000   1.109154E+001   2.142847E+000   8.976001E+000   2.692800E+000   8.948696E+000   6.283201E+000   2.665495E+000
   50001      21     1.340000     1.420000   1.012492E+001   2.749278E+000   9.677480E+000   2.903244E+000   7.375643E+000   6.774236E+000   6.014073E-001
   50001      22     1.420000     1.460000   4.444646E+000   3.104847E-001   1.640885E+000   4.922656E-001   4.134161E+000   1.148620E+000   2.985541E+000
   50001      23     1.460000     1.490000   3.316959E+000   9.641349E-001   3.276085E+000   9.828254E-001   2.352824E+000   2.293259E+000   5.956460E-002
   50001      24     1.490000     1.520000   3.416012E+000   7.335828E-001   2.920571E+000   8.761714E-001   2.682429E+000   2.044400E+000   6.380288E-001
   50001      25     1.520000     1.680000   2.089115E+001   1.630629E+000   9.280410E+000   2.784123E+000   1.926052E+001   6.496287E+000   1.276423E+001
   50001      26     1.680000     1.740000   7.400301E+000   2.200617E+000   7.371917E+000   2.211575E+000   5.199685E+000   5.160342E+000   3.934288E-002
   50001      27     1.740000     1.820000   6.859941E+000   1.922171E+000   6.686563E+000   2.005969E+000   4.937771E+000   4.680594E+000   2.571768E-001
   50001      28     1.820000     1.940000   7.844991E+000   1.323240E+000   5.739405E+000   1.721821E+000   6.521751E+000   4.017583E+000   2.504167E+000
   50001      29     1.940000     2.200000   1.524385E+001   1.056956E+000   4.987532E+000   1.496259E+000   1.418689E+001   3.491272E+000   1.069562E+001
   50001      30     2.200000     2.300000   5.897529E+000   1.699458E+000   5.811516E+000   1.743455E+000   4.198071E+000   4.068061E+000   1.300090E-001
   50001      31     2.300000     2.450000   6.412228E+000   1.923591E+000   6.410605E+000   1.923181E+000   4.488637E+000   4.487423E+000   1.213140E-003
   50001      32     2.450000     2.550000   2.808749E+000   6.248076E-001   2.464261E+000   7.392784E-001   2.183942E+000   1.724983E+000   4.589586E-001
   50001      33     2.550000     2.650000   2.466453E+000   2.742637E-001   1.269160E+000   3.807481E-001   2.192190E+000   8.884122E-001   1.303777E+000
   50001      34     2.650000     2.900000   5.107089E+000   9.828291E-003   1.724418E-001   5.173253E-002   5.097261E+000   1.207092E-001   4.976552E+000
   50001      35     2.900000     3.200000   4.829501E+000   5.014492E-001   2.813159E+000   8.439478E-001   4.328052E+000   1.969212E+000   2.358840E+000
   50001      36     3.200000     3.500000   4.479548E+000   8.667619E-001   3.839049E+000   1.151715E+000   3.612786E+000   2.687334E+000   9.254516E-001
   50001      37     3.500000     3.900000   5.317470E+000   1.220512E+000   4.836364E+000   1.450909E+000   4.096958E+000   3.385455E+000   7.115030E-001
   50001      38     3.900000     5.500000   8.889375E+000   4.618361E-001   2.369152E+000   7.107456E-001   8.427539E+000   1.658406E+000   6.769133E+000
   50001      39     5.500000     6.500000   2.171822E+000   6.327472E-001   2.150508E+000   6.451523E-001   1.539074E+000   1.505355E+000   3.371904E-002
   50001      40     6.500000     7.000000   6.459457E-001   4.683818E-002   3.685964E-001   1.105789E-001   5.991076E-001   2.580175E-001   3.410901E-001
   50001      41     7.000000     9.000000   1.525571E+000   8.580435E-002   4.914207E-001   1.474262E-001   1.439767E+000   3.439945E-001   1.095772E+000
   50001      42     9.000000    20.000000   1.633159E+000   3.611839E-002   2.917815E-001   8.753444E-002   1.597041E+000   2.042470E-001   1.392793E+000
   50101       1     0.200000     0.300000   5.582456E-006   3.540013E-006   2.917776E-006   8.753329E-007   2.042443E-006   2.042443E-006  -9.500338E-015
   50101       2     0.300000     0.345000   2.557270E-003   1.374824E-003   1.689209E-003   5.067628E-004   1.182447E-003   1.182447E-003  -8.478984E-013
   50101       3     0.345000     0.385000   2.512764E-003   1.152240E-003   1.943607E-003   5.830820E-004   1.360525E-003   1.360525E-003   7.805488E-013
   50101       4     0.385000     0.420000   1.293223E-002   5.311610E-003   1.088660E-002   3.265979E-003   7.620618E-003   7.620618E-003  -3.983543E-012
   50101       5     0.420000     0.450000   2.349464E-002   8.965829E-003   2.075544E-002   6.226633E-003   1.452881E-002   1.452881E-002  -2.358299E-012
   50101       6     0.450000     0.500000   1.310848E-001   4.710132E-002   1.199763E-001   3.599290E-002   8.398344E-002   8.398344E-002   1.046896E-011
   50101       7     0.500000     0.550000   1.748537E-001   5.938044E-002   1.649618E-001   4.948854E-002   1.154733E-001   1.154733E-001  -5.746974E-011
   50101       8     0.550000     0.610000   2.295775E-001   7.513488E-002   2.206276E-001   6.618829E-002   1.544426E-001   1.544393E-001   3.303698E-006
   50101       9     0.610000     0.690000   5.693172E-001   1.805387E-001   5.553268E-001   1.665980E-001   3.887785E-001   3.887288E-001   4.971808E-005
   50101      10     0.690000     0.780000   2.472789E+000   7.670121E-001   2.436464E+000   7.309393E-001   1.705777E+000   1.705525E+000   2.521109E-004
   50101      11     0.780000     0.800000   1.063069E+000   3.220295E-001   1.044908E+000   3.134725E-001   7.410399E-001   7.314358E-001   9.604108E-003
   50101      12     0.800000     0.870000   5.878988E+000   1.794655E+000   5.814830E+000   1.744449E+000   4.084334E+000   4.070381E+000   1.395301E-002
   50101      13     0.870000     0.880000   8.736691E-001   2.567008E-001   8.542645E-001   2.562794E-001   6.169683E-001   5.979852E-001   1.898309E-002
   50101      14     0.880000     1.030000   2.249240E+001   6.814134E+000   2.235665E+001   6.706996E+000   1.567827E+001   1.564966E+001   2.861217E-002
   50101      15     1.030000     1.080000   9.248799E+000   2.380029E+000   8.585327E+000   2.575598E+000   6.868770E+000   6.009729E+000   8.590407E-001
   50101      16     1.080000     1.140000   1.173685E+001   3.452646E+000   1.159217E+001   3.477650E+000   8.284204E+000   8.114516E+000   1.696875E-001
   50101      17     1.140000     1.200000   1.143670E+001   3.434585E+000   1.139354E+001   3.418063E+000   8.002112E+000   7.975481E+000   2.663050E-002
   50101      18     1.200000     1.240000   8.097833E+000   8.029304E-001   4.422339E+000   1.326702E+000   7.294902E+000   3.095637E+000   4.199265E+000
   50101      19     1.240000     1.280000   7.733813E+000   2.203130E+000   7.567240E+000   2.270172E+000   5.530684E+000   5.297068E+000   2.336158E-001
   50101      20     1.280000     1.340000   1.109154E+001   2.143024E+000   8.976224E+000   2.692867E+000   8.948519E+000   6.283357E+000   2.665163E+000
   50101      21     1.340000     1.420000   1.012492E+001   2.749382E+000   9.677609E+000   2.903283E+000   7.375539E+000   6.774327E+000   6.012127E-001
   50101      22     1.420000     1.460000   4.444646E+000   3.107357E-001   1.641835E+000   4.925506E-001   4.133910E+000   1.149285E+000   2.984625E+000
   50101      23     1.460000     1.490000   3.316959E+000   9.642871E-001   3.276264E+000   9.828793E-001   2.352672E+000   2.293385E+000   5.928683E-002
   50101      24     1.490000     1.520000   3.416012E+000   7.336843E-001   2.920713E+000   8.762138E-001   2.682327E+000   2.044499E+000   6.378284E-001
   50101      25     1.520000     1.680000   2.089115E+001   1.632046E+000   9.284244E+000   2.785273E+000   1.925910E+001   6.498971E+000   1.276013E+001
   50101      26     1.680000     1.740000   7.400301E+000   2.200673E+000   7.371981E+000   2.211594E+000   5.199628E+000   5.160387E+000   3.924129E-002
   50101      27     1.740000     1.820000   6.859941E+000   1.922596E+000   6.687138E+000   2.006141E+000   4.937345E+000   4.680997E+000   2.563483E-001
   50101      28     1.820000     1.940000   7.844991E+000   1.323941E+000   5.741053E+000   1.722316E+000   6.521050E+000   4.018737E+000   2.502313E+000
   50101      29     1.940000     2.200000   1.524385E+001   1.057549E+000   4.989725E+000   1.496918E+000   1.418630E+001   3.492808E+000   1.069349E+001
   50101      30     2.200000     2.300000   5.897529E+000   1.699516E+000   5.811586E+000   1.743476E+000   4.198013E+000   4.068110E+000   1.299028E-001
   50101      31     2.300000     2.450000   6.412228E+000   1.923594E+000   6.410607E+000   1.923182E+000   4.488634E+000   4.487425E+000   1.209022E-003
   50101      32     2.450000     2.550000   2.808749E+000   6.251210E-001   2.464838E+000   7.394515E-001   2.183628E+000   1.725387E+000   4.582414E-001
   50101      33     2.550000     2.650000   2.466453E+000   2.745566E-001   1.269941E+000   3.809823E-001   2.191897E+000   8.889586E-001   1.302938E+000
   50101      34     2.650000     2.900000   5.107089E+000   9.871650E-003   1.729324E-001   5.187973E-002   5.097218E+000   1.210527E-001   4.976165E+000
   50101      35     2.900000     3.200000   4.829501E+000   5.019348E-001   2.814399E+000   8.443198E-001   4.327566E+000   1.970079E+000   2.357487E+000
   50101      36     3.200000     3.500000   4.479548E+000   8.666284E-001   3.838827E+000   1.151648E+000   3.612920E+000   2.687179E+000   9.257408E-001
   50101      37     3.500000     3.900000   5.317470E+000   1.220129E+000   4.835773E+000   1.450732E+000   4.097342E+000   3.385041E+000   7.123010E-001
   50101      38     3.900000     5.500000   8.889375E+000   4.621440E-001   2.370676E+000   7.112027E-001   8.427231E+000   1.659473E+000   6.767758E+000
   50101      39     5.500000     6.500000   2.171822E+000   6.327533E-001   2.150515E+000   6.451544E-001   1.539068E+000   1.505360E+000   3.370804E-002
   50101      40     6.500000     7.000000   6.459457E-001   4.681307E-002   3.684983E-001   1.105495E-001   5.991327E-001   2.579488E-001   3.411839E-001
   50101      41     7.000000     9.000000   1.525571E+000   8.583197E-002   4.913531E-001   1.474059E-001   1.439739E+000   3.439472E-001   1.095792E+000
   50101      42     9.000000    20.000000   1.633159E+000   3.628526E-002   2.925564E-001   8.776691E-002   1.596874E+000   2.047895E-001   1.392084E+000
   50201       1     0.200000     0.300000   5.582456E-006   3.540013E-006   2.917776E-006   8.753329E-007   2.042443E-006   2.042443E-006  -9.500338E-015
   50201       2     0.300000     0.345000   2.557270E-003   1.374824E-003   1.689209E-003   5.067628E-004   1.182447E-003   1.182447E-003  -8.478984E-013
   50201       3     0.345000     0.385000   2.512764E-003   1.152240E-003   1.943607E-003   5.830820E-004   1.360525E-003   1.360525E-003   7.805488E-013
   50201       4     0.385000     0.420000   1.293223E-002   5.311610E-003   1.088660E-002   3.265979E-003   7.620618E-003   7.620618E-003  -5.127109E-012
   50201       5     0.420000     0.450000   2.349464E-002   8.965829E-003   2.075544E-002   6.226633E-003   1.452881E-002   1.452881E-002  -4.050401E-012
   50201       6     0.450000     0.500000   1.310848E-001   4.710132E-002   1.199763E-001   3.599290E-002   8.398344E-002   8.398344E-002  -6.299697E-012
   50201       7     0.500000     0.550000   1.748537E-001   5.938044E-002   1.649618E-001   4.948854E-002   1.154733E-001   1.154733E-001  -4.511383E-011
   50201       8     0.550000     0.610000   2.295775E-001   7.513488E-002   2.206276E-001   6.618829E-002   1.544426E-001   1.544393E-001   3.304253E-006
   50201       9     0.610000     0.690000   5.693172E-001   1.805387E-001   5.553268E-001   1.665980E-001   3.887785E-001   3.887288E-001   4.971984E-005
   50201      10     0.690000     0.780000   2.472789E+000   7.670121E-001   2.436464E+000   7.309393E-001   1.705777E+000   1.705525E+000   2.520944E-004
   50201      11     0.780000     0.800000   1.063069E+000   3.220295E-001   1.044908E+000   3.134725E-001   7.410399E-001   7.314359E-001   9.603989E-003
   50201      12     0.800000     0.870000   5.878988E+000   1.794653E+000   5.814828E+000   1.744448E+000   4.084335E+000   4.070380E+000   1.395537E-002
   50201      13     0.870000     0.880000   8.736691E-001   2.567027E-001   8.542667E-001   2.562800E-001   6.169663E-001   5.979867E-001   1.897963E-002
   50201      14     0.880000     1.030000   2.249240E+001   6.814135E+000   2.235665E+001   6.706996E+000   1.567827E+001   1.564966E+001   2.861185E-002
   50201      15     1.030000     1.080000   9.248799E+000   2.380062E+000   8.585357E+000   2.575607E+000   6.868737E+000   6.009750E+000   8.589875E-001
   50201      16     1.080000     1.140000   1.173685E+001   3.452648E+000   1.159217E+001   3.477650E+000   8.284202E+000   8.114517E+000   1.696844E-001
   50201      17     1.140000     1.200000   1.143670E+001   3.434587E+000   1.139355E+001   3.418064E+000   8.002110E+000   7.975482E+000   2.662771E-002
   50201      18     1.200000     1.240000   8.097833E+000   8.033875E-001   4.423353E+000   1.327006E+000   7.294445E+000   3.096347E+000   4.198098E+000
   50201      19     1.240000     1.280000   7.733813E+000   2.203171E+000   7.567287E+000   2.270186E+000   5.530643E+000   5.297101E+000   2.335421E-001
   50201      20     1.280000     1.340000   1.109154E+001   2.143196E+000   8.976442E+000   2.692933E+000   8.948346E+000   6.283509E+000   2.664837E+000
   50201      21     1.340000     1.420000   1.012492E+001   2.749483E+000   9.677736E+000   2.903321E+000   7.375438E+000   6.774415E+000   6.010223E-001
   50201      22     1.420000     1.460000   4.444646E+000   3.109828E-001   1.642769E+000   4.928308E-001   4.133663E+000   1.149939E+000   2.983724E+000
   50201      23     1.460000     1.490000   3.316959E+000   9.644364E-001   3.276440E+000   9.829320E-001   2.352523E+000   2.293508E+000   5.901442E-002
   50201      24     1.490000     1.520000   3.416012E+000   7.337836E-001   2.920851E+000   8.762553E-001   2.682228E+000   2.044596E+000   6.376322E-001
   50201      25     1.520000     1.680000   2.089115E+001   1.633437E+000   9.288003E+000   2.786401E+000   1.925771E+001   6.501602E+000   1.275611E+001
   50201      26     1.680000     1.740000   7.400301E+000   2.200729E+000   7.372044E+000   2.211613E+000   5.199572E+000   5.160431E+000   3.914174E-002
   50201      27     1.740000     1.820000   6.859941E+000   1.923014E+000   6.687702E+000   2.006311E+000   4.936927E+000   4.681392E+000   2.555355E-001
   50201      28     1.820000     1.940000   7.844991E+000   1.324629E+000   5.742670E+000   1.722801E+000   6.520362E+000   4.019869E+000   2.500493E+000
   50201      29     1.940000     2.200000   1.524385E+001   1.058132E+000   4.991881E+000   1.497564E+000   1.418572E+001   3.494317E+000   1.069140E+001
   50201      30     2.200000     2.300000   5.897529E+000   1.699572E+000   5.811654E+000   1.743496E+000   4.197957E+000   4.068158E+000   1.297989E-001
   50201      31     2.300000     2.450000   6.412228E+000   1.923596E+000   6.410610E+000   1.923183E+000   4.488632E+000   4.487427E+000   1.204987E-003
   50201      32     2.450000     2.550000   2.808749E+000   6.254287E-001   2.465404E+000   7.396213E-001   2.183321E+000   1.725783E+000   4.575376E-001
   50201      33     2.550000     2.650000   2.466453E+000   2.748450E-001   1.270708E+000   3.812125E-001   2.191608E+000   8.894958E-001   1.302113E+000
   50201      34     2.650000     2.900000   5.107089E+000   9.914505E-003   1.734165E-001   5.202496E-002   5.097175E+000   1.213916E-001   4.975783E+000
   50201      35     2.900000     3.200000   4.829501E+000   5.024116E-001   2.815615E+000   8.446846E-001   4.327089E+000   1.970931E+000   2.356159E+000
   50201      36     3.200000     3.500000   4.479548E+000   8.664974E-001   3.838609E+000   1.151583E+000   3.613050E+000   2.687026E+000   9.260244E-001
   50201      37     3.500000     3.900000   5.317470E+000   1.219751E+000   4.835191E+000   1.450557E+000   4.097719E+000   3.384634E+000   7.130855E-001
   50201      38     3.900000     5.500000   8.889375E+000   4.624478E-001   2.372176E+000   7.116527E-001   8.426927E+000   1.660523E+000   6.766404E+000
   50201      39     5.500000     6.500000   2.171822E+000   6.327593E-001   2.150521E+000   6.451564E-001   1.539062E+000   1.505365E+000   3.369726E-002
   50201      40     6.500000     7.000000   6.459457E-001   4.678848E-002   3.684021E-001   1.105206E-001   5.991573E-001   2.578815E-001   3.412758E-001
   50201      41     7.000000     9.000000   1.525571E+000   8.585899E-002   4.912875E-001   1.473863E-001   1.439712E+000   3.439013E-001   1.095811E+000
   50201      42     9.000000    20.000000   1.633159E+000   3.645055E-002   2.933218E-001   8.799655E-002   1.596708E+000   2.053253E-001   1.391383E+000
   50301       1     0.200000     0.300000   5.582456E-006   3.540013E-006   2.917776E-006   8.753329E-007   2.042443E-006   2.042443E-006  -9.500338E-015
   50301       2     0.300000     0.345000   2.557270E-003   1.374824E-003   1.689209E-003   5.067628E-004   1.182447E-003   1.182447E-003  -8.478984E-013
   50301       3     0.345000     0.385000   2.512764E-003   1.152240E-003   1.943607E-003   5.830820E-004   1.360525E-003   1.360525E-003   7.805488E-013
   50301       4     0.385000     0.420000   1.293223E-002   5.311610E-003   1.088660E-002   3.265979E-003   7.620618E-003   7.620618E-003  -3.434584E-012
   50301       5     0.420000     0.450000   2.349464E-002   8.965829E-003   2.075544E-002   6.226633E-003   1.452881E-002   1.452881E-002  -3.636419E-012
   50301       6     0.450000     0.500000   1.310848E-001   4.710132E-002   1.199763E-001   3.599290E-002   8.398344E-002   8.398344E-002  -6.000839E-012
   50301       7     0.500000     0.550000   1.748537E-001   5.938044E-002   1.649618E-001   4.948854E-002   1.154733E-001   1.154733E-001  -5.562463E-011
   50301       8     0.550000     0.610000   2.295775E-001   7.513488E-002   2.206276E-001   6.618829E-002   1.544426E-001   1.544393E-001   3.304795E-006
   50301       9     0.610000     0.690000   5.693172E-001   1.805387E-001   5.553268E-001   1.665980E-001   3.887785E-001   3.887288E-001   4.972156E-005
   50301      10     0.690000     0.780000   2.472789E+000   7.670121E-001   2.436464E+000   7.309393E-001   1.705777E+000   1.705525E+000   2.520783E-004
   50301      11     0.780000     0.800000   1.063069E+000   3.220296E-001   1.044908E+000   3.134725E-001   7.410398E-001   7.314359E-001   9.603872E-003
   50301      12     0.800000     0.870000   5.878988E+000   1.794652E+000   5.814826E+000   1.744448E+000   4.084336E+000   4.070378E+000   1.395767E-002
   50301      13     0.870000     0.880000   8.736691E-001   2.567046E-001   8.542689E-001   2.562807E-001   6.169644E-001   5.979882E-001   1.897625E-002
   50301      14     0.880000     1.030000   2.249240E+001   6.814135E+000   2.235666E+001   6.706997E+000   1.567827E+001   1.564966E+001   2.861154E-002
   50301      15     1.030000     1.080000   9.248799E+000   2.380093E+000   8.585386E+000   2.575616E+000   6.868706E+000   6.009770E+000   8.589354E-001
   50301      16     1.080000     1.140000   1.173685E+001   3.452650E+000   1.159217E+001   3.477651E+000   8.284200E+000   8.114519E+000   1.696813E-001
   50301      17     1.140000     1.200000   1.143670E+001   3.434588E+000   1.139355E+001   3.418064E+000   8.002108E+000   7.975483E+000   2.662498E-002
   50301      18     1.200000     1.240000   8.097833E+000   8.038360E-001   4.424347E+000   1.327304E+000   7.293997E+000   3.097043E+000   4.196954E+000
   50301      19     1.240000     1.280000   7.733813E+000   2.203211E+000   7.567333E+000   2.270200E+000   5.530603E+000   5.297133E+000   2.334699E-001
   50301      20     1.280000     1.340000   1.109154E+001   2.143366E+000   8.976655E+000   2.692997E+000   8.948177E+000   6.283659E+000   2.664518E+000
   50301      21     1.340000     1.420000   1.012492E+001   2.749583E+000   9.677861E+000   2.903358E+000   7.375338E+000   6.774502E+000   6.008359E-001
   50301      22     1.420000     1.460000   4.444646E+000   3.112262E-001   1.643688E+000   4.931065E-001   4.133419E+000   1.150582E+000   2.982838E+000
   50301      23     1.460000     1.490000   3.316959E+000   9.645829E-001   3.276613E+000   9.829838E-001   2.352376E+000   2.293629E+000   5.874706E-002
   50301      24     1.490000     1.520000   3.416012E+000   7.338809E-001   2.920987E+000   8.762960E-001   2.682131E+000   2.044691E+000   6.374400E-001
   50301      25     1.520000     1.680000   2.089115E+001   1.634803E+000   9.291693E+000   2.787508E+000   1.925635E+001   6.504185E+000   1.275216E+001
   50301      26     1.680000     1.740000   7.400301E+000   2.200784E+000   7.372105E+000   2.211632E+000   5.199518E+000   5.160474E+000   3.904412E-002
   50301      27     1.740000     1.820000   6.859941E+000   1.923425E+000   6.688256E+000   2.006477E+000   4.936517E+000   4.681779E+000   2.547376E-001
   50301      28     1.820000     1.940000   7.844991E+000   1.325306E+000   5.744257E+000   1.723277E+000   6.519685E+000   4.020980E+000   2.498705E+000
   50301      29     1.940000     2.200000   1.524385E+001   1.058704E+000   4.994001E+000   1.498200E+000   1.418515E+001   3.495801E+000   1.068934E+001
   50301      30     2.200000     2.300000   5.897529E+000   1.699627E+000   5.811721E+000   1.743516E+000   4.197901E+000   4.068204E+000   1.296971E-001
   50301      31     2.300000     2.450000   6.412228E+000   1.923598E+000   6.410612E+000   1.923184E+000   4.488630E+000   4.487429E+000   1.201032E-003
   50301      32     2.450000     2.550000   2.808749E+000   6.257310E-001   2.465960E+000   7.397880E-001   2.183018E+000   1.726172E+000   4.568463E-001
   50301      33     2.550000     2.650000   2.466453E+000   2.751293E-001   1.271463E+000   3.814390E-001   2.191324E+000   8.900243E-001   1.301300E+000
   50301      34     2.650000     2.900000   5.107089E+000   9.956885E-003   1.738944E-001   5.216833E-002   5.097132E+000   1.217261E-001   4.975406E+000
   50301      35     2.900000     3.200000   4.829501E+000   5.028800E-001   2.816809E+000   8.450426E-001   4.326621E+000   1.971766E+000   2.354855E+000
   50301      36     3.200000     3.500000   4.479548E+000   8.663689E-001   3.838394E+000   1.151518E+000   3.613179E+000   2.686876E+000   9.263029E-001
   50301      37     3.500000     3.900000   5.317470E+000   1.219380E+000   4.834618E+000   1.450386E+000   4.098090E+000   3.384233E+000   7.138575E-001
   50301      38     3.900000     5.500000   8.889375E+000   4.627478E-001   2.373653E+000   7.120958E-001   8.426627E+000   1.661557E+000   6.765071E+000
   50301      39     5.500000     6.500000   2.171822E+000   6.327652E-001   2.150528E+000   6.451584E-001   1.539056E+000   1.505370E+000   3.368668E-002
   50301      40     6.500000     7.000000   6.459457E-001   4.676440E-002   3.683080E-001   1.104924E-001   5.991813E-001   2.578156E-001   3.413658E-001
   50301      41     7.000000     9.000000   1.525571E+000   8.588547E-002   4.912240E-001   1.473672E-001   1.439686E+000   3.438568E-001   1.095829E+000
   50301      42     9.000000    20.000000   1.633159E+000   3.661434E-002   2.940784E-001   8.822351E-002   1.596545E+000   2.058548E-001   1.390690E+000
   50401       1     0.200000     0.300000   5.582456E-006   3.540013E-006   2.917776E-006   8.753329E-007   2.042443E-006   2.042443E-006  -9.500338E-015
   50401       2     0.300000     0.345000   2.557270E-003   1.374824E-003   1.689209E-003   5.067628E-004   1.182447E-003   1.182447E-003  -8.478984E-013
   50401       3     0.345000     0.385000   2.512764E-003   1.152240E-003   1.943607E-003   5.830820E-004   1.360525E-003   1.360525E-003   7.805488E-013
   50401       4     0.385000     0.420000   1.293223E-002   5.311610E-003   1.088660E-002   3.265979E-003   7.620618E-003   7.620618E-003  -3.434584E-012
   50401       5     0.420000     0.450000   2.349464E-002   8.965829E-003   2.075544E-002   6.226633E-003   1.452881E-002   1.452881E-002  -5.552329E-014
   50401       6     0.450000     0.500000   1.310848E-001   4.710132E-002   1.199763E-001   3.599290E-002   8.398344E-002   8.398344E-002  -1.968711E-011
   50401       7     0.500000     0.550000   1.748537E-001   5.938044E-002   1.649618E-001   4.948854E-002   1.154733E-001   1.154733E-001  -5.303787E-011
   50401       8     0.550000     0.610000   2.295775E-001   7.513488E-002   2.206276E-001   6.618829E-002   1.544426E-001   1.544393E-001   3.305326E-006
   50401       9     0.610000     0.690000   5.693172E-001   1.805387E-001   5.553268E-001   1.665980E-001   3.887785E-001   3.887288E-001   4.972325E-005
   50401      10     0.690000     0.780000   2.472789E+000   7.670121E-001   2.436464E+000   7.309393E-001   1.705777E+000   1.705525E+000   2.520626E-004
   50401      11     0.780000     0.800000   1.063069E+000   3.220297E-001   1.044909E+000   3.134726E-001   7.410397E-001   7.314360E-001   9.603758E-003
   50401      12     0.800000     0.870000   5.878988E+000   1.794651E+000   5.814825E+000   1.744447E+000   4.084337E+000   4.070377E+000   1.395994E-002
   50401      13     0.870000     0.880000   8.736691E-001   2.567065E-001   8.542710E-001   2.562813E-001   6.169626E-001   5.979897E-001   1.897293E-002
   50401      14     0.880000     1.030000   2.249240E+001   6.814135E+000   2.235666E+001   6.706997E+000   1.567827E+001   1.564966E+001   2.861124E-002
   50401      15     1.030000     1.080000   9.248799E+000   2.380124E+000   8.585415E+000   2.575624E+000   6.868675E+000   6.009790E+000   8.588844E-001
   50401      16     1.080000     1.140000   1.173685E+001   3.452652E+000   1.159217E+001   3.477651E+000   8.284198E+000   8.114520E+000   1.696782E-001
   50401      17     1.140000     1.200000   1.143670E+001   3.434590E+000   1.139355E+001   3.418065E+000   8.002107E+000   7.975485E+000   2.662230E-002
   50401      18     1.200000     1.240000   8.097833E+000   8.042765E-001   4.425323E+000   1.327597E+000   7.293556E+000   3.097726E+000   4.195830E+000
   50401      19     1.240000     1.280000   7.733813E+000   2.203250E+000   7.567377E+000   2.270213E+000   5.530563E+000   5.297164E+000   2.333991E-001
   50401      20     1.280000     1.340000   1.109154E+001   2.143532E+000   8.976864E+000   2.693059E+000   8.948011E+000   6.283805E+000   2.664206E+000
   50401      21     1.340000     1.420000   1.012492E+001   2.749680E+000   9.677982E+000   2.903395E+000   7.375241E+000   6.774588E+000   6.006531E-001
   50401      22     1.420000     1.460000   4.444646E+000   3.114661E-001   1.644593E+000   4.933778E-001   4.133180E+000   1.151215E+000   2.981965E+000
   50401      23     1.460000     1.490000   3.316959E+000   9.647268E-001   3.276782E+000   9.830347E-001   2.352232E+000   2.293748E+000   5.848444E-002
   50401      24     1.490000     1.520000   3.416012E+000   7.339763E-001   2.921120E+000   8.763359E-001   2.682035E+000   2.044784E+000   6.372515E-001
   50401      25     1.520000     1.680000   2.089115E+001   1.636146E+000   9.295318E+000   2.788595E+000   1.925500E+001   6.506722E+000   1.274828E+001
   50401      26     1.680000     1.740000   7.400301E+000   2.200837E+000   7.372166E+000   2.211650E+000   5.199464E+000   5.160516E+000   3.894831E-002
   50401      27     1.740000     1.820000   6.859941E+000   1.923828E+000   6.688799E+000   2.006640E+000   4.936113E+000   4.682160E+000   2.539537E-001
   50401      28     1.820000     1.940000   7.844991E+000   1.325972E+000   5.745817E+000   1.723745E+000   6.519020E+000   4.022072E+000   2.496947E+000
   50401      29     1.940000     2.200000   1.524385E+001   1.059268E+000   4.996088E+000   1.498826E+000   1.418458E+001   3.497262E+000   1.068732E+001
   50401      30     2.200000     2.300000   5.897529E+000   1.699681E+000   5.811786E+000   1.743536E+000   4.197847E+000   4.068250E+000   1.295973E-001
   50401      31     2.300000     2.450000   6.412228E+000   1.923600E+000   6.410615E+000   1.923184E+000   4.488628E+000   4.487430E+000   1.197151E-003
   50401      32     2.450000     2.550000   2.808749E+000   6.260283E-001   2.466506E+000   7.399518E-001   2.182721E+000   1.726554E+000   4.561669E-001
   50401      33     2.550000     2.650000   2.466453E+000   2.754096E-001   1.272207E+000   3.816620E-001   2.191044E+000   8.905447E-001   1.300499E+000
   50401      34     2.650000     2.900000   5.107089E+000   9.998821E-003   1.743665E-001   5.230996E-002   5.097090E+000   1.220566E-001   4.975034E+000
   50401      35     2.900000     3.200000   4.829501E+000   5.033404E-001   2.817981E+000   8.453944E-001   4.326161E+000   1.972587E+000   2.353574E+000
   50401      36     3.200000     3.500000   4.479548E+000   8.662427E-001   3.838184E+000   1.151455E+000   3.613305E+000   2.686729E+000   9.265764E-001
   50401      37     3.500000     3.900000   5.317470E+000   1.219016E+000   4.834056E+000   1.450217E+000   4.098455E+000   3.383840E+000   7.146151E-001
   50401      38     3.900000     5.500000   8.889375E+000   4.630443E-001   2.375108E+000   7.125325E-001   8.426331E+000   1.662576E+000   6.763755E+000
   50401      39     5.500000     6.500000   2.171822E+000   6.327710E-001   2.150535E+000   6.451604E-001   1.539051E+000   1.505374E+000   3.367630E-002
   50401      40     6.500000     7.000000   6.459457E-001   4.674077E-002   3.682155E-001   1.104646E-001   5.992050E-001   2.577508E-001   3.414541E-001
   50401      41     7.000000     9.000000   1.525571E+000   8.591139E-002   4.911617E-001   1.473485E-001   1.439660E+000   3.438132E-001   1.095846E+000
   50401      42     9.000000    20.000000   1.633159E+000   3.677674E-002   2.948266E-001   8.844797E-002   1.596382E+000   2.063786E-001   1.390004E+000
   50501       1     0.200000     0.300000   5.582456E-006   3.540013E-006   2.917776E-006   8.753329E-007   2.042443E-006   2.042443E-006  -9.500338E-015
   50501       2     0.300000     0.345000   2.557270E-003   1.374824E-003   1.689209E-003   5.067628E-004   1.182447E-003   1.182447E-003  -8.478984E-013
   50501       3     0.345000     0.385000   2.512764E-003   1.152240E-003   1.943607E-003   5.830820E-004   1.360525E-003   1.360525E-003   7.227235E-013
   50501       4     0.385000     0.420000   1.293223E-002   5.311610E-003   1.088660E-002   3.265979E-003   7.620618E-003   7.620618E-003  -4.374036E-012
   50501       5     0.420000     0.450000   2.349464E-002   8.965829E-003   2.075544E-002   6.226633E-003   1.452881E-002   1.452881E-002   1.124595E-012
   50501       6     0.450000     0.500000   1.310848E-001   4.710132E-002   1.199763E-001   3.599290E-002   8.398344E-002   8.398344E-002  -3.741299E-012
   50501       7     0.500000     0.550000   1.748537E-001   5.938044E-002   1.649618E-001   4.948854E-002   1.154733E-001   1.154733E-001  -5.347295E-011
   50501       8     0.550000     0.610000   2.295775E-001   7.513488E-002   2.206276E-001   6.618829E-002   1.544426E-001   1.544393E-001   3.305845E-006
   50501       9     0.610000     0.690000   5.693172E-001   1.805387E-001   5.553268E-001   1.665980E-001   3.887785E-001   3.887288E-001   4.972490E-005
   50501      10     0.690000     0.780000   2.472789E+000   7.670122E-001   2.436464E+000   7.309393E-001   1.705777E+000   1.705525E+000   2.520473E-004
   50501      11     0.780000     0.800000   1.063069E+000   3.220297E-001   1.044909E+000   3.134726E-001   7.410397E-001   7.314360E-001   9.603648E-003
   50501      12     0.800000     0.870000   5.878988E+000   1.794650E+000   5.814823E+000   1.744447E+000   4.084338E+000   4.070376E+000   1.396217E-002
   50501      13     0.870000     0.880000   8.736691E-001   2.567083E-001   8.542730E-001   2.562819E-001   6.169608E-001   5.979911E-001   1.896970E-002
   50501      14     0.880000     1.030000   2.249240E+001   6.814135E+000   2.235666E+001   6.706997E+000   1.567827E+001   1.564966E+001   2.861095E-002
   50501      15     1.030000     1.080000   9.248799E+000   2.380154E+000   8.585442E+000   2.575633E+000   6.868645E+000   6.009809E+000   8.588353E-001
   50501      16     1.080000     1.140000   1.173685E+001   3.452654E+000   1.159217E+001   3.477652E+000   8.284196E+000   8.114521E+000   1.696753E-001
   50501      17     1.140000     1.200000   1.143670E+001   3.434591E+000   1.139355E+001   3.418065E+000   8.002106E+000   7.975486E+000   2.661976E-002
   50501      18     1.200000     1.240000   8.097833E+000   8.047090E-001   4.426281E+000   1.327884E+000   7.293124E+000   3.098397E+000   4.194727E+000
   50501      19     1.240000     1.280000   7.733813E+000   2.203288E+000   7.567420E+000   2.270226E+000   5.530526E+000   5.297194E+000   2.333312E-001
   50501      20     1.280000     1.340000   1.109154E+001   2.143694E+000   8.977068E+000   2.693120E+000   8.947849E+000   6.283948E+000   2.663901E+000
   50501      21     1.340000     1.420000   1.012492E+001   2.749775E+000   9.678101E+000   2.903430E+000   7.375146E+000   6.774671E+000   6.004751E-001
   50501      22     1.420000     1.460000   4.444646E+000   3.116987E-001   1.645469E+000   4.936408E-001   4.132947E+000   1.151829E+000   2.981119E+000
   50501      23     1.460000     1.490000   3.316959E+000   9.648634E-001   3.276943E+000   9.830830E-001   2.352095E+000   2.293860E+000   5.823520E-002
   50501      24     1.490000     1.520000   3.416012E+000   7.340689E-001   2.921249E+000   8.763746E-001   2.681943E+000   2.044874E+000   6.370686E-001
   50501      25     1.520000     1.680000   2.089115E+001   1.637455E+000   9.298857E+000   2.789657E+000   1.925369E+001   6.509200E+000   1.274449E+001
   50501      26     1.680000     1.740000   7.400301E+000   2.200888E+000   7.372223E+000   2.211667E+000   5.199413E+000   5.160556E+000   3.885660E-002
   50501      27     1.740000     1.820000   6.859941E+000   1.924216E+000   6.689322E+000   2.006797E+000   4.935726E+000   4.682525E+000   2.532002E-001
   50501      28     1.820000     1.940000   7.844991E+000   1.326618E+000   5.747334E+000   1.724200E+000   6.518373E+000   4.023134E+000   2.495239E+000
   50501      29     1.940000     2.200000   1.524385E+001   1.059812E+000   4.998102E+000   1.499431E+000   1.418404E+001   3.498672E+000   1.068537E+001
   50501      30     2.200000     2.300000   5.897529E+000   1.699734E+000   5.811849E+000   1.743555E+000   4.197795E+000   4.068294E+000   1.295003E-001
   50501      31     2.300000     2.450000   6.412228E+000   1.923603E+000   6.410617E+000   1.923185E+000   4.488626E+000   4.487432E+000   1.193429E-003
   50501      32     2.450000     2.550000   2.808749E+000   6.263160E-001   2.467035E+000   7.401105E-001   2.182433E+000   1.726924E+000   4.555088E-001
   50501      33     2.550000     2.650000   2.466453E+000   2.756767E-001   1.272920E+000   3.818761E-001   2.190777E+000   8.910442E-001   1.299732E+000
   50501      34     2.650000     2.900000   5.107089E+000   1.003954E-002   1.748219E-001   5.244658E-002   5.097050E+000   1.223754E-001   4.974674E+000
   50501      35     2.900000     3.200000   4.829501E+000   5.037880E-001   2.819122E+000   8.457365E-001   4.325713E+000   1.973385E+000   2.352328E+000
   50501      36     3.200000     3.500000   4.479548E+000   8.661178E-001   3.837976E+000   1.151393E+000   3.613430E+000   2.686583E+000   9.268471E-001
   50501      37     3.500000     3.900000   5.317470E+000   1.218658E+000   4.833504E+000   1.450051E+000   4.098812E+000   3.383453E+000   7.153593E-001
   50501      38     3.900000     5.500000   8.889375E+000   4.633312E-001   2.376517E+000   7.129550E-001   8.426044E+000   1.663562E+000   6.762482E+000
   50501      39     5.500000     6.500000   2.171822E+000   6.327762E-001   2.150541E+000   6.451622E-001   1.539045E+000   1.505378E+000   3.366687E-002
   50501      40     6.500000     7.000000   6.459457E-001   4.671764E-002   3.681249E-001   1.104375E-001   5.992281E-001   2.576875E-001   3.415406E-001
   50501      41     7.000000     9.000000   1.525571E+000   8.593690E-002   4.911001E-001   1.473300E-001   1.439634E+000   3.437701E-001   1.095864E+000
   50501      42     9.000000    20.000000   1.633159E+000   3.693096E-002   2.955388E-001   8.866165E-002   1.596228E+000   2.068772E-001   1.389351E+000
   50601       1     0.200000     0.300000   5.582456E-006   3.540013E-006   2.917776E-006   8.753329E-007   2.042443E-006   2.042443E-006  -9.500338E-015
   50601       2     0.300000     0.345000   2.557270E-003   1.374824E-003   1.689209E-003   5.067628E-004   1.182447E-003   1.182447E-003  -8.478984E-013
   50601       3     0.345000     0.385000   2.512764E-003   1.152240E-003   1.943607E-003   5.830820E-004   1.360525E-003   1.360525E-003   7.227235E-013
   50601       4     0.385000     0.420000   1.293223E-002   5.311610E-003   1.088660E-002   3.265979E-003   7.620618E-003   7.620618E-003  -3.603182E-012
   50601       5     0.420000     0.450000   2.349464E-002   8.965829E-003   2.075544E-002   6.226633E-003   1.452881E-002   1.452881E-002   9.973099E-013
   50601       6     0.450000     0.500000   1.310848E-001   4.710132E-002   1.199763E-001   3.599290E-002   8.398344E-002   8.398344E-002  -2.372140E-011
   50601       7     0.500000     0.550000   1.748537E-001   5.938044E-002   1.649618E-001   4.948854E-002   1.154733E-001   1.154733E-001  -5.709541E-011
   50601       8     0.550000     0.610000   2.295775E-001   7.513488E-002   2.206276E-001   6.618829E-002   1.544426E-001   1.544393E-001   3.306356E-006
   50601       9     0.610000     0.690000   5.693172E-001   1.805387E-001   5.553268E-001   1.665980E-001   3.887785E-001   3.887288E-001   4.972653E-005
   50601      10     0.690000     0.780000   2.472789E+000   7.670122E-001   2.436464E+000   7.309393E-001   1.705777E+000   1.705525E+000   2.520322E-004
   50601      11     0.780000     0.800000   1.063069E+000   3.220298E-001   1.044909E+000   3.134726E-001   7.410396E-001   7.314360E-001   9.603540E-003
   50601      12     0.800000     0.870000   5.878988E+000   1.794649E+000   5.814822E+000   1.744447E+000   4.084340E+000   4.070375E+000   1.396436E-002
   50601      13     0.870000     0.880000   8.736691E-001   2.567100E-001   8.542750E-001   2.562825E-001   6.169590E-001   5.979925E-001   1.896653E-002
   50601      14     0.880000     1.030000   2.249240E+001   6.814135E+000   2.235666E+001   6.706997E+000   1.567827E+001   1.564966E+001   2.861066E-002
   50601      15     1.030000     1.080000   9.248799E+000   2.380183E+000   8.585469E+000   2.575641E+000   6.868615E+000   6.009828E+000   8.587871E-001
   50601      16     1.080000     1.140000   1.173685E+001   3.452655E+000   1.159217E+001   3.477652E+000   8.284194E+000   8.114522E+000   1.696725E-001
   50601      17     1.140000     1.200000   1.143670E+001   3.434593E+000   1.139355E+001   3.418066E+000   8.002104E+000   7.975487E+000   2.661727E-002
   50601      18     1.200000     1.240000   8.097833E+000   8.051346E-001   4.427223E+000   1.328167E+000   7.292698E+000   3.099056E+000   4.193642E+000
   50601      19     1.240000     1.280000   7.733813E+000   2.203325E+000   7.567463E+000   2.270239E+000   5.530488E+000   5.297224E+000   2.332645E-001
   50601      20     1.280000     1.340000   1.109154E+001   2.143854E+000   8.977268E+000   2.693180E+000   8.947689E+000   6.284088E+000   2.663602E+000
   50601      21     1.340000     1.420000   1.012492E+001   2.749869E+000   9.678217E+000   2.903465E+000   7.375052E+000   6.774752E+000   6.003002E-001
   50601      22     1.420000     1.460000   4.444646E+000   3.119282E-001   1.646334E+000   4.939001E-001   4.132718E+000   1.152433E+000   2.980284E+000
   50601      23     1.460000     1.490000   3.316959E+000   9.649978E-001   3.277101E+000   9.831304E-001   2.351961E+000   2.293971E+000   5.799010E-002
   50601      24     1.490000     1.520000   3.416012E+000   7.341598E-001   2.921375E+000   8.764126E-001   2.681852E+000   2.044963E+000   6.368890E-001
   50601      25     1.520000     1.680000   2.089115E+001   1.638744E+000   9.302341E+000   2.790702E+000   1.925240E+001   6.511639E+000   1.274077E+001
   50601      26     1.680000     1.740000   7.400301E+000   2.200939E+000   7.372280E+000   2.211684E+000   5.199363E+000   5.160596E+000   3.876646E-002
   50601      27     1.740000     1.820000   6.859941E+000   1.924597E+000   6.689836E+000   2.006951E+000   4.935344E+000   4.682885E+000   2.524589E-001
   50601      28     1.820000     1.940000   7.844991E+000   1.327255E+000   5.748827E+000   1.724648E+000   6.517736E+000   4.024179E+000   2.493557E+000
   50601      29     1.940000     2.200000   1.524385E+001   1.060348E+000   5.000088E+000   1.500026E+000   1.418350E+001   3.500061E+000   1.068344E+001
   50601      30     2.200000     2.300000   5.897529E+000   1.699785E+000   5.811912E+000   1.743573E+000   4.197743E+000   4.068338E+000   1.294051E-001
   50601      31     2.300000     2.450000   6.412228E+000   1.923605E+000   6.410620E+000   1.923186E+000   4.488623E+000   4.487434E+000   1.189772E-003
   50601      32     2.450000     2.550000   2.808749E+000   6.265995E-001   2.467555E+000   7.402666E-001   2.182150E+000   1.727289E+000   4.548610E-001
   50601      33     2.550000     2.650000   2.466453E+000   2.759404E-001   1.273624E+000   3.820871E-001   2.190513E+000   8.915365E-001   1.298976E+000
   50601      34     2.650000     2.900000   5.107089E+000   1.007988E-002   1.752723E-001   5.258168E-002   5.097009E+000   1.226906E-001   4.974319E+000
   50601      35     2.900000     3.200000   4.829501E+000   5.042289E-001   2.820244E+000   8.460732E-001   4.325272E+000   1.974171E+000   2.351101E+000
   50601      36     3.200000     3.500000   4.479548E+000   8.659949E-001   3.837771E+000   1.151331E+000   3.613553E+000   2.686439E+000   9.271136E-001
   50601      37     3.500000     3.900000   5.317470E+000   1.218306E+000   4.832961E+000   1.449888E+000   4.099164E+000   3.383073E+000   7.160913E-001
   50601      38     3.900000     5.500000   8.889375E+000   4.636149E-001   2.377907E+000   7.133720E-001   8.425760E+000   1.664535E+000   6.761226E+000
   50601      39     5.500000     6.500000   2.171822E+000   6.327814E-001   2.150547E+000   6.451640E-001   1.539040E+000   1.505383E+000   3.365761E-002
   50601      40     6.500000     7.000000   6.459457E-001   4.669489E-002   3.680358E-001   1.104108E-001   5.992508E-001   2.576251E-001   3.416258E-001
   50601      41     7.000000     9.000000   1.525571E+000   8.596193E-002   4.910396E-001   1.473119E-001   1.439609E+000   3.437277E-001   1.095881E+000
   50601      42     9.000000    20.000000   1.633159E+000   3.708389E-002   2.962436E-001   8.887307E-002   1.596075E+000   2.073705E-001   1.388705E+000
   50701       1     0.200000     0.300000   5.582456E-006   3.540013E-006   2.917776E-006   8.753329E-007   2.042443E-006   2.042443E-006  -9.500338E-015
   50701       2     0.300000     0.345000   2.557270E-003   1.374824E-003   1.689209E-003   5.067628E-004   1.182447E-003   1.182447E-003  -8.478984E-013
   50701       3     0.345000     0.385000   2.512764E-003   1.152240E-003   1.943607E-003   5.830820E-004   1.360525E-003   1.360525E-003   6.193340E-013
   50701       4     0.385000     0.420000   1.293223E-002   5.311610E-003   1.088660E-002   3.265979E-003   7.620618E-003   7.620618E-003  -2.268816E-012
   50701       5     0.420000     0.450000   2.349464E-002   8.965829E-003   2.075544E-002   6.226633E-003   1.452881E-002   1.452881E-002  -1.402992E-013
   50701       6     0.450000     0.500000   1.310848E-001   4.710132E-002   1.199763E-001   3.599290E-002   8.398344E-002   8.398344E-002  -3.440637E-011
   50701       7     0.500000     0.550000   1.748537E-001   5.938044E-002   1.649618E-001   4.948854E-002   1.154733E-001   1.154733E-001  -6.385835E-011
   50701       8     0.550000     0.610000   2.295775E-001   7.513488E-002   2.206276E-001   6.618829E-002   1.544426E-001   1.544393E-001   3.306857E-006
   50701       9     0.610000     0.690000   5.693172E-001   1.805387E-001   5.553268E-001   1.665980E-001   3.887785E-001   3.887288E-001   4.972813E-005
   50701      10     0.690000     0.780000   2.472789E+000   7.670122E-001   2.436464E+000   7.309393E-001   1.705777E+000   1.705525E+000   2.520175E-004
   50701      11     0.780000     0.800000   1.063069E+000   3.220299E-001   1.044909E+000   3.134726E-001   7.410395E-001   7.314361E-001   9.603434E-003
   50701      12     0.800000     0.870000   5.878988E+000   1.794648E+000   5.814820E+000   1.744446E+000   4.084341E+000   4.070374E+000   1.396652E-002
   50701      13     0.870000     0.880000   8.736691E-001   2.567118E-001   8.542770E-001   2.562831E-001   6.169573E-001   5.979939E-001   1.896341E-002
   50701      14     0.880000     1.030000   2.249240E+001   6.814136E+000   2.235666E+001   6.706997E+000   1.567827E+001   1.564966E+001   2.861038E-002
   50701      15     1.030000     1.080000   9.248799E+000   2.380212E+000   8.585495E+000   2.575649E+000   6.868586E+000   6.009847E+000   8.587397E-001
   50701      16     1.080000     1.140000   1.173685E+001   3.452657E+000   1.159218E+001   3.477653E+000   8.284193E+000   8.114523E+000   1.696697E-001
   50701      17     1.140000     1.200000   1.143670E+001   3.434594E+000   1.139355E+001   3.418066E+000   8.002103E+000   7.975488E+000   2.661482E-002
   50701      18     1.200000     1.240000   8.097833E+000   8.055537E-001   4.428151E+000   1.328445E+000   7.292279E+000   3.099705E+000   4.192574E+000
   50701      19     1.240000     1.280000   7.733813E+000   2.203361E+000   7.567504E+000   2.270251E+000   5.530452E+000   5.297253E+000   2.331989E-001
   50701      20     1.280000     1.340000   1.109154E+001   2.144010E+000   8.977465E+000   2.693239E+000   8.947532E+000   6.284225E+000   2.663307E+000
   50701      21     1.340000     1.420000   1.012492E+001   2.749960E+000   9.678332E+000   2.903500E+000   7.374961E+000   6.774832E+000   6.001283E-001
   50701      22     1.420000     1.460000   4.444646E+000   3.121549E-001   1.647186E+000   4.941559E-001   4.132491E+000   1.153030E+000   2.979460E+000
   50701      23     1.460000     1.490000   3.316959E+000   9.651301E-001   3.277257E+000   9.831772E-001   2.351829E+000   2.294080E+000   5.774873E-002
   50701      24     1.490000     1.520000   3.416012E+000   7.342492E-001   2.921500E+000   8.764500E-001   2.681762E+000   2.045050E+000   6.367123E-001
   50701      25     1.520000     1.680000   2.089115E+001   1.640015E+000   9.305771E+000   2.791731E+000   1.925113E+001   6.514040E+000   1.273709E+001
   50701      26     1.680000     1.740000   7.400301E+000   2.200988E+000   7.372336E+000   2.211701E+000   5.199313E+000   5.160635E+000   3.867776E-002
   50701      27     1.740000     1.820000   6.859941E+000   1.924974E+000   6.690342E+000   2.007102E+000   4.934968E+000   4.683239E+000   2.517286E-001
   50701      28     1.820000     1.940000   7.844991E+000   1.327883E+000   5.750298E+000   1.725089E+000   6.517108E+000   4.025209E+000   2.491899E+000
   50701      29     1.940000     2.200000   1.524385E+001   1.060877E+000   5.002046E+000   1.500614E+000   1.418297E+001   3.501432E+000   1.068154E+001
   50701      30     2.200000     2.300000   5.897529E+000   1.699836E+000   5.811973E+000   1.743592E+000   4.197692E+000   4.068381E+000   1.293114E-001
   50701      31     2.300000     2.450000   6.412228E+000   1.923607E+000   6.410622E+000   1.923187E+000   4.488621E+000   4.487435E+000   1.186173E-003
   50701      32     2.450000     2.550000   2.808749E+000   6.268788E-001   2.468068E+000   7.404205E-001   2.181870E+000   1.727648E+000   4.542226E-001
   50701      33     2.550000     2.650000   2.466453E+000   2.762010E-001   1.274318E+000   3.822953E-001   2.190252E+000   8.920225E-001   1.298230E+000
   50701      34     2.650000     2.900000   5.107089E+000   1.011987E-002   1.757181E-001   5.271542E-002   5.096969E+000   1.230026E-001   4.973967E+000
   50701      35     2.900000     3.200000   4.829501E+000   5.046634E-001   2.821349E+000   8.464048E-001   4.324838E+000   1.974945E+000   2.349893E+000
   50701      36     3.200000     3.500000   4.479548E+000   8.658738E-001   3.837569E+000   1.151271E+000   3.613674E+000   2.686298E+000   9.273761E-001
   50701      37     3.500000     3.900000   5.317470E+000   1.217958E+000   4.832423E+000   1.449727E+000   4.099512E+000   3.382696E+000   7.168164E-001
   50701      38     3.900000     5.500000   8.889375E+000   4.638958E-001   2.379280E+000   7.137839E-001   8.425479E+000   1.665496E+000   6.759984E+000
   50701      39     5.500000     6.500000   2.171822E+000   6.327865E-001   2.150552E+000   6.451657E-001   1.539035E+000   1.505387E+000   3.364851E-002
   50701      40     6.500000     7.000000   6.459457E-001   4.667250E-002   3.679481E-001   1.103844E-001   5.992732E-001   2.575637E-001   3.417096E-001
   50701      41     7.000000     9.000000   1.525571E+000   8.598651E-002   4.909802E-001   1.472941E-001   1.439585E+000   3.436862E-001   1.095898E+000
   50701      42     9.000000    20.000000   1.633159E+000   3.723580E-002   2.969420E-001   8.908259E-002   1.595923E+000   2.078594E-001   1.388064E+000
   50801       1     0.200000     0.300000   5.582456E-006   3.540013E-006   2.917776E-006   8.753329E-007   2.042443E-006   2.042443E-006  -9.500338E-015
   50801       2     0.300000     0.345000   2.557270E-003   1.374824E-003   1.689209E-003   5.067628E-004   1.182447E-003   1.182447E-003  -8.478984E-013
   50801       3     0.345000     0.385000   2.512764E-003   1.152240E-003   1.943607E-003   5.830820E-004   1.360525E-003   1.360525E-003   3.896712E-013
   50801       4     0.385000     0.420000   1.293223E-002   5.311610E-003   1.088660E-002   3.265979E-003   7.620618E-003   7.620618E-003  -2.268816E-012
   50801       5     0.420000     0.450000   2.349464E-002   8.965829E-003   2.075544E-002   6.226633E-003   1.452881E-002   1.452881E-002   4.552435E-013
   50801       6     0.450000     0.500000   1.310848E-001   4.710132E-002   1.199763E-001   3.599290E-002   8.398344E-002   8.398344E-002  -3.643652E-011
   50801       7     0.500000     0.550000   1.748537E-001   5.938044E-002   1.649618E-001   4.948854E-002   1.154733E-001   1.154733E-001  -5.506517E-011
   50801       8     0.550000     0.610000   2.295775E-001   7.513488E-002   2.206276E-001   6.618829E-002   1.544426E-001   1.544393E-001   3.307349E-006
   50801       9     0.610000     0.690000   5.693172E-001   1.805387E-001   5.553268E-001   1.665980E-001   3.887785E-001   3.887288E-001   4.972970E-005
   50801      10     0.690000     0.780000   2.472789E+000   7.670122E-001   2.436464E+000   7.309393E-001   1.705777E+000   1.705525E+000   2.520030E-004
   50801      11     0.780000     0.800000   1.063069E+000   3.220299E-001   1.044909E+000   3.134726E-001   7.410395E-001   7.314361E-001   9.603329E-003
   50801      12     0.800000     0.870000   5.878988E+000   1.794646E+000   5.814819E+000   1.744446E+000   4.084342E+000   4.070373E+000   1.396864E-002
   50801      13     0.870000     0.880000   8.736691E-001   2.567135E-001   8.542789E-001   2.562837E-001   6.169556E-001   5.979953E-001   1.896035E-002
   50801      14     0.880000     1.030000   2.249240E+001   6.814136E+000   2.235666E+001   6.706997E+000   1.567827E+001   1.564966E+001   2.861010E-002
   50801      15     1.030000     1.080000   9.248799E+000   2.380241E+000   8.585521E+000   2.575656E+000   6.868558E+000   6.009865E+000   8.586931E-001
   50801      16     1.080000     1.140000   1.173685E+001   3.452659E+000   1.159218E+001   3.477653E+000   8.284191E+000   8.114524E+000   1.696670E-001
   50801      17     1.140000     1.200000   1.143670E+001   3.434595E+000   1.139356E+001   3.418067E+000   8.002101E+000   7.975489E+000   2.661242E-002
   50801      18     1.200000     1.240000   8.097833E+000   8.059667E-001   4.429064E+000   1.328719E+000   7.291866E+000   3.100345E+000   4.191521E+000
   50801      19     1.240000     1.280000   7.733813E+000   2.203397E+000   7.567545E+000   2.270264E+000   5.530416E+000   5.297282E+000   2.331343E-001
   50801      20     1.280000     1.340000   1.109154E+001   2.144165E+000   8.977658E+000   2.693297E+000   8.947378E+000   6.284361E+000   2.663017E+000
   50801      21     1.340000     1.420000   1.012492E+001   2.750051E+000   9.678444E+000   2.903533E+000   7.374870E+000   6.774911E+000   5.999592E-001
   50801      22     1.420000     1.460000   4.444646E+000   3.123791E-001   1.648029E+000   4.944086E-001   4.132267E+000   1.153620E+000   2.978647E+000
   50801      23     1.460000     1.490000   3.316959E+000   9.652605E-001   3.277411E+000   9.832232E-001   2.351698E+000   2.294188E+000   5.751090E-002
   50801      24     1.490000     1.520000   3.416012E+000   7.343373E-001   2.921623E+000   8.764868E-001   2.681674E+000   2.045136E+000   6.365384E-001
   50801      25     1.520000     1.680000   2.089115E+001   1.641268E+000   9.309152E+000   2.792746E+000   1.924988E+001   6.516406E+000   1.273347E+001
   50801      26     1.680000     1.740000   7.400301E+000   2.201037E+000   7.372391E+000   2.211717E+000   5.199264E+000   5.160674E+000   3.859041E-002
   50801      27     1.740000     1.820000   6.859941E+000   1.925344E+000   6.690840E+000   2.007252E+000   4.934597E+000   4.683588E+000   2.510088E-001
   50801      28     1.820000     1.940000   7.844991E+000   1.328503E+000   5.751748E+000   1.725524E+000   6.516488E+000   4.026224E+000   2.490264E+000
   50801      29     1.940000     2.200000   1.524385E+001   1.061398E+000   5.003980E+000   1.501194E+000   1.418245E+001   3.502786E+000   1.067967E+001
   50801      30     2.200000     2.300000   5.897529E+000   1.699886E+000   5.812033E+000   1.743610E+000   4.197642E+000   4.068423E+000   1.292193E-001
   50801      31     2.300000     2.450000   6.412228E+000   1.923609E+000   6.410624E+000   1.923187E+000   4.488619E+000   4.487437E+000   1.182630E-003
   50801      32     2.450000     2.550000   2.808749E+000   6.271544E-001   2.468574E+000   7.405722E-001   2.181595E+000   1.728002E+000   4.535931E-001
   50801      33     2.550000     2.650000   2.466453E+000   2.764587E-001   1.275003E+000   3.825010E-001   2.189995E+000   8.925023E-001   1.297492E+000
   50801      34     2.650000     2.900000   5.107089E+000   1.015955E-002   1.761596E-001   5.284788E-002   5.096930E+000   1.233117E-001   4.973618E+000
   50801      35     2.900000     3.200000   4.829501E+000   5.050919E-001   2.822439E+000   8.467317E-001   4.324409E+000   1.975707E+000   2.348702E+000
   50801      36     3.200000     3.500000   4.479548E+000   8.657544E-001   3.837370E+000   1.151211E+000   3.613793E+000   2.686159E+000   9.276348E-001
   50801      37     3.500000     3.900000   5.317470E+000   1.217615E+000   4.831892E+000   1.449568E+000   4.099856E+000   3.382325E+000   7.175312E-001
   50801      38     3.900000     5.500000   8.889375E+000   4.641741E-001   2.380637E+000   7.141910E-001   8.425201E+000   1.666446E+000   6.758755E+000
   50801      39     5.500000     6.500000   2.171822E+000   6.327915E-001   2.150558E+000   6.451674E-001   1.539030E+000   1.505391E+000   3.363954E-002
   50801      40     6.500000     7.000000   6.459457E-001   4.665044E-002   3.678617E-001   1.103585E-001   5.992953E-001   2.575032E-001   3.417921E-001
   50801      41     7.000000     9.000000   1.525571E+000   8.601067E-002   4.909219E-001   1.472766E-001   1.439560E+000   3.436454E-001   1.095915E+000
   50801      42     9.000000    20.000000   1.633159E+000   3.738672E-002   2.976342E-001   8.929027E-002   1.595772E+000   2.083440E-001   1.387428E+000
   50901       1     0.200000     0.300000   5.582456E-006   3.540013E-006   2.917776E-006   8.753329E-007   2.042443E-006   2.042443E-006  -9.500338E-015
   50901       2     0.300000     0.345000   2.557270E-003   1.374824E-003   1.689209E-003   5.067628E-004   1.182447E-003   1.182447E-003  -8.478984E-013
   50901       3     0.345000     0.385000   2.512764E-003   1.152240E-003   1.943607E-003   5.830820E-004   1.360525E-003   1.360525E-003   3.896712E-013
   50901       4     0.385000     0.420000   1.293223E-002   5.311610E-003   1.088660E-002   3.265979E-003   7.620618E-003   7.620618E-003  -2.268816E-012
   50901       5     0.420000     0.450000   2.349464E-002   8.965829E-003   2.075544E-002   6.226633E-003   1.452881E-002   1.452881E-002  -2.843333E-013
   50901       6     0.450000     0.500000   1.310848E-001   4.710132E-002   1.199763E-001   3.599290E-002   8.398344E-002   8.398344E-002  -4.033594E-011
   50901       7     0.500000     0.550000   1.748537E-001   5.938044E-002   1.649618E-001   4.948854E-002   1.154733E-001   1.154733E-001  -4.867576E-011
   50901       8     0.550000     0.610000   2.295775E-001   7.513488E-002   2.206276E-001   6.618829E-002   1.544426E-001   1.544393E-001   3.307834E-006
   50901       9     0.610000     0.690000   5.693172E-001   1.805387E-001   5.553268E-001   1.665980E-001   3.887785E-001   3.887288E-001   4.973125E-005
   50901      10     0.690000     0.780000   2.472789E+000   7.670122E-001   2.436464E+000   7.309393E-001   1.705777E+000   1.705525E+000   2.519887E-004
   50901      11     0.780000     0.800000   1.063069E+000   3.220300E-001   1.044909E+000   3.134726E-001   7.410394E-001   7.314362E-001   9.603226E-003
   50901      12     0.800000     0.870000   5.878988E+000   1.794645E+000   5.814817E+000   1.744445E+000   4.084343E+000   4.070372E+000   1.397073E-002
   50901      13     0.870000     0.880000   8.736691E-001   2.567151E-001   8.542809E-001   2.562843E-001   6.169539E-001   5.979966E-001   1.895733E-002
   50901      14     0.880000     1.030000   2.249240E+001   6.814136E+000   2.235666E+001   6.706997E+000   1.567827E+001   1.564966E+001   2.860983E-002
   50901      15     1.030000     1.080000   9.248799E+000   2.380269E+000   8.585547E+000   2.575664E+000   6.868530E+000   6.009883E+000   8.586473E-001
   50901      16     1.080000     1.140000   1.173685E+001   3.452660E+000   1.159218E+001   3.477654E+000   8.284189E+000   8.114525E+000   1.696643E-001
   50901      17     1.140000     1.200000   1.143670E+001   3.434597E+000   1.139356E+001   3.418067E+000   8.002100E+000   7.975490E+000   2.661005E-002
   50901      18     1.200000     1.240000   8.097833E+000   8.063741E-001   4.429964E+000   1.328989E+000   7.291459E+000   3.100975E+000   4.190484E+000
   50901      19     1.240000     1.280000   7.733813E+000   2.203433E+000   7.567586E+000   2.270276E+000   5.530381E+000   5.297310E+000   2.330707E-001
   50901      20     1.280000     1.340000   1.109154E+001   2.144317E+000   8.977849E+000   2.693355E+000   8.947226E+000   6.284494E+000   2.662732E+000
   50901      21     1.340000     1.420000   1.012492E+001   2.750140E+000   9.678555E+000   2.903567E+000   7.374781E+000   6.774989E+000   5.997926E-001
   50901      22     1.420000     1.460000   4.444646E+000   3.126008E-001   1.648861E+000   4.946582E-001   4.132045E+000   1.154203E+000   2.977842E+000
   50901      23     1.460000     1.490000   3.316959E+000   9.653891E-001   3.277562E+000   9.832686E-001   2.351570E+000   2.294293E+000   5.727637E-002
   50901      24     1.490000     1.520000   3.416012E+000   7.344240E-001   2.921744E+000   8.765231E-001   2.681588E+000   2.045220E+000   6.363671E-001
   50901      25     1.520000     1.680000   2.089115E+001   1.642505E+000   9.312486E+000   2.793746E+000   1.924864E+001   6.518740E+000   1.272990E+001
   50901      26     1.680000     1.740000   7.400301E+000   2.201085E+000   7.372445E+000   2.211734E+000   5.199216E+000   5.160712E+000   3.850433E-002
   50901      27     1.740000     1.820000   6.859941E+000   1.925710E+000   6.691332E+000   2.007400E+000   4.934231E+000   4.683932E+000   2.502988E-001
   50901      28     1.820000     1.940000   7.844991E+000   1.329115E+000   5.753179E+000   1.725954E+000   6.515876E+000   4.027225E+000   2.488651E+000
   50901      29     1.940000     2.200000   1.524385E+001   1.061913E+000   5.005891E+000   1.501767E+000   1.418194E+001   3.504123E+000   1.067781E+001
   50901      30     2.200000     2.300000   5.897529E+000   1.699935E+000   5.812092E+000   1.743628E+000   4.197593E+000   4.068465E+000   1.291286E-001
   50901      31     2.300000     2.450000   6.412228E+000   1.923611E+000   6.410626E+000   1.923188E+000   4.488617E+000   4.487438E+000   1.179139E-003
   50901      32     2.450000     2.550000   2.808749E+000   6.274265E-001   2.469073E+000   7.407218E-001   2.181323E+000   1.728351E+000   4.529718E-001
   50901      33     2.550000     2.650000   2.466453E+000   2.767137E-001   1.275681E+000   3.827042E-001   2.189740E+000   8.929765E-001   1.296763E+000
   50901      34     2.650000     2.900000   5.107089E+000   1.019894E-002   1.765972E-001   5.297916E-002   5.096890E+000   1.236180E-001   4.973272E+000
   50901      35     2.900000     3.200000   4.829501E+000   5.055149E-001   2.823514E+000   8.470541E-001   4.323986E+000   1.976460E+000   2.347527E+000
   50901      36     3.200000     3.500000   4.479548E+000   8.656367E-001   3.837173E+000   1.151152E+000   3.613911E+000   2.686021E+000   9.278900E-001
   50901      37     3.500000     3.900000   5.317470E+000   1.217276E+000   4.831369E+000   1.449411E+000   4.100194E+000   3.381959E+000   7.182356E-001
   50901      38     3.900000     5.500000   8.889375E+000   4.644500E-001   2.381979E+000   7.145938E-001   8.424925E+000   1.667385E+000   6.757540E+000
   50901      39     5.500000     6.500000   2.171822E+000   6.327964E-001   2.150564E+000   6.451691E-001   1.539025E+000   1.505394E+000   3.363071E-002
   50901      40     6.500000     7.000000   6.459457E-001   4.662875E-002   3.677766E-001   1.103330E-001   5.993170E-001   2.574436E-001   3.418733E-001
   50901      41     7.000000     9.000000   1.525571E+000   8.603447E-002   4.908653E-001   1.472596E-001   1.439537E+000   3.436057E-001   1.095931E+000
   50901      42     9.000000    20.000000   1.633159E+000   3.753677E-002   2.983210E-001   8.949629E-002   1.595622E+000   2.088247E-001   1.386797E+000
   51001       1     0.200000     0.300000   5.582456E-006   3.540013E-006   2.917776E-006   8.753329E-007   2.042443E-006   2.042443E-006  -9.500338E-015
   51001       2     0.300000     0.345000   2.557270E-003   1.374824E-003   1.689209E-003   5.067628E-004   1.182447E-003   1.182447E-003  -8.478984E-013
   51001       3     0.345000     0.385000   2.512764E-003   1.152240E-003   1.943607E-003   5.830820E-004   1.360525E-003   1.360525E-003   3.896712E-013
   51001       4     0.385000     0.420000   1.293223E-002   5.311610E-003   1.088660E-002   3.265979E-003   7.620618E-003   7.620618E-003  -2.268816E-012
   51001       5     0.420000     0.450000   2.349464E-002   8.965829E-003   2.075544E-002   6.226633E-003   1.452881E-002   1.452881E-002  -1.551183E-012
   51001       6     0.450000     0.500000   1.310848E-001   4.710132E-002   1.199763E-001   3.599290E-002   8.398344E-002   8.398344E-002  -4.020759E-011
   51001       7     0.500000     0.550000   1.748537E-001   5.938044E-002   1.649618E-001   4.948854E-002   1.154733E-001   1.154733E-001  -4.366280E-011
   51001       8     0.550000     0.610000   2.295775E-001   7.513488E-002   2.206276E-001   6.618829E-002   1.544426E-001   1.544393E-001   3.308312E-006
   51001       9     0.610000     0.690000   5.693172E-001   1.805387E-001   5.553268E-001   1.665980E-001   3.887785E-001   3.887288E-001   4.973277E-005
   51001      10     0.690000     0.780000   2.472789E+000   7.670122E-001   2.436464E+000   7.309393E-001   1.705777E+000   1.705525E+000   2.519747E-004
   51001      11     0.780000     0.800000   1.063069E+000   3.220301E-001   1.044909E+000   3.134727E-001   7.410393E-001   7.314362E-001   9.603124E-003
   51001      12     0.800000     0.870000   5.878988E+000   1.794644E+000   5.814816E+000   1.744445E+000   4.084344E+000   4.070371E+000   1.397278E-002
   51001      13     0.870000     0.880000   8.736691E-001   2.567168E-001   8.542827E-001   2.562848E-001   6.169523E-001   5.979979E-001   1.895436E-002
   51001      14     0.880000     1.030000   2.249240E+001   6.814136E+000   2.235666E+001   6.706997E+000   1.567827E+001   1.564966E+001   2.860956E-002
   51001      15     1.030000     1.080000   9.248799E+000   2.380296E+000   8.585572E+000   2.575672E+000   6.868503E+000   6.009901E+000   8.586022E-001
   51001      16     1.080000     1.140000   1.173685E+001   3.452662E+000   1.159218E+001   3.477654E+000   8.284188E+000   8.114526E+000   1.696617E-001
   51001      17     1.140000     1.200000   1.143670E+001   3.434598E+000   1.139356E+001   3.418068E+000   8.002099E+000   7.975491E+000   2.660772E-002
   51001      18     1.200000     1.240000   8.097833E+000   8.067760E-001   4.430852E+000   1.329256E+000   7.291057E+000   3.101596E+000   4.189460E+000
   51001      19     1.240000     1.280000   7.733813E+000   2.203468E+000   7.567625E+000   2.270288E+000   5.530346E+000   5.297338E+000   2.330081E-001
   51001      20     1.280000     1.340000   1.109154E+001   2.144466E+000   8.978036E+000   2.693411E+000   8.947076E+000   6.284625E+000   2.662451E+000
   51001      21     1.340000     1.420000   1.012492E+001   2.750227E+000   9.678665E+000   2.903599E+000   7.374694E+000   6.775065E+000   5.996286E-001
   51001      22     1.420000     1.460000   4.444646E+000   3.128200E-001   1.649683E+000   4.949048E-001   4.131826E+000   1.154778E+000   2.977048E+000
   51001      23     1.460000     1.490000   3.316959E+000   9.655156E-001   3.277711E+000   9.833133E-001   2.351443E+000   2.294398E+000   5.704560E-002
   51001      24     1.490000     1.520000   3.416012E+000   7.345094E-001   2.921863E+000   8.765588E-001   2.681502E+000   2.045304E+000   6.361984E-001
   51001      25     1.520000     1.680000   2.089115E+001   1.643726E+000   9.315775E+000   2.794733E+000   1.924742E+001   6.521043E+000   1.272638E+001
   51001      26     1.680000     1.740000   7.400301E+000   2.201133E+000   7.372499E+000   2.211750E+000   5.199169E+000   5.160749E+000   3.841960E-002
   51001      27     1.740000     1.820000   6.859941E+000   1.926071E+000   6.691816E+000   2.007545E+000   4.933870E+000   4.684271E+000   2.495991E-001
   51001      28     1.820000     1.940000   7.844991E+000   1.329720E+000   5.754590E+000   1.726377E+000   6.515272E+000   4.028213E+000   2.487058E+000
   51001      29     1.940000     2.200000   1.524385E+001   1.062421E+000   5.007776E+000   1.502333E+000   1.418143E+001   3.505443E+000   1.067599E+001
   51001      30     2.200000     2.300000   5.897529E+000   1.699984E+000   5.812151E+000   1.743645E+000   4.197545E+000   4.068506E+000   1.290392E-001
   51001      31     2.300000     2.450000   6.412228E+000   1.923612E+000   6.410628E+000   1.923188E+000   4.488616E+000   4.487440E+000   1.175703E-003
   51001      32     2.450000     2.550000   2.808749E+000   6.276949E-001   2.469565E+000   7.408694E-001   2.181054E+000   1.728695E+000   4.523590E-001
   51001      33     2.550000     2.650000   2.466453E+000   2.769655E-001   1.276349E+000   3.829047E-001   2.189488E+000   8.934444E-001   1.296043E+000
   51001      34     2.650000     2.900000   5.107089E+000   1.023800E-002   1.770303E-001   5.310908E-002   5.096851E+000   1.239212E-001   4.972930E+000
   51001      35     2.900000     3.200000   4.829501E+000   5.059322E-001   2.824573E+000   8.473720E-001   4.323569E+000   1.977201E+000   2.346367E+000
   51001      36     3.200000     3.500000   4.479548E+000   8.655205E-001   3.836979E+000   1.151094E+000   3.614027E+000   2.685885E+000   9.281420E-001
   51001      37     3.500000     3.900000   5.317470E+000   1.216943E+000   4.830854E+000   1.449256E+000   4.100528E+000   3.381597E+000   7.189304E-001
   51001      38     3.900000     5.500000   8.889375E+000   4.647233E-001   2.383306E+000   7.149918E-001   8.424652E+000   1.668314E+000   6.756338E+000
   51001      39     5.500000     6.500000   2.171822E+000   6.328012E-001   2.150569E+000   6.451707E-001   1.539020E+000   1.505398E+000   3.362206E-002
   51001      40     6.500000     7.000000   6.459457E-001   4.660735E-002   3.676927E-001   1.103078E-001   5.993384E-001   2.573849E-001   3.419535E-001
   51001      41     7.000000     9.000000   1.525571E+000   8.605790E-002   4.908096E-001   1.472429E-001   1.439513E+000   3.435668E-001   1.095946E+000
   51001      42     9.000000    20.000000   1.633159E+000   3.768541E-002   2.990002E-001   8.970005E-002   1.595473E+000   2.093001E-001   1.386173E+000
   51101       1     0.200000     0.300000   5.582456E-006   3.540013E-006   2.917776E-006   8.753329E-007   2.042443E-006   2.042443E-006  -9.500338E-015
   51101       2     0.300000     0.345000   2.557270E-003   1.374824E-003   1.689209E-003   5.067628E-004   1.182447E-003   1.182447E-003  -8.478984E-013
   51101       3     0.345000     0.385000   2.512764E-003   1.152240E-003   1.943607E-003   5.830820E-004   1.360525E-003   1.360525E-003   3.896712E-013
   51101       4     0.385000     0.420000   1.293223E-002   5.311610E-003   1.088660E-002   3.265979E-003   7.620618E-003   7.620618E-003  -2.268816E-012
   51101       5     0.420000     0.450000   2.349464E-002   8.965829E-003   2.075544E-002   6.226633E-003   1.452881E-002   1.452881E-002   1.603162E-012
   51101       6     0.450000     0.500000   1.310848E-001   4.710132E-002   1.199763E-001   3.599290E-002   8.398344E-002   8.398344E-002  -5.601924E-011
   51101       7     0.500000     0.550000   1.748537E-001   5.938044E-002   1.649618E-001   4.948854E-002   1.154733E-001   1.154733E-001  -5.051073E-011
   51101       8     0.550000     0.610000   2.295775E-001   7.513488E-002   2.206276E-001   6.618829E-002   1.544426E-001   1.544393E-001   3.308782E-006
   51101       9     0.610000     0.690000   5.693172E-001   1.805387E-001   5.553268E-001   1.665980E-001   3.887785E-001   3.887288E-001   4.973427E-005
   51101      10     0.690000     0.780000   2.472789E+000   7.670122E-001   2.436464E+000   7.309393E-001   1.705777E+000   1.705525E+000   2.519608E-004
   51101      11     0.780000     0.800000   1.063069E+000   3.220301E-001   1.044909E+000   3.134727E-001   7.410393E-001   7.314362E-001   9.603024E-003
   51101      12     0.800000     0.870000   5.878988E+000   1.794643E+000   5.814815E+000   1.744444E+000   4.084345E+000   4.070370E+000   1.397481E-002
   51101      13     0.870000     0.880000   8.736691E-001   2.567184E-001   8.542846E-001   2.562854E-001   6.169507E-001   5.979992E-001   1.895144E-002
   51101      14     0.880000     1.030000   2.249240E+001   6.814136E+000   2.235666E+001   6.706997E+000   1.567827E+001   1.564966E+001   2.860930E-002
   51101      15     1.030000     1.080000   9.248799E+000   2.380323E+000   8.585597E+000   2.575679E+000   6.868476E+000   6.009918E+000   8.585580E-001
   51101      16     1.080000     1.140000   1.173685E+001   3.452664E+000   1.159218E+001   3.477654E+000   8.284186E+000   8.114527E+000   1.696591E-001
   51101      17     1.140000     1.200000   1.143670E+001   3.434599E+000   1.139356E+001   3.418068E+000   8.002097E+000   7.975492E+000   2.660546E-002
   51101      18     1.200000     1.240000   8.097833E+000   8.071728E-001   4.431728E+000   1.329518E+000   7.290660E+000   3.102209E+000   4.188451E+000
   51101      19     1.240000     1.280000   7.733813E+000   2.203502E+000   7.567664E+000   2.270299E+000   5.530312E+000   5.297365E+000   2.329470E-001
   51101      20     1.280000     1.340000   1.109154E+001   2.144614E+000   8.978221E+000   2.693466E+000   8.946929E+000   6.284754E+000   2.662175E+000
   51101      21     1.340000     1.420000   1.012492E+001   2.750313E+000   9.678772E+000   2.903632E+000   7.374608E+000   6.775140E+000   5.994673E-001
   51101      22     1.420000     1.460000   4.444646E+000   3.130352E-001   1.650489E+000   4.951468E-001   4.131611E+000   1.155343E+000   2.976268E+000
   51101      23     1.460000     1.490000   3.316959E+000   9.656384E-001   3.277855E+000   9.833566E-001   2.351320E+000   2.294499E+000   5.682170E-002
   51101      24     1.490000     1.520000   3.416012E+000   7.345932E-001   2.921979E+000   8.765938E-001   2.681418E+000   2.045386E+000   6.360328E-001
   51101      25     1.520000     1.680000   2.089115E+001   1.644927E+000   9.319014E+000   2.795704E+000   1.924622E+001   6.523310E+000   1.272291E+001
   51101      26     1.680000     1.740000   7.400301E+000   2.201179E+000   7.372551E+000   2.211765E+000   5.199123E+000   5.160786E+000   3.833696E-002
   51101      27     1.740000     1.820000   6.859941E+000   1.926424E+000   6.692290E+000   2.007687E+000   4.933518E+000   4.684603E+000   2.489149E-001
   51101      28     1.820000     1.940000   7.844991E+000   1.330313E+000   5.755977E+000   1.726793E+000   6.514678E+000   4.029184E+000   2.485494E+000
   51101      29     1.940000     2.200000   1.524385E+001   1.062920E+000   5.009624E+000   1.502887E+000   1.418093E+001   3.506737E+000   1.067419E+001
   51101      30     2.200000     2.300000   5.897529E+000   1.700031E+000   5.812208E+000   1.743662E+000   4.197497E+000   4.068546E+000   1.289515E-001
   51101      31     2.300000     2.450000   6.412228E+000   1.923614E+000   6.410630E+000   1.923189E+000   4.488614E+000   4.487441E+000   1.172352E-003
   51101      32     2.450000     2.550000   2.808749E+000   6.279583E-001   2.470048E+000   7.410143E-001   2.180791E+000   1.729033E+000   4.517577E-001
   51101      33     2.550000     2.650000   2.466453E+000   2.772106E-001   1.277002E+000   3.831005E-001   2.189243E+000   8.939013E-001   1.295341E+000
   51101      34     2.650000     2.900000   5.107089E+000   1.027639E-002   1.774544E-001   5.323632E-002   5.096813E+000   1.242181E-001   4.972595E+000
   51101      35     2.900000     3.200000   4.829501E+000   5.063424E-001   2.825615E+000   8.476845E-001   4.323159E+000   1.977930E+000   2.345228E+000
   51101      36     3.200000     3.500000   4.479548E+000   8.654054E-001   3.836787E+000   1.151036E+000   3.614142E+000   2.685751E+000   9.283915E-001
   51101      37     3.500000     3.900000   5.317470E+000   1.216614E+000   4.830344E+000   1.449103E+000   4.100857E+000   3.381241E+000   7.196158E-001
   51101      38     3.900000     5.500000   8.889375E+000   4.649916E-001   2.384607E+000   7.153822E-001   8.424384E+000   1.669225E+000   6.755158E+000
   51101      39     5.500000     6.500000   2.171822E+000   6.328058E-001   2.150574E+000   6.451723E-001   1.539016E+000   1.505402E+000   3.361386E-002
   51101      40     6.500000     7.000000   6.459457E-001   4.658624E-002   3.676099E-001   1.102830E-001   5.993595E-001   2.573270E-001   3.420325E-001
   51101      41     7.000000     9.000000   1.525571E+000   8.608096E-002   4.907548E-001   1.472264E-001   1.439490E+000   3.435284E-001   1.095962E+000
   51101      42     9.000000    20.000000   1.633159E+000   3.782955E-002   2.996598E-001   8.989795E-002   1.595329E+000   2.097619E-001   1.385567E+000
   51201       1     0.200000     0.300000   5.582456E-006   3.540013E-006   2.917776E-006   8.753329E-007   2.042443E-006   2.042443E-006  -9.500338E-015
   51201       2     0.300000     0.345000   2.557270E-003   1.374824E-003   1.689209E-003   5.067628E-004   1.182447E-003   1.182447E-003  -8.478984E-013
   51201       3     0.345000     0.385000   2.512764E-003   1.152240E-003   1.943607E-003   5.830820E-004   1.360525E-003   1.360525E-003   3.896712E-013
   51201       4     0.385000     0.420000   1.293223E-002   5.311610E-003   1.088660E-002   3.265979E-003   7.620618E-003   7.620618E-003  -2.268816E-012
   51201       5     0.420000     0.450000   2.349464E-002   8.965829E-003   2.075544E-002   6.226633E-003   1.452881E-002   1.452881E-002   2.113334E-012
   51201       6     0.450000     0.500000   1.310848E-001   4.710132E-002   1.199763E-001   3.599290E-002   8.398344E-002   8.398344E-002  -4.344662E-011
   51201       7     0.500000     0.550000   1.748537E-001   5.938044E-002   1.649618E-001   4.948854E-002   1.154733E-001   1.154733E-001  -6.901550E-011
   51201       8     0.550000     0.610000   2.295775E-001   7.513488E-002   2.206276E-001   6.618829E-002   1.544426E-001   1.544393E-001   3.309244E-006
   51201       9     0.610000     0.690000   5.693172E-001   1.805387E-001   5.553268E-001   1.665980E-001   3.887785E-001   3.887288E-001   4.973575E-005
   51201      10     0.690000     0.780000   2.472789E+000   7.670122E-001   2.436464E+000   7.309393E-001   1.705777E+000   1.705525E+000   2.519473E-004
   51201      11     0.780000     0.800000   1.063069E+000   3.220302E-001   1.044909E+000   3.134727E-001   7.410392E-001   7.314363E-001   9.602925E-003
   51201      12     0.800000     0.870000   5.878988E+000   1.794642E+000   5.814813E+000   1.744444E+000   4.084346E+000   4.070369E+000   1.397681E-002
   51201      13     0.870000     0.880000   8.736691E-001   2.567200E-001   8.542864E-001   2.562859E-001   6.169491E-001   5.980005E-001   1.894857E-002
   51201      14     0.880000     1.030000   2.249240E+001   6.814136E+000   2.235666E+001   6.706997E+000   1.567827E+001   1.564966E+001   2.860904E-002
   51201      15     1.030000     1.080000   9.248799E+000   2.380349E+000   8.585621E+000   2.575686E+000   6.868449E+000   6.009935E+000   8.585146E-001
   51201      16     1.080000     1.140000   1.173685E+001   3.452665E+000   1.159218E+001   3.477655E+000   8.284185E+000   8.114528E+000   1.696566E-001
   51201      17     1.140000     1.200000   1.143670E+001   3.434601E+000   1.139356E+001   3.418068E+000   8.002096E+000   7.975493E+000   2.660323E-002
   51201      18     1.200000     1.240000   8.097833E+000   8.075630E-001   4.432589E+000   1.329777E+000   7.290270E+000   3.102812E+000   4.187458E+000
   51201      19     1.240000     1.280000   7.733813E+000   2.203535E+000   7.567702E+000   2.270311E+000   5.530278E+000   5.297391E+000   2.328869E-001
   51201      20     1.280000     1.340000   1.109154E+001   2.144759E+000   8.978402E+000   2.693521E+000   8.946784E+000   6.284881E+000   2.661903E+000
   51201      21     1.340000     1.420000   1.012492E+001   2.750398E+000   9.678877E+000   2.903663E+000   7.374523E+000   6.775214E+000   5.993088E-001
   51201      22     1.420000     1.460000   4.444646E+000   3.132473E-001   1.651284E+000   4.953852E-001   4.131398E+000   1.155899E+000   2.975500E+000
   51201      23     1.460000     1.490000   3.316959E+000   9.657592E-001   3.277997E+000   9.833992E-001   2.351200E+000   2.294598E+000   5.660158E-002
   51201      24     1.490000     1.520000   3.416012E+000   7.346756E-001   2.922094E+000   8.766282E-001   2.681336E+000   2.045466E+000   6.358701E-001
   51201      25     1.520000     1.680000   2.089115E+001   1.646110E+000   9.322199E+000   2.796660E+000   1.924504E+001   6.525540E+000   1.271950E+001
   51201      26     1.680000     1.740000   7.400301E+000   2.201224E+000   7.372602E+000   2.211781E+000   5.199077E+000   5.160821E+000   3.825574E-002
   51201      27     1.740000     1.820000   6.859941E+000   1.926771E+000   6.692755E+000   2.007827E+000   4.933170E+000   4.684929E+000   2.482417E-001
   51201      28     1.820000     1.940000   7.844991E+000   1.330898E+000   5.757342E+000   1.727203E+000   6.514093E+000   4.030140E+000   2.483953E+000
   51201      29     1.940000     2.200000   1.524385E+001   1.063410E+000   5.011443E+000   1.503433E+000   1.418044E+001   3.508010E+000   1.067243E+001
   51201      30     2.200000     2.300000   5.897529E+000   1.700078E+000   5.812265E+000   1.743679E+000   4.197450E+000   4.068585E+000   1.288652E-001
   51201      31     2.300000     2.450000   6.412228E+000   1.923616E+000   6.410632E+000   1.923190E+000   4.488612E+000   4.487443E+000   1.169058E-003
   51201      32     2.450000     2.550000   2.808749E+000   6.282175E-001   2.470523E+000   7.411568E-001   2.180532E+000   1.729366E+000   4.511659E-001
   51201      33     2.550000     2.650000   2.466453E+000   2.774522E-001   1.277645E+000   3.832934E-001   2.189001E+000   8.943513E-001   1.294650E+000
   51201      34     2.650000     2.900000   5.107089E+000   1.031436E-002   1.778732E-001   5.336197E-002   5.096775E+000   1.245113E-001   4.972264E+000
   51201      35     2.900000     3.200000   4.829501E+000   5.067461E-001   2.826639E+000   8.479918E-001   4.322755E+000   1.978648E+000   2.344107E+000
   51201      36     3.200000     3.500000   4.479548E+000   8.652922E-001   3.836598E+000   1.150979E+000   3.614256E+000   2.685619E+000   9.286371E-001
   51201      37     3.500000     3.900000   5.317470E+000   1.216290E+000   4.829844E+000   1.448953E+000   4.101180E+000   3.380891E+000   7.202898E-001
   51201      38     3.900000     5.500000   8.889375E+000   4.652567E-001   2.385891E+000   7.157672E-001   8.424119E+000   1.670124E+000   6.753995E+000
   51201      39     5.500000     6.500000   2.171822E+000   6.328103E-001   2.150579E+000   6.451738E-001   1.539011E+000   1.505406E+000   3.360581E-002
   51201      40     6.500000     7.000000   6.459457E-001   4.656548E-002   3.675285E-001   1.102585E-001   5.993802E-001   2.572699E-001   3.421103E-001
   51201      41     7.000000     9.000000   1.525571E+000   8.610358E-002   4.907010E-001   1.472103E-001   1.439467E+000   3.434907E-001   1.095977E+000
   51201      42     9.000000    20.000000   1.633159E+000   3.797221E-002   3.003115E-001   9.009344E-002   1.595187E+000   2.102180E-001   1.384969E+000
   51301       1     0.200000     0.300000   5.582456E-006   3.540013E-006   2.917776E-006   8.753329E-007   2.042443E-006   2.042443E-006  -9.500338E-015
   51301       2     0.300000     0.345000   2.557270E-003   1.374824E-003   1.689209E-003   5.067628E-004   1.182447E-003   1.182447E-003  -8.478984E-013
   51301       3     0.345000     0.385000   2.512764E-003   1.152240E-003   1.943607E-003   5.830820E-004   1.360525E-003   1.360525E-003   5.357427E-013
   51301       4     0.385000     0.420000   1.293223E-002   5.311610E-003   1.088660E-002   3.265979E-003   7.620618E-003   7.620618E-003  -2.336041E-012
   51301       5     0.420000     0.450000   2.349464E-002   8.965829E-003   2.075544E-002   6.226633E-003   1.452881E-002   1.452881E-002   4.943202E-012
   51301       6     0.450000     0.500000   1.310848E-001   4.710132E-002   1.199763E-001   3.599290E-002   8.398344E-002   8.398344E-002  -3.562065E-011
   51301       7     0.500000     0.550000   1.748537E-001   5.938044E-002   1.649618E-001   4.948854E-002   1.154733E-001   1.154733E-001  -7.041909E-011
   51301       8     0.550000     0.610000   2.295775E-001   7.513488E-002   2.206276E-001   6.618829E-002   1.544426E-001   1.544393E-001   3.309698E-006
   51301       9     0.610000     0.690000   5.693172E-001   1.805387E-001   5.553268E-001   1.665980E-001   3.887785E-001   3.887288E-001   4.973720E-005
   51301      10     0.690000     0.780000   2.472789E+000   7.670122E-001   2.436464E+000   7.309393E-001   1.705777E+000   1.705525E+000   2.519339E-004
   51301      11     0.780000     0.800000   1.063069E+000   3.220303E-001   1.044909E+000   3.134727E-001   7.410391E-001   7.314363E-001   9.602828E-003
   51301      12     0.800000     0.870000   5.878988E+000   1.794641E+000   5.814812E+000   1.744444E+000   4.084347E+000   4.070368E+000   1.397877E-002
   51301      13     0.870000     0.880000   8.736691E-001   2.567216E-001   8.542882E-001   2.562865E-001   6.169475E-001   5.980018E-001   1.894574E-002
   51301      14     0.880000     1.030000   2.249240E+001   6.814136E+000   2.235666E+001   6.706997E+000   1.567827E+001   1.564966E+001   2.860878E-002
   51301      15     1.030000     1.080000   9.248799E+000   2.380376E+000   8.585645E+000   2.575693E+000   6.868423E+000   6.009951E+000   8.584719E-001
   51301      16     1.080000     1.140000   1.173685E+001   3.452667E+000   1.159218E+001   3.477655E+000   8.284183E+000   8.114529E+000   1.696541E-001
   51301      17     1.140000     1.200000   1.143670E+001   3.434602E+000   1.139356E+001   3.418069E+000   8.002095E+000   7.975494E+000   2.660104E-002
   51301      18     1.200000     1.240000   8.097833E+000   8.079473E-001   4.433436E+000   1.330031E+000   7.289885E+000   3.103405E+000   4.186480E+000
   51301      19     1.240000     1.280000   7.733813E+000   2.203568E+000   7.567739E+000   2.270322E+000   5.530245E+000   5.297418E+000   2.328278E-001
   51301      20     1.280000     1.340000   1.109154E+001   2.144901E+000   8.978580E+000   2.693574E+000   8.946642E+000   6.285006E+000   2.661636E+000
   51301      21     1.340000     1.420000   1.012492E+001   2.750481E+000   9.678981E+000   2.903694E+000   7.374440E+000   6.775287E+000   5.991528E-001
   51301      22     1.420000     1.460000   4.444646E+000   3.134567E-001   1.652068E+000   4.956204E-001   4.131189E+000   1.156448E+000   2.974742E+000
   51301      23     1.460000     1.490000   3.316959E+000   9.658780E-001   3.278137E+000   9.834411E-001   2.351081E+000   2.294696E+000   5.638492E-002
   51301      24     1.490000     1.520000   3.416012E+000   7.347567E-001   2.922207E+000   8.766621E-001   2.681255E+000   2.045545E+000   6.357100E-001
   51301      25     1.520000     1.680000   2.089115E+001   1.647275E+000   9.325336E+000   2.797601E+000   1.924387E+001   6.527735E+000   1.271614E+001
   51301      26     1.680000     1.740000   7.400301E+000   2.201269E+000   7.372652E+000   2.211796E+000   5.199032E+000   5.160857E+000   3.817583E-002
   51301      27     1.740000     1.820000   6.859941E+000   1.927113E+000   6.693214E+000   2.007964E+000   4.932829E+000   4.685250E+000   2.475788E-001
   51301      28     1.820000     1.940000   7.844991E+000   1.331475E+000   5.758687E+000   1.727606E+000   6.513516E+000   4.031081E+000   2.482435E+000
   51301      29     1.940000     2.200000   1.524385E+001   1.063894E+000   5.013237E+000   1.503971E+000   1.417996E+001   3.509266E+000   1.067069E+001
   51301      30     2.200000     2.300000   5.897529E+000   1.700124E+000   5.812320E+000   1.743696E+000   4.197404E+000   4.068624E+000   1.287804E-001
   51301      31     2.300000     2.450000   6.412228E+000   1.923618E+000   6.410635E+000   1.923190E+000   4.488610E+000   4.487444E+000   1.165817E-003
   51301      32     2.450000     2.550000   2.808749E+000   6.284730E-001   2.470991E+000   7.412972E-001   2.180276E+000   1.729693E+000   4.505829E-001
   51301      33     2.550000     2.650000   2.466453E+000   2.776908E-001   1.278279E+000   3.834836E-001   2.188763E+000   8.947950E-001   1.293968E+000
   51301      34     2.650000     2.900000   5.107089E+000   1.035196E-002   1.782873E-001   5.348619E-002   5.096737E+000   1.248011E-001   4.971936E+000
   51301      35     2.900000     3.200000   4.829501E+000   5.071439E-001   2.827648E+000   8.482945E-001   4.322357E+000   1.979354E+000   2.343003E+000
   51301      36     3.200000     3.500000   4.479548E+000   8.651808E-001   3.836412E+000   1.150924E+000   3.614367E+000   2.685488E+000   9.288789E-001
   51301      37     3.500000     3.900000   5.317470E+000   1.215970E+000   4.829349E+000   1.448805E+000   4.101500E+000   3.380544E+000   7.209561E-001
   51301      38     3.900000     5.500000   8.889375E+000   4.655188E-001   2.387157E+000   7.161472E-001   8.423856E+000   1.671010E+000   6.752846E+000
   51301      39     5.500000     6.500000   2.171822E+000   6.328147E-001   2.150584E+000   6.451753E-001   1.539007E+000   1.505409E+000   3.359790E-002
   51301      40     6.500000     7.000000   6.459457E-001   4.654506E-002   3.674483E-001   1.102345E-001   5.994007E-001   2.572138E-001   3.421869E-001
   51301      41     7.000000     9.000000   1.525571E+000   8.612581E-002   4.906482E-001   1.471945E-001   1.439445E+000   3.434537E-001   1.095992E+000
   51301      42     9.000000    20.000000   1.633159E+000   3.811361E-002   3.009561E-001   9.028684E-002   1.595045E+000   2.106693E-001   1.384376E+000
   51401       1     0.200000     0.300000   5.582456E-006   3.540013E-006   2.917776E-006   8.753329E-007   2.042443E-006   2.042443E-006  -9.500338E-015
   51401       2     0.300000     0.345000   2.557270E-003   1.374824E-003   1.689209E-003   5.067628E-004   1.182447E-003   1.182447E-003  -8.478984E-013
   51401       3     0.345000     0.385000   2.512764E-003   1.152240E-003   1.943607E-003   5.830820E-004   1.360525E-003   1.360525E-003   5.357427E-013
   51401       4     0.385000     0.420000   1.293223E-002   5.311610E-003   1.088660E-002   3.265979E-003   7.620618E-003   7.620618E-003  -2.336041E-012
   51401       5     0.420000     0.450000   2.349464E-002   8.965829E-003   2.075544E-002   6.226633E-003   1.452881E-002   1.452881E-002   7.488291E-012
   51401       6     0.450000     0.500000   1.310848E-001   4.710132E-002   1.199763E-001   3.599290E-002   8.398344E-002   8.398344E-002  -3.651555E-011
   51401       7     0.500000     0.550000   1.748537E-001   5.938044E-002   1.649618E-001   4.948854E-002   1.154733E-001   1.154733E-001  -8.650933E-011
   51401       8     0.550000     0.610000   2.295775E-001   7.513488E-002   2.206276E-001   6.618829E-002   1.544426E-001   1.544393E-001   3.310145E-006
   51401       9     0.610000     0.690000   5.693172E-001   1.805387E-001   5.553268E-001   1.665980E-001   3.887785E-001   3.887288E-001   4.973863E-005
   51401      10     0.690000     0.780000   2.472789E+000   7.670122E-001   2.436464E+000   7.309393E-001   1.705777E+000   1.705525E+000   2.519208E-004
   51401      11     0.780000     0.800000   1.063069E+000   3.220303E-001   1.044909E+000   3.134727E-001   7.410391E-001   7.314364E-001   9.602733E-003
   51401      12     0.800000     0.870000   5.878988E+000   1.794640E+000   5.814811E+000   1.744443E+000   4.084348E+000   4.070367E+000   1.398071E-002
   51401      13     0.870000     0.880000   8.736691E-001   2.567231E-001   8.542900E-001   2.562870E-001   6.169459E-001   5.980030E-001   1.894296E-002
   51401      14     0.880000     1.030000   2.249240E+001   6.814137E+000   2.235666E+001   6.706997E+000   1.567827E+001   1.564966E+001   2.860853E-002
   51401      15     1.030000     1.080000   9.248799E+000   2.380401E+000   8.585668E+000   2.575700E+000   6.868398E+000   6.009968E+000   8.584299E-001
   51401      16     1.080000     1.140000   1.173685E+001   3.452668E+000   1.159219E+001   3.477656E+000   8.284182E+000   8.114530E+000   1.696516E-001
   51401      17     1.140000     1.200000   1.143670E+001   3.434603E+000   1.139356E+001   3.418069E+000   8.002094E+000   7.975495E+000   2.659889E-002
   51401      18     1.200000     1.240000   8.097833E+000   8.083260E-001   4.434271E+000   1.330281E+000   7.289507E+000   3.103990E+000   4.185517E+000
   51401      19     1.240000     1.280000   7.733813E+000   2.203600E+000   7.567776E+000   2.270333E+000   5.530213E+000   5.297443E+000   2.327696E-001
   51401      20     1.280000     1.340000   1.109154E+001   2.145041E+000   8.978756E+000   2.693627E+000   8.946501E+000   6.285129E+000   2.661372E+000
   51401      21     1.340000     1.420000   1.012492E+001   2.750563E+000   9.679083E+000   2.903725E+000   7.374358E+000   6.775358E+000   5.989993E-001
   51401      22     1.420000     1.460000   4.444646E+000   3.136636E-001   1.652842E+000   4.958525E-001   4.130982E+000   1.156989E+000   2.973993E+000
   51401      23     1.460000     1.490000   3.316959E+000   9.659952E-001   3.278275E+000   9.834824E-001   2.350964E+000   2.294792E+000   5.617140E-002
   51401      24     1.490000     1.520000   3.416012E+000   7.348365E-001   2.922318E+000   8.766955E-001   2.681175E+000   2.045623E+000   6.355523E-001
   51401      25     1.520000     1.680000   2.089115E+001   1.648424E+000   9.328428E+000   2.798528E+000   1.924272E+001   6.529899E+000   1.271282E+001
   51401      26     1.680000     1.740000   7.400301E+000   2.201313E+000   7.372702E+000   2.211811E+000   5.198988E+000   5.160891E+000   3.809711E-002
   51401      27     1.740000     1.820000   6.859941E+000   1.927450E+000   6.693666E+000   2.008100E+000   4.932491E+000   4.685566E+000   2.469252E-001
   51401      28     1.820000     1.940000   7.844991E+000   1.332044E+000   5.760013E+000   1.728004E+000   6.512947E+000   4.032009E+000   2.480939E+000
   51401      29     1.940000     2.200000   1.524385E+001   1.064371E+000   5.015009E+000   1.504503E+000   1.417948E+001   3.510506E+000   1.066897E+001
   51401      30     2.200000     2.300000   5.897529E+000   1.700169E+000   5.812375E+000   1.743712E+000   4.197359E+000   4.068662E+000   1.286968E-001
   51401      31     2.300000     2.450000   6.412228E+000   1.923620E+000   6.410637E+000   1.923191E+000   4.488608E+000   4.487446E+000   1.162625E-003
   51401      32     2.450000     2.550000   2.808749E+000   6.287250E-001   2.471452E+000   7.414356E-001   2.180024E+000   1.730016E+000   4.500079E-001
   51401      33     2.550000     2.650000   2.466453E+000   2.779266E-001   1.278904E+000   3.836713E-001   2.188527E+000   8.952330E-001   1.293294E+000
   51401      34     2.650000     2.900000   5.107089E+000   1.038924E-002   1.786972E-001   5.360915E-002   5.096700E+000   1.250880E-001   4.971612E+000
   51401      35     2.900000     3.200000   4.829501E+000   5.075362E-001   2.828643E+000   8.485928E-001   4.321965E+000   1.980050E+000   2.341915E+000
   51401      36     3.200000     3.500000   4.479548E+000   8.650709E-001   3.836228E+000   1.150868E+000   3.614477E+000   2.685360E+000   9.291172E-001
   51401      37     3.500000     3.900000   5.317470E+000   1.215654E+000   4.828859E+000   1.448658E+000   4.101817E+000   3.380201E+000   7.216151E-001
   51401      38     3.900000     5.500000   8.889375E+000   4.657782E-001   2.388409E+000   7.165226E-001   8.423597E+000   1.671886E+000   6.751711E+000
   51401      39     5.500000     6.500000   2.171822E+000   6.328190E-001   2.150589E+000   6.451768E-001   1.539003E+000   1.505412E+000   3.359011E-002
   51401      40     6.500000     7.000000   6.459457E-001   4.652493E-002   3.673693E-001   1.102108E-001   5.994208E-001   2.571585E-001   3.422623E-001
   51401      41     7.000000     9.000000   1.525571E+000   8.614765E-002   4.905962E-001   1.471789E-001   1.439423E+000   3.434174E-001   1.096006E+000
   51401      42     9.000000    20.000000   1.633159E+000   3.825395E-002   3.015946E-001   9.047839E-002   1.594905E+000   2.111162E-001   1.383789E+000
   51501       1     0.200000     0.300000   5.582456E-006   3.540013E-006   2.917776E-006   8.753329E-007   2.042443E-006   2.042443E-006  -9.500338E-015
   51501       2     0.300000     0.345000   2.557270E-003   1.374824E-003   1.689209E-003   5.067628E-004   1.182447E-003   1.182447E-003  -8.478984E-013
   51501       3     0.345000     0.385000   2.512764E-003   1.152240E-003   1.943607E-003   5.830820E-004   1.360525E-003   1.360525E-003   5.357427E-013
   51501       4     0.385000     0.420000   1.293223E-002   5.311610E-003   1.088660E-002   3.265979E-003   7.620618E-003   7.620618E-003  -3.293938E-012
   51501       5     0.420000     0.450000   2.349464E-002   8.965829E-003   2.075544E-002   6.226633E-003   1.452881E-002   1.452881E-002   5.484301E-012
   51501       6     0.450000     0.500000   1.310848E-001   4.710132E-002   1.199763E-001   3.599290E-002   8.398344E-002   8.398344E-002  -4.927372E-011
   51501       7     0.500000     0.550000   1.748537E-001   5.938044E-002   1.649618E-001   4.948854E-002   1.154733E-001   1.154733E-001  -8.880460E-011
   51501       8     0.550000     0.610000   2.295775E-001   7.513488E-002   2.206276E-001   6.618829E-002   1.544426E-001   1.544393E-001   3.310585E-006
   51501       9     0.610000     0.690000   5.693172E-001   1.805387E-001   5.553268E-001   1.665980E-001   3.887785E-001   3.887288E-001   4.974004E-005
   51501      10     0.690000     0.780000   2.472789E+000   7.670122E-001   2.436464E+000   7.309393E-001   1.705777E+000   1.705525E+000   2.519079E-004
   51501      11     0.780000     0.800000   1.063069E+000   3.220304E-001   1.044909E+000   3.134727E-001   7.410390E-001   7.314364E-001   9.602640E-003
   51501      12     0.800000     0.870000   5.878988E+000   1.794639E+000   5.814809E+000   1.744443E+000   4.084349E+000   4.070367E+000   1.398262E-002
   51501      13     0.870000     0.880000   8.736691E-001   2.567246E-001   8.542917E-001   2.562875E-001   6.169444E-001   5.980042E-001   1.894023E-002
   51501      14     0.880000     1.030000   2.249240E+001   6.814137E+000   2.235666E+001   6.706997E+000   1.567827E+001   1.564966E+001   2.860828E-002
   51501      15     1.030000     1.080000   9.248799E+000   2.380426E+000   8.585691E+000   2.575707E+000   6.868373E+000   6.009984E+000   8.583889E-001
   51501      16     1.080000     1.140000   1.173685E+001   3.452670E+000   1.159219E+001   3.477656E+000   8.284180E+000   8.114531E+000   1.696492E-001
   51501      17     1.140000     1.200000   1.143670E+001   3.434604E+000   1.139357E+001   3.418070E+000   8.002093E+000   7.975496E+000   2.659680E-002
   51501      18     1.200000     1.240000   8.097833E+000   8.086994E-001   4.435094E+000   1.330528E+000   7.289133E+000   3.104566E+000   4.184567E+000
   51501      19     1.240000     1.280000   7.733813E+000   2.203632E+000   7.567812E+000   2.270344E+000   5.530181E+000   5.297469E+000   2.327129E-001
   51501      20     1.280000     1.340000   1.109154E+001   2.145179E+000   8.978928E+000   2.693678E+000   8.946363E+000   6.285250E+000   2.661114E+000
   51501      21     1.340000     1.420000   1.012492E+001   2.750644E+000   9.679183E+000   2.903755E+000   7.374277E+000   6.775428E+000   5.988486E-001
   51501      22     1.420000     1.460000   4.444646E+000   3.138669E-001   1.653601E+000   4.960804E-001   4.130779E+000   1.157521E+000   2.973258E+000
   51501      23     1.460000     1.490000   3.316959E+000   9.661092E-001   3.278409E+000   9.835226E-001   2.350850E+000   2.294886E+000   5.596363E-002
   51501      24     1.490000     1.520000   3.416012E+000   7.349147E-001   2.922427E+000   8.767282E-001   2.681097E+000   2.045699E+000   6.353978E-001
   51501      25     1.520000     1.680000   2.089115E+001   1.649554E+000   9.331469E+000   2.799441E+000   1.924159E+001   6.532029E+000   1.270957E+001
   51501      26     1.680000     1.740000   7.400301E+000   2.201356E+000   7.372750E+000   2.211825E+000   5.198946E+000   5.160925E+000   3.802036E-002
   51501      27     1.740000     1.820000   6.859941E+000   1.927779E+000   6.694107E+000   2.008232E+000   4.932162E+000   4.685875E+000   2.462868E-001
   51501      28     1.820000     1.940000   7.844991E+000   1.332602E+000   5.761314E+000   1.728394E+000   6.512389E+000   4.032920E+000   2.479469E+000
   51501      29     1.940000     2.200000   1.524385E+001   1.064839E+000   5.016745E+000   1.505023E+000   1.417901E+001   3.511721E+000   1.066729E+001
   51501      30     2.200000     2.300000   5.897529E+000   1.700214E+000   5.812428E+000   1.743729E+000   4.197315E+000   4.068700E+000   1.286149E-001
   51501      31     2.300000     2.450000   6.412228E+000   1.923622E+000   6.410638E+000   1.923192E+000   4.488606E+000   4.487447E+000   1.159509E-003
   51501      32     2.450000     2.550000   2.808749E+000   6.289721E-001   2.471904E+000   7.415713E-001   2.179777E+000   1.730333E+000   4.494442E-001
   51501      33     2.550000     2.650000   2.466453E+000   2.781569E-001   1.279516E+000   3.838549E-001   2.188296E+000   8.956615E-001   1.292635E+000
   51501      34     2.650000     2.900000   5.107089E+000   1.042599E-002   1.790997E-001   5.372992E-002   5.096663E+000   1.253698E-001   4.971293E+000
   51501      35     2.900000     3.200000   4.829501E+000   5.079216E-001   2.829620E+000   8.488859E-001   4.321579E+000   1.980734E+000   2.340846E+000
   51501      36     3.200000     3.500000   4.479548E+000   8.649621E-001   3.836047E+000   1.150814E+000   3.614586E+000   2.685233E+000   9.293532E-001
   51501      37     3.500000     3.900000   5.317470E+000   1.215342E+000   4.828376E+000   1.448513E+000   4.102128E+000   3.379863E+000   7.222651E-001
   51501      38     3.900000     5.500000   8.889375E+000   4.660332E-001   2.389637E+000   7.168911E-001   8.423342E+000   1.672746E+000   6.750596E+000
   51501      39     5.500000     6.500000   2.171822E+000   6.328232E-001   2.150594E+000   6.451782E-001   1.538998E+000   1.505416E+000   3.358269E-002
   51501      40     6.500000     7.000000   6.459457E-001   4.650515E-002   3.672916E-001   1.101875E-001   5.994406E-001   2.571041E-001   3.423365E-001
   51501      41     7.000000     9.000000   1.525571E+000   8.616924E-002   4.905446E-001   1.471634E-001   1.439402E+000   3.433812E-001   1.096021E+000
   51501      42     9.000000    20.000000   1.633159E+000   3.839151E-002   3.022198E-001   9.066595E-002   1.594767E+000   2.115539E-001   1.383214E+000
   51601       1     0.200000     0.300000   5.582456E-006   3.540013E-006   2.917776E-006   8.753329E-007   2.042443E-006   2.042443E-006  -9.500338E-015
   51601       2     0.300000     0.345000   2.557270E-003   1.374824E-003   1.689209E-003   5.067628E-004   1.182447E-003   1.182447E-003  -8.478984E-013
   51601       3     0.345000     0.385000   2.512764E-003   1.152240E-003   1.943607E-003   5.830820E-004   1.360525E-003   1.360525E-003   5.357427E-013
   51601       4     0.385000     0.420000   1.293223E-002   5.311610E-003   1.088660E-002   3.265979E-003   7.620618E-003   7.620618E-003  -3.293938E-012
   51601       5     0.420000     0.450000   2.349464E-002   8.965829E-003   2.075544E-002   6.226633E-003   1.452881E-002   1.452881E-002   4.630645E-012
   51601       6     0.450000     0.500000   1.310848E-001   4.710132E-002   1.199763E-001   3.599290E-002   8.398344E-002   8.398344E-002  -3.791961E-011
   51601       7     0.500000     0.550000   1.748537E-001   5.938044E-002   1.649618E-001   4.948854E-002   1.154733E-001   1.154733E-001  -9.444884E-011
   51601       8     0.550000     0.610000   2.295775E-001   7.513488E-002   2.206276E-001   6.618829E-002   1.544426E-001   1.544393E-001   3.311019E-006
   51601       9     0.610000     0.690000   5.693172E-001   1.805387E-001   5.553268E-001   1.665980E-001   3.887785E-001   3.887288E-001   4.974143E-005
   51601      10     0.690000     0.780000   2.472789E+000   7.670122E-001   2.436464E+000   7.309393E-001   1.705777E+000   1.705525E+000   2.518953E-004
   51601      11     0.780000     0.800000   1.063069E+000   3.220304E-001   1.044909E+000   3.134728E-001   7.410390E-001   7.314364E-001   9.602548E-003
   51601      12     0.800000     0.870000   5.878988E+000   1.794638E+000   5.814808E+000   1.744442E+000   4.084350E+000   4.070366E+000   1.398451E-002
   51601      13     0.870000     0.880000   8.736691E-001   2.567261E-001   8.542934E-001   2.562880E-001   6.169429E-001   5.980054E-001   1.893754E-002
   51601      14     0.880000     1.030000   2.249240E+001   6.814137E+000   2.235666E+001   6.706997E+000   1.567827E+001   1.564966E+001   2.860804E-002
   51601      15     1.030000     1.080000   9.248799E+000   2.380451E+000   8.585713E+000   2.575714E+000   6.868348E+000   6.009999E+000   8.583486E-001
   51601      16     1.080000     1.140000   1.173685E+001   3.452671E+000   1.159219E+001   3.477657E+000   8.284179E+000   8.114532E+000   1.696469E-001
   51601      17     1.140000     1.200000   1.143670E+001   3.434605E+000   1.139357E+001   3.418070E+000   8.002091E+000   7.975497E+000   2.659476E-002
   51601      18     1.200000     1.240000   8.097833E+000   8.090682E-001   4.435906E+000   1.330772E+000   7.288765E+000   3.105135E+000   4.183630E+000
   51601      19     1.240000     1.280000   7.733813E+000   2.203663E+000   7.567848E+000   2.270354E+000   5.530150E+000   5.297493E+000   2.326571E-001
   51601      20     1.280000     1.340000   1.109154E+001   2.145316E+000   8.979098E+000   2.693729E+000   8.946227E+000   6.285368E+000   2.660859E+000
   51601      21     1.340000     1.420000   1.012492E+001   2.750723E+000   9.679282E+000   2.903785E+000   7.374198E+000   6.775498E+000   5.987000E-001
   51601      22     1.420000     1.460000   4.444646E+000   3.140677E-001   1.654351E+000   4.963053E-001   4.130578E+000   1.158046E+000   2.972532E+000
   51601      23     1.460000     1.490000   3.316959E+000   9.662211E-001   3.278540E+000   9.835621E-001   2.350738E+000   2.294978E+000   5.575966E-002
   51601      24     1.490000     1.520000   3.416012E+000   7.349918E-001   2.922535E+000   8.767604E-001   2.681020E+000   2.045774E+000   6.352455E-001
   51601      25     1.520000     1.680000   2.089115E+001   1.650669E+000   9.334471E+000   2.800341E+000   1.924048E+001   6.534130E+000   1.270635E+001
   51601      26     1.680000     1.740000   7.400301E+000   2.201398E+000   7.372798E+000   2.211839E+000   5.198903E+000   5.160958E+000   3.794491E-002
   51601      27     1.740000     1.820000   6.859941E+000   1.928104E+000   6.694542E+000   2.008362E+000   4.931837E+000   4.686179E+000   2.456584E-001
   51601      28     1.820000     1.940000   7.844991E+000   1.333154E+000   5.762598E+000   1.728779E+000   6.511837E+000   4.033819E+000   2.478019E+000
   51601      29     1.940000     2.200000   1.524385E+001   1.065300E+000   5.018456E+000   1.505537E+000   1.417855E+001   3.512919E+000   1.066563E+001
   51601      30     2.200000     2.300000   5.897529E+000   1.700258E+000   5.812481E+000   1.743744E+000   4.197271E+000   4.068737E+000   1.285342E-001
   51601      31     2.300000     2.450000   6.412228E+000   1.923623E+000   6.410640E+000   1.923192E+000   4.488605E+000   4.487448E+000   1.156445E-003
   51601      32     2.450000     2.550000   2.808749E+000   6.292157E-001   2.472350E+000   7.417050E-001   2.179534E+000   1.730645E+000   4.488885E-001
   51601      33     2.550000     2.650000   2.466453E+000   2.783836E-001   1.280119E+000   3.840358E-001   2.188070E+000   8.960836E-001   1.291986E+000
   51601      34     2.650000     2.900000   5.107089E+000   1.046238E-002   1.794974E-001   5.384921E-002   5.096627E+000   1.256482E-001   4.970979E+000
   51601      35     2.900000     3.200000   4.829501E+000   5.083018E-001   2.830583E+000   8.491748E-001   4.321199E+000   1.981408E+000   2.339791E+000
   51601      36     3.200000     3.500000   4.479548E+000   8.648545E-001   3.835867E+000   1.150760E+000   3.614693E+000   2.685107E+000   9.295865E-001
   51601      37     3.500000     3.900000   5.317470E+000   1.215034E+000   4.827899E+000   1.448370E+000   4.102436E+000   3.379529E+000   7.229069E-001
   51601      38     3.900000     5.500000   8.889375E+000   4.662853E-001   2.390849E+000   7.172548E-001   8.423090E+000   1.673595E+000   6.749495E+000
   51601      39     5.500000     6.500000   2.171822E+000   6.328272E-001   2.150598E+000   6.451795E-001   1.538994E+000   1.505419E+000   3.357548E-002
   51601      40     6.500000     7.000000   6.459457E-001   4.648564E-002   3.672149E-001   1.101645E-001   5.994601E-001   2.570504E-001   3.424097E-001
   51601      41     7.000000     9.000000   1.525571E+000   8.619053E-002   4.904937E-001   1.471481E-001   1.439381E+000   3.433456E-001   1.096035E+000
   51601      42     9.000000    20.000000   1.633159E+000   3.852729E-002   3.028363E-001   9.085089E-002   1.594632E+000   2.119854E-001   1.382646E+000
   51701       1     0.200000     0.300000   5.582456E-006   3.540013E-006   2.917776E-006   8.753329E-007   2.042443E-006   2.042443E-006  -9.500338E-015
   51701       2     0.300000     0.345000   2.557270E-003   1.374824E-003   1.689209E-003   5.067628E-004   1.182447E-003   1.182447E-003  -8.478984E-013
   51701       3     0.345000     0.385000   2.512764E-003   1.152240E-003   1.943607E-003   5.830820E-004   1.360525E-003   1.360525E-003   4.538182E-013
   51701       4     0.385000     0.420000   1.293223E-002   5.311610E-003   1.088660E-002   3.265979E-003   7.620618E-003   7.620618E-003  -3.293938E-012
   51701       5     0.420000     0.450000   2.349464E-002   8.965829E-003   2.075544E-002   6.226633E-003   1.452881E-002   1.452881E-002   4.182254E-012
   51701       6     0.450000     0.500000   1.310848E-001   4.710132E-002   1.199763E-001   3.599290E-002   8.398344E-002   8.398344E-002  -5.080439E-011
   51701       7     0.500000     0.550000   1.748537E-001   5.938044E-002   1.649618E-001   4.948854E-002   1.154733E-001   1.154733E-001  -7.522205E-011
   51701       8     0.550000     0.610000   2.295775E-001   7.513488E-002   2.206276E-001   6.618829E-002   1.544426E-001   1.544393E-001   3.311447E-006
   51701       9     0.610000     0.690000   5.693172E-001   1.805387E-001   5.553268E-001   1.665980E-001   3.887785E-001   3.887288E-001   4.974280E-005
   51701      10     0.690000     0.780000   2.472789E+000   7.670122E-001   2.436464E+000   7.309393E-001   1.705777E+000   1.705525E+000   2.518828E-004
   51701      11     0.780000     0.800000   1.063069E+000   3.220305E-001   1.044909E+000   3.134728E-001   7.410389E-001   7.314365E-001   9.602458E-003
   51701      12     0.800000     0.870000   5.878988E+000   1.794637E+000   5.814807E+000   1.744442E+000   4.084351E+000   4.070365E+000   1.398637E-002
   51701      13     0.870000     0.880000   8.736691E-001   2.567276E-001   8.542951E-001   2.562885E-001   6.169415E-001   5.980066E-001   1.893489E-002
   51701      14     0.880000     1.030000   2.249240E+001   6.814137E+000   2.235666E+001   6.706997E+000   1.567827E+001   1.564966E+001   2.860780E-002
   51701      15     1.030000     1.080000   9.248799E+000   2.380475E+000   8.585735E+000   2.575721E+000   6.868324E+000   6.010015E+000   8.583089E-001
   51701      16     1.080000     1.140000   1.173685E+001   3.452672E+000   1.159219E+001   3.477657E+000   8.284177E+000   8.114533E+000   1.696446E-001
   51701      17     1.140000     1.200000   1.143670E+001   3.434606E+000   1.139357E+001   3.418070E+000   8.002090E+000   7.975498E+000   2.659276E-002
   51701      18     1.200000     1.240000   8.097833E+000   8.094329E-001   4.436709E+000   1.331013E+000   7.288400E+000   3.105697E+000   4.182703E+000
   51701      19     1.240000     1.280000   7.733813E+000   2.203693E+000   7.567882E+000   2.270365E+000   5.530120E+000   5.297518E+000   2.326024E-001
   51701      20     1.280000     1.340000   1.109154E+001   2.145450E+000   8.979265E+000   2.693779E+000   8.946093E+000   6.285485E+000   2.660608E+000
   51701      21     1.340000     1.420000   1.012492E+001   2.750802E+000   9.679380E+000   2.903814E+000   7.374119E+000   6.775566E+000   5.985536E-001
   51701      22     1.420000     1.460000   4.444646E+000   3.142653E-001   1.655088E+000   4.965265E-001   4.130380E+000   1.158562E+000   2.971819E+000
   51701      23     1.460000     1.490000   3.316959E+000   9.663301E-001   3.278668E+000   9.836005E-001   2.350629E+000   2.295068E+000   5.556105E-002
   51701      24     1.490000     1.520000   3.416012E+000   7.350676E-001   2.922640E+000   8.767921E-001   2.680944E+000   2.045848E+000   6.350957E-001
   51701      25     1.520000     1.680000   2.089115E+001   1.651768E+000   9.337432E+000   2.801230E+000   1.923938E+001   6.536203E+000   1.270318E+001
   51701      26     1.680000     1.740000   7.400301E+000   2.201439E+000   7.372844E+000   2.211853E+000   5.198862E+000   5.160991E+000   3.787110E-002
   51701      27     1.740000     1.820000   6.859941E+000   1.928422E+000   6.694967E+000   2.008490E+000   4.931519E+000   4.686477E+000   2.450421E-001
   51701      28     1.820000     1.940000   7.844991E+000   1.333697E+000   5.763863E+000   1.729159E+000   6.511294E+000   4.034704E+000   2.476590E+000
   51701      29     1.940000     2.200000   1.524385E+001   1.065753E+000   5.020137E+000   1.506041E+000   1.417810E+001   3.514096E+000   1.066400E+001
   51701      30     2.200000     2.300000   5.897529E+000   1.700301E+000   5.812533E+000   1.743760E+000   4.197228E+000   4.068773E+000   1.284546E-001
   51701      31     2.300000     2.450000   6.412228E+000   1.923625E+000   6.410642E+000   1.923193E+000   4.488603E+000   4.487450E+000   1.153447E-003
   51701      32     2.450000     2.550000   2.808749E+000   6.294554E-001   2.472789E+000   7.418366E-001   2.179294E+000   1.730952E+000   4.483418E-001
   51701      33     2.550000     2.650000   2.466453E+000   2.786050E-001   1.280710E+000   3.842130E-001   2.187848E+000   8.964970E-001   1.291351E+000
   51701      34     2.650000     2.900000   5.107089E+000   1.049823E-002   1.798878E-001   5.396635E-002   5.096591E+000   1.259215E-001   4.970669E+000
   51701      35     2.900000     3.200000   4.829501E+000   5.086763E-001   2.831532E+000   8.494595E-001   4.320825E+000   1.982072E+000   2.338753E+000
   51701      36     3.200000     3.500000   4.479548E+000   8.647479E-001   3.835689E+000   1.150707E+000   3.614800E+000   2.684982E+000   9.298179E-001
   51701      37     3.500000     3.900000   5.317470E+000   1.214730E+000   4.827428E+000   1.448228E+000   4.102741E+000   3.379199E+000   7.235412E-001
   51701      38     3.900000     5.500000   8.889375E+000   4.665334E-001   2.392042E+000   7.176126E-001   8.422842E+000   1.674429E+000   6.748412E+000
   51701      39     5.500000     6.500000   2.171822E+000   6.328310E-001   2.150603E+000   6.451808E-001   1.538991E+000   1.505422E+000   3.356861E-002
   51701      40     6.500000     7.000000   6.459457E-001   4.646636E-002   3.671391E-001   1.101417E-001   5.994794E-001   2.569974E-001   3.424820E-001
   51701      41     7.000000     9.000000   1.525571E+000   8.621154E-002   4.904436E-001   1.471331E-001   1.439360E+000   3.433105E-001   1.096049E+000
   51701      42     9.000000    20.000000   1.633159E+000   3.865939E-002   3.034370E-001   9.103111E-002   1.594500E+000   2.124059E-001   1.382094E+000
   51801       1     0.200000     0.300000   5.582456E-006   3.540013E-006   2.917776E-006   8.753329E-007   2.042443E-006   2.042443E-006  -9.500338E-015
   51801       2     0.300000     0.345000   2.557270E-003   1.374824E-003   1.689209E-003   5.067628E-004   1.182447E-003   1.182447E-003  -8.478984E-013
   51801       3     0.345000     0.385000   2.512764E-003   1.152240E-003   1.943607E-003   5.830820E-004   1.360525E-003   1.360525E-003   4.538182E-013
   51801       4     0.385000     0.420000   1.293223E-002   5.311610E-003   1.088660E-002   3.265979E-003   7.620618E-003   7.620618E-003  -1.951416E-012
   51801       5     0.420000     0.450000   2.349464E-002   8.965829E-003   2.075544E-002   6.226633E-003   1.452881E-002   1.452881E-002   2.897517E-012
   51801       6     0.450000     0.500000   1.310848E-001   4.710132E-002   1.199763E-001   3.599290E-002   8.398344E-002   8.398344E-002  -1.577166E-011
   51801       7     0.500000     0.550000   1.748537E-001   5.938044E-002   1.649618E-001   4.948854E-002   1.154733E-001   1.154733E-001  -6.130765E-011
   51801       8     0.550000     0.610000   2.295775E-001   7.513488E-002   2.206276E-001   6.618829E-002   1.544426E-001   1.544393E-001   3.311870E-006
   51801       9     0.610000     0.690000   5.693172E-001   1.805387E-001   5.553268E-001   1.665980E-001   3.887785E-001   3.887288E-001   4.974415E-005
   51801      10     0.690000     0.780000   2.472789E+000   7.670123E-001   2.436464E+000   7.309393E-001   1.705777E+000   1.705525E+000   2.518704E-004
   51801      11     0.780000     0.800000   1.063069E+000   3.220305E-001   1.044909E+000   3.134728E-001   7.410389E-001   7.314365E-001   9.602368E-003
   51801      12     0.800000     0.870000   5.878988E+000   1.794636E+000   5.814805E+000   1.744442E+000   4.084352E+000   4.070364E+000   1.398822E-002
   51801      13     0.870000     0.880000   8.736691E-001   2.567291E-001   8.542968E-001   2.562890E-001   6.169400E-001   5.980077E-001   1.893227E-002
   51801      14     0.880000     1.030000   2.249240E+001   6.814137E+000   2.235666E+001   6.706997E+000   1.567827E+001   1.564966E+001   2.860757E-002
   51801      15     1.030000     1.080000   9.248799E+000   2.380499E+000   8.585757E+000   2.575727E+000   6.868300E+000   6.010030E+000   8.582698E-001
   51801      16     1.080000     1.140000   1.173685E+001   3.452674E+000   1.159219E+001   3.477657E+000   8.284176E+000   8.114534E+000   1.696424E-001
   51801      17     1.140000     1.200000   1.143670E+001   3.434608E+000   1.139357E+001   3.418071E+000   8.002089E+000   7.975498E+000   2.659078E-002
   51801      18     1.200000     1.240000   8.097833E+000   8.097937E-001   4.437503E+000   1.331251E+000   7.288039E+000   3.106252E+000   4.181787E+000
   51801      19     1.240000     1.280000   7.733813E+000   2.203723E+000   7.567916E+000   2.270375E+000   5.530090E+000   5.297541E+000   2.325484E-001
   51801      20     1.280000     1.340000   1.109154E+001   2.145582E+000   8.979430E+000   2.693829E+000   8.945960E+000   6.285601E+000   2.660359E+000
   51801      21     1.340000     1.420000   1.012492E+001   2.750879E+000   9.679476E+000   2.903843E+000   7.374042E+000   6.775633E+000   5.984089E-001
   51801      22     1.420000     1.460000   4.444646E+000   3.144612E-001   1.655819E+000   4.967458E-001   4.130185E+000   1.159074E+000   2.971111E+000
   51801      23     1.460000     1.490000   3.316959E+000   9.664379E-001   3.278795E+000   9.836385E-001   2.350521E+000   2.295156E+000   5.536460E-002
   51801      24     1.490000     1.520000   3.416012E+000   7.351426E-001   2.922745E+000   8.768234E-001   2.680869E+000   2.045921E+000   6.349477E-001
   51801      25     1.520000     1.680000   2.089115E+001   1.652857E+000   9.340363E+000   2.802109E+000   1.923829E+001   6.538254E+000   1.270004E+001
   51801      26     1.680000     1.740000   7.400301E+000   2.201480E+000   7.372890E+000   2.211867E+000   5.198821E+000   5.161023E+000   3.779812E-002
   51801      27     1.740000     1.820000   6.859941E+000   1.928737E+000   6.695389E+000   2.008617E+000   4.931204E+000   4.686772E+000   2.444322E-001
   51801      28     1.820000     1.940000   7.844991E+000   1.334235E+000   5.765115E+000   1.729535E+000   6.510757E+000   4.035581E+000   2.475176E+000
   51801      29     1.940000     2.200000   1.524385E+001   1.066202E+000   5.021803E+000   1.506541E+000   1.417765E+001   3.515262E+000   1.066239E+001
   51801      30     2.200000     2.300000   5.897529E+000   1.700343E+000   5.812585E+000   1.743775E+000   4.197185E+000   4.068809E+000   1.283761E-001
   51801      31     2.300000     2.450000   6.412228E+000   1.923627E+000   6.410644E+000   1.923193E+000   4.488601E+000   4.487451E+000   1.150483E-003
   51801      32     2.450000     2.550000   2.808749E+000   6.296927E-001   2.473223E+000   7.419669E-001   2.179057E+000   1.731256E+000   4.478006E-001
   51801      33     2.550000     2.650000   2.466453E+000   2.788246E-001   1.281295E+000   3.843886E-001   2.187629E+000   8.969066E-001   1.290722E+000
   51801      34     2.650000     2.900000   5.107089E+000   1.053391E-002   1.802757E-001   5.408271E-002   5.096555E+000   1.261930E-001   4.970362E+000
   51801      35     2.900000     3.200000   4.829501E+000   5.090471E-001   2.832471E+000   8.497412E-001   4.320454E+000   1.982729E+000   2.337724E+000
   51801      36     3.200000     3.500000   4.479548E+000   8.646424E-001   3.835512E+000   1.150654E+000   3.614905E+000   2.684859E+000   9.300468E-001
   51801      37     3.500000     3.900000   5.317470E+000   1.214429E+000   4.826961E+000   1.448088E+000   4.103041E+000   3.378873E+000   7.241686E-001
   51801      38     3.900000     5.500000   8.889375E+000   4.667800E-001   2.393225E+000   7.179674E-001   8.422595E+000   1.675257E+000   6.747338E+000
   51801      39     5.500000     6.500000   2.171822E+000   6.328348E-001   2.150607E+000   6.451821E-001   1.538987E+000   1.505425E+000   3.356183E-002
   51801      40     6.500000     7.000000   6.459457E-001   4.644732E-002   3.670642E-001   1.101193E-001   5.994984E-001   2.569450E-001   3.425534E-001
   51801      41     7.000000     9.000000   1.525571E+000   8.623230E-002   4.903945E-001   1.471184E-001   1.439339E+000   3.432762E-001   1.096063E+000
   51801      42     9.000000    20.000000   1.633159E+000   3.879094E-002   3.040342E-001   9.121026E-002   1.594368E+000   2.128239E-001   1.381544E+000
   51901       1     0.200000     0.300000   5.582456E-006   3.540013E-006   2.917776E-006   8.753329E-007   2.042443E-006   2.042443E-006  -9.500338E-015
   51901       2     0.300000     0.345000   2.557270E-003   1.374824E-003   1.689209E-003   5.067628E-004   1.182447E-003   1.182447E-003  -8.478984E-013
   51901       3     0.345000     0.385000   2.512764E-003   1.152240E-003   1.943607E-003   5.830820E-004   1.360525E-003   1.360525E-003   4.538182E-013
   51901       4     0.385000     0.420000   1.293223E-002   5.311610E-003   1.088660E-002   3.265979E-003   7.620618E-003   7.620618E-003  -1.951416E-012
   51901       5     0.420000     0.450000   2.349464E-002   8.965829E-003   2.075544E-002   6.226633E-003   1.452881E-002   1.452881E-002   2.647419E-012
   51901       6     0.450000     0.500000   1.310848E-001   4.710132E-002   1.199763E-001   3.599290E-002   8.398344E-002   8.398344E-002  -2.274259E-011
   51901       7     0.500000     0.550000   1.748537E-001   5.938044E-002   1.649618E-001   4.948854E-002   1.154733E-001   1.154733E-001  -5.998205E-011
   51901       8     0.550000     0.610000   2.295775E-001   7.513488E-002   2.206276E-001   6.618829E-002   1.544426E-001   1.544393E-001   3.312288E-006
   51901       9     0.610000     0.690000   5.693172E-001   1.805387E-001   5.553268E-001   1.665980E-001   3.887785E-001   3.887288E-001   4.974549E-005
   51901      10     0.690000     0.780000   2.472789E+000   7.670123E-001   2.436464E+000   7.309393E-001   1.705777E+000   1.705525E+000   2.518582E-004
   51901      11     0.780000     0.800000   1.063069E+000   3.220306E-001   1.044909E+000   3.134728E-001   7.410388E-001   7.314365E-001   9.602280E-003
   51901      12     0.800000     0.870000   5.878988E+000   1.794635E+000   5.814804E+000   1.744441E+000   4.084353E+000   4.070363E+000   1.399004E-002
   51901      13     0.870000     0.880000   8.736691E-001   2.567305E-001   8.542984E-001   2.562895E-001   6.169386E-001   5.980089E-001   1.892968E-002
   51901      14     0.880000     1.030000   2.249240E+001   6.814137E+000   2.235666E+001   6.706997E+000   1.567827E+001   1.564966E+001   2.860734E-002
   51901      15     1.030000     1.080000   9.248799E+000   2.380523E+000   8.585779E+000   2.575734E+000   6.868276E+000   6.010045E+000   8.582311E-001
   51901      16     1.080000     1.140000   1.173685E+001   3.452675E+000   1.159219E+001   3.477658E+000   8.284175E+000   8.114535E+000   1.696401E-001
   51901      17     1.140000     1.200000   1.143670E+001   3.434609E+000   1.139357E+001   3.418071E+000   8.002088E+000   7.975499E+000   2.658883E-002
   51901      18     1.200000     1.240000   8.097833E+000   8.101509E-001   4.438289E+000   1.331487E+000   7.287682E+000   3.106802E+000   4.180880E+000
   51901      19     1.240000     1.280000   7.733813E+000   2.203753E+000   7.567950E+000   2.270385E+000   5.530060E+000   5.297565E+000   2.324950E-001
   51901      20     1.280000     1.340000   1.109154E+001   2.145714E+000   8.979594E+000   2.693878E+000   8.945829E+000   6.285716E+000   2.660113E+000
   51901      21     1.340000     1.420000   1.012492E+001   2.750955E+000   9.679571E+000   2.903871E+000   7.373965E+000   6.775700E+000   5.982658E-001
   51901      22     1.420000     1.460000   4.444646E+000   3.146556E-001   1.656544E+000   4.969632E-001   4.129990E+000   1.159581E+000   2.970409E+000
   51901      23     1.460000     1.490000   3.316959E+000   9.665446E-001   3.278920E+000   9.836761E-001   2.350414E+000   2.295244E+000   5.517015E-002
   51901      24     1.490000     1.520000   3.416012E+000   7.352167E-001   2.922848E+000   8.768544E-001   2.680795E+000   2.045994E+000   6.348012E-001
   51901      25     1.520000     1.680000   2.089115E+001   1.653936E+000   9.343263E+000   2.802979E+000   1.923721E+001   6.540284E+000   1.269693E+001
   51901      26     1.680000     1.740000   7.400301E+000   2.201520E+000   7.372936E+000   2.211881E+000   5.198781E+000   5.161055E+000   3.772592E-002
   51901      27     1.740000     1.820000   6.859941E+000   1.929049E+000   6.695806E+000   2.008742E+000   4.930893E+000   4.687064E+000   2.438285E-001
   51901      28     1.820000     1.940000   7.844991E+000   1.334768E+000   5.766355E+000   1.729906E+000   6.510224E+000   4.036448E+000   2.473775E+000
   51901      29     1.940000     2.200000   1.524385E+001   1.066646E+000   5.023454E+000   1.507036E+000   1.417720E+001   3.516418E+000   1.066079E+001
   51901      30     2.200000     2.300000   5.897529E+000   1.700386E+000   5.812635E+000   1.743791E+000   4.197143E+000   4.068845E+000   1.282984E-001
   51901      31     2.300000     2.450000   6.412228E+000   1.923628E+000   6.410646E+000   1.923194E+000   4.488600E+000   4.487452E+000   1.147551E-003
   51901      32     2.450000     2.550000   2.808749E+000   6.299277E-001   2.473653E+000   7.420958E-001   2.178822E+000   1.731557E+000   4.472646E-001
   51901      33     2.550000     2.650000   2.466453E+000   2.790426E-001   1.281875E+000   3.845626E-001   2.187411E+000   8.973128E-001   1.290098E+000
   51901      34     2.650000     2.900000   5.107089E+000   1.056941E-002   1.806612E-001   5.419836E-002   5.096520E+000   1.264628E-001   4.970057E+000
   51901      35     2.900000     3.200000   4.829501E+000   5.094143E-001   2.833400E+000   8.500200E-001   4.320087E+000   1.983380E+000   2.336707E+000
   51901      36     3.200000     3.500000   4.479548E+000   8.645379E-001   3.835338E+000   1.150601E+000   3.615010E+000   2.684736E+000   9.302735E-001
   51901      37     3.500000     3.900000   5.317470E+000   1.214132E+000   4.826500E+000   1.447950E+000   4.103339E+000   3.378550E+000   7.247891E-001
   51901      38     3.900000     5.500000   8.889375E+000   4.670251E-001   2.394398E+000   7.183194E-001   8.422350E+000   1.676079E+000   6.746271E+000
   51901      39     5.500000     6.500000   2.171822E+000   6.328386E-001   2.150611E+000   6.451834E-001   1.538983E+000   1.505428E+000   3.355512E-002
   51901      40     6.500000     7.000000   6.459457E-001   4.642848E-002   3.669901E-001   1.100970E-001   5.995173E-001   2.568931E-001   3.426241E-001
   51901      41     7.000000     9.000000   1.525571E+000   8.625281E-002   4.903461E-001   1.471038E-001   1.439318E+000   3.432423E-001   1.096076E+000
   51901      42     9.000000    20.000000   1.633159E+000   3.892203E-002   3.046281E-001   9.138843E-002   1.594237E+000   2.132397E-001   1.380997E+000
   52001       1     0.200000     0.300000   5.582456E-006   3.540013E-006   2.917776E-006   8.753329E-007   2.042443E-006   2.042443E-006  -9.500338E-015
   52001       2     0.300000     0.345000   2.557270E-003   1.374824E-003   1.689209E-003   5.067628E-004   1.182447E-003   1.182447E-003  -8.478984E-013
   52001       3     0.345000     0.385000   2.512764E-003   1.152240E-003   1.943607E-003   5.830820E-004   1.360525E-003   1.360525E-003   4.538182E-013
   52001       4     0.385000     0.420000   1.293223E-002   5.311610E-003   1.088660E-002   3.265979E-003   7.620618E-003   7.620618E-003  -2.148596E-012
   52001       5     0.420000     0.450000   2.349464E-002   8.965829E-003   2.075544E-002   6.226633E-003   1.452881E-002   1.452881E-002   4.505864E-012
   52001       6     0.450000     0.500000   1.310848E-001   4.710132E-002   1.199763E-001   3.599290E-002   8.398344E-002   8.398344E-002  -3.913050E-011
   52001       7     0.500000     0.550000   1.748537E-001   5.938044E-002   1.649618E-001   4.948854E-002   1.154733E-001   1.154733E-001  -6.311772E-011
   52001       8     0.550000     0.610000   2.295775E-001   7.513488E-002   2.206276E-001   6.618829E-002   1.544426E-001   1.544393E-001   3.312701E-006
   52001       9     0.610000     0.690000   5.693172E-001   1.805387E-001   5.553268E-001   1.665980E-001   3.887785E-001   3.887288E-001   4.974682E-005
   52001      10     0.690000     0.780000   2.472789E+000   7.670123E-001   2.436464E+000   7.309393E-001   1.705777E+000   1.705525E+000   2.518462E-004
   52001      11     0.780000     0.800000   1.063069E+000   3.220307E-001   1.044909E+000   3.134728E-001   7.410388E-001   7.314366E-001   9.602193E-003
   52001      12     0.800000     0.870000   5.878988E+000   1.794634E+000   5.814803E+000   1.744441E+000   4.084354E+000   4.070362E+000   1.399185E-002
   52001      13     0.870000     0.880000   8.736691E-001   2.567319E-001   8.543000E-001   2.562900E-001   6.169371E-001   5.980100E-001   1.892711E-002
   52001      14     0.880000     1.030000   2.249240E+001   6.814137E+000   2.235666E+001   6.706997E+000   1.567827E+001   1.564966E+001   2.860711E-002
   52001      15     1.030000     1.080000   9.248799E+000   2.380546E+000   8.585800E+000   2.575740E+000   6.868253E+000   6.010060E+000   8.581928E-001
   52001      16     1.080000     1.140000   1.173685E+001   3.452677E+000   1.159219E+001   3.477658E+000   8.284173E+000   8.114535E+000   1.696379E-001
   52001      17     1.140000     1.200000   1.143670E+001   3.434610E+000   1.139357E+001   3.418071E+000   8.002087E+000   7.975500E+000   2.658690E-002
   52001      18     1.200000     1.240000   8.097833E+000   8.105044E-001   4.439066E+000   1.331720E+000   7.287328E+000   3.107346E+000   4.179982E+000
   52001      19     1.240000     1.280000   7.733813E+000   2.203783E+000   7.567984E+000   2.270395E+000   5.530031E+000   5.297589E+000   2.324421E-001
   52001      20     1.280000     1.340000   1.109154E+001   2.145843E+000   8.979755E+000   2.693927E+000   8.945699E+000   6.285829E+000   2.659871E+000
   52001      21     1.340000     1.420000   1.012492E+001   2.751031E+000   9.679665E+000   2.903899E+000   7.373890E+000   6.775765E+000   5.981243E-001
   52001      22     1.420000     1.460000   4.444646E+000   3.148486E-001   1.657263E+000   4.971788E-001   4.129797E+000   1.160084E+000   2.969713E+000
   52001      23     1.460000     1.490000   3.316959E+000   9.666503E-001   3.279044E+000   9.837133E-001   2.350309E+000   2.295331E+000   5.497770E-002
   52001      24     1.490000     1.520000   3.416012E+000   7.352900E-001   2.922950E+000   8.768851E-001   2.680722E+000   2.046065E+000   6.346564E-001
   52001      25     1.520000     1.680000   2.089115E+001   1.655004E+000   9.346135E+000   2.803840E+000   1.923614E+001   6.542294E+000   1.269385E+001
   52001      26     1.680000     1.740000   7.400301E+000   2.201560E+000   7.372981E+000   2.211894E+000   5.198741E+000   5.161087E+000   3.765449E-002
   52001      27     1.740000     1.820000   6.859941E+000   1.929358E+000   6.696219E+000   2.008866E+000   4.930584E+000   4.687353E+000   2.432307E-001
   52001      28     1.820000     1.940000   7.844991E+000   1.335296E+000   5.767582E+000   1.730275E+000   6.509695E+000   4.037308E+000   2.472388E+000
   52001      29     1.940000     2.200000   1.524385E+001   1.067087E+000   5.025091E+000   1.507527E+000   1.417676E+001   3.517564E+000   1.065920E+001
   52001      30     2.200000     2.300000   5.897529E+000   1.700427E+000   5.812686E+000   1.743806E+000   4.197101E+000   4.068880E+000   1.282215E-001
   52001      31     2.300000     2.450000   6.412228E+000   1.923630E+000   6.410648E+000   1.923194E+000   4.488598E+000   4.487453E+000   1.144651E-003
   52001      32     2.450000     2.550000   2.808749E+000   6.301606E-001   2.474078E+000   7.422235E-001   2.178589E+000   1.731855E+000   4.467337E-001
   52001      33     2.550000     2.650000   2.466453E+000   2.792590E-001   1.282451E+000   3.847352E-001   2.187194E+000   8.977154E-001   1.289479E+000
   52001      34     2.650000     2.900000   5.107089E+000   1.060475E-002   1.810443E-001   5.431329E-002   5.096484E+000   1.267310E-001   4.969753E+000
   52001      35     2.900000     3.200000   4.829501E+000   5.097781E-001   2.834320E+000   8.502961E-001   4.319723E+000   1.984024E+000   2.335699E+000
   52001      36     3.200000     3.500000   4.479548E+000   8.644345E-001   3.835165E+000   1.150549E+000   3.615113E+000   2.684615E+000   9.304979E-001
   52001      37     3.500000     3.900000   5.317470E+000   1.213837E+000   4.826043E+000   1.447813E+000   4.103633E+000   3.378230E+000   7.254031E-001
   52001      38     3.900000     5.500000   8.889375E+000   4.672688E-001   2.395563E+000   7.186688E-001   8.422106E+000   1.676894E+000   6.745213E+000
   52001      39     5.500000     6.500000   2.171822E+000   6.328423E-001   2.150616E+000   6.451847E-001   1.538979E+000   1.505431E+000   3.354849E-002
   52001      40     6.500000     7.000000   6.459457E-001   4.640984E-002   3.669168E-001   1.100750E-001   5.995359E-001   2.568418E-001   3.426941E-001
   52001      41     7.000000     9.000000   1.525571E+000   8.627305E-002   4.902983E-001   1.470895E-001   1.439298E+000   3.432088E-001   1.096089E+000
   52001      42     9.000000    20.000000   1.633159E+000   3.905262E-002   3.052187E-001   9.156562E-002   1.594106E+000   2.136531E-001   1.380453E+000
   52101       1     0.200000     0.300000   5.582456E-006   3.540013E-006   2.917776E-006   8.753329E-007   2.042443E-006   2.042443E-006  -9.500338E-015
   52101       2     0.300000     0.345000   2.557270E-003   1.374824E-003   1.689209E-003   5.067628E-004   1.182447E-003   1.182447E-003  -8.478984E-013
   52101       3     0.345000     0.385000   2.512764E-003   1.152240E-003   1.943607E-003   5.830820E-004   1.360525E-003   1.360525E-003   4.538182E-013
   52101       4     0.385000     0.420000   1.293223E-002   5.311610E-003   1.088660E-002   3.265979E-003   7.620618E-003   7.620618E-003  -1.034109E-012
   52101       5     0.420000     0.450000   2.349464E-002   8.965829E-003   2.075544E-002   6.226633E-003   1.452881E-002   1.452881E-002   9.187248E-012
   52101       6     0.450000     0.500000   1.310848E-001   4.710132E-002   1.199763E-001   3.599290E-002   8.398344E-002   8.398344E-002  -2.848696E-011
   52101       7     0.500000     0.550000   1.748537E-001   5.938044E-002   1.649618E-001   4.948854E-002   1.154733E-001   1.154733E-001  -6.415374E-011
   52101       8     0.550000     0.610000   2.295775E-001   7.513488E-002   2.206276E-001   6.618829E-002   1.544426E-001   1.544393E-001   3.313110E-006
   52101       9     0.610000     0.690000   5.693172E-001   1.805387E-001   5.553268E-001   1.665980E-001   3.887785E-001   3.887288E-001   4.974813E-005
   52101      10     0.690000     0.780000   2.472789E+000   7.670123E-001   2.436464E+000   7.309393E-001   1.705777E+000   1.705525E+000   2.518343E-004
   52101      11     0.780000     0.800000   1.063069E+000   3.220307E-001   1.044909E+000   3.134728E-001   7.410387E-001   7.314366E-001   9.602106E-003
   52101      12     0.800000     0.870000   5.878988E+000   1.794634E+000   5.814802E+000   1.744441E+000   4.084355E+000   4.070361E+000   1.399363E-002
   52101      13     0.870000     0.880000   8.736691E-001   2.567333E-001   8.543017E-001   2.562905E-001   6.169357E-001   5.980112E-001   1.892458E-002
   52101      14     0.880000     1.030000   2.249240E+001   6.814138E+000   2.235666E+001   6.706997E+000   1.567827E+001   1.564966E+001   2.860688E-002
   52101      15     1.030000     1.080000   9.248799E+000   2.380569E+000   8.585821E+000   2.575746E+000   6.868230E+000   6.010075E+000   8.581550E-001
   52101      16     1.080000     1.140000   1.173685E+001   3.452678E+000   1.159219E+001   3.477658E+000   8.284172E+000   8.114536E+000   1.696358E-001
   52101      17     1.140000     1.200000   1.143670E+001   3.434611E+000   1.139357E+001   3.418072E+000   8.002086E+000   7.975501E+000   2.658500E-002
   52101      18     1.200000     1.240000   8.097833E+000   8.108545E-001   4.439836E+000   1.331951E+000   7.286978E+000   3.107885E+000   4.179093E+000
   52101      19     1.240000     1.280000   7.733813E+000   2.203812E+000   7.568017E+000   2.270405E+000   5.530002E+000   5.297612E+000   2.323899E-001
   52101      20     1.280000     1.340000   1.109154E+001   2.145972E+000   8.979915E+000   2.693975E+000   8.945571E+000   6.285941E+000   2.659630E+000
   52101      21     1.340000     1.420000   1.012492E+001   2.751106E+000   9.679758E+000   2.903927E+000   7.373815E+000   6.775831E+000   5.979843E-001
   52101      22     1.420000     1.460000   4.444646E+000   3.150400E-001   1.657975E+000   4.973925E-001   4.129606E+000   1.160583E+000   2.969023E+000
   52101      23     1.460000     1.490000   3.316959E+000   9.667549E-001   3.279167E+000   9.837501E-001   2.350204E+000   2.295417E+000   5.478718E-002
   52101      24     1.490000     1.520000   3.416012E+000   7.353626E-001   2.923051E+000   8.769154E-001   2.680649E+000   2.046136E+000   6.345131E-001
   52101      25     1.520000     1.680000   2.089115E+001   1.656062E+000   9.348978E+000   2.804693E+000   1.923509E+001   6.544285E+000   1.269080E+001
   52101      26     1.680000     1.740000   7.400301E+000   2.201600E+000   7.373025E+000   2.211908E+000   5.198702E+000   5.161118E+000   3.758381E-002
   52101      27     1.740000     1.820000   6.859941E+000   1.929664E+000   6.696627E+000   2.008988E+000   4.930278E+000   4.687639E+000   2.426387E-001
   52101      28     1.820000     1.940000   7.844991E+000   1.335819E+000   5.768798E+000   1.730640E+000   6.509172E+000   4.038159E+000   2.471013E+000
   52101      29     1.940000     2.200000   1.524385E+001   1.067524E+000   5.026714E+000   1.508014E+000   1.417633E+001   3.518700E+000   1.065763E+001
   52101      30     2.200000     2.300000   5.897529E+000   1.700468E+000   5.812735E+000   1.743821E+000   4.197060E+000   4.068915E+000   1.281455E-001
   52101      31     2.300000     2.450000   6.412228E+000   1.923632E+000   6.410650E+000   1.923195E+000   4.488596E+000   4.487455E+000   1.141781E-003
   52101      32     2.450000     2.550000   2.808749E+000   6.303914E-001   2.474500E+000   7.423500E-001   2.178358E+000   1.732150E+000   4.462078E-001
   52101      33     2.550000     2.650000   2.466453E+000   2.794738E-001   1.283021E+000   3.849063E-001   2.186980E+000   8.981146E-001   1.288865E+000
   52101      34     2.650000     2.900000   5.107089E+000   1.063992E-002   1.814251E-001   5.442753E-002   5.096449E+000   1.269976E-001   4.969452E+000
   52101      35     2.900000     3.200000   4.829501E+000   5.101385E-001   2.835231E+000   8.505694E-001   4.319362E+000   1.984662E+000   2.334700E+000
   52101      36     3.200000     3.500000   4.479548E+000   8.643321E-001   3.834994E+000   1.150498E+000   3.615216E+000   2.684496E+000   9.307202E-001
   52101      37     3.500000     3.900000   5.317470E+000   1.213545E+000   4.825590E+000   1.447677E+000   4.103925E+000   3.377913E+000   7.260128E-001
   52101      38     3.900000     5.500000   8.889375E+000   4.675111E-001   2.396718E+000   7.190155E-001   8.421864E+000   1.677703E+000   6.744161E+000
   52101      39     5.500000     6.500000   2.171822E+000   6.328459E-001   2.150620E+000   6.451859E-001   1.538976E+000   1.505434E+000   3.354194E-002
   52101      40     6.500000     7.000000   6.459457E-001   4.639139E-002   3.668442E-001   1.100533E-001   5.995543E-001   2.567909E-001   3.427634E-001
   52101      41     7.000000     9.000000   1.525571E+000   8.629305E-002   4.902510E-001   1.470753E-001   1.439278E+000   3.431757E-001   1.096102E+000
   52101      42     9.000000    20.000000   1.633159E+000   3.918272E-002   3.058061E-001   9.174183E-002   1.593976E+000   2.140643E-001   1.379912E+000
   52201       1     0.200000     0.300000   5.582456E-006   3.540013E-006   2.917776E-006   8.753329E-007   2.042443E-006   2.042443E-006  -9.500338E-015
   52201       2     0.300000     0.345000   2.557270E-003   1.374824E-003   1.689209E-003   5.067628E-004   1.182447E-003   1.182447E-003  -8.478984E-013
   52201       3     0.345000     0.385000   2.512764E-003   1.152240E-003   1.943607E-003   5.830820E-004   1.360525E-003   1.360525E-003   4.538182E-013
   52201       4     0.385000     0.420000   1.293223E-002   5.311610E-003   1.088660E-002   3.265979E-003   7.620618E-003   7.620618E-003  -1.034109E-012
   52201       5     0.420000     0.450000   2.349464E-002   8.965829E-003   2.075544E-002   6.226633E-003   1.452881E-002   1.452881E-002   8.140934E-012
   52201       6     0.450000     0.500000   1.310848E-001   4.710132E-002   1.199763E-001   3.599290E-002   8.398344E-002   8.398344E-002  -2.932579E-011
   52201       7     0.500000     0.550000   1.748537E-001   5.938044E-002   1.649618E-001   4.948854E-002   1.154733E-001   1.154733E-001  -6.885198E-011
   52201       8     0.550000     0.610000   2.295775E-001   7.513488E-002   2.206276E-001   6.618829E-002   1.544426E-001   1.544393E-001   3.313514E-006
   52201       9     0.610000     0.690000   5.693172E-001   1.805387E-001   5.553268E-001   1.665980E-001   3.887785E-001   3.887288E-001   4.974942E-005
   52201      10     0.690000     0.780000   2.472789E+000   7.670123E-001   2.436464E+000   7.309393E-001   1.705777E+000   1.705525E+000   2.518225E-004
   52201      11     0.780000     0.800000   1.063069E+000   3.220308E-001   1.044909E+000   3.134728E-001   7.410386E-001   7.314366E-001   9.602020E-003
   52201      12     0.800000     0.870000   5.878988E+000   1.794633E+000   5.814801E+000   1.744440E+000   4.084356E+000   4.070360E+000   1.399539E-002
   52201      13     0.870000     0.880000   8.736691E-001   2.567347E-001   8.543032E-001   2.562910E-001   6.169343E-001   5.980123E-001   1.892207E-002
   52201      14     0.880000     1.030000   2.249240E+001   6.814138E+000   2.235666E+001   6.706997E+000   1.567827E+001   1.564966E+001   2.860665E-002
   52201      15     1.030000     1.080000   9.248799E+000   2.380592E+000   8.585842E+000   2.575752E+000   6.868207E+000   6.010089E+000   8.581176E-001
   52201      16     1.080000     1.140000   1.173685E+001   3.452679E+000   1.159220E+001   3.477659E+000   8.284171E+000   8.114537E+000   1.696336E-001
   52201      17     1.140000     1.200000   1.143670E+001   3.434612E+000   1.139357E+001   3.418072E+000   8.002085E+000   7.975502E+000   2.658311E-002
   52201      18     1.200000     1.240000   8.097833E+000   8.112013E-001   4.440598E+000   1.332179E+000   7.286631E+000   3.108418E+000   4.178213E+000
   52201      19     1.240000     1.280000   7.733813E+000   2.203841E+000   7.568050E+000   2.270415E+000   5.529973E+000   5.297635E+000   2.323382E-001
   52201      20     1.280000     1.340000   1.109154E+001   2.146099E+000   8.980073E+000   2.694022E+000   8.945444E+000   6.286051E+000   2.659392E+000
   52201      21     1.340000     1.420000   1.012492E+001   2.751180E+000   9.679850E+000   2.903955E+000   7.373741E+000   6.775895E+000   5.978458E-001
   52201      22     1.420000     1.460000   4.444646E+000   3.152300E-001   1.658681E+000   4.976044E-001   4.129416E+000   1.161077E+000   2.968339E+000
   52201      23     1.460000     1.490000   3.316959E+000   9.668582E-001   3.279288E+000   9.837865E-001   2.350101E+000   2.295502E+000   5.459887E-002
   52201      24     1.490000     1.520000   3.416012E+000   7.354343E-001   2.923151E+000   8.769454E-001   2.680577E+000   2.046206E+000   6.343713E-001
   52201      25     1.520000     1.680000   2.089115E+001   1.657111E+000   9.351794E+000   2.805538E+000   1.923404E+001   6.546256E+000   1.268778E+001
   52201      26     1.680000     1.740000   7.400301E+000   2.201639E+000   7.373069E+000   2.211921E+000   5.198662E+000   5.161149E+000   3.751392E-002
   52201      27     1.740000     1.820000   6.859941E+000   1.929966E+000   6.697032E+000   2.009109E+000   4.929975E+000   4.687922E+000   2.420528E-001
   52201      28     1.820000     1.940000   7.844991E+000   1.336338E+000   5.770003E+000   1.731001E+000   6.508653E+000   4.039002E+000   2.469651E+000
   52201      29     1.940000     2.200000   1.524385E+001   1.067957E+000   5.028323E+000   1.508497E+000   1.417589E+001   3.519826E+000   1.065607E+001
   52201      30     2.200000     2.300000   5.897529E+000   1.700509E+000   5.812785E+000   1.743835E+000   4.197019E+000   4.068949E+000   1.280703E-001
   52201      31     2.300000     2.450000   6.412228E+000   1.923633E+000   6.410651E+000   1.923195E+000   4.488595E+000   4.487456E+000   1.138944E-003
   52201      32     2.450000     2.550000   2.808749E+000   6.306200E-001   2.474918E+000   7.424753E-001   2.178129E+000   1.732442E+000   4.456870E-001
   52201      33     2.550000     2.650000   2.466453E+000   2.796867E-001   1.283586E+000   3.850757E-001   2.186767E+000   8.985100E-001   1.288257E+000
   52201      34     2.650000     2.900000   5.107089E+000   1.067491E-002   1.818032E-001   5.454095E-002   5.096414E+000   1.272622E-001   4.969152E+000
   52201      35     2.900000     3.200000   4.829501E+000   5.104956E-001   2.836134E+000   8.508401E-001   4.319005E+000   1.985294E+000   2.333712E+000
   52201      36     3.200000     3.500000   4.479548E+000   8.642306E-001   3.834824E+000   1.150447E+000   3.615317E+000   2.684377E+000   9.309405E-001
   52201      37     3.500000     3.900000   5.317470E+000   1.213254E+000   4.825138E+000   1.447541E+000   4.104217E+000   3.377596E+000   7.266202E-001
   52201      38     3.900000     5.500000   8.889375E+000   4.677517E-001   2.397864E+000   7.193593E-001   8.421623E+000   1.678505E+000   6.743119E+000
   52201      39     5.500000     6.500000   2.171822E+000   6.328495E-001   2.150624E+000   6.451871E-001   1.538972E+000   1.505437E+000   3.353549E-002
   52201      40     6.500000     7.000000   6.459457E-001   4.637312E-002   3.667723E-001   1.100317E-001   5.995726E-001   2.567406E-001   3.428320E-001
   52201      41     7.000000     9.000000   1.525571E+000   8.631282E-002   4.902043E-001   1.470613E-001   1.439258E+000   3.431430E-001   1.096115E+000
   52201      42     9.000000    20.000000   1.633159E+000   3.931200E-002   3.063890E-001   9.191670E-002   1.593847E+000   2.144723E-001   1.379375E+000
   52301       1     0.200000     0.300000   5.582456E-006   3.540013E-006   2.917776E-006   8.753329E-007   2.042443E-006   2.042443E-006  -9.500338E-015
   52301       2     0.300000     0.345000   2.557270E-003   1.374824E-003   1.689209E-003   5.067628E-004   1.182447E-003   1.182447E-003  -8.478984E-013
   52301       3     0.345000     0.385000   2.512764E-003   1.152240E-003   1.943607E-003   5.830820E-004   1.360525E-003   1.360525E-003   4.538182E-013
   52301       4     0.385000     0.420000   1.293223E-002   5.311610E-003   1.088660E-002   3.265979E-003   7.620618E-003   7.620618E-003   2.895236E-013
   52301       5     0.420000     0.450000   2.349464E-002   8.965829E-003   2.075544E-002   6.226633E-003   1.452881E-002   1.452881E-002   5.883714E-012
   52301       6     0.450000     0.500000   1.310848E-001   4.710132E-002   1.199763E-001   3.599290E-002   8.398344E-002   8.398344E-002  -2.041183E-011
   52301       7     0.500000     0.550000   1.748537E-001   5.938044E-002   1.649618E-001   4.948854E-002   1.154733E-001   1.154733E-001  -8.217516E-011
   52301       8     0.550000     0.610000   2.295775E-001   7.513488E-002   2.206276E-001   6.618829E-002   1.544426E-001   1.544393E-001   3.313914E-006
   52301       9     0.610000     0.690000   5.693172E-001   1.805387E-001   5.553268E-001   1.665980E-001   3.887785E-001   3.887288E-001   4.975070E-005
   52301      10     0.690000     0.780000   2.472789E+000   7.670123E-001   2.436464E+000   7.309393E-001   1.705777E+000   1.705525E+000   2.518108E-004
   52301      11     0.780000     0.800000   1.063069E+000   3.220308E-001   1.044910E+000   3.134729E-001   7.410386E-001   7.314367E-001   9.601935E-003
   52301      12     0.800000     0.870000   5.878988E+000   1.794632E+000   5.814799E+000   1.744440E+000   4.084357E+000   4.070360E+000   1.399714E-002
   52301      13     0.870000     0.880000   8.736691E-001   2.567361E-001   8.543048E-001   2.562914E-001   6.169330E-001   5.980134E-001   1.891959E-002
   52301      14     0.880000     1.030000   2.249240E+001   6.814138E+000   2.235666E+001   6.706997E+000   1.567827E+001   1.564966E+001   2.860643E-002
   52301      15     1.030000     1.080000   9.248799E+000   2.380615E+000   8.585862E+000   2.575759E+000   6.868184E+000   6.010103E+000   8.580807E-001
   52301      16     1.080000     1.140000   1.173685E+001   3.452681E+000   1.159220E+001   3.477659E+000   8.284169E+000   8.114538E+000   1.696315E-001
   52301      17     1.140000     1.200000   1.143670E+001   3.434613E+000   1.139358E+001   3.418073E+000   8.002084E+000   7.975503E+000   2.658127E-002
   52301      18     1.200000     1.240000   8.097833E+000   8.115450E-001   4.441352E+000   1.332406E+000   7.286288E+000   3.108947E+000   4.177341E+000
   52301      19     1.240000     1.280000   7.733813E+000   2.203869E+000   7.568082E+000   2.270425E+000   5.529945E+000   5.297657E+000   2.322874E-001
   52301      20     1.280000     1.340000   1.109154E+001   2.146225E+000   8.980230E+000   2.694069E+000   8.945318E+000   6.286161E+000   2.659157E+000
   52301      21     1.340000     1.420000   1.012492E+001   2.751253E+000   9.679941E+000   2.903982E+000   7.373668E+000   6.775959E+000   5.977090E-001
   52301      22     1.420000     1.460000   4.444646E+000   3.154173E-001   1.659378E+000   4.978133E-001   4.129228E+000   1.161564E+000   2.967664E+000
   52301      23     1.460000     1.490000   3.316959E+000   9.669591E-001   3.279407E+000   9.838220E-001   2.350000E+000   2.295585E+000   5.441509E-002
   52301      24     1.490000     1.520000   3.416012E+000   7.355051E-001   2.923250E+000   8.769750E-001   2.680506E+000   2.046275E+000   6.342315E-001
   52301      25     1.520000     1.680000   2.089115E+001   1.658148E+000   9.354579E+000   2.806374E+000   1.923300E+001   6.548205E+000   1.268480E+001
   52301      26     1.680000     1.740000   7.400301E+000   2.201677E+000   7.373113E+000   2.211934E+000   5.198624E+000   5.161179E+000   3.744539E-002
   52301      27     1.740000     1.820000   6.859941E+000   1.930264E+000   6.697429E+000   2.009229E+000   4.929677E+000   4.688200E+000   2.414768E-001
   52301      28     1.820000     1.940000   7.844991E+000   1.336850E+000   5.771192E+000   1.731358E+000   6.508141E+000   4.039834E+000   2.468306E+000
   52301      29     1.940000     2.200000   1.524385E+001   1.068383E+000   5.029906E+000   1.508972E+000   1.417547E+001   3.520934E+000   1.065453E+001
   52301      30     2.200000     2.300000   5.897529E+000   1.700549E+000   5.812833E+000   1.743850E+000   4.196979E+000   4.068983E+000   1.279961E-001
   52301      31     2.300000     2.450000   6.412228E+000   1.923635E+000   6.410653E+000   1.923196E+000   4.488593E+000   4.487457E+000   1.136161E-003
   52301      32     2.450000     2.550000   2.808749E+000   6.308453E-001   2.475329E+000   7.425988E-001   2.177904E+000   1.732731E+000   4.451733E-001
   52301      33     2.550000     2.650000   2.466453E+000   2.798950E-001   1.284140E+000   3.852421E-001   2.186558E+000   8.988982E-001   1.287660E+000
   52301      34     2.650000     2.900000   5.107089E+000   1.070945E-002   1.821752E-001   5.465255E-002   5.096380E+000   1.275226E-001   4.968857E+000
   52301      35     2.900000     3.200000   4.829501E+000   5.108481E-001   2.837024E+000   8.511073E-001   4.318653E+000   1.985917E+000   2.332736E+000
   52301      36     3.200000     3.500000   4.479548E+000   8.641298E-001   3.834655E+000   1.150397E+000   3.615418E+000   2.684259E+000   9.311594E-001
   52301      37     3.500000     3.900000   5.317470E+000   1.212965E+000   4.824690E+000   1.447407E+000   4.104505E+000   3.377283E+000   7.272221E-001
   52301      38     3.900000     5.500000   8.889375E+000   4.679890E-001   2.398994E+000   7.196981E-001   8.421386E+000   1.679296E+000   6.742091E+000
   52301      39     5.500000     6.500000   2.171822E+000   6.328529E-001   2.150628E+000   6.451883E-001   1.538969E+000   1.505439E+000   3.352934E-002
   52301      40     6.500000     7.000000   6.459457E-001   4.635501E-002   3.667010E-001   1.100103E-001   5.995907E-001   2.566907E-001   3.429000E-001
   52301      41     7.000000     9.000000   1.525571E+000   8.633237E-002   4.901581E-001   1.470474E-001   1.439239E+000   3.431107E-001   1.096128E+000
   52301      42     9.000000    20.000000   1.633159E+000   3.943799E-002   3.069581E-001   9.208744E-002   1.593721E+000   2.148707E-001   1.378850E+000
   52401       1     0.200000     0.300000   5.582456E-006   3.540013E-006   2.917776E-006   8.753329E-007   2.042443E-006   2.042443E-006  -9.500338E-015
   52401       2     0.300000     0.345000   2.557270E-003   1.374824E-003   1.689209E-003   5.067628E-004   1.182447E-003   1.182447E-003  -8.478984E-013
   52401       3     0.345000     0.385000   2.512764E-003   1.152240E-003   1.943607E-003   5.830820E-004   1.360525E-003   1.360525E-003   3.016866E-013
   52401       4     0.385000     0.420000   1.293223E-002   5.311610E-003   1.088660E-002   3.265979E-003   7.620618E-003   7.620618E-003   2.078313E-012
   52401       5     0.420000     0.450000   2.349464E-002   8.965829E-003   2.075544E-002   6.226633E-003   1.452881E-002   1.452881E-002   8.345623E-012
   52401       6     0.450000     0.500000   1.310848E-001   4.710132E-002   1.199763E-001   3.599290E-002   8.398344E-002   8.398344E-002  -2.594977E-011
   52401       7     0.500000     0.550000   1.748537E-001   5.938044E-002   1.649618E-001   4.948854E-002   1.154733E-001   1.154733E-001  -6.658535E-011
   52401       8     0.550000     0.610000   2.295775E-001   7.513488E-002   2.206276E-001   6.618829E-002   1.544426E-001   1.544393E-001   3.314310E-006
   52401       9     0.610000     0.690000   5.693172E-001   1.805387E-001   5.553268E-001   1.665980E-001   3.887785E-001   3.887288E-001   4.975197E-005
   52401      10     0.690000     0.780000   2.472789E+000   7.670123E-001   2.436464E+000   7.309393E-001   1.705777E+000   1.705525E+000   2.517992E-004
   52401      11     0.780000     0.800000   1.063069E+000   3.220309E-001   1.044910E+000   3.134729E-001   7.410385E-001   7.314367E-001   9.601851E-003
   52401      12     0.800000     0.870000   5.878988E+000   1.794631E+000   5.814798E+000   1.744439E+000   4.084358E+000   4.070359E+000   1.399888E-002
   52401      13     0.870000     0.880000   8.736691E-001   2.567375E-001   8.543064E-001   2.562919E-001   6.169316E-001   5.980145E-001   1.891714E-002
   52401      14     0.880000     1.030000   2.249240E+001   6.814138E+000   2.235666E+001   6.706997E+000   1.567827E+001   1.564966E+001   2.860621E-002
   52401      15     1.030000     1.080000   9.248799E+000   2.380637E+000   8.585882E+000   2.575765E+000   6.868162E+000   6.010118E+000   8.580442E-001
   52401      16     1.080000     1.140000   1.173685E+001   3.452682E+000   1.159220E+001   3.477659E+000   8.284168E+000   8.114539E+000   1.696294E-001
   52401      17     1.140000     1.200000   1.143670E+001   3.434614E+000   1.139358E+001   3.418073E+000   8.002083E+000   7.975503E+000   2.657944E-002
   52401      18     1.200000     1.240000   8.097833E+000   8.118859E-001   4.442101E+000   1.332630E+000   7.285947E+000   3.109470E+000   4.176476E+000
   52401      19     1.240000     1.280000   7.733813E+000   2.203897E+000   7.568114E+000   2.270434E+000   5.529917E+000   5.297679E+000   2.322371E-001
   52401      20     1.280000     1.340000   1.109154E+001   2.146349E+000   8.980385E+000   2.694115E+000   8.945194E+000   6.286269E+000   2.658924E+000
   52401      21     1.340000     1.420000   1.012492E+001   2.751326E+000   9.680031E+000   2.904009E+000   7.373595E+000   6.776022E+000   5.975735E-001
   52401      22     1.420000     1.460000   4.444646E+000   3.156034E-001   1.660070E+000   4.980209E-001   4.129042E+000   1.162049E+000   2.966994E+000
   52401      23     1.460000     1.490000   3.316959E+000   9.670592E-001   3.279524E+000   9.838572E-001   2.349900E+000   2.295667E+000   5.423291E-002
   52401      24     1.490000     1.520000   3.416012E+000   7.355753E-001   2.923348E+000   8.770043E-001   2.680436E+000   2.046343E+000   6.340929E-001
   52401      25     1.520000     1.680000   2.089115E+001   1.659176E+000   9.357341E+000   2.807202E+000   1.923197E+001   6.550139E+000   1.268183E+001
   52401      26     1.680000     1.740000   7.400301E+000   2.201715E+000   7.373155E+000   2.211947E+000   5.198586E+000   5.161209E+000   3.737747E-002
   52401      27     1.740000     1.820000   6.859941E+000   1.930559E+000   6.697823E+000   2.009347E+000   4.929382E+000   4.688476E+000   2.409055E-001
   52401      28     1.820000     1.940000   7.844991E+000   1.337359E+000   5.772372E+000   1.731711E+000   6.507632E+000   4.040660E+000   2.466972E+000
   52401      29     1.940000     2.200000   1.524385E+001   1.068806E+000   5.031478E+000   1.509443E+000   1.417504E+001   3.522035E+000   1.065301E+001
   52401      30     2.200000     2.300000   5.897529E+000   1.700589E+000   5.812881E+000   1.743864E+000   4.196939E+000   4.069017E+000   1.279225E-001
   52401      31     2.300000     2.450000   6.412228E+000   1.923636E+000   6.410655E+000   1.923196E+000   4.488592E+000   4.487458E+000   1.133403E-003
   52401      32     2.450000     2.550000   2.808749E+000   6.310690E-001   2.475738E+000   7.427213E-001   2.177680E+000   1.733016E+000   4.446638E-001
   52401      33     2.550000     2.650000   2.466453E+000   2.801021E-001   1.284691E+000   3.854073E-001   2.186351E+000   8.992837E-001   1.287068E+000
   52401      34     2.650000     2.900000   5.107089E+000   1.074388E-002   1.825454E-001   5.476362E-002   5.096345E+000   1.277818E-001   4.968564E+000
   52401      35     2.900000     3.200000   4.829501E+000   5.111979E-001   2.837908E+000   8.513724E-001   4.318303E+000   1.986536E+000   2.331767E+000
   52401      36     3.200000     3.500000   4.479548E+000   8.640298E-001   3.834488E+000   1.150346E+000   3.615518E+000   2.684142E+000   9.313765E-001
   52401      37     3.500000     3.900000   5.317470E+000   1.212680E+000   4.824246E+000   1.447274E+000   4.104791E+000   3.376972E+000   7.278186E-001
   52401      38     3.900000     5.500000   8.889375E+000   4.682252E-001   2.400116E+000   7.200349E-001   8.421150E+000   1.680081E+000   6.741069E+000
   52401      39     5.500000     6.500000   2.171822E+000   6.328563E-001   2.150631E+000   6.451894E-001   1.538965E+000   1.505442E+000   3.352326E-002
   52401      40     6.500000     7.000000   6.459457E-001   4.633706E-002   3.666303E-001   1.099891E-001   5.996087E-001   2.566412E-001   3.429674E-001
   52401      41     7.000000     9.000000   1.525571E+000   8.635172E-002   4.901124E-001   1.470337E-001   1.439219E+000   3.430786E-001   1.096141E+000
   52401      42     9.000000    20.000000   1.633159E+000   3.956365E-002   3.075248E-001   9.225745E-002   1.593595E+000   2.152674E-001   1.378328E+000
   52501       1     0.200000     0.300000   5.582456E-006   3.540013E-006   2.917776E-006   8.753329E-007   2.042443E-006   2.042443E-006  -9.500338E-015
   52501       2     0.300000     0.345000   2.557270E-003   1.374824E-003   1.689209E-003   5.067628E-004   1.182447E-003   1.182447E-003  -8.478984E-013
   52501       3     0.345000     0.385000   2.512764E-003   1.152240E-003   1.943607E-003   5.830820E-004   1.360525E-003   1.360525E-003   3.016866E-013
   52501       4     0.385000     0.420000   1.293223E-002   5.311610E-003   1.088660E-002   3.265979E-003   7.620618E-003   7.620618E-003   2.078313E-012
   52501       5     0.420000     0.450000   2.349464E-002   8.965829E-003   2.075544E-002   6.226633E-003   1.452881E-002   1.452881E-002   8.936154E-012
   52501       6     0.450000     0.500000   1.310848E-001   4.710132E-002   1.199763E-001   3.599290E-002   8.398344E-002   8.398344E-002  -2.994613E-011
   52501       7     0.500000     0.550000   1.748537E-001   5.938044E-002   1.649618E-001   4.948854E-002   1.154733E-001   1.154733E-001  -6.901013E-011
   52501       8     0.550000     0.610000   2.295775E-001   7.513488E-002   2.206276E-001   6.618829E-002   1.544426E-001   1.544393E-001   3.314703E-006
   52501       9     0.610000     0.690000   5.693172E-001   1.805387E-001   5.553268E-001   1.665980E-001   3.887785E-001   3.887288E-001   4.975323E-005
   52501      10     0.690000     0.780000   2.472789E+000   7.670123E-001   2.436464E+000   7.309393E-001   1.705777E+000   1.705525E+000   2.517878E-004
   52501      11     0.780000     0.800000   1.063069E+000   3.220309E-001   1.044910E+000   3.134729E-001   7.410385E-001   7.314367E-001   9.601767E-003
   52501      12     0.800000     0.870000   5.878988E+000   1.794630E+000   5.814797E+000   1.744439E+000   4.084358E+000   4.070358E+000   1.400060E-002
   52501      13     0.870000     0.880000   8.736691E-001   2.567388E-001   8.543079E-001   2.562924E-001   6.169303E-001   5.980155E-001   1.891471E-002
   52501      14     0.880000     1.030000   2.249240E+001   6.814138E+000   2.235666E+001   6.706998E+000   1.567827E+001   1.564966E+001   2.860600E-002
   52501      15     1.030000     1.080000   9.248799E+000   2.380659E+000   8.585902E+000   2.575771E+000   6.868140E+000   6.010132E+000   8.580080E-001
   52501      16     1.080000     1.140000   1.173685E+001   3.452683E+000   1.159220E+001   3.477660E+000   8.284167E+000   8.114540E+000   1.696273E-001
   52501      17     1.140000     1.200000   1.143670E+001   3.434615E+000   1.139358E+001   3.418073E+000   8.002082E+000   7.975504E+000   2.657763E-002
   52501      18     1.200000     1.240000   8.097833E+000   8.122240E-001   4.442842E+000   1.332853E+000   7.285609E+000   3.109990E+000   4.175619E+000
   52501      19     1.240000     1.280000   7.733813E+000   2.203925E+000   7.568145E+000   2.270444E+000   5.529889E+000   5.297702E+000   2.321873E-001
   52501      20     1.280000     1.340000   1.109154E+001   2.146473E+000   8.980538E+000   2.694161E+000   8.945070E+000   6.286377E+000   2.658694E+000
   52501      21     1.340000     1.420000   1.012492E+001   2.751398E+000   9.680120E+000   2.904036E+000   7.373523E+000   6.776084E+000   5.974391E-001
   52501      22     1.420000     1.460000   4.444646E+000   3.157885E-001   1.660757E+000   4.982270E-001   4.128857E+000   1.162530E+000   2.966328E+000
   52501      23     1.460000     1.490000   3.316959E+000   9.671584E-001   3.279640E+000   9.838921E-001   2.349801E+000   2.295748E+000   5.405227E-002
   52501      24     1.490000     1.520000   3.416012E+000   7.356448E-001   2.923445E+000   8.770334E-001   2.680367E+000   2.046411E+000   6.339556E-001
   52501      25     1.520000     1.680000   2.089115E+001   1.660197E+000   9.360080E+000   2.808024E+000   1.923095E+001   6.552056E+000   1.267889E+001
   52501      26     1.680000     1.740000   7.400301E+000   2.201753E+000   7.373198E+000   2.211959E+000   5.198549E+000   5.161238E+000   3.731015E-002
   52501      27     1.740000     1.820000   6.859941E+000   1.930853E+000   6.698214E+000   2.009464E+000   4.929089E+000   4.688750E+000   2.403389E-001
   52501      28     1.820000     1.940000   7.844991E+000   1.337864E+000   5.773542E+000   1.732063E+000   6.507127E+000   4.041479E+000   2.465648E+000
   52501      29     1.940000     2.200000   1.524385E+001   1.069227E+000   5.033039E+000   1.509912E+000   1.417462E+001   3.523127E+000   1.065150E+001
   52501      30     2.200000     2.300000   5.897529E+000   1.700629E+000   5.812929E+000   1.743879E+000   4.196900E+000   4.069050E+000   1.278497E-001
   52501      31     2.300000     2.450000   6.412228E+000   1.923638E+000   6.410656E+000   1.923197E+000   4.488590E+000   4.487460E+000   1.130669E-003
   52501      32     2.450000     2.550000   2.808749E+000   6.312910E-001   2.476143E+000   7.428429E-001   2.177458E+000   1.733300E+000   4.441581E-001
   52501      33     2.550000     2.650000   2.466453E+000   2.803079E-001   1.285238E+000   3.855714E-001   2.186145E+000   8.996665E-001   1.286479E+000
   52501      34     2.650000     2.900000   5.107089E+000   1.077820E-002   1.829139E-001   5.487418E-002   5.096311E+000   1.280398E-001   4.968271E+000
   52501      35     2.900000     3.200000   4.829501E+000   5.115450E-001   2.838784E+000   8.516353E-001   4.317956E+000   1.987149E+000   2.330807E+000
   52501      36     3.200000     3.500000   4.479548E+000   8.639305E-001   3.834322E+000   1.150297E+000   3.615617E+000   2.684025E+000   9.315919E-001
   52501      37     3.500000     3.900000   5.317470E+000   1.212396E+000   4.823806E+000   1.447142E+000   4.105074E+000   3.376664E+000   7.284101E-001
   52501      38     3.900000     5.500000   8.889375E+000   4.684605E-001   2.401232E+000   7.203697E-001   8.420915E+000   1.680863E+000   6.740052E+000
   52501      39     5.500000     6.500000   2.171822E+000   6.328597E-001   2.150635E+000   6.451906E-001   1.538962E+000   1.505445E+000   3.351724E-002
   52501      40     6.500000     7.000000   6.459457E-001   4.631927E-002   3.665602E-001   1.099681E-001   5.996265E-001   2.565922E-001   3.430343E-001
   52501      41     7.000000     9.000000   1.525571E+000   8.637086E-002   4.900671E-001   1.470201E-001   1.439200E+000   3.430470E-001   1.096153E+000
   52501      42     9.000000    20.000000   1.633159E+000   3.968902E-002   3.080892E-001   9.242677E-002   1.593470E+000   2.156625E-001   1.377807E+000
   52601       1     0.200000     0.300000   5.582456E-006   3.540013E-006   2.917776E-006   8.753329E-007   2.042443E-006   2.042443E-006  -9.500338E-015
   52601       2     0.300000     0.345000   2.557270E-003   1.374824E-003   1.689209E-003   5.067628E-004   1.182447E-003   1.182447E-003  -8.478984E-013
   52601       3     0.345000     0.385000   2.512764E-003   1.152240E-003   1.943607E-003   5.830820E-004   1.360525E-003   1.360525E-003   3.016866E-013
   52601       4     0.385000     0.420000   1.293223E-002   5.311610E-003   1.088660E-002   3.265979E-003   7.620618E-003   7.620618E-003   2.078313E-012
   52601       5     0.420000     0.450000   2.349464E-002   8.965829E-003   2.075544E-002   6.226633E-003   1.452881E-002   1.452881E-002   9.293831E-012
   52601       6     0.450000     0.500000   1.310848E-001   4.710132E-002   1.199763E-001   3.599290E-002   8.398344E-002   8.398344E-002  -4.199302E-011
   52601       7     0.500000     0.550000   1.748537E-001   5.938044E-002   1.649618E-001   4.948854E-002   1.154733E-001   1.154733E-001  -8.090878E-011
   52601       8     0.550000     0.610000   2.295775E-001   7.513488E-002   2.206276E-001   6.618829E-002   1.544426E-001   1.544393E-001   3.315091E-006
   52601       9     0.610000     0.690000   5.693172E-001   1.805387E-001   5.553268E-001   1.665980E-001   3.887785E-001   3.887288E-001   4.975448E-005
   52601      10     0.690000     0.780000   2.472789E+000   7.670123E-001   2.436464E+000   7.309393E-001   1.705777E+000   1.705525E+000   2.517765E-004
   52601      11     0.780000     0.800000   1.063069E+000   3.220310E-001   1.044910E+000   3.134729E-001   7.410384E-001   7.314368E-001   9.601685E-003
   52601      12     0.800000     0.870000   5.878988E+000   1.794629E+000   5.814796E+000   1.744439E+000   4.084359E+000   4.070357E+000   1.400230E-002
   52601      13     0.870000     0.880000   8.736691E-001   2.567402E-001   8.543094E-001   2.562928E-001   6.169289E-001   5.980166E-001   1.891230E-002
   52601      14     0.880000     1.030000   2.249240E+001   6.814138E+000   2.235666E+001   6.706998E+000   1.567827E+001   1.564966E+001   2.860578E-002
   52601      15     1.030000     1.080000   9.248799E+000   2.380681E+000   8.585922E+000   2.575777E+000   6.868118E+000   6.010145E+000   8.579723E-001
   52601      16     1.080000     1.140000   1.173685E+001   3.452684E+000   1.159220E+001   3.477660E+000   8.284166E+000   8.114540E+000   1.696253E-001
   52601      17     1.140000     1.200000   1.143670E+001   3.434616E+000   1.139358E+001   3.418074E+000   8.002081E+000   7.975505E+000   2.657584E-002
   52601      18     1.200000     1.240000   8.097833E+000   8.125593E-001   4.443578E+000   1.333073E+000   7.285273E+000   3.110504E+000   4.174769E+000
   52601      19     1.240000     1.280000   7.733813E+000   2.203952E+000   7.568176E+000   2.270453E+000   5.529861E+000   5.297723E+000   2.321380E-001
   52601      20     1.280000     1.340000   1.109154E+001   2.146595E+000   8.980690E+000   2.694207E+000   8.944948E+000   6.286483E+000   2.658465E+000
   52601      21     1.340000     1.420000   1.012492E+001   2.751469E+000   9.680209E+000   2.904063E+000   7.373452E+000   6.776146E+000   5.973061E-001
   52601      22     1.420000     1.460000   4.444646E+000   3.159721E-001   1.661438E+000   4.984314E-001   4.128674E+000   1.163007E+000   2.965667E+000
   52601      23     1.460000     1.490000   3.316959E+000   9.672564E-001   3.279755E+000   9.839266E-001   2.349703E+000   2.295829E+000   5.387378E-002
   52601      24     1.490000     1.520000   3.416012E+000   7.357136E-001   2.923540E+000   8.770621E-001   2.680298E+000   2.046478E+000   6.338197E-001
   52601      25     1.520000     1.680000   2.089115E+001   1.661209E+000   9.362796E+000   2.808839E+000   1.922994E+001   6.553957E+000   1.267598E+001
   52601      26     1.680000     1.740000   7.400301E+000   2.201790E+000   7.373240E+000   2.211972E+000   5.198511E+000   5.161268E+000   3.724360E-002
   52601      27     1.740000     1.820000   6.859941E+000   1.931143E+000   6.698601E+000   2.009580E+000   4.928799E+000   4.689021E+000   2.397782E-001
   52601      28     1.820000     1.940000   7.844991E+000   1.338364E+000   5.774702E+000   1.732411E+000   6.506627E+000   4.042291E+000   2.464335E+000
   52601      29     1.940000     2.200000   1.524385E+001   1.069643E+000   5.034587E+000   1.510376E+000   1.417421E+001   3.524211E+000   1.065000E+001
   52601      30     2.200000     2.300000   5.897529E+000   1.700668E+000   5.812976E+000   1.743893E+000   4.196861E+000   4.069083E+000   1.277775E-001
   52601      31     2.300000     2.450000   6.412228E+000   1.923639E+000   6.410658E+000   1.923197E+000   4.488589E+000   4.487461E+000   1.127967E-003
   52601      32     2.450000     2.550000   2.808749E+000   6.315110E-001   2.476544E+000   7.429633E-001   2.177238E+000   1.733581E+000   4.436572E-001
   52601      33     2.550000     2.650000   2.466453E+000   2.805119E-001   1.285780E+000   3.857339E-001   2.185941E+000   9.000457E-001   1.285896E+000
   52601      34     2.650000     2.900000   5.107089E+000   1.081236E-002   1.832800E-001   5.498399E-002   5.096277E+000   1.282960E-001   4.967981E+000
   52601      35     2.900000     3.200000   4.829501E+000   5.118891E-001   2.839653E+000   8.518958E-001   4.317612E+000   1.987757E+000   2.329855E+000
   52601      36     3.200000     3.500000   4.479548E+000   8.638320E-001   3.834157E+000   1.150247E+000   3.615716E+000   2.683910E+000   9.318058E-001
   52601      37     3.500000     3.900000   5.317470E+000   1.212115E+000   4.823369E+000   1.447011E+000   4.105355E+000   3.376359E+000   7.289965E-001
   52601      38     3.900000     5.500000   8.889375E+000   4.686942E-001   2.402339E+000   7.207018E-001   8.420681E+000   1.681637E+000   6.739043E+000
   52601      39     5.500000     6.500000   2.171822E+000   6.328630E-001   2.150639E+000   6.451917E-001   1.538959E+000   1.505447E+000   3.351133E-002
   52601      40     6.500000     7.000000   6.459457E-001   4.630164E-002   3.664908E-001   1.099472E-001   5.996441E-001   2.565435E-001   3.431006E-001
   52601      41     7.000000     9.000000   1.525571E+000   8.638982E-002   4.900222E-001   1.470067E-001   1.439181E+000   3.430155E-001   1.096166E+000
   52601      42     9.000000    20.000000   1.633159E+000   3.981363E-002   3.086495E-001   9.259486E-002   1.593345E+000   2.160547E-001   1.377291E+000
   52701       1     0.200000     0.300000   5.582456E-006   3.540013E-006   2.917776E-006   8.753329E-007   2.042443E-006   2.042443E-006  -9.500338E-015
   52701       2     0.300000     0.345000   2.557270E-003   1.374824E-003   1.689209E-003   5.067628E-004   1.182447E-003   1.182447E-003  -8.478984E-013
   52701       3     0.345000     0.385000   2.512764E-003   1.152240E-003   1.943607E-003   5.830820E-004   1.360525E-003   1.360525E-003   3.016866E-013
   52701       4     0.385000     0.420000   1.293223E-002   5.311610E-003   1.088660E-002   3.265979E-003   7.620618E-003   7.620618E-003   2.078313E-012
   52701       5     0.420000     0.450000   2.349464E-002   8.965829E-003   2.075544E-002   6.226633E-003   1.452881E-002   1.452881E-002   1.079168E-011
   52701       6     0.450000     0.500000   1.310848E-001   4.710132E-002   1.199763E-001   3.599290E-002   8.398344E-002   8.398344E-002  -3.825938E-011
   52701       7     0.500000     0.550000   1.748537E-001   5.938044E-002   1.649618E-001   4.948854E-002   1.154733E-001   1.154733E-001  -9.871300E-011
   52701       8     0.550000     0.610000   2.295775E-001   7.513488E-002   2.206276E-001   6.618829E-002   1.544427E-001   1.544393E-001   3.315476E-006
   52701       9     0.610000     0.690000   5.693172E-001   1.805387E-001   5.553268E-001   1.665980E-001   3.887785E-001   3.887288E-001   4.975571E-005
   52701      10     0.690000     0.780000   2.472789E+000   7.670123E-001   2.436464E+000   7.309393E-001   1.705777E+000   1.705525E+000   2.517653E-004
   52701      11     0.780000     0.800000   1.063069E+000   3.220310E-001   1.044910E+000   3.134729E-001   7.410384E-001   7.314368E-001   9.601604E-003
   52701      12     0.800000     0.870000   5.878988E+000   1.794628E+000   5.814795E+000   1.744438E+000   4.084360E+000   4.070356E+000   1.400399E-002
   52701      13     0.870000     0.880000   8.736691E-001   2.567415E-001   8.543110E-001   2.562933E-001   6.169276E-001   5.980177E-001   1.890992E-002
   52701      14     0.880000     1.030000   2.249240E+001   6.814138E+000   2.235666E+001   6.706998E+000   1.567827E+001   1.564966E+001   2.860557E-002
   52701      15     1.030000     1.080000   9.248799E+000   2.380703E+000   8.585941E+000   2.575782E+000   6.868096E+000   6.010159E+000   8.579372E-001
   52701      16     1.080000     1.140000   1.173685E+001   3.452686E+000   1.159220E+001   3.477660E+000   8.284164E+000   8.114541E+000   1.696233E-001
   52701      17     1.140000     1.200000   1.143670E+001   3.434617E+000   1.139358E+001   3.418074E+000   8.002080E+000   7.975506E+000   2.657410E-002
   52701      18     1.200000     1.240000   8.097833E+000   8.128917E-001   4.444306E+000   1.333292E+000   7.284941E+000   3.111014E+000   4.173927E+000
   52701      19     1.240000     1.280000   7.733813E+000   2.203979E+000   7.568207E+000   2.270462E+000   5.529835E+000   5.297745E+000   2.320897E-001
   52701      20     1.280000     1.340000   1.109154E+001   2.146716E+000   8.980840E+000   2.694252E+000   8.944827E+000   6.286588E+000   2.658239E+000
   52701      21     1.340000     1.420000   1.012492E+001   2.751539E+000   9.680296E+000   2.904089E+000   7.373382E+000   6.776207E+000   5.971748E-001
   52701      22     1.420000     1.460000   4.444646E+000   3.161534E-001   1.662110E+000   4.986330E-001   4.128492E+000   1.163477E+000   2.965015E+000
   52701      23     1.460000     1.490000   3.316959E+000   9.673523E-001   3.279868E+000   9.839603E-001   2.349607E+000   2.295907E+000   5.369919E-002
   52701      24     1.490000     1.520000   3.416012E+000   7.357814E-001   2.923635E+000   8.770905E-001   2.680230E+000   2.046544E+000   6.336857E-001
   52701      25     1.520000     1.680000   2.089115E+001   1.662209E+000   9.365481E+000   2.809644E+000   1.922894E+001   6.555837E+000   1.267310E+001
   52701      26     1.680000     1.740000   7.400301E+000   2.201826E+000   7.373281E+000   2.211984E+000   5.198475E+000   5.161297E+000   3.717835E-002
   52701      27     1.740000     1.820000   6.859941E+000   1.931427E+000   6.698980E+000   2.009694E+000   4.928514E+000   4.689286E+000   2.392275E-001
   52701      28     1.820000     1.940000   7.844991E+000   1.338858E+000   5.775847E+000   1.732754E+000   6.506133E+000   4.043093E+000   2.463040E+000
   52701      29     1.940000     2.200000   1.524385E+001   1.070053E+000   5.036111E+000   1.510833E+000   1.417380E+001   3.525278E+000   1.064852E+001
   52701      30     2.200000     2.300000   5.897529E+000   1.700707E+000   5.813023E+000   1.743907E+000   4.196822E+000   4.069116E+000   1.277063E-001
   52701      31     2.300000     2.450000   6.412228E+000   1.923641E+000   6.410660E+000   1.923198E+000   4.488587E+000   4.487462E+000   1.125314E-003
   52701      32     2.450000     2.550000   2.808749E+000   6.317277E-001   2.476940E+000   7.430820E-001   2.177022E+000   1.733858E+000   4.431635E-001
   52701      33     2.550000     2.650000   2.466453E+000   2.807120E-001   1.286312E+000   3.858936E-001   2.185741E+000   9.004185E-001   1.285323E+000
   52701      34     2.650000     2.900000   5.107089E+000   1.084618E-002   1.836410E-001   5.509230E-002   5.096243E+000   1.285487E-001   4.967694E+000
   52701      35     2.900000     3.200000   4.829501E+000   5.122289E-001   2.840510E+000   8.521530E-001   4.317272E+000   1.988357E+000   2.328915E+000
   52701      36     3.200000     3.500000   4.479548E+000   8.637341E-001   3.833993E+000   1.150198E+000   3.615814E+000   2.683795E+000   9.320185E-001
   52701      37     3.500000     3.900000   5.317470E+000   1.211837E+000   4.822937E+000   1.446881E+000   4.105634E+000   3.376056E+000   7.295780E-001
   52701      38     3.900000     5.500000   8.889375E+000   4.689250E-001   2.403431E+000   7.210293E-001   8.420450E+000   1.682402E+000   6.738048E+000
   52701      39     5.500000     6.500000   2.171822E+000   6.328662E-001   2.150643E+000   6.451928E-001   1.538955E+000   1.505450E+000   3.350569E-002
   52701      40     6.500000     7.000000   6.459457E-001   4.628423E-002   3.664221E-001   1.099266E-001   5.996615E-001   2.564955E-001   3.431660E-001
   52701      41     7.000000     9.000000   1.525571E+000   8.640866E-002   4.899774E-001   1.469932E-001   1.439162E+000   3.429842E-001   1.096178E+000
   52701      42     9.000000    20.000000   1.633159E+000   3.993619E-002   3.092003E-001   9.276009E-002   1.593223E+000   2.164402E-001   1.376783E+000
   52801       1     0.200000     0.300000   5.582456E-006   3.540013E-006   2.917776E-006   8.753329E-007   2.042443E-006   2.042443E-006  -9.500338E-015
   52801       2     0.300000     0.345000   2.557270E-003   1.374824E-003   1.689209E-003   5.067628E-004   1.182447E-003   1.182447E-003  -8.478984E-013
   52801       3     0.345000     0.385000   2.512764E-003   1.152240E-003   1.943607E-003   5.830820E-004   1.360525E-003   1.360525E-003   3.016866E-013
   52801       4     0.385000     0.420000   1.293223E-002   5.311610E-003   1.088660E-002   3.265979E-003   7.620618E-003   7.620618E-003   2.078313E-012
   52801       5     0.420000     0.450000   2.349464E-002   8.965829E-003   2.075544E-002   6.226633E-003   1.452881E-002   1.452881E-002   1.682947E-011
   52801       6     0.450000     0.500000   1.310848E-001   4.710132E-002   1.199763E-001   3.599290E-002   8.398344E-002   8.398344E-002  -3.926263E-011
   52801       7     0.500000     0.550000   1.748537E-001   5.938044E-002   1.649618E-001   4.948854E-002   1.154733E-001   1.154733E-001  -8.223201E-011
   52801       8     0.550000     0.610000   2.295775E-001   7.513488E-002   2.206276E-001   6.618829E-002   1.544427E-001   1.544393E-001   3.315857E-006
   52801       9     0.610000     0.690000   5.693172E-001   1.805387E-001   5.553268E-001   1.665980E-001   3.887785E-001   3.887288E-001   4.975694E-005
   52801      10     0.690000     0.780000   2.472789E+000   7.670123E-001   2.436464E+000   7.309393E-001   1.705777E+000   1.705525E+000   2.517543E-004
   52801      11     0.780000     0.800000   1.063069E+000   3.220311E-001   1.044910E+000   3.134729E-001   7.410383E-001   7.314368E-001   9.601525E-003
   52801      12     0.800000     0.870000   5.878988E+000   1.794627E+000   5.814793E+000   1.744438E+000   4.084361E+000   4.070355E+000   1.400567E-002
   52801      13     0.870000     0.880000   8.736691E-001   2.567428E-001   8.543125E-001   2.562937E-001   6.169263E-001   5.980187E-001   1.890757E-002
   52801      14     0.880000     1.030000   2.249240E+001   6.814138E+000   2.235666E+001   6.706998E+000   1.567827E+001   1.564966E+001   2.860536E-002
   52801      15     1.030000     1.080000   9.248799E+000   2.380724E+000   8.585961E+000   2.575788E+000   6.868075E+000   6.010172E+000   8.579024E-001
   52801      16     1.080000     1.140000   1.173685E+001   3.452687E+000   1.159220E+001   3.477661E+000   8.284163E+000   8.114542E+000   1.696213E-001
   52801      17     1.140000     1.200000   1.143670E+001   3.434618E+000   1.139358E+001   3.418074E+000   8.002079E+000   7.975506E+000   2.657238E-002
   52801      18     1.200000     1.240000   8.097833E+000   8.132213E-001   4.445029E+000   1.333509E+000   7.284611E+000   3.111520E+000   4.173091E+000
   52801      19     1.240000     1.280000   7.733813E+000   2.204006E+000   7.568237E+000   2.270471E+000   5.529808E+000   5.297766E+000   2.320418E-001
   52801      20     1.280000     1.340000   1.109154E+001   2.146835E+000   8.980988E+000   2.694296E+000   8.944707E+000   6.286692E+000   2.658015E+000
   52801      21     1.340000     1.420000   1.012492E+001   2.751609E+000   9.680382E+000   2.904115E+000   7.373312E+000   6.776268E+000   5.970446E-001
   52801      22     1.420000     1.460000   4.444646E+000   3.163336E-001   1.662778E+000   4.988333E-001   4.128312E+000   1.163944E+000   2.964368E+000
   52801      23     1.460000     1.490000   3.316959E+000   9.674474E-001   3.279979E+000   9.839938E-001   2.349512E+000   2.295985E+000   5.352607E-002
   52801      24     1.490000     1.520000   3.416012E+000   7.358486E-001   2.923729E+000   8.771186E-001   2.680163E+000   2.046610E+000   6.335529E-001
   52801      25     1.520000     1.680000   2.089115E+001   1.663202E+000   9.368145E+000   2.810444E+000   1.922795E+001   6.557702E+000   1.267024E+001
   52801      26     1.680000     1.740000   7.400301E+000   2.201863E+000   7.373322E+000   2.211996E+000   5.198439E+000   5.161325E+000   3.711367E-002
   52801      27     1.740000     1.820000   6.859941E+000   1.931710E+000   6.699357E+000   2.009807E+000   4.928231E+000   4.689550E+000   2.386813E-001
   52801      28     1.820000     1.940000   7.844991E+000   1.339349E+000   5.776983E+000   1.733095E+000   6.505642E+000   4.043888E+000   2.461754E+000
   52801      29     1.940000     2.200000   1.524385E+001   1.070460E+000   5.037625E+000   1.511287E+000   1.417339E+001   3.526337E+000   1.064705E+001
   52801      30     2.200000     2.300000   5.897529E+000   1.700745E+000   5.813069E+000   1.743921E+000   4.196784E+000   4.069148E+000   1.276358E-001
   52801      31     2.300000     2.450000   6.412228E+000   1.923642E+000   6.410661E+000   1.923198E+000   4.488586E+000   4.487463E+000   1.122683E-003
   52801      32     2.450000     2.550000   2.808749E+000   6.319429E-001   2.477333E+000   7.431998E-001   2.176806E+000   1.734133E+000   4.426735E-001
   52801      33     2.550000     2.650000   2.466453E+000   2.809108E-001   1.286841E+000   3.860523E-001   2.185542E+000   9.007886E-001   1.284754E+000
   52801      34     2.650000     2.900000   5.107089E+000   1.087988E-002   1.840003E-001   5.520010E-002   5.096209E+000   1.288002E-001   4.967409E+000
   52801      35     2.900000     3.200000   4.829501E+000   5.125661E-001   2.841361E+000   8.524082E-001   4.316935E+000   1.988952E+000   2.327982E+000
   52801      36     3.200000     3.500000   4.479548E+000   8.636369E-001   3.833831E+000   1.150149E+000   3.615911E+000   2.683681E+000   9.322296E-001
   52801      37     3.500000     3.900000   5.317470E+000   1.211561E+000   4.822507E+000   1.446752E+000   4.105910E+000   3.375755E+000   7.301545E-001
   52801      38     3.900000     5.500000   8.889375E+000   4.691547E-001   2.404516E+000   7.213549E-001   8.420220E+000   1.683161E+000   6.737059E+000
   52801      39     5.500000     6.500000   2.171822E+000   6.328693E-001   2.150646E+000   6.451938E-001   1.538952E+000   1.505452E+000   3.350011E-002
   52801      40     6.500000     7.000000   6.459457E-001   4.626696E-002   3.663540E-001   1.099062E-001   5.996788E-001   2.564478E-001   3.432310E-001
   52801      41     7.000000     9.000000   1.525571E+000   8.642730E-002   4.899330E-001   1.469799E-001   1.439144E+000   3.429531E-001   1.096191E+000
   52801      42     9.000000    20.000000   1.633159E+000   4.005843E-002   3.097487E-001   9.292461E-002   1.593100E+000   2.168241E-001   1.376276E+000
   52901       1     0.200000     0.300000   5.582456E-006   3.540013E-006   2.917776E-006   8.753329E-007   2.042443E-006   2.042443E-006  -9.500338E-015
   52901       2     0.300000     0.345000   2.557270E-003   1.374824E-003   1.689209E-003   5.067628E-004   1.182447E-003   1.182447E-003  -8.478984E-013
   52901       3     0.345000     0.385000   2.512764E-003   1.152240E-003   1.943607E-003   5.830820E-004   1.360525E-003   1.360525E-003   7.986038E-013
   52901       4     0.385000     0.420000   1.293223E-002   5.311610E-003   1.088660E-002   3.265979E-003   7.620618E-003   7.620618E-003   8.527987E-014
   52901       5     0.420000     0.450000   2.349464E-002   8.965829E-003   2.075544E-002   6.226633E-003   1.452881E-002   1.452881E-002   1.651283E-011
   52901       6     0.450000     0.500000   1.310848E-001   4.710132E-002   1.199763E-001   3.599290E-002   8.398344E-002   8.398344E-002  -4.034720E-011
   52901       7     0.500000     0.550000   1.748537E-001   5.938044E-002   1.649618E-001   4.948854E-002   1.154733E-001   1.154733E-001  -9.149656E-011
   52901       8     0.550000     0.610000   2.295775E-001   7.513488E-002   2.206276E-001   6.618829E-002   1.544427E-001   1.544393E-001   3.316235E-006
   52901       9     0.610000     0.690000   5.693172E-001   1.805387E-001   5.553268E-001   1.665980E-001   3.887785E-001   3.887288E-001   4.975815E-005
   52901      10     0.690000     0.780000   2.472789E+000   7.670123E-001   2.436464E+000   7.309393E-001   1.705777E+000   1.705525E+000   2.517433E-004
   52901      11     0.780000     0.800000   1.063069E+000   3.220311E-001   1.044910E+000   3.134729E-001   7.410383E-001   7.314369E-001   9.601445E-003
   52901      12     0.800000     0.870000   5.878988E+000   1.794626E+000   5.814792E+000   1.744438E+000   4.084362E+000   4.070355E+000   1.400734E-002
   52901      13     0.870000     0.880000   8.736691E-001   2.567441E-001   8.543139E-001   2.562942E-001   6.169250E-001   5.980198E-001   1.890523E-002
   52901      14     0.880000     1.030000   2.249240E+001   6.814139E+000   2.235666E+001   6.706998E+000   1.567827E+001   1.564966E+001   2.860515E-002
   52901      15     1.030000     1.080000   9.248799E+000   2.380745E+000   8.585980E+000   2.575794E+000   6.868054E+000   6.010186E+000   8.578681E-001
   52901      16     1.080000     1.140000   1.173685E+001   3.452688E+000   1.159220E+001   3.477661E+000   8.284162E+000   8.114543E+000   1.696193E-001
   52901      17     1.140000     1.200000   1.143670E+001   3.434619E+000   1.139358E+001   3.418075E+000   8.002078E+000   7.975507E+000   2.657069E-002
   52901      18     1.200000     1.240000   8.097833E+000   8.135485E-001   4.445746E+000   1.333724E+000   7.284284E+000   3.112022E+000   4.172262E+000
   52901      19     1.240000     1.280000   7.733813E+000   2.204032E+000   7.568267E+000   2.270480E+000   5.529782E+000   5.297787E+000   2.319947E-001
   52901      20     1.280000     1.340000   1.109154E+001   2.146954E+000   8.981135E+000   2.694341E+000   8.944589E+000   6.286795E+000   2.657794E+000
   52901      21     1.340000     1.420000   1.012492E+001   2.751678E+000   9.680468E+000   2.904140E+000   7.373243E+000   6.776328E+000   5.969158E-001
   52901      22     1.420000     1.460000   4.444646E+000   3.165116E-001   1.663437E+000   4.990311E-001   4.128134E+000   1.164406E+000   2.963728E+000
   52901      23     1.460000     1.490000   3.316959E+000   9.675404E-001   3.280088E+000   9.840265E-001   2.349418E+000   2.296062E+000   5.335665E-002
   52901      24     1.490000     1.520000   3.416012E+000   7.359151E-001   2.923821E+000   8.771464E-001   2.680096E+000   2.046675E+000   6.334216E-001
   52901      25     1.520000     1.680000   2.089115E+001   1.664185E+000   9.370784E+000   2.811235E+000   1.922696E+001   6.559548E+000   1.266741E+001
   52901      26     1.680000     1.740000   7.400301E+000   2.201898E+000   7.373362E+000   2.212008E+000   5.198403E+000   5.161353E+000   3.705009E-002
   52901      27     1.740000     1.820000   6.859941E+000   1.931989E+000   6.699728E+000   2.009918E+000   4.927953E+000   4.689810E+000   2.381431E-001
   52901      28     1.820000     1.940000   7.844991E+000   1.339834E+000   5.778106E+000   1.733432E+000   6.505157E+000   4.044674E+000   2.460483E+000
   52901      29     1.940000     2.200000   1.524385E+001   1.070862E+000   5.039118E+000   1.511735E+000   1.417299E+001   3.527382E+000   1.064561E+001
   52901      30     2.200000     2.300000   5.897529E+000   1.700783E+000   5.813114E+000   1.743934E+000   4.196746E+000   4.069180E+000   1.275660E-001
   52901      31     2.300000     2.450000   6.412228E+000   1.923644E+000   6.410663E+000   1.923199E+000   4.488584E+000   4.487464E+000   1.120097E-003
   52901      32     2.450000     2.550000   2.808749E+000   6.321554E-001   2.477720E+000   7.433161E-001   2.176594E+000   1.734404E+000   4.421895E-001
   52901      33     2.550000     2.650000   2.466453E+000   2.811059E-001   1.287361E+000   3.862083E-001   2.185347E+000   9.011528E-001   1.284195E+000
   52901      34     2.650000     2.900000   5.107089E+000   1.091322E-002   1.843545E-001   5.530636E-002   5.096176E+000   1.290482E-001   4.967128E+000
   52901      35     2.900000     3.200000   4.829501E+000   5.128995E-001   2.842202E+000   8.526605E-001   4.316601E+000   1.989541E+000   2.327060E+000
   52901      36     3.200000     3.500000   4.479548E+000   8.635402E-001   3.833669E+000   1.150101E+000   3.616008E+000   2.683568E+000   9.324395E-001
   52901      37     3.500000     3.900000   5.317470E+000   1.211287E+000   4.822081E+000   1.446624E+000   4.106183E+000   3.375457E+000   7.307264E-001
   52901      38     3.900000     5.500000   8.889375E+000   4.693817E-001   2.405588E+000   7.216763E-001   8.419994E+000   1.683911E+000   6.736082E+000
   52901      39     5.500000     6.500000   2.171822E+000   6.328723E-001   2.150649E+000   6.451948E-001   1.538949E+000   1.505455E+000   3.349478E-002
   52901      40     6.500000     7.000000   6.459457E-001   4.624983E-002   3.662864E-001   1.098859E-001   5.996959E-001   2.564005E-001   3.432954E-001
   52901      41     7.000000     9.000000   1.525571E+000   8.644576E-002   4.898890E-001   1.469667E-001   1.439125E+000   3.429223E-001   1.096203E+000
   52901      42     9.000000    20.000000   1.633159E+000   4.017787E-002   3.102855E-001   9.308566E-002   1.592981E+000   2.171999E-001   1.375781E+000
   53001       1     0.200000     0.300000   5.582456E-006   3.540013E-006   2.917776E-006   8.753329E-007   2.042443E-006   2.042443E-006  -9.500338E-015
   53001       2     0.300000     0.345000   2.557270E-003   1.374824E-003   1.689209E-003   5.067628E-004   1.182447E-003   1.182447E-003  -8.478984E-013
   53001       3     0.345000     0.385000   2.512764E-003   1.152240E-003   1.943607E-003   5.830820E-004   1.360525E-003   1.360525E-003   7.986038E-013
   53001       4     0.385000     0.420000   1.293223E-002   5.311610E-003   1.088660E-002   3.265979E-003   7.620618E-003   7.620618E-003   2.077689E-012
   53001       5     0.420000     0.450000   2.349464E-002   8.965829E-003   2.075544E-002   6.226633E-003   1.452881E-002   1.452881E-002   1.425516E-011
   53001       6     0.450000     0.500000   1.310848E-001   4.710132E-002   1.199763E-001   3.599290E-002   8.398344E-002   8.398344E-002  -5.028644E-012
   53001       7     0.500000     0.550000   1.748537E-001   5.938044E-002   1.649618E-001   4.948854E-002   1.154733E-001   1.154733E-001  -1.044433E-010
   53001       8     0.550000     0.610000   2.295775E-001   7.513488E-002   2.206276E-001   6.618829E-002   1.544427E-001   1.544393E-001   3.316610E-006
   53001       9     0.610000     0.690000   5.693172E-001   1.805386E-001   5.553268E-001   1.665980E-001   3.887785E-001   3.887288E-001   4.975935E-005
   53001      10     0.690000     0.780000   2.472789E+000   7.670123E-001   2.436464E+000   7.309393E-001   1.705777E+000   1.705525E+000   2.517325E-004
   53001      11     0.780000     0.800000   1.063069E+000   3.220312E-001   1.044910E+000   3.134729E-001   7.410382E-001   7.314369E-001   9.601367E-003
   53001      12     0.800000     0.870000   5.878988E+000   1.794626E+000   5.814791E+000   1.744437E+000   4.084363E+000   4.070354E+000   1.400900E-002
   53001      13     0.870000     0.880000   8.736691E-001   2.567454E-001   8.543154E-001   2.562946E-001   6.169237E-001   5.980208E-001   1.890292E-002
   53001      14     0.880000     1.030000   2.249240E+001   6.814139E+000   2.235666E+001   6.706998E+000   1.567827E+001   1.564966E+001   2.860495E-002
   53001      15     1.030000     1.080000   9.248799E+000   2.380766E+000   8.585998E+000   2.575800E+000   6.868033E+000   6.010199E+000   8.578341E-001
   53001      16     1.080000     1.140000   1.173685E+001   3.452689E+000   1.159220E+001   3.477661E+000   8.284161E+000   8.114543E+000   1.696174E-001
   53001      17     1.140000     1.200000   1.143670E+001   3.434620E+000   1.139358E+001   3.418075E+000   8.002077E+000   7.975508E+000   2.656901E-002
   53001      18     1.200000     1.240000   8.097833E+000   8.138732E-001   4.446457E+000   1.333937E+000   7.283959E+000   3.112520E+000   4.171440E+000
   53001      19     1.240000     1.280000   7.733813E+000   2.204058E+000   7.568297E+000   2.270489E+000   5.529756E+000   5.297808E+000   2.319480E-001
   53001      20     1.280000     1.340000   1.109154E+001   2.147072E+000   8.981281E+000   2.694384E+000   8.944471E+000   6.286897E+000   2.657574E+000
   53001      21     1.340000     1.420000   1.012492E+001   2.751746E+000   9.680553E+000   2.904166E+000   7.373175E+000   6.776387E+000   5.967881E-001
   53001      22     1.420000     1.460000   4.444646E+000   3.166885E-001   1.664092E+000   4.992276E-001   4.127957E+000   1.164864E+000   2.963093E+000
   53001      23     1.460000     1.490000   3.316959E+000   9.676326E-001   3.280196E+000   9.840589E-001   2.349326E+000   2.296137E+000   5.318887E-002
   53001      24     1.490000     1.520000   3.416012E+000   7.359810E-001   2.923913E+000   8.771739E-001   2.680031E+000   2.046739E+000   6.332915E-001
   53001      25     1.520000     1.680000   2.089115E+001   1.665160E+000   9.373402E+000   2.812021E+000   1.922599E+001   6.561381E+000   1.266461E+001
   53001      26     1.680000     1.740000   7.400301E+000   2.201933E+000   7.373401E+000   2.212020E+000   5.198368E+000   5.161381E+000   3.698709E-002
   53001      27     1.740000     1.820000   6.859941E+000   1.932265E+000   6.700096E+000   2.010029E+000   4.927676E+000   4.690067E+000   2.376094E-001
   53001      28     1.820000     1.940000   7.844991E+000   1.340316E+000   5.779222E+000   1.733766E+000   6.504675E+000   4.045455E+000   2.459220E+000
   53001      29     1.940000     2.200000   1.524385E+001   1.071261E+000   5.040600E+000   1.512180E+000   1.417259E+001   3.528420E+000   1.064417E+001
   53001      30     2.200000     2.300000   5.897529E+000   1.700820E+000   5.813160E+000   1.743948E+000   4.196708E+000   4.069212E+000   1.274968E-001
   53001      31     2.300000     2.450000   6.412228E+000   1.923645E+000   6.410665E+000   1.923199E+000   4.488583E+000   4.487465E+000   1.117535E-003
   53001      32     2.450000     2.550000   2.808749E+000   6.323664E-001   2.478105E+000   7.434316E-001   2.176383E+000   1.734674E+000   4.417092E-001
   53001      33     2.550000     2.650000   2.466453E+000   2.812996E-001   1.287877E+000   3.863632E-001   2.185154E+000   9.015142E-001   1.283640E+000
   53001      34     2.650000     2.900000   5.107089E+000   1.094643E-002   1.847068E-001   5.541205E-002   5.096143E+000   1.292948E-001   4.966848E+000
   53001      35     2.900000     3.200000   4.829501E+000   5.132306E-001   2.843036E+000   8.529109E-001   4.316270E+000   1.990125E+000   2.326145E+000
   53001      36     3.200000     3.500000   4.479548E+000   8.634442E-001   3.833508E+000   1.150052E+000   3.616104E+000   2.683456E+000   9.326480E-001
   53001      37     3.500000     3.900000   5.317470E+000   1.211015E+000   4.821659E+000   1.446498E+000   4.106455E+000   3.375161E+000   7.312939E-001
   53001      38     3.900000     5.500000   8.889375E+000   4.696075E-001   2.406652E+000   7.219957E-001   8.419768E+000   1.684657E+000   6.735111E+000
   53001      39     5.500000     6.500000   2.171822E+000   6.328752E-001   2.150653E+000   6.451958E-001   1.538946E+000   1.505457E+000   3.348952E-002
   53001      40     6.500000     7.000000   6.459457E-001   4.623284E-002   3.662193E-001   1.098658E-001   5.997129E-001   2.563535E-001   3.433594E-001
   53001      41     7.000000     9.000000   1.525571E+000   8.646405E-002   4.898455E-001   1.469536E-001   1.439107E+000   3.428918E-001   1.096215E+000
   53001      42     9.000000    20.000000   1.633159E+000   4.029670E-002   3.108191E-001   9.324572E-002   1.592862E+000   2.175733E-001   1.375289E+000
   53101       1     0.200000     0.300000   5.582456E-006   3.540013E-006   2.917776E-006   8.753329E-007   2.042443E-006   2.042443E-006  -9.500338E-015
   53101       2     0.300000     0.345000   2.557270E-003   1.374824E-003   1.689209E-003   5.067628E-004   1.182447E-003   1.182447E-003  -8.478984E-013
   53101       3     0.345000     0.385000   2.512764E-003   1.152240E-003   1.943607E-003   5.830820E-004   1.360525E-003   1.360525E-003   7.986038E-013
   53101       4     0.385000     0.420000   1.293223E-002   5.311610E-003   1.088660E-002   3.265979E-003   7.620618E-003   7.620618E-003   1.923487E-012
   53101       5     0.420000     0.450000   2.349464E-002   8.965829E-003   2.075544E-002   6.226633E-003   1.452881E-002   1.452881E-002   1.220435E-011
   53101       6     0.450000     0.500000   1.310848E-001   4.710132E-002   1.199763E-001   3.599290E-002   8.398344E-002   8.398344E-002   1.600496E-011
   53101       7     0.500000     0.550000   1.748537E-001   5.938044E-002   1.649618E-001   4.948854E-002   1.154733E-001   1.154733E-001  -1.123272E-010
   53101       8     0.550000     0.610000   2.295775E-001   7.513488E-002   2.206276E-001   6.618829E-002   1.544427E-001   1.544393E-001   3.316982E-006
   53101       9     0.610000     0.690000   5.693172E-001   1.805386E-001   5.553268E-001   1.665980E-001   3.887785E-001   3.887288E-001   4.976054E-005
   53101      10     0.690000     0.780000   2.472789E+000   7.670123E-001   2.436464E+000   7.309393E-001   1.705777E+000   1.705525E+000   2.517217E-004
   53101      11     0.780000     0.800000   1.063069E+000   3.220312E-001   1.044910E+000   3.134730E-001   7.410382E-001   7.314369E-001   9.601289E-003
   53101      12     0.800000     0.870000   5.878988E+000   1.794625E+000   5.814790E+000   1.744437E+000   4.084364E+000   4.070353E+000   1.401064E-002
   53101      13     0.870000     0.880000   8.736691E-001   2.567466E-001   8.543169E-001   2.562951E-001   6.169224E-001   5.980218E-001   1.890062E-002
   53101      14     0.880000     1.030000   2.249240E+001   6.814139E+000   2.235666E+001   6.706998E+000   1.567827E+001   1.564966E+001   2.860475E-002
   53101      15     1.030000     1.080000   9.248799E+000   2.380786E+000   8.586017E+000   2.575805E+000   6.868012E+000   6.010212E+000   8.578003E-001
   53101      16     1.080000     1.140000   1.173685E+001   3.452690E+000   1.159221E+001   3.477662E+000   8.284160E+000   8.114544E+000   1.696155E-001
   53101      17     1.140000     1.200000   1.143670E+001   3.434621E+000   1.139358E+001   3.418075E+000   8.002076E+000   7.975509E+000   2.656735E-002
   53101      18     1.200000     1.240000   8.097833E+000   8.141956E-001   4.447163E+000   1.334149E+000   7.283637E+000   3.113014E+000   4.170623E+000
   53101      19     1.240000     1.280000   7.733813E+000   2.204084E+000   7.568326E+000   2.270498E+000   5.529730E+000   5.297828E+000   2.319017E-001
   53101      20     1.280000     1.340000   1.109154E+001   2.147189E+000   8.981426E+000   2.694428E+000   8.944354E+000   6.286998E+000   2.657356E+000
   53101      21     1.340000     1.420000   1.012492E+001   2.751814E+000   9.680637E+000   2.904191E+000   7.373107E+000   6.776446E+000   5.966613E-001
   53101      22     1.420000     1.460000   4.444646E+000   3.168644E-001   1.664743E+000   4.994229E-001   4.127781E+000   1.165320E+000   2.962461E+000
   53101      23     1.460000     1.490000   3.316959E+000   9.677241E-001   3.280303E+000   9.840910E-001   2.349235E+000   2.296212E+000   5.302236E-002
   53101      24     1.490000     1.520000   3.416012E+000   7.360463E-001   2.924004E+000   8.772012E-001   2.679965E+000   2.046803E+000   6.331624E-001
   53101      25     1.520000     1.680000   2.089115E+001   1.666130E+000   9.376002E+000   2.812800E+000   1.922502E+001   6.563201E+000   1.266182E+001
   53101      26     1.680000     1.740000   7.400301E+000   2.201968E+000   7.373441E+000   2.212032E+000   5.198333E+000   5.161408E+000   3.692460E-002
   53101      27     1.740000     1.820000   6.859941E+000   1.932539E+000   6.700461E+000   2.010138E+000   4.927402E+000   4.690323E+000   2.370796E-001
   53101      28     1.820000     1.940000   7.844991E+000   1.340794E+000   5.780329E+000   1.734099E+000   6.504197E+000   4.046230E+000   2.457967E+000
   53101      29     1.940000     2.200000   1.524385E+001   1.071658E+000   5.042073E+000   1.512622E+000   1.417219E+001   3.529451E+000   1.064274E+001
   53101      30     2.200000     2.300000   5.897529E+000   1.700857E+000   5.813204E+000   1.743961E+000   4.196671E+000   4.069243E+000   1.274282E-001
   53101      31     2.300000     2.450000   6.412228E+000   1.923647E+000   6.410666E+000   1.923200E+000   4.488581E+000   4.487466E+000   1.114993E-003
   53101      32     2.450000     2.550000   2.808749E+000   6.325759E-001   2.478487E+000   7.435462E-001   2.176173E+000   1.734941E+000   4.412321E-001
   53101      33     2.550000     2.650000   2.466453E+000   2.814922E-001   1.288390E+000   3.865171E-001   2.184961E+000   9.018733E-001   1.283088E+000
   53101      34     2.650000     2.900000   5.107089E+000   1.097954E-002   1.850576E-001   5.551729E-002   5.096110E+000   1.295403E-001   4.966569E+000
   53101      35     2.900000     3.200000   4.829501E+000   5.135593E-001   2.843865E+000   8.531595E-001   4.315942E+000   1.990705E+000   2.325236E+000
   53101      36     3.200000     3.500000   4.479548E+000   8.633489E-001   3.833349E+000   1.150005E+000   3.616199E+000   2.683344E+000   9.328550E-001
   53101      37     3.500000     3.900000   5.317470E+000   1.210745E+000   4.821238E+000   1.446371E+000   4.106725E+000   3.374866E+000   7.318591E-001
   53101      38     3.900000     5.500000   8.889375E+000   4.698325E-001   2.407711E+000   7.223134E-001   8.419543E+000   1.685398E+000   6.734145E+000
   53101      39     5.500000     6.500000   2.171822E+000   6.328781E-001   2.150656E+000   6.451968E-001   1.538943E+000   1.505459E+000   3.348432E-002
   53101      40     6.500000     7.000000   6.459457E-001   4.621597E-002   3.661527E-001   1.098458E-001   5.997298E-001   2.563069E-001   3.434228E-001
   53101      41     7.000000     9.000000   1.525571E+000   8.648217E-002   4.898023E-001   1.469407E-001   1.439089E+000   3.428616E-001   1.096227E+000
   53101      42     9.000000    20.000000   1.633159E+000   4.041527E-002   3.113506E-001   9.340518E-002   1.592744E+000   2.179454E-001   1.374798E+000
   53201       1     0.200000     0.300000   5.582456E-006   3.540013E-006   2.917776E-006   8.753329E-007   2.042443E-006   2.042443E-006  -9.500338E-015
   53201       2     0.300000     0.345000   2.557270E-003   1.374824E-003   1.689209E-003   5.067628E-004   1.182447E-003   1.182447E-003  -8.478984E-013
   53201       3     0.345000     0.385000   2.512764E-003   1.152240E-003   1.943607E-003   5.830820E-004   1.360525E-003   1.360525E-003   7.986038E-013
   53201       4     0.385000     0.420000   1.293223E-002   5.311610E-003   1.088660E-002   3.265979E-003   7.620618E-003   7.620618E-003   1.770415E-012
   53201       5     0.420000     0.450000   2.349464E-002   8.965829E-003   2.075544E-002   6.226633E-003   1.452881E-002   1.452881E-002   1.197244E-011
   53201       6     0.450000     0.500000   1.310848E-001   4.710132E-002   1.199763E-001   3.599290E-002   8.398344E-002   8.398344E-002   5.702758E-012
   53201       7     0.500000     0.550000   1.748537E-001   5.938044E-002   1.649618E-001   4.948854E-002   1.154733E-001   1.154733E-001  -1.182309E-010
   53201       8     0.550000     0.610000   2.295775E-001   7.513488E-002   2.206276E-001   6.618829E-002   1.544427E-001   1.544393E-001   3.317350E-006
   53201       9     0.610000     0.690000   5.693172E-001   1.805386E-001   5.553268E-001   1.665980E-001   3.887785E-001   3.887288E-001   4.976172E-005
   53201      10     0.690000     0.780000   2.472789E+000   7.670123E-001   2.436464E+000   7.309393E-001   1.705777E+000   1.705525E+000   2.517110E-004
   53201      11     0.780000     0.800000   1.063069E+000   3.220313E-001   1.044910E+000   3.134730E-001   7.410382E-001   7.314369E-001   9.601211E-003
   53201      12     0.800000     0.870000   5.878988E+000   1.794624E+000   5.814789E+000   1.744437E+000   4.084365E+000   4.070352E+000   1.401227E-002
   53201      13     0.870000     0.880000   8.736691E-001   2.567479E-001   8.543183E-001   2.562955E-001   6.169212E-001   5.980228E-001   1.889834E-002
   53201      14     0.880000     1.030000   2.249240E+001   6.814139E+000   2.235666E+001   6.706998E+000   1.567827E+001   1.564966E+001   2.860455E-002
   53201      15     1.030000     1.080000   9.248799E+000   2.380807E+000   8.586036E+000   2.575811E+000   6.867992E+000   6.010225E+000   8.577668E-001
   53201      16     1.080000     1.140000   1.173685E+001   3.452691E+000   1.159221E+001   3.477662E+000   8.284158E+000   8.114545E+000   1.696136E-001
   53201      17     1.140000     1.200000   1.143670E+001   3.434622E+000   1.139358E+001   3.418075E+000   8.002075E+000   7.975509E+000   2.656570E-002
   53201      18     1.200000     1.240000   8.097833E+000   8.145157E-001   4.447863E+000   1.334359E+000   7.283317E+000   3.113504E+000   4.169813E+000
   53201      19     1.240000     1.280000   7.733813E+000   2.204109E+000   7.568355E+000   2.270506E+000   5.529704E+000   5.297848E+000   2.318558E-001
   53201      20     1.280000     1.340000   1.109154E+001   2.147304E+000   8.981569E+000   2.694471E+000   8.944238E+000   6.287098E+000   2.657140E+000
   53201      21     1.340000     1.420000   1.012492E+001   2.751881E+000   9.680720E+000   2.904216E+000   7.373040E+000   6.776504E+000   5.965356E-001
   53201      22     1.420000     1.460000   4.444646E+000   3.170394E-001   1.665390E+000   4.996170E-001   4.127606E+000   1.165773E+000   2.961833E+000
   53201      23     1.460000     1.490000   3.316959E+000   9.678149E-001   3.280410E+000   9.841230E-001   2.349144E+000   2.296287E+000   5.285710E-002
   53201      24     1.490000     1.520000   3.416012E+000   7.361112E-001   2.924094E+000   8.772283E-001   2.679900E+000   2.046866E+000   6.330342E-001
   53201      25     1.520000     1.680000   2.089115E+001   1.667092E+000   9.378582E+000   2.813575E+000   1.922406E+001   6.565008E+000   1.265905E+001
   53201      26     1.680000     1.740000   7.400301E+000   2.202003E+000   7.373480E+000   2.212044E+000   5.198298E+000   5.161436E+000   3.686258E-002
   53201      27     1.740000     1.820000   6.859941E+000   1.932812E+000   6.700823E+000   2.010247E+000   4.927130E+000   4.690576E+000   2.365535E-001
   53201      28     1.820000     1.940000   7.844991E+000   1.341270E+000   5.781429E+000   1.734429E+000   6.503721E+000   4.047000E+000   2.456721E+000
   53201      29     1.940000     2.200000   1.524385E+001   1.072052E+000   5.043538E+000   1.513061E+000   1.417180E+001   3.530476E+000   1.064132E+001
   53201      30     2.200000     2.300000   5.897529E+000   1.700894E+000   5.813249E+000   1.743975E+000   4.196634E+000   4.069274E+000   1.273600E-001
   53201      31     2.300000     2.450000   6.412228E+000   1.923648E+000   6.410668E+000   1.923200E+000   4.488580E+000   4.487468E+000   1.112471E-003
   53201      32     2.450000     2.550000   2.808749E+000   6.327841E-001   2.478867E+000   7.436601E-001   2.175965E+000   1.735207E+000   4.407583E-001
   53201      33     2.550000     2.650000   2.466453E+000   2.816839E-001   1.288900E+000   3.866701E-001   2.184769E+000   9.022303E-001   1.282539E+000
   53201      34     2.650000     2.900000   5.107089E+000   1.101257E-002   1.854070E-001   5.562211E-002   5.096077E+000   1.297849E-001   4.966292E+000
   53201      35     2.900000     3.200000   4.829501E+000   5.138859E-001   2.844688E+000   8.534063E-001   4.315615E+000   1.991281E+000   2.324334E+000
   53201      36     3.200000     3.500000   4.479548E+000   8.632542E-001   3.833190E+000   1.149957E+000   3.616294E+000   2.683233E+000   9.330606E-001
   53201      37     3.500000     3.900000   5.317470E+000   1.210475E+000   4.820817E+000   1.446245E+000   4.106996E+000   3.374572E+000   7.324239E-001
   53201      38     3.900000     5.500000   8.889375E+000   4.700565E-001   2.408764E+000   7.226293E-001   8.419319E+000   1.686135E+000   6.733184E+000
   53201      39     5.500000     6.500000   2.171822E+000   6.328810E-001   2.150659E+000   6.451978E-001   1.538941E+000   1.505461E+000   3.347916E-002
   53201      40     6.500000     7.000000   6.459457E-001   4.619923E-002   3.660866E-001   1.098260E-001   5.997465E-001   2.562606E-001   3.434858E-001
   53201      41     7.000000     9.000000   1.525571E+000   8.650012E-002   4.897595E-001   1.469279E-001   1.439071E+000   3.428317E-001   1.096239E+000
   53201      42     9.000000    20.000000   1.633159E+000   4.053359E-002   3.118803E-001   9.356408E-002   1.592625E+000   2.183162E-001   1.374309E+000
   53301       1     0.200000     0.300000   5.582456E-006   3.540013E-006   2.917776E-006   8.753329E-007   2.042443E-006   2.042443E-006  -9.500338E-015
   53301       2     0.300000     0.345000   2.557270E-003   1.374824E-003   1.689209E-003   5.067628E-004   1.182447E-003   1.182447E-003  -8.478984E-013
   53301       3     0.345000     0.385000   2.512764E-003   1.152240E-003   1.943607E-003   5.830820E-004   1.360525E-003   1.360525E-003   7.986038E-013
   53301       4     0.385000     0.420000   1.293223E-002   5.311610E-003   1.088660E-002   3.265979E-003   7.620618E-003   7.620618E-003   1.423763E-012
   53301       5     0.420000     0.450000   2.349464E-002   8.965829E-003   2.075544E-002   6.226633E-003   1.452881E-002   1.452881E-002   1.389173E-011
   53301       6     0.450000     0.500000   1.310848E-001   4.710132E-002   1.199763E-001   3.599290E-002   8.398344E-002   8.398344E-002   1.719322E-011
   53301       7     0.500000     0.550000   1.748537E-001   5.938044E-002   1.649618E-001   4.948854E-002   1.154733E-001   1.154733E-001  -1.074862E-010
   53301       8     0.550000     0.610000   2.295775E-001   7.513488E-002   2.206276E-001   6.618829E-002   1.544427E-001   1.544393E-001   3.317716E-006
   53301       9     0.610000     0.690000   5.693172E-001   1.805386E-001   5.553268E-001   1.665980E-001   3.887785E-001   3.887288E-001   4.976289E-005
   53301      10     0.690000     0.780000   2.472789E+000   7.670123E-001   2.436464E+000   7.309393E-001   1.705777E+000   1.705525E+000   2.517004E-004
   53301      11     0.780000     0.800000   1.063069E+000   3.220313E-001   1.044910E+000   3.134730E-001   7.410381E-001   7.314370E-001   9.601134E-003
   53301      12     0.800000     0.870000   5.878988E+000   1.794623E+000   5.814788E+000   1.744436E+000   4.084365E+000   4.070352E+000   1.401388E-002
   53301      13     0.870000     0.880000   8.736691E-001   2.567492E-001   8.543197E-001   2.562959E-001   6.169199E-001   5.980238E-001   1.889608E-002
   53301      14     0.880000     1.030000   2.249240E+001   6.814139E+000   2.235666E+001   6.706998E+000   1.567827E+001   1.564966E+001   2.860435E-002
   53301      15     1.030000     1.080000   9.248799E+000   2.380827E+000   8.586054E+000   2.575816E+000   6.867971E+000   6.010238E+000   8.577336E-001
   53301      16     1.080000     1.140000   1.173685E+001   3.452693E+000   1.159221E+001   3.477662E+000   8.284157E+000   8.114546E+000   1.696117E-001
   53301      17     1.140000     1.200000   1.143670E+001   3.434623E+000   1.139359E+001   3.418076E+000   8.002074E+000   7.975510E+000   2.656407E-002
   53301      18     1.200000     1.240000   8.097833E+000   8.148336E-001   4.448558E+000   1.334568E+000   7.282999E+000   3.113991E+000   4.169008E+000
   53301      19     1.240000     1.280000   7.733813E+000   2.204135E+000   7.568384E+000   2.270515E+000   5.529679E+000   5.297869E+000   2.318102E-001
   53301      20     1.280000     1.340000   1.109154E+001   2.147419E+000   8.981712E+000   2.694513E+000   8.944123E+000   6.287198E+000   2.656925E+000
   53301      21     1.340000     1.420000   1.012492E+001   2.751948E+000   9.680803E+000   2.904241E+000   7.372973E+000   6.776562E+000   5.964108E-001
   53301      22     1.420000     1.460000   4.444646E+000   3.172135E-001   1.666034E+000   4.998101E-001   4.127432E+000   1.166224E+000   2.961209E+000
   53301      23     1.460000     1.490000   3.316959E+000   9.679050E-001   3.280515E+000   9.841546E-001   2.349054E+000   2.296361E+000   5.269302E-002
   53301      24     1.490000     1.520000   3.416012E+000   7.361755E-001   2.924184E+000   8.772553E-001   2.679836E+000   2.046929E+000   6.329071E-001
   53301      25     1.520000     1.680000   2.089115E+001   1.668049E+000   9.381146E+000   2.814344E+000   1.922310E+001   6.566802E+000   1.265630E+001
   53301      26     1.680000     1.740000   7.400301E+000   2.202037E+000   7.373518E+000   2.212056E+000   5.198264E+000   5.161463E+000   3.680102E-002
   53301      27     1.740000     1.820000   6.859941E+000   1.933082E+000   6.701183E+000   2.010355E+000   4.926859E+000   4.690828E+000   2.360309E-001
   53301      28     1.820000     1.940000   7.844991E+000   1.341742E+000   5.782521E+000   1.734756E+000   6.503249E+000   4.047765E+000   2.455484E+000
   53301      29     1.940000     2.200000   1.524385E+001   1.072443E+000   5.044994E+000   1.513498E+000   1.417141E+001   3.531496E+000   1.063991E+001
   53301      30     2.200000     2.300000   5.897529E+000   1.700931E+000   5.813293E+000   1.743988E+000   4.196598E+000   4.069305E+000   1.272925E-001
   53301      31     2.300000     2.450000   6.412228E+000   1.923649E+000   6.410669E+000   1.923201E+000   4.488579E+000   4.487469E+000   1.109968E-003
   53301      32     2.450000     2.550000   2.808749E+000   6.329910E-001   2.479244E+000   7.437732E-001   2.175758E+000   1.735471E+000   4.402875E-001
   53301      33     2.550000     2.650000   2.466453E+000   2.818747E-001   1.289407E+000   3.868222E-001   2.184579E+000   9.025852E-001   1.281993E+000
   53301      34     2.650000     2.900000   5.107089E+000   1.104553E-002   1.857552E-001   5.572655E-002   5.096044E+000   1.300286E-001   4.966015E+000
   53301      35     2.900000     3.200000   4.829501E+000   5.142104E-001   2.845505E+000   8.536514E-001   4.315291E+000   1.991853E+000   2.323437E+000
   53301      36     3.200000     3.500000   4.479548E+000   8.631602E-001   3.833033E+000   1.149910E+000   3.616388E+000   2.683123E+000   9.332648E-001
   53301      37     3.500000     3.900000   5.317470E+000   1.210206E+000   4.820399E+000   1.446120E+000   4.107264E+000   3.374279E+000   7.329847E-001
   53301      38     3.900000     5.500000   8.889375E+000   4.702798E-001   2.409812E+000   7.229437E-001   8.419095E+000   1.686869E+000   6.732227E+000
   53301      39     5.500000     6.500000   2.171822E+000   6.328838E-001   2.150662E+000   6.451987E-001   1.538938E+000   1.505464E+000   3.347405E-002
   53301      40     6.500000     7.000000   6.459457E-001   4.618262E-002   3.660210E-001   1.098063E-001   5.997631E-001   2.562147E-001   3.435484E-001
   53301      41     7.000000     9.000000   1.525571E+000   8.651791E-002   4.897171E-001   1.469151E-001   1.439053E+000   3.428020E-001   1.096251E+000
   53301      42     9.000000    20.000000   1.633159E+000   4.065170E-002   3.124082E-001   9.372246E-002   1.592507E+000   2.186857E-001   1.373821E+000
   53401       1     0.200000     0.300000   5.582456E-006   3.540013E-006   2.917776E-006   8.753329E-007   2.042443E-006   2.042443E-006  -9.500338E-015
   53401       2     0.300000     0.345000   2.557270E-003   1.374824E-003   1.689209E-003   5.067628E-004   1.182447E-003   1.182447E-003  -8.478984E-013
   53401       3     0.345000     0.385000   2.512764E-003   1.152240E-003   1.943607E-003   5.830820E-004   1.360525E-003   1.360525E-003   7.986038E-013
   53401       4     0.385000     0.420000   1.293223E-002   5.311610E-003   1.088660E-002   3.265979E-003   7.620618E-003   7.620618E-003   1.423763E-012
   53401       5     0.420000     0.450000   2.349464E-002   8.965829E-003   2.075544E-002   6.226633E-003   1.452881E-002   1.452881E-002   1.363281E-011
   53401       6     0.450000     0.500000   1.310848E-001   4.710132E-002   1.199763E-001   3.599290E-002   8.398344E-002   8.398344E-002   7.506773E-012
   53401       7     0.500000     0.550000   1.748537E-001   5.938044E-002   1.649618E-001   4.948854E-002   1.154733E-001   1.154733E-001  -1.021117E-010
   53401       8     0.550000     0.610000   2.295775E-001   7.513488E-002   2.206276E-001   6.618829E-002   1.544427E-001   1.544393E-001   3.318079E-006
   53401       9     0.610000     0.690000   5.693172E-001   1.805386E-001   5.553268E-001   1.665980E-001   3.887785E-001   3.887288E-001   4.976406E-005
   53401      10     0.690000     0.780000   2.472789E+000   7.670124E-001   2.436464E+000   7.309393E-001   1.705777E+000   1.705525E+000   2.516899E-004
   53401      11     0.780000     0.800000   1.063069E+000   3.220313E-001   1.044910E+000   3.134730E-001   7.410381E-001   7.314370E-001   9.601058E-003
   53401      12     0.800000     0.870000   5.878988E+000   1.794622E+000   5.814787E+000   1.744436E+000   4.084366E+000   4.070351E+000   1.401548E-002
   53401      13     0.870000     0.880000   8.736691E-001   2.567504E-001   8.543212E-001   2.562964E-001   6.169187E-001   5.980248E-001   1.889384E-002
   53401      14     0.880000     1.030000   2.249240E+001   6.814139E+000   2.235666E+001   6.706998E+000   1.567827E+001   1.564966E+001   2.860415E-002
   53401      15     1.030000     1.080000   9.248799E+000   2.380848E+000   8.586072E+000   2.575822E+000   6.867951E+000   6.010250E+000   8.577006E-001
   53401      16     1.080000     1.140000   1.173685E+001   3.452694E+000   1.159221E+001   3.477663E+000   8.284156E+000   8.114546E+000   1.696098E-001
   53401      17     1.140000     1.200000   1.143670E+001   3.434624E+000   1.139359E+001   3.418076E+000   8.002073E+000   7.975511E+000   2.656245E-002
   53401      18     1.200000     1.240000   8.097833E+000   8.151493E-001   4.449249E+000   1.334775E+000   7.282683E+000   3.114474E+000   4.168209E+000
   53401      19     1.240000     1.280000   7.733813E+000   2.204160E+000   7.568412E+000   2.270524E+000   5.529654E+000   5.297889E+000   2.317649E-001
   53401      20     1.280000     1.340000   1.109154E+001   2.147534E+000   8.981853E+000   2.694556E+000   8.944009E+000   6.287297E+000   2.656712E+000
   53401      21     1.340000     1.420000   1.012492E+001   2.752014E+000   9.680885E+000   2.904266E+000   7.372907E+000   6.776620E+000   5.962869E-001
   53401      22     1.420000     1.460000   4.444646E+000   3.173868E-001   1.666674E+000   5.000021E-001   4.127259E+000   1.166671E+000   2.960587E+000
   53401      23     1.460000     1.490000   3.316959E+000   9.679945E-001   3.280620E+000   9.841861E-001   2.348964E+000   2.296434E+000   5.253014E-002
   53401      24     1.490000     1.520000   3.416012E+000   7.362394E-001   2.924273E+000   8.772820E-001   2.679772E+000   2.046991E+000   6.327809E-001
   53401      25     1.520000     1.680000   2.089115E+001   1.668999E+000   9.383691E+000   2.815107E+000   1.922215E+001   6.568584E+000   1.265356E+001
   53401      26     1.680000     1.740000   7.400301E+000   2.202072E+000   7.373557E+000   2.212067E+000   5.198230E+000   5.161490E+000   3.673993E-002
   53401      27     1.740000     1.820000   6.859941E+000   1.933351E+000   6.701541E+000   2.010462E+000   4.926590E+000   4.691078E+000   2.355119E-001
   53401      28     1.820000     1.940000   7.844991E+000   1.342212E+000   5.783606E+000   1.735082E+000   6.502779E+000   4.048524E+000   2.454254E+000
   53401      29     1.940000     2.200000   1.524385E+001   1.072833E+000   5.046441E+000   1.513932E+000   1.417102E+001   3.532509E+000   1.063851E+001
   53401      30     2.200000     2.300000   5.897529E+000   1.700967E+000   5.813337E+000   1.744001E+000   4.196561E+000   4.069336E+000   1.272254E-001
   53401      31     2.300000     2.450000   6.412228E+000   1.923651E+000   6.410671E+000   1.923201E+000   4.488577E+000   4.487470E+000   1.107484E-003
   53401      32     2.450000     2.550000   2.808749E+000   6.331966E-001   2.479618E+000   7.438855E-001   2.175553E+000   1.735733E+000   4.398198E-001
   53401      33     2.550000     2.650000   2.466453E+000   2.820646E-001   1.289911E+000   3.869734E-001   2.184389E+000   9.029380E-001   1.281451E+000
   53401      34     2.650000     2.900000   5.107089E+000   1.107841E-002   1.861020E-001   5.583059E-002   5.096011E+000   1.302714E-001   4.965739E+000
   53401      35     2.900000     3.200000   4.829501E+000   5.145328E-001   2.846316E+000   8.538949E-001   4.314968E+000   1.992421E+000   2.322547E+000
   53401      36     3.200000     3.500000   4.479548E+000   8.630668E-001   3.832876E+000   1.149863E+000   3.616481E+000   2.683013E+000   9.334677E-001
   53401      37     3.500000     3.900000   5.317470E+000   1.209940E+000   4.819985E+000   1.445995E+000   4.107531E+000   3.373989E+000   7.335414E-001
   53401      38     3.900000     5.500000   8.889375E+000   4.705023E-001   2.410855E+000   7.232565E-001   8.418873E+000   1.687599E+000   6.731274E+000
   53401      39     5.500000     6.500000   2.171822E+000   6.328867E-001   2.150666E+000   6.451997E-001   1.538935E+000   1.505466E+000   3.346898E-002
   53401      40     6.500000     7.000000   6.459457E-001   4.616612E-002   3.659558E-001   1.097868E-001   5.997796E-001   2.561691E-001   3.436105E-001
   53401      41     7.000000     9.000000   1.525571E+000   8.653554E-002   4.896751E-001   1.469025E-001   1.439036E+000   3.427726E-001   1.096263E+000
   53401      42     9.000000    20.000000   1.633159E+000   4.076958E-002   3.129344E-001   9.388031E-002   1.592389E+000   2.190540E-001   1.373335E+000
   53501       1     0.200000     0.300000   5.582456E-006   3.540013E-006   2.917776E-006   8.753329E-007   2.042443E-006   2.042443E-006  -9.500338E-015
   53501       2     0.300000     0.345000   2.557270E-003   1.374824E-003   1.689209E-003   5.067628E-004   1.182447E-003   1.182447E-003  -8.478984E-013
   53501       3     0.345000     0.385000   2.512764E-003   1.152240E-003   1.943607E-003   5.830820E-004   1.360525E-003   1.360525E-003   7.986038E-013
   53501       4     0.385000     0.420000   1.293223E-002   5.311610E-003   1.088660E-002   3.265979E-003   7.620618E-003   7.620618E-003   9.879727E-013
   53501       5     0.420000     0.450000   2.349464E-002   8.965829E-003   2.075544E-002   6.226633E-003   1.452881E-002   1.452881E-002   1.337147E-011
   53501       6     0.450000     0.500000   1.310848E-001   4.710132E-002   1.199763E-001   3.599290E-002   8.398344E-002   8.398344E-002   8.242809E-012
   53501       7     0.500000     0.550000   1.748537E-001   5.938044E-002   1.649618E-001   4.948854E-002   1.154733E-001   1.154733E-001  -1.026782E-010
   53501       8     0.550000     0.610000   2.295775E-001   7.513488E-002   2.206276E-001   6.618829E-002   1.544427E-001   1.544393E-001   3.318438E-006
   53501       9     0.610000     0.690000   5.693172E-001   1.805386E-001   5.553268E-001   1.665980E-001   3.887785E-001   3.887288E-001   4.976521E-005
   53501      10     0.690000     0.780000   2.472789E+000   7.670124E-001   2.436464E+000   7.309393E-001   1.705777E+000   1.705525E+000   2.516795E-004
   53501      11     0.780000     0.800000   1.063069E+000   3.220314E-001   1.044910E+000   3.134730E-001   7.410380E-001   7.314370E-001   9.600983E-003
   53501      12     0.800000     0.870000   5.878988E+000   1.794621E+000   5.814786E+000   1.744436E+000   4.084367E+000   4.070350E+000   1.401707E-002
   53501      13     0.870000     0.880000   8.736691E-001   2.567516E-001   8.543226E-001   2.562968E-001   6.169174E-001   5.980258E-001   1.889162E-002
   53501      14     0.880000     1.030000   2.249240E+001   6.814139E+000   2.235666E+001   6.706998E+000   1.567827E+001   1.564966E+001   2.860395E-002
   53501      15     1.030000     1.080000   9.248799E+000   2.380868E+000   8.586090E+000   2.575827E+000   6.867931E+000   6.010263E+000   8.576681E-001
   53501      16     1.080000     1.140000   1.173685E+001   3.452695E+000   1.159221E+001   3.477663E+000   8.284155E+000   8.114547E+000   1.696080E-001
   53501      17     1.140000     1.200000   1.143670E+001   3.434624E+000   1.139359E+001   3.418076E+000   8.002072E+000   7.975512E+000   2.656085E-002
   53501      18     1.200000     1.240000   8.097833E+000   8.154616E-001   4.449932E+000   1.334979E+000   7.282371E+000   3.114952E+000   4.167419E+000
   53501      19     1.240000     1.280000   7.733813E+000   2.204185E+000   7.568441E+000   2.270532E+000   5.529629E+000   5.297909E+000   2.317202E-001
   53501      20     1.280000     1.340000   1.109154E+001   2.147646E+000   8.981993E+000   2.694598E+000   8.943896E+000   6.287395E+000   2.656501E+000
   53501      21     1.340000     1.420000   1.012492E+001   2.752080E+000   9.680967E+000   2.904290E+000   7.372841E+000   6.776677E+000   5.961645E-001
   53501      22     1.420000     1.460000   4.444646E+000   3.175583E-001   1.667306E+000   5.001919E-001   4.127087E+000   1.167115E+000   2.959973E+000
   53501      23     1.460000     1.490000   3.316959E+000   9.680828E-001   3.280724E+000   9.842171E-001   2.348876E+000   2.296507E+000   5.236955E-002
   53501      24     1.490000     1.520000   3.416012E+000   7.363026E-001   2.924361E+000   8.773084E-001   2.679709E+000   2.047053E+000   6.326562E-001
   53501      25     1.520000     1.680000   2.089115E+001   1.669939E+000   9.386209E+000   2.815863E+000   1.922121E+001   6.570346E+000   1.265086E+001
   53501      26     1.680000     1.740000   7.400301E+000   2.202105E+000   7.373595E+000   2.212078E+000   5.198196E+000   5.161516E+000   3.667964E-002
   53501      27     1.740000     1.820000   6.859941E+000   1.933617E+000   6.701894E+000   2.010568E+000   4.926325E+000   4.691325E+000   2.349992E-001
   53501      28     1.820000     1.940000   7.844991E+000   1.342677E+000   5.784679E+000   1.735404E+000   6.502314E+000   4.049276E+000   2.453038E+000
   53501      29     1.940000     2.200000   1.524385E+001   1.073218E+000   5.047873E+000   1.514362E+000   1.417063E+001   3.533511E+000   1.063712E+001
   53501      30     2.200000     2.300000   5.897529E+000   1.701003E+000   5.813380E+000   1.744014E+000   4.196525E+000   4.069366E+000   1.271591E-001
   53501      31     2.300000     2.450000   6.412228E+000   1.923652E+000   6.410673E+000   1.923202E+000   4.488576E+000   4.487471E+000   1.105032E-003
   53501      32     2.450000     2.550000   2.808749E+000   6.333998E-001   2.479989E+000   7.439966E-001   2.175349E+000   1.735992E+000   4.393574E-001
   53501      33     2.550000     2.650000   2.466453E+000   2.822522E-001   1.290409E+000   3.871228E-001   2.184201E+000   9.032865E-001   1.280915E+000
   53501      34     2.650000     2.900000   5.107089E+000   1.111101E-002   1.864452E-001   5.593357E-002   5.095978E+000   1.305117E-001   4.965466E+000
   53501      35     2.900000     3.200000   4.829501E+000   5.148516E-001   2.847118E+000   8.541355E-001   4.314649E+000   1.992983E+000   2.321666E+000
   53501      36     3.200000     3.500000   4.479548E+000   8.629744E-001   3.832721E+000   1.149816E+000   3.616573E+000   2.682905E+000   9.336685E-001
   53501      37     3.500000     3.900000   5.317470E+000   1.209677E+000   4.819574E+000   1.445872E+000   4.107794E+000   3.373702E+000   7.340920E-001
   53501      38     3.900000     5.500000   8.889375E+000   4.707227E-001   2.411887E+000   7.235660E-001   8.418653E+000   1.688321E+000   6.730332E+000
   53501      39     5.500000     6.500000   2.171822E+000   6.328895E-001   2.150669E+000   6.452006E-001   1.538932E+000   1.505468E+000   3.346402E-002
   53501      40     6.500000     7.000000   6.459457E-001   4.614981E-002   3.658914E-001   1.097674E-001   5.997959E-001   2.561240E-001   3.436720E-001
   53501      41     7.000000     9.000000   1.525571E+000   8.655295E-002   4.896336E-001   1.468901E-001   1.439018E+000   3.427435E-001   1.096275E+000
   53501      42     9.000000    20.000000   1.633159E+000   4.088617E-002   3.134544E-001   9.403633E-002   1.592273E+000   2.194181E-001   1.372855E+000
   53601       1     0.200000     0.300000   5.582456E-006   3.540013E-006   2.917776E-006   8.753329E-007   2.042443E-006   2.042443E-006  -9.500338E-015
   53601       2     0.300000     0.345000   2.557270E-003   1.374824E-003   1.689209E-003   5.067628E-004   1.182447E-003   1.182447E-003  -8.478984E-013
   53601       3     0.345000     0.385000   2.512764E-003   1.152240E-003   1.943607E-003   5.830820E-004   1.360525E-003   1.360525E-003   2.284585E-013
   53601       4     0.385000     0.420000   1.293223E-002   5.311610E-003   1.088660E-002   3.265979E-003   7.620618E-003   7.620618E-003   6.304852E-013
   53601       5     0.420000     0.450000   2.349464E-002   8.965829E-003   2.075544E-002   6.226633E-003   1.452881E-002   1.452881E-002   1.523990E-011
   53601       6     0.450000     0.500000   1.310848E-001   4.710132E-002   1.199763E-001   3.599290E-002   8.398344E-002   8.398344E-002   1.316208E-011
   53601       7     0.500000     0.550000   1.748537E-001   5.938044E-002   1.649618E-001   4.948854E-002   1.154733E-001   1.154733E-001  -8.919247E-011
   53601       8     0.550000     0.610000   2.295775E-001   7.513488E-002   2.206276E-001   6.618829E-002   1.544427E-001   1.544393E-001   3.318793E-006
   53601       9     0.610000     0.690000   5.693172E-001   1.805386E-001   5.553268E-001   1.665980E-001   3.887785E-001   3.887288E-001   4.976635E-005
   53601      10     0.690000     0.780000   2.472789E+000   7.670124E-001   2.436464E+000   7.309393E-001   1.705777E+000   1.705525E+000   2.516692E-004
   53601      11     0.780000     0.800000   1.063069E+000   3.220314E-001   1.044910E+000   3.134730E-001   7.410380E-001   7.314371E-001   9.600908E-003
   53601      12     0.800000     0.870000   5.878988E+000   1.794620E+000   5.814785E+000   1.744435E+000   4.084368E+000   4.070349E+000   1.401864E-002
   53601      13     0.870000     0.880000   8.736691E-001   2.567529E-001   8.543240E-001   2.562972E-001   6.169162E-001   5.980268E-001   1.888943E-002
   53601      14     0.880000     1.030000   2.249240E+001   6.814139E+000   2.235666E+001   6.706998E+000   1.567827E+001   1.564966E+001   2.860376E-002
   53601      15     1.030000     1.080000   9.248799E+000   2.380887E+000   8.586108E+000   2.575832E+000   6.867911E+000   6.010275E+000   8.576359E-001
   53601      16     1.080000     1.140000   1.173685E+001   3.452696E+000   1.159221E+001   3.477663E+000   8.284154E+000   8.114548E+000   1.696061E-001
   53601      17     1.140000     1.200000   1.143670E+001   3.434625E+000   1.139359E+001   3.418077E+000   8.002072E+000   7.975512E+000   2.655928E-002
   53601      18     1.200000     1.240000   8.097833E+000   8.157706E-001   4.450607E+000   1.335182E+000   7.282062E+000   3.115425E+000   4.166637E+000
   53601      19     1.240000     1.280000   7.733813E+000   2.204209E+000   7.568469E+000   2.270541E+000   5.529604E+000   5.297928E+000   2.316763E-001
   53601      20     1.280000     1.340000   1.109154E+001   2.147758E+000   8.982131E+000   2.694639E+000   8.943785E+000   6.287491E+000   2.656293E+000
   53601      21     1.340000     1.420000   1.012492E+001   2.752144E+000   9.681047E+000   2.904314E+000   7.372776E+000   6.776733E+000   5.960436E-001
   53601      22     1.420000     1.460000   4.444646E+000   3.177274E-001   1.667931E+000   5.003792E-001   4.126918E+000   1.167551E+000   2.959367E+000
   53601      23     1.460000     1.490000   3.316959E+000   9.681692E-001   3.280825E+000   9.842474E-001   2.348790E+000   2.296577E+000   5.221239E-002
   53601      24     1.490000     1.520000   3.416012E+000   7.363648E-001   2.924448E+000   8.773344E-001   2.679647E+000   2.047114E+000   6.325331E-001
   53601      25     1.520000     1.680000   2.089115E+001   1.670868E+000   9.388696E+000   2.816609E+000   1.922028E+001   6.572087E+000   1.264819E+001
   53601      26     1.680000     1.740000   7.400301E+000   2.202138E+000   7.373632E+000   2.212090E+000   5.198163E+000   5.161543E+000   3.662043E-002
   53601      27     1.740000     1.820000   6.859941E+000   1.933878E+000   6.702241E+000   2.010672E+000   4.926063E+000   4.691569E+000   2.344947E-001
   53601      28     1.820000     1.940000   7.844991E+000   1.343136E+000   5.785739E+000   1.735722E+000   6.501855E+000   4.050017E+000   2.451838E+000
   53601      29     1.940000     2.200000   1.524385E+001   1.073597E+000   5.049282E+000   1.514785E+000   1.417025E+001   3.534498E+000   1.063576E+001
   53601      30     2.200000     2.300000   5.897529E+000   1.701039E+000   5.813423E+000   1.744027E+000   4.196490E+000   4.069396E+000   1.270936E-001
   53601      31     2.300000     2.450000   6.412228E+000   1.923654E+000   6.410674E+000   1.923202E+000   4.488574E+000   4.487472E+000   1.102624E-003
   53601      32     2.450000     2.550000   2.808749E+000   6.336003E-001   2.480354E+000   7.441061E-001   2.175149E+000   1.736248E+000   4.389014E-001
   53601      33     2.550000     2.650000   2.466453E+000   2.824361E-001   1.290899E+000   3.872696E-001   2.184017E+000   9.036291E-001   1.280388E+000
   53601      34     2.650000     2.900000   5.107089E+000   1.114319E-002   1.867832E-001   5.603497E-002   5.095946E+000   1.307483E-001   4.965198E+000
   53601      35     2.900000     3.200000   4.829501E+000   5.151662E-001   2.847910E+000   8.543730E-001   4.314335E+000   1.993537E+000   2.320798E+000
   53601      36     3.200000     3.500000   4.479548E+000   8.628828E-001   3.832568E+000   1.149770E+000   3.616665E+000   2.682798E+000   9.338676E-001
   53601      37     3.500000     3.900000   5.317470E+000   1.209416E+000   4.819168E+000   1.445750E+000   4.108055E+000   3.373418E+000   7.346368E-001
   53601      38     3.900000     5.500000   8.889375E+000   4.709401E-001   2.412904E+000   7.238711E-001   8.418435E+000   1.689033E+000   6.729403E+000
   53601      39     5.500000     6.500000   2.171822E+000   6.328921E-001   2.150672E+000   6.452015E-001   1.538929E+000   1.505470E+000   3.345926E-002
   53601      40     6.500000     7.000000   6.459457E-001   4.613369E-002   3.658277E-001   1.097483E-001   5.998120E-001   2.560794E-001   3.437327E-001
   53601      41     7.000000     9.000000   1.525571E+000   8.657016E-002   4.895929E-001   1.468779E-001   1.439001E+000   3.427150E-001   1.096286E+000
   53601      42     9.000000    20.000000   1.633159E+000   4.100017E-002   3.139636E-001   9.418908E-002   1.592159E+000   2.197745E-001   1.372384E+000
   53701       1     0.200000     0.300000   5.582456E-006   3.540013E-006   2.917776E-006   8.753329E-007   2.042443E-006   2.042443E-006  -9.500338E-015
   53701       2     0.300000     0.345000   2.557270E-003   1.374824E-003   1.689209E-003   5.067628E-004   1.182447E-003   1.182447E-003  -8.478984E-013
   53701       3     0.345000     0.385000   2.512764E-003   1.152240E-003   1.943607E-003   5.830820E-004   1.360525E-003   1.360525E-003   2.284585E-013
   53701       4     0.385000     0.420000   1.293223E-002   5.311610E-003   1.088660E-002   3.265979E-003   7.620618E-003   7.620618E-003   6.304852E-013
   53701       5     0.420000     0.450000   2.349464E-002   8.965829E-003   2.075544E-002   6.226633E-003   1.452881E-002   1.452881E-002   1.406770E-011
   53701       6     0.450000     0.500000   1.310848E-001   4.710132E-002   1.199763E-001   3.599290E-002   8.398344E-002   8.398344E-002   1.278783E-012
   53701       7     0.500000     0.550000   1.748537E-001   5.938044E-002   1.649618E-001   4.948854E-002   1.154733E-001   1.154733E-001  -7.285166E-011
   53701       8     0.550000     0.610000   2.295775E-001   7.513488E-002   2.206276E-001   6.618829E-002   1.544427E-001   1.544393E-001   3.319145E-006
   53701       9     0.610000     0.690000   5.693172E-001   1.805386E-001   5.553268E-001   1.665980E-001   3.887785E-001   3.887288E-001   4.976747E-005
   53701      10     0.690000     0.780000   2.472789E+000   7.670124E-001   2.436464E+000   7.309393E-001   1.705777E+000   1.705525E+000   2.516591E-004
   53701      11     0.780000     0.800000   1.063069E+000   3.220315E-001   1.044910E+000   3.134730E-001   7.410379E-001   7.314371E-001   9.600834E-003
   53701      12     0.800000     0.870000   5.878988E+000   1.794620E+000   5.814784E+000   1.744435E+000   4.084369E+000   4.070348E+000   1.402019E-002
   53701      13     0.870000     0.880000   8.736691E-001   2.567541E-001   8.543253E-001   2.562976E-001   6.169150E-001   5.980277E-001   1.888726E-002
   53701      14     0.880000     1.030000   2.249240E+001   6.814139E+000   2.235666E+001   6.706998E+000   1.567827E+001   1.564966E+001   2.860357E-002
   53701      15     1.030000     1.080000   9.248799E+000   2.380907E+000   8.586125E+000   2.575838E+000   6.867892E+000   6.010288E+000   8.576041E-001
   53701      16     1.080000     1.140000   1.173685E+001   3.452697E+000   1.159221E+001   3.477664E+000   8.284153E+000   8.114548E+000   1.696043E-001
   53701      17     1.140000     1.200000   1.143670E+001   3.434626E+000   1.139359E+001   3.418077E+000   8.002071E+000   7.975513E+000   2.655772E-002
   53701      18     1.200000     1.240000   8.097833E+000   8.160768E-001   4.451276E+000   1.335383E+000   7.281756E+000   3.115893E+000   4.165863E+000
   53701      19     1.240000     1.280000   7.733813E+000   2.204233E+000   7.568496E+000   2.270549E+000   5.529580E+000   5.297947E+000   2.316328E-001
   53701      20     1.280000     1.340000   1.109154E+001   2.147868E+000   8.982267E+000   2.694680E+000   8.943674E+000   6.287587E+000   2.656087E+000
   53701      21     1.340000     1.420000   1.012492E+001   2.752209E+000   9.681126E+000   2.904338E+000   7.372712E+000   6.776789E+000   5.959239E-001
   53701      22     1.420000     1.460000   4.444646E+000   3.178951E-001   1.668550E+000   5.005649E-001   4.126751E+000   1.167985E+000   2.958766E+000
   53701      23     1.460000     1.490000   3.316959E+000   9.682547E-001   3.280925E+000   9.842775E-001   2.348704E+000   2.296647E+000   5.205677E-002
   53701      24     1.490000     1.520000   3.416012E+000   7.364265E-001   2.924534E+000   8.773602E-001   2.679585E+000   2.047174E+000   6.324113E-001
   53701      25     1.520000     1.680000   2.089115E+001   1.671788E+000   9.391160E+000   2.817348E+000   1.921936E+001   6.573812E+000   1.264555E+001
   53701      26     1.680000     1.740000   7.400301E+000   2.202171E+000   7.373669E+000   2.212101E+000   5.198130E+000   5.161568E+000   3.656181E-002
   53701      27     1.740000     1.820000   6.859941E+000   1.934137E+000   6.702585E+000   2.010775E+000   4.925804E+000   4.691809E+000   2.339949E-001
   53701      28     1.820000     1.940000   7.844991E+000   1.343591E+000   5.786788E+000   1.736037E+000   6.501400E+000   4.050752E+000   2.450648E+000
   53701      29     1.940000     2.200000   1.524385E+001   1.073973E+000   5.050680E+000   1.515204E+000   1.416988E+001   3.535476E+000   1.063440E+001
   53701      30     2.200000     2.300000   5.897529E+000   1.701074E+000   5.813466E+000   1.744040E+000   4.196455E+000   4.069426E+000   1.270288E-001
   53701      31     2.300000     2.450000   6.412228E+000   1.923655E+000   6.410676E+000   1.923203E+000   4.488573E+000   4.487473E+000   1.100239E-003
   53701      32     2.450000     2.550000   2.808749E+000   6.337989E-001   2.480715E+000   7.442146E-001   2.174950E+000   1.736501E+000   4.384495E-001
   53701      33     2.550000     2.650000   2.466453E+000   2.826187E-001   1.291384E+000   3.874152E-001   2.183835E+000   9.039687E-001   1.279866E+000
   53701      34     2.650000     2.900000   5.107089E+000   1.117521E-002   1.871190E-001   5.613570E-002   5.095914E+000   1.309833E-001   4.964931E+000
   53701      35     2.900000     3.200000   4.829501E+000   5.154780E-001   2.848694E+000   8.546083E-001   4.314023E+000   1.994086E+000   2.319937E+000
   53701      36     3.200000     3.500000   4.479548E+000   8.627920E-001   3.832416E+000   1.149725E+000   3.616756E+000   2.682691E+000   9.340648E-001
   53701      37     3.500000     3.900000   5.317470E+000   1.209158E+000   4.818766E+000   1.445630E+000   4.108313E+000   3.373136E+000   7.351764E-001
   53701      38     3.900000     5.500000   8.889375E+000   4.711562E-001   2.413913E+000   7.241738E-001   8.418219E+000   1.689739E+000   6.728480E+000
   53701      39     5.500000     6.500000   2.171822E+000   6.328947E-001   2.150675E+000   6.452024E-001   1.538927E+000   1.505472E+000   3.345456E-002
   53701      40     6.500000     7.000000   6.459457E-001   4.611774E-002   3.657646E-001   1.097294E-001   5.998280E-001   2.560352E-001   3.437928E-001
   53701      41     7.000000     9.000000   1.525571E+000   8.658718E-002   4.895526E-001   1.468658E-001   1.438984E+000   3.426869E-001   1.096297E+000
   53701      42     9.000000    20.000000   1.633159E+000   4.111363E-002   3.144697E-001   9.434090E-002   1.592045E+000   2.201288E-001   1.371917E+000
   53801       1     0.200000     0.300000   5.582456E-006   3.540013E-006   2.917776E-006   8.753329E-007   2.042443E-006   2.042443E-006  -9.500338E-015
   53801       2     0.300000     0.345000   2.557270E-003   1.374824E-003   1.689209E-003   5.067628E-004   1.182447E-003   1.182447E-003  -8.478984E-013
   53801       3     0.345000     0.385000   2.512764E-003   1.152240E-003   1.943607E-003   5.830820E-004   1.360525E-003   1.360525E-003   2.284585E-013
   53801       4     0.385000     0.420000   1.293223E-002   5.311610E-003   1.088660E-002   3.265979E-003   7.620618E-003   7.620618E-003   3.425645E-013
   53801       5     0.420000     0.450000   2.349464E-002   8.965829E-003   2.075544E-002   6.226633E-003   1.452881E-002   1.452881E-002   1.912900E-011
   53801       6     0.450000     0.500000   1.310848E-001   4.710132E-002   1.199763E-001   3.599290E-002   8.398344E-002   8.398344E-002   4.458461E-012
   53801       7     0.500000     0.550000   1.748537E-001   5.938044E-002   1.649618E-001   4.948854E-002   1.154733E-001   1.154733E-001  -8.015807E-011
   53801       8     0.550000     0.610000   2.295775E-001   7.513488E-002   2.206276E-001   6.618829E-002   1.544427E-001   1.544393E-001   3.319493E-006
   53801       9     0.610000     0.690000   5.693172E-001   1.805386E-001   5.553268E-001   1.665980E-001   3.887785E-001   3.887288E-001   4.976859E-005
   53801      10     0.690000     0.780000   2.472789E+000   7.670124E-001   2.436464E+000   7.309393E-001   1.705777E+000   1.705525E+000   2.516490E-004
   53801      11     0.780000     0.800000   1.063069E+000   3.220315E-001   1.044910E+000   3.134730E-001   7.410379E-001   7.314371E-001   9.600761E-003
   53801      12     0.800000     0.870000   5.878988E+000   1.794619E+000   5.814782E+000   1.744435E+000   4.084369E+000   4.070348E+000   1.402173E-002
   53801      13     0.870000     0.880000   8.736691E-001   2.567553E-001   8.543267E-001   2.562980E-001   6.169138E-001   5.980287E-001   1.888511E-002
   53801      14     0.880000     1.030000   2.249240E+001   6.814140E+000   2.235666E+001   6.706998E+000   1.567827E+001   1.564966E+001   2.860338E-002
   53801      15     1.030000     1.080000   9.248799E+000   2.380926E+000   8.586143E+000   2.575843E+000   6.867873E+000   6.010300E+000   8.575726E-001
   53801      16     1.080000     1.140000   1.173685E+001   3.452698E+000   1.159221E+001   3.477664E+000   8.284152E+000   8.114549E+000   1.696025E-001
   53801      17     1.140000     1.200000   1.143670E+001   3.434627E+000   1.139359E+001   3.418077E+000   8.002070E+000   7.975514E+000   2.655618E-002
   53801      18     1.200000     1.240000   8.097833E+000   8.163801E-001   4.451938E+000   1.335581E+000   7.281453E+000   3.116357E+000   4.165096E+000
   53801      19     1.240000     1.280000   7.733813E+000   2.204257E+000   7.568523E+000   2.270557E+000   5.529556E+000   5.297966E+000   2.315897E-001
   53801      20     1.280000     1.340000   1.109154E+001   2.147978E+000   8.982403E+000   2.694721E+000   8.943565E+000   6.287682E+000   2.655883E+000
   53801      21     1.340000     1.420000   1.012492E+001   2.752272E+000   9.681205E+000   2.904362E+000   7.372649E+000   6.776844E+000   5.958053E-001
   53801      22     1.420000     1.460000   4.444646E+000   3.180617E-001   1.669164E+000   5.007491E-001   4.126584E+000   1.168415E+000   2.958170E+000
   53801      23     1.460000     1.490000   3.316959E+000   9.683394E-001   3.281024E+000   9.843072E-001   2.348619E+000   2.296717E+000   5.190262E-002
   53801      24     1.490000     1.520000   3.416012E+000   7.364876E-001   2.924619E+000   8.773857E-001   2.679524E+000   2.047233E+000   6.322907E-001
   53801      25     1.520000     1.680000   2.089115E+001   1.672700E+000   9.393601E+000   2.818080E+000   1.921845E+001   6.575521E+000   1.264293E+001
   53801      26     1.680000     1.740000   7.400301E+000   2.202204E+000   7.373706E+000   2.212112E+000   5.198098E+000   5.161594E+000   3.650375E-002
   53801      27     1.740000     1.820000   6.859941E+000   1.934394E+000   6.702926E+000   2.010878E+000   4.925548E+000   4.692048E+000   2.334997E-001
   53801      28     1.820000     1.940000   7.844991E+000   1.344042E+000   5.787829E+000   1.736349E+000   6.500949E+000   4.051480E+000   2.449469E+000
   53801      29     1.940000     2.200000   1.524385E+001   1.074346E+000   5.052067E+000   1.515620E+000   1.416950E+001   3.536447E+000   1.063306E+001
   53801      30     2.200000     2.300000   5.897529E+000   1.701109E+000   5.813507E+000   1.744052E+000   4.196420E+000   4.069455E+000   1.269647E-001
   53801      31     2.300000     2.450000   6.412228E+000   1.923656E+000   6.410677E+000   1.923203E+000   4.488572E+000   4.487474E+000   1.097878E-003
   53801      32     2.450000     2.550000   2.808749E+000   6.339958E-001   2.481074E+000   7.443222E-001   2.174753E+000   1.736752E+000   4.380016E-001
   53801      33     2.550000     2.650000   2.466453E+000   2.827999E-001   1.291865E+000   3.875595E-001   2.183653E+000   9.043056E-001   1.279348E+000
   53801      34     2.650000     2.900000   5.107089E+000   1.120707E-002   1.874527E-001   5.623580E-002   5.095882E+000   1.312169E-001   4.964665E+000
   53801      35     2.900000     3.200000   4.829501E+000   5.157871E-001   2.849471E+000   8.548414E-001   4.313714E+000   1.994630E+000   2.319084E+000
   53801      36     3.200000     3.500000   4.479548E+000   8.627021E-001   3.832265E+000   1.149680E+000   3.616846E+000   2.682586E+000   9.342602E-001
   53801      37     3.500000     3.900000   5.317470E+000   1.208902E+000   4.818368E+000   1.445510E+000   4.108568E+000   3.372857E+000   7.357107E-001
   53801      38     3.900000     5.500000   8.889375E+000   4.713710E-001   2.414914E+000   7.244743E-001   8.418004E+000   1.690440E+000   6.727564E+000
   53801      39     5.500000     6.500000   2.171822E+000   6.328973E-001   2.150678E+000   6.452033E-001   1.538924E+000   1.505474E+000   3.344991E-002
   53801      40     6.500000     7.000000   6.459457E-001   4.610194E-002   3.657021E-001   1.097106E-001   5.998438E-001   2.559915E-001   3.438523E-001
   53801      41     7.000000     9.000000   1.525571E+000   8.660401E-002   4.895129E-001   1.468539E-001   1.438967E+000   3.426590E-001   1.096308E+000
   53801      42     9.000000    20.000000   1.633159E+000   4.122657E-002   3.149727E-001   9.449182E-002   1.591932E+000   2.204809E-001   1.371451E+000
   53901       1     0.200000     0.300000   5.582456E-006   3.540013E-006   2.917776E-006   8.753329E-007   2.042443E-006   2.042443E-006  -9.500338E-015
   53901       2     0.300000     0.345000   2.557270E-003   1.374824E-003   1.689209E-003   5.067628E-004   1.182447E-003   1.182447E-003  -8.478984E-013
   53901       3     0.345000     0.385000   2.512764E-003   1.152240E-003   1.943607E-003   5.830820E-004   1.360525E-003   1.360525E-003   2.284585E-013
   53901       4     0.385000     0.420000   1.293223E-002   5.311610E-003   1.088660E-002   3.265979E-003   7.620618E-003   7.620618E-003   3.425645E-013
   53901       5     0.420000     0.450000   2.349464E-002   8.965829E-003   2.075544E-002   6.226633E-003   1.452881E-002   1.452881E-002   2.165503E-011
   53901       6     0.450000     0.500000   1.310848E-001   4.710132E-002   1.199763E-001   3.599290E-002   8.398344E-002   8.398344E-002   2.137210E-011
   53901       7     0.500000     0.550000   1.748537E-001   5.938044E-002   1.649618E-001   4.948854E-002   1.154733E-001   1.154733E-001  -8.661931E-011
   53901       8     0.550000     0.610000   2.295775E-001   7.513488E-002   2.206276E-001   6.618829E-002   1.544427E-001   1.544393E-001   3.319837E-006
   53901       9     0.610000     0.690000   5.693172E-001   1.805386E-001   5.553268E-001   1.665980E-001   3.887785E-001   3.887288E-001   4.976969E-005
   53901      10     0.690000     0.780000   2.472789E+000   7.670124E-001   2.436464E+000   7.309393E-001   1.705777E+000   1.705525E+000   2.516390E-004
   53901      11     0.780000     0.800000   1.063069E+000   3.220316E-001   1.044910E+000   3.134731E-001   7.410378E-001   7.314371E-001   9.600689E-003
   53901      12     0.800000     0.870000   5.878988E+000   1.794618E+000   5.814781E+000   1.744434E+000   4.084370E+000   4.070347E+000   1.402326E-002
   53901      13     0.870000     0.880000   8.736691E-001   2.567564E-001   8.543281E-001   2.562984E-001   6.169126E-001   5.980296E-001   1.888299E-002
   53901      14     0.880000     1.030000   2.249240E+001   6.814140E+000   2.235666E+001   6.706998E+000   1.567827E+001   1.564966E+001   2.860319E-002
   53901      15     1.030000     1.080000   9.248799E+000   2.380945E+000   8.586160E+000   2.575848E+000   6.867853E+000   6.010312E+000   8.575416E-001
   53901      16     1.080000     1.140000   1.173685E+001   3.452699E+000   1.159221E+001   3.477664E+000   8.284151E+000   8.114550E+000   1.696008E-001
   53901      17     1.140000     1.200000   1.143670E+001   3.434628E+000   1.139359E+001   3.418078E+000   8.002069E+000   7.975514E+000   2.655467E-002
   53901      18     1.200000     1.240000   8.097833E+000   8.166805E-001   4.452594E+000   1.335778E+000   7.281152E+000   3.116816E+000   4.164336E+000
   53901      19     1.240000     1.280000   7.733813E+000   2.204281E+000   7.568550E+000   2.270565E+000   5.529532E+000   5.297985E+000   2.315474E-001
   53901      20     1.280000     1.340000   1.109154E+001   2.148086E+000   8.982536E+000   2.694761E+000   8.943457E+000   6.287775E+000   2.655682E+000
   53901      21     1.340000     1.420000   1.012492E+001   2.752335E+000   9.681283E+000   2.904385E+000   7.372586E+000   6.776898E+000   5.956882E-001
   53901      22     1.420000     1.460000   4.444646E+000   3.182263E-001   1.669770E+000   5.009310E-001   4.126419E+000   1.168839E+000   2.957580E+000
   53901      23     1.460000     1.490000   3.316959E+000   9.684226E-001   3.281121E+000   9.843364E-001   2.348536E+000   2.296785E+000   5.175128E-002
   53901      24     1.490000     1.520000   3.416012E+000   7.365478E-001   2.924703E+000   8.774109E-001   2.679464E+000   2.047292E+000   6.321717E-001
   53901      25     1.520000     1.680000   2.089115E+001   1.673602E+000   9.396016E+000   2.818805E+000   1.921755E+001   6.577211E+000   1.264033E+001
   53901      26     1.680000     1.740000   7.400301E+000   2.202236E+000   7.373742E+000   2.212122E+000   5.198066E+000   5.161619E+000   3.644666E-002
   53901      27     1.740000     1.820000   6.859941E+000   1.934646E+000   6.703261E+000   2.010978E+000   4.925295E+000   4.692283E+000   2.330120E-001
   53901      28     1.820000     1.940000   7.844991E+000   1.344487E+000   5.788856E+000   1.736657E+000   6.500504E+000   4.052200E+000   2.448304E+000
   53901      29     1.940000     2.200000   1.524385E+001   1.074714E+000   5.053435E+000   1.516031E+000   1.416914E+001   3.537405E+000   1.063173E+001
   53901      30     2.200000     2.300000   5.897529E+000   1.701143E+000   5.813549E+000   1.744065E+000   4.196386E+000   4.069484E+000   1.269013E-001
   53901      31     2.300000     2.450000   6.412228E+000   1.923658E+000   6.410678E+000   1.923204E+000   4.488570E+000   4.487475E+000   1.095554E-003
   53901      32     2.450000     2.550000   2.808749E+000   6.341902E-001   2.481428E+000   7.444284E-001   2.174559E+000   1.737000E+000   4.375595E-001
   53901      33     2.550000     2.650000   2.466453E+000   2.829782E-001   1.292339E+000   3.877018E-001   2.183475E+000   9.046375E-001   1.278838E+000
   53901      34     2.650000     2.900000   5.107089E+000   1.123864E-002   1.877823E-001   5.633469E-002   5.095851E+000   1.314476E-001   4.964403E+000
   53901      35     2.900000     3.200000   4.829501E+000   5.160925E-001   2.850239E+000   8.550718E-001   4.313408E+000   1.995168E+000   2.318241E+000
   53901      36     3.200000     3.500000   4.479548E+000   8.626128E-001   3.832116E+000   1.149635E+000   3.616935E+000   2.682481E+000   9.344542E-001
   53901      37     3.500000     3.900000   5.317470E+000   1.208649E+000   4.817973E+000   1.445392E+000   4.108821E+000   3.372581E+000   7.362402E-001
   53901      38     3.900000     5.500000   8.889375E+000   4.715834E-001   2.415904E+000   7.247711E-001   8.417792E+000   1.691133E+000   6.726659E+000
   53901      39     5.500000     6.500000   2.171822E+000   6.328999E-001   2.150680E+000   6.452041E-001   1.538922E+000   1.505476E+000   3.344543E-002
   53901      40     6.500000     7.000000   6.459457E-001   4.608632E-002   3.656403E-001   1.096921E-001   5.998594E-001   2.559482E-001   3.439112E-001
   53901      41     7.000000     9.000000   1.525571E+000   8.662070E-002   4.894733E-001   1.468420E-001   1.438950E+000   3.426313E-001   1.096319E+000
   53901      42     9.000000    20.000000   1.633159E+000   4.133795E-002   3.154686E-001   9.464057E-002   1.591821E+000   2.208280E-001   1.370993E+000
   54001       1     0.200000     0.300000   5.582456E-006   3.540013E-006   2.917776E-006   8.753329E-007   2.042443E-006   2.042443E-006  -9.500338E-015
   54001       2     0.300000     0.345000   2.557270E-003   1.374824E-003   1.689209E-003   5.067628E-004   1.182447E-003   1.182447E-003  -8.478984E-013
   54001       3     0.345000     0.385000   2.512764E-003   1.152240E-003   1.943607E-003   5.830820E-004   1.360525E-003   1.360525E-003   2.284585E-013
   54001       4     0.385000     0.420000   1.293223E-002   5.311610E-003   1.088660E-002   3.265979E-003   7.620618E-003   7.620618E-003  -7.420531E-013
   54001       5     0.420000     0.450000   2.349464E-002   8.965829E-003   2.075544E-002   6.226633E-003   1.452881E-002   1.452881E-002   2.395180E-011
   54001       6     0.450000     0.500000   1.310848E-001   4.710132E-002   1.199763E-001   3.599290E-002   8.398344E-002   8.398344E-002   1.288890E-011
   54001       7     0.500000     0.550000   1.748537E-001   5.938044E-002   1.649618E-001   4.948854E-002   1.154733E-001   1.154733E-001  -9.200632E-011
   54001       8     0.550000     0.610000   2.295775E-001   7.513488E-002   2.206276E-001   6.618829E-002   1.544427E-001   1.544393E-001   3.320178E-006
   54001       9     0.610000     0.690000   5.693172E-001   1.805386E-001   5.553268E-001   1.665980E-001   3.887785E-001   3.887288E-001   4.977078E-005
   54001      10     0.690000     0.780000   2.472789E+000   7.670124E-001   2.436464E+000   7.309393E-001   1.705777E+000   1.705525E+000   2.516292E-004
   54001      11     0.780000     0.800000   1.063069E+000   3.220316E-001   1.044910E+000   3.134731E-001   7.410378E-001   7.314372E-001   9.600619E-003
   54001      12     0.800000     0.870000   5.878988E+000   1.794617E+000   5.814780E+000   1.744434E+000   4.084371E+000   4.070346E+000   1.402478E-002
   54001      13     0.870000     0.880000   8.736691E-001   2.567576E-001   8.543294E-001   2.562988E-001   6.169115E-001   5.980306E-001   1.888089E-002
   54001      14     0.880000     1.030000   2.249240E+001   6.814140E+000   2.235666E+001   6.706998E+000   1.567827E+001   1.564966E+001   2.860301E-002
   54001      15     1.030000     1.080000   9.248799E+000   2.380964E+000   8.586177E+000   2.575853E+000   6.867835E+000   6.010324E+000   8.575110E-001
   54001      16     1.080000     1.140000   1.173685E+001   3.452700E+000   1.159221E+001   3.477664E+000   8.284150E+000   8.114550E+000   1.695991E-001
   54001      17     1.140000     1.200000   1.143670E+001   3.434629E+000   1.139359E+001   3.418078E+000   8.002068E+000   7.975515E+000   2.655319E-002
   54001      18     1.200000     1.240000   8.097833E+000   8.169784E-001   4.453244E+000   1.335973E+000   7.280854E+000   3.117271E+000   4.163583E+000
   54001      19     1.240000     1.280000   7.733813E+000   2.204304E+000   7.568576E+000   2.270573E+000   5.529509E+000   5.298004E+000   2.315057E-001
   54001      20     1.280000     1.340000   1.109154E+001   2.148193E+000   8.982668E+000   2.694800E+000   8.943350E+000   6.287868E+000   2.655482E+000
   54001      21     1.340000     1.420000   1.012492E+001   2.752397E+000   9.681360E+000   2.904408E+000   7.372524E+000   6.776952E+000   5.955723E-001
   54001      22     1.420000     1.460000   4.444646E+000   3.183890E-001   1.670369E+000   5.011108E-001   4.126257E+000   1.169259E+000   2.956998E+000
   54001      23     1.460000     1.490000   3.316959E+000   9.685044E-001   3.281217E+000   9.843651E-001   2.348455E+000   2.296852E+000   5.160260E-002
   54001      24     1.490000     1.520000   3.416012E+000   7.366074E-001   2.924786E+000   8.774358E-001   2.679404E+000   2.047350E+000   6.320540E-001
   54001      25     1.520000     1.680000   2.089115E+001   1.674495E+000   9.398406E+000   2.819522E+000   1.921665E+001   6.578884E+000   1.263777E+001
   54001      26     1.680000     1.740000   7.400301E+000   2.202267E+000   7.373777E+000   2.212133E+000   5.198034E+000   5.161644E+000   3.639048E-002
   54001      27     1.740000     1.820000   6.859941E+000   1.934895E+000   6.703592E+000   2.011078E+000   4.925046E+000   4.692514E+000   2.325316E-001
   54001      28     1.820000     1.940000   7.844991E+000   1.344928E+000   5.789873E+000   1.736962E+000   6.500063E+000   4.052911E+000   2.447153E+000
   54001      29     1.940000     2.200000   1.524385E+001   1.075077E+000   5.054786E+000   1.516436E+000   1.416877E+001   3.538350E+000   1.063042E+001
   54001      30     2.200000     2.300000   5.897529E+000   1.701177E+000   5.813590E+000   1.744077E+000   4.196352E+000   4.069513E+000   1.268386E-001
   54001      31     2.300000     2.450000   6.412228E+000   1.923659E+000   6.410680E+000   1.923204E+000   4.488569E+000   4.487476E+000   1.093265E-003
   54001      32     2.450000     2.550000   2.808749E+000   6.343822E-001   2.481777E+000   7.445332E-001   2.174367E+000   1.737244E+000   4.371228E-001
   54001      33     2.550000     2.650000   2.466453E+000   2.831538E-001   1.292807E+000   3.878420E-001   2.183300E+000   9.049647E-001   1.278335E+000
   54001      34     2.650000     2.900000   5.107089E+000   1.126994E-002   1.881081E-001   5.643244E-002   5.095819E+000   1.316757E-001   4.964144E+000
   54001      35     2.900000     3.200000   4.829501E+000   5.163946E-001   2.850999E+000   8.552996E-001   4.313106E+000   1.995699E+000   2.317407E+000
   54001      36     3.200000     3.500000   4.479548E+000   8.625241E-001   3.831967E+000   1.149590E+000   3.617024E+000   2.682377E+000   9.346470E-001
   54001      37     3.500000     3.900000   5.317470E+000   1.208398E+000   4.817581E+000   1.445274E+000   4.109072E+000   3.372307E+000   7.367652E-001
   54001      38     3.900000     5.500000   8.889375E+000   4.717934E-001   2.416881E+000   7.250644E-001   8.417582E+000   1.691817E+000   6.725765E+000
   54001      39     5.500000     6.500000   2.171822E+000   6.329023E-001   2.150683E+000   6.452049E-001   1.538919E+000   1.505478E+000   3.344112E-002
   54001      40     6.500000     7.000000   6.459457E-001   4.607088E-002   3.655792E-001   1.096738E-001   5.998749E-001   2.559055E-001   3.439694E-001
   54001      41     7.000000     9.000000   1.525571E+000   8.663726E-002   4.894338E-001   1.468301E-001   1.438934E+000   3.426037E-001   1.096330E+000
   54001      42     9.000000    20.000000   1.633159E+000   4.144785E-002   3.159575E-001   9.478726E-002   1.591711E+000   2.211703E-001   1.370541E+000
   54101       1     0.200000     0.300000   5.582456E-006   3.540013E-006   2.917776E-006   8.753329E-007   2.042443E-006   2.042443E-006  -9.500338E-015
   54101       2     0.300000     0.345000   2.557270E-003   1.374824E-003   1.689209E-003   5.067628E-004   1.182447E-003   1.182447E-003  -8.478984E-013
   54101       3     0.345000     0.385000   2.512764E-003   1.152240E-003   1.943607E-003   5.830820E-004   1.360525E-003   1.360525E-003   2.284585E-013
   54101       4     0.385000     0.420000   1.293223E-002   5.311610E-003   1.088660E-002   3.265979E-003   7.620618E-003   7.620618E-003  -7.420531E-013
   54101       5     0.420000     0.450000   2.349464E-002   8.965829E-003   2.075544E-002   6.226633E-003   1.452881E-002   1.452881E-002   2.300752E-011
   54101       6     0.450000     0.500000   1.310848E-001   4.710132E-002   1.199763E-001   3.599290E-002   8.398344E-002   8.398344E-002   2.974869E-011
   54101       7     0.500000     0.550000   1.748537E-001   5.938044E-002   1.649618E-001   4.948854E-002   1.154733E-001   1.154733E-001  -8.080864E-011
   54101       8     0.550000     0.610000   2.295775E-001   7.513488E-002   2.206276E-001   6.618829E-002   1.544427E-001   1.544393E-001   3.320517E-006
   54101       9     0.610000     0.690000   5.693172E-001   1.805386E-001   5.553268E-001   1.665980E-001   3.887785E-001   3.887288E-001   4.977187E-005
   54101      10     0.690000     0.780000   2.472789E+000   7.670124E-001   2.436464E+000   7.309393E-001   1.705777E+000   1.705525E+000   2.516195E-004
   54101      11     0.780000     0.800000   1.063069E+000   3.220317E-001   1.044910E+000   3.134731E-001   7.410377E-001   7.314372E-001   9.600549E-003
   54101      12     0.800000     0.870000   5.878988E+000   1.794616E+000   5.814779E+000   1.744434E+000   4.084372E+000   4.070346E+000   1.402628E-002
   54101      13     0.870000     0.880000   8.736691E-001   2.567588E-001   8.543307E-001   2.562992E-001   6.169103E-001   5.980315E-001   1.887881E-002
   54101      14     0.880000     1.030000   2.249240E+001   6.814140E+000   2.235666E+001   6.706998E+000   1.567827E+001   1.564966E+001   2.860283E-002
   54101      15     1.030000     1.080000   9.248799E+000   2.380983E+000   8.586193E+000   2.575858E+000   6.867816E+000   6.010335E+000   8.574808E-001
   54101      16     1.080000     1.140000   1.173685E+001   3.452701E+000   1.159222E+001   3.477665E+000   8.284148E+000   8.114551E+000   1.695974E-001
   54101      17     1.140000     1.200000   1.143670E+001   3.434630E+000   1.139359E+001   3.418078E+000   8.002067E+000   7.975516E+000   2.655173E-002
   54101      18     1.200000     1.240000   8.097833E+000   8.172739E-001   4.453889E+000   1.336167E+000   7.280559E+000   3.117722E+000   4.162836E+000
   54101      19     1.240000     1.280000   7.733813E+000   2.204327E+000   7.568603E+000   2.270581E+000   5.529486E+000   5.298022E+000   2.314644E-001
   54101      20     1.280000     1.340000   1.109154E+001   2.148299E+000   8.982799E+000   2.694840E+000   8.943244E+000   6.287959E+000   2.655284E+000
   54101      21     1.340000     1.420000   1.012492E+001   2.752458E+000   9.681436E+000   2.904431E+000   7.372463E+000   6.777005E+000   5.954574E-001
   54101      22     1.420000     1.460000   4.444646E+000   3.185508E-001   1.670965E+000   5.012894E-001   4.126095E+000   1.169675E+000   2.956420E+000
   54101      23     1.460000     1.490000   3.316959E+000   9.685854E-001   3.281312E+000   9.843936E-001   2.348373E+000   2.296918E+000   5.145518E-002
   54101      24     1.490000     1.520000   3.416012E+000   7.366664E-001   2.924868E+000   8.774605E-001   2.679345E+000   2.047408E+000   6.319374E-001
   54101      25     1.520000     1.680000   2.089115E+001   1.675380E+000   9.400777E+000   2.820233E+000   1.921577E+001   6.580544E+000   1.263522E+001
   54101      26     1.680000     1.740000   7.400301E+000   2.202298E+000   7.373812E+000   2.212144E+000   5.198003E+000   5.161668E+000   3.633478E-002
   54101      27     1.740000     1.820000   6.859941E+000   1.935143E+000   6.703920E+000   2.011176E+000   4.924799E+000   4.692744E+000   2.320549E-001
   54101      28     1.820000     1.940000   7.844991E+000   1.345365E+000   5.790881E+000   1.737264E+000   6.499626E+000   4.053616E+000   2.446010E+000
   54101      29     1.940000     2.200000   1.524385E+001   1.075438E+000   5.056128E+000   1.516838E+000   1.416841E+001   3.539289E+000   1.062912E+001
   54101      30     2.200000     2.300000   5.897529E+000   1.701211E+000   5.813630E+000   1.744089E+000   4.196318E+000   4.069541E+000   1.267765E-001
   54101      31     2.300000     2.450000   6.412228E+000   1.923660E+000   6.410681E+000   1.923204E+000   4.488568E+000   4.487477E+000   1.090996E-003
   54101      32     2.450000     2.550000   2.808749E+000   6.345728E-001   2.482124E+000   7.446373E-001   2.174176E+000   1.737487E+000   4.366895E-001
   54101      33     2.550000     2.650000   2.466453E+000   2.833283E-001   1.293271E+000   3.879812E-001   2.183125E+000   9.052896E-001   1.277836E+000
   54101      34     2.650000     2.900000   5.107089E+000   1.130112E-002   1.884322E-001   5.652967E-002   5.095788E+000   1.319026E-001   4.963885E+000
   54101      35     2.900000     3.200000   4.829501E+000   5.166944E-001   2.851752E+000   8.555256E-001   4.312807E+000   1.996226E+000   2.316580E+000
   54101      36     3.200000     3.500000   4.479548E+000   8.624361E-001   3.831819E+000   1.149546E+000   3.617112E+000   2.682274E+000   9.348383E-001
   54101      37     3.500000     3.900000   5.317470E+000   1.208150E+000   4.817193E+000   1.445158E+000   4.109321E+000   3.372035E+000   7.372858E-001
   54101      38     3.900000     5.500000   8.889375E+000   4.720024E-001   2.417853E+000   7.253559E-001   8.417373E+000   1.692497E+000   6.724876E+000
   54101      39     5.500000     6.500000   2.171822E+000   6.329047E-001   2.150686E+000   6.452058E-001   1.538917E+000   1.505480E+000   3.343685E-002
   54101      40     6.500000     7.000000   6.459457E-001   4.605557E-002   3.655186E-001   1.096556E-001   5.998902E-001   2.558630E-001   3.440271E-001
   54101      41     7.000000     9.000000   1.525571E+000   8.665366E-002   4.893948E-001   1.468184E-001   1.438917E+000   3.425763E-001   1.096341E+000
   54101      42     9.000000    20.000000   1.633159E+000   4.155734E-002   3.164441E-001   9.493323E-002   1.591602E+000   2.215109E-001   1.370091E+000
   54201       1     0.200000     0.300000   5.582456E-006   3.540013E-006   2.917776E-006   8.753329E-007   2.042443E-006   2.042443E-006  -9.500338E-015
   54201       2     0.300000     0.345000   2.557270E-003   1.374824E-003   1.689209E-003   5.067628E-004   1.182447E-003   1.182447E-003  -8.478984E-013
   54201       3     0.345000     0.385000   2.512764E-003   1.152240E-003   1.943607E-003   5.830820E-004   1.360525E-003   1.360525E-003   2.284585E-013
   54201       4     0.385000     0.420000   1.293223E-002   5.311610E-003   1.088660E-002   3.265979E-003   7.620618E-003   7.620618E-003  -1.350925E-012
   54201       5     0.420000     0.450000   2.349464E-002   8.965829E-003   2.075544E-002   6.226633E-003   1.452881E-002   1.452881E-002   2.190129E-011
   54201       6     0.450000     0.500000   1.310848E-001   4.710132E-002   1.199763E-001   3.599290E-002   8.398344E-002   8.398344E-002   3.532256E-011
   54201       7     0.500000     0.550000   1.748537E-001   5.938044E-002   1.649618E-001   4.948854E-002   1.154733E-001   1.154733E-001  -7.622407E-011
   54201       8     0.550000     0.610000   2.295775E-001   7.513488E-002   2.206276E-001   6.618829E-002   1.544427E-001   1.544393E-001   3.320852E-006
   54201       9     0.610000     0.690000   5.693172E-001   1.805386E-001   5.553268E-001   1.665980E-001   3.887785E-001   3.887288E-001   4.977294E-005
   54201      10     0.690000     0.780000   2.472789E+000   7.670124E-001   2.436464E+000   7.309393E-001   1.705777E+000   1.705525E+000   2.516098E-004
   54201      11     0.780000     0.800000   1.063069E+000   3.220317E-001   1.044910E+000   3.134731E-001   7.410377E-001   7.314372E-001   9.600479E-003
   54201      12     0.800000     0.870000   5.878988E+000   1.794616E+000   5.814778E+000   1.744434E+000   4.084373E+000   4.070345E+000   1.402777E-002
   54201      13     0.870000     0.880000   8.736691E-001   2.567599E-001   8.543320E-001   2.562996E-001   6.169092E-001   5.980324E-001   1.887675E-002
   54201      14     0.880000     1.030000   2.249240E+001   6.814140E+000   2.235666E+001   6.706998E+000   1.567826E+001   1.564966E+001   2.860265E-002
   54201      15     1.030000     1.080000   9.248799E+000   2.381001E+000   8.586210E+000   2.575863E+000   6.867798E+000   6.010347E+000   8.574507E-001
   54201      16     1.080000     1.140000   1.173685E+001   3.452702E+000   1.159222E+001   3.477665E+000   8.284147E+000   8.114552E+000   1.695957E-001
   54201      17     1.140000     1.200000   1.143670E+001   3.434630E+000   1.139359E+001   3.418078E+000   8.002066E+000   7.975516E+000   2.655028E-002
   54201      18     1.200000     1.240000   8.097833E+000   8.175671E-001   4.454529E+000   1.336359E+000   7.280266E+000   3.118170E+000   4.162095E+000
   54201      19     1.240000     1.280000   7.733813E+000   2.204350E+000   7.568629E+000   2.270589E+000   5.529463E+000   5.298040E+000   2.314234E-001
   54201      20     1.280000     1.340000   1.109154E+001   2.148404E+000   8.982929E+000   2.694879E+000   8.943139E+000   6.288050E+000   2.655088E+000
   54201      21     1.340000     1.420000   1.012492E+001   2.752519E+000   9.681512E+000   2.904453E+000   7.372402E+000   6.777058E+000   5.953435E-001
   54201      22     1.420000     1.460000   4.444646E+000   3.187115E-001   1.671556E+000   5.014668E-001   4.125934E+000   1.170089E+000   2.955845E+000
   54201      23     1.460000     1.490000   3.316959E+000   9.686658E-001   3.281406E+000   9.844218E-001   2.348293E+000   2.296984E+000   5.130894E-002
   54201      24     1.490000     1.520000   3.416012E+000   7.367249E-001   2.924950E+000   8.774849E-001   2.679287E+000   2.047465E+000   6.318218E-001
   54201      25     1.520000     1.680000   2.089115E+001   1.676260E+000   9.403131E+000   2.820939E+000   1.921489E+001   6.582191E+000   1.263270E+001
   54201      26     1.680000     1.740000   7.400301E+000   2.202329E+000   7.373847E+000   2.212154E+000   5.197972E+000   5.161693E+000   3.627954E-002
   54201      27     1.740000     1.820000   6.859941E+000   1.935388E+000   6.704245E+000   2.011273E+000   4.924553E+000   4.692971E+000   2.315820E-001
   54201      28     1.820000     1.940000   7.844991E+000   1.345799E+000   5.791881E+000   1.737564E+000   6.499192E+000   4.054317E+000   2.444875E+000
   54201      29     1.940000     2.200000   1.524385E+001   1.075796E+000   5.057460E+000   1.517238E+000   1.416805E+001   3.540222E+000   1.062783E+001
   54201      30     2.200000     2.300000   5.897529E+000   1.701244E+000   5.813671E+000   1.744101E+000   4.196284E+000   4.069570E+000   1.267149E-001
   54201      31     2.300000     2.450000   6.412228E+000   1.923661E+000   6.410683E+000   1.923205E+000   4.488567E+000   4.487478E+000   1.088745E-003
   54201      32     2.450000     2.550000   2.808749E+000   6.347620E-001   2.482468E+000   7.447405E-001   2.173987E+000   1.737728E+000   4.362594E-001
   54201      33     2.550000     2.650000   2.466453E+000   2.835017E-001   1.293732E+000   3.881195E-001   2.182952E+000   9.056122E-001   1.277339E+000
   54201      34     2.650000     2.900000   5.107089E+000   1.133218E-002   1.887547E-001   5.662642E-002   5.095757E+000   1.321283E-001   4.963629E+000
   54201      35     2.900000     3.200000   4.829501E+000   5.169919E-001   2.852499E+000   8.557498E-001   4.312509E+000   1.996750E+000   2.315759E+000
   54201      36     3.200000     3.500000   4.479548E+000   8.623487E-001   3.831673E+000   1.149502E+000   3.617199E+000   2.682171E+000   9.350282E-001
   54201      37     3.500000     3.900000   5.317470E+000   1.207903E+000   4.816808E+000   1.445042E+000   4.109568E+000   3.371765E+000   7.378022E-001
   54201      38     3.900000     5.500000   8.889375E+000   4.722105E-001   2.418819E+000   7.256456E-001   8.417165E+000   1.693173E+000   6.723992E+000
   54201      39     5.500000     6.500000   2.171822E+000   6.329070E-001   2.150689E+000   6.452066E-001   1.538915E+000   1.505482E+000   3.343262E-002
   54201      40     6.500000     7.000000   6.459457E-001   4.604038E-002   3.654584E-001   1.096375E-001   5.999054E-001   2.558209E-001   3.440844E-001
   54201      41     7.000000     9.000000   1.525571E+000   8.666990E-002   4.893561E-001   1.468068E-001   1.438901E+000   3.425493E-001   1.096352E+000
   54201      42     9.000000    20.000000   1.633159E+000   4.166647E-002   3.169284E-001   9.507852E-002   1.591492E+000   2.218499E-001   1.369643E+000
   54301       1     0.200000     0.300000   5.582456E-006   3.540013E-006   2.917776E-006   8.753329E-007   2.042443E-006   2.042443E-006  -9.500338E-015
   54301       2     0.300000     0.345000   2.557270E-003   1.374824E-003   1.689209E-003   5.067628E-004   1.182447E-003   1.182447E-003  -8.478984E-013
   54301       3     0.345000     0.385000   2.512764E-003   1.152240E-003   1.943607E-003   5.830820E-004   1.360525E-003   1.360525E-003   2.284585E-013
   54301       4     0.385000     0.420000   1.293223E-002   5.311610E-003   1.088660E-002   3.265979E-003   7.620618E-003   7.620618E-003  -2.657155E-012
   54301       5     0.420000     0.450000   2.349464E-002   8.965829E-003   2.075544E-002   6.226633E-003   1.452881E-002   1.452881E-002   2.074117E-011
   54301       6     0.450000     0.500000   1.310848E-001   4.710132E-002   1.199763E-001   3.599290E-002   8.398344E-002   8.398344E-002   2.520652E-011
   54301       7     0.500000     0.550000   1.748537E-001   5.938044E-002   1.649618E-001   4.948854E-002   1.154733E-001   1.154733E-001  -7.791907E-011
   54301       8     0.550000     0.610000   2.295775E-001   7.513488E-002   2.206276E-001   6.618829E-002   1.544427E-001   1.544393E-001   3.321185E-006
   54301       9     0.610000     0.690000   5.693172E-001   1.805386E-001   5.553268E-001   1.665980E-001   3.887785E-001   3.887288E-001   4.977401E-005
   54301      10     0.690000     0.780000   2.472789E+000   7.670124E-001   2.436464E+000   7.309393E-001   1.705777E+000   1.705525E+000   2.516002E-004
   54301      11     0.780000     0.800000   1.063069E+000   3.220317E-001   1.044910E+000   3.134731E-001   7.410377E-001   7.314372E-001   9.600411E-003
   54301      12     0.800000     0.870000   5.878988E+000   1.794615E+000   5.814777E+000   1.744433E+000   4.084373E+000   4.070344E+000   1.402925E-002
   54301      13     0.870000     0.880000   8.736691E-001   2.567610E-001   8.543333E-001   2.563000E-001   6.169080E-001   5.980333E-001   1.887470E-002
   54301      14     0.880000     1.030000   2.249240E+001   6.814140E+000   2.235666E+001   6.706998E+000   1.567826E+001   1.564966E+001   2.860247E-002
   54301      15     1.030000     1.080000   9.248799E+000   2.381019E+000   8.586226E+000   2.575868E+000   6.867779E+000   6.010358E+000   8.574210E-001
   54301      16     1.080000     1.140000   1.173685E+001   3.452703E+000   1.159222E+001   3.477665E+000   8.284146E+000   8.114552E+000   1.695940E-001
   54301      17     1.140000     1.200000   1.143670E+001   3.434631E+000   1.139360E+001   3.418079E+000   8.002066E+000   7.975517E+000   2.654884E-002
   54301      18     1.200000     1.240000   8.097833E+000   8.178582E-001   4.455164E+000   1.336549E+000   7.279975E+000   3.118615E+000   4.161360E+000
   54301      19     1.240000     1.280000   7.733813E+000   2.204373E+000   7.568654E+000   2.270596E+000   5.529441E+000   5.298058E+000   2.313828E-001
   54301      20     1.280000     1.340000   1.109154E+001   2.148508E+000   8.983058E+000   2.694917E+000   8.943034E+000   6.288140E+000   2.654894E+000
   54301      21     1.340000     1.420000   1.012492E+001   2.752580E+000   9.681586E+000   2.904476E+000   7.372341E+000   6.777111E+000   5.952306E-001
   54301      22     1.420000     1.460000   4.444646E+000   3.188711E-001   1.672143E+000   5.016428E-001   4.125775E+000   1.170500E+000   2.955275E+000
   54301      23     1.460000     1.490000   3.316959E+000   9.687453E-001   3.281499E+000   9.844497E-001   2.348214E+000   2.297049E+000   5.116439E-002
   54301      24     1.490000     1.520000   3.416012E+000   7.367829E-001   2.925031E+000   8.775092E-001   2.679229E+000   2.047521E+000   6.317071E-001
   54301      25     1.520000     1.680000   2.089115E+001   1.677132E+000   9.405465E+000   2.821640E+000   1.921402E+001   6.583826E+000   1.263019E+001
   54301      26     1.680000     1.740000   7.400301E+000   2.202360E+000   7.373881E+000   2.212164E+000   5.197942E+000   5.161717E+000   3.622487E-002
   54301      27     1.740000     1.820000   6.859941E+000   1.935631E+000   6.704567E+000   2.011370E+000   4.924310E+000   4.693197E+000   2.311133E-001
   54301      28     1.820000     1.940000   7.844991E+000   1.346230E+000   5.792874E+000   1.737862E+000   6.498761E+000   4.055012E+000   2.443749E+000
   54301      29     1.940000     2.200000   1.524385E+001   1.076152E+000   5.058782E+000   1.517635E+000   1.416770E+001   3.541147E+000   1.062655E+001
   54301      30     2.200000     2.300000   5.897529E+000   1.701277E+000   5.813711E+000   1.744113E+000   4.196251E+000   4.069597E+000   1.266539E-001
   54301      31     2.300000     2.450000   6.412228E+000   1.923663E+000   6.410684E+000   1.923205E+000   4.488565E+000   4.487479E+000   1.086518E-003
   54301      32     2.450000     2.550000   2.808749E+000   6.349496E-001   2.482810E+000   7.448429E-001   2.173800E+000   1.737967E+000   4.358327E-001
   54301      33     2.550000     2.650000   2.466453E+000   2.836735E-001   1.294188E+000   3.882565E-001   2.182780E+000   9.059319E-001   1.276848E+000
   54301      34     2.650000     2.900000   5.107089E+000   1.136308E-002   1.890749E-001   5.672247E-002   5.095726E+000   1.323524E-001   4.963374E+000
   54301      35     2.900000     3.200000   4.829501E+000   5.172872E-001   2.853241E+000   8.559722E-001   4.312214E+000   1.997268E+000   2.314945E+000
   54301      36     3.200000     3.500000   4.479548E+000   8.622619E-001   3.831527E+000   1.149458E+000   3.617286E+000   2.682069E+000   9.352169E-001
   54301      37     3.500000     3.900000   5.317470E+000   1.207656E+000   4.816423E+000   1.444927E+000   4.109814E+000   3.371496E+000   7.383186E-001
   54301      38     3.900000     5.500000   8.889375E+000   4.724171E-001   2.419777E+000   7.259330E-001   8.416958E+000   1.693844E+000   6.723114E+000
   54301      39     5.500000     6.500000   2.171822E+000   6.329093E-001   2.150691E+000   6.452073E-001   1.538912E+000   1.505484E+000   3.342848E-002
   54301      40     6.500000     7.000000   6.459457E-001   4.602530E-002   3.653987E-001   1.096196E-001   5.999204E-001   2.557791E-001   3.441413E-001
   54301      41     7.000000     9.000000   1.525571E+000   8.668599E-002   4.893177E-001   1.467953E-001   1.438885E+000   3.425224E-001   1.096363E+000
   54301      42     9.000000    20.000000   1.633159E+000   4.177465E-002   3.174083E-001   9.522250E-002   1.591384E+000   2.221858E-001   1.369198E+000
   54401       1     0.200000     0.300000   5.582456E-006   3.540013E-006   2.917776E-006   8.753329E-007   2.042443E-006   2.042443E-006  -9.500338E-015
   54401       2     0.300000     0.345000   2.557270E-003   1.374824E-003   1.689209E-003   5.067628E-004   1.182447E-003   1.182447E-003  -8.478984E-013
   54401       3     0.345000     0.385000   2.512764E-003   1.152240E-003   1.943607E-003   5.830820E-004   1.360525E-003   1.360525E-003   2.284585E-013
   54401       4     0.385000     0.420000   1.293223E-002   5.311610E-003   1.088660E-002   3.265979E-003   7.620618E-003   7.620618E-003  -3.029143E-012
   54401       5     0.420000     0.450000   2.349464E-002   8.965829E-003   2.075544E-002   6.226633E-003   1.452881E-002   1.452881E-002   1.939941E-011
   54401       6     0.450000     0.500000   1.310848E-001   4.710132E-002   1.199763E-001   3.599290E-002   8.398344E-002   8.398344E-002   2.817123E-011
   54401       7     0.500000     0.550000   1.748537E-001   5.938044E-002   1.649618E-001   4.948854E-002   1.154733E-001   1.154733E-001  -8.182061E-011
   54401       8     0.550000     0.610000   2.295775E-001   7.513487E-002   2.206276E-001   6.618829E-002   1.544427E-001   1.544393E-001   3.321515E-006
   54401       9     0.610000     0.690000   5.693172E-001   1.805386E-001   5.553268E-001   1.665980E-001   3.887785E-001   3.887288E-001   4.977506E-005
   54401      10     0.690000     0.780000   2.472789E+000   7.670124E-001   2.436465E+000   7.309394E-001   1.705777E+000   1.705525E+000   2.515907E-004
   54401      11     0.780000     0.800000   1.063069E+000   3.220318E-001   1.044910E+000   3.134731E-001   7.410376E-001   7.314373E-001   9.600342E-003
   54401      12     0.800000     0.870000   5.878988E+000   1.794614E+000   5.814776E+000   1.744433E+000   4.084374E+000   4.070343E+000   1.403072E-002
   54401      13     0.870000     0.880000   8.736691E-001   2.567622E-001   8.543346E-001   2.563004E-001   6.169069E-001   5.980342E-001   1.887267E-002
   54401      14     0.880000     1.030000   2.249240E+001   6.814140E+000   2.235666E+001   6.706998E+000   1.567826E+001   1.564966E+001   2.860230E-002
   54401      15     1.030000     1.080000   9.248799E+000   2.381038E+000   8.586242E+000   2.575873E+000   6.867761E+000   6.010370E+000   8.573915E-001
   54401      16     1.080000     1.140000   1.173685E+001   3.452704E+000   1.159222E+001   3.477666E+000   8.284145E+000   8.114553E+000   1.695923E-001
   54401      17     1.140000     1.200000   1.143670E+001   3.434632E+000   1.139360E+001   3.418079E+000   8.002065E+000   7.975517E+000   2.654742E-002
   54401      18     1.200000     1.240000   8.097833E+000   8.181475E-001   4.455794E+000   1.336738E+000   7.279685E+000   3.119056E+000   4.160629E+000
   54401      19     1.240000     1.280000   7.733813E+000   2.204395E+000   7.568680E+000   2.270604E+000   5.529418E+000   5.298076E+000   2.313426E-001
   54401      20     1.280000     1.340000   1.109154E+001   2.148612E+000   8.983185E+000   2.694956E+000   8.942931E+000   6.288230E+000   2.654701E+000
   54401      21     1.340000     1.420000   1.012492E+001   2.752640E+000   9.681661E+000   2.904498E+000   7.372281E+000   6.777163E+000   5.951185E-001
   54401      22     1.420000     1.460000   4.444646E+000   3.190294E-001   1.672725E+000   5.018174E-001   4.125616E+000   1.170907E+000   2.954709E+000
   54401      23     1.460000     1.490000   3.316959E+000   9.688237E-001   3.281591E+000   9.844772E-001   2.348135E+000   2.297113E+000   5.102187E-002
   54401      24     1.490000     1.520000   3.416012E+000   7.368405E-001   2.925111E+000   8.775333E-001   2.679171E+000   2.047578E+000   6.315935E-001
   54401      25     1.520000     1.680000   2.089115E+001   1.677999E+000   9.407783E+000   2.822335E+000   1.921315E+001   6.585448E+000   1.262770E+001
   54401      26     1.680000     1.740000   7.400301E+000   2.202390E+000   7.373915E+000   2.212175E+000   5.197912E+000   5.161741E+000   3.617084E-002
   54401      27     1.740000     1.820000   6.859941E+000   1.935872E+000   6.704886E+000   2.011466E+000   4.924070E+000   4.693420E+000   2.306495E-001
   54401      28     1.820000     1.940000   7.844991E+000   1.346658E+000   5.793859E+000   1.738158E+000   6.498333E+000   4.055701E+000   2.442632E+000
   54401      29     1.940000     2.200000   1.524385E+001   1.076504E+000   5.060091E+000   1.518027E+000   1.416735E+001   3.542064E+000   1.062528E+001
   54401      30     2.200000     2.300000   5.897529E+000   1.701310E+000   5.813750E+000   1.744125E+000   4.196219E+000   4.069625E+000   1.265933E-001
   54401      31     2.300000     2.450000   6.412228E+000   1.923664E+000   6.410685E+000   1.923206E+000   4.488564E+000   4.487480E+000   1.084316E-003
   54401      32     2.450000     2.550000   2.808749E+000   6.351357E-001   2.483148E+000   7.449445E-001   2.173614E+000   1.738204E+000   4.354098E-001
   54401      33     2.550000     2.650000   2.466453E+000   2.838432E-001   1.294640E+000   3.883921E-001   2.182610E+000   9.062483E-001   1.276362E+000
   54401      34     2.650000     2.900000   5.107089E+000   1.139377E-002   1.893922E-001   5.681767E-002   5.095695E+000   1.325746E-001   4.963121E+000
   54401      35     2.900000     3.200000   4.829501E+000   5.175801E-001   2.853976E+000   8.561928E-001   4.311921E+000   1.997783E+000   2.314138E+000
   54401      36     3.200000     3.500000   4.479548E+000   8.621756E-001   3.831383E+000   1.149415E+000   3.617372E+000   2.681968E+000   9.354045E-001
   54401      37     3.500000     3.900000   5.317470E+000   1.207410E+000   4.816038E+000   1.444811E+000   4.110060E+000   3.371227E+000   7.388337E-001
   54401      38     3.900000     5.500000   8.889375E+000   4.726221E-001   2.420727E+000   7.262181E-001   8.416753E+000   1.694509E+000   6.722244E+000
   54401      39     5.500000     6.500000   2.171822E+000   6.329116E-001   2.150694E+000   6.452081E-001   1.538910E+000   1.505486E+000   3.342447E-002
   54401      40     6.500000     7.000000   6.459457E-001   4.601033E-002   3.653394E-001   1.096018E-001   5.999354E-001   2.557376E-001   3.441978E-001
   54401      41     7.000000     9.000000   1.525571E+000   8.670195E-002   4.892797E-001   1.467839E-001   1.438869E+000   3.424958E-001   1.096373E+000
   54401      42     9.000000    20.000000   1.633159E+000   4.188140E-002   3.178822E-001   9.536467E-002   1.591278E+000   2.225176E-001   1.368760E+000
   54501       1     0.200000     0.300000   5.582456E-006   3.540013E-006   2.917776E-006   8.753329E-007   2.042443E-006   2.042443E-006  -9.500338E-015
   54501       2     0.300000     0.345000   2.557270E-003   1.374824E-003   1.689209E-003   5.067628E-004   1.182447E-003   1.182447E-003  -8.478984E-013
   54501       3     0.345000     0.385000   2.512764E-003   1.152240E-003   1.943607E-003   5.830820E-004   1.360525E-003   1.360525E-003   2.284585E-013
   54501       4     0.385000     0.420000   1.293223E-002   5.311610E-003   1.088660E-002   3.265979E-003   7.620618E-003   7.620618E-003  -3.029143E-012
   54501       5     0.420000     0.450000   2.349464E-002   8.965829E-003   2.075544E-002   6.226633E-003   1.452881E-002   1.452881E-002   1.924875E-011
   54501       6     0.450000     0.500000   1.310848E-001   4.710132E-002   1.199763E-001   3.599290E-002   8.398344E-002   8.398344E-002   1.902663E-011
   54501       7     0.500000     0.550000   1.748537E-001   5.938044E-002   1.649618E-001   4.948854E-002   1.154733E-001   1.154733E-001  -7.811599E-011
   54501       8     0.550000     0.610000   2.295775E-001   7.513487E-002   2.206276E-001   6.618829E-002   1.544427E-001   1.544393E-001   3.321843E-006
   54501       9     0.610000     0.690000   5.693172E-001   1.805386E-001   5.553268E-001   1.665980E-001   3.887785E-001   3.887288E-001   4.977611E-005
   54501      10     0.690000     0.780000   2.472789E+000   7.670124E-001   2.436465E+000   7.309394E-001   1.705777E+000   1.705525E+000   2.515813E-004
   54501      11     0.780000     0.800000   1.063069E+000   3.220318E-001   1.044910E+000   3.134731E-001   7.410376E-001   7.314373E-001   9.600274E-003
   54501      12     0.800000     0.870000   5.878988E+000   1.794613E+000   5.814775E+000   1.744433E+000   4.084375E+000   4.070343E+000   1.403218E-002
   54501      13     0.870000     0.880000   8.736691E-001   2.567633E-001   8.543359E-001   2.563008E-001   6.169058E-001   5.980351E-001   1.887065E-002
   54501      14     0.880000     1.030000   2.249240E+001   6.814140E+000   2.235666E+001   6.706998E+000   1.567826E+001   1.564966E+001   2.860212E-002
   54501      15     1.030000     1.080000   9.248799E+000   2.381056E+000   8.586258E+000   2.575878E+000   6.867743E+000   6.010381E+000   8.573622E-001
   54501      16     1.080000     1.140000   1.173685E+001   3.452705E+000   1.159222E+001   3.477666E+000   8.284144E+000   8.114554E+000   1.695907E-001
   54501      17     1.140000     1.200000   1.143670E+001   3.434633E+000   1.139360E+001   3.418079E+000   8.002064E+000   7.975518E+000   2.654602E-002
   54501      18     1.200000     1.240000   8.097833E+000   8.184348E-001   4.456420E+000   1.336926E+000   7.279398E+000   3.119494E+000   4.159904E+000
   54501      19     1.240000     1.280000   7.733813E+000   2.204417E+000   7.568705E+000   2.270611E+000   5.529396E+000   5.298093E+000   2.313028E-001
   54501      20     1.280000     1.340000   1.109154E+001   2.148715E+000   8.983312E+000   2.694994E+000   8.942828E+000   6.288319E+000   2.654509E+000
   54501      21     1.340000     1.420000   1.012492E+001   2.752699E+000   9.681735E+000   2.904520E+000   7.372222E+000   6.777214E+000   5.950073E-001
   54501      22     1.420000     1.460000   4.444646E+000   3.191869E-001   1.673303E+000   5.019910E-001   4.125459E+000   1.171312E+000   2.954146E+000
   54501      23     1.460000     1.490000   3.316959E+000   9.689015E-001   3.281682E+000   9.845045E-001   2.348057E+000   2.297177E+000   5.088033E-002
   54501      24     1.490000     1.520000   3.416012E+000   7.368976E-001   2.925190E+000   8.775571E-001   2.679114E+000   2.047633E+000   6.314807E-001
   54501      25     1.520000     1.680000   2.089115E+001   1.678859E+000   9.410086E+000   2.823026E+000   1.921229E+001   6.587060E+000   1.262523E+001
   54501      26     1.680000     1.740000   7.400301E+000   2.202420E+000   7.373949E+000   2.212185E+000   5.197882E+000   5.161764E+000   3.611720E-002
   54501      27     1.740000     1.820000   6.859941E+000   1.936111E+000   6.705203E+000   2.011561E+000   4.923831E+000   4.693642E+000   2.301887E-001
   54501      28     1.820000     1.940000   7.844991E+000   1.347083E+000   5.794838E+000   1.738451E+000   6.497908E+000   4.056386E+000   2.441522E+000
   54501      29     1.940000     2.200000   1.524385E+001   1.076854E+000   5.061393E+000   1.518418E+000   1.416700E+001   3.542975E+000   1.062402E+001
   54501      30     2.200000     2.300000   5.897529E+000   1.701343E+000   5.813790E+000   1.744137E+000   4.196186E+000   4.069653E+000   1.265332E-001
   54501      31     2.300000     2.450000   6.412228E+000   1.923665E+000   6.410687E+000   1.923206E+000   4.488563E+000   4.487481E+000   1.082130E-003
   54501      32     2.450000     2.550000   2.808749E+000   6.353206E-001   2.483485E+000   7.450454E-001   2.173429E+000   1.738439E+000   4.349895E-001
   54501      33     2.550000     2.650000   2.466453E+000   2.840122E-001   1.295090E+000   3.885269E-001   2.182441E+000   9.065629E-001   1.275878E+000
   54501      34     2.650000     2.900000   5.107089E+000   1.142439E-002   1.897084E-001   5.691252E-002   5.095665E+000   1.327959E-001   4.962869E+000
   54501      35     2.900000     3.200000   4.829501E+000   5.178712E-001   2.854707E+000   8.564120E-001   4.311630E+000   1.998295E+000   2.313335E+000
   54501      36     3.200000     3.500000   4.479548E+000   8.620898E-001   3.831239E+000   1.149372E+000   3.617458E+000   2.681867E+000   9.355910E-001
   54501      37     3.500000     3.900000   5.317470E+000   1.207166E+000   4.815657E+000   1.444697E+000   4.110305E+000   3.370960E+000   7.393452E-001
   54501      38     3.900000     5.500000   8.889375E+000   4.728264E-001   2.421672E+000   7.265017E-001   8.416549E+000   1.695171E+000   6.721378E+000
   54501      39     5.500000     6.500000   2.171822E+000   6.329138E-001   2.150696E+000   6.452088E-001   1.538908E+000   1.505487E+000   3.342049E-002
   54501      40     6.500000     7.000000   6.459457E-001   4.599546E-002   3.652805E-001   1.095841E-001   5.999503E-001   2.556963E-001   3.442539E-001
   54501      41     7.000000     9.000000   1.525571E+000   8.671777E-002   4.892419E-001   1.467726E-001   1.438853E+000   3.424694E-001   1.096384E+000
   54501      42     9.000000    20.000000   1.633159E+000   4.198793E-002   3.183546E-001   9.550638E-002   1.591171E+000   2.228482E-001   1.368323E+000
   54601       1     0.200000     0.300000   5.582456E-006   3.540013E-006   2.917776E-006   8.753329E-007   2.042443E-006   2.042443E-006  -9.500338E-015
   54601       2     0.300000     0.345000   2.557270E-003   1.374824E-003   1.689209E-003   5.067628E-004   1.182447E-003   1.182447E-003  -8.478984E-013
   54601       3     0.345000     0.385000   2.512764E-003   1.152240E-003   1.943607E-003   5.830820E-004   1.360525E-003   1.360525E-003   8.579595E-014
   54601       4     0.385000     0.420000   1.293223E-002   5.311610E-003   1.088660E-002   3.265979E-003   7.620618E-003   7.620618E-003  -3.490946E-012
   54601       5     0.420000     0.450000   2.349464E-002   8.965829E-003   2.075544E-002   6.226633E-003   1.452881E-002   1.452881E-002   1.774562E-011
   54601       6     0.450000     0.500000   1.310848E-001   4.710132E-002   1.199763E-001   3.599290E-002   8.398344E-002   8.398344E-002   2.435367E-011
   54601       7     0.500000     0.550000   1.748537E-001   5.938044E-002   1.649618E-001   4.948854E-002   1.154733E-001   1.154733E-001  -7.454078E-011
   54601       8     0.550000     0.610000   2.295775E-001   7.513487E-002   2.206276E-001   6.618828E-002   1.544427E-001   1.544393E-001   3.322168E-006
   54601       9     0.610000     0.690000   5.693172E-001   1.805386E-001   5.553268E-001   1.665980E-001   3.887785E-001   3.887288E-001   4.977716E-005
   54601      10     0.690000     0.780000   2.472789E+000   7.670124E-001   2.436465E+000   7.309394E-001   1.705777E+000   1.705525E+000   2.515719E-004
   54601      11     0.780000     0.800000   1.063069E+000   3.220319E-001   1.044910E+000   3.134731E-001   7.410375E-001   7.314373E-001   9.600207E-003
   54601      12     0.800000     0.870000   5.878988E+000   1.794613E+000   5.814774E+000   1.744432E+000   4.084376E+000   4.070342E+000   1.403363E-002
   54601      13     0.870000     0.880000   8.736691E-001   2.567644E-001   8.543372E-001   2.563012E-001   6.169047E-001   5.980360E-001   1.886865E-002
   54601      14     0.880000     1.030000   2.249240E+001   6.814140E+000   2.235666E+001   6.706998E+000   1.567826E+001   1.564966E+001   2.860195E-002
   54601      15     1.030000     1.080000   9.248799E+000   2.381073E+000   8.586274E+000   2.575882E+000   6.867725E+000   6.010392E+000   8.573332E-001
   54601      16     1.080000     1.140000   1.173685E+001   3.452706E+000   1.159222E+001   3.477666E+000   8.284143E+000   8.114554E+000   1.695891E-001
   54601      17     1.140000     1.200000   1.143670E+001   3.434634E+000   1.139360E+001   3.418079E+000   8.002063E+000   7.975519E+000   2.654462E-002
   54601      18     1.200000     1.240000   8.097833E+000   8.187202E-001   4.457042E+000   1.337113E+000   7.279112E+000   3.119930E+000   4.159183E+000
   54601      19     1.240000     1.280000   7.733813E+000   2.204439E+000   7.568730E+000   2.270619E+000   5.529374E+000   5.298111E+000   2.312633E-001
   54601      20     1.280000     1.340000   1.109154E+001   2.148817E+000   8.983438E+000   2.695031E+000   8.942726E+000   6.288407E+000   2.654319E+000
   54601      21     1.340000     1.420000   1.012492E+001   2.752759E+000   9.681808E+000   2.904542E+000   7.372162E+000   6.777265E+000   5.948969E-001
   54601      22     1.420000     1.460000   4.444646E+000   3.193437E-001   1.673879E+000   5.021637E-001   4.125302E+000   1.171715E+000   2.953587E+000
   54601      23     1.460000     1.490000   3.316959E+000   9.689788E-001   3.281772E+000   9.845316E-001   2.347980E+000   2.297240E+000   5.073978E-002
   54601      24     1.490000     1.520000   3.416012E+000   7.369542E-001   2.925269E+000   8.775808E-001   2.679057E+000   2.047689E+000   6.313687E-001
   54601      25     1.520000     1.680000   2.089115E+001   1.679715E+000   9.412373E+000   2.823712E+000   1.921143E+001   6.588661E+000   1.262277E+001
   54601      26     1.680000     1.740000   7.400301E+000   2.202450E+000   7.373983E+000   2.212195E+000   5.197852E+000   5.161788E+000   3.606394E-002
   54601      27     1.740000     1.820000   6.859941E+000   1.936348E+000   6.705517E+000   2.011655E+000   4.923593E+000   4.693862E+000   2.297309E-001
   54601      28     1.820000     1.940000   7.844991E+000   1.347506E+000   5.795810E+000   1.738743E+000   6.497485E+000   4.057067E+000   2.440419E+000
   54601      29     1.940000     2.200000   1.524385E+001   1.077202E+000   5.062688E+000   1.518806E+000   1.416665E+001   3.543881E+000   1.062277E+001
   54601      30     2.200000     2.300000   5.897529E+000   1.701375E+000   5.813829E+000   1.744149E+000   4.196154E+000   4.069680E+000   1.264735E-001
   54601      31     2.300000     2.450000   6.412228E+000   1.923666E+000   6.410688E+000   1.923206E+000   4.488562E+000   4.487482E+000   1.079960E-003
   54601      32     2.450000     2.550000   2.808749E+000   6.355044E-001   2.483819E+000   7.451456E-001   2.173245E+000   1.738673E+000   4.345718E-001
   54601      33     2.550000     2.650000   2.466453E+000   2.841804E-001   1.295537E+000   3.886610E-001   2.182273E+000   9.068757E-001   1.275397E+000
   54601      34     2.650000     2.900000   5.107089E+000   1.145493E-002   1.900233E-001   5.700699E-002   5.095634E+000   1.330163E-001   4.962618E+000
   54601      35     2.900000     3.200000   4.829501E+000   5.181604E-001   2.855432E+000   8.566297E-001   4.311341E+000   1.998803E+000   2.312538E+000
   54601      36     3.200000     3.500000   4.479548E+000   8.620046E-001   3.831096E+000   1.149329E+000   3.617543E+000   2.681767E+000   9.357763E-001
   54601      37     3.500000     3.900000   5.317470E+000   1.206923E+000   4.815278E+000   1.444583E+000   4.110548E+000   3.370694E+000   7.398532E-001
   54601      38     3.900000     5.500000   8.889375E+000   4.730300E-001   2.422613E+000   7.267840E-001   8.416345E+000   1.695829E+000   6.720516E+000
   54601      39     5.500000     6.500000   2.171822E+000   6.329160E-001   2.150699E+000   6.452096E-001   1.538906E+000   1.505489E+000   3.341655E-002
   54601      40     6.500000     7.000000   6.459457E-001   4.598069E-002   3.652219E-001   1.095666E-001   5.999650E-001   2.556553E-001   3.443097E-001
   54601      41     7.000000     9.000000   1.525571E+000   8.673346E-002   4.892045E-001   1.467614E-001   1.438838E+000   3.424432E-001   1.096394E+000
   54601      42     9.000000    20.000000   1.633159E+000   4.209423E-002   3.188253E-001   9.564759E-002   1.591065E+000   2.231777E-001   1.367887E+000
   54701       1     0.200000     0.300000   5.582456E-006   3.540013E-006   2.917776E-006   8.753329E-007   2.042443E-006   2.042443E-006  -9.500338E-015
   54701       2     0.300000     0.345000   2.557270E-003   1.374824E-003   1.689209E-003   5.067628E-004   1.182447E-003   1.182447E-003  -8.478984E-013
   54701       3     0.345000     0.385000   2.512764E-003   1.152240E-003   1.943607E-003   5.830820E-004   1.360525E-003   1.360525E-003   2.707600E-013
   54701       4     0.385000     0.420000   1.293223E-002   5.311610E-003   1.088660E-002   3.265979E-003   7.620618E-003   7.620618E-003  -4.047570E-012
   54701       5     0.420000     0.450000   2.349464E-002   8.965829E-003   2.075544E-002   6.226633E-003   1.452881E-002   1.452881E-002   2.017528E-011
   54701       6     0.450000     0.500000   1.310848E-001   4.710132E-002   1.199763E-001   3.599290E-002   8.398344E-002   8.398344E-002   1.150836E-011
   54701       7     0.500000     0.550000   1.748537E-001   5.938044E-002   1.649618E-001   4.948854E-002   1.154733E-001   1.154733E-001  -8.249343E-011
   54701       8     0.550000     0.610000   2.295775E-001   7.513487E-002   2.206276E-001   6.618828E-002   1.544427E-001   1.544393E-001   3.322491E-006
   54701       9     0.610000     0.690000   5.693172E-001   1.805386E-001   5.553268E-001   1.665980E-001   3.887785E-001   3.887288E-001   4.977819E-005
   54701      10     0.690000     0.780000   2.472789E+000   7.670124E-001   2.436465E+000   7.309394E-001   1.705777E+000   1.705525E+000   2.515626E-004
   54701      11     0.780000     0.800000   1.063069E+000   3.220319E-001   1.044911E+000   3.134732E-001   7.410375E-001   7.314374E-001   9.600140E-003
   54701      12     0.800000     0.870000   5.878988E+000   1.794612E+000   5.814773E+000   1.744432E+000   4.084376E+000   4.070341E+000   1.403507E-002
   54701      13     0.870000     0.880000   8.736691E-001   2.567655E-001   8.543384E-001   2.563015E-001   6.169036E-001   5.980369E-001   1.886666E-002
   54701      14     0.880000     1.030000   2.249240E+001   6.814140E+000   2.235666E+001   6.706998E+000   1.567826E+001   1.564966E+001   2.860178E-002
   54701      15     1.030000     1.080000   9.248799E+000   2.381091E+000   8.586290E+000   2.575887E+000   6.867708E+000   6.010403E+000   8.573043E-001
   54701      16     1.080000     1.140000   1.173685E+001   3.452707E+000   1.159222E+001   3.477666E+000   8.284142E+000   8.114555E+000   1.695874E-001
   54701      17     1.140000     1.200000   1.143670E+001   3.434634E+000   1.139360E+001   3.418080E+000   8.002062E+000   7.975519E+000   2.654323E-002
   54701      18     1.200000     1.240000   8.097833E+000   8.190038E-001   4.457660E+000   1.337298E+000   7.278829E+000   3.120362E+000   4.158467E+000
   54701      19     1.240000     1.280000   7.733813E+000   2.204461E+000   7.568755E+000   2.270626E+000   5.529352E+000   5.298128E+000   2.312240E-001
   54701      20     1.280000     1.340000   1.109154E+001   2.148918E+000   8.983563E+000   2.695069E+000   8.942625E+000   6.288494E+000   2.654130E+000
   54701      21     1.340000     1.420000   1.012492E+001   2.752817E+000   9.681881E+000   2.904564E+000   7.372104E+000   6.777316E+000   5.947873E-001
   54701      22     1.420000     1.460000   4.444646E+000   3.194996E-001   1.674451E+000   5.023354E-001   4.125146E+000   1.172116E+000   2.953030E+000
   54701      23     1.460000     1.490000   3.316959E+000   9.690555E-001   3.281862E+000   9.845585E-001   2.347903E+000   2.297303E+000   5.060022E-002
   54701      24     1.490000     1.520000   3.416012E+000   7.370105E-001   2.925348E+000   8.776044E-001   2.679001E+000   2.047744E+000   6.312575E-001
   54701      25     1.520000     1.680000   2.089115E+001   1.680565E+000   9.414645E+000   2.824393E+000   1.921058E+001   6.590251E+000   1.262033E+001
   54701      26     1.680000     1.740000   7.400301E+000   2.202479E+000   7.374016E+000   2.212205E+000   5.197822E+000   5.161811E+000   3.601106E-002
   54701      27     1.740000     1.820000   6.859941E+000   1.936584E+000   6.705830E+000   2.011749E+000   4.923357E+000   4.694081E+000   2.292762E-001
   54701      28     1.820000     1.940000   7.844991E+000   1.347926E+000   5.796776E+000   1.739033E+000   6.497065E+000   4.057743E+000   2.439322E+000
   54701      29     1.940000     2.200000   1.524385E+001   1.077548E+000   5.063975E+000   1.519193E+000   1.416630E+001   3.544783E+000   1.062152E+001
   54701      30     2.200000     2.300000   5.897529E+000   1.701407E+000   5.813867E+000   1.744160E+000   4.196121E+000   4.069707E+000   1.264143E-001
   54701      31     2.300000     2.450000   6.412228E+000   1.923668E+000   6.410690E+000   1.923207E+000   4.488560E+000   4.487483E+000   1.077806E-003
   54701      32     2.450000     2.550000   2.808749E+000   6.356871E-001   2.484151E+000   7.452452E-001   2.173062E+000   1.738905E+000   4.341568E-001
   54701      33     2.550000     2.650000   2.466453E+000   2.843477E-001   1.295981E+000   3.887943E-001   2.182106E+000   9.071866E-001   1.274919E+000
   54701      34     2.650000     2.900000   5.107089E+000   1.148539E-002   1.903370E-001   5.710109E-002   5.095604E+000   1.332359E-001   4.962368E+000
   54701      35     2.900000     3.200000   4.829501E+000   5.184479E-001   2.856153E+000   8.568459E-001   4.311053E+000   1.999307E+000   2.311746E+000
   54701      36     3.200000     3.500000   4.479548E+000   8.619199E-001   3.830954E+000   1.149286E+000   3.617628E+000   2.681668E+000   9.359603E-001
   54701      37     3.500000     3.900000   5.317470E+000   1.206682E+000   4.814901E+000   1.444470E+000   4.110788E+000   3.370431E+000   7.403576E-001
   54701      38     3.900000     5.500000   8.889375E+000   4.732328E-001   2.423549E+000   7.270648E-001   8.416142E+000   1.696484E+000   6.719658E+000
   54701      39     5.500000     6.500000   2.171822E+000   6.329182E-001   2.150701E+000   6.452103E-001   1.538903E+000   1.505491E+000   3.341263E-002
   54701      40     6.500000     7.000000   6.459457E-001   4.596603E-002   3.651638E-001   1.095491E-001   5.999797E-001   2.556147E-001   3.443650E-001
   54701      41     7.000000     9.000000   1.525571E+000   8.674902E-002   4.891674E-001   1.467502E-001   1.438822E+000   3.424172E-001   1.096405E+000
   54701      42     9.000000    20.000000   1.633159E+000   4.220027E-002   3.192943E-001   9.578829E-002   1.590959E+000   2.235060E-001   1.367453E+000
   54801       1     0.200000     0.300000   5.582456E-006   3.540013E-006   2.917776E-006   8.753329E-007   2.042443E-006   2.042443E-006  -9.500338E-015
   54801       2     0.300000     0.345000   2.557270E-003   1.374824E-003   1.689209E-003   5.067628E-004   1.182447E-003   1.182447E-003  -8.478984E-013
   54801       3     0.345000     0.385000   2.512764E-003   1.152240E-003   1.943607E-003   5.830820E-004   1.360525E-003   1.360525E-003   2.707600E-013
   54801       4     0.385000     0.420000   1.293223E-002   5.311610E-003   1.088660E-002   3.265979E-003   7.620618E-003   7.620618E-003  -2.908569E-012
   54801       5     0.420000     0.450000   2.349464E-002   8.965829E-003   2.075544E-002   6.226633E-003   1.452881E-002   1.452881E-002   1.770900E-011
   54801       6     0.450000     0.500000   1.310848E-001   4.710132E-002   1.199763E-001   3.599290E-002   8.398344E-002   8.398344E-002   5.146494E-012
   54801       7     0.500000     0.550000   1.748537E-001   5.938044E-002   1.649618E-001   4.948854E-002   1.154733E-001   1.154733E-001  -8.917334E-011
   54801       8     0.550000     0.610000   2.295775E-001   7.513487E-002   2.206276E-001   6.618828E-002   1.544427E-001   1.544393E-001   3.322811E-006
   54801       9     0.610000     0.690000   5.693172E-001   1.805386E-001   5.553268E-001   1.665980E-001   3.887785E-001   3.887288E-001   4.977922E-005
   54801      10     0.690000     0.780000   2.472789E+000   7.670124E-001   2.436465E+000   7.309394E-001   1.705777E+000   1.705525E+000   2.515534E-004
   54801      11     0.780000     0.800000   1.063069E+000   3.220320E-001   1.044911E+000   3.134732E-001   7.410375E-001   7.314374E-001   9.600074E-003
   54801      12     0.800000     0.870000   5.878988E+000   1.794611E+000   5.814772E+000   1.744432E+000   4.084377E+000   4.070341E+000   1.403650E-002
   54801      13     0.870000     0.880000   8.736691E-001   2.567666E-001   8.543397E-001   2.563019E-001   6.169025E-001   5.980378E-001   1.886469E-002
   54801      14     0.880000     1.030000   2.249240E+001   6.814141E+000   2.235666E+001   6.706998E+000   1.567826E+001   1.564966E+001   2.860161E-002
   54801      15     1.030000     1.080000   9.248799E+000   2.381109E+000   8.586306E+000   2.575892E+000   6.867690E+000   6.010414E+000   8.572757E-001
   54801      16     1.080000     1.140000   1.173685E+001   3.452708E+000   1.159222E+001   3.477667E+000   8.284141E+000   8.114556E+000   1.695858E-001
   54801      17     1.140000     1.200000   1.143670E+001   3.434635E+000   1.139360E+001   3.418080E+000   8.002062E+000   7.975520E+000   2.654186E-002
   54801      18     1.200000     1.240000   8.097833E+000   8.192854E-001   4.458273E+000   1.337482E+000   7.278547E+000   3.120791E+000   4.157756E+000
   54801      19     1.240000     1.280000   7.733813E+000   2.204483E+000   7.568779E+000   2.270634E+000   5.529331E+000   5.298146E+000   2.311850E-001
   54801      20     1.280000     1.340000   1.109154E+001   2.149019E+000   8.983687E+000   2.695106E+000   8.942524E+000   6.288581E+000   2.653943E+000
   54801      21     1.340000     1.420000   1.012492E+001   2.752876E+000   9.681953E+000   2.904586E+000   7.372045E+000   6.777367E+000   5.946784E-001
   54801      22     1.420000     1.460000   4.444646E+000   3.196548E-001   1.675020E+000   5.025061E-001   4.124991E+000   1.172514E+000   2.952477E+000
   54801      23     1.460000     1.490000   3.316959E+000   9.691318E-001   3.281951E+000   9.845852E-001   2.347827E+000   2.297366E+000   5.046161E-002
   54801      24     1.490000     1.520000   3.416012E+000   7.370664E-001   2.925426E+000   8.776277E-001   2.678945E+000   2.047798E+000   6.311471E-001
   54801      25     1.520000     1.680000   2.089115E+001   1.681410E+000   9.416902E+000   2.825070E+000   1.920974E+001   6.591831E+000   1.261791E+001
   54801      26     1.680000     1.740000   7.400301E+000   2.202508E+000   7.374049E+000   2.212215E+000   5.197793E+000   5.161834E+000   3.595856E-002
   54801      27     1.740000     1.820000   6.859941E+000   1.936819E+000   6.706140E+000   2.011842E+000   4.923123E+000   4.694298E+000   2.288245E-001
   54801      28     1.820000     1.940000   7.844991E+000   1.348343E+000   5.797736E+000   1.739321E+000   6.496648E+000   4.058415E+000   2.438233E+000
   54801      29     1.940000     2.200000   1.524385E+001   1.077892E+000   5.065255E+000   1.519577E+000   1.416596E+001   3.545679E+000   1.062028E+001
   54801      30     2.200000     2.300000   5.897529E+000   1.701439E+000   5.813906E+000   1.744172E+000   4.196090E+000   4.069734E+000   1.263555E-001
   54801      31     2.300000     2.450000   6.412228E+000   1.923669E+000   6.410691E+000   1.923207E+000   4.488559E+000   4.487484E+000   1.075667E-003
   54801      32     2.450000     2.550000   2.808749E+000   6.358686E-001   2.484480E+000   7.453441E-001   2.172881E+000   1.739136E+000   4.337443E-001
   54801      33     2.550000     2.650000   2.466453E+000   2.845142E-001   1.296423E+000   3.889268E-001   2.181939E+000   9.074958E-001   1.274443E+000
   54801      34     2.650000     2.900000   5.107089E+000   1.151577E-002   1.906494E-001   5.719482E-002   5.095573E+000   1.334546E-001   4.962119E+000
   54801      35     2.900000     3.200000   4.829501E+000   5.187335E-001   2.856869E+000   8.570608E-001   4.310767E+000   1.999808E+000   2.310959E+000
   54801      36     3.200000     3.500000   4.479548E+000   8.618358E-001   3.830813E+000   1.149244E+000   3.617712E+000   2.681569E+000   9.361432E-001
   54801      37     3.500000     3.900000   5.317470E+000   1.206443E+000   4.814527E+000   1.444358E+000   4.111028E+000   3.370169E+000   7.408585E-001
   54801      38     3.900000     5.500000   8.889375E+000   4.734349E-001   2.424481E+000   7.273442E-001   8.415940E+000   1.697136E+000   6.718804E+000
   54801      39     5.500000     6.500000   2.171822E+000   6.329204E-001   2.150703E+000   6.452110E-001   1.538901E+000   1.505492E+000   3.340876E-002
   54801      40     6.500000     7.000000   6.459457E-001   4.595147E-002   3.651060E-001   1.095318E-001   5.999943E-001   2.555742E-001   3.444200E-001
   54801      41     7.000000     9.000000   1.525571E+000   8.676444E-002   4.891306E-001   1.467392E-001   1.438807E+000   3.423914E-001   1.096415E+000
   54801      42     9.000000    20.000000   1.633159E+000   4.230608E-002   3.197617E-001   9.592851E-002   1.590853E+000   2.238332E-001   1.367020E+000
   54901       1     0.200000     0.300000   5.582456E-006   3.540013E-006   2.917776E-006   8.753329E-007   2.042443E-006   2.042443E-006  -9.500338E-015
   54901       2     0.300000     0.345000   2.557270E-003   1.374824E-003   1.689209E-003   5.067628E-004   1.182447E-003   1.182447E-003  -8.478984E-013
   54901       3     0.345000     0.385000   2.512764E-003   1.152240E-003   1.943607E-003   5.830820E-004   1.360525E-003   1.360525E-003  -1.440579E-013
   54901       4     0.385000     0.420000   1.293223E-002   5.311610E-003   1.088660E-002   3.265979E-003   7.620618E-003   7.620618E-003  -3.265940E-012
   54901       5     0.420000     0.450000   2.349464E-002   8.965829E-003   2.075544E-002   6.226633E-003   1.452881E-002   1.452881E-002   1.649109E-011
   54901       6     0.450000     0.500000   1.310848E-001   4.710132E-002   1.199763E-001   3.599290E-002   8.398344E-002   8.398344E-002   7.593204E-012
   54901       7     0.500000     0.550000   1.748537E-001   5.938044E-002   1.649618E-001   4.948854E-002   1.154733E-001   1.154733E-001  -9.092778E-011
   54901       8     0.550000     0.610000   2.295775E-001   7.513487E-002   2.206276E-001   6.618828E-002   1.544427E-001   1.544393E-001   3.323130E-006
   54901       9     0.610000     0.690000   5.693172E-001   1.805386E-001   5.553268E-001   1.665980E-001   3.887785E-001   3.887288E-001   4.978024E-005
   54901      10     0.690000     0.780000   2.472789E+000   7.670124E-001   2.436465E+000   7.309394E-001   1.705777E+000   1.705525E+000   2.515442E-004
   54901      11     0.780000     0.800000   1.063069E+000   3.220320E-001   1.044911E+000   3.134732E-001   7.410374E-001   7.314374E-001   9.600008E-003
   54901      12     0.800000     0.870000   5.878988E+000   1.794610E+000   5.814771E+000   1.744431E+000   4.084378E+000   4.070340E+000   1.403792E-002
   54901      13     0.870000     0.880000   8.736691E-001   2.567677E-001   8.543409E-001   2.563023E-001   6.169014E-001   5.980386E-001   1.886273E-002
   54901      14     0.880000     1.030000   2.249240E+001   6.814141E+000   2.235666E+001   6.706998E+000   1.567826E+001   1.564966E+001   2.860144E-002
   54901      15     1.030000     1.080000   9.248799E+000   2.381126E+000   8.586322E+000   2.575896E+000   6.867672E+000   6.010425E+000   8.572473E-001
   54901      16     1.080000     1.140000   1.173685E+001   3.452709E+000   1.159222E+001   3.477667E+000   8.284140E+000   8.114556E+000   1.695842E-001
   54901      17     1.140000     1.200000   1.143670E+001   3.434636E+000   1.139360E+001   3.418080E+000   8.002061E+000   7.975520E+000   2.654049E-002
   54901      18     1.200000     1.240000   8.097833E+000   8.195652E-001   4.458882E+000   1.337665E+000   7.278268E+000   3.121217E+000   4.157050E+000
   54901      19     1.240000     1.280000   7.733813E+000   2.204504E+000   7.568804E+000   2.270641E+000   5.529309E+000   5.298163E+000   2.311463E-001
   54901      20     1.280000     1.340000   1.109154E+001   2.149119E+000   8.983810E+000   2.695143E+000   8.942424E+000   6.288667E+000   2.653757E+000
   54901      21     1.340000     1.420000   1.012492E+001   2.752933E+000   9.682024E+000   2.904607E+000   7.371987E+000   6.777417E+000   5.945704E-001
   54901      22     1.420000     1.460000   4.444646E+000   3.198092E-001   1.675586E+000   5.026759E-001   4.124836E+000   1.172910E+000   2.951926E+000
   54901      23     1.460000     1.490000   3.316959E+000   9.692075E-001   3.282039E+000   9.846118E-001   2.347751E+000   2.297427E+000   5.032397E-002
   54901      24     1.490000     1.520000   3.416012E+000   7.371219E-001   2.925503E+000   8.776509E-001   2.678890E+000   2.047852E+000   6.310375E-001
   54901      25     1.520000     1.680000   2.089115E+001   1.682250E+000   9.419144E+000   2.825743E+000   1.920890E+001   6.593401E+000   1.261550E+001
   54901      26     1.680000     1.740000   7.400301E+000   2.202538E+000   7.374082E+000   2.212225E+000   5.197764E+000   5.161857E+000   3.590643E-002
   54901      27     1.740000     1.820000   6.859941E+000   1.937052E+000   6.706449E+000   2.011935E+000   4.922890E+000   4.694514E+000   2.283756E-001
   54901      28     1.820000     1.940000   7.844991E+000   1.348759E+000   5.798689E+000   1.739607E+000   6.496232E+000   4.059083E+000   2.437150E+000
   54901      29     1.940000     2.200000   1.524385E+001   1.078234E+000   5.066528E+000   1.519958E+000   1.416562E+001   3.546570E+000   1.061905E+001
   54901      30     2.200000     2.300000   5.897529E+000   1.701471E+000   5.813944E+000   1.744183E+000   4.196058E+000   4.069761E+000   1.262971E-001
   54901      31     2.300000     2.450000   6.412228E+000   1.923670E+000   6.410692E+000   1.923208E+000   4.488558E+000   4.487485E+000   1.073544E-003
   54901      32     2.450000     2.550000   2.808749E+000   6.360491E-001   2.484808E+000   7.454425E-001   2.172700E+000   1.739366E+000   4.333344E-001
   54901      33     2.550000     2.650000   2.466453E+000   2.846800E-001   1.296862E+000   3.890586E-001   2.181773E+000   9.078033E-001   1.273970E+000
   54901      34     2.650000     2.900000   5.107089E+000   1.154607E-002   1.909606E-001   5.728819E-002   5.095543E+000   1.336724E-001   4.961871E+000
   54901      35     2.900000     3.200000   4.829501E+000   5.190174E-001   2.857581E+000   8.572742E-001   4.310483E+000   2.000306E+000   2.310177E+000
   54901      36     3.200000     3.500000   4.479548E+000   8.617522E-001   3.830672E+000   1.149202E+000   3.617796E+000   2.681471E+000   9.363249E-001
   54901      37     3.500000     3.900000   5.317470E+000   1.206205E+000   4.814156E+000   1.444247E+000   4.111265E+000   3.369909E+000   7.413559E-001
   54901      38     3.900000     5.500000   8.889375E+000   4.736363E-001   2.425408E+000   7.276223E-001   8.415739E+000   1.697785E+000   6.717954E+000
   54901      39     5.500000     6.500000   2.171822E+000   6.329225E-001   2.150706E+000   6.452118E-001   1.538899E+000   1.505494E+000   3.340491E-002
   54901      40     6.500000     7.000000   6.459457E-001   4.593701E-002   3.650487E-001   1.095146E-001   6.000087E-001   2.555341E-001   3.444746E-001
   54901      41     7.000000     9.000000   1.525571E+000   8.677973E-002   4.890941E-001   1.467282E-001   1.438791E+000   3.423659E-001   1.096425E+000
   54901      42     9.000000    20.000000   1.633159E+000   4.241166E-002   3.202275E-001   9.606824E-002   1.590747E+000   2.241592E-001   1.366588E+000
   55001       1     0.200000     0.300000   5.582456E-006   3.540013E-006   2.917776E-006   8.753329E-007   2.042443E-006   2.042443E-006  -9.500338E-015
   55001       2     0.300000     0.345000   2.557270E-003   1.374824E-003   1.689209E-003   5.067628E-004   1.182447E-003   1.182447E-003  -8.478984E-013
   55001       3     0.345000     0.385000   2.512764E-003   1.152240E-003   1.943607E-003   5.830820E-004   1.360525E-003   1.360525E-003  -1.827976E-013
   55001       4     0.385000     0.420000   1.293223E-002   5.311610E-003   1.088660E-002   3.265979E-003   7.620618E-003   7.620618E-003  -4.172507E-012
   55001       5     0.420000     0.450000   2.349464E-002   8.965829E-003   2.075544E-002   6.226633E-003   1.452881E-002   1.452881E-002   1.627468E-011
   55001       6     0.450000     0.500000   1.310848E-001   4.710132E-002   1.199763E-001   3.599290E-002   8.398344E-002   8.398344E-002   7.960174E-012
   55001       7     0.500000     0.550000   1.748537E-001   5.938044E-002   1.649618E-001   4.948854E-002   1.154733E-001   1.154733E-001  -9.226575E-011
   55001       8     0.550000     0.610000   2.295775E-001   7.513487E-002   2.206276E-001   6.618828E-002   1.544427E-001   1.544393E-001   3.323445E-006
   55001       9     0.610000     0.690000   5.693172E-001   1.805386E-001   5.553268E-001   1.665980E-001   3.887785E-001   3.887288E-001   4.978125E-005
   55001      10     0.690000     0.780000   2.472789E+000   7.670124E-001   2.436465E+000   7.309394E-001   1.705777E+000   1.705525E+000   2.515351E-004
   55001      11     0.780000     0.800000   1.063069E+000   3.220320E-001   1.044911E+000   3.134732E-001   7.410374E-001   7.314374E-001   9.599943E-003
   55001      12     0.800000     0.870000   5.878988E+000   1.794610E+000   5.814770E+000   1.744431E+000   4.084379E+000   4.070339E+000   1.403933E-002
   55001      13     0.870000     0.880000   8.736691E-001   2.567688E-001   8.543422E-001   2.563026E-001   6.169003E-001   5.980395E-001   1.886079E-002
   55001      14     0.880000     1.030000   2.249240E+001   6.814141E+000   2.235666E+001   6.706998E+000   1.567826E+001   1.564966E+001   2.860127E-002
   55001      15     1.030000     1.080000   9.248799E+000   2.381144E+000   8.586337E+000   2.575901E+000   6.867655E+000   6.010436E+000   8.572191E-001
   55001      16     1.080000     1.140000   1.173685E+001   3.452710E+000   1.159222E+001   3.477667E+000   8.284139E+000   8.114557E+000   1.695827E-001
   55001      17     1.140000     1.200000   1.143670E+001   3.434637E+000   1.139360E+001   3.418080E+000   8.002060E+000   7.975521E+000   2.653914E-002
   55001      18     1.200000     1.240000   8.097833E+000   8.198431E-001   4.459487E+000   1.337846E+000   7.277990E+000   3.121641E+000   4.156349E+000
   55001      19     1.240000     1.280000   7.733813E+000   2.204526E+000   7.568828E+000   2.270648E+000   5.529288E+000   5.298180E+000   2.311079E-001
   55001      20     1.280000     1.340000   1.109154E+001   2.149218E+000   8.983933E+000   2.695180E+000   8.942325E+000   6.288753E+000   2.653572E+000
   55001      21     1.340000     1.420000   1.012492E+001   2.752991E+000   9.682096E+000   2.904629E+000   7.371930E+000   6.777467E+000   5.944632E-001
   55001      22     1.420000     1.460000   4.444646E+000   3.199628E-001   1.676149E+000   5.028447E-001   4.124683E+000   1.173304E+000   2.951379E+000
   55001      23     1.460000     1.490000   3.316959E+000   9.692827E-001   3.282127E+000   9.846381E-001   2.347676E+000   2.297489E+000   5.018729E-002
   55001      24     1.490000     1.520000   3.416012E+000   7.371770E-001   2.925580E+000   8.776739E-001   2.678835E+000   2.047906E+000   6.309287E-001
   55001      25     1.520000     1.680000   2.089115E+001   1.683085E+000   9.421371E+000   2.826411E+000   1.920806E+001   6.594959E+000   1.261310E+001
   55001      26     1.680000     1.740000   7.400301E+000   2.202567E+000   7.374114E+000   2.212234E+000   5.197735E+000   5.161880E+000   3.585469E-002
   55001      27     1.740000     1.820000   6.859941E+000   1.937283E+000   6.706755E+000   2.012026E+000   4.922658E+000   4.694728E+000   2.279298E-001
   55001      28     1.820000     1.940000   7.844991E+000   1.349172E+000   5.799637E+000   1.739891E+000   6.495820E+000   4.059746E+000   2.436074E+000
   55001      29     1.940000     2.200000   1.524385E+001   1.078574E+000   5.067794E+000   1.520338E+000   1.416528E+001   3.547456E+000   1.061782E+001
   55001      30     2.200000     2.300000   5.897529E+000   1.701502E+000   5.813982E+000   1.744195E+000   4.196026E+000   4.069787E+000   1.262391E-001
   55001      31     2.300000     2.450000   6.412228E+000   1.923671E+000   6.410694E+000   1.923208E+000   4.488557E+000   4.487485E+000   1.071436E-003
   55001      32     2.450000     2.550000   2.808749E+000   6.362284E-001   2.485134E+000   7.455402E-001   2.172521E+000   1.739594E+000   4.329271E-001
   55001      33     2.550000     2.650000   2.466453E+000   2.848449E-001   1.297298E+000   3.891895E-001   2.181608E+000   9.081089E-001   1.273500E+000
   55001      34     2.650000     2.900000   5.107089E+000   1.157629E-002   1.912706E-001   5.738117E-002   5.095513E+000   1.338894E-001   4.961623E+000
   55001      35     2.900000     3.200000   4.829501E+000   5.192995E-001   2.858287E+000   8.574862E-001   4.310201E+000   2.000801E+000   2.309400E+000
   55001      36     3.200000     3.500000   4.479548E+000   8.616692E-001   3.830533E+000   1.149160E+000   3.617879E+000   2.681373E+000   9.365054E-001
   55001      37     3.500000     3.900000   5.317470E+000   1.205970E+000   4.813787E+000   1.444136E+000   4.111501E+000   3.369651E+000   7.418498E-001
   55001      38     3.900000     5.500000   8.889375E+000   4.738370E-001   2.426330E+000   7.278989E-001   8.415538E+000   1.698431E+000   6.717107E+000
   55001      39     5.500000     6.500000   2.171822E+000   6.329247E-001   2.150708E+000   6.452125E-001   1.538897E+000   1.505496E+000   3.340110E-002
   55001      40     6.500000     7.000000   6.459457E-001   4.592265E-002   3.649917E-001   1.094975E-001   6.000231E-001   2.554942E-001   3.445289E-001
   55001      41     7.000000     9.000000   1.525571E+000   8.679489E-002   4.890579E-001   1.467174E-001   1.438776E+000   3.423406E-001   1.096436E+000
   55001      42     9.000000    20.000000   1.633159E+000   4.251698E-002   3.206915E-001   9.620746E-002   1.590642E+000   2.244841E-001   1.366158E+000
   55101       1     0.200000     0.300000   5.582456E-006   3.540013E-006   2.917776E-006   8.753329E-007   2.042443E-006   2.042443E-006  -9.500338E-015
   55101       2     0.300000     0.345000   2.557270E-003   1.374824E-003   1.689209E-003   5.067628E-004   1.182447E-003   1.182447E-003  -8.478984E-013
   55101       3     0.345000     0.385000   2.512764E-003   1.152240E-003   1.943607E-003   5.830820E-004   1.360525E-003   1.360525E-003  -3.063667E-013
   55101       4     0.385000     0.420000   1.293223E-002   5.311610E-003   1.088660E-002   3.265979E-003   7.620618E-003   7.620618E-003  -4.255673E-012
   55101       5     0.420000     0.450000   2.349464E-002   8.965829E-003   2.075544E-002   6.226633E-003   1.452881E-002   1.452881E-002   1.761739E-011
   55101       6     0.450000     0.500000   1.310848E-001   4.710132E-002   1.199763E-001   3.599290E-002   8.398344E-002   8.398344E-002   1.043104E-011
   55101       7     0.500000     0.550000   1.748537E-001   5.938044E-002   1.649618E-001   4.948854E-002   1.154733E-001   1.154733E-001  -8.055122E-011
   55101       8     0.550000     0.610000   2.295775E-001   7.513487E-002   2.206276E-001   6.618828E-002   1.544427E-001   1.544393E-001   3.323759E-006
   55101       9     0.610000     0.690000   5.693172E-001   1.805386E-001   5.553268E-001   1.665980E-001   3.887785E-001   3.887288E-001   4.978226E-005
   55101      10     0.690000     0.780000   2.472789E+000   7.670124E-001   2.436465E+000   7.309394E-001   1.705777E+000   1.705525E+000   2.515261E-004
   55101      11     0.780000     0.800000   1.063069E+000   3.220321E-001   1.044911E+000   3.134732E-001   7.410373E-001   7.314375E-001   9.599878E-003
   55101      12     0.800000     0.870000   5.878988E+000   1.794609E+000   5.814770E+000   1.744431E+000   4.084379E+000   4.070339E+000   1.404072E-002
   55101      13     0.870000     0.880000   8.736691E-001   2.567698E-001   8.543434E-001   2.563030E-001   6.168992E-001   5.980404E-001   1.885886E-002
   55101      14     0.880000     1.030000   2.249240E+001   6.814141E+000   2.235666E+001   6.706998E+000   1.567826E+001   1.564966E+001   2.860110E-002
   55101      15     1.030000     1.080000   9.248799E+000   2.381161E+000   8.586352E+000   2.575906E+000   6.867638E+000   6.010447E+000   8.571911E-001
   55101      16     1.080000     1.140000   1.173685E+001   3.452711E+000   1.159222E+001   3.477667E+000   8.284139E+000   8.114557E+000   1.695811E-001
   55101      17     1.140000     1.200000   1.143670E+001   3.434637E+000   1.139360E+001   3.418081E+000   8.002059E+000   7.975522E+000   2.653779E-002
   55101      18     1.200000     1.240000   8.097833E+000   8.201191E-001   4.460087E+000   1.338026E+000   7.277714E+000   3.122061E+000   4.155653E+000
   55101      19     1.240000     1.280000   7.733813E+000   2.204547E+000   7.568852E+000   2.270656E+000   5.529266E+000   5.298197E+000   2.310698E-001
   55101      20     1.280000     1.340000   1.109154E+001   2.149316E+000   8.984054E+000   2.695216E+000   8.942226E+000   6.288838E+000   2.653389E+000
   55101      21     1.340000     1.420000   1.012492E+001   2.753048E+000   9.682166E+000   2.904650E+000   7.371873E+000   6.777516E+000   5.943567E-001
   55101      22     1.420000     1.460000   4.444646E+000   3.201157E-001   1.676709E+000   5.030126E-001   4.124530E+000   1.173696E+000   2.950834E+000
   55101      23     1.460000     1.490000   3.316959E+000   9.693573E-001   3.282214E+000   9.846643E-001   2.347602E+000   2.297550E+000   5.005159E-002
   55101      24     1.490000     1.520000   3.416012E+000   7.372317E-001   2.925656E+000   8.776968E-001   2.678780E+000   2.047959E+000   6.308207E-001
   55101      25     1.520000     1.680000   2.089115E+001   1.683914E+000   9.423582E+000   2.827075E+000   1.920723E+001   6.596508E+000   1.261073E+001
   55101      26     1.680000     1.740000   7.400301E+000   2.202595E+000   7.374147E+000   2.212244E+000   5.197706E+000   5.161903E+000   3.580332E-002
   55101      27     1.740000     1.820000   6.859941E+000   1.937513E+000   6.707059E+000   2.012118E+000   4.922428E+000   4.694941E+000   2.274870E-001
   55101      28     1.820000     1.940000   7.844991E+000   1.349582E+000   5.800578E+000   1.740173E+000   6.495409E+000   4.060405E+000   2.435005E+000
   55101      29     1.940000     2.200000   1.524385E+001   1.078911E+000   5.069052E+000   1.520716E+000   1.416494E+001   3.548336E+000   1.061660E+001
   55101      30     2.200000     2.300000   5.897529E+000   1.701533E+000   5.814019E+000   1.744206E+000   4.195995E+000   4.069814E+000   1.261816E-001
   55101      31     2.300000     2.450000   6.412228E+000   1.923672E+000   6.410695E+000   1.923208E+000   4.488556E+000   4.487486E+000   1.069343E-003
   55101      32     2.450000     2.550000   2.808749E+000   6.364066E-001   2.485457E+000   7.456372E-001   2.172343E+000   1.739820E+000   4.325225E-001
   55101      33     2.550000     2.650000   2.466453E+000   2.850090E-001   1.297732E+000   3.893197E-001   2.181444E+000   9.084127E-001   1.273032E+000
   55101      34     2.650000     2.900000   5.107089E+000   1.160642E-002   1.915792E-001   5.747376E-002   5.095483E+000   1.341054E-001   4.961377E+000
   55101      35     2.900000     3.200000   4.829501E+000   5.195798E-001   2.858989E+000   8.576967E-001   4.309921E+000   2.001292E+000   2.308629E+000
   55101      36     3.200000     3.500000   4.479548E+000   8.615868E-001   3.830395E+000   1.149118E+000   3.617961E+000   2.681276E+000   9.366848E-001
   55101      37     3.500000     3.900000   5.317470E+000   1.205735E+000   4.813421E+000   1.444026E+000   4.111735E+000   3.369395E+000   7.423402E-001
   55101      38     3.900000     5.500000   8.889375E+000   4.740369E-001   2.427247E+000   7.281740E-001   8.415338E+000   1.699073E+000   6.716266E+000
   55101      39     5.500000     6.500000   2.171822E+000   6.329268E-001   2.150711E+000   6.452132E-001   1.538895E+000   1.505497E+000   3.339732E-002
   55101      40     6.500000     7.000000   6.459457E-001   4.590840E-002   3.649352E-001   1.094806E-001   6.000373E-001   2.554546E-001   3.445827E-001
   55101      41     7.000000     9.000000   1.525571E+000   8.680992E-002   4.890221E-001   1.467066E-001   1.438761E+000   3.423154E-001   1.096446E+000
   55101      42     9.000000    20.000000   1.633159E+000   4.262201E-002   3.211538E-001   9.634614E-002   1.590537E+000   2.248077E-001   1.365729E+000
   55201       1     0.200000     0.300000   5.582456E-006   3.540013E-006   2.917776E-006   8.753329E-007   2.042443E-006   2.042443E-006  -9.500338E-015
   55201       2     0.300000     0.345000   2.557270E-003   1.374824E-003   1.689209E-003   5.067628E-004   1.182447E-003   1.182447E-003  -8.478984E-013
   55201       3     0.345000     0.385000   2.512764E-003   1.152240E-003   1.943607E-003   5.830820E-004   1.360525E-003   1.360525E-003  -1.043913E-013
   55201       4     0.385000     0.420000   1.293223E-002   5.311610E-003   1.088660E-002   3.265979E-003   7.620618E-003   7.620618E-003  -4.255673E-012
   55201       5     0.420000     0.450000   2.349464E-002   8.965829E-003   2.075544E-002   6.226633E-003   1.452881E-002   1.452881E-002   1.923084E-011
   55201       6     0.450000     0.500000   1.310848E-001   4.710132E-002   1.199763E-001   3.599290E-002   8.398344E-002   8.398344E-002   2.733216E-012
   55201       7     0.500000     0.550000   1.748537E-001   5.938044E-002   1.649618E-001   4.948854E-002   1.154733E-001   1.154733E-001  -7.410035E-011
   55201       8     0.550000     0.610000   2.295775E-001   7.513487E-002   2.206276E-001   6.618828E-002   1.544427E-001   1.544393E-001   3.324070E-006
   55201       9     0.610000     0.690000   5.693172E-001   1.805386E-001   5.553268E-001   1.665980E-001   3.887785E-001   3.887288E-001   4.978325E-005
   55201      10     0.690000     0.780000   2.472789E+000   7.670124E-001   2.436465E+000   7.309394E-001   1.705777E+000   1.705525E+000   2.515172E-004
   55201      11     0.780000     0.800000   1.063069E+000   3.220321E-001   1.044911E+000   3.134732E-001   7.410373E-001   7.314375E-001   9.599813E-003
   55201      12     0.800000     0.870000   5.878988E+000   1.794608E+000   5.814769E+000   1.744431E+000   4.084380E+000   4.070338E+000   1.404211E-002
   55201      13     0.870000     0.880000   8.736691E-001   2.567709E-001   8.543446E-001   2.563034E-001   6.168982E-001   5.980412E-001   1.885694E-002
   55201      14     0.880000     1.030000   2.249240E+001   6.814141E+000   2.235666E+001   6.706998E+000   1.567826E+001   1.564966E+001   2.860093E-002
   55201      15     1.030000     1.080000   9.248799E+000   2.381178E+000   8.586368E+000   2.575910E+000   6.867621E+000   6.010457E+000   8.571633E-001
   55201      16     1.080000     1.140000   1.173685E+001   3.452712E+000   1.159223E+001   3.477668E+000   8.284138E+000   8.114558E+000   1.695795E-001
   55201      17     1.140000     1.200000   1.143670E+001   3.434638E+000   1.139360E+001   3.418081E+000   8.002059E+000   7.975522E+000   2.653646E-002
   55201      18     1.200000     1.240000   8.097833E+000   8.203933E-001   4.460683E+000   1.338205E+000   7.277439E+000   3.122478E+000   4.154961E+000
   55201      19     1.240000     1.280000   7.733813E+000   2.204568E+000   7.568876E+000   2.270663E+000   5.529245E+000   5.298213E+000   2.310319E-001
   55201      20     1.280000     1.340000   1.109154E+001   2.149414E+000   8.984174E+000   2.695252E+000   8.942129E+000   6.288922E+000   2.653206E+000
   55201      21     1.340000     1.420000   1.012492E+001   2.753105E+000   9.682236E+000   2.904671E+000   7.371816E+000   6.777565E+000   5.942510E-001
   55201      22     1.420000     1.460000   4.444646E+000   3.202677E-001   1.677265E+000   5.031794E-001   4.124378E+000   1.174085E+000   2.950293E+000
   55201      23     1.460000     1.490000   3.316959E+000   9.694314E-001   3.282301E+000   9.846903E-001   2.347527E+000   2.297611E+000   4.991685E-002
   55201      24     1.490000     1.520000   3.416012E+000   7.372860E-001   2.925732E+000   8.777195E-001   2.678726E+000   2.048012E+000   6.307135E-001
   55201      25     1.520000     1.680000   2.089115E+001   1.684738E+000   9.425779E+000   2.827734E+000   1.920641E+001   6.598045E+000   1.260837E+001
   55201      26     1.680000     1.740000   7.400301E+000   2.202624E+000   7.374179E+000   2.212254E+000   5.197678E+000   5.161925E+000   3.575232E-002
   55201      27     1.740000     1.820000   6.859941E+000   1.937741E+000   6.707361E+000   2.012208E+000   4.922200E+000   4.695153E+000   2.270472E-001
   55201      28     1.820000     1.940000   7.844991E+000   1.349990E+000   5.801513E+000   1.740454E+000   6.495002E+000   4.061059E+000   2.433942E+000
   55201      29     1.940000     2.200000   1.524385E+001   1.079247E+000   5.070303E+000   1.521091E+000   1.416460E+001   3.549212E+000   1.061539E+001
   55201      30     2.200000     2.300000   5.897529E+000   1.701564E+000   5.814057E+000   1.744217E+000   4.195964E+000   4.069840E+000   1.261245E-001
   55201      31     2.300000     2.450000   6.412228E+000   1.923673E+000   6.410696E+000   1.923209E+000   4.488555E+000   4.487487E+000   1.067266E-003
   55201      32     2.450000     2.550000   2.808749E+000   6.365837E-001   2.485779E+000   7.457336E-001   2.172166E+000   1.740045E+000   4.321205E-001
   55201      33     2.550000     2.650000   2.466453E+000   2.851722E-001   1.298164E+000   3.894492E-001   2.181281E+000   9.087148E-001   1.272566E+000
   55201      34     2.650000     2.900000   5.107089E+000   1.163646E-002   1.918866E-001   5.756597E-002   5.095453E+000   1.343206E-001   4.961132E+000
   55201      35     2.900000     3.200000   4.829501E+000   5.198583E-001   2.859686E+000   8.579058E-001   4.309643E+000   2.001780E+000   2.307862E+000
   55201      36     3.200000     3.500000   4.479548E+000   8.615049E-001   3.830257E+000   1.149077E+000   3.618043E+000   2.681180E+000   9.368629E-001
   55201      37     3.500000     3.900000   5.317470E+000   1.205503E+000   4.813058E+000   1.443917E+000   4.111967E+000   3.369140E+000   7.428271E-001
   55201      38     3.900000     5.500000   8.889375E+000   4.742360E-001   2.428159E+000   7.284478E-001   8.415139E+000   1.699711E+000   6.715428E+000
   55201      39     5.500000     6.500000   2.171822E+000   6.329289E-001   2.150713E+000   6.452139E-001   1.538893E+000   1.505499E+000   3.339358E-002
   55201      40     6.500000     7.000000   6.459457E-001   4.589425E-002   3.648790E-001   1.094637E-001   6.000515E-001   2.554153E-001   3.446362E-001
   55201      41     7.000000     9.000000   1.525571E+000   8.682482E-002   4.889865E-001   1.466959E-001   1.438746E+000   3.422905E-001   1.096456E+000
   55201      42     9.000000    20.000000   1.633159E+000   4.272678E-002   3.216143E-001   9.648430E-002   1.590432E+000   2.251300E-001   1.365302E+000
   55301       1     0.200000     0.300000   5.582456E-006   3.540013E-006   2.917776E-006   8.753329E-007   2.042443E-006   2.042443E-006  -9.500338E-015
   55301       2     0.300000     0.345000   2.557270E-003   1.374824E-003   1.689209E-003   5.067628E-004   1.182447E-003   1.182447E-003  -8.478984E-013
   55301       3     0.345000     0.385000   2.512764E-003   1.152240E-003   1.943607E-003   5.830820E-004   1.360525E-003   1.360525E-003  -1.043913E-013
   55301       4     0.385000     0.420000   1.293223E-002   5.311610E-003   1.088660E-002   3.265979E-003   7.620618E-003   7.620618E-003  -4.255673E-012
   55301       5     0.420000     0.450000   2.349464E-002   8.965829E-003   2.075544E-002   6.226633E-003   1.452881E-002   1.452881E-002   1.917214E-011
   55301       6     0.450000     0.500000   1.310848E-001   4.710132E-002   1.199763E-001   3.599290E-002   8.398344E-002   8.398344E-002   4.614406E-012
   55301       7     0.500000     0.550000   1.748537E-001   5.938044E-002   1.649618E-001   4.948854E-002   1.154733E-001   1.154733E-001  -7.310016E-011
   55301       8     0.550000     0.610000   2.295775E-001   7.513487E-002   2.206276E-001   6.618828E-002   1.544427E-001   1.544393E-001   3.324379E-006
   55301       9     0.610000     0.690000   5.693172E-001   1.805386E-001   5.553268E-001   1.665980E-001   3.887785E-001   3.887288E-001   4.978424E-005
   55301      10     0.690000     0.780000   2.472789E+000   7.670125E-001   2.436465E+000   7.309394E-001   1.705777E+000   1.705525E+000   2.515083E-004
   55301      11     0.780000     0.800000   1.063069E+000   3.220322E-001   1.044911E+000   3.134732E-001   7.410373E-001   7.314375E-001   9.599750E-003
   55301      12     0.800000     0.870000   5.878988E+000   1.794608E+000   5.814768E+000   1.744430E+000   4.084381E+000   4.070337E+000   1.404349E-002
   55301      13     0.870000     0.880000   8.736691E-001   2.567720E-001   8.543458E-001   2.563037E-001   6.168971E-001   5.980421E-001   1.885505E-002
   55301      14     0.880000     1.030000   2.249240E+001   6.814141E+000   2.235666E+001   6.706998E+000   1.567826E+001   1.564966E+001   2.860077E-002
   55301      15     1.030000     1.080000   9.248799E+000   2.381195E+000   8.586383E+000   2.575915E+000   6.867604E+000   6.010468E+000   8.571361E-001
   55301      16     1.080000     1.140000   1.173685E+001   3.452713E+000   1.159223E+001   3.477668E+000   8.284137E+000   8.114559E+000   1.695780E-001
   55301      17     1.140000     1.200000   1.143670E+001   3.434639E+000   1.139360E+001   3.418081E+000   8.002058E+000   7.975523E+000   2.653516E-002
   55301      18     1.200000     1.240000   8.097833E+000   8.206654E-001   4.461275E+000   1.338382E+000   7.277167E+000   3.122892E+000   4.154275E+000
   55301      19     1.240000     1.280000   7.733813E+000   2.204589E+000   7.568900E+000   2.270670E+000   5.529225E+000   5.298230E+000   2.309948E-001
   55301      20     1.280000     1.340000   1.109154E+001   2.149511E+000   8.984293E+000   2.695288E+000   8.942032E+000   6.289005E+000   2.653026E+000
   55301      21     1.340000     1.420000   1.012492E+001   2.753161E+000   9.682305E+000   2.904692E+000   7.371760E+000   6.777614E+000   5.941465E-001
   55301      22     1.420000     1.460000   4.444646E+000   3.204177E-001   1.677813E+000   5.033440E-001   4.124228E+000   1.174469E+000   2.949759E+000
   55301      23     1.460000     1.490000   3.316959E+000   9.695038E-001   3.282385E+000   9.847156E-001   2.347455E+000   2.297670E+000   4.978523E-002
   55301      24     1.490000     1.520000   3.416012E+000   7.373395E-001   2.925806E+000   8.777419E-001   2.678672E+000   2.048064E+000   6.306077E-001
   55301      25     1.520000     1.680000   2.089115E+001   1.685552E+000   9.427954E+000   2.828386E+000   1.920560E+001   6.599568E+000   1.260603E+001
   55301      26     1.680000     1.740000   7.400301E+000   2.202652E+000   7.374210E+000   2.212263E+000   5.197650E+000   5.161947E+000   3.570235E-002
   55301      27     1.740000     1.820000   6.859941E+000   1.937966E+000   6.707657E+000   2.012297E+000   4.921976E+000   4.695360E+000   2.266154E-001
   55301      28     1.820000     1.940000   7.844991E+000   1.350392E+000   5.802437E+000   1.740731E+000   6.494599E+000   4.061706E+000   2.432893E+000
   55301      29     1.940000     2.200000   1.524385E+001   1.079578E+000   5.071534E+000   1.521460E+000   1.416427E+001   3.550074E+000   1.061420E+001
   55301      30     2.200000     2.300000   5.897529E+000   1.701595E+000   5.814094E+000   1.744228E+000   4.195934E+000   4.069866E+000   1.260681E-001
   55301      31     2.300000     2.450000   6.412228E+000   1.923675E+000   6.410697E+000   1.923209E+000   4.488553E+000   4.487488E+000   1.065227E-003
   55301      32     2.450000     2.550000   2.808749E+000   6.367582E-001   2.486095E+000   7.458286E-001   2.171991E+000   1.740267E+000   4.317242E-001
   55301      33     2.550000     2.650000   2.466453E+000   2.853319E-001   1.298588E+000   3.895763E-001   2.181121E+000   9.090113E-001   1.272110E+000
   55301      34     2.650000     2.900000   5.107089E+000   1.166617E-002   1.921892E-001   5.765677E-002   5.095423E+000   1.345325E-001   4.960891E+000
   55301      35     2.900000     3.200000   4.829501E+000   5.201334E-001   2.860375E+000   8.581124E-001   4.309368E+000   2.002262E+000   2.307105E+000
   55301      36     3.200000     3.500000   4.479548E+000   8.614233E-001   3.830120E+000   1.149036E+000   3.618125E+000   2.681084E+000   9.370403E-001
   55301      37     3.500000     3.900000   5.317470E+000   1.205272E+000   4.812696E+000   1.443809E+000   4.112198E+000   3.368887E+000   7.433106E-001
   55301      38     3.900000     5.500000   8.889375E+000   4.744322E-001   2.429058E+000   7.287175E-001   8.414943E+000   1.700341E+000   6.714602E+000
   55301      39     5.500000     6.500000   2.171822E+000   6.329309E-001   2.150715E+000   6.452146E-001   1.538891E+000   1.505501E+000   3.339006E-002
   55301      40     6.500000     7.000000   6.459457E-001   4.588026E-002   3.648234E-001   1.094470E-001   6.000655E-001   2.553764E-001   3.446891E-001
   55301      41     7.000000     9.000000   1.525571E+000   8.683966E-002   4.889508E-001   1.466852E-001   1.438731E+000   3.422656E-001   1.096466E+000
   55301      42     9.000000    20.000000   1.633159E+000   4.282942E-002   3.220657E-001   9.661971E-002   1.590329E+000   2.254460E-001   1.364884E+000
   55401       1     0.200000     0.300000   5.582456E-006   3.540013E-006   2.917776E-006   8.753329E-007   2.042443E-006   2.042443E-006  -9.500338E-015
   55401       2     0.300000     0.345000   2.557270E-003   1.374824E-003   1.689209E-003   5.067628E-004   1.182447E-003   1.182447E-003  -8.478984E-013
   55401       3     0.345000     0.385000   2.512764E-003   1.152240E-003   1.943607E-003   5.830820E-004   1.360525E-003   1.360525E-003  -1.043913E-013
   55401       4     0.385000     0.420000   1.293223E-002   5.311610E-003   1.088660E-002   3.265979E-003   7.620618E-003   7.620618E-003  -4.255673E-012
   55401       5     0.420000     0.450000   2.349464E-002   8.965829E-003   2.075544E-002   6.226633E-003   1.452881E-002   1.452881E-002   1.824787E-011
   55401       6     0.450000     0.500000   1.310848E-001   4.710132E-002   1.199763E-001   3.599290E-002   8.398344E-002   8.398344E-002   1.776784E-011
   55401       7     0.500000     0.550000   1.748537E-001   5.938044E-002   1.649618E-001   4.948854E-002   1.154733E-001   1.154733E-001  -7.458664E-011
   55401       8     0.550000     0.610000   2.295775E-001   7.513487E-002   2.206276E-001   6.618828E-002   1.544427E-001   1.544393E-001   3.324685E-006
   55401       9     0.610000     0.690000   5.693172E-001   1.805386E-001   5.553268E-001   1.665980E-001   3.887785E-001   3.887288E-001   4.978522E-005
   55401      10     0.690000     0.780000   2.472789E+000   7.670125E-001   2.436465E+000   7.309394E-001   1.705777E+000   1.705525E+000   2.514995E-004
   55401      11     0.780000     0.800000   1.063069E+000   3.220322E-001   1.044911E+000   3.134732E-001   7.410372E-001   7.314375E-001   9.599688E-003
   55401      12     0.800000     0.870000   5.878988E+000   1.794607E+000   5.814767E+000   1.744430E+000   4.084382E+000   4.070337E+000   1.404486E-002
   55401      13     0.870000     0.880000   8.736691E-001   2.567730E-001   8.543470E-001   2.563041E-001   6.168961E-001   5.980429E-001   1.885317E-002
   55401      14     0.880000     1.030000   2.249240E+001   6.814141E+000   2.235666E+001   6.706999E+000   1.567826E+001   1.564966E+001   2.860061E-002
   55401      15     1.030000     1.080000   9.248799E+000   2.381211E+000   8.586398E+000   2.575919E+000   6.867587E+000   6.010478E+000   8.571090E-001
   55401      16     1.080000     1.140000   1.173685E+001   3.452714E+000   1.159223E+001   3.477668E+000   8.284136E+000   8.114559E+000   1.695765E-001
   55401      17     1.140000     1.200000   1.143670E+001   3.434640E+000   1.139360E+001   3.418081E+000   8.002057E+000   7.975523E+000   2.653388E-002
   55401      18     1.200000     1.240000   8.097833E+000   8.209356E-001   4.461862E+000   1.338559E+000   7.276897E+000   3.123303E+000   4.153594E+000
   55401      19     1.240000     1.280000   7.733813E+000   2.204609E+000   7.568923E+000   2.270677E+000   5.529204E+000   5.298246E+000   2.309581E-001
   55401      20     1.280000     1.340000   1.109154E+001   2.149607E+000   8.984411E+000   2.695323E+000   8.941936E+000   6.289088E+000   2.652848E+000
   55401      21     1.340000     1.420000   1.012492E+001   2.753216E+000   9.682374E+000   2.904712E+000   7.371705E+000   6.777662E+000   5.940429E-001
   55401      22     1.420000     1.460000   4.444646E+000   3.205664E-001   1.678357E+000   5.035071E-001   4.124079E+000   1.174850E+000   2.949229E+000
   55401      23     1.460000     1.490000   3.316959E+000   9.695752E-001   3.282469E+000   9.847407E-001   2.347384E+000   2.297728E+000   4.965548E-002
   55401      24     1.490000     1.520000   3.416012E+000   7.373926E-001   2.925880E+000   8.777641E-001   2.678619E+000   2.048116E+000   6.305028E-001
   55401      25     1.520000     1.680000   2.089115E+001   1.686360E+000   9.430111E+000   2.829033E+000   1.920479E+001   6.601078E+000   1.260371E+001
   55401      26     1.680000     1.740000   7.400301E+000   2.202679E+000   7.374241E+000   2.212272E+000   5.197622E+000   5.161969E+000   3.565297E-002
   55401      27     1.740000     1.820000   6.859941E+000   1.938188E+000   6.707950E+000   2.012385E+000   4.921754E+000   4.695565E+000   2.261884E-001
   55401      28     1.820000     1.940000   7.844991E+000   1.350791E+000   5.803352E+000   1.741006E+000   6.494200E+000   4.062347E+000   2.431853E+000
   55401      29     1.940000     2.200000   1.524385E+001   1.079905E+000   5.072754E+000   1.521826E+000   1.416394E+001   3.550928E+000   1.061302E+001
   55401      30     2.200000     2.300000   5.897529E+000   1.701625E+000   5.814130E+000   1.744239E+000   4.195903E+000   4.069891E+000   1.260121E-001
   55401      31     2.300000     2.450000   6.412228E+000   1.923676E+000   6.410699E+000   1.923210E+000   4.488552E+000   4.487489E+000   1.063212E-003
   55401      32     2.450000     2.550000   2.808749E+000   6.369312E-001   2.486409E+000   7.459228E-001   2.171818E+000   1.740487E+000   4.313316E-001
   55401      33     2.550000     2.650000   2.466453E+000   2.854897E-001   1.299007E+000   3.897020E-001   2.180964E+000   9.093046E-001   1.271659E+000
   55401      34     2.650000     2.900000   5.107089E+000   1.169568E-002   1.924891E-001   5.774672E-002   5.095393E+000   1.347424E-001   4.960651E+000
   55401      35     2.900000     3.200000   4.829501E+000   5.204062E-001   2.861058E+000   8.583173E-001   4.309095E+000   2.002740E+000   2.306354E+000
   55401      36     3.200000     3.500000   4.479548E+000   8.613421E-001   3.829984E+000   1.148995E+000   3.618206E+000   2.680989E+000   9.372169E-001
   55401      37     3.500000     3.900000   5.317470E+000   1.205043E+000   4.812338E+000   1.443701E+000   4.112427E+000   3.368636E+000   7.437908E-001
   55401      38     3.900000     5.500000   8.889375E+000   4.746268E-001   2.429950E+000   7.289849E-001   8.414748E+000   1.700965E+000   6.713784E+000
   55401      39     5.500000     6.500000   2.171822E+000   6.329328E-001   2.150717E+000   6.452152E-001   1.538889E+000   1.505502E+000   3.338665E-002
   55401      40     6.500000     7.000000   6.459457E-001   4.586638E-002   3.647683E-001   1.094305E-001   6.000794E-001   2.553378E-001   3.447416E-001
   55401      41     7.000000     9.000000   1.525571E+000   8.685439E-002   4.889154E-001   1.466746E-001   1.438717E+000   3.422408E-001   1.096476E+000
   55401      42     9.000000    20.000000   1.633159E+000   4.293077E-002   3.225115E-001   9.675346E-002   1.590228E+000   2.257581E-001   1.364470E+000
   55501       1     0.200000     0.300000   5.582456E-006   3.540013E-006   2.917776E-006   8.753329E-007   2.042443E-006   2.042443E-006  -9.500338E-015
   55501       2     0.300000     0.345000   2.557270E-003   1.374824E-003   1.689209E-003   5.067628E-004   1.182447E-003   1.182447E-003  -8.478984E-013
   55501       3     0.345000     0.385000   2.512764E-003   1.152240E-003   1.943607E-003   5.830820E-004   1.360525E-003   1.360525E-003  -3.505748E-013
   55501       4     0.385000     0.420000   1.293223E-002   5.311610E-003   1.088660E-002   3.265979E-003   7.620618E-003   7.620618E-003  -4.344852E-012
   55501       5     0.420000     0.450000   2.349464E-002   8.965829E-003   2.075544E-002   6.226633E-003   1.452881E-002   1.452881E-002   1.778479E-011
   55501       6     0.450000     0.500000   1.310848E-001   4.710132E-002   1.199763E-001   3.599290E-002   8.398344E-002   8.398344E-002   1.457706E-011
   55501       7     0.500000     0.550000   1.748537E-001   5.938044E-002   1.649618E-001   4.948854E-002   1.154733E-001   1.154733E-001  -8.038299E-011
   55501       8     0.550000     0.610000   2.295775E-001   7.513487E-002   2.206276E-001   6.618828E-002   1.544427E-001   1.544393E-001   3.324989E-006
   55501       9     0.610000     0.690000   5.693172E-001   1.805386E-001   5.553268E-001   1.665980E-001   3.887785E-001   3.887288E-001   4.978620E-005
   55501      10     0.690000     0.780000   2.472789E+000   7.670125E-001   2.436465E+000   7.309394E-001   1.705777E+000   1.705525E+000   2.514908E-004
   55501      11     0.780000     0.800000   1.063069E+000   3.220322E-001   1.044911E+000   3.134732E-001   7.410372E-001   7.314376E-001   9.599626E-003
   55501      12     0.800000     0.870000   5.878988E+000   1.794606E+000   5.814766E+000   1.744430E+000   4.084382E+000   4.070336E+000   1.404623E-002
   55501      13     0.870000     0.880000   8.736691E-001   2.567740E-001   8.543482E-001   2.563045E-001   6.168950E-001   5.980437E-001   1.885130E-002
   55501      14     0.880000     1.030000   2.249240E+001   6.814141E+000   2.235666E+001   6.706999E+000   1.567826E+001   1.564966E+001   2.860045E-002
   55501      15     1.030000     1.080000   9.248799E+000   2.381228E+000   8.586412E+000   2.575924E+000   6.867571E+000   6.010489E+000   8.570822E-001
   55501      16     1.080000     1.140000   1.173685E+001   3.452715E+000   1.159223E+001   3.477668E+000   8.284135E+000   8.114560E+000   1.695750E-001
   55501      17     1.140000     1.200000   1.143670E+001   3.434640E+000   1.139361E+001   3.418082E+000   8.002057E+000   7.975524E+000   2.653261E-002
   55501      18     1.200000     1.240000   8.097833E+000   8.212044E-001   4.462446E+000   1.338734E+000   7.276628E+000   3.123712E+000   4.152916E+000
   55501      19     1.240000     1.280000   7.733813E+000   2.204630E+000   7.568946E+000   2.270684E+000   5.529184E+000   5.298262E+000   2.309217E-001
   55501      20     1.280000     1.340000   1.109154E+001   2.149702E+000   8.984529E+000   2.695359E+000   8.941841E+000   6.289170E+000   2.652671E+000
   55501      21     1.340000     1.420000   1.012492E+001   2.753271E+000   9.682442E+000   2.904733E+000   7.371650E+000   6.777710E+000   5.939400E-001
   55501      22     1.420000     1.460000   4.444646E+000   3.207142E-001   1.678897E+000   5.036692E-001   4.123932E+000   1.175228E+000   2.948703E+000
   55501      23     1.460000     1.490000   3.316959E+000   9.696459E-001   3.282551E+000   9.847654E-001   2.347313E+000   2.297786E+000   4.952710E-002
   55501      24     1.490000     1.520000   3.416012E+000   7.374452E-001   2.925954E+000   8.777861E-001   2.678566E+000   2.048168E+000   6.303988E-001
   55501      25     1.520000     1.680000   2.089115E+001   1.687163E+000   9.432255E+000   2.829677E+000   1.920398E+001   6.602579E+000   1.260141E+001
   55501      26     1.680000     1.740000   7.400301E+000   2.202707E+000   7.374272E+000   2.212282E+000   5.197595E+000   5.161991E+000   3.560405E-002
   55501      27     1.740000     1.820000   6.859941E+000   1.938408E+000   6.708241E+000   2.012472E+000   4.921534E+000   4.695769E+000   2.257647E-001
   55501      28     1.820000     1.940000   7.844991E+000   1.351187E+000   5.804262E+000   1.741279E+000   6.493804E+000   4.062983E+000   2.430820E+000
   55501      29     1.940000     2.200000   1.524385E+001   1.080231E+000   5.073964E+000   1.522189E+000   1.416362E+001   3.551775E+000   1.061184E+001
   55501      30     2.200000     2.300000   5.897529E+000   1.701655E+000   5.814167E+000   1.744250E+000   4.195873E+000   4.069917E+000   1.259566E-001
   55501      31     2.300000     2.450000   6.412228E+000   1.923677E+000   6.410700E+000   1.923210E+000   4.488551E+000   4.487490E+000   1.061215E-003
   55501      32     2.450000     2.550000   2.808749E+000   6.371029E-001   2.486721E+000   7.460163E-001   2.171646E+000   1.740705E+000   4.309416E-001
   55501      33     2.550000     2.650000   2.466453E+000   2.856461E-001   1.299422E+000   3.898266E-001   2.180807E+000   9.095955E-001   1.271212E+000
   55501      34     2.650000     2.900000   5.107089E+000   1.172504E-002   1.927870E-001   5.783610E-002   5.095364E+000   1.349509E-001   4.960413E+000
   55501      35     2.900000     3.200000   4.829501E+000   5.206771E-001   2.861736E+000   8.585208E-001   4.308824E+000   2.003215E+000   2.305609E+000
   55501      36     3.200000     3.500000   4.479548E+000   8.612614E-001   3.829849E+000   1.148955E+000   3.618287E+000   2.680894E+000   9.373925E-001
   55501      37     3.500000     3.900000   5.317470E+000   1.204816E+000   4.811981E+000   1.443594E+000   4.112655E+000   3.368387E+000   7.442682E-001
   55501      38     3.900000     5.500000   8.889375E+000   4.748204E-001   2.430835E+000   7.292505E-001   8.414555E+000   1.701585E+000   6.712970E+000
   55501      39     5.500000     6.500000   2.171822E+000   6.329347E-001   2.150719E+000   6.452158E-001   1.538887E+000   1.505504E+000   3.338331E-002
   55501      40     6.500000     7.000000   6.459457E-001   4.585258E-002   3.647134E-001   1.094140E-001   6.000932E-001   2.552994E-001   3.447937E-001
   55501      41     7.000000     9.000000   1.525571E+000   8.686900E-002   4.888802E-001   1.466641E-001   1.438702E+000   3.422161E-001   1.096486E+000
   55501      42     9.000000    20.000000   1.633159E+000   4.303124E-002   3.229535E-001   9.688605E-002   1.590128E+000   2.260674E-001   1.364060E+000
   55601       1     0.200000     0.300000   5.582456E-006   3.540013E-006   2.917776E-006   8.753329E-007   2.042443E-006   2.042443E-006  -9.500338E-015
   55601       2     0.300000     0.345000   2.557270E-003   1.374824E-003   1.689209E-003   5.067628E-004   1.182447E-003   1.182447E-003  -8.478984E-013
   55601       3     0.345000     0.385000   2.512764E-003   1.152240E-003   1.943607E-003   5.830820E-004   1.360525E-003   1.360525E-003  -3.505748E-013
   55601       4     0.385000     0.420000   1.293223E-002   5.311610E-003   1.088660E-002   3.265979E-003   7.620618E-003   7.620618E-003  -4.344852E-012
   55601       5     0.420000     0.450000   2.349464E-002   8.965829E-003   2.075544E-002   6.226633E-003   1.452881E-002   1.452881E-002   1.970363E-011
   55601       6     0.450000     0.500000   1.310848E-001   4.710132E-002   1.199763E-001   3.599290E-002   8.398344E-002   8.398344E-002   5.675460E-013
   55601       7     0.500000     0.550000   1.748537E-001   5.938044E-002   1.649618E-001   4.948854E-002   1.154733E-001   1.154733E-001  -7.595852E-011
   55601       8     0.550000     0.610000   2.295775E-001   7.513487E-002   2.206276E-001   6.618828E-002   1.544427E-001   1.544393E-001   3.325291E-006
   55601       9     0.610000     0.690000   5.693172E-001   1.805386E-001   5.553268E-001   1.665980E-001   3.887785E-001   3.887288E-001   4.978717E-005
   55601      10     0.690000     0.780000   2.472789E+000   7.670125E-001   2.436465E+000   7.309394E-001   1.705777E+000   1.705525E+000   2.514822E-004
   55601      11     0.780000     0.800000   1.063069E+000   3.220323E-001   1.044911E+000   3.134732E-001   7.410371E-001   7.314376E-001   9.599564E-003
   55601      12     0.800000     0.870000   5.878988E+000   1.794605E+000   5.814765E+000   1.744429E+000   4.084383E+000   4.070335E+000   1.404759E-002
   55601      13     0.870000     0.880000   8.736691E-001   2.567751E-001   8.543494E-001   2.563048E-001   6.168940E-001   5.980446E-001   1.884945E-002
   55601      14     0.880000     1.030000   2.249240E+001   6.814141E+000   2.235666E+001   6.706999E+000   1.567826E+001   1.564966E+001   2.860029E-002
   55601      15     1.030000     1.080000   9.248799E+000   2.381244E+000   8.586427E+000   2.575928E+000   6.867554E+000   6.010499E+000   8.570556E-001
   55601      16     1.080000     1.140000   1.173685E+001   3.452716E+000   1.159223E+001   3.477669E+000   8.284134E+000   8.114560E+000   1.695735E-001
   55601      17     1.140000     1.200000   1.143670E+001   3.434641E+000   1.139361E+001   3.418082E+000   8.002056E+000   7.975524E+000   2.653135E-002
   55601      18     1.200000     1.240000   8.097833E+000   8.214716E-001   4.463026E+000   1.338908E+000   7.276361E+000   3.124118E+000   4.152243E+000
   55601      19     1.240000     1.280000   7.733813E+000   2.204650E+000   7.568969E+000   2.270691E+000   5.529164E+000   5.298278E+000   2.308856E-001
   55601      20     1.280000     1.340000   1.109154E+001   2.149797E+000   8.984645E+000   2.695394E+000   8.941746E+000   6.289252E+000   2.652494E+000
   55601      21     1.340000     1.420000   1.012492E+001   2.753326E+000   9.682510E+000   2.904753E+000   7.371595E+000   6.777757E+000   5.938377E-001
   55601      22     1.420000     1.460000   4.444646E+000   3.208613E-001   1.679435E+000   5.038305E-001   4.123784E+000   1.175604E+000   2.948180E+000
   55601      23     1.460000     1.490000   3.316959E+000   9.697161E-001   3.282633E+000   9.847900E-001   2.347243E+000   2.297843E+000   4.939950E-002
   55601      24     1.490000     1.520000   3.416012E+000   7.374976E-001   2.926027E+000   8.778080E-001   2.678514E+000   2.048219E+000   6.302954E-001
   55601      25     1.520000     1.680000   2.089115E+001   1.687962E+000   9.434387E+000   2.830316E+000   1.920319E+001   6.604071E+000   1.259911E+001
   55601      26     1.680000     1.740000   7.400301E+000   2.202734E+000   7.374303E+000   2.212291E+000   5.197567E+000   5.162012E+000   3.555543E-002
   55601      27     1.740000     1.820000   6.859941E+000   1.938627E+000   6.708530E+000   2.012559E+000   4.921315E+000   4.695971E+000   2.253435E-001
   55601      28     1.820000     1.940000   7.844991E+000   1.351582E+000   5.805166E+000   1.741550E+000   6.493409E+000   4.063616E+000   2.429793E+000
   55601      29     1.940000     2.200000   1.524385E+001   1.080554E+000   5.075169E+000   1.522551E+000   1.416330E+001   3.552619E+000   1.061068E+001
   55601      30     2.200000     2.300000   5.897529E+000   1.701685E+000   5.814203E+000   1.744261E+000   4.195843E+000   4.069942E+000   1.259014E-001
   55601      31     2.300000     2.450000   6.412228E+000   1.923678E+000   6.410701E+000   1.923210E+000   4.488550E+000   4.487491E+000   1.059231E-003
   55601      32     2.450000     2.550000   2.808749E+000   6.372737E-001   2.487031E+000   7.461093E-001   2.171475E+000   1.740922E+000   4.305538E-001
   55601      33     2.550000     2.650000   2.466453E+000   2.858019E-001   1.299836E+000   3.899507E-001   2.180651E+000   9.098850E-001   1.270766E+000
   55601      34     2.650000     2.900000   5.107089E+000   1.175435E-002   1.930839E-001   5.792518E-002   5.095335E+000   1.351588E-001   4.960176E+000
   55601      35     2.900000     3.200000   4.829501E+000   5.209467E-001   2.862410E+000   8.587231E-001   4.308554E+000   2.003687E+000   2.304867E+000
   55601      36     3.200000     3.500000   4.479548E+000   8.611811E-001   3.829714E+000   1.148914E+000   3.618367E+000   2.680800E+000   9.375672E-001
   55601      37     3.500000     3.900000   5.317470E+000   1.204588E+000   4.811625E+000   1.443488E+000   4.112882E+000   3.368138E+000   7.447441E-001
   55601      38     3.900000     5.500000   8.889375E+000   4.750133E-001   2.431717E+000   7.295150E-001   8.414362E+000   1.702202E+000   6.712160E+000
   55601      39     5.500000     6.500000   2.171822E+000   6.329365E-001   2.150722E+000   6.452165E-001   1.538885E+000   1.505505E+000   3.338001E-002
   55601      40     6.500000     7.000000   6.459457E-001   4.583886E-002   3.646589E-001   1.093977E-001   6.001069E-001   2.552612E-001   3.448456E-001
   55601      41     7.000000     9.000000   1.525571E+000   8.688351E-002   4.888453E-001   1.466536E-001   1.438688E+000   3.421917E-001   1.096496E+000
   55601      42     9.000000    20.000000   1.633159E+000   4.313153E-002   3.233942E-001   9.701825E-002   1.590027E+000   2.263759E-001   1.363651E+000
   55701       1     0.200000     0.300000   5.582456E-006   3.540013E-006   2.917776E-006   8.753329E-007   2.042443E-006   2.042443E-006  -9.500338E-015
   55701       2     0.300000     0.345000   2.557270E-003   1.374824E-003   1.689209E-003   5.067628E-004   1.182447E-003   1.182447E-003  -8.478984E-013
   55701       3     0.345000     0.385000   2.512764E-003   1.152240E-003   1.943607E-003   5.830820E-004   1.360525E-003   1.360525E-003  -3.505748E-013
   55701       4     0.385000     0.420000   1.293223E-002   5.311610E-003   1.088660E-002   3.265979E-003   7.620618E-003   7.620618E-003  -4.344852E-012
   55701       5     0.420000     0.450000   2.349464E-002   8.965829E-003   2.075544E-002   6.226633E-003   1.452881E-002   1.452881E-002   1.671850E-011
   55701       6     0.450000     0.500000   1.310848E-001   4.710132E-002   1.199763E-001   3.599290E-002   8.398344E-002   8.398344E-002  -5.007689E-012
   55701       7     0.500000     0.550000   1.748537E-001   5.938044E-002   1.649618E-001   4.948854E-002   1.154733E-001   1.154733E-001  -8.183265E-011
   55701       8     0.550000     0.610000   2.295775E-001   7.513487E-002   2.206276E-001   6.618828E-002   1.544427E-001   1.544393E-001   3.325592E-006
   55701       9     0.610000     0.690000   5.693172E-001   1.805386E-001   5.553268E-001   1.665980E-001   3.887785E-001   3.887288E-001   4.978813E-005
   55701      10     0.690000     0.780000   2.472789E+000   7.670125E-001   2.436465E+000   7.309394E-001   1.705777E+000   1.705525E+000   2.514736E-004
   55701      11     0.780000     0.800000   1.063069E+000   3.220323E-001   1.044911E+000   3.134733E-001   7.410371E-001   7.314376E-001   9.599503E-003
   55701      12     0.800000     0.870000   5.878988E+000   1.794605E+000   5.814764E+000   1.744429E+000   4.084384E+000   4.070335E+000   1.404894E-002
   55701      13     0.870000     0.880000   8.736691E-001   2.567761E-001   8.543505E-001   2.563052E-001   6.168930E-001   5.980454E-001   1.884761E-002
   55701      14     0.880000     1.030000   2.249240E+001   6.814141E+000   2.235666E+001   6.706999E+000   1.567826E+001   1.564966E+001   2.860013E-002
   55701      15     1.030000     1.080000   9.248799E+000   2.381261E+000   8.586441E+000   2.575932E+000   6.867538E+000   6.010509E+000   8.570291E-001
   55701      16     1.080000     1.140000   1.173685E+001   3.452717E+000   1.159223E+001   3.477669E+000   8.284133E+000   8.114561E+000   1.695720E-001
   55701      17     1.140000     1.200000   1.143670E+001   3.434642E+000   1.139361E+001   3.418082E+000   8.002055E+000   7.975525E+000   2.653010E-002
   55701      18     1.200000     1.240000   8.097833E+000   8.217372E-001   4.463603E+000   1.339081E+000   7.276095E+000   3.124522E+000   4.151573E+000
   55701      19     1.240000     1.280000   7.733813E+000   2.204670E+000   7.568991E+000   2.270697E+000   5.529144E+000   5.298294E+000   2.308497E-001
   55701      20     1.280000     1.340000   1.109154E+001   2.149891E+000   8.984761E+000   2.695428E+000   8.941652E+000   6.289333E+000   2.652319E+000
   55701      21     1.340000     1.420000   1.012492E+001   2.753381E+000   9.682578E+000   2.904773E+000   7.371540E+000   6.777804E+000   5.937361E-001
   55701      22     1.420000     1.460000   4.444646E+000   3.210079E-001   1.679970E+000   5.039910E-001   4.123638E+000   1.175979E+000   2.947659E+000
   55701      23     1.460000     1.490000   3.316959E+000   9.697859E-001   3.282715E+000   9.848144E-001   2.347173E+000   2.297900E+000   4.927266E-002
   55701      24     1.490000     1.520000   3.416012E+000   7.375496E-001   2.926099E+000   8.778297E-001   2.678462E+000   2.048269E+000   6.301926E-001
   55701      25     1.520000     1.680000   2.089115E+001   1.688757E+000   9.436507E+000   2.830952E+000   1.920239E+001   6.605555E+000   1.259684E+001
   55701      26     1.680000     1.740000   7.400301E+000   2.202761E+000   7.374333E+000   2.212300E+000   5.197540E+000   5.162033E+000   3.550711E-002
   55701      27     1.740000     1.820000   6.859941E+000   1.938844E+000   6.708818E+000   2.012645E+000   4.921097E+000   4.696172E+000   2.249246E-001
   55701      28     1.820000     1.940000   7.844991E+000   1.351975E+000   5.806066E+000   1.741820E+000   6.493017E+000   4.064246E+000   2.428770E+000
   55701      29     1.940000     2.200000   1.524385E+001   1.080876E+000   5.076369E+000   1.522911E+000   1.416297E+001   3.553458E+000   1.060952E+001
   55701      30     2.200000     2.300000   5.897529E+000   1.701715E+000   5.814239E+000   1.744272E+000   4.195814E+000   4.069967E+000   1.258466E-001
   55701      31     2.300000     2.450000   6.412228E+000   1.923679E+000   6.410702E+000   1.923211E+000   4.488549E+000   4.487492E+000   1.057259E-003
   55701      32     2.450000     2.550000   2.808749E+000   6.374437E-001   2.487339E+000   7.462018E-001   2.171306E+000   1.741138E+000   4.301680E-001
   55701      33     2.550000     2.650000   2.466453E+000   2.859570E-001   1.300247E+000   3.900742E-001   2.180496E+000   9.101731E-001   1.270323E+000
   55701      34     2.650000     2.900000   5.107089E+000   1.178360E-002   1.933799E-001   5.801398E-002   5.095306E+000   1.353659E-001   4.959940E+000
   55701      35     2.900000     3.200000   4.829501E+000   5.212148E-001   2.863081E+000   8.589242E-001   4.308286E+000   2.004157E+000   2.304130E+000
   55701      36     3.200000     3.500000   4.479548E+000   8.611012E-001   3.829580E+000   1.148874E+000   3.618447E+000   2.680706E+000   9.377409E-001
   55701      37     3.500000     3.900000   5.317470E+000   1.204361E+000   4.811269E+000   1.443381E+000   4.113110E+000   3.367888E+000   7.452219E-001
   55701      38     3.900000     5.500000   8.889375E+000   4.752056E-001   2.432594E+000   7.297783E-001   8.414170E+000   1.702816E+000   6.711354E+000
   55701      39     5.500000     6.500000   2.171822E+000   6.329384E-001   2.150724E+000   6.452171E-001   1.538883E+000   1.505507E+000   3.337673E-002
   55701      40     6.500000     7.000000   6.459457E-001   4.582523E-002   3.646047E-001   1.093814E-001   6.001205E-001   2.552233E-001   3.448972E-001
   55701      41     7.000000     9.000000   1.525571E+000   8.689791E-002   4.888106E-001   1.466432E-001   1.438673E+000   3.421674E-001   1.096506E+000
   55701      42     9.000000    20.000000   1.633159E+000   4.323165E-002   3.238336E-001   9.715009E-002   1.589927E+000   2.266835E-001   1.363244E+000
   55801       1     0.200000     0.300000   5.582456E-006   3.540013E-006   2.917776E-006   8.753329E-007   2.042443E-006   2.042443E-006  -9.500338E-015
   55801       2     0.300000     0.345000   2.557270E-003   1.374824E-003   1.689209E-003   5.067628E-004   1.182447E-003   1.182447E-003  -8.478984E-013
   55801       3     0.345000     0.385000   2.512764E-003   1.152240E-003   1.943607E-003   5.830820E-004   1.360525E-003   1.360525E-003  -3.505748E-013
   55801       4     0.385000     0.420000   1.293223E-002   5.311610E-003   1.088660E-002   3.265979E-003   7.620618E-003   7.620618E-003  -5.036572E-012
   55801       5     0.420000     0.450000   2.349464E-002   8.965829E-003   2.075544E-002   6.226633E-003   1.452881E-002   1.452881E-002   1.815490E-011
   55801       6     0.450000     0.500000   1.310848E-001   4.710132E-002   1.199763E-001   3.599290E-002   8.398344E-002   8.398344E-002  -2.233311E-012
   55801       7     0.500000     0.550000   1.748537E-001   5.938044E-002   1.649618E-001   4.948854E-002   1.154733E-001   1.154733E-001  -8.590456E-011
   55801       8     0.550000     0.610000   2.295775E-001   7.513487E-002   2.206276E-001   6.618828E-002   1.544427E-001   1.544393E-001   3.325890E-006
   55801       9     0.610000     0.690000   5.693172E-001   1.805386E-001   5.553268E-001   1.665980E-001   3.887785E-001   3.887288E-001   4.978908E-005
   55801      10     0.690000     0.780000   2.472789E+000   7.670125E-001   2.436465E+000   7.309394E-001   1.705777E+000   1.705525E+000   2.514650E-004
   55801      11     0.780000     0.800000   1.063069E+000   3.220323E-001   1.044911E+000   3.134733E-001   7.410371E-001   7.314376E-001   9.599442E-003
   55801      12     0.800000     0.870000   5.878988E+000   1.794604E+000   5.814763E+000   1.744429E+000   4.084384E+000   4.070334E+000   1.405027E-002
   55801      13     0.870000     0.880000   8.736691E-001   2.567771E-001   8.543517E-001   2.563055E-001   6.168920E-001   5.980462E-001   1.884578E-002
   55801      14     0.880000     1.030000   2.249240E+001   6.814142E+000   2.235666E+001   6.706999E+000   1.567826E+001   1.564966E+001   2.859998E-002
   55801      15     1.030000     1.080000   9.248799E+000   2.381277E+000   8.586456E+000   2.575937E+000   6.867522E+000   6.010519E+000   8.570028E-001
   55801      16     1.080000     1.140000   1.173685E+001   3.452718E+000   1.159223E+001   3.477669E+000   8.284132E+000   8.114562E+000   1.695706E-001
   55801      17     1.140000     1.200000   1.143670E+001   3.434642E+000   1.139361E+001   3.418082E+000   8.002054E+000   7.975526E+000   2.652885E-002
   55801      18     1.200000     1.240000   8.097833E+000   8.220013E-001   4.464176E+000   1.339253E+000   7.275831E+000   3.124924E+000   4.150908E+000
   55801      19     1.240000     1.280000   7.733813E+000   2.204690E+000   7.569014E+000   2.270704E+000   5.529124E+000   5.298310E+000   2.308140E-001
   55801      20     1.280000     1.340000   1.109154E+001   2.149985E+000   8.984876E+000   2.695463E+000   8.941558E+000   6.289413E+000   2.652145E+000
   55801      21     1.340000     1.420000   1.012492E+001   2.753435E+000   9.682644E+000   2.904793E+000   7.371486E+000   6.777851E+000   5.936351E-001
   55801      22     1.420000     1.460000   4.444646E+000   3.211537E-001   1.680502E+000   5.041507E-001   4.123492E+000   1.176352E+000   2.947140E+000
   55801      23     1.460000     1.490000   3.316959E+000   9.698552E-001   3.282796E+000   9.848387E-001   2.347104E+000   2.297957E+000   4.914661E-002
   55801      24     1.490000     1.520000   3.416012E+000   7.376013E-001   2.926171E+000   8.778513E-001   2.678410E+000   2.048320E+000   6.300905E-001
   55801      25     1.520000     1.680000   2.089115E+001   1.689547E+000   9.438614E+000   2.831584E+000   1.920160E+001   6.607030E+000   1.259457E+001
   55801      26     1.680000     1.740000   7.400301E+000   2.202788E+000   7.374364E+000   2.212309E+000   5.197514E+000   5.162055E+000   3.545911E-002
   55801      27     1.740000     1.820000   6.859941E+000   1.939061E+000   6.709103E+000   2.012731E+000   4.920881E+000   4.696372E+000   2.245082E-001
   55801      28     1.820000     1.940000   7.844991E+000   1.352365E+000   5.806960E+000   1.742088E+000   6.492626E+000   4.064872E+000   2.427754E+000
   55801      29     1.940000     2.200000   1.524385E+001   1.081197E+000   5.077562E+000   1.523269E+000   1.416265E+001   3.554293E+000   1.060836E+001
   55801      30     2.200000     2.300000   5.897529E+000   1.701745E+000   5.814274E+000   1.744282E+000   4.195784E+000   4.069992E+000   1.257921E-001
   55801      31     2.300000     2.450000   6.412228E+000   1.923680E+000   6.410704E+000   1.923211E+000   4.488548E+000   4.487493E+000   1.055300E-003
   55801      32     2.450000     2.550000   2.808749E+000   6.376127E-001   2.487646E+000   7.462938E-001   2.171137E+000   1.741352E+000   4.297844E-001
   55801      33     2.550000     2.650000   2.466453E+000   2.861115E-001   1.300657E+000   3.901970E-001   2.180342E+000   9.104596E-001   1.269882E+000
   55801      34     2.650000     2.900000   5.107089E+000   1.181279E-002   1.936749E-001   5.810246E-002   5.095276E+000   1.355724E-001   4.959704E+000
   55801      35     2.900000     3.200000   4.829501E+000   5.214814E-001   2.863747E+000   8.591242E-001   4.308020E+000   2.004623E+000   2.303396E+000
   55801      36     3.200000     3.500000   4.479548E+000   8.610218E-001   3.829446E+000   1.148834E+000   3.618526E+000   2.680612E+000   9.379136E-001
   55801      37     3.500000     3.900000   5.317470E+000   1.204134E+000   4.810914E+000   1.443274E+000   4.113336E+000   3.367640E+000   7.456967E-001
   55801      38     3.900000     5.500000   8.889375E+000   4.753972E-001   2.433468E+000   7.300404E-001   8.413978E+000   1.703428E+000   6.710550E+000
   55801      39     5.500000     6.500000   2.171822E+000   6.329402E-001   2.150726E+000   6.452177E-001   1.538881E+000   1.505508E+000   3.337347E-002
   55801      40     6.500000     7.000000   6.459457E-001   4.581168E-002   3.645509E-001   1.093653E-001   6.001340E-001   2.551856E-001   3.449484E-001
   55801      41     7.000000     9.000000   1.525571E+000   8.691219E-002   4.887762E-001   1.466329E-001   1.438659E+000   3.421433E-001   1.096516E+000
   55801      42     9.000000    20.000000   1.633159E+000   4.333156E-002   3.242717E-001   9.728150E-002   1.589827E+000   2.269902E-001   1.362837E+000
   55901       1     0.200000     0.300000   5.582456E-006   3.540013E-006   2.917776E-006   8.753329E-007   2.042443E-006   2.042443E-006  -9.500338E-015
   55901       2     0.300000     0.345000   2.557270E-003   1.374824E-003   1.689209E-003   5.067628E-004   1.182447E-003   1.182447E-003  -8.478984E-013
   55901       3     0.345000     0.385000   2.512764E-003   1.152240E-003   1.943607E-003   5.830820E-004   1.360525E-003   1.360525E-003  -3.505748E-013
   55901       4     0.385000     0.420000   1.293223E-002   5.311610E-003   1.088660E-002   3.265979E-003   7.620618E-003   7.620618E-003  -5.689811E-012
   55901       5     0.420000     0.450000   2.349464E-002   8.965829E-003   2.075544E-002   6.226633E-003   1.452881E-002   1.452881E-002   1.630207E-011
   55901       6     0.450000     0.500000   1.310848E-001   4.710132E-002   1.199763E-001   3.599290E-002   8.398344E-002   8.398344E-002  -1.276038E-011
   55901       7     0.500000     0.550000   1.748537E-001   5.938044E-002   1.649618E-001   4.948854E-002   1.154733E-001   1.154733E-001  -7.737884E-011
   55901       8     0.550000     0.610000   2.295775E-001   7.513487E-002   2.206276E-001   6.618828E-002   1.544427E-001   1.544393E-001   3.326187E-006
   55901       9     0.610000     0.690000   5.693172E-001   1.805386E-001   5.553268E-001   1.665980E-001   3.887785E-001   3.887287E-001   4.979003E-005
   55901      10     0.690000     0.780000   2.472789E+000   7.670125E-001   2.436465E+000   7.309394E-001   1.705777E+000   1.705525E+000   2.514565E-004
   55901      11     0.780000     0.800000   1.063069E+000   3.220324E-001   1.044911E+000   3.134733E-001   7.410370E-001   7.314376E-001   9.599381E-003
   55901      12     0.800000     0.870000   5.878988E+000   1.794603E+000   5.814762E+000   1.744429E+000   4.084385E+000   4.070333E+000   1.405161E-002
   55901      13     0.870000     0.880000   8.736691E-001   2.567781E-001   8.543529E-001   2.563059E-001   6.168910E-001   5.980470E-001   1.884396E-002
   55901      14     0.880000     1.030000   2.249240E+001   6.814142E+000   2.235666E+001   6.706999E+000   1.567826E+001   1.564966E+001   2.859982E-002
   55901      15     1.030000     1.080000   9.248799E+000   2.381293E+000   8.586470E+000   2.575941E+000   6.867506E+000   6.010529E+000   8.569767E-001
   55901      16     1.080000     1.140000   1.173685E+001   3.452719E+000   1.159223E+001   3.477669E+000   8.284131E+000   8.114562E+000   1.695691E-001
   55901      17     1.140000     1.200000   1.143670E+001   3.434643E+000   1.139361E+001   3.418083E+000   8.002054E+000   7.975526E+000   2.652762E-002
   55901      18     1.200000     1.240000   8.097833E+000   8.222638E-001   4.464746E+000   1.339424E+000   7.275569E+000   3.125322E+000   4.150247E+000
   55901      19     1.240000     1.280000   7.733813E+000   2.204709E+000   7.569036E+000   2.270711E+000   5.529104E+000   5.298326E+000   2.307785E-001
   55901      20     1.280000     1.340000   1.109154E+001   2.150078E+000   8.984990E+000   2.695497E+000   8.941465E+000   6.289493E+000   2.651972E+000
   55901      21     1.340000     1.420000   1.012492E+001   2.753488E+000   9.682711E+000   2.904813E+000   7.371432E+000   6.777898E+000   5.935348E-001
   55901      22     1.420000     1.460000   4.444646E+000   3.212989E-001   1.681032E+000   5.043096E-001   4.123347E+000   1.176722E+000   2.946624E+000
   55901      23     1.460000     1.490000   3.316959E+000   9.699242E-001   3.282876E+000   9.848629E-001   2.347035E+000   2.298013E+000   4.902137E-002
   55901      24     1.490000     1.520000   3.416012E+000   7.376526E-001   2.926243E+000   8.778728E-001   2.678359E+000   2.048370E+000   6.299890E-001
   55901      25     1.520000     1.680000   2.089115E+001   1.690332E+000   9.440708E+000   2.832212E+000   1.920082E+001   6.608496E+000   1.259232E+001
   55901      26     1.680000     1.740000   7.400301E+000   2.202814E+000   7.374394E+000   2.212318E+000   5.197487E+000   5.162076E+000   3.541142E-002
   55901      27     1.740000     1.820000   6.859941E+000   1.939276E+000   6.709387E+000   2.012816E+000   4.920665E+000   4.696571E+000   2.240943E-001
   55901      28     1.820000     1.940000   7.844991E+000   1.352753E+000   5.807849E+000   1.742355E+000   6.492238E+000   4.065495E+000   2.426743E+000
   55901      29     1.940000     2.200000   1.524385E+001   1.081515E+000   5.078749E+000   1.523625E+000   1.416233E+001   3.555124E+000   1.060721E+001
   55901      30     2.200000     2.300000   5.897529E+000   1.701774E+000   5.814310E+000   1.744293E+000   4.195755E+000   4.070017E+000   1.257379E-001
   55901      31     2.300000     2.450000   6.412228E+000   1.923681E+000   6.410705E+000   1.923211E+000   4.488547E+000   4.487493E+000   1.053353E-003
   55901      32     2.450000     2.550000   2.808749E+000   6.377808E-001   2.487951E+000   7.463852E-001   2.170968E+000   1.741565E+000   4.294031E-001
   55901      33     2.550000     2.650000   2.466453E+000   2.862652E-001   1.301064E+000   3.903191E-001   2.180188E+000   9.107447E-001   1.269443E+000
   55901      34     2.650000     2.900000   5.107089E+000   1.184190E-002   1.939687E-001   5.819060E-002   5.095247E+000   1.357781E-001   4.959469E+000
   55901      35     2.900000     3.200000   4.829501E+000   5.217464E-001   2.864410E+000   8.593229E-001   4.307755E+000   2.005087E+000   2.302668E+000
   55901      36     3.200000     3.500000   4.479548E+000   8.609429E-001   3.829314E+000   1.148794E+000   3.618605E+000   2.680520E+000   9.380852E-001
   55901      37     3.500000     3.900000   5.317470E+000   1.203909E+000   4.810561E+000   1.443168E+000   4.113561E+000   3.367393E+000   7.461684E-001
   55901      38     3.900000     5.500000   8.889375E+000   4.755882E-001   2.434338E+000   7.303013E-001   8.413787E+000   1.704036E+000   6.709751E+000
   55901      39     5.500000     6.500000   2.171822E+000   6.329420E-001   2.150728E+000   6.452183E-001   1.538880E+000   1.505509E+000   3.337024E-002
   55901      40     6.500000     7.000000   6.459457E-001   4.579823E-002   3.644973E-001   1.093492E-001   6.001475E-001   2.551481E-001   3.449994E-001
   55901      41     7.000000     9.000000   1.525571E+000   8.692637E-002   4.887420E-001   1.466226E-001   1.438645E+000   3.421194E-001   1.096525E+000
   55901      42     9.000000    20.000000   1.633159E+000   4.343123E-002   3.247082E-001   9.741246E-002   1.589728E+000   2.272957E-001   1.362432E+000
   56001       1     0.200000     0.300000   5.582456E-006   3.540013E-006   2.917776E-006   8.753329E-007   2.042443E-006   2.042443E-006  -9.500338E-015
   56001       2     0.300000     0.345000   2.557270E-003   1.374824E-003   1.689209E-003   5.067628E-004   1.182447E-003   1.182447E-003  -8.478984E-013
   56001       3     0.345000     0.385000   2.512764E-003   1.152240E-003   1.943607E-003   5.830820E-004   1.360525E-003   1.360525E-003  -3.505748E-013
   56001       4     0.385000     0.420000   1.293223E-002   5.311610E-003   1.088660E-002   3.265979E-003   7.620618E-003   7.620618E-003  -6.408218E-012
   56001       5     0.420000     0.450000   2.349464E-002   8.965829E-003   2.075544E-002   6.226633E-003   1.452881E-002   1.452881E-002   1.593967E-011
   56001       6     0.450000     0.500000   1.310848E-001   4.710132E-002   1.199763E-001   3.599290E-002   8.398344E-002   8.398344E-002  -2.010112E-011
   56001       7     0.500000     0.550000   1.748537E-001   5.938044E-002   1.649618E-001   4.948854E-002   1.154733E-001   1.154733E-001  -7.864749E-011
   56001       8     0.550000     0.610000   2.295775E-001   7.513487E-002   2.206276E-001   6.618828E-002   1.544427E-001   1.544393E-001   3.326481E-006
   56001       9     0.610000     0.690000   5.693172E-001   1.805386E-001   5.553268E-001   1.665980E-001   3.887785E-001   3.887287E-001   4.979098E-005
   56001      10     0.690000     0.780000   2.472789E+000   7.670125E-001   2.436465E+000   7.309394E-001   1.705777E+000   1.705525E+000   2.514481E-004
   56001      11     0.780000     0.800000   1.063069E+000   3.220324E-001   1.044911E+000   3.134733E-001   7.410370E-001   7.314377E-001   9.599321E-003
   56001      12     0.800000     0.870000   5.878988E+000   1.794603E+000   5.814761E+000   1.744428E+000   4.084386E+000   4.070333E+000   1.405293E-002
   56001      13     0.870000     0.880000   8.736691E-001   2.567791E-001   8.543540E-001   2.563062E-001   6.168899E-001   5.980478E-001   1.884215E-002
   56001      14     0.880000     1.030000   2.249240E+001   6.814142E+000   2.235666E+001   6.706999E+000   1.567826E+001   1.564966E+001   2.859967E-002
   56001      15     1.030000     1.080000   9.248799E+000   2.381309E+000   8.586484E+000   2.575945E+000   6.867490E+000   6.010539E+000   8.569507E-001
   56001      16     1.080000     1.140000   1.173685E+001   3.452720E+000   1.159223E+001   3.477670E+000   8.284130E+000   8.114563E+000   1.695677E-001
   56001      17     1.140000     1.200000   1.143670E+001   3.434644E+000   1.139361E+001   3.418083E+000   8.002053E+000   7.975527E+000   2.652639E-002
   56001      18     1.200000     1.240000   8.097833E+000   8.225246E-001   4.465312E+000   1.339594E+000   7.275308E+000   3.125718E+000   4.149590E+000
   56001      19     1.240000     1.280000   7.733813E+000   2.204729E+000   7.569059E+000   2.270718E+000   5.529084E+000   5.298341E+000   2.307433E-001
   56001      20     1.280000     1.340000   1.109154E+001   2.150170E+000   8.985103E+000   2.695531E+000   8.941373E+000   6.289572E+000   2.651800E+000
   56001      21     1.340000     1.420000   1.012492E+001   2.753542E+000   9.682777E+000   2.904833E+000   7.371379E+000   6.777944E+000   5.934352E-001
   56001      22     1.420000     1.460000   4.444646E+000   3.214434E-001   1.681559E+000   5.044676E-001   4.123202E+000   1.177091E+000   2.946111E+000
   56001      23     1.460000     1.490000   3.316959E+000   9.699926E-001   3.282956E+000   9.848868E-001   2.346966E+000   2.298069E+000   4.889695E-002
   56001      24     1.490000     1.520000   3.416012E+000   7.377037E-001   2.926314E+000   8.778942E-001   2.678308E+000   2.048420E+000   6.298882E-001
   56001      25     1.520000     1.680000   2.089115E+001   1.691113E+000   9.442789E+000   2.832837E+000   1.920003E+001   6.609952E+000   1.259008E+001
   56001      26     1.680000     1.740000   7.400301E+000   2.202841E+000   7.374423E+000   2.212327E+000   5.197460E+000   5.162096E+000   3.536404E-002
   56001      27     1.740000     1.820000   6.859941E+000   1.939490E+000   6.709669E+000   2.012901E+000   4.920452E+000   4.696769E+000   2.236830E-001
   56001      28     1.820000     1.940000   7.844991E+000   1.353139E+000   5.808733E+000   1.742620E+000   6.491852E+000   4.066113E+000   2.425739E+000
   56001      29     1.940000     2.200000   1.524385E+001   1.081832E+000   5.079929E+000   1.523979E+000   1.416202E+001   3.555950E+000   1.060607E+001
   56001      30     2.200000     2.300000   5.897529E+000   1.701803E+000   5.814345E+000   1.744303E+000   4.195725E+000   4.070041E+000   1.256841E-001
   56001      31     2.300000     2.450000   6.412228E+000   1.923682E+000   6.410706E+000   1.923212E+000   4.488546E+000   4.487494E+000   1.051420E-003
   56001      32     2.450000     2.550000   2.808749E+000   6.379479E-001   2.488253E+000   7.464760E-001   2.170801E+000   1.741777E+000   4.290240E-001
   56001      33     2.550000     2.650000   2.466453E+000   2.864182E-001   1.301469E+000   3.904406E-001   2.180035E+000   9.110281E-001   1.269007E+000
   56001      34     2.650000     2.900000   5.107089E+000   1.187093E-002   1.942613E-001   5.827839E-002   5.095218E+000   1.359829E-001   4.959235E+000
   56001      35     2.900000     3.200000   4.829501E+000   5.220099E-001   2.865068E+000   8.595204E-001   4.307491E+000   2.005548E+000   2.301943E+000
   56001      36     3.200000     3.500000   4.479548E+000   8.608645E-001   3.829182E+000   1.148755E+000   3.618683E+000   2.680428E+000   9.382558E-001
   56001      37     3.500000     3.900000   5.317470E+000   1.203686E+000   4.810211E+000   1.443063E+000   4.113785E+000   3.367148E+000   7.466370E-001
   56001      38     3.900000     5.500000   8.889375E+000   4.757785E-001   2.435203E+000   7.305609E-001   8.413597E+000   1.704642E+000   6.708955E+000
   56001      39     5.500000     6.500000   2.171822E+000   6.329438E-001   2.150730E+000   6.452189E-001   1.538878E+000   1.505511E+000   3.336704E-002
   56001      40     6.500000     7.000000   6.459457E-001   4.578486E-002   3.644441E-001   1.093332E-001   6.001609E-001   2.551109E-001   3.450500E-001
   56001      41     7.000000     9.000000   1.525571E+000   8.694043E-002   4.887081E-001   1.466124E-001   1.438631E+000   3.420957E-001   1.096535E+000
   56001      42     9.000000    20.000000   1.633159E+000   4.353066E-002   3.251432E-001   9.754295E-002   1.589628E+000   2.276002E-001   1.362028E+000
   56101       1     0.200000     0.300000   5.582456E-006   3.540013E-006   2.917776E-006   8.753329E-007   2.042443E-006   2.042443E-006  -9.500338E-015
   56101       2     0.300000     0.345000   2.557270E-003   1.374824E-003   1.689209E-003   5.067628E-004   1.182447E-003   1.182447E-003  -8.478984E-013
   56101       3     0.345000     0.385000   2.512764E-003   1.152240E-003   1.943607E-003   5.830820E-004   1.360525E-003   1.360525E-003  -3.505748E-013
   56101       4     0.385000     0.420000   1.293223E-002   5.311610E-003   1.088660E-002   3.265979E-003   7.620618E-003   7.620618E-003  -6.943937E-012
   56101       5     0.420000     0.450000   2.349464E-002   8.965829E-003   2.075544E-002   6.226633E-003   1.452881E-002   1.452881E-002   1.425794E-011
   56101       6     0.450000     0.500000   1.310848E-001   4.710132E-002   1.199763E-001   3.599290E-002   8.398344E-002   8.398344E-002  -1.855838E-011
   56101       7     0.500000     0.550000   1.748537E-001   5.938044E-002   1.649618E-001   4.948854E-002   1.154733E-001   1.154733E-001  -8.701344E-011
   56101       8     0.550000     0.610000   2.295775E-001   7.513487E-002   2.206276E-001   6.618828E-002   1.544427E-001   1.544393E-001   3.326774E-006
   56101       9     0.610000     0.690000   5.693172E-001   1.805386E-001   5.553268E-001   1.665980E-001   3.887785E-001   3.887287E-001   4.979191E-005
   56101      10     0.690000     0.780000   2.472789E+000   7.670125E-001   2.436465E+000   7.309394E-001   1.705777E+000   1.705525E+000   2.514397E-004
   56101      11     0.780000     0.800000   1.063069E+000   3.220325E-001   1.044911E+000   3.134733E-001   7.410370E-001   7.314377E-001   9.599262E-003
   56101      12     0.800000     0.870000   5.878988E+000   1.794602E+000   5.814760E+000   1.744428E+000   4.084386E+000   4.070332E+000   1.405424E-002
   56101      13     0.870000     0.880000   8.736691E-001   2.567801E-001   8.543551E-001   2.563065E-001   6.168890E-001   5.980486E-001   1.884036E-002
   56101      14     0.880000     1.030000   2.249240E+001   6.814142E+000   2.235666E+001   6.706999E+000   1.567826E+001   1.564966E+001   2.859951E-002
   56101      15     1.030000     1.080000   9.248799E+000   2.381325E+000   8.586498E+000   2.575950E+000   6.867474E+000   6.010549E+000   8.569249E-001
   56101      16     1.080000     1.140000   1.173685E+001   3.452720E+000   1.159223E+001   3.477670E+000   8.284129E+000   8.114563E+000   1.695662E-001
   56101      17     1.140000     1.200000   1.143670E+001   3.434644E+000   1.139361E+001   3.418083E+000   8.002052E+000   7.975527E+000   2.652517E-002
   56101      18     1.200000     1.240000   8.097833E+000   8.227838E-001   4.465874E+000   1.339762E+000   7.275049E+000   3.126112E+000   4.148937E+000
   56101      19     1.240000     1.280000   7.733813E+000   2.204748E+000   7.569081E+000   2.270724E+000   5.529065E+000   5.298357E+000   2.307083E-001
   56101      20     1.280000     1.340000   1.109154E+001   2.150262E+000   8.985216E+000   2.695565E+000   8.941281E+000   6.289651E+000   2.651630E+000
   56101      21     1.340000     1.420000   1.012492E+001   2.753595E+000   9.682843E+000   2.904853E+000   7.371326E+000   6.777990E+000   5.933362E-001
   56101      22     1.420000     1.460000   4.444646E+000   3.215872E-001   1.682083E+000   5.046248E-001   4.123058E+000   1.177458E+000   2.945601E+000
   56101      23     1.460000     1.490000   3.316959E+000   9.700607E-001   3.283036E+000   9.849107E-001   2.346898E+000   2.298125E+000   4.877331E-002
   56101      24     1.490000     1.520000   3.416012E+000   7.377543E-001   2.926384E+000   8.779153E-001   2.678257E+000   2.048469E+000   6.297881E-001
   56101      25     1.520000     1.680000   2.089115E+001   1.691890E+000   9.444857E+000   2.833457E+000   1.919926E+001   6.611400E+000   1.258786E+001
   56101      26     1.680000     1.740000   7.400301E+000   2.202867E+000   7.374453E+000   2.212336E+000   5.197434E+000   5.162117E+000   3.531698E-002
   56101      27     1.740000     1.820000   6.859941E+000   1.939702E+000   6.709950E+000   2.012985E+000   4.920239E+000   4.696965E+000   2.232741E-001
   56101      28     1.820000     1.940000   7.844991E+000   1.353524E+000   5.809611E+000   1.742883E+000   6.491468E+000   4.066728E+000   2.424740E+000
   56101      29     1.940000     2.200000   1.524385E+001   1.082147E+000   5.081103E+000   1.524331E+000   1.416170E+001   3.556772E+000   1.060493E+001
   56101      30     2.200000     2.300000   5.897529E+000   1.701832E+000   5.814380E+000   1.744314E+000   4.195696E+000   4.070066E+000   1.256307E-001
   56101      31     2.300000     2.450000   6.412228E+000   1.923683E+000   6.410707E+000   1.923212E+000   4.488545E+000   4.487495E+000   1.049499E-003
   56101      32     2.450000     2.550000   2.808749E+000   6.381140E-001   2.488554E+000   7.465663E-001   2.170635E+000   1.741988E+000   4.286471E-001
   56101      33     2.550000     2.650000   2.466453E+000   2.865706E-001   1.301871E+000   3.905614E-001   2.179883E+000   9.113100E-001   1.268573E+000
   56101      34     2.650000     2.900000   5.107089E+000   1.189989E-002   1.945529E-001   5.836586E-002   5.095189E+000   1.361870E-001   4.959002E+000
   56101      35     2.900000     3.200000   4.829501E+000   5.222718E-001   2.865722E+000   8.597167E-001   4.307229E+000   2.006006E+000   2.301223E+000
   56101      36     3.200000     3.500000   4.479548E+000   8.607866E-001   3.829051E+000   1.148715E+000   3.618761E+000   2.680336E+000   9.384254E-001
   56101      37     3.500000     3.900000   5.317470E+000   1.203464E+000   4.809863E+000   1.442959E+000   4.114007E+000   3.366904E+000   7.471027E-001
   56101      38     3.900000     5.500000   8.889375E+000   4.759681E-001   2.436064E+000   7.308193E-001   8.413407E+000   1.705245E+000   6.708162E+000
   56101      39     5.500000     6.500000   2.171822E+000   6.329456E-001   2.150732E+000   6.452195E-001   1.538876E+000   1.505512E+000   3.336387E-002
   56101      40     6.500000     7.000000   6.459457E-001   4.577158E-002   3.643913E-001   1.093174E-001   6.001741E-001   2.550739E-001   3.451002E-001
   56101      41     7.000000     9.000000   1.525571E+000   8.695438E-002   4.886745E-001   1.466023E-001   1.438617E+000   3.420721E-001   1.096545E+000
   56101      42     9.000000    20.000000   1.633159E+000   4.362986E-002   3.255767E-001   9.767300E-002   1.589529E+000   2.279037E-001   1.361625E+000
   56201       1     0.200000     0.300000   5.582456E-006   3.540013E-006   2.917776E-006   8.753329E-007   2.042443E-006   2.042443E-006  -9.500338E-015
   56201       2     0.300000     0.345000   2.557270E-003   1.374824E-003   1.689209E-003   5.067628E-004   1.182447E-003   1.182447E-003  -8.478984E-013
   56201       3     0.345000     0.385000   2.512764E-003   1.152240E-003   1.943607E-003   5.830820E-004   1.360525E-003   1.360525E-003  -3.505748E-013
   56201       4     0.385000     0.420000   1.293223E-002   5.311610E-003   1.088660E-002   3.265979E-003   7.620618E-003   7.620618E-003  -6.943937E-012
   56201       5     0.420000     0.450000   2.349464E-002   8.965829E-003   2.075544E-002   6.226633E-003   1.452881E-002   1.452881E-002   1.379588E-011
   56201       6     0.450000     0.500000   1.310848E-001   4.710132E-002   1.199763E-001   3.599290E-002   8.398344E-002   8.398344E-002  -2.278455E-013
   56201       7     0.500000     0.550000   1.748537E-001   5.938044E-002   1.649618E-001   4.948854E-002   1.154733E-001   1.154733E-001  -6.209858E-011
   56201       8     0.550000     0.610000   2.295775E-001   7.513487E-002   2.206276E-001   6.618828E-002   1.544427E-001   1.544393E-001   3.327064E-006
   56201       9     0.610000     0.690000   5.693172E-001   1.805386E-001   5.553268E-001   1.665980E-001   3.887785E-001   3.887287E-001   4.979284E-005
   56201      10     0.690000     0.780000   2.472789E+000   7.670125E-001   2.436465E+000   7.309394E-001   1.705777E+000   1.705525E+000   2.514314E-004
   56201      11     0.780000     0.800000   1.063069E+000   3.220325E-001   1.044911E+000   3.134733E-001   7.410369E-001   7.314377E-001   9.599202E-003
   56201      12     0.800000     0.870000   5.878988E+000   1.794601E+000   5.814759E+000   1.744428E+000   4.084387E+000   4.070332E+000   1.405554E-002
   56201      13     0.870000     0.880000   8.736691E-001   2.567811E-001   8.543563E-001   2.563069E-001   6.168880E-001   5.980494E-001   1.883857E-002
   56201      14     0.880000     1.030000   2.249240E+001   6.814142E+000   2.235666E+001   6.706999E+000   1.567826E+001   1.564966E+001   2.859936E-002
   56201      15     1.030000     1.080000   9.248799E+000   2.381341E+000   8.586512E+000   2.575954E+000   6.867458E+000   6.010559E+000   8.568993E-001
   56201      16     1.080000     1.140000   1.173685E+001   3.452721E+000   1.159223E+001   3.477670E+000   8.284129E+000   8.114564E+000   1.695648E-001
   56201      17     1.140000     1.200000   1.143670E+001   3.434645E+000   1.139361E+001   3.418083E+000   8.002052E+000   7.975528E+000   2.652396E-002
   56201      18     1.200000     1.240000   8.097833E+000   8.230409E-001   4.466432E+000   1.339930E+000   7.274792E+000   3.126502E+000   4.148290E+000
   56201      19     1.240000     1.280000   7.733813E+000   2.204768E+000   7.569103E+000   2.270731E+000   5.529046E+000   5.298372E+000   2.306736E-001
   56201      20     1.280000     1.340000   1.109154E+001   2.150353E+000   8.985328E+000   2.695598E+000   8.941190E+000   6.289730E+000   2.651460E+000
   56201      21     1.340000     1.420000   1.012492E+001   2.753648E+000   9.682908E+000   2.904872E+000   7.371273E+000   6.778035E+000   5.932380E-001
   56201      22     1.420000     1.460000   4.444646E+000   3.217301E-001   1.682603E+000   5.047809E-001   4.122916E+000   1.177822E+000   2.945094E+000
   56201      23     1.460000     1.490000   3.316959E+000   9.701282E-001   3.283114E+000   9.849343E-001   2.346831E+000   2.298180E+000   4.865069E-002
   56201      24     1.490000     1.520000   3.416012E+000   7.378046E-001   2.926455E+000   8.779364E-001   2.678207E+000   2.048518E+000   6.296888E-001
   56201      25     1.520000     1.680000   2.089115E+001   1.692660E+000   9.446909E+000   2.834073E+000   1.919849E+001   6.612836E+000   1.258565E+001
   56201      26     1.680000     1.740000   7.400301E+000   2.202893E+000   7.374482E+000   2.212345E+000   5.197408E+000   5.162138E+000   3.527031E-002
   56201      27     1.740000     1.820000   6.859941E+000   1.939913E+000   6.710228E+000   2.013068E+000   4.920028E+000   4.697160E+000   2.228685E-001
   56201      28     1.820000     1.940000   7.844991E+000   1.353905E+000   5.810483E+000   1.743145E+000   6.491086E+000   4.067338E+000   2.423748E+000
   56201      29     1.940000     2.200000   1.524385E+001   1.082460E+000   5.082269E+000   1.524681E+000   1.416139E+001   3.557588E+000   1.060380E+001
   56201      30     2.200000     2.300000   5.897529E+000   1.701861E+000   5.814414E+000   1.744324E+000   4.195668E+000   4.070090E+000   1.255777E-001
   56201      31     2.300000     2.450000   6.412228E+000   1.923685E+000   6.410708E+000   1.923213E+000   4.488543E+000   4.487496E+000   1.047595E-003
   56201      32     2.450000     2.550000   2.808749E+000   6.382789E-001   2.488853E+000   7.466560E-001   2.170470E+000   1.742197E+000   4.282731E-001
   56201      33     2.550000     2.650000   2.466453E+000   2.867219E-001   1.302271E+000   3.906814E-001   2.179731E+000   9.115898E-001   1.268142E+000
   56201      34     2.650000     2.900000   5.107089E+000   1.192871E-002   1.948427E-001   5.845281E-002   5.095160E+000   1.363899E-001   4.958771E+000
   56201      35     2.900000     3.200000   4.829501E+000   5.225318E-001   2.866371E+000   8.599114E-001   4.306969E+000   2.006460E+000   2.300509E+000
   56201      36     3.200000     3.500000   4.479548E+000   8.607093E-001   3.828921E+000   1.148676E+000   3.618839E+000   2.680245E+000   9.385936E-001
   56201      37     3.500000     3.900000   5.317470E+000   1.203243E+000   4.809518E+000   1.442855E+000   4.114227E+000   3.366662E+000   7.475646E-001
   56201      38     3.900000     5.500000   8.889375E+000   4.761566E-001   2.436920E+000   7.310760E-001   8.413219E+000   1.705844E+000   6.707375E+000
   56201      39     5.500000     6.500000   2.171822E+000   6.329473E-001   2.150734E+000   6.452201E-001   1.538874E+000   1.505514E+000   3.336072E-002
   56201      40     6.500000     7.000000   6.459457E-001   4.575841E-002   3.643389E-001   1.093017E-001   6.001873E-001   2.550372E-001   3.451501E-001
   56201      41     7.000000     9.000000   1.525571E+000   8.696819E-002   4.886412E-001   1.465923E-001   1.438603E+000   3.420488E-001   1.096554E+000
   56201      42     9.000000    20.000000   1.633159E+000   4.372860E-002   3.260077E-001   9.780231E-002   1.589430E+000   2.282054E-001   1.361225E+000
   56301       1     0.200000     0.300000   5.582456E-006   3.540013E-006   2.917776E-006   8.753329E-007   2.042443E-006   2.042443E-006  -9.500338E-015
   56301       2     0.300000     0.345000   2.557270E-003   1.374824E-003   1.689209E-003   5.067628E-004   1.182447E-003   1.182447E-003  -8.478984E-013
   56301       3     0.345000     0.385000   2.512764E-003   1.152240E-003   1.943607E-003   5.830820E-004   1.360525E-003   1.360525E-003   1.239833E-013
   56301       4     0.385000     0.420000   1.293223E-002   5.311610E-003   1.088660E-002   3.265979E-003   7.620618E-003   7.620618E-003  -6.943937E-012
   56301       5     0.420000     0.450000   2.349464E-002   8.965829E-003   2.075544E-002   6.226633E-003   1.452881E-002   1.452881E-002   1.034750E-011
   56301       6     0.450000     0.500000   1.310848E-001   4.710132E-002   1.199763E-001   3.599290E-002   8.398344E-002   8.398344E-002  -7.627524E-012
   56301       7     0.500000     0.550000   1.748537E-001   5.938044E-002   1.649618E-001   4.948854E-002   1.154733E-001   1.154733E-001  -7.169240E-011
   56301       8     0.550000     0.610000   2.295775E-001   7.513487E-002   2.206276E-001   6.618828E-002   1.544427E-001   1.544393E-001   3.327352E-006
   56301       9     0.610000     0.690000   5.693172E-001   1.805386E-001   5.553268E-001   1.665980E-001   3.887785E-001   3.887287E-001   4.979376E-005
   56301      10     0.690000     0.780000   2.472789E+000   7.670125E-001   2.436465E+000   7.309394E-001   1.705777E+000   1.705525E+000   2.514232E-004
   56301      11     0.780000     0.800000   1.063069E+000   3.220325E-001   1.044911E+000   3.134733E-001   7.410369E-001   7.314377E-001   9.599144E-003
   56301      12     0.800000     0.870000   5.878988E+000   1.794601E+000   5.814759E+000   1.744428E+000   4.084388E+000   4.070331E+000   1.405683E-002
   56301      13     0.870000     0.880000   8.736691E-001   2.567821E-001   8.543574E-001   2.563072E-001   6.168870E-001   5.980502E-001   1.883681E-002
   56301      14     0.880000     1.030000   2.249240E+001   6.814142E+000   2.235666E+001   6.706999E+000   1.567826E+001   1.564966E+001   2.859921E-002
   56301      15     1.030000     1.080000   9.248799E+000   2.381356E+000   8.586526E+000   2.575958E+000   6.867442E+000   6.010568E+000   8.568740E-001
   56301      16     1.080000     1.140000   1.173685E+001   3.452722E+000   1.159223E+001   3.477670E+000   8.284128E+000   8.114564E+000   1.695634E-001
   56301      17     1.140000     1.200000   1.143670E+001   3.434646E+000   1.139361E+001   3.418084E+000   8.002051E+000   7.975528E+000   2.652276E-002
   56301      18     1.200000     1.240000   8.097833E+000   8.232951E-001   4.466983E+000   1.340095E+000   7.274538E+000   3.126888E+000   4.147650E+000
   56301      19     1.240000     1.280000   7.733813E+000   2.204787E+000   7.569124E+000   2.270737E+000   5.529026E+000   5.298387E+000   2.306393E-001
   56301      20     1.280000     1.340000   1.109154E+001   2.150443E+000   8.985439E+000   2.695632E+000   8.941100E+000   6.289807E+000   2.651293E+000
   56301      21     1.340000     1.420000   1.012492E+001   2.753700E+000   9.682972E+000   2.904892E+000   7.371221E+000   6.778080E+000   5.931409E-001
   56301      22     1.420000     1.460000   4.444646E+000   3.218715E-001   1.683118E+000   5.049353E-001   4.122774E+000   1.178182E+000   2.944592E+000
   56301      23     1.460000     1.490000   3.316959E+000   9.701949E-001   3.283192E+000   9.849576E-001   2.346764E+000   2.298235E+000   4.852948E-002
   56301      24     1.490000     1.520000   3.416012E+000   7.378543E-001   2.926524E+000   8.779571E-001   2.678157E+000   2.048567E+000   6.295905E-001
   56301      25     1.520000     1.680000   2.089115E+001   1.693423E+000   9.448937E+000   2.834681E+000   1.919773E+001   6.614256E+000   1.258347E+001
   56301      26     1.680000     1.740000   7.400301E+000   2.202919E+000   7.374512E+000   2.212353E+000   5.197382E+000   5.162158E+000   3.522418E-002
   56301      27     1.740000     1.820000   6.859941E+000   1.940122E+000   6.710503E+000   2.013151E+000   4.919819E+000   4.697352E+000   2.224673E-001
   56301      28     1.820000     1.940000   7.844991E+000   1.354282E+000   5.811345E+000   1.743404E+000   6.490709E+000   4.067942E+000   2.422768E+000
   56301      29     1.940000     2.200000   1.524385E+001   1.082769E+000   5.083423E+000   1.525027E+000   1.416108E+001   3.558396E+000   1.060268E+001
   56301      30     2.200000     2.300000   5.897529E+000   1.701889E+000   5.814449E+000   1.744335E+000   4.195639E+000   4.070114E+000   1.255253E-001
   56301      31     2.300000     2.450000   6.412228E+000   1.923686E+000   6.410710E+000   1.923213E+000   4.488542E+000   4.487497E+000   1.045712E-003
   56301      32     2.450000     2.550000   2.808749E+000   6.384420E-001   2.489149E+000   7.467446E-001   2.170307E+000   1.742404E+000   4.279031E-001
   56301      33     2.550000     2.650000   2.466453E+000   2.868717E-001   1.302667E+000   3.908000E-001   2.179582E+000   9.118666E-001   1.267715E+000
   56301      34     2.650000     2.900000   5.107089E+000   1.195730E-002   1.951298E-001   5.853894E-002   5.095132E+000   1.365909E-001   4.958541E+000
   56301      35     2.900000     3.200000   4.829501E+000   5.227888E-001   2.867013E+000   8.601039E-001   4.306712E+000   2.006909E+000   2.299803E+000
   56301      36     3.200000     3.500000   4.479548E+000   8.606329E-001   3.828793E+000   1.148638E+000   3.618915E+000   2.680155E+000   9.387600E-001
   56301      37     3.500000     3.900000   5.317470E+000   1.203026E+000   4.809176E+000   1.442753E+000   4.114445E+000   3.366423E+000   7.480214E-001
   56301      38     3.900000     5.500000   8.889375E+000   4.763435E-001   2.437767E+000   7.313300E-001   8.413032E+000   1.706437E+000   6.706595E+000
   56301      39     5.500000     6.500000   2.171822E+000   6.329491E-001   2.150736E+000   6.452207E-001   1.538873E+000   1.505515E+000   3.335762E-002
   56301      40     6.500000     7.000000   6.459457E-001   4.574540E-002   3.642871E-001   1.092861E-001   6.002003E-001   2.550010E-001   3.451994E-001
   56301      41     7.000000     9.000000   1.525571E+000   8.698183E-002   4.886082E-001   1.465825E-001   1.438589E+000   3.420258E-001   1.096563E+000
   56301      42     9.000000    20.000000   1.633159E+000   4.382654E-002   3.264348E-001   9.793044E-002   1.589332E+000   2.285044E-001   1.360828E+000
   56401       1     0.200000     0.300000   5.582456E-006   3.540013E-006   2.917776E-006   8.753329E-007   2.042443E-006   2.042443E-006  -9.500338E-015
   56401       2     0.300000     0.345000   2.557270E-003   1.374824E-003   1.689209E-003   5.067628E-004   1.182447E-003   1.182447E-003  -8.478984E-013
   56401       3     0.345000     0.385000   2.512764E-003   1.152240E-003   1.943607E-003   5.830820E-004   1.360525E-003   1.360525E-003   1.239833E-013
   56401       4     0.385000     0.420000   1.293223E-002   5.311610E-003   1.088660E-002   3.265979E-003   7.620618E-003   7.620618E-003  -5.547189E-012
   56401       5     0.420000     0.450000   2.349464E-002   8.965829E-003   2.075544E-002   6.226633E-003   1.452881E-002   1.452881E-002   1.001979E-011
   56401       6     0.450000     0.500000   1.310848E-001   4.710132E-002   1.199763E-001   3.599290E-002   8.398344E-002   8.398344E-002  -1.238572E-011
   56401       7     0.500000     0.550000   1.748537E-001   5.938044E-002   1.649618E-001   4.948854E-002   1.154733E-001   1.154733E-001  -7.435101E-011
   56401       8     0.550000     0.610000   2.295775E-001   7.513487E-002   2.206276E-001   6.618828E-002   1.544427E-001   1.544393E-001   3.327636E-006
   56401       9     0.610000     0.690000   5.693172E-001   1.805386E-001   5.553268E-001   1.665980E-001   3.887785E-001   3.887287E-001   4.979467E-005
   56401      10     0.690000     0.780000   2.472789E+000   7.670125E-001   2.436465E+000   7.309394E-001   1.705777E+000   1.705525E+000   2.514150E-004
   56401      11     0.780000     0.800000   1.063069E+000   3.220326E-001   1.044911E+000   3.134733E-001   7.410368E-001   7.314378E-001   9.599086E-003
   56401      12     0.800000     0.870000   5.878988E+000   1.794600E+000   5.814758E+000   1.744427E+000   4.084388E+000   4.070330E+000   1.405810E-002
   56401      13     0.870000     0.880000   8.736691E-001   2.567831E-001   8.543585E-001   2.563075E-001   6.168860E-001   5.980509E-001   1.883507E-002
   56401      14     0.880000     1.030000   2.249240E+001   6.814142E+000   2.235666E+001   6.706999E+000   1.567826E+001   1.564966E+001   2.859906E-002
   56401      15     1.030000     1.080000   9.248799E+000   2.381372E+000   8.586540E+000   2.575962E+000   6.867427E+000   6.010578E+000   8.568489E-001
   56401      16     1.080000     1.140000   1.173685E+001   3.452723E+000   1.159224E+001   3.477671E+000   8.284127E+000   8.114565E+000   1.695620E-001
   56401      17     1.140000     1.200000   1.143670E+001   3.434647E+000   1.139361E+001   3.418084E+000   8.002050E+000   7.975529E+000   2.652157E-002
   56401      18     1.200000     1.240000   8.097833E+000   8.235468E-001   4.467529E+000   1.340259E+000   7.274286E+000   3.127270E+000   4.147016E+000
   56401      19     1.240000     1.280000   7.733813E+000   2.204806E+000   7.569146E+000   2.270744E+000   5.529007E+000   5.298402E+000   2.306053E-001
   56401      20     1.280000     1.340000   1.109154E+001   2.150532E+000   8.985548E+000   2.695664E+000   8.941011E+000   6.289884E+000   2.651127E+000
   56401      21     1.340000     1.420000   1.012492E+001   2.753751E+000   9.683036E+000   2.904911E+000   7.371170E+000   6.778125E+000   5.930447E-001
   56401      22     1.420000     1.460000   4.444646E+000   3.220117E-001   1.683628E+000   5.050884E-001   4.122634E+000   1.178540E+000   2.944095E+000
   56401      23     1.460000     1.490000   3.316959E+000   9.702610E-001   3.283269E+000   9.849808E-001   2.346698E+000   2.298288E+000   4.840949E-002
   56401      24     1.490000     1.520000   3.416012E+000   7.379036E-001   2.926592E+000   8.779777E-001   2.678108E+000   2.048615E+000   6.294933E-001
   56401      25     1.520000     1.680000   2.089115E+001   1.694177E+000   9.450946E+000   2.835284E+000   1.919697E+001   6.615662E+000   1.258131E+001
   56401      26     1.680000     1.740000   7.400301E+000   2.202945E+000   7.374540E+000   2.212362E+000   5.197357E+000   5.162178E+000   3.517852E-002
   56401      27     1.740000     1.820000   6.859941E+000   1.940329E+000   6.710775E+000   2.013233E+000   4.919613E+000   4.697543E+000   2.220700E-001
   56401      28     1.820000     1.940000   7.844991E+000   1.354656E+000   5.812199E+000   1.743660E+000   6.490336E+000   4.068539E+000   2.421796E+000
   56401      29     1.940000     2.200000   1.524385E+001   1.083076E+000   5.084566E+000   1.525370E+000   1.416077E+001   3.559196E+000   1.060158E+001
   56401      30     2.200000     2.300000   5.897529E+000   1.701917E+000   5.814483E+000   1.744345E+000   4.195611E+000   4.070138E+000   1.254734E-001
   56401      31     2.300000     2.450000   6.412228E+000   1.923687E+000   6.410711E+000   1.923213E+000   4.488541E+000   4.487498E+000   1.043848E-003
   56401      32     2.450000     2.550000   2.808749E+000   6.386036E-001   2.489441E+000   7.468324E-001   2.170146E+000   1.742609E+000   4.275367E-001
   56401      33     2.550000     2.650000   2.466453E+000   2.870202E-001   1.303058E+000   3.909175E-001   2.179433E+000   9.121408E-001   1.267292E+000
   56401      34     2.650000     2.900000   5.107089E+000   1.198570E-002   1.954147E-001   5.862440E-002   5.095103E+000   1.367903E-001   4.958313E+000
   56401      35     2.900000     3.200000   4.829501E+000   5.230434E-001   2.867648E+000   8.602945E-001   4.306458E+000   2.007354E+000   2.299104E+000
   56401      36     3.200000     3.500000   4.479548E+000   8.605572E-001   3.828666E+000   1.148600E+000   3.618991E+000   2.680066E+000   9.389247E-001
   56401      37     3.500000     3.900000   5.317470E+000   1.202810E+000   4.808838E+000   1.442651E+000   4.114660E+000   3.366187E+000   7.484736E-001
   56401      38     3.900000     5.500000   8.889375E+000   4.765290E-001   2.438606E+000   7.315819E-001   8.412846E+000   1.707024E+000   6.705822E+000
   56401      39     5.500000     6.500000   2.171822E+000   6.329508E-001   2.150737E+000   6.452212E-001   1.538871E+000   1.505516E+000   3.335455E-002
   56401      40     6.500000     7.000000   6.459457E-001   4.573252E-002   3.642358E-001   1.092707E-001   6.002132E-001   2.549651E-001   3.452481E-001
   56401      41     7.000000     9.000000   1.525571E+000   8.699531E-002   4.885757E-001   1.465727E-001   1.438576E+000   3.420030E-001   1.096573E+000
   56401      42     9.000000    20.000000   1.633159E+000   4.392384E-002   3.268587E-001   9.805760E-002   1.589235E+000   2.288011E-001   1.360434E+000
   56501       1     0.200000     0.300000   5.582456E-006   3.540013E-006   2.917776E-006   8.753329E-007   2.042443E-006   2.042443E-006  -9.500338E-015
   56501       2     0.300000     0.345000   2.557270E-003   1.374824E-003   1.689209E-003   5.067628E-004   1.182447E-003   1.182447E-003  -8.478984E-013
   56501       3     0.345000     0.385000   2.512764E-003   1.152240E-003   1.943607E-003   5.830820E-004   1.360525E-003   1.360525E-003   1.239833E-013
   56501       4     0.385000     0.420000   1.293223E-002   5.311610E-003   1.088660E-002   3.265979E-003   7.620618E-003   7.620618E-003  -5.846161E-012
   56501       5     0.420000     0.450000   2.349464E-002   8.965829E-003   2.075544E-002   6.226633E-003   1.452881E-002   1.452881E-002   8.440557E-012
   56501       6     0.450000     0.500000   1.310848E-001   4.710132E-002   1.199763E-001   3.599290E-002   8.398344E-002   8.398344E-002  -7.351023E-012
   56501       7     0.500000     0.550000   1.748537E-001   5.938044E-002   1.649618E-001   4.948854E-002   1.154733E-001   1.154733E-001  -6.466860E-011
   56501       8     0.550000     0.610000   2.295775E-001   7.513487E-002   2.206276E-001   6.618828E-002   1.544427E-001   1.544393E-001   3.327918E-006
   56501       9     0.610000     0.690000   5.693172E-001   1.805386E-001   5.553268E-001   1.665980E-001   3.887785E-001   3.887287E-001   4.979557E-005
   56501      10     0.690000     0.780000   2.472789E+000   7.670125E-001   2.436465E+000   7.309394E-001   1.705777E+000   1.705525E+000   2.514069E-004
   56501      11     0.780000     0.800000   1.063069E+000   3.220326E-001   1.044911E+000   3.134733E-001   7.410368E-001   7.314378E-001   9.599028E-003
   56501      12     0.800000     0.870000   5.878988E+000   1.794599E+000   5.814757E+000   1.744427E+000   4.084389E+000   4.070330E+000   1.405937E-002
   56501      13     0.870000     0.880000   8.736691E-001   2.567840E-001   8.543596E-001   2.563079E-001   6.168851E-001   5.980517E-001   1.883334E-002
   56501      14     0.880000     1.030000   2.249240E+001   6.814142E+000   2.235666E+001   6.706999E+000   1.567826E+001   1.564966E+001   2.859891E-002
   56501      15     1.030000     1.080000   9.248799E+000   2.381387E+000   8.586554E+000   2.575966E+000   6.867412E+000   6.010588E+000   8.568240E-001
   56501      16     1.080000     1.140000   1.173685E+001   3.452724E+000   1.159224E+001   3.477671E+000   8.284126E+000   8.114565E+000   1.695606E-001
   56501      17     1.140000     1.200000   1.143670E+001   3.434647E+000   1.139361E+001   3.418084E+000   8.002050E+000   7.975529E+000   2.652039E-002
   56501      18     1.200000     1.240000   8.097833E+000   8.237962E-001   4.468069E+000   1.340421E+000   7.274036E+000   3.127649E+000   4.146388E+000
   56501      19     1.240000     1.280000   7.733813E+000   2.204825E+000   7.569167E+000   2.270750E+000   5.528989E+000   5.298417E+000   2.305717E-001
   56501      20     1.280000     1.340000   1.109154E+001   2.150620E+000   8.985656E+000   2.695697E+000   8.940923E+000   6.289960E+000   2.650963E+000
   56501      21     1.340000     1.420000   1.012492E+001   2.753802E+000   9.683099E+000   2.904930E+000   7.371119E+000   6.778169E+000   5.929495E-001
   56501      22     1.420000     1.460000   4.444646E+000   3.221508E-001   1.684134E+000   5.052402E-001   4.122495E+000   1.178894E+000   2.943601E+000
   56501      23     1.460000     1.490000   3.316959E+000   9.703264E-001   3.283346E+000   9.850037E-001   2.346632E+000   2.298342E+000   4.829061E-002
   56501      24     1.490000     1.520000   3.416012E+000   7.379523E-001   2.926660E+000   8.779981E-001   2.678059E+000   2.048662E+000   6.293970E-001
   56501      25     1.520000     1.680000   2.089115E+001   1.694926E+000   9.452936E+000   2.835881E+000   1.919622E+001   6.617055E+000   1.257917E+001
   56501      26     1.680000     1.740000   7.400301E+000   2.202970E+000   7.374569E+000   2.212371E+000   5.197331E+000   5.162198E+000   3.513329E-002
   56501      27     1.740000     1.820000   6.859941E+000   1.940533E+000   6.711045E+000   2.013314E+000   4.919408E+000   4.697732E+000   2.216762E-001
   56501      28     1.820000     1.940000   7.844991E+000   1.355026E+000   5.813045E+000   1.743913E+000   6.489965E+000   4.069131E+000   2.420833E+000
   56501      29     1.940000     2.200000   1.524385E+001   1.083379E+000   5.085700E+000   1.525710E+000   1.416047E+001   3.559990E+000   1.060048E+001
   56501      30     2.200000     2.300000   5.897529E+000   1.701945E+000   5.814516E+000   1.744355E+000   4.195583E+000   4.070161E+000   1.254220E-001
   56501      31     2.300000     2.450000   6.412228E+000   1.923688E+000   6.410712E+000   1.923214E+000   4.488540E+000   4.487498E+000   1.042002E-003
   56501      32     2.450000     2.550000   2.808749E+000   6.387638E-001   2.489731E+000   7.469194E-001   2.169985E+000   1.742812E+000   4.271735E-001
   56501      33     2.550000     2.650000   2.466453E+000   2.871676E-001   1.303447E+000   3.910340E-001   2.179286E+000   9.124127E-001   1.266873E+000
   56501      34     2.650000     2.900000   5.107089E+000   1.201394E-002   1.956976E-001   5.870929E-002   5.095075E+000   1.369883E-001   4.958087E+000
   56501      35     2.900000     3.200000   4.829501E+000   5.232958E-001   2.868278E+000   8.604834E-001   4.306205E+000   2.007795E+000   2.298411E+000
   56501      36     3.200000     3.500000   4.479548E+000   8.604822E-001   3.828540E+000   1.148562E+000   3.619066E+000   2.679978E+000   9.390880E-001
   56501      37     3.500000     3.900000   5.317470E+000   1.202597E+000   4.808503E+000   1.442551E+000   4.114874E+000   3.365952E+000   7.489218E-001
   56501      38     3.900000     5.500000   8.889375E+000   4.767132E-001   2.439439E+000   7.318318E-001   8.412662E+000   1.707608E+000   6.705054E+000
   56501      39     5.500000     6.500000   2.171822E+000   6.329525E-001   2.150739E+000   6.452218E-001   1.538869E+000   1.505518E+000   3.335152E-002
   56501      40     6.500000     7.000000   6.459457E-001   4.571976E-002   3.641850E-001   1.092555E-001   6.002260E-001   2.549295E-001   3.452965E-001
   56501      41     7.000000     9.000000   1.525571E+000   8.700865E-002   4.885435E-001   1.465630E-001   1.438562E+000   3.419804E-001   1.096582E+000
   56501      42     9.000000    20.000000   1.633159E+000   4.402061E-002   3.272798E-001   9.818395E-002   1.589138E+000   2.290959E-001   1.360042E+000
   56601       1     0.200000     0.300000   5.582456E-006   3.540013E-006   2.917776E-006   8.753329E-007   2.042443E-006   2.042443E-006  -9.500338E-015
   56601       2     0.300000     0.345000   2.557270E-003   1.374824E-003   1.689209E-003   5.067628E-004   1.182447E-003   1.182447E-003  -8.478984E-013
   56601       3     0.345000     0.385000   2.512764E-003   1.152240E-003   1.943607E-003   5.830820E-004   1.360525E-003   1.360525E-003   1.239833E-013
   56601       4     0.385000     0.420000   1.293223E-002   5.311610E-003   1.088660E-002   3.265979E-003   7.620618E-003   7.620618E-003  -4.568080E-012
   56601       5     0.420000     0.450000   2.349464E-002   8.965829E-003   2.075544E-002   6.226633E-003   1.452881E-002   1.452881E-002   8.160743E-012
   56601       6     0.450000     0.500000   1.310848E-001   4.710132E-002   1.199763E-001   3.599290E-002   8.398344E-002   8.398344E-002  -1.544687E-011
   56601       7     0.500000     0.550000   1.748537E-001   5.938044E-002   1.649618E-001   4.948854E-002   1.154733E-001   1.154733E-001  -5.745347E-011
   56601       8     0.550000     0.610000   2.295775E-001   7.513487E-002   2.206276E-001   6.618828E-002   1.544427E-001   1.544393E-001   3.328197E-006
   56601       9     0.610000     0.690000   5.693172E-001   1.805386E-001   5.553268E-001   1.665980E-001   3.887785E-001   3.887287E-001   4.979646E-005
   56601      10     0.690000     0.780000   2.472789E+000   7.670125E-001   2.436465E+000   7.309394E-001   1.705777E+000   1.705525E+000   2.513989E-004
   56601      11     0.780000     0.800000   1.063069E+000   3.220326E-001   1.044911E+000   3.134733E-001   7.410368E-001   7.314378E-001   9.598971E-003
   56601      12     0.800000     0.870000   5.878988E+000   1.794599E+000   5.814756E+000   1.744427E+000   4.084390E+000   4.070329E+000   1.406062E-002
   56601      13     0.870000     0.880000   8.736691E-001   2.567850E-001   8.543607E-001   2.563082E-001   6.168841E-001   5.980525E-001   1.883163E-002
   56601      14     0.880000     1.030000   2.249240E+001   6.814142E+000   2.235666E+001   6.706999E+000   1.567826E+001   1.564966E+001   2.859876E-002
   56601      15     1.030000     1.080000   9.248799E+000   2.381402E+000   8.586567E+000   2.575970E+000   6.867396E+000   6.010597E+000   8.567994E-001
   56601      16     1.080000     1.140000   1.173685E+001   3.452725E+000   1.159224E+001   3.477671E+000   8.284125E+000   8.114566E+000   1.695592E-001
   56601      17     1.140000     1.200000   1.143670E+001   3.434648E+000   1.139361E+001   3.418084E+000   8.002049E+000   7.975530E+000   2.651922E-002
   56601      18     1.200000     1.240000   8.097833E+000   8.240435E-001   4.468605E+000   1.340582E+000   7.273789E+000   3.128024E+000   4.145766E+000
   56601      19     1.240000     1.280000   7.733813E+000   2.204843E+000   7.569188E+000   2.270756E+000   5.528970E+000   5.298432E+000   2.305383E-001
   56601      20     1.280000     1.340000   1.109154E+001   2.150707E+000   8.985764E+000   2.695729E+000   8.940835E+000   6.290035E+000   2.650801E+000
   56601      21     1.340000     1.420000   1.012492E+001   2.753853E+000   9.683162E+000   2.904948E+000   7.371068E+000   6.778213E+000   5.928551E-001
   56601      22     1.420000     1.460000   4.444646E+000   3.222889E-001   1.684636E+000   5.053908E-001   4.122357E+000   1.179245E+000   2.943112E+000
   56601      23     1.460000     1.490000   3.316959E+000   9.703913E-001   3.283421E+000   9.850264E-001   2.346568E+000   2.298395E+000   4.817278E-002
   56601      24     1.490000     1.520000   3.416012E+000   7.380006E-001   2.926728E+000   8.780183E-001   2.678011E+000   2.048709E+000   6.293015E-001
   56601      25     1.520000     1.680000   2.089115E+001   1.695668E+000   9.454910E+000   2.836473E+000   1.919548E+001   6.618437E+000   1.257704E+001
   56601      26     1.680000     1.740000   7.400301E+000   2.202995E+000   7.374597E+000   2.212379E+000   5.197306E+000   5.162218E+000   3.508846E-002
   56601      27     1.740000     1.820000   6.859941E+000   1.940737E+000   6.711313E+000   2.013394E+000   4.919205E+000   4.697919E+000   2.212858E-001
   56601      28     1.820000     1.940000   7.844991E+000   1.355394E+000   5.813884E+000   1.744165E+000   6.489597E+000   4.069719E+000   2.419879E+000
   56601      29     1.940000     2.200000   1.524385E+001   1.083681E+000   5.086825E+000   1.526047E+000   1.416017E+001   3.560777E+000   1.059939E+001
   56601      30     2.200000     2.300000   5.897529E+000   1.701973E+000   5.814550E+000   1.744365E+000   4.195556E+000   4.070185E+000   1.253710E-001
   56601      31     2.300000     2.450000   6.412228E+000   1.923689E+000   6.410713E+000   1.923214E+000   4.488539E+000   4.487499E+000   1.040172E-003
   56601      32     2.450000     2.550000   2.808749E+000   6.389227E-001   2.490019E+000   7.470057E-001   2.169827E+000   1.743013E+000   4.268133E-001
   56601      33     2.550000     2.650000   2.466453E+000   2.873139E-001   1.303832E+000   3.911496E-001   2.179139E+000   9.126825E-001   1.266457E+000
   56601      34     2.650000     2.900000   5.107089E+000   1.204203E-002   1.959788E-001   5.879363E-002   5.095047E+000   1.371851E-001   4.957862E+000
   56601      35     2.900000     3.200000   4.829501E+000   5.235461E-001   2.868902E+000   8.606707E-001   4.305955E+000   2.008232E+000   2.297723E+000
   56601      36     3.200000     3.500000   4.479548E+000   8.604078E-001   3.828415E+000   1.148524E+000   3.619140E+000   2.679890E+000   9.392498E-001
   56601      37     3.500000     3.900000   5.317470E+000   1.202385E+000   4.808171E+000   1.442451E+000   4.115086E+000   3.365720E+000   7.493660E-001
   56601      38     3.900000     5.500000   8.889375E+000   4.768964E-001   2.440267E+000   7.320800E-001   8.412479E+000   1.708187E+000   6.704292E+000
   56601      39     5.500000     6.500000   2.171822E+000   6.329542E-001   2.150741E+000   6.452224E-001   1.538867E+000   1.505519E+000   3.334852E-002
   56601      40     6.500000     7.000000   6.459457E-001   4.570712E-002   3.641346E-001   1.092404E-001   6.002386E-001   2.548942E-001   3.453444E-001
   56601      41     7.000000     9.000000   1.525571E+000   8.702186E-002   4.885116E-001   1.465535E-001   1.438549E+000   3.419581E-001   1.096591E+000
   56601      42     9.000000    20.000000   1.633159E+000   4.411690E-002   3.276984E-001   9.830953E-002   1.589042E+000   2.293889E-001   1.359653E+000
   56701       1     0.200000     0.300000   5.582456E-006   3.540013E-006   2.917776E-006   8.753329E-007   2.042443E-006   2.042443E-006  -9.500338E-015
   56701       2     0.300000     0.345000   2.557270E-003   1.374824E-003   1.689209E-003   5.067628E-004   1.182447E-003   1.182447E-003  -8.478984E-013
   56701       3     0.345000     0.385000   2.512764E-003   1.152240E-003   1.943607E-003   5.830820E-004   1.360525E-003   1.360525E-003   1.239833E-013
   56701       4     0.385000     0.420000   1.293223E-002   5.311610E-003   1.088660E-002   3.265979E-003   7.620618E-003   7.620618E-003  -4.568080E-012
   56701       5     0.420000     0.450000   2.349464E-002   8.965829E-003   2.075544E-002   6.226633E-003   1.452881E-002   1.452881E-002   7.063246E-012
   56701       6     0.450000     0.500000   1.310848E-001   4.710132E-002   1.199763E-001   3.599290E-002   8.398344E-002   8.398344E-002  -2.514564E-011
   56701       7     0.500000     0.550000   1.748537E-001   5.938044E-002   1.649618E-001   4.948854E-002   1.154733E-001   1.154733E-001  -6.126802E-011
   56701       8     0.550000     0.610000   2.295775E-001   7.513487E-002   2.206276E-001   6.618828E-002   1.544427E-001   1.544393E-001   3.328474E-006
   56701       9     0.610000     0.690000   5.693172E-001   1.805386E-001   5.553268E-001   1.665980E-001   3.887785E-001   3.887287E-001   4.979734E-005
   56701      10     0.690000     0.780000   2.472789E+000   7.670125E-001   2.436465E+000   7.309394E-001   1.705777E+000   1.705525E+000   2.513910E-004
   56701      11     0.780000     0.800000   1.063069E+000   3.220327E-001   1.044911E+000   3.134734E-001   7.410367E-001   7.314378E-001   9.598915E-003
   56701      12     0.800000     0.870000   5.878988E+000   1.794598E+000   5.814755E+000   1.744427E+000   4.084390E+000   4.070329E+000   1.406186E-002
   56701      13     0.870000     0.880000   8.736691E-001   2.567859E-001   8.543618E-001   2.563085E-001   6.168832E-001   5.980532E-001   1.882993E-002
   56701      14     0.880000     1.030000   2.249240E+001   6.814142E+000   2.235666E+001   6.706999E+000   1.567826E+001   1.564966E+001   2.859862E-002
   56701      15     1.030000     1.080000   9.248799E+000   2.381417E+000   8.586581E+000   2.575974E+000   6.867381E+000   6.010606E+000   8.567751E-001
   56701      16     1.080000     1.140000   1.173685E+001   3.452726E+000   1.159224E+001   3.477671E+000   8.284124E+000   8.114566E+000   1.695579E-001
   56701      17     1.140000     1.200000   1.143670E+001   3.434648E+000   1.139361E+001   3.418084E+000   8.002048E+000   7.975530E+000   2.651808E-002
   56701      18     1.200000     1.240000   8.097833E+000   8.242887E-001   4.469136E+000   1.340741E+000   7.273544E+000   3.128395E+000   4.145149E+000
   56701      19     1.240000     1.280000   7.733813E+000   2.204862E+000   7.569209E+000   2.270763E+000   5.528952E+000   5.298446E+000   2.305055E-001
   56701      20     1.280000     1.340000   1.109154E+001   2.150794E+000   8.985870E+000   2.695761E+000   8.940749E+000   6.290109E+000   2.650640E+000
   56701      21     1.340000     1.420000   1.012492E+001   2.753903E+000   9.683223E+000   2.904967E+000   7.371018E+000   6.778256E+000   5.927617E-001
   56701      22     1.420000     1.460000   4.444646E+000   3.224254E-001   1.685132E+000   5.055397E-001   4.122220E+000   1.179593E+000   2.942628E+000
   56701      23     1.460000     1.490000   3.316959E+000   9.704551E-001   3.283496E+000   9.850487E-001   2.346504E+000   2.298447E+000   4.805693E-002
   56701      24     1.490000     1.520000   3.416012E+000   7.380484E-001   2.926794E+000   8.780383E-001   2.677963E+000   2.048756E+000   6.292072E-001
   56701      25     1.520000     1.680000   2.089115E+001   1.696402E+000   9.456863E+000   2.837059E+000   1.919475E+001   6.619804E+000   1.257494E+001
   56701      26     1.680000     1.740000   7.400301E+000   2.203020E+000   7.374625E+000   2.212387E+000   5.197282E+000   5.162237E+000   3.504432E-002
   56701      27     1.740000     1.820000   6.859941E+000   1.940937E+000   6.711577E+000   2.013473E+000   4.919004E+000   4.698104E+000   2.209009E-001
   56701      28     1.820000     1.940000   7.844991E+000   1.355757E+000   5.814714E+000   1.744414E+000   6.489234E+000   4.070300E+000   2.418934E+000
   56701      29     1.940000     2.200000   1.524385E+001   1.083979E+000   5.087935E+000   1.526381E+000   1.415987E+001   3.561555E+000   1.059832E+001
   56701      30     2.200000     2.300000   5.897529E+000   1.702000E+000   5.814582E+000   1.744375E+000   4.195528E+000   4.070208E+000   1.253206E-001
   56701      31     2.300000     2.450000   6.412228E+000   1.923690E+000   6.410714E+000   1.923214E+000   4.488538E+000   4.487500E+000   1.038369E-003
   56701      32     2.450000     2.550000   2.808749E+000   6.390796E-001   2.490303E+000   7.470909E-001   2.169670E+000   1.743212E+000   4.264574E-001
   56701      33     2.550000     2.650000   2.466453E+000   2.874580E-001   1.304212E+000   3.912637E-001   2.178995E+000   9.129485E-001   1.266047E+000
   56701      34     2.650000     2.900000   5.107089E+000   1.206987E-002   1.962565E-001   5.887696E-002   5.095019E+000   1.373796E-001   4.957640E+000
   56701      35     2.900000     3.200000   4.829501E+000   5.237936E-001   2.869520E+000   8.608559E-001   4.305707E+000   2.008664E+000   2.297044E+000
   56701      36     3.200000     3.500000   4.479548E+000   8.603340E-001   3.828290E+000   1.148487E+000   3.619214E+000   2.679803E+000   9.394106E-001
   56701      37     3.500000     3.900000   5.317470E+000   1.202175E+000   4.807842E+000   1.442352E+000   4.115295E+000   3.365489E+000   7.498064E-001
   56701      38     3.900000     5.500000   8.889375E+000   4.770775E-001   2.441084E+000   7.323252E-001   8.412298E+000   1.708759E+000   6.703539E+000
   56701      39     5.500000     6.500000   2.171822E+000   6.329558E-001   2.150743E+000   6.452229E-001   1.538866E+000   1.505520E+000   3.334563E-002
   56701      40     6.500000     7.000000   6.459457E-001   4.569461E-002   3.640848E-001   1.092254E-001   6.002511E-001   2.548594E-001   3.453918E-001
   56701      41     7.000000     9.000000   1.525571E+000   8.703496E-002   4.884798E-001   1.465439E-001   1.438536E+000   3.419359E-001   1.096600E+000
   56701      42     9.000000    20.000000   1.633159E+000   4.421184E-002   3.281111E-001   9.843333E-002   1.588947E+000   2.296778E-001   1.359269E+000
   56801       1     0.200000     0.300000   5.582456E-006   3.540013E-006   2.917776E-006   8.753329E-007   2.042443E-006   2.042443E-006  -9.500338E-015
   56801       2     0.300000     0.345000   2.557270E-003   1.374824E-003   1.689209E-003   5.067628E-004   1.182447E-003   1.182447E-003  -8.478984E-013
   56801       3     0.345000     0.385000   2.512764E-003   1.152240E-003   1.943607E-003   5.830820E-004   1.360525E-003   1.360525E-003   1.239833E-013
   56801       4     0.385000     0.420000   1.293223E-002   5.311610E-003   1.088660E-002   3.265979E-003   7.620618E-003   7.620618E-003  -4.568080E-012
   56801       5     0.420000     0.450000   2.349464E-002   8.965829E-003   2.075544E-002   6.226633E-003   1.452881E-002   1.452881E-002   6.857582E-012
   56801       6     0.450000     0.500000   1.310848E-001   4.710132E-002   1.199763E-001   3.599290E-002   8.398344E-002   8.398344E-002  -1.229644E-011
   56801       7     0.500000     0.550000   1.748537E-001   5.938044E-002   1.649618E-001   4.948854E-002   1.154733E-001   1.154733E-001  -5.605960E-011
   56801       8     0.550000     0.610000   2.295775E-001   7.513487E-002   2.206276E-001   6.618828E-002   1.544427E-001   1.544393E-001   3.328748E-006
   56801       9     0.610000     0.690000   5.693172E-001   1.805386E-001   5.553268E-001   1.665980E-001   3.887785E-001   3.887287E-001   4.979821E-005
   56801      10     0.690000     0.780000   2.472789E+000   7.670125E-001   2.436465E+000   7.309394E-001   1.705777E+000   1.705525E+000   2.513831E-004
   56801      11     0.780000     0.800000   1.063069E+000   3.220327E-001   1.044911E+000   3.134734E-001   7.410367E-001   7.314378E-001   9.598860E-003
   56801      12     0.800000     0.870000   5.878988E+000   1.794597E+000   5.814754E+000   1.744426E+000   4.084391E+000   4.070328E+000   1.406309E-002
   56801      13     0.870000     0.880000   8.736691E-001   2.567868E-001   8.543628E-001   2.563088E-001   6.168822E-001   5.980540E-001   1.882825E-002
   56801      14     0.880000     1.030000   2.249240E+001   6.814142E+000   2.235666E+001   6.706999E+000   1.567826E+001   1.564966E+001   2.859847E-002
   56801      15     1.030000     1.080000   9.248799E+000   2.381432E+000   8.586594E+000   2.575978E+000   6.867367E+000   6.010616E+000   8.567512E-001
   56801      16     1.080000     1.140000   1.173685E+001   3.452726E+000   1.159224E+001   3.477672E+000   8.284123E+000   8.114567E+000   1.695565E-001
   56801      17     1.140000     1.200000   1.143670E+001   3.434649E+000   1.139362E+001   3.418085E+000   8.002048E+000   7.975531E+000   2.651696E-002
   56801      18     1.200000     1.240000   8.097833E+000   8.245317E-001   4.469663E+000   1.340899E+000   7.273301E+000   3.128764E+000   4.144537E+000
   56801      19     1.240000     1.280000   7.733813E+000   2.204880E+000   7.569230E+000   2.270769E+000   5.528934E+000   5.298461E+000   2.304731E-001
   56801      20     1.280000     1.340000   1.109154E+001   2.150880E+000   8.985975E+000   2.695793E+000   8.940663E+000   6.290183E+000   2.650481E+000
   56801      21     1.340000     1.420000   1.012492E+001   2.753952E+000   9.683285E+000   2.904985E+000   7.370969E+000   6.778299E+000   5.926694E-001
   56801      22     1.420000     1.460000   4.444646E+000   3.225603E-001   1.685622E+000   5.056866E-001   4.122085E+000   1.179935E+000   2.942150E+000
   56801      23     1.460000     1.490000   3.316959E+000   9.705176E-001   3.283569E+000   9.850706E-001   2.346441E+000   2.298498E+000   4.794337E-002
   56801      24     1.490000     1.520000   3.416012E+000   7.380955E-001   2.926860E+000   8.780580E-001   2.677916E+000   2.048802E+000   6.291140E-001
   56801      25     1.520000     1.680000   2.089115E+001   1.697128E+000   9.458796E+000   2.837639E+000   1.919402E+001   6.621157E+000   1.257286E+001
   56801      26     1.680000     1.740000   7.400301E+000   2.203044E+000   7.374652E+000   2.212396E+000   5.197257E+000   5.162256E+000   3.500094E-002
   56801      27     1.740000     1.820000   6.859941E+000   1.941134E+000   6.711836E+000   2.013551E+000   4.918807E+000   4.698285E+000   2.205222E-001
   56801      28     1.820000     1.940000   7.844991E+000   1.356116E+000   5.815533E+000   1.744660E+000   6.488875E+000   4.070873E+000   2.418002E+000
   56801      29     1.940000     2.200000   1.524385E+001   1.084273E+000   5.089031E+000   1.526709E+000   1.415958E+001   3.562322E+000   1.059726E+001
   56801      30     2.200000     2.300000   5.897529E+000   1.702027E+000   5.814615E+000   1.744385E+000   4.195501E+000   4.070231E+000   1.252708E-001
   56801      31     2.300000     2.450000   6.412228E+000   1.923691E+000   6.410715E+000   1.923215E+000   4.488537E+000   4.487501E+000   1.036595E-003
   56801      32     2.450000     2.550000   2.808749E+000   6.392345E-001   2.490584E+000   7.471751E-001   2.169515E+000   1.743408E+000   4.261063E-001
   56801      33     2.550000     2.650000   2.466453E+000   2.875994E-001   1.304586E+000   3.913758E-001   2.178854E+000   9.132103E-001   1.265644E+000
   56801      34     2.650000     2.900000   5.107089E+000   1.209740E-002   1.965305E-001   5.895914E-002   5.094992E+000   1.375713E-001   4.957420E+000
   56801      35     2.900000     3.200000   4.829501E+000   5.240382E-001   2.870130E+000   8.610389E-001   4.305463E+000   2.009091E+000   2.296372E+000
   56801      36     3.200000     3.500000   4.479548E+000   8.602606E-001   3.828167E+000   1.148450E+000   3.619287E+000   2.679717E+000   9.395704E-001
   56801      37     3.500000     3.900000   5.317470E+000   1.201967E+000   4.807515E+000   1.442254E+000   4.115504E+000   3.365260E+000   7.502432E-001
   56801      38     3.900000     5.500000   8.889375E+000   4.772562E-001   2.441890E+000   7.325670E-001   8.412119E+000   1.709323E+000   6.702796E+000
   56801      39     5.500000     6.500000   2.171822E+000   6.329574E-001   2.150745E+000   6.452234E-001   1.538864E+000   1.505521E+000   3.334289E-002
   56801      40     6.500000     7.000000   6.459457E-001   4.568225E-002   3.640355E-001   1.092107E-001   6.002635E-001   2.548249E-001   3.454386E-001
   56801      41     7.000000     9.000000   1.525571E+000   8.704797E-002   4.884481E-001   1.465344E-001   1.438523E+000   3.419137E-001   1.096609E+000
   56801      42     9.000000    20.000000   1.633159E+000   4.430513E-002   3.285167E-001   9.855500E-002   1.588854E+000   2.299617E-001   1.358892E+000
   56901       1     0.200000     0.300000   5.582456E-006   3.540013E-006   2.917776E-006   8.753329E-007   2.042443E-006   2.042443E-006  -9.500338E-015
   56901       2     0.300000     0.345000   2.557270E-003   1.374824E-003   1.689209E-003   5.067628E-004   1.182447E-003   1.182447E-003  -8.478984E-013
   56901       3     0.345000     0.385000   2.512764E-003   1.152240E-003   1.943607E-003   5.830820E-004   1.360525E-003   1.360525E-003  -9.252798E-015
   56901       4     0.385000     0.420000   1.293223E-002   5.311610E-003   1.088660E-002   3.265979E-003   7.620618E-003   7.620618E-003  -4.568080E-012
   56901       5     0.420000     0.450000   2.349464E-002   8.965829E-003   2.075544E-002   6.226633E-003   1.452881E-002   1.452881E-002   5.110821E-012
   56901       6     0.450000     0.500000   1.310848E-001   4.710132E-002   1.199763E-001   3.599290E-002   8.398344E-002   8.398344E-002  -9.582612E-012
   56901       7     0.500000     0.550000   1.748537E-001   5.938044E-002   1.649618E-001   4.948854E-002   1.154733E-001   1.154733E-001  -6.787611E-011
   56901       8     0.550000     0.610000   2.295775E-001   7.513487E-002   2.206276E-001   6.618828E-002   1.544427E-001   1.544393E-001   3.329020E-006
   56901       9     0.610000     0.690000   5.693172E-001   1.805386E-001   5.553268E-001   1.665980E-001   3.887785E-001   3.887287E-001   4.979908E-005
   56901      10     0.690000     0.780000   2.472789E+000   7.670125E-001   2.436465E+000   7.309394E-001   1.705777E+000   1.705525E+000   2.513754E-004
   56901      11     0.780000     0.800000   1.063069E+000   3.220327E-001   1.044911E+000   3.134734E-001   7.410367E-001   7.314379E-001   9.598806E-003
   56901      12     0.800000     0.870000   5.878988E+000   1.794597E+000   5.814753E+000   1.744426E+000   4.084392E+000   4.070327E+000   1.406432E-002
   56901      13     0.870000     0.880000   8.736691E-001   2.567878E-001   8.543639E-001   2.563092E-001   6.168813E-001   5.980547E-001   1.882659E-002
   56901      14     0.880000     1.030000   2.249240E+001   6.814142E+000   2.235666E+001   6.706999E+000   1.567826E+001   1.564966E+001   2.859833E-002
   56901      15     1.030000     1.080000   9.248799E+000   2.381447E+000   8.586607E+000   2.575982E+000   6.867352E+000   6.010625E+000   8.567274E-001
   56901      16     1.080000     1.140000   1.173685E+001   3.452727E+000   1.159224E+001   3.477672E+000   8.284123E+000   8.114567E+000   1.695552E-001
   56901      17     1.140000     1.200000   1.143670E+001   3.434650E+000   1.139362E+001   3.418085E+000   8.002047E+000   7.975531E+000   2.651584E-002
   56901      18     1.200000     1.240000   8.097833E+000   8.247729E-001   4.470185E+000   1.341055E+000   7.273060E+000   3.129129E+000   4.143930E+000
   56901      19     1.240000     1.280000   7.733813E+000   2.204897E+000   7.569250E+000   2.270775E+000   5.528916E+000   5.298475E+000   2.304411E-001
   56901      20     1.280000     1.340000   1.109154E+001   2.150964E+000   8.986079E+000   2.695824E+000   8.940578E+000   6.290256E+000   2.650323E+000
   56901      21     1.340000     1.420000   1.012492E+001   2.754001E+000   9.683345E+000   2.905004E+000   7.370919E+000   6.778342E+000   5.925778E-001
   56901      22     1.420000     1.460000   4.444646E+000   3.226943E-001   1.686108E+000   5.058325E-001   4.121951E+000   1.180276E+000   2.941676E+000
   56901      23     1.460000     1.490000   3.316959E+000   9.705796E-001   3.283641E+000   9.850923E-001   2.346379E+000   2.298549E+000   4.783069E-002
   56901      24     1.490000     1.520000   3.416012E+000   7.381423E-001   2.926925E+000   8.780776E-001   2.677869E+000   2.048848E+000   6.290216E-001
   56901      25     1.520000     1.680000   2.089115E+001   1.697849E+000   9.460714E+000   2.838214E+000   1.919330E+001   6.622500E+000   1.257080E+001
   56901      26     1.680000     1.740000   7.400301E+000   2.203068E+000   7.374679E+000   2.212404E+000   5.197233E+000   5.162275E+000   3.495791E-002
   56901      27     1.740000     1.820000   6.859941E+000   1.941329E+000   6.712094E+000   2.013628E+000   4.918612E+000   4.698465E+000   2.201464E-001
   56901      28     1.820000     1.940000   7.844991E+000   1.356472E+000   5.816347E+000   1.744904E+000   6.488519E+000   4.071443E+000   2.417076E+000
   56901      29     1.940000     2.200000   1.524385E+001   1.084564E+000   5.090119E+000   1.527036E+000   1.415929E+001   3.563083E+000   1.059620E+001
   56901      30     2.200000     2.300000   5.897529E+000   1.702054E+000   5.814647E+000   1.744394E+000   4.195475E+000   4.070253E+000   1.252214E-001
   56901      31     2.300000     2.450000   6.412228E+000   1.923692E+000   6.410716E+000   1.923215E+000   4.488536E+000   4.487501E+000   1.034835E-003
   56901      32     2.450000     2.550000   2.808749E+000   6.393882E-001   2.490862E+000   7.472586E-001   2.169361E+000   1.743603E+000   4.257577E-001
   56901      33     2.550000     2.650000   2.466453E+000   2.877399E-001   1.304957E+000   3.914872E-001   2.178713E+000   9.134702E-001   1.265243E+000
   56901      34     2.650000     2.900000   5.107089E+000   1.212482E-002   1.968029E-001   5.904087E-002   5.094964E+000   1.377620E-001   4.957202E+000
   56901      35     2.900000     3.200000   4.829501E+000   5.242811E-001   2.870735E+000   8.612206E-001   4.305220E+000   2.009515E+000   2.295705E+000
   56901      36     3.200000     3.500000   4.479548E+000   8.601877E-001   3.828045E+000   1.148413E+000   3.619360E+000   2.679631E+000   9.397290E-001
   56901      37     3.500000     3.900000   5.317470E+000   1.201760E+000   4.807190E+000   1.442157E+000   4.115710E+000   3.365033E+000   7.506766E-001
   56901      38     3.900000     5.500000   8.889375E+000   4.774339E-001   2.442691E+000   7.328074E-001   8.411941E+000   1.709884E+000   6.702057E+000
   56901      39     5.500000     6.500000   2.171822E+000   6.329589E-001   2.150746E+000   6.452239E-001   1.538863E+000   1.505523E+000   3.334018E-002
   56901      40     6.500000     7.000000   6.459457E-001   4.566999E-002   3.639866E-001   1.091960E-001   6.002757E-001   2.547906E-001   3.454851E-001
   56901      41     7.000000     9.000000   1.525571E+000   8.706087E-002   4.884167E-001   1.465250E-001   1.438510E+000   3.418917E-001   1.096619E+000
   56901      42     9.000000    20.000000   1.633159E+000   4.439803E-002   3.289202E-001   9.867605E-002   1.588761E+000   2.302441E-001   1.358517E+000
   57001       1     0.200000     0.300000   5.582456E-006   3.540013E-006   2.917776E-006   8.753329E-007   2.042443E-006   2.042443E-006  -9.500338E-015
   57001       2     0.300000     0.345000   2.557270E-003   1.374824E-003   1.689209E-003   5.067628E-004   1.182447E-003   1.182447E-003  -8.478984E-013
   57001       3     0.345000     0.385000   2.512764E-003   1.152240E-003   1.943607E-003   5.830820E-004   1.360525E-003   1.360525E-003  -9.252798E-015
   57001       4     0.385000     0.420000   1.293223E-002   5.311610E-003   1.088660E-002   3.265979E-003   7.620618E-003   7.620618E-003  -4.568080E-012
   57001       5     0.420000     0.450000   2.349464E-002   8.965829E-003   2.075544E-002   6.226633E-003   1.452881E-002   1.452881E-002   5.094302E-012
   57001       6     0.450000     0.500000   1.310848E-001   4.710132E-002   1.199763E-001   3.599290E-002   8.398344E-002   8.398344E-002  -1.606101E-011
   57001       7     0.500000     0.550000   1.748537E-001   5.938044E-002   1.649618E-001   4.948854E-002   1.154733E-001   1.154733E-001  -6.221564E-011
   57001       8     0.550000     0.610000   2.295775E-001   7.513487E-002   2.206276E-001   6.618828E-002   1.544427E-001   1.544393E-001   3.329290E-006
   57001       9     0.610000     0.690000   5.693172E-001   1.805386E-001   5.553268E-001   1.665980E-001   3.887785E-001   3.887287E-001   4.979994E-005
   57001      10     0.690000     0.780000   2.472789E+000   7.670125E-001   2.436465E+000   7.309394E-001   1.705777E+000   1.705525E+000   2.513677E-004
   57001      11     0.780000     0.800000   1.063069E+000   3.220328E-001   1.044911E+000   3.134734E-001   7.410366E-001   7.314379E-001   9.598751E-003
   57001      12     0.800000     0.870000   5.878988E+000   1.794596E+000   5.814753E+000   1.744426E+000   4.084392E+000   4.070327E+000   1.406553E-002
   57001      13     0.870000     0.880000   8.736691E-001   2.567887E-001   8.543649E-001   2.563095E-001   6.168804E-001   5.980555E-001   1.882494E-002
   57001      14     0.880000     1.030000   2.249240E+001   6.814143E+000   2.235666E+001   6.706999E+000   1.567826E+001   1.564966E+001   2.859819E-002
   57001      15     1.030000     1.080000   9.248799E+000   2.381461E+000   8.586620E+000   2.575986E+000   6.867338E+000   6.010634E+000   8.567039E-001
   57001      16     1.080000     1.140000   1.173685E+001   3.452728E+000   1.159224E+001   3.477672E+000   8.284122E+000   8.114568E+000   1.695539E-001
   57001      17     1.140000     1.200000   1.143670E+001   3.434650E+000   1.139362E+001   3.418085E+000   8.002046E+000   7.975532E+000   2.651474E-002
   57001      18     1.200000     1.240000   8.097833E+000   8.250124E-001   4.470703E+000   1.341211E+000   7.272820E+000   3.129492E+000   4.143328E+000
   57001      19     1.240000     1.280000   7.733813E+000   2.204915E+000   7.569270E+000   2.270781E+000   5.528898E+000   5.298489E+000   2.304093E-001
   57001      20     1.280000     1.340000   1.109154E+001   2.151049E+000   8.986183E+000   2.695855E+000   8.940494E+000   6.290328E+000   2.650166E+000
   57001      21     1.340000     1.420000   1.012492E+001   2.754050E+000   9.683406E+000   2.905022E+000   7.370871E+000   6.778384E+000   5.924868E-001
   57001      22     1.420000     1.460000   4.444646E+000   3.228275E-001   1.686592E+000   5.059776E-001   4.121818E+000   1.180614E+000   2.941204E+000
   57001      23     1.460000     1.490000   3.316959E+000   9.706412E-001   3.283713E+000   9.851138E-001   2.346318E+000   2.298599E+000   4.771885E-002
   57001      24     1.490000     1.520000   3.416012E+000   7.381887E-001   2.926990E+000   8.780970E-001   2.677823E+000   2.048893E+000   6.289299E-001
   57001      25     1.520000     1.680000   2.089115E+001   1.698565E+000   9.462619E+000   2.838786E+000   1.919258E+001   6.623833E+000   1.256875E+001
   57001      26     1.680000     1.740000   7.400301E+000   2.203092E+000   7.374706E+000   2.212412E+000   5.197209E+000   5.162294E+000   3.491521E-002
   57001      27     1.740000     1.820000   6.859941E+000   1.941524E+000   6.712349E+000   2.013705E+000   4.918418E+000   4.698644E+000   2.197732E-001
   57001      28     1.820000     1.940000   7.844991E+000   1.356826E+000   5.817155E+000   1.745146E+000   6.488165E+000   4.072008E+000   2.416156E+000
   57001      29     1.940000     2.200000   1.524385E+001   1.084854E+000   5.091200E+000   1.527360E+000   1.415900E+001   3.563840E+000   1.059516E+001
   57001      30     2.200000     2.300000   5.897529E+000   1.702081E+000   5.814679E+000   1.744404E+000   4.195448E+000   4.070276E+000   1.251723E-001
   57001      31     2.300000     2.450000   6.412228E+000   1.923693E+000   6.410717E+000   1.923215E+000   4.488535E+000   4.487502E+000   1.033089E-003
   57001      32     2.450000     2.550000   2.808749E+000   6.395410E-001   2.491138E+000   7.473415E-001   2.169208E+000   1.743797E+000   4.254114E-001
   57001      33     2.550000     2.650000   2.466453E+000   2.878796E-001   1.305326E+000   3.915979E-001   2.178574E+000   9.137284E-001   1.264845E+000
   57001      34     2.650000     2.900000   5.107089E+000   1.215214E-002   1.970740E-001   5.912219E-002   5.094937E+000   1.379518E-001   4.956985E+000
   57001      35     2.900000     3.200000   4.829501E+000   5.245223E-001   2.871337E+000   8.614010E-001   4.304979E+000   2.009936E+000   2.295043E+000
   57001      36     3.200000     3.500000   4.479548E+000   8.601153E-001   3.827923E+000   1.148377E+000   3.619433E+000   2.679546E+000   9.398865E-001
   57001      37     3.500000     3.900000   5.317470E+000   1.201556E+000   4.806869E+000   1.442061E+000   4.115915E+000   3.364808E+000   7.511069E-001
   57001      38     3.900000     5.500000   8.889375E+000   4.776109E-001   2.443488E+000   7.330464E-001   8.411764E+000   1.710442E+000   6.701323E+000
   57001      39     5.500000     6.500000   2.171822E+000   6.329604E-001   2.150748E+000   6.452244E-001   1.538861E+000   1.505524E+000   3.333749E-002
   57001      40     6.500000     7.000000   6.459457E-001   4.565781E-002   3.639380E-001   1.091814E-001   6.002879E-001   2.547566E-001   3.455313E-001
   57001      41     7.000000     9.000000   1.525571E+000   8.707365E-002   4.883855E-001   1.465157E-001   1.438497E+000   3.418699E-001   1.096628E+000
   57001      42     9.000000    20.000000   1.633159E+000   4.449059E-002   3.293218E-001   9.879654E-002   1.588668E+000   2.305253E-001   1.358143E+000
   57101       1     0.200000     0.300000   5.582456E-006   3.540013E-006   2.917776E-006   8.753329E-007   2.042443E-006   2.042443E-006  -9.500338E-015
   57101       2     0.300000     0.345000   2.557270E-003   1.374824E-003   1.689209E-003   5.067628E-004   1.182447E-003   1.182447E-003  -8.478984E-013
   57101       3     0.345000     0.385000   2.512764E-003   1.152240E-003   1.943607E-003   5.830820E-004   1.360525E-003   1.360525E-003  -9.252798E-015
   57101       4     0.385000     0.420000   1.293223E-002   5.311610E-003   1.088660E-002   3.265979E-003   7.620618E-003   7.620618E-003  -4.568080E-012
   57101       5     0.420000     0.450000   2.349464E-002   8.965829E-003   2.075544E-002   6.226633E-003   1.452881E-002   1.452881E-002   4.310960E-012
   57101       6     0.450000     0.500000   1.310848E-001   4.710132E-002   1.199763E-001   3.599290E-002   8.398344E-002   8.398344E-002  -2.352729E-011
   57101       7     0.500000     0.550000   1.748537E-001   5.938044E-002   1.649618E-001   4.948854E-002   1.154733E-001   1.154733E-001  -3.523144E-011
   57101       8     0.550000     0.610000   2.295775E-001   7.513487E-002   2.206276E-001   6.618828E-002   1.544427E-001   1.544393E-001   3.329558E-006
   57101       9     0.610000     0.690000   5.693172E-001   1.805386E-001   5.553268E-001   1.665980E-001   3.887785E-001   3.887287E-001   4.980080E-005
   57101      10     0.690000     0.780000   2.472789E+000   7.670125E-001   2.436465E+000   7.309394E-001   1.705777E+000   1.705525E+000   2.513600E-004
   57101      11     0.780000     0.800000   1.063069E+000   3.220328E-001   1.044911E+000   3.134734E-001   7.410366E-001   7.314379E-001   9.598698E-003
   57101      12     0.800000     0.870000   5.878988E+000   1.794595E+000   5.814752E+000   1.744426E+000   4.084393E+000   4.070326E+000   1.406674E-002
   57101      13     0.870000     0.880000   8.736691E-001   2.567896E-001   8.543660E-001   2.563098E-001   6.168795E-001   5.980562E-001   1.882330E-002
   57101      14     0.880000     1.030000   2.249240E+001   6.814143E+000   2.235666E+001   6.706999E+000   1.567826E+001   1.564966E+001   2.859805E-002
   57101      15     1.030000     1.080000   9.248799E+000   2.381476E+000   8.586632E+000   2.575990E+000   6.867323E+000   6.010643E+000   8.566805E-001
   57101      16     1.080000     1.140000   1.173685E+001   3.452729E+000   1.159224E+001   3.477672E+000   8.284121E+000   8.114568E+000   1.695526E-001
   57101      17     1.140000     1.200000   1.143670E+001   3.434651E+000   1.139362E+001   3.418085E+000   8.002046E+000   7.975532E+000   2.651365E-002
   57101      18     1.200000     1.240000   8.097833E+000   8.252503E-001   4.471218E+000   1.341365E+000   7.272582E+000   3.129853E+000   4.142730E+000
   57101      19     1.240000     1.280000   7.733813E+000   2.204933E+000   7.569290E+000   2.270787E+000   5.528881E+000   5.298503E+000   2.303777E-001
   57101      20     1.280000     1.340000   1.109154E+001   2.151132E+000   8.986285E+000   2.695886E+000   8.940410E+000   6.290400E+000   2.650010E+000
   57101      21     1.340000     1.420000   1.012492E+001   2.754099E+000   9.683465E+000   2.905040E+000   7.370822E+000   6.778426E+000   5.923966E-001
   57101      22     1.420000     1.460000   4.444646E+000   3.229600E-001   1.687072E+000   5.061217E-001   4.121686E+000   1.180951E+000   2.940735E+000
   57101      23     1.460000     1.490000   3.316959E+000   9.707023E-001   3.283784E+000   9.851352E-001   2.346257E+000   2.298649E+000   4.760781E-002
   57101      24     1.490000     1.520000   3.416012E+000   7.382348E-001   2.927054E+000   8.781162E-001   2.677777E+000   2.048938E+000   6.288389E-001
   57101      25     1.520000     1.680000   2.089115E+001   1.699276E+000   9.464511E+000   2.839353E+000   1.919187E+001   6.625158E+000   1.256671E+001
   57101      26     1.680000     1.740000   7.400301E+000   2.203116E+000   7.374733E+000   2.212420E+000   5.197186E+000   5.162313E+000   3.487282E-002
   57101      27     1.740000     1.820000   6.859941E+000   1.941717E+000   6.712603E+000   2.013781E+000   4.918225E+000   4.698822E+000   2.194026E-001
   57101      28     1.820000     1.940000   7.844991E+000   1.357178E+000   5.817957E+000   1.745387E+000   6.487813E+000   4.072570E+000   2.415243E+000
   57101      29     1.940000     2.200000   1.524385E+001   1.085142E+000   5.092274E+000   1.527682E+000   1.415871E+001   3.564592E+000   1.059412E+001
   57101      30     2.200000     2.300000   5.897529E+000   1.702107E+000   5.814711E+000   1.744413E+000   4.195422E+000   4.070298E+000   1.251237E-001
   57101      31     2.300000     2.450000   6.412228E+000   1.923694E+000   6.410719E+000   1.923216E+000   4.488534E+000   4.487503E+000   1.031355E-003
   57101      32     2.450000     2.550000   2.808749E+000   6.396927E-001   2.491413E+000   7.474239E-001   2.169057E+000   1.743989E+000   4.250675E-001
   57101      33     2.550000     2.650000   2.466453E+000   2.880186E-001   1.305693E+000   3.917079E-001   2.178435E+000   9.139851E-001   1.264450E+000
   57101      34     2.650000     2.900000   5.107089E+000   1.217935E-002   1.973437E-001   5.920312E-002   5.094910E+000   1.381406E-001   4.956769E+000
   57101      35     2.900000     3.200000   4.829501E+000   5.247619E-001   2.871934E+000   8.615801E-001   4.304739E+000   2.010354E+000   2.294385E+000
   57101      36     3.200000     3.500000   4.479548E+000   8.600435E-001   3.827802E+000   1.148341E+000   3.619504E+000   2.679461E+000   9.400430E-001
   57101      37     3.500000     3.900000   5.317470E+000   1.201352E+000   4.806548E+000   1.441965E+000   4.116119E+000   3.364584E+000   7.515347E-001
   57101      38     3.900000     5.500000   8.889375E+000   4.777870E-001   2.444280E+000   7.332841E-001   8.411588E+000   1.710996E+000   6.700592E+000
   57101      39     5.500000     6.500000   2.171822E+000   6.329619E-001   2.150750E+000   6.452249E-001   1.538860E+000   1.505525E+000   3.333482E-002
   57101      40     6.500000     7.000000   6.459457E-001   4.564573E-002   3.638898E-001   1.091669E-001   6.003000E-001   2.547229E-001   3.455771E-001
   57101      41     7.000000     9.000000   1.525571E+000   8.708633E-002   4.883546E-001   1.465064E-001   1.438485E+000   3.418482E-001   1.096636E+000
   57101      42     9.000000    20.000000   1.633159E+000   4.458283E-002   3.297217E-001   9.891650E-002   1.588576E+000   2.308052E-001   1.357771E+000
   57201       1     0.200000     0.300000   5.582456E-006   3.540013E-006   2.917776E-006   8.753329E-007   2.042443E-006   2.042443E-006  -9.500338E-015
   57201       2     0.300000     0.345000   2.557270E-003   1.374824E-003   1.689209E-003   5.067628E-004   1.182447E-003   1.182447E-003  -8.478984E-013
   57201       3     0.345000     0.385000   2.512764E-003   1.152240E-003   1.943607E-003   5.830820E-004   1.360525E-003   1.360525E-003  -9.252798E-015
   57201       4     0.385000     0.420000   1.293223E-002   5.311610E-003   1.088660E-002   3.265979E-003   7.620618E-003   7.620618E-003  -4.568080E-012
   57201       5     0.420000     0.450000   2.349464E-002   8.965829E-003   2.075544E-002   6.226633E-003   1.452881E-002   1.452881E-002   3.187816E-012
   57201       6     0.450000     0.500000   1.310848E-001   4.710132E-002   1.199763E-001   3.599290E-002   8.398344E-002   8.398344E-002  -2.072267E-011
   57201       7     0.500000     0.550000   1.748537E-001   5.938044E-002   1.649618E-001   4.948854E-002   1.154733E-001   1.154733E-001  -2.876430E-011
   57201       8     0.550000     0.610000   2.295775E-001   7.513487E-002   2.206276E-001   6.618828E-002   1.544427E-001   1.544393E-001   3.329824E-006
   57201       9     0.610000     0.690000   5.693172E-001   1.805386E-001   5.553268E-001   1.665980E-001   3.887785E-001   3.887287E-001   4.980164E-005
   57201      10     0.690000     0.780000   2.472789E+000   7.670125E-001   2.436465E+000   7.309394E-001   1.705777E+000   1.705525E+000   2.513524E-004
   57201      11     0.780000     0.800000   1.063069E+000   3.220328E-001   1.044911E+000   3.134734E-001   7.410366E-001   7.314379E-001   9.598644E-003
   57201      12     0.800000     0.870000   5.878988E+000   1.794595E+000   5.814751E+000   1.744425E+000   4.084394E+000   4.070326E+000   1.406794E-002
   57201      13     0.870000     0.880000   8.736691E-001   2.567905E-001   8.543670E-001   2.563101E-001   6.168786E-001   5.980569E-001   1.882167E-002
   57201      14     0.880000     1.030000   2.249240E+001   6.814143E+000   2.235666E+001   6.706999E+000   1.567826E+001   1.564966E+001   2.859791E-002
   57201      15     1.030000     1.080000   9.248799E+000   2.381490E+000   8.586645E+000   2.575994E+000   6.867309E+000   6.010652E+000   8.566572E-001
   57201      16     1.080000     1.140000   1.173685E+001   3.452730E+000   1.159224E+001   3.477672E+000   8.284120E+000   8.114569E+000   1.695513E-001
   57201      17     1.140000     1.200000   1.143670E+001   3.434652E+000   1.139362E+001   3.418085E+000   8.002045E+000   7.975533E+000   2.651256E-002
   57201      18     1.200000     1.240000   8.097833E+000   8.254865E-001   4.471729E+000   1.341519E+000   7.272346E+000   3.130211E+000   4.142136E+000
   57201      19     1.240000     1.280000   7.733813E+000   2.204950E+000   7.569310E+000   2.270793E+000   5.528863E+000   5.298517E+000   2.303464E-001
   57201      20     1.280000     1.340000   1.109154E+001   2.151216E+000   8.986387E+000   2.695916E+000   8.940327E+000   6.290471E+000   2.649856E+000
   57201      21     1.340000     1.420000   1.012492E+001   2.754147E+000   9.683525E+000   2.905057E+000   7.370774E+000   6.778467E+000   5.923070E-001
   57201      22     1.420000     1.460000   4.444646E+000   3.230918E-001   1.687550E+000   5.062650E-001   4.121554E+000   1.181285E+000   2.940269E+000
   57201      23     1.460000     1.490000   3.316959E+000   9.707631E-001   3.283855E+000   9.851564E-001   2.346196E+000   2.298698E+000   4.749757E-002
   57201      24     1.490000     1.520000   3.416012E+000   7.382806E-001   2.927118E+000   8.781354E-001   2.677731E+000   2.048983E+000   6.287484E-001
   57201      25     1.520000     1.680000   2.089115E+001   1.699983E+000   9.466390E+000   2.839917E+000   1.919117E+001   6.626473E+000   1.256469E+001
   57201      26     1.680000     1.740000   7.400301E+000   2.203139E+000   7.374759E+000   2.212428E+000   5.197162E+000   5.162331E+000   3.483073E-002
   57201      27     1.740000     1.820000   6.859941E+000   1.941908E+000   6.712855E+000   2.013857E+000   4.918033E+000   4.698999E+000   2.190344E-001
   57201      28     1.820000     1.940000   7.844991E+000   1.357528E+000   5.818755E+000   1.745626E+000   6.487463E+000   4.073128E+000   2.414335E+000
   57201      29     1.940000     2.200000   1.524385E+001   1.085428E+000   5.093342E+000   1.528003E+000   1.415842E+001   3.565339E+000   1.059308E+001
   57201      30     2.200000     2.300000   5.897529E+000   1.702133E+000   5.814743E+000   1.744423E+000   4.195395E+000   4.070320E+000   1.250753E-001
   57201      31     2.300000     2.450000   6.412228E+000   1.923695E+000   6.410720E+000   1.923216E+000   4.488533E+000   4.487504E+000   1.029634E-003
   57201      32     2.450000     2.550000   2.808749E+000   6.398435E-001   2.491686E+000   7.475057E-001   2.168906E+000   1.744180E+000   4.247257E-001
   57201      33     2.550000     2.650000   2.466453E+000   2.881568E-001   1.306057E+000   3.918172E-001   2.178297E+000   9.142402E-001   1.264056E+000
   57201      34     2.650000     2.900000   5.107089E+000   1.220648E-002   1.976123E-001   5.928368E-002   5.094883E+000   1.383286E-001   4.956554E+000
   57201      35     2.900000     3.200000   4.829501E+000   5.250000E-001   2.872527E+000   8.617580E-001   4.304501E+000   2.010769E+000   2.293732E+000
   57201      36     3.200000     3.500000   4.479548E+000   8.599721E-001   3.827682E+000   1.148305E+000   3.619576E+000   2.679377E+000   9.401984E-001
   57201      37     3.500000     3.900000   5.317470E+000   1.201147E+000   4.806227E+000   1.441868E+000   4.116324E+000   3.364359E+000   7.519650E-001
   57201      38     3.900000     5.500000   8.889375E+000   4.779622E-001   2.445068E+000   7.335203E-001   8.411413E+000   1.711547E+000   6.699866E+000
   57201      39     5.500000     6.500000   2.171822E+000   6.329634E-001   2.150751E+000   6.452254E-001   1.538858E+000   1.505526E+000   3.333218E-002
   57201      40     6.500000     7.000000   6.459457E-001   4.563373E-002   3.638419E-001   1.091526E-001   6.003120E-001   2.546894E-001   3.456226E-001
   57201      41     7.000000     9.000000   1.525571E+000   8.709889E-002   4.883240E-001   1.464972E-001   1.438472E+000   3.418268E-001   1.096645E+000
   57201      42     9.000000    20.000000   1.633159E+000   4.467477E-002   3.301198E-001   9.903593E-002   1.588484E+000   2.310838E-001   1.357400E+000
   57301       1     0.200000     0.300000   5.582456E-006   3.540013E-006   2.917776E-006   8.753329E-007   2.042443E-006   2.042443E-006  -9.500338E-015
   57301       2     0.300000     0.345000   2.557270E-003   1.374824E-003   1.689209E-003   5.067628E-004   1.182447E-003   1.182447E-003  -8.478984E-013
   57301       3     0.345000     0.385000   2.512764E-003   1.152240E-003   1.943607E-003   5.830820E-004   1.360525E-003   1.360525E-003  -9.252798E-015
   57301       4     0.385000     0.420000   1.293223E-002   5.311610E-003   1.088660E-002   3.265979E-003   7.620618E-003   7.620618E-003  -5.012128E-012
   57301       5     0.420000     0.450000   2.349464E-002   8.965829E-003   2.075544E-002   6.226633E-003   1.452881E-002   1.452881E-002  -7.549083E-013
   57301       6     0.450000     0.500000   1.310848E-001   4.710132E-002   1.199763E-001   3.599290E-002   8.398344E-002   8.398344E-002  -2.578289E-011
   57301       7     0.500000     0.550000   1.748537E-001   5.938044E-002   1.649618E-001   4.948854E-002   1.154733E-001   1.154733E-001  -3.545053E-011
   57301       8     0.550000     0.610000   2.295775E-001   7.513487E-002   2.206276E-001   6.618828E-002   1.544427E-001   1.544393E-001   3.330088E-006
   57301       9     0.610000     0.690000   5.693172E-001   1.805386E-001   5.553268E-001   1.665980E-001   3.887785E-001   3.887287E-001   4.980248E-005
   57301      10     0.690000     0.780000   2.472789E+000   7.670125E-001   2.436465E+000   7.309394E-001   1.705777E+000   1.705525E+000   2.513448E-004
   57301      11     0.780000     0.800000   1.063069E+000   3.220329E-001   1.044911E+000   3.134734E-001   7.410365E-001   7.314380E-001   9.598591E-003
   57301      12     0.800000     0.870000   5.878988E+000   1.794594E+000   5.814750E+000   1.744425E+000   4.084394E+000   4.070325E+000   1.406913E-002
   57301      13     0.870000     0.880000   8.736691E-001   2.567914E-001   8.543680E-001   2.563104E-001   6.168777E-001   5.980576E-001   1.882006E-002
   57301      14     0.880000     1.030000   2.249240E+001   6.814143E+000   2.235666E+001   6.706999E+000   1.567826E+001   1.564966E+001   2.859777E-002
   57301      15     1.030000     1.080000   9.248799E+000   2.381504E+000   8.586658E+000   2.575997E+000   6.867295E+000   6.010660E+000   8.566342E-001
   57301      16     1.080000     1.140000   1.173685E+001   3.452730E+000   1.159224E+001   3.477673E+000   8.284119E+000   8.114569E+000   1.695501E-001
   57301      17     1.140000     1.200000   1.143670E+001   3.434652E+000   1.139362E+001   3.418086E+000   8.002045E+000   7.975533E+000   2.651148E-002
   57301      18     1.200000     1.240000   8.097833E+000   8.257212E-001   4.472237E+000   1.341671E+000   7.272111E+000   3.130566E+000   4.141546E+000
   57301      19     1.240000     1.280000   7.733813E+000   2.204968E+000   7.569329E+000   2.270799E+000   5.528846E+000   5.298531E+000   2.303152E-001
   57301      20     1.280000     1.340000   1.109154E+001   2.151298E+000   8.986489E+000   2.695947E+000   8.940245E+000   6.290542E+000   2.649703E+000
   57301      21     1.340000     1.420000   1.012492E+001   2.754194E+000   9.683584E+000   2.905075E+000   7.370727E+000   6.778509E+000   5.922180E-001
   57301      22     1.420000     1.460000   4.444646E+000   3.232228E-001   1.688025E+000   5.064075E-001   4.121423E+000   1.181618E+000   2.939805E+000
   57301      23     1.460000     1.490000   3.316959E+000   9.708234E-001   3.283925E+000   9.851775E-001   2.346136E+000   2.298747E+000   4.738808E-002
   57301      24     1.490000     1.520000   3.416012E+000   7.383260E-001   2.927181E+000   8.781544E-001   2.677686E+000   2.049027E+000   6.286587E-001
   57301      25     1.520000     1.680000   2.089115E+001   1.700685E+000   9.468257E+000   2.840477E+000   1.919046E+001   6.627780E+000   1.256268E+001
   57301      26     1.680000     1.740000   7.400301E+000   2.203163E+000   7.374786E+000   2.212436E+000   5.197139E+000   5.162350E+000   3.478894E-002
   57301      27     1.740000     1.820000   6.859941E+000   1.942099E+000   6.713106E+000   2.013932E+000   4.917843E+000   4.699174E+000   2.186687E-001
   57301      28     1.820000     1.940000   7.844991E+000   1.357876E+000   5.819547E+000   1.745864E+000   6.487115E+000   4.073683E+000   2.413433E+000
   57301      29     1.940000     2.200000   1.524385E+001   1.085713E+000   5.094404E+000   1.528321E+000   1.415814E+001   3.566083E+000   1.059205E+001
   57301      30     2.200000     2.300000   5.897529E+000   1.702159E+000   5.814774E+000   1.744432E+000   4.195369E+000   4.070342E+000   1.250273E-001
   57301      31     2.300000     2.450000   6.412228E+000   1.923696E+000   6.410721E+000   1.923216E+000   4.488532E+000   4.487505E+000   1.027925E-003
   57301      32     2.450000     2.550000   2.808749E+000   6.399934E-001   2.491957E+000   7.475870E-001   2.168756E+000   1.744370E+000   4.243862E-001
   57301      33     2.550000     2.650000   2.466453E+000   2.882943E-001   1.306420E+000   3.919259E-001   2.178159E+000   9.144937E-001   1.263665E+000
   57301      34     2.650000     2.900000   5.107089E+000   1.223351E-002   1.978796E-001   5.936388E-002   5.094856E+000   1.385157E-001   4.956340E+000
   57301      35     2.900000     3.200000   4.829501E+000   5.252366E-001   2.873116E+000   8.619348E-001   4.304264E+000   2.011181E+000   2.293083E+000
   57301      36     3.200000     3.500000   4.479548E+000   8.599012E-001   3.827563E+000   1.148269E+000   3.619647E+000   2.679294E+000   9.403528E-001
   57301      37     3.500000     3.900000   5.317470E+000   1.200943E+000   4.805907E+000   1.441772E+000   4.116527E+000   3.364135E+000   7.523923E-001
   57301      38     3.900000     5.500000   8.889375E+000   4.781367E-001   2.445851E+000   7.337553E-001   8.411238E+000   1.712096E+000   6.699143E+000
   57301      39     5.500000     6.500000   2.171822E+000   6.329649E-001   2.150753E+000   6.452259E-001   1.538857E+000   1.505527E+000   3.332956E-002
   57301      40     6.500000     7.000000   6.459457E-001   4.562181E-002   3.637944E-001   1.091383E-001   6.003239E-001   2.546561E-001   3.456679E-001
   57301      41     7.000000     9.000000   1.525571E+000   8.711136E-002   4.882936E-001   1.464881E-001   1.438460E+000   3.418055E-001   1.096654E+000
   57301      42     9.000000    20.000000   1.633159E+000   4.476641E-002   3.305163E-001   9.915488E-002   1.588392E+000   2.313614E-001   1.357031E+000
   57401       1     0.200000     0.300000   5.582456E-006   3.540013E-006   2.917776E-006   8.753329E-007   2.042443E-006   2.042443E-006  -9.500338E-015
   57401       2     0.300000     0.345000   2.557270E-003   1.374824E-003   1.689209E-003   5.067628E-004   1.182447E-003   1.182447E-003  -8.478984E-013
   57401       3     0.345000     0.385000   2.512764E-003   1.152240E-003   1.943607E-003   5.830820E-004   1.360525E-003   1.360525E-003  -9.252798E-015
   57401       4     0.385000     0.420000   1.293223E-002   5.311610E-003   1.088660E-002   3.265979E-003   7.620618E-003   7.620618E-003  -4.336096E-012
   57401       5     0.420000     0.450000   2.349464E-002   8.965829E-003   2.075544E-002   6.226633E-003   1.452881E-002   1.452881E-002  -1.861587E-012
   57401       6     0.450000     0.500000   1.310848E-001   4.710132E-002   1.199763E-001   3.599290E-002   8.398344E-002   8.398344E-002  -3.288390E-011
   57401       7     0.500000     0.550000   1.748537E-001   5.938044E-002   1.649618E-001   4.948854E-002   1.154733E-001   1.154733E-001  -4.417801E-011
   57401       8     0.550000     0.610000   2.295775E-001   7.513487E-002   2.206276E-001   6.618828E-002   1.544427E-001   1.544393E-001   3.330351E-006
   57401       9     0.610000     0.690000   5.693172E-001   1.805386E-001   5.553268E-001   1.665980E-001   3.887785E-001   3.887287E-001   4.980332E-005
   57401      10     0.690000     0.780000   2.472789E+000   7.670125E-001   2.436465E+000   7.309394E-001   1.705777E+000   1.705525E+000   2.513374E-004
   57401      11     0.780000     0.800000   1.063069E+000   3.220329E-001   1.044911E+000   3.134734E-001   7.410365E-001   7.314380E-001   9.598539E-003
   57401      12     0.800000     0.870000   5.878988E+000   1.794594E+000   5.814749E+000   1.744425E+000   4.084395E+000   4.070325E+000   1.407031E-002
   57401      13     0.870000     0.880000   8.736691E-001   2.567923E-001   8.543691E-001   2.563107E-001   6.168768E-001   5.980583E-001   1.881845E-002
   57401      14     0.880000     1.030000   2.249240E+001   6.814143E+000   2.235666E+001   6.706999E+000   1.567826E+001   1.564966E+001   2.859764E-002
   57401      15     1.030000     1.080000   9.248799E+000   2.381518E+000   8.586670E+000   2.576001E+000   6.867280E+000   6.010669E+000   8.566113E-001
   57401      16     1.080000     1.140000   1.173685E+001   3.452731E+000   1.159224E+001   3.477673E+000   8.284119E+000   8.114570E+000   1.695488E-001
   57401      17     1.140000     1.200000   1.143670E+001   3.434653E+000   1.139362E+001   3.418086E+000   8.002044E+000   7.975534E+000   2.651041E-002
   57401      18     1.200000     1.240000   8.097833E+000   8.259544E-001   4.472741E+000   1.341822E+000   7.271878E+000   3.130919E+000   4.140960E+000
   57401      19     1.240000     1.280000   7.733813E+000   2.204985E+000   7.569349E+000   2.270805E+000   5.528829E+000   5.298544E+000   2.302843E-001
   57401      20     1.280000     1.340000   1.109154E+001   2.151380E+000   8.986589E+000   2.695977E+000   8.940163E+000   6.290612E+000   2.649550E+000
   57401      21     1.340000     1.420000   1.012492E+001   2.754242E+000   9.683642E+000   2.905093E+000   7.370679E+000   6.778550E+000   5.921297E-001
   57401      22     1.420000     1.460000   4.444646E+000   3.233532E-001   1.688497E+000   5.065492E-001   4.121293E+000   1.181948E+000   2.939344E+000
   57401      23     1.460000     1.490000   3.316959E+000   9.708832E-001   3.283995E+000   9.851984E-001   2.346076E+000   2.298796E+000   4.727934E-002
   57401      24     1.490000     1.520000   3.416012E+000   7.383711E-001   2.927244E+000   8.781732E-001   2.677640E+000   2.049071E+000   6.285695E-001
   57401      25     1.520000     1.680000   2.089115E+001   1.701383E+000   9.470111E+000   2.841033E+000   1.918977E+001   6.629078E+000   1.256069E+001
   57401      26     1.680000     1.740000   7.400301E+000   2.203186E+000   7.374812E+000   2.212444E+000   5.197116E+000   5.162368E+000   3.474745E-002
   57401      27     1.740000     1.820000   6.859941E+000   1.942288E+000   6.713354E+000   2.014006E+000   4.917653E+000   4.699348E+000   2.183054E-001
   57401      28     1.820000     1.940000   7.844991E+000   1.358221E+000   5.820334E+000   1.746100E+000   6.486770E+000   4.074234E+000   2.412536E+000
   57401      29     1.940000     2.200000   1.524385E+001   1.085995E+000   5.095460E+000   1.528638E+000   1.415785E+001   3.566822E+000   1.059103E+001
   57401      30     2.200000     2.300000   5.897529E+000   1.702185E+000   5.814805E+000   1.744442E+000   4.195343E+000   4.070364E+000   1.249797E-001
   57401      31     2.300000     2.450000   6.412228E+000   1.923697E+000   6.410722E+000   1.923217E+000   4.488531E+000   4.487505E+000   1.026228E-003
   57401      32     2.450000     2.550000   2.808749E+000   6.401423E-001   2.492226E+000   7.476678E-001   2.168607E+000   1.744558E+000   4.240487E-001
   57401      33     2.550000     2.650000   2.466453E+000   2.884311E-001   1.306780E+000   3.920339E-001   2.178022E+000   9.147458E-001   1.263276E+000
   57401      34     2.650000     2.900000   5.107089E+000   1.226046E-002   1.981458E-001   5.944373E-002   5.094829E+000   1.387020E-001   4.956127E+000
   57401      35     2.900000     3.200000   4.829501E+000   5.254717E-001   2.873701E+000   8.621104E-001   4.304029E+000   2.011591E+000   2.292438E+000
   57401      36     3.200000     3.500000   4.479548E+000   8.598307E-001   3.827444E+000   1.148233E+000   3.619717E+000   2.679211E+000   9.405062E-001
   57401      37     3.500000     3.900000   5.317470E+000   1.200741E+000   4.805589E+000   1.441677E+000   4.116729E+000   3.363912E+000   7.528168E-001
   57401      38     3.900000     5.500000   8.889375E+000   4.783105E-001   2.446630E+000   7.339891E-001   8.411065E+000   1.712641E+000   6.698424E+000
   57401      39     5.500000     6.500000   2.171822E+000   6.329663E-001   2.150755E+000   6.452264E-001   1.538855E+000   1.505528E+000   3.332697E-002
   57401      40     6.500000     7.000000   6.459457E-001   4.560998E-002   3.637471E-001   1.091241E-001   6.003357E-001   2.546230E-001   3.457128E-001
   57401      41     7.000000     9.000000   1.525571E+000   8.712373E-002   4.882634E-001   1.464790E-001   1.438447E+000   3.417844E-001   1.096663E+000
   57401      42     9.000000    20.000000   1.633159E+000   4.485778E-002   3.309112E-001   9.927335E-002   1.588301E+000   2.316378E-001   1.356663E+000
   57501       1     0.200000     0.300000   5.582456E-006   3.540013E-006   2.917776E-006   8.753329E-007   2.042443E-006   2.042443E-006  -9.500338E-015
   57501       2     0.300000     0.345000   2.557270E-003   1.374824E-003   1.689209E-003   5.067628E-004   1.182447E-003   1.182447E-003  -8.478984E-013
   57501       3     0.345000     0.385000   2.512764E-003   1.152240E-003   1.943607E-003   5.830820E-004   1.360525E-003   1.360525E-003  -9.252798E-015
   57501       4     0.385000     0.420000   1.293223E-002   5.311610E-003   1.088660E-002   3.265979E-003   7.620618E-003   7.620618E-003  -4.336096E-012
   57501       5     0.420000     0.450000   2.349464E-002   8.965829E-003   2.075544E-002   6.226633E-003   1.452881E-002   1.452881E-002  -1.257624E-012
   57501       6     0.450000     0.500000   1.310848E-001   4.710132E-002   1.199763E-001   3.599290E-002   8.398344E-002   8.398344E-002  -2.850878E-011
   57501       7     0.500000     0.550000   1.748537E-001   5.938044E-002   1.649618E-001   4.948854E-002   1.154733E-001   1.154733E-001  -4.536763E-011
   57501       8     0.550000     0.610000   2.295775E-001   7.513487E-002   2.206276E-001   6.618828E-002   1.544427E-001   1.544393E-001   3.330611E-006
   57501       9     0.610000     0.690000   5.693172E-001   1.805386E-001   5.553268E-001   1.665980E-001   3.887785E-001   3.887287E-001   4.980415E-005
   57501      10     0.690000     0.780000   2.472789E+000   7.670126E-001   2.436465E+000   7.309394E-001   1.705777E+000   1.705525E+000   2.513299E-004
   57501      11     0.780000     0.800000   1.063069E+000   3.220329E-001   1.044911E+000   3.134734E-001   7.410365E-001   7.314380E-001   9.598486E-003
   57501      12     0.800000     0.870000   5.878988E+000   1.794593E+000   5.814749E+000   1.744425E+000   4.084395E+000   4.070324E+000   1.407148E-002
   57501      13     0.870000     0.880000   8.736691E-001   2.567932E-001   8.543701E-001   2.563110E-001   6.168759E-001   5.980590E-001   1.881686E-002
   57501      14     0.880000     1.030000   2.249240E+001   6.814143E+000   2.235666E+001   6.706999E+000   1.567826E+001   1.564966E+001   2.859750E-002
   57501      15     1.030000     1.080000   9.248799E+000   2.381532E+000   8.586683E+000   2.576005E+000   6.867266E+000   6.010678E+000   8.565886E-001
   57501      16     1.080000     1.140000   1.173685E+001   3.452732E+000   1.159224E+001   3.477673E+000   8.284118E+000   8.114570E+000   1.695475E-001
   57501      17     1.140000     1.200000   1.143670E+001   3.434653E+000   1.139362E+001   3.418086E+000   8.002043E+000   7.975534E+000   2.650935E-002
   57501      18     1.200000     1.240000   8.097833E+000   8.261860E-001   4.473242E+000   1.341973E+000   7.271647E+000   3.131269E+000   4.140377E+000
   57501      19     1.240000     1.280000   7.733813E+000   2.205002E+000   7.569368E+000   2.270810E+000   5.528811E+000   5.298558E+000   2.302536E-001
   57501      20     1.280000     1.340000   1.109154E+001   2.151461E+000   8.986689E+000   2.696007E+000   8.940081E+000   6.290682E+000   2.649399E+000
   57501      21     1.340000     1.420000   1.012492E+001   2.754289E+000   9.683700E+000   2.905110E+000   7.370632E+000   6.778590E+000   5.920419E-001
   57501      22     1.420000     1.460000   4.444646E+000   3.234829E-001   1.688967E+000   5.066900E-001   4.121163E+000   1.182277E+000   2.938886E+000
   57501      23     1.460000     1.490000   3.316959E+000   9.709427E-001   3.284064E+000   9.852192E-001   2.346016E+000   2.298845E+000   4.717137E-002
   57501      24     1.490000     1.520000   3.416012E+000   7.384159E-001   2.927307E+000   8.781920E-001   2.677596E+000   2.049115E+000   6.284810E-001
   57501      25     1.520000     1.680000   2.089115E+001   1.702076E+000   9.471952E+000   2.841586E+000   1.918907E+001   6.630367E+000   1.255871E+001
   57501      26     1.680000     1.740000   7.400301E+000   2.203209E+000   7.374838E+000   2.212451E+000   5.197093E+000   5.162386E+000   3.470625E-002
   57501      27     1.740000     1.820000   6.859941E+000   1.942476E+000   6.713601E+000   2.014080E+000   4.917466E+000   4.699521E+000   2.179445E-001
   57501      28     1.820000     1.940000   7.844991E+000   1.358565E+000   5.821116E+000   1.746335E+000   6.486427E+000   4.074781E+000   2.411646E+000
   57501      29     1.940000     2.200000   1.524385E+001   1.086276E+000   5.096509E+000   1.528953E+000   1.415757E+001   3.567556E+000   1.059002E+001
   57501      30     2.200000     2.300000   5.897529E+000   1.702211E+000   5.814836E+000   1.744451E+000   4.195318E+000   4.070385E+000   1.249324E-001
   57501      31     2.300000     2.450000   6.412228E+000   1.923698E+000   6.410723E+000   1.923217E+000   4.488531E+000   4.487506E+000   1.024543E-003
   57501      32     2.450000     2.550000   2.808749E+000   6.402903E-001   2.492494E+000   7.477481E-001   2.168459E+000   1.744745E+000   4.237135E-001
   57501      33     2.550000     2.650000   2.466453E+000   2.885671E-001   1.307138E+000   3.921413E-001   2.177886E+000   9.149963E-001   1.262890E+000
   57501      34     2.650000     2.900000   5.107089E+000   1.228731E-002   1.984107E-001   5.952320E-002   5.094802E+000   1.388875E-001   4.955914E+000
   57501      35     2.900000     3.200000   4.829501E+000   5.257052E-001   2.874283E+000   8.622848E-001   4.303796E+000   2.011998E+000   2.291798E+000
   57501      36     3.200000     3.500000   4.479548E+000   8.597607E-001   3.827326E+000   1.148198E+000   3.619787E+000   2.679129E+000   9.406586E-001
   57501      37     3.500000     3.900000   5.317470E+000   1.200541E+000   4.805274E+000   1.441582E+000   4.116930E+000   3.363692E+000   7.532382E-001
   57501      38     3.900000     5.500000   8.889375E+000   4.784835E-001   2.447405E+000   7.342215E-001   8.410892E+000   1.713184E+000   6.697708E+000
   57501      39     5.500000     6.500000   2.171822E+000   6.329678E-001   2.150756E+000   6.452269E-001   1.538854E+000   1.505529E+000   3.332440E-002
   57501      40     6.500000     7.000000   6.459457E-001   4.559823E-002   3.637002E-001   1.091101E-001   6.003475E-001   2.545902E-001   3.457573E-001
   57501      41     7.000000     9.000000   1.525571E+000   8.713599E-002   4.882335E-001   1.464700E-001   1.438435E+000   3.417634E-001   1.096672E+000
   57501      42     9.000000    20.000000   1.633159E+000   4.494884E-002   3.313043E-001   9.939130E-002   1.588210E+000   2.319130E-001   1.356297E+000
   57601       1     0.200000     0.300000   5.582456E-006   3.540013E-006   2.917776E-006   8.753329E-007   2.042443E-006   2.042443E-006  -9.500338E-015
   57601       2     0.300000     0.345000   2.557270E-003   1.374824E-003   1.689209E-003   5.067628E-004   1.182447E-003   1.182447E-003  -8.478984E-013
   57601       3     0.345000     0.385000   2.512764E-003   1.152240E-003   1.943607E-003   5.830820E-004   1.360525E-003   1.360525E-003  -9.252798E-015
   57601       4     0.385000     0.420000   1.293223E-002   5.311610E-003   1.088660E-002   3.265979E-003   7.620618E-003   7.620618E-003  -4.336096E-012
   57601       5     0.420000     0.450000   2.349464E-002   8.965829E-003   2.075544E-002   6.226633E-003   1.452881E-002   1.452881E-002   1.169132E-012
   57601       6     0.450000     0.500000   1.310848E-001   4.710132E-002   1.199763E-001   3.599290E-002   8.398344E-002   8.398344E-002  -3.747619E-011
   57601       7     0.500000     0.550000   1.748537E-001   5.938044E-002   1.649618E-001   4.948854E-002   1.154733E-001   1.154733E-001  -3.991606E-011
   57601       8     0.550000     0.610000   2.295775E-001   7.513487E-002   2.206276E-001   6.618828E-002   1.544427E-001   1.544393E-001   3.330870E-006
   57601       9     0.610000     0.690000   5.693172E-001   1.805386E-001   5.553268E-001   1.665980E-001   3.887785E-001   3.887287E-001   4.980497E-005
   57601      10     0.690000     0.780000   2.472789E+000   7.670126E-001   2.436465E+000   7.309394E-001   1.705777E+000   1.705525E+000   2.513225E-004
   57601      11     0.780000     0.800000   1.063069E+000   3.220330E-001   1.044911E+000   3.134734E-001   7.410364E-001   7.314380E-001   9.598434E-003
   57601      12     0.800000     0.870000   5.878988E+000   1.794592E+000   5.814748E+000   1.744424E+000   4.084396E+000   4.070323E+000   1.407265E-002
   57601      13     0.870000     0.880000   8.736691E-001   2.567940E-001   8.543711E-001   2.563113E-001   6.168750E-001   5.980597E-001   1.881528E-002
   57601      14     0.880000     1.030000   2.249240E+001   6.814143E+000   2.235666E+001   6.706999E+000   1.567826E+001   1.564966E+001   2.859736E-002
   57601      15     1.030000     1.080000   9.248799E+000   2.381546E+000   8.586695E+000   2.576008E+000   6.867252E+000   6.010686E+000   8.565660E-001
   57601      16     1.080000     1.140000   1.173685E+001   3.452733E+000   1.159224E+001   3.477673E+000   8.284117E+000   8.114571E+000   1.695463E-001
   57601      17     1.140000     1.200000   1.143670E+001   3.434654E+000   1.139362E+001   3.418086E+000   8.002043E+000   7.975535E+000   2.650829E-002
   57601      18     1.200000     1.240000   8.097833E+000   8.264160E-001   4.473739E+000   1.342122E+000   7.271417E+000   3.131617E+000   4.139799E+000
   57601      19     1.240000     1.280000   7.733813E+000   2.205019E+000   7.569388E+000   2.270816E+000   5.528794E+000   5.298571E+000   2.302232E-001
   57601      20     1.280000     1.340000   1.109154E+001   2.151542E+000   8.986788E+000   2.696036E+000   8.940001E+000   6.290751E+000   2.649249E+000
   57601      21     1.340000     1.420000   1.012492E+001   2.754335E+000   9.683758E+000   2.905127E+000   7.370586E+000   6.778631E+000   5.919548E-001
   57601      22     1.420000     1.460000   4.444646E+000   3.236118E-001   1.689433E+000   5.068300E-001   4.121034E+000   1.182603E+000   2.938431E+000
   57601      23     1.460000     1.490000   3.316959E+000   9.710018E-001   3.284133E+000   9.852399E-001   2.345957E+000   2.298893E+000   4.706415E-002
   57601      24     1.490000     1.520000   3.416012E+000   7.384604E-001   2.927369E+000   8.782106E-001   2.677551E+000   2.049158E+000   6.283931E-001
   57601      25     1.520000     1.680000   2.089115E+001   1.702765E+000   9.473782E+000   2.842135E+000   1.918838E+001   6.631647E+000   1.255674E+001
   57601      26     1.680000     1.740000   7.400301E+000   2.203232E+000   7.374863E+000   2.212459E+000   5.197070E+000   5.162404E+000   3.466534E-002
   57601      27     1.740000     1.820000   6.859941E+000   1.942662E+000   6.713847E+000   2.014154E+000   4.917279E+000   4.699693E+000   2.175860E-001
   57601      28     1.820000     1.940000   7.844991E+000   1.358906E+000   5.821892E+000   1.746568E+000   6.486085E+000   4.075325E+000   2.410761E+000
   57601      29     1.940000     2.200000   1.524385E+001   1.086555E+000   5.097552E+000   1.529266E+000   1.415729E+001   3.568286E+000   1.058901E+001
   57601      30     2.200000     2.300000   5.897529E+000   1.702236E+000   5.814867E+000   1.744460E+000   4.195292E+000   4.070407E+000   1.248854E-001
   57601      31     2.300000     2.450000   6.412228E+000   1.923698E+000   6.410724E+000   1.923217E+000   4.488530E+000   4.487507E+000   1.022870E-003
   57601      32     2.450000     2.550000   2.808749E+000   6.404374E-001   2.492759E+000   7.478278E-001   2.168312E+000   1.744932E+000   4.233804E-001
   57601      33     2.550000     2.650000   2.466453E+000   2.887025E-001   1.307493E+000   3.922480E-001   2.177751E+000   9.152453E-001   1.262506E+000
   57601      34     2.650000     2.900000   5.107089E+000   1.231407E-002   1.986744E-001   5.960231E-002   5.094775E+000   1.390721E-001   4.955703E+000
   57601      35     2.900000     3.200000   4.829501E+000   5.259373E-001   2.874860E+000   8.624580E-001   4.303564E+000   2.012402E+000   2.291162E+000
   57601      36     3.200000     3.500000   4.479548E+000   8.596912E-001   3.827210E+000   1.148163E+000   3.619857E+000   2.679047E+000   9.408100E-001
   57601      37     3.500000     3.900000   5.317470E+000   1.200341E+000   4.804961E+000   1.441488E+000   4.117129E+000   3.363472E+000   7.536568E-001
   57601      38     3.900000     5.500000   8.889375E+000   4.786557E-001   2.448176E+000   7.344528E-001   8.410719E+000   1.713723E+000   6.696996E+000
   57601      39     5.500000     6.500000   2.171822E+000   6.329692E-001   2.150758E+000   6.452274E-001   1.538852E+000   1.505531E+000   3.332185E-002
   57601      40     6.500000     7.000000   6.459457E-001   4.558656E-002   3.636536E-001   1.090961E-001   6.003592E-001   2.545575E-001   3.458016E-001
   57601      41     7.000000     9.000000   1.525571E+000   8.714815E-002   4.882038E-001   1.464611E-001   1.438423E+000   3.417427E-001   1.096680E+000
   57601      42     9.000000    20.000000   1.633159E+000   4.503960E-002   3.316959E-001   9.950876E-002   1.588119E+000   2.321871E-001   1.355932E+000
   57701       1     0.200000     0.300000   5.582456E-006   3.540013E-006   2.917776E-006   8.753329E-007   2.042443E-006   2.042443E-006  -9.500338E-015
   57701       2     0.300000     0.345000   2.557270E-003   1.374824E-003   1.689209E-003   5.067628E-004   1.182447E-003   1.182447E-003  -8.478984E-013
   57701       3     0.345000     0.385000   2.512764E-003   1.152240E-003   1.943607E-003   5.830820E-004   1.360525E-003   1.360525E-003  -9.252798E-015
   57701       4     0.385000     0.420000   1.293223E-002   5.311610E-003   1.088660E-002   3.265979E-003   7.620618E-003   7.620618E-003  -5.385363E-012
   57701       5     0.420000     0.450000   2.349464E-002   8.965829E-003   2.075544E-002   6.226633E-003   1.452881E-002   1.452881E-002   2.764162E-012
   57701       6     0.450000     0.500000   1.310848E-001   4.710132E-002   1.199763E-001   3.599290E-002   8.398344E-002   8.398344E-002  -3.555861E-011
   57701       7     0.500000     0.550000   1.748537E-001   5.938044E-002   1.649618E-001   4.948854E-002   1.154733E-001   1.154733E-001  -3.388739E-011
   57701       8     0.550000     0.610000   2.295775E-001   7.513487E-002   2.206276E-001   6.618828E-002   1.544427E-001   1.544393E-001   3.331127E-006
   57701       9     0.610000     0.690000   5.693172E-001   1.805386E-001   5.553268E-001   1.665980E-001   3.887785E-001   3.887287E-001   4.980579E-005
   57701      10     0.690000     0.780000   2.472789E+000   7.670126E-001   2.436465E+000   7.309394E-001   1.705777E+000   1.705525E+000   2.513152E-004
   57701      11     0.780000     0.800000   1.063069E+000   3.220330E-001   1.044911E+000   3.134734E-001   7.410364E-001   7.314380E-001   9.598383E-003
   57701      12     0.800000     0.870000   5.878988E+000   1.794592E+000   5.814747E+000   1.744424E+000   4.084397E+000   4.070323E+000   1.407381E-002
   57701      13     0.870000     0.880000   8.736691E-001   2.567949E-001   8.543721E-001   2.563116E-001   6.168742E-001   5.980604E-001   1.881371E-002
   57701      14     0.880000     1.030000   2.249240E+001   6.814143E+000   2.235666E+001   6.706999E+000   1.567826E+001   1.564966E+001   2.859723E-002
   57701      15     1.030000     1.080000   9.248799E+000   2.381560E+000   8.586707E+000   2.576012E+000   6.867239E+000   6.010695E+000   8.565436E-001
   57701      16     1.080000     1.140000   1.173685E+001   3.452733E+000   1.159224E+001   3.477673E+000   8.284116E+000   8.114571E+000   1.695450E-001
   57701      17     1.140000     1.200000   1.143670E+001   3.434655E+000   1.139362E+001   3.418086E+000   8.002042E+000   7.975535E+000   2.650724E-002
   57701      18     1.200000     1.240000   8.097833E+000   8.266445E-001   4.474233E+000   1.342270E+000   7.271188E+000   3.131963E+000   4.139225E+000
   57701      19     1.240000     1.280000   7.733813E+000   2.205036E+000   7.569407E+000   2.270822E+000   5.528778E+000   5.298585E+000   2.301929E-001
   57701      20     1.280000     1.340000   1.109154E+001   2.151622E+000   8.986886E+000   2.696066E+000   8.939920E+000   6.290820E+000   2.649100E+000
   57701      21     1.340000     1.420000   1.012492E+001   2.754382E+000   9.683815E+000   2.905145E+000   7.370539E+000   6.778671E+000   5.918683E-001
   57701      22     1.420000     1.460000   4.444646E+000   3.237401E-001   1.689897E+000   5.069692E-001   4.120906E+000   1.182928E+000   2.937977E+000
   57701      23     1.460000     1.490000   3.316959E+000   9.710604E-001   3.284201E+000   9.852604E-001   2.345898E+000   2.298941E+000   4.695766E-002
   57701      24     1.490000     1.520000   3.416012E+000   7.385046E-001   2.927430E+000   8.782290E-001   2.677507E+000   2.049201E+000   6.283059E-001
   57701      25     1.520000     1.680000   2.089115E+001   1.703450E+000   9.475599E+000   2.842680E+000   1.918770E+001   6.632920E+000   1.255478E+001
   57701      26     1.680000     1.740000   7.400301E+000   2.203254E+000   7.374889E+000   2.212467E+000   5.197047E+000   5.162422E+000   3.462472E-002
   57701      27     1.740000     1.820000   6.859941E+000   1.942848E+000   6.714091E+000   2.014227E+000   4.917093E+000   4.699863E+000   2.172299E-001
   57701      28     1.820000     1.940000   7.844991E+000   1.359245E+000   5.822664E+000   1.746799E+000   6.485746E+000   4.075865E+000   2.409881E+000
   57701      29     1.940000     2.200000   1.524385E+001   1.086833E+000   5.098589E+000   1.529577E+000   1.415702E+001   3.569012E+000   1.058800E+001
   57701      30     2.200000     2.300000   5.897529E+000   1.702262E+000   5.814898E+000   1.744469E+000   4.195267E+000   4.070428E+000   1.248387E-001
   57701      31     2.300000     2.450000   6.412228E+000   1.923699E+000   6.410725E+000   1.923217E+000   4.488529E+000   4.487507E+000   1.021209E-003
   57701      32     2.450000     2.550000   2.808749E+000   6.405835E-001   2.493023E+000   7.479070E-001   2.168166E+000   1.745116E+000   4.230494E-001
   57701      33     2.550000     2.650000   2.466453E+000   2.888371E-001   1.307847E+000   3.923541E-001   2.177616E+000   9.154929E-001   1.262123E+000
   57701      34     2.650000     2.900000   5.107089E+000   1.234075E-002   1.989369E-001   5.968106E-002   5.094748E+000   1.392558E-001   4.955493E+000
   57701      35     2.900000     3.200000   4.829501E+000   5.261680E-001   2.875434E+000   8.626301E-001   4.303333E+000   2.012804E+000   2.290529E+000
   57701      36     3.200000     3.500000   4.479548E+000   8.596221E-001   3.827093E+000   1.148128E+000   3.619926E+000   2.678965E+000   9.409605E-001
   57701      37     3.500000     3.900000   5.317470E+000   1.200143E+000   4.804649E+000   1.441395E+000   4.117327E+000   3.363255E+000   7.540726E-001
   57701      38     3.900000     5.500000   8.889375E+000   4.788273E-001   2.448943E+000   7.346828E-001   8.410548E+000   1.714260E+000   6.696288E+000
   57701      39     5.500000     6.500000   2.171822E+000   6.329706E-001   2.150760E+000   6.452279E-001   1.538851E+000   1.505532E+000   3.331932E-002
   57701      40     6.500000     7.000000   6.459457E-001   4.557497E-002   3.636073E-001   1.090822E-001   6.003708E-001   2.545251E-001   3.458456E-001
   57701      41     7.000000     9.000000   1.525571E+000   8.716021E-002   4.881743E-001   1.464523E-001   1.438411E+000   3.417220E-001   1.096689E+000
   57701      42     9.000000    20.000000   1.633159E+000   4.513007E-002   3.320858E-001   9.962573E-002   1.588029E+000   2.324600E-001   1.355569E+000
   57801       1     0.200000     0.300000   5.582456E-006   3.540013E-006   2.917776E-006   8.753329E-007   2.042443E-006   2.042443E-006  -9.500338E-015
   57801       2     0.300000     0.345000   2.557270E-003   1.374824E-003   1.689209E-003   5.067628E-004   1.182447E-003   1.182447E-003  -8.478984E-013
   57801       3     0.345000     0.385000   2.512764E-003   1.152240E-003   1.943607E-003   5.830820E-004   1.360525E-003   1.360525E-003  -9.252798E-015
   57801       4     0.385000     0.420000   1.293223E-002   5.311610E-003   1.088660E-002   3.265979E-003   7.620618E-003   7.620618E-003  -5.918000E-012
   57801       5     0.420000     0.450000   2.349464E-002   8.965829E-003   2.075544E-002   6.226633E-003   1.452881E-002   1.452881E-002   9.472752E-013
   57801       6     0.450000     0.500000   1.310848E-001   4.710132E-002   1.199763E-001   3.599290E-002   8.398344E-002   8.398344E-002  -1.387102E-011
   57801       7     0.500000     0.550000   1.748537E-001   5.938044E-002   1.649618E-001   4.948854E-002   1.154733E-001   1.154733E-001  -4.237148E-011
   57801       8     0.550000     0.610000   2.295775E-001   7.513487E-002   2.206276E-001   6.618828E-002   1.544427E-001   1.544393E-001   3.331382E-006
   57801       9     0.610000     0.690000   5.693172E-001   1.805386E-001   5.553268E-001   1.665980E-001   3.887785E-001   3.887287E-001   4.980660E-005
   57801      10     0.690000     0.780000   2.472789E+000   7.670126E-001   2.436465E+000   7.309394E-001   1.705777E+000   1.705525E+000   2.513079E-004
   57801      11     0.780000     0.800000   1.063069E+000   3.220330E-001   1.044912E+000   3.134735E-001   7.410364E-001   7.314381E-001   9.598332E-003
   57801      12     0.800000     0.870000   5.878988E+000   1.794591E+000   5.814746E+000   1.744424E+000   4.084397E+000   4.070322E+000   1.407495E-002
   57801      13     0.870000     0.880000   8.736691E-001   2.567958E-001   8.543731E-001   2.563119E-001   6.168733E-001   5.980611E-001   1.881215E-002
   57801      14     0.880000     1.030000   2.249240E+001   6.814143E+000   2.235666E+001   6.706999E+000   1.567826E+001   1.564966E+001   2.859710E-002
   57801      15     1.030000     1.080000   9.248799E+000   2.381574E+000   8.586719E+000   2.576016E+000   6.867225E+000   6.010704E+000   8.565213E-001
   57801      16     1.080000     1.140000   1.173685E+001   3.452734E+000   1.159225E+001   3.477674E+000   8.284116E+000   8.114572E+000   1.695438E-001
   57801      17     1.140000     1.200000   1.143670E+001   3.434655E+000   1.139362E+001   3.418087E+000   8.002042E+000   7.975535E+000   2.650620E-002
   57801      18     1.200000     1.240000   8.097833E+000   8.268715E-001   4.474723E+000   1.342417E+000   7.270961E+000   3.132306E+000   4.138655E+000
   57801      19     1.240000     1.280000   7.733813E+000   2.205053E+000   7.569426E+000   2.270828E+000   5.528761E+000   5.298598E+000   2.301629E-001
   57801      20     1.280000     1.340000   1.109154E+001   2.151702E+000   8.986984E+000   2.696095E+000   8.939841E+000   6.290889E+000   2.648952E+000
   57801      21     1.340000     1.420000   1.012492E+001   2.754428E+000   9.683872E+000   2.905162E+000   7.370493E+000   6.778711E+000   5.917825E-001
   57801      22     1.420000     1.460000   4.444646E+000   3.238677E-001   1.690359E+000   5.071076E-001   4.120778E+000   1.183251E+000   2.937527E+000
   57801      23     1.460000     1.490000   3.316959E+000   9.711187E-001   3.284269E+000   9.852807E-001   2.345840E+000   2.298988E+000   4.685189E-002
   57801      24     1.490000     1.520000   3.416012E+000   7.385485E-001   2.927491E+000   8.782474E-001   2.677463E+000   2.049244E+000   6.282192E-001
   57801      25     1.520000     1.680000   2.089115E+001   1.704131E+000   9.477405E+000   2.843222E+000   1.918702E+001   6.634184E+000   1.255283E+001
   57801      26     1.680000     1.740000   7.400301E+000   2.203277E+000   7.374914E+000   2.212474E+000   5.197024E+000   5.162440E+000   3.458438E-002
   57801      27     1.740000     1.820000   6.859941E+000   1.943032E+000   6.714333E+000   2.014300E+000   4.916909E+000   4.700033E+000   2.168760E-001
   57801      28     1.820000     1.940000   7.844991E+000   1.359582E+000   5.823431E+000   1.747029E+000   6.485409E+000   4.076402E+000   2.409007E+000
   57801      29     1.940000     2.200000   1.524385E+001   1.087109E+000   5.099620E+000   1.529886E+000   1.415674E+001   3.569734E+000   1.058701E+001
   57801      30     2.200000     2.300000   5.897529E+000   1.702287E+000   5.814928E+000   1.744478E+000   4.195242E+000   4.070450E+000   1.247924E-001
   57801      31     2.300000     2.450000   6.412228E+000   1.923700E+000   6.410726E+000   1.923218E+000   4.488528E+000   4.487508E+000   1.019560E-003
   57801      32     2.450000     2.550000   2.808749E+000   6.407288E-001   2.493286E+000   7.479857E-001   2.168020E+000   1.745300E+000   4.227204E-001
   57801      33     2.550000     2.650000   2.466453E+000   2.889710E-001   1.308199E+000   3.924596E-001   2.177482E+000   9.157390E-001   1.261743E+000
   57801      34     2.650000     2.900000   5.107089E+000   1.236733E-002   1.991982E-001   5.975947E-002   5.094722E+000   1.394388E-001   4.955283E+000
   57801      35     2.900000     3.200000   4.829501E+000   5.263971E-001   2.876004E+000   8.628011E-001   4.303104E+000   2.013203E+000   2.289901E+000
   57801      36     3.200000     3.500000   4.479548E+000   8.595535E-001   3.826978E+000   1.148093E+000   3.619994E+000   2.678884E+000   9.411099E-001
   57801      37     3.500000     3.900000   5.317470E+000   1.199947E+000   4.804340E+000   1.441302E+000   4.117524E+000   3.363038E+000   7.544855E-001
   57801      38     3.900000     5.500000   8.889375E+000   4.789981E-001   2.449705E+000   7.349116E-001   8.410377E+000   1.714794E+000   6.695583E+000
   57801      39     5.500000     6.500000   2.171822E+000   6.329720E-001   2.150761E+000   6.452283E-001   1.538850E+000   1.505533E+000   3.331681E-002
   57801      40     6.500000     7.000000   6.459457E-001   4.556346E-002   3.635614E-001   1.090684E-001   6.003823E-001   2.544930E-001   3.458893E-001
   57801      41     7.000000     9.000000   1.525571E+000   8.717218E-002   4.881451E-001   1.464435E-001   1.438399E+000   3.417016E-001   1.096697E+000
   57801      42     9.000000    20.000000   1.633159E+000   4.522026E-002   3.324741E-001   9.974222E-002   1.587939E+000   2.327318E-001   1.355207E+000
   57901       1     0.200000     0.300000   5.582456E-006   3.540013E-006   2.917776E-006   8.753329E-007   2.042443E-006   2.042443E-006  -9.500338E-015
   57901       2     0.300000     0.345000   2.557270E-003   1.374824E-003   1.689209E-003   5.067628E-004   1.182447E-003   1.182447E-003  -8.478984E-013
   57901       3     0.345000     0.385000   2.512764E-003   1.152240E-003   1.943607E-003   5.830820E-004   1.360525E-003   1.360525E-003  -9.252798E-015
   57901       4     0.385000     0.420000   1.293223E-002   5.311610E-003   1.088660E-002   3.265979E-003   7.620618E-003   7.620618E-003  -5.918000E-012
   57901       5     0.420000     0.450000   2.349464E-002   8.965829E-003   2.075544E-002   6.226633E-003   1.452881E-002   1.452881E-002   8.595989E-013
   57901       6     0.450000     0.500000   1.310848E-001   4.710132E-002   1.199763E-001   3.599290E-002   8.398344E-002   8.398344E-002  -1.728984E-011
   57901       7     0.500000     0.550000   1.748537E-001   5.938044E-002   1.649618E-001   4.948854E-002   1.154733E-001   1.154733E-001  -3.676201E-011
   57901       8     0.550000     0.610000   2.295775E-001   7.513487E-002   2.206276E-001   6.618828E-002   1.544427E-001   1.544393E-001   3.331635E-006
   57901       9     0.610000     0.690000   5.693172E-001   1.805386E-001   5.553268E-001   1.665980E-001   3.887785E-001   3.887287E-001   4.980741E-005
   57901      10     0.690000     0.780000   2.472789E+000   7.670126E-001   2.436465E+000   7.309394E-001   1.705777E+000   1.705525E+000   2.513007E-004
   57901      11     0.780000     0.800000   1.063069E+000   3.220331E-001   1.044912E+000   3.134735E-001   7.410364E-001   7.314381E-001   9.598281E-003
   57901      12     0.800000     0.870000   5.878988E+000   1.794591E+000   5.814745E+000   1.744424E+000   4.084398E+000   4.070322E+000   1.407609E-002
   57901      13     0.870000     0.880000   8.736691E-001   2.567966E-001   8.543740E-001   2.563122E-001   6.168724E-001   5.980618E-001   1.881060E-002
   57901      14     0.880000     1.030000   2.249240E+001   6.814143E+000   2.235666E+001   6.706999E+000   1.567826E+001   1.564966E+001   2.859696E-002
   57901      15     1.030000     1.080000   9.248799E+000   2.381587E+000   8.586732E+000   2.576019E+000   6.867211E+000   6.010712E+000   8.564992E-001
   57901      16     1.080000     1.140000   1.173685E+001   3.452735E+000   1.159225E+001   3.477674E+000   8.284115E+000   8.114572E+000   1.695426E-001
   57901      17     1.140000     1.200000   1.143670E+001   3.434656E+000   1.139362E+001   3.418087E+000   8.002041E+000   7.975536E+000   2.650516E-002
   57901      18     1.200000     1.240000   8.097833E+000   8.270971E-001   4.475211E+000   1.342563E+000   7.270736E+000   3.132647E+000   4.138088E+000
   57901      19     1.240000     1.280000   7.733813E+000   2.205069E+000   7.569445E+000   2.270833E+000   5.528744E+000   5.298611E+000   2.301330E-001
   57901      20     1.280000     1.340000   1.109154E+001   2.151781E+000   8.987081E+000   2.696124E+000   8.939762E+000   6.290957E+000   2.648805E+000
   57901      21     1.340000     1.420000   1.012492E+001   2.754474E+000   9.683929E+000   2.905179E+000   7.370447E+000   6.778750E+000   5.916971E-001
   57901      22     1.420000     1.460000   4.444646E+000   3.239947E-001   1.690817E+000   5.072452E-001   4.120651E+000   1.183572E+000   2.937079E+000
   57901      23     1.460000     1.490000   3.316959E+000   9.711766E-001   3.284336E+000   9.853009E-001   2.345782E+000   2.299036E+000   4.674683E-002
   57901      24     1.490000     1.520000   3.416012E+000   7.385920E-001   2.927552E+000   8.782656E-001   2.677420E+000   2.049286E+000   6.281331E-001
   57901      25     1.520000     1.680000   2.089115E+001   1.704807E+000   9.479199E+000   2.843760E+000   1.918634E+001   6.635439E+000   1.255090E+001
   57901      26     1.680000     1.740000   7.400301E+000   2.203299E+000   7.374940E+000   2.212482E+000   5.197002E+000   5.162458E+000   3.454432E-002
   57901      27     1.740000     1.820000   6.859941E+000   1.943215E+000   6.714573E+000   2.014372E+000   4.916726E+000   4.700201E+000   2.165244E-001
   57901      28     1.820000     1.940000   7.844991E+000   1.359918E+000   5.824193E+000   1.747258E+000   6.485073E+000   4.076935E+000   2.408138E+000
   57901      29     1.940000     2.200000   1.524385E+001   1.087383E+000   5.100645E+000   1.530194E+000   1.415647E+001   3.570452E+000   1.058601E+001
   57901      30     2.200000     2.300000   5.897529E+000   1.702312E+000   5.814958E+000   1.744487E+000   4.195217E+000   4.070471E+000   1.247464E-001
   57901      31     2.300000     2.450000   6.412228E+000   1.923701E+000   6.410727E+000   1.923218E+000   4.488527E+000   4.487509E+000   1.017922E-003
   57901      32     2.450000     2.550000   2.808749E+000   6.408732E-001   2.493547E+000   7.480640E-001   2.167876E+000   1.745483E+000   4.223935E-001
   57901      33     2.550000     2.650000   2.466453E+000   2.891043E-001   1.308548E+000   3.925644E-001   2.177349E+000   9.159837E-001   1.261365E+000
   57901      34     2.650000     2.900000   5.107089E+000   1.239383E-002   1.994584E-001   5.983753E-002   5.094695E+000   1.396209E-001   4.955074E+000
   57901      35     2.900000     3.200000   4.829501E+000   5.266249E-001   2.876570E+000   8.629710E-001   4.302876E+000   2.013599E+000   2.289277E+000
   57901      36     3.200000     3.500000   4.479548E+000   8.594853E-001   3.826863E+000   1.148059E+000   3.620063E+000   2.678804E+000   9.412585E-001
   57901      37     3.500000     3.900000   5.317470E+000   1.199752E+000   4.804033E+000   1.441210E+000   4.117719E+000   3.362823E+000   7.548958E-001
   57901      38     3.900000     5.500000   8.889375E+000   4.791682E-001   2.450464E+000   7.351392E-001   8.410207E+000   1.715325E+000   6.694882E+000
   57901      39     5.500000     6.500000   2.171822E+000   6.329734E-001   2.150763E+000   6.452288E-001   1.538848E+000   1.505534E+000   3.331433E-002
   57901      40     6.500000     7.000000   6.459457E-001   4.555203E-002   3.635157E-001   1.090547E-001   6.003937E-001   2.544610E-001   3.459327E-001
   57901      41     7.000000     9.000000   1.525571E+000   8.718405E-002   4.881161E-001   1.464348E-001   1.438387E+000   3.416813E-001   1.096706E+000
   57901      42     9.000000    20.000000   1.633159E+000   4.531017E-002   3.328608E-001   9.985825E-002   1.587849E+000   2.330026E-001   1.354846E+000
   58001       1     0.200000     0.300000   5.582456E-006   3.540013E-006   2.917776E-006   8.753329E-007   2.042443E-006   2.042443E-006  -9.500338E-015
   58001       2     0.300000     0.345000   2.557270E-003   1.374824E-003   1.689209E-003   5.067628E-004   1.182447E-003   1.182447E-003  -8.478984E-013
   58001       3     0.345000     0.385000   2.512764E-003   1.152240E-003   1.943607E-003   5.830820E-004   1.360525E-003   1.360525E-003  -9.252798E-015
   58001       4     0.385000     0.420000   1.293223E-002   5.311610E-003   1.088660E-002   3.265979E-003   7.620618E-003   7.620618E-003  -5.918000E-012
   58001       5     0.420000     0.450000   2.349464E-002   8.965829E-003   2.075544E-002   6.226633E-003   1.452881E-002   1.452881E-002   7.795587E-013
   58001       6     0.450000     0.500000   1.310848E-001   4.710132E-002   1.199763E-001   3.599290E-002   8.398344E-002   8.398344E-002  -2.550715E-011
   58001       7     0.500000     0.550000   1.748537E-001   5.938044E-002   1.649618E-001   4.948854E-002   1.154733E-001   1.154733E-001  -3.922933E-011
   58001       8     0.550000     0.610000   2.295775E-001   7.513487E-002   2.206276E-001   6.618828E-002   1.544427E-001   1.544393E-001   3.331886E-006
   58001       9     0.610000     0.690000   5.693172E-001   1.805386E-001   5.553268E-001   1.665980E-001   3.887785E-001   3.887287E-001   4.980821E-005
   58001      10     0.690000     0.780000   2.472789E+000   7.670126E-001   2.436465E+000   7.309394E-001   1.705777E+000   1.705525E+000   2.512935E-004
   58001      11     0.780000     0.800000   1.063069E+000   3.220331E-001   1.044912E+000   3.134735E-001   7.410363E-001   7.314381E-001   9.598230E-003
   58001      12     0.800000     0.870000   5.878988E+000   1.794590E+000   5.814745E+000   1.744423E+000   4.084398E+000   4.070321E+000   1.407723E-002
   58001      13     0.870000     0.880000   8.736691E-001   2.567975E-001   8.543750E-001   2.563125E-001   6.168716E-001   5.980625E-001   1.880906E-002
   58001      14     0.880000     1.030000   2.249240E+001   6.814143E+000   2.235666E+001   6.706999E+000   1.567826E+001   1.564966E+001   2.859683E-002
   58001      15     1.030000     1.080000   9.248799E+000   2.381601E+000   8.586744E+000   2.576023E+000   6.867198E+000   6.010720E+000   8.564773E-001
   58001      16     1.080000     1.140000   1.173685E+001   3.452736E+000   1.159225E+001   3.477674E+000   8.284114E+000   8.114573E+000   1.695413E-001
   58001      17     1.140000     1.200000   1.143670E+001   3.434656E+000   1.139362E+001   3.418087E+000   8.002040E+000   7.975536E+000   2.650414E-002
   58001      18     1.200000     1.240000   8.097833E+000   8.273212E-001   4.475695E+000   1.342708E+000   7.270512E+000   3.132986E+000   4.137525E+000
   58001      19     1.240000     1.280000   7.733813E+000   2.205086E+000   7.569463E+000   2.270839E+000   5.528728E+000   5.298624E+000   2.301035E-001
   58001      20     1.280000     1.340000   1.109154E+001   2.151860E+000   8.987177E+000   2.696153E+000   8.939683E+000   6.291024E+000   2.648659E+000
   58001      21     1.340000     1.420000   1.012492E+001   2.754519E+000   9.683985E+000   2.905195E+000   7.370402E+000   6.778789E+000   5.916125E-001
   58001      22     1.420000     1.460000   4.444646E+000   3.241208E-001   1.691273E+000   5.073819E-001   4.120525E+000   1.183891E+000   2.936634E+000
   58001      23     1.460000     1.490000   3.316959E+000   9.712338E-001   3.284403E+000   9.853209E-001   2.345725E+000   2.299082E+000   4.664287E-002
   58001      24     1.490000     1.520000   3.416012E+000   7.386353E-001   2.927612E+000   8.782837E-001   2.677376E+000   2.049329E+000   6.280477E-001
   58001      25     1.520000     1.680000   2.089115E+001   1.705479E+000   9.480981E+000   2.844294E+000   1.918567E+001   6.636686E+000   1.254898E+001
   58001      26     1.680000     1.740000   7.400301E+000   2.203322E+000   7.374965E+000   2.212489E+000   5.196980E+000   5.162475E+000   3.450463E-002
   58001      27     1.740000     1.820000   6.859941E+000   1.943397E+000   6.714812E+000   2.014444E+000   4.916544E+000   4.700368E+000   2.161757E-001
   58001      28     1.820000     1.940000   7.844991E+000   1.360251E+000   5.824950E+000   1.747485E+000   6.484740E+000   4.077465E+000   2.407275E+000
   58001      29     1.940000     2.200000   1.524385E+001   1.087655E+000   5.101663E+000   1.530499E+000   1.415619E+001   3.571164E+000   1.058503E+001
   58001      30     2.200000     2.300000   5.897529E+000   1.702336E+000   5.814988E+000   1.744496E+000   4.195192E+000   4.070491E+000   1.247007E-001
   58001      31     2.300000     2.450000   6.412228E+000   1.923702E+000   6.410728E+000   1.923218E+000   4.488526E+000   4.487510E+000   1.016299E-003
   58001      32     2.450000     2.550000   2.808749E+000   6.410165E-001   2.493805E+000   7.481416E-001   2.167733E+000   1.745664E+000   4.220690E-001
   58001      33     2.550000     2.650000   2.466453E+000   2.892364E-001   1.308895E+000   3.926684E-001   2.177217E+000   9.162263E-001   1.260991E+000
   58001      34     2.650000     2.900000   5.107089E+000   1.242018E-002   1.997168E-001   5.991504E-002   5.094669E+000   1.398018E-001   4.954867E+000
   58001      35     2.900000     3.200000   4.829501E+000   5.268511E-001   2.877132E+000   8.631396E-001   4.302650E+000   2.013992E+000   2.288657E+000
   58001      36     3.200000     3.500000   4.479548E+000   8.594175E-001   3.826749E+000   1.148025E+000   3.620130E+000   2.678724E+000   9.414061E-001
   58001      37     3.500000     3.900000   5.317470E+000   1.199558E+000   4.803728E+000   1.441118E+000   4.117913E+000   3.362610E+000   7.553033E-001
   58001      38     3.900000     5.500000   8.889375E+000   4.793372E-001   2.451217E+000   7.353652E-001   8.410038E+000   1.715852E+000   6.694186E+000
   58001      39     5.500000     6.500000   2.171822E+000   6.329748E-001   2.150764E+000   6.452292E-001   1.538847E+000   1.505535E+000   3.331189E-002
   58001      40     6.500000     7.000000   6.459457E-001   4.554068E-002   3.634703E-001   1.090411E-001   6.004051E-001   2.544292E-001   3.459758E-001
   58001      41     7.000000     9.000000   1.525571E+000   8.719583E-002   4.880873E-001   1.464262E-001   1.438375E+000   3.416611E-001   1.096714E+000
   58001      42     9.000000    20.000000   1.633159E+000   4.539930E-002   3.332442E-001   9.997326E-002   1.587760E+000   2.332709E-001   1.354489E+000
   58101       1     0.200000     0.300000   5.582456E-006   3.540013E-006   2.917776E-006   8.753329E-007   2.042443E-006   2.042443E-006  -9.500338E-015
   58101       2     0.300000     0.345000   2.557270E-003   1.374824E-003   1.689209E-003   5.067628E-004   1.182447E-003   1.182447E-003  -8.478984E-013
   58101       3     0.345000     0.385000   2.512764E-003   1.152240E-003   1.943607E-003   5.830820E-004   1.360525E-003   1.360525E-003  -9.252798E-015
   58101       4     0.385000     0.420000   1.293223E-002   5.311610E-003   1.088660E-002   3.265979E-003   7.620618E-003   7.620618E-003  -4.456914E-012
   58101       5     0.420000     0.450000   2.349464E-002   8.965829E-003   2.075544E-002   6.226633E-003   1.452881E-002   1.452881E-002  -2.423756E-013
   58101       6     0.450000     0.500000   1.310848E-001   4.710132E-002   1.199763E-001   3.599290E-002   8.398344E-002   8.398344E-002  -6.285805E-012
   58101       7     0.500000     0.550000   1.748537E-001   5.938044E-002   1.649618E-001   4.948854E-002   1.154733E-001   1.154733E-001  -2.858508E-011
   58101       8     0.550000     0.610000   2.295775E-001   7.513487E-002   2.206276E-001   6.618828E-002   1.544427E-001   1.544393E-001   3.332136E-006
   58101       9     0.610000     0.690000   5.693172E-001   1.805386E-001   5.553268E-001   1.665980E-001   3.887786E-001   3.887287E-001   4.980901E-005
   58101      10     0.690000     0.780000   2.472789E+000   7.670126E-001   2.436465E+000   7.309394E-001   1.705777E+000   1.705525E+000   2.512863E-004
   58101      11     0.780000     0.800000   1.063069E+000   3.220331E-001   1.044912E+000   3.134735E-001   7.410363E-001   7.314381E-001   9.598180E-003
   58101      12     0.800000     0.870000   5.878988E+000   1.794589E+000   5.814744E+000   1.744423E+000   4.084399E+000   4.070321E+000   1.407835E-002
   58101      13     0.870000     0.880000   8.736691E-001   2.567983E-001   8.543760E-001   2.563128E-001   6.168707E-001   5.980632E-001   1.880754E-002
   58101      14     0.880000     1.030000   2.249240E+001   6.814143E+000   2.235666E+001   6.706999E+000   1.567826E+001   1.564966E+001   2.859670E-002
   58101      15     1.030000     1.080000   9.248799E+000   2.381614E+000   8.586755E+000   2.576027E+000   6.867184E+000   6.010729E+000   8.564555E-001
   58101      16     1.080000     1.140000   1.173685E+001   3.452736E+000   1.159225E+001   3.477674E+000   8.284113E+000   8.114573E+000   1.695401E-001
   58101      17     1.140000     1.200000   1.143670E+001   3.434657E+000   1.139362E+001   3.418087E+000   8.002040E+000   7.975537E+000   2.650312E-002
   58101      18     1.200000     1.240000   8.097833E+000   8.275439E-001   4.476176E+000   1.342853E+000   7.270289E+000   3.133323E+000   4.136966E+000
   58101      19     1.240000     1.280000   7.733813E+000   2.205102E+000   7.569482E+000   2.270845E+000   5.528711E+000   5.298637E+000   2.300741E-001
   58101      20     1.280000     1.340000   1.109154E+001   2.151938E+000   8.987273E+000   2.696182E+000   8.939605E+000   6.291091E+000   2.648514E+000
   58101      21     1.340000     1.420000   1.012492E+001   2.754564E+000   9.684041E+000   2.905212E+000   7.370357E+000   6.778828E+000   5.915284E-001
   58101      22     1.420000     1.460000   4.444646E+000   3.242461E-001   1.691726E+000   5.075177E-001   4.120400E+000   1.184208E+000   2.936192E+000
   58101      23     1.460000     1.490000   3.316959E+000   9.712906E-001   3.284469E+000   9.853408E-001   2.345668E+000   2.299128E+000   4.653981E-002
   58101      24     1.490000     1.520000   3.416012E+000   7.386782E-001   2.927672E+000   8.783016E-001   2.677333E+000   2.049370E+000   6.279629E-001
   58101      25     1.520000     1.680000   2.089115E+001   1.706146E+000   9.482751E+000   2.844825E+000   1.918500E+001   6.637925E+000   1.254708E+001
   58101      26     1.680000     1.740000   7.400301E+000   2.203344E+000   7.374989E+000   2.212497E+000   5.196958E+000   5.162493E+000   3.446525E-002
   58101      27     1.740000     1.820000   6.859941E+000   1.943578E+000   6.715049E+000   2.014515E+000   4.916364E+000   4.700534E+000   2.158296E-001
   58101      28     1.820000     1.940000   7.844991E+000   1.360582E+000   5.825702E+000   1.747711E+000   6.484410E+000   4.077991E+000   2.406418E+000
   58101      29     1.940000     2.200000   1.524385E+001   1.087926E+000   5.102674E+000   1.530802E+000   1.415592E+001   3.571872E+000   1.058405E+001
   58101      30     2.200000     2.300000   5.897529E+000   1.702361E+000   5.815017E+000   1.744505E+000   4.195168E+000   4.070512E+000   1.246553E-001
   58101      31     2.300000     2.450000   6.412228E+000   1.923703E+000   6.410729E+000   1.923219E+000   4.488525E+000   4.487510E+000   1.014688E-003
   58101      32     2.450000     2.550000   2.808749E+000   6.411589E-001   2.494063E+000   7.482188E-001   2.167590E+000   1.745844E+000   4.217466E-001
   58101      33     2.550000     2.650000   2.466453E+000   2.893675E-001   1.309239E+000   3.927717E-001   2.177086E+000   9.164673E-001   1.260619E+000
   58101      34     2.650000     2.900000   5.107089E+000   1.244642E-002   1.999737E-001   5.999211E-002   5.094643E+000   1.399816E-001   4.954661E+000
   58101      35     2.900000     3.200000   4.829501E+000   5.270758E-001   2.877690E+000   8.633071E-001   4.302425E+000   2.014383E+000   2.288042E+000
   58101      36     3.200000     3.500000   4.479548E+000   8.593501E-001   3.826635E+000   1.147991E+000   3.620198E+000   2.678645E+000   9.415529E-001
   58101      37     3.500000     3.900000   5.317470E+000   1.199365E+000   4.803425E+000   1.441027E+000   4.118105E+000   3.362397E+000   7.557081E-001
   58101      38     3.900000     5.500000   8.889375E+000   4.795054E-001   2.451966E+000   7.355898E-001   8.409870E+000   1.716376E+000   6.693493E+000
   58101      39     5.500000     6.500000   2.171822E+000   6.329761E-001   2.150766E+000   6.452297E-001   1.538845E+000   1.505536E+000   3.330950E-002
   58101      40     6.500000     7.000000   6.459457E-001   4.552940E-002   3.634252E-001   1.090276E-001   6.004163E-001   2.543977E-001   3.460187E-001
   58101      41     7.000000     9.000000   1.525571E+000   8.720751E-002   4.880587E-001   1.464176E-001   1.438364E+000   3.416411E-001   1.096722E+000
   58101      42     9.000000    20.000000   1.633159E+000   4.548785E-002   3.336250E-001   1.000875E-001   1.587671E+000   2.335375E-001   1.354134E+000
   58201       1     0.200000     0.300000   5.582456E-006   3.540013E-006   2.917776E-006   8.753329E-007   2.042443E-006   2.042443E-006  -9.500338E-015
   58201       2     0.300000     0.345000   2.557270E-003   1.374824E-003   1.689209E-003   5.067628E-004   1.182447E-003   1.182447E-003  -8.478984E-013
   58201       3     0.345000     0.385000   2.512764E-003   1.152240E-003   1.943607E-003   5.830820E-004   1.360525E-003   1.360525E-003  -2.940259E-013
   58201       4     0.385000     0.420000   1.293223E-002   5.311610E-003   1.088660E-002   3.265979E-003   7.620618E-003   7.620618E-003  -2.725146E-012
   58201       5     0.420000     0.450000   2.349464E-002   8.965829E-003   2.075544E-002   6.226633E-003   1.452881E-002   1.452881E-002  -6.168798E-013
   58201       6     0.450000     0.500000   1.310848E-001   4.710132E-002   1.199763E-001   3.599290E-002   8.398344E-002   8.398344E-002  -1.980652E-012
   58201       7     0.500000     0.550000   1.748537E-001   5.938044E-002   1.649618E-001   4.948854E-002   1.154733E-001   1.154733E-001  -9.125728E-012
   58201       8     0.550000     0.610000   2.295775E-001   7.513487E-002   2.206276E-001   6.618828E-002   1.544427E-001   1.544393E-001   3.332384E-006
   58201       9     0.610000     0.690000   5.693172E-001   1.805386E-001   5.553268E-001   1.665980E-001   3.887786E-001   3.887287E-001   4.980980E-005
   58201      10     0.690000     0.780000   2.472789E+000   7.670126E-001   2.436465E+000   7.309394E-001   1.705777E+000   1.705525E+000   2.512793E-004
   58201      11     0.780000     0.800000   1.063069E+000   3.220331E-001   1.044912E+000   3.134735E-001   7.410363E-001   7.314381E-001   9.598130E-003
   58201      12     0.800000     0.870000   5.878988E+000   1.794589E+000   5.814743E+000   1.744423E+000   4.084400E+000   4.070320E+000   1.407947E-002
   58201      13     0.870000     0.880000   8.736691E-001   2.567992E-001   8.543769E-001   2.563131E-001   6.168699E-001   5.980639E-001   1.880602E-002
   58201      14     0.880000     1.030000   2.249240E+001   6.814143E+000   2.235666E+001   6.706999E+000   1.567826E+001   1.564966E+001   2.859657E-002
   58201      15     1.030000     1.080000   9.248799E+000   2.381628E+000   8.586767E+000   2.576030E+000   6.867171E+000   6.010737E+000   8.564339E-001
   58201      16     1.080000     1.140000   1.173685E+001   3.452737E+000   1.159225E+001   3.477674E+000   8.284113E+000   8.114574E+000   1.695389E-001
   58201      17     1.140000     1.200000   1.143670E+001   3.434657E+000   1.139362E+001   3.418087E+000   8.002039E+000   7.975537E+000   2.650212E-002
   58201      18     1.200000     1.240000   8.097833E+000   8.277652E-001   4.476653E+000   1.342996E+000   7.270068E+000   3.133657E+000   4.136410E+000
   58201      19     1.240000     1.280000   7.733813E+000   2.205118E+000   7.569500E+000   2.270850E+000   5.528695E+000   5.298650E+000   2.300450E-001
   58201      20     1.280000     1.340000   1.109154E+001   2.152015E+000   8.987368E+000   2.696210E+000   8.939527E+000   6.291157E+000   2.648370E+000
   58201      21     1.340000     1.420000   1.012492E+001   2.754609E+000   9.684096E+000   2.905229E+000   7.370312E+000   6.778867E+000   5.914448E-001
   58201      22     1.420000     1.460000   4.444646E+000   3.243708E-001   1.692176E+000   5.076527E-001   4.120275E+000   1.184523E+000   2.935752E+000
   58201      23     1.460000     1.490000   3.316959E+000   9.713470E-001   3.284535E+000   9.853605E-001   2.345612E+000   2.299174E+000   4.643742E-002
   58201      24     1.490000     1.520000   3.416012E+000   7.387209E-001   2.927732E+000   8.783195E-001   2.677291E+000   2.049412E+000   6.278786E-001
   58201      25     1.520000     1.680000   2.089115E+001   1.706810E+000   9.484510E+000   2.845353E+000   1.918434E+001   6.639157E+000   1.254518E+001
   58201      26     1.680000     1.740000   7.400301E+000   2.203365E+000   7.375014E+000   2.212504E+000   5.196936E+000   5.162510E+000   3.442614E-002
   58201      27     1.740000     1.820000   6.859941E+000   1.943757E+000   6.715284E+000   2.014585E+000   4.916184E+000   4.700699E+000   2.154856E-001
   58201      28     1.820000     1.940000   7.844991E+000   1.360911E+000   5.826449E+000   1.747935E+000   6.484081E+000   4.078514E+000   2.405566E+000
   58201      29     1.940000     2.200000   1.524385E+001   1.088195E+000   5.103679E+000   1.531104E+000   1.415566E+001   3.572575E+000   1.058308E+001
   58201      30     2.200000     2.300000   5.897529E+000   1.702385E+000   5.815047E+000   1.744514E+000   4.195143E+000   4.070533E+000   1.246103E-001
   58201      31     2.300000     2.450000   6.412228E+000   1.923704E+000   6.410730E+000   1.923219E+000   4.488524E+000   4.487511E+000   1.013089E-003
   58201      32     2.450000     2.550000   2.808749E+000   6.413004E-001   2.494318E+000   7.482954E-001   2.167449E+000   1.746023E+000   4.214262E-001
   58201      33     2.550000     2.650000   2.466453E+000   2.894980E-001   1.309581E+000   3.928744E-001   2.176955E+000   9.167069E-001   1.260248E+000
   58201      34     2.650000     2.900000   5.107089E+000   1.247258E-002   2.002295E-001   6.006886E-002   5.094617E+000   1.401607E-001   4.954456E+000
   58201      35     2.900000     3.200000   4.829501E+000   5.272992E-001   2.878245E+000   8.634736E-001   4.302202E+000   2.014772E+000   2.287430E+000
   58201      36     3.200000     3.500000   4.479548E+000   8.592831E-001   3.826523E+000   1.147957E+000   3.620265E+000   2.678566E+000   9.416988E-001
   58201      37     3.500000     3.900000   5.317470E+000   1.199174E+000   4.803123E+000   1.440937E+000   4.118297E+000   3.362186E+000   7.561104E-001
   58201      38     3.900000     5.500000   8.889375E+000   4.796730E-001   2.452711E+000   7.358134E-001   8.409702E+000   1.716898E+000   6.692804E+000
   58201      39     5.500000     6.500000   2.171822E+000   6.329775E-001   2.150767E+000   6.452301E-001   1.538844E+000   1.505537E+000   3.330713E-002
   58201      40     6.500000     7.000000   6.459457E-001   4.551819E-002   3.633804E-001   1.090141E-001   6.004275E-001   2.543663E-001   3.460612E-001
   58201      41     7.000000     9.000000   1.525571E+000   8.721911E-002   4.880304E-001   1.464091E-001   1.438352E+000   3.416213E-001   1.096731E+000
   58201      42     9.000000    20.000000   1.633159E+000   4.557616E-002   3.340044E-001   1.002013E-001   1.587583E+000   2.338031E-001   1.353780E+000
   58301       1     0.200000     0.300000   5.582456E-006   3.540013E-006   2.917776E-006   8.753329E-007   2.042443E-006   2.042443E-006  -9.500338E-015
   58301       2     0.300000     0.345000   2.557270E-003   1.374824E-003   1.689209E-003   5.067628E-004   1.182447E-003   1.182447E-003  -8.478984E-013
   58301       3     0.345000     0.385000   2.512764E-003   1.152240E-003   1.943607E-003   5.830820E-004   1.360525E-003   1.360525E-003  -2.940259E-013
   58301       4     0.385000     0.420000   1.293223E-002   5.311610E-003   1.088660E-002   3.265979E-003   7.620618E-003   7.620618E-003  -2.725146E-012
   58301       5     0.420000     0.450000   2.349464E-002   8.965829E-003   2.075544E-002   6.226633E-003   1.452881E-002   1.452881E-002   8.626762E-013
   58301       6     0.450000     0.500000   1.310848E-001   4.710132E-002   1.199763E-001   3.599290E-002   8.398344E-002   8.398344E-002   2.259637E-012
   58301       7     0.500000     0.550000   1.748537E-001   5.938044E-002   1.649618E-001   4.948854E-002   1.154733E-001   1.154733E-001  -1.343751E-011
   58301       8     0.550000     0.610000   2.295775E-001   7.513487E-002   2.206276E-001   6.618828E-002   1.544427E-001   1.544393E-001   3.332630E-006
   58301       9     0.610000     0.690000   5.693172E-001   1.805386E-001   5.553268E-001   1.665980E-001   3.887786E-001   3.887287E-001   4.981058E-005
   58301      10     0.690000     0.780000   2.472789E+000   7.670126E-001   2.436465E+000   7.309394E-001   1.705777E+000   1.705525E+000   2.512723E-004
   58301      11     0.780000     0.800000   1.063069E+000   3.220332E-001   1.044912E+000   3.134735E-001   7.410362E-001   7.314381E-001   9.598082E-003
   58301      12     0.800000     0.870000   5.878988E+000   1.794588E+000   5.814742E+000   1.744423E+000   4.084400E+000   4.070320E+000   1.408058E-002
   58301      13     0.870000     0.880000   8.736691E-001   2.568000E-001   8.543779E-001   2.563134E-001   6.168691E-001   5.980645E-001   1.880452E-002
   58301      14     0.880000     1.030000   2.249240E+001   6.814144E+000   2.235666E+001   6.706999E+000   1.567826E+001   1.564966E+001   2.859645E-002
   58301      15     1.030000     1.080000   9.248799E+000   2.381641E+000   8.586779E+000   2.576034E+000   6.867158E+000   6.010745E+000   8.564127E-001
   58301      16     1.080000     1.140000   1.173685E+001   3.452738E+000   1.159225E+001   3.477675E+000   8.284112E+000   8.114574E+000   1.695378E-001
   58301      17     1.140000     1.200000   1.143670E+001   3.434658E+000   1.139363E+001   3.418088E+000   8.002039E+000   7.975538E+000   2.650114E-002
   58301      18     1.200000     1.240000   8.097833E+000   8.279849E-001   4.477127E+000   1.343138E+000   7.269848E+000   3.133989E+000   4.135859E+000
   58301      19     1.240000     1.280000   7.733813E+000   2.205134E+000   7.569518E+000   2.270855E+000   5.528679E+000   5.298663E+000   2.300164E-001
   58301      20     1.280000     1.340000   1.109154E+001   2.152092E+000   8.987462E+000   2.696238E+000   8.939451E+000   6.291223E+000   2.648228E+000
   58301      21     1.340000     1.420000   1.012492E+001   2.754653E+000   9.684151E+000   2.905245E+000   7.370268E+000   6.778905E+000   5.913623E-001
   58301      22     1.420000     1.460000   4.444646E+000   3.244936E-001   1.692619E+000   5.077857E-001   4.120152E+000   1.184833E+000   2.935319E+000
   58301      23     1.460000     1.490000   3.316959E+000   9.714019E-001   3.284599E+000   9.853797E-001   2.345557E+000   2.299219E+000   4.633772E-002
   58301      24     1.490000     1.520000   3.416012E+000   7.387629E-001   2.927790E+000   8.783370E-001   2.677249E+000   2.049453E+000   6.277956E-001
   58301      25     1.520000     1.680000   2.089115E+001   1.707465E+000   9.486250E+000   2.845875E+000   1.918368E+001   6.640375E+000   1.254331E+001
   58301      26     1.680000     1.740000   7.400301E+000   2.203387E+000   7.375038E+000   2.212511E+000   5.196915E+000   5.162527E+000   3.438789E-002
   58301      27     1.740000     1.820000   6.859941E+000   1.943932E+000   6.715515E+000   2.014654E+000   4.916009E+000   4.700860E+000   2.151486E-001
   58301      28     1.820000     1.940000   7.844991E+000   1.361235E+000   5.827186E+000   1.748156E+000   6.483756E+000   4.079030E+000   2.404726E+000
   58301      29     1.940000     2.200000   1.524385E+001   1.088459E+000   5.104667E+000   1.531400E+000   1.415539E+001   3.573267E+000   1.058212E+001
   58301      30     2.200000     2.300000   5.897529E+000   1.702410E+000   5.815076E+000   1.744523E+000   4.195119E+000   4.070553E+000   1.245658E-001
   58301      31     2.300000     2.450000   6.412228E+000   1.923705E+000   6.410731E+000   1.923219E+000   4.488523E+000   4.487512E+000   1.011522E-003
   58301      32     2.450000     2.550000   2.808749E+000   6.414397E-001   2.494570E+000   7.483709E-001   2.167310E+000   1.746199E+000   4.211108E-001
   58301      33     2.550000     2.650000   2.466453E+000   2.896252E-001   1.309916E+000   3.929749E-001   2.176828E+000   9.169415E-001   1.259887E+000
   58301      34     2.650000     2.900000   5.107089E+000   1.249838E-002   2.004806E-001   6.014419E-002   5.094591E+000   1.403364E-001   4.954254E+000
   58301      35     2.900000     3.200000   4.829501E+000   5.275196E-001   2.878793E+000   8.636380E-001   4.301981E+000   2.015155E+000   2.286826E+000
   58301      36     3.200000     3.500000   4.479548E+000   8.592164E-001   3.826410E+000   1.147923E+000   3.620332E+000   2.678487E+000   9.418443E-001
   58301      37     3.500000     3.900000   5.317470E+000   1.198984E+000   4.802824E+000   1.440847E+000   4.118487E+000   3.361977E+000   7.565099E-001
   58301      38     3.900000     5.500000   8.889375E+000   4.798376E-001   2.453444E+000   7.360332E-001   8.409538E+000   1.717411E+000   6.692127E+000
   58301      39     5.500000     6.500000   2.171822E+000   6.329787E-001   2.150768E+000   6.452305E-001   1.538843E+000   1.505538E+000   3.330495E-002
   58301      40     6.500000     7.000000   6.459457E-001   4.550712E-002   3.633361E-001   1.090008E-001   6.004386E-001   2.543353E-001   3.461033E-001
   58301      41     7.000000     9.000000   1.525571E+000   8.723067E-002   4.880019E-001   1.464006E-001   1.438340E+000   3.416013E-001   1.096739E+000
   58301      42     9.000000    20.000000   1.633159E+000   4.566219E-002   3.343745E-001   1.003124E-001   1.587497E+000   2.340622E-001   1.353435E+000
   58401       1     0.200000     0.300000   5.582456E-006   3.540013E-006   2.917776E-006   8.753329E-007   2.042443E-006   2.042443E-006  -9.500338E-015
   58401       2     0.300000     0.345000   2.557270E-003   1.374824E-003   1.689209E-003   5.067628E-004   1.182447E-003   1.182447E-003  -8.478984E-013
   58401       3     0.345000     0.385000   2.512764E-003   1.152240E-003   1.943607E-003   5.830820E-004   1.360525E-003   1.360525E-003  -2.940259E-013
   58401       4     0.385000     0.420000   1.293223E-002   5.311610E-003   1.088660E-002   3.265979E-003   7.620618E-003   7.620618E-003  -1.288481E-012
   58401       5     0.420000     0.450000   2.349464E-002   8.965829E-003   2.075544E-002   6.226633E-003   1.452881E-002   1.452881E-002   5.196624E-013
   58401       6     0.450000     0.500000   1.310848E-001   4.710132E-002   1.199763E-001   3.599290E-002   8.398344E-002   8.398344E-002  -8.744394E-012
   58401       7     0.500000     0.550000   1.748537E-001   5.938044E-002   1.649618E-001   4.948854E-002   1.154733E-001   1.154733E-001  -1.944403E-011
   58401       8     0.550000     0.610000   2.295775E-001   7.513487E-002   2.206276E-001   6.618828E-002   1.544427E-001   1.544393E-001   3.332874E-006
   58401       9     0.610000     0.690000   5.693172E-001   1.805386E-001   5.553268E-001   1.665980E-001   3.887786E-001   3.887287E-001   4.981136E-005
   58401      10     0.690000     0.780000   2.472789E+000   7.670126E-001   2.436465E+000   7.309394E-001   1.705777E+000   1.705525E+000   2.512653E-004
   58401      11     0.780000     0.800000   1.063069E+000   3.220332E-001   1.044912E+000   3.134735E-001   7.410362E-001   7.314382E-001   9.598033E-003
   58401      12     0.800000     0.870000   5.878988E+000   1.794588E+000   5.814742E+000   1.744422E+000   4.084401E+000   4.070319E+000   1.408169E-002
   58401      13     0.870000     0.880000   8.736691E-001   2.568008E-001   8.543788E-001   2.563137E-001   6.168682E-001   5.980652E-001   1.880303E-002
   58401      14     0.880000     1.030000   2.249240E+001   6.814144E+000   2.235666E+001   6.706999E+000   1.567826E+001   1.564967E+001   2.859632E-002
   58401      15     1.030000     1.080000   9.248799E+000   2.381654E+000   8.586790E+000   2.576037E+000   6.867145E+000   6.010753E+000   8.563916E-001
   58401      16     1.080000     1.140000   1.173685E+001   3.452739E+000   1.159225E+001   3.477675E+000   8.284111E+000   8.114575E+000   1.695366E-001
   58401      17     1.140000     1.200000   1.143670E+001   3.434659E+000   1.139363E+001   3.418088E+000   8.002038E+000   7.975538E+000   2.650017E-002
   58401      18     1.200000     1.240000   8.097833E+000   8.282032E-001   4.477598E+000   1.343279E+000   7.269630E+000   3.134319E+000   4.135311E+000
   58401      19     1.240000     1.280000   7.733813E+000   2.205150E+000   7.569536E+000   2.270861E+000   5.528663E+000   5.298675E+000   2.299881E-001
   58401      20     1.280000     1.340000   1.109154E+001   2.152168E+000   8.987555E+000   2.696266E+000   8.939375E+000   6.291288E+000   2.648086E+000
   58401      21     1.340000     1.420000   1.012492E+001   2.754697E+000   9.684205E+000   2.905261E+000   7.370224E+000   6.778943E+000   5.912803E-001
   58401      22     1.420000     1.460000   4.444646E+000   3.246156E-001   1.693059E+000   5.079178E-001   4.120030E+000   1.185142E+000   2.934889E+000
   58401      23     1.460000     1.490000   3.316959E+000   9.714565E-001   3.284662E+000   9.853987E-001   2.345502E+000   2.299264E+000   4.623879E-002
   58401      24     1.490000     1.520000   3.416012E+000   7.388046E-001   2.927848E+000   8.783545E-001   2.677207E+000   2.049494E+000   6.277131E-001
   58401      25     1.520000     1.680000   2.089115E+001   1.708116E+000   9.487979E+000   2.846394E+000   1.918303E+001   6.641585E+000   1.254145E+001
   58401      26     1.680000     1.740000   7.400301E+000   2.203408E+000   7.375062E+000   2.212519E+000   5.196893E+000   5.162543E+000   3.434993E-002
   58401      27     1.740000     1.820000   6.859941E+000   1.944107E+000   6.715743E+000   2.014723E+000   4.915834E+000   4.701020E+000   2.148141E-001
   58401      28     1.820000     1.940000   7.844991E+000   1.361557E+000   5.827918E+000   1.748375E+000   6.483434E+000   4.079543E+000   2.403892E+000
   58401      29     1.940000     2.200000   1.524385E+001   1.088722E+000   5.105648E+000   1.531694E+000   1.415513E+001   3.573954E+000   1.058117E+001
   58401      30     2.200000     2.300000   5.897529E+000   1.702434E+000   5.815105E+000   1.744531E+000   4.195095E+000   4.070573E+000   1.245216E-001
   58401      31     2.300000     2.450000   6.412228E+000   1.923706E+000   6.410732E+000   1.923220E+000   4.488522E+000   4.487512E+000   1.009966E-003
   58401      32     2.450000     2.550000   2.808749E+000   6.415781E-001   2.494819E+000   7.484458E-001   2.167171E+000   1.746374E+000   4.207975E-001
   58401      33     2.550000     2.650000   2.466453E+000   2.897516E-001   1.310249E+000   3.930748E-001   2.176702E+000   9.171745E-001   1.259527E+000
   58401      34     2.650000     2.900000   5.107089E+000   1.252407E-002   2.007304E-001   6.021911E-002   5.094565E+000   1.405113E-001   4.954054E+000
   58401      35     2.900000     3.200000   4.829501E+000   5.277386E-001   2.879337E+000   8.638012E-001   4.301762E+000   2.015536E+000   2.286226E+000
   58401      36     3.200000     3.500000   4.479548E+000   8.591500E-001   3.826299E+000   1.147890E+000   3.620398E+000   2.678409E+000   9.419888E-001
   58401      37     3.500000     3.900000   5.317470E+000   1.198795E+000   4.802527E+000   1.440758E+000   4.118676E+000   3.361769E+000   7.569067E-001
   58401      38     3.900000     5.500000   8.889375E+000   4.800014E-001   2.454172E+000   7.362516E-001   8.409374E+000   1.717920E+000   6.691453E+000
   58401      39     5.500000     6.500000   2.171822E+000   6.329799E-001   2.150770E+000   6.452309E-001   1.538842E+000   1.505539E+000   3.330280E-002
   58401      40     6.500000     7.000000   6.459457E-001   4.549612E-002   3.632921E-001   1.089876E-001   6.004496E-001   2.543045E-001   3.461451E-001
   58401      41     7.000000     9.000000   1.525571E+000   8.724214E-002   4.879736E-001   1.463921E-001   1.438329E+000   3.415815E-001   1.096747E+000
   58401      42     9.000000    20.000000   1.633159E+000   4.574783E-002   3.347427E-001   1.004228E-001   1.587411E+000   2.343199E-001   1.353091E+000
   58501       1     0.200000     0.300000   5.582456E-006   3.540013E-006   2.917776E-006   8.753329E-007   2.042443E-006   2.042443E-006  -9.500338E-015
   58501       2     0.300000     0.345000   2.557270E-003   1.374824E-003   1.689209E-003   5.067628E-004   1.182447E-003   1.182447E-003  -8.478984E-013
   58501       3     0.345000     0.385000   2.512764E-003   1.152240E-003   1.943607E-003   5.830820E-004   1.360525E-003   1.360525E-003  -2.940259E-013
   58501       4     0.385000     0.420000   1.293223E-002   5.311610E-003   1.088660E-002   3.265979E-003   7.620618E-003   7.620618E-003  -1.288481E-012
   58501       5     0.420000     0.450000   2.349464E-002   8.965829E-003   2.075544E-002   6.226633E-003   1.452881E-002   1.452881E-002  -5.934940E-013
   58501       6     0.450000     0.500000   1.310848E-001   4.710132E-002   1.199763E-001   3.599290E-002   8.398344E-002   8.398344E-002  -4.131417E-013
   58501       7     0.500000     0.550000   1.748537E-001   5.938044E-002   1.649618E-001   4.948854E-002   1.154733E-001   1.154733E-001  -2.929702E-011
   58501       8     0.550000     0.610000   2.295775E-001   7.513487E-002   2.206276E-001   6.618828E-002   1.544427E-001   1.544393E-001   3.333117E-006
   58501       9     0.610000     0.690000   5.693172E-001   1.805386E-001   5.553268E-001   1.665980E-001   3.887786E-001   3.887287E-001   4.981213E-005
   58501      10     0.690000     0.780000   2.472789E+000   7.670126E-001   2.436465E+000   7.309394E-001   1.705777E+000   1.705525E+000   2.512584E-004
   58501      11     0.780000     0.800000   1.063069E+000   3.220332E-001   1.044912E+000   3.134735E-001   7.410362E-001   7.314382E-001   9.597985E-003
   58501      12     0.800000     0.870000   5.878988E+000   1.794587E+000   5.814741E+000   1.744422E+000   4.084401E+000   4.070319E+000   1.408279E-002
   58501      13     0.870000     0.880000   8.736691E-001   2.568017E-001   8.543798E-001   2.563139E-001   6.168674E-001   5.980659E-001   1.880155E-002
   58501      14     0.880000     1.030000   2.249240E+001   6.814144E+000   2.235666E+001   6.706999E+000   1.567826E+001   1.564967E+001   2.859619E-002
   58501      15     1.030000     1.080000   9.248799E+000   2.381667E+000   8.586802E+000   2.576041E+000   6.867132E+000   6.010761E+000   8.563707E-001
   58501      16     1.080000     1.140000   1.173685E+001   3.452739E+000   1.159225E+001   3.477675E+000   8.284111E+000   8.114575E+000   1.695355E-001
   58501      17     1.140000     1.200000   1.143670E+001   3.434659E+000   1.139363E+001   3.418088E+000   8.002038E+000   7.975539E+000   2.649921E-002
   58501      18     1.200000     1.240000   8.097833E+000   8.284200E-001   4.478066E+000   1.343420E+000   7.269413E+000   3.134646E+000   4.134767E+000
   58501      19     1.240000     1.280000   7.733813E+000   2.205166E+000   7.569554E+000   2.270866E+000   5.528648E+000   5.298688E+000   2.299600E-001
   58501      20     1.280000     1.340000   1.109154E+001   2.152244E+000   8.987647E+000   2.696294E+000   8.939299E+000   6.291353E+000   2.647946E+000
   58501      21     1.340000     1.420000   1.012492E+001   2.754741E+000   9.684259E+000   2.905278E+000   7.370180E+000   6.778981E+000   5.911989E-001
   58501      22     1.420000     1.460000   4.444646E+000   3.247370E-001   1.693497E+000   5.080491E-001   4.119909E+000   1.185448E+000   2.934461E+000
   58501      23     1.460000     1.490000   3.316959E+000   9.715106E-001   3.284725E+000   9.854176E-001   2.345448E+000   2.299308E+000   4.614054E-002
   58501      24     1.490000     1.520000   3.416012E+000   7.388461E-001   2.927906E+000   8.783718E-001   2.677165E+000   2.049534E+000   6.276312E-001
   58501      25     1.520000     1.680000   2.089115E+001   1.708763E+000   9.489696E+000   2.846909E+000   1.918238E+001   6.642787E+000   1.253960E+001
   58501      26     1.680000     1.740000   7.400301E+000   2.203429E+000   7.375086E+000   2.212526E+000   5.196872E+000   5.162560E+000   3.431224E-002
   58501      27     1.740000     1.820000   6.859941E+000   1.944280E+000   6.715971E+000   2.014791E+000   4.915661E+000   4.701179E+000   2.144817E-001
   58501      28     1.820000     1.940000   7.844991E+000   1.361877E+000   5.828645E+000   1.748594E+000   6.483114E+000   4.080052E+000   2.403062E+000
   58501      29     1.940000     2.200000   1.524385E+001   1.088983E+000   5.106624E+000   1.531987E+000   1.415487E+001   3.574637E+000   1.058023E+001
   58501      30     2.200000     2.300000   5.897529E+000   1.702457E+000   5.815134E+000   1.744540E+000   4.195071E+000   4.070594E+000   1.244778E-001
   58501      31     2.300000     2.450000   6.412228E+000   1.923707E+000   6.410733E+000   1.923220E+000   4.488521E+000   4.487513E+000   1.008422E-003
   58501      32     2.450000     2.550000   2.808749E+000   6.417156E-001   2.495068E+000   7.485203E-001   2.167034E+000   1.746547E+000   4.204862E-001
   58501      33     2.550000     2.650000   2.466453E+000   2.898773E-001   1.310580E+000   3.931741E-001   2.176576E+000   9.174061E-001   1.259170E+000
   58501      34     2.650000     2.900000   5.107089E+000   1.254966E-002   2.009789E-001   6.029367E-002   5.094539E+000   1.406852E-001   4.953854E+000
   58501      35     2.900000     3.200000   4.829501E+000   5.279561E-001   2.879878E+000   8.639633E-001   4.301545E+000   2.015914E+000   2.285630E+000
   58501      36     3.200000     3.500000   4.479548E+000   8.590841E-001   3.826188E+000   1.147856E+000   3.620464E+000   2.678331E+000   9.421324E-001
   58501      37     3.500000     3.900000   5.317470E+000   1.198607E+000   4.802232E+000   1.440669E+000   4.118863E+000   3.361562E+000   7.573009E-001
   58501      38     3.900000     5.500000   8.889375E+000   4.801645E-001   2.454896E+000   7.364689E-001   8.409211E+000   1.718427E+000   6.690783E+000
   58501      39     5.500000     6.500000   2.171822E+000   6.329811E-001   2.150771E+000   6.452313E-001   1.538840E+000   1.505540E+000   3.330066E-002
   58501      40     6.500000     7.000000   6.459457E-001   4.548521E-002   3.632484E-001   1.089745E-001   6.004605E-001   2.542739E-001   3.461866E-001
   58501      41     7.000000     9.000000   1.525571E+000   8.725351E-002   4.879455E-001   1.463837E-001   1.438318E+000   3.415619E-001   1.096756E+000
   58501      42     9.000000    20.000000   1.633159E+000   4.583315E-002   3.351092E-001   1.005327E-001   1.587326E+000   2.345764E-001   1.352749E+000
   58601       1     0.200000     0.300000   5.582456E-006   3.540013E-006   2.917776E-006   8.753329E-007   2.042443E-006   2.042443E-006  -9.500338E-015
   58601       2     0.300000     0.345000   2.557270E-003   1.374824E-003   1.689209E-003   5.067628E-004   1.182447E-003   1.182447E-003  -8.478984E-013
   58601       3     0.345000     0.385000   2.512764E-003   1.152240E-003   1.943607E-003   5.830820E-004   1.360525E-003   1.360525E-003  -2.940259E-013
   58601       4     0.385000     0.420000   1.293223E-002   5.311610E-003   1.088660E-002   3.265979E-003   7.620618E-003   7.620618E-003  -1.510808E-012
   58601       5     0.420000     0.450000   2.349464E-002   8.965829E-003   2.075544E-002   6.226633E-003   1.452881E-002   1.452881E-002  -3.084807E-013
   58601       6     0.450000     0.500000   1.310848E-001   4.710132E-002   1.199763E-001   3.599290E-002   8.398344E-002   8.398344E-002   2.838035E-012
   58601       7     0.500000     0.550000   1.748537E-001   5.938044E-002   1.649618E-001   4.948854E-002   1.154733E-001   1.154733E-001  -3.329219E-011
   58601       8     0.550000     0.610000   2.295775E-001   7.513487E-002   2.206276E-001   6.618828E-002   1.544427E-001   1.544393E-001   3.333358E-006
   58601       9     0.610000     0.690000   5.693172E-001   1.805386E-001   5.553268E-001   1.665980E-001   3.887786E-001   3.887287E-001   4.981290E-005
   58601      10     0.690000     0.780000   2.472789E+000   7.670126E-001   2.436465E+000   7.309394E-001   1.705777E+000   1.705525E+000   2.512516E-004
   58601      11     0.780000     0.800000   1.063069E+000   3.220333E-001   1.044912E+000   3.134735E-001   7.410361E-001   7.314382E-001   9.597938E-003
   58601      12     0.800000     0.870000   5.878988E+000   1.794586E+000   5.814740E+000   1.744422E+000   4.084402E+000   4.070318E+000   1.408388E-002
   58601      13     0.870000     0.880000   8.736691E-001   2.568025E-001   8.543807E-001   2.563142E-001   6.168666E-001   5.980665E-001   1.880008E-002
   58601      14     0.880000     1.030000   2.249240E+001   6.814144E+000   2.235666E+001   6.706999E+000   1.567826E+001   1.564967E+001   2.859607E-002
   58601      15     1.030000     1.080000   9.248799E+000   2.381680E+000   8.586813E+000   2.576044E+000   6.867119E+000   6.010769E+000   8.563499E-001
   58601      16     1.080000     1.140000   1.173685E+001   3.452740E+000   1.159225E+001   3.477675E+000   8.284110E+000   8.114576E+000   1.695343E-001
   58601      17     1.140000     1.200000   1.143670E+001   3.434660E+000   1.139363E+001   3.418088E+000   8.002037E+000   7.975539E+000   2.649825E-002
   58601      18     1.200000     1.240000   8.097833E+000   8.286355E-001   4.478530E+000   1.343559E+000   7.269197E+000   3.134971E+000   4.134226E+000
   58601      19     1.240000     1.280000   7.733813E+000   2.205181E+000   7.569572E+000   2.270871E+000   5.528632E+000   5.298700E+000   2.299321E-001
   58601      20     1.280000     1.340000   1.109154E+001   2.152319E+000   8.987739E+000   2.696322E+000   8.939224E+000   6.291417E+000   2.647807E+000
   58601      21     1.340000     1.420000   1.012492E+001   2.754784E+000   9.684312E+000   2.905294E+000   7.370137E+000   6.779019E+000   5.911180E-001
   58601      22     1.420000     1.460000   4.444646E+000   3.248578E-001   1.693932E+000   5.081797E-001   4.119788E+000   1.185753E+000   2.934035E+000
   58601      23     1.460000     1.490000   3.316959E+000   9.715644E-001   3.284788E+000   9.854364E-001   2.345395E+000   2.299352E+000   4.604294E-002
   58601      24     1.490000     1.520000   3.416012E+000   7.388872E-001   2.927963E+000   8.783890E-001   2.677124E+000   2.049574E+000   6.275499E-001
   58601      25     1.520000     1.680000   2.089115E+001   1.709407E+000   9.491402E+000   2.847421E+000   1.918174E+001   6.643982E+000   1.253776E+001
   58601      26     1.680000     1.740000   7.400301E+000   2.203450E+000   7.375109E+000   2.212533E+000   5.196851E+000   5.162576E+000   3.427480E-002
   58601      27     1.740000     1.820000   6.859941E+000   1.944452E+000   6.716196E+000   2.014859E+000   4.915489E+000   4.701338E+000   2.141515E-001
   58601      28     1.820000     1.940000   7.844991E+000   1.362195E+000   5.829368E+000   1.748810E+000   6.482796E+000   4.080558E+000   2.402238E+000
   58601      29     1.940000     2.200000   1.524385E+001   1.089243E+000   5.107594E+000   1.532278E+000   1.415461E+001   3.575316E+000   1.057929E+001
   58601      30     2.200000     2.300000   5.897529E+000   1.702481E+000   5.815162E+000   1.744549E+000   4.195048E+000   4.070613E+000   1.244342E-001
   58601      31     2.300000     2.450000   6.412228E+000   1.923707E+000   6.410734E+000   1.923220E+000   4.488521E+000   4.487514E+000   1.006888E-003
   58601      32     2.450000     2.550000   2.808749E+000   6.418524E-001   2.495315E+000   7.485944E-001   2.166897E+000   1.746720E+000   4.201767E-001
   58601      33     2.550000     2.650000   2.466453E+000   2.900024E-001   1.310909E+000   3.932728E-001   2.176451E+000   9.176364E-001   1.258815E+000
   58601      34     2.650000     2.900000   5.107089E+000   1.257517E-002   2.012264E-001   6.036791E-002   5.094514E+000   1.408584E-001   4.953656E+000
   58601      35     2.900000     3.200000   4.829501E+000   5.281724E-001   2.880415E+000   8.641244E-001   4.301329E+000   2.016290E+000   2.285038E+000
   58601      36     3.200000     3.500000   4.479548E+000   8.590186E-001   3.826077E+000   1.147823E+000   3.620529E+000   2.678254E+000   9.422751E-001
   58601      37     3.500000     3.900000   5.317470E+000   1.198421E+000   4.801938E+000   1.440581E+000   4.119049E+000   3.361357E+000   7.576926E-001
   58601      38     3.900000     5.500000   8.889375E+000   4.803268E-001   2.455617E+000   7.366850E-001   8.409048E+000   1.718932E+000   6.690117E+000
   58601      39     5.500000     6.500000   2.171822E+000   6.329823E-001   2.150772E+000   6.452317E-001   1.538839E+000   1.505541E+000   3.329855E-002
   58601      40     6.500000     7.000000   6.459457E-001   4.547436E-002   3.632050E-001   1.089615E-001   6.004714E-001   2.542435E-001   3.462278E-001
   58601      41     7.000000     9.000000   1.525571E+000   8.726480E-002   4.879177E-001   1.463753E-001   1.438306E+000   3.415424E-001   1.096764E+000
   58601      42     9.000000    20.000000   1.633159E+000   4.591819E-002   3.354741E-001   1.006422E-001   1.587241E+000   2.348319E-001   1.352409E+000
   58701       1     0.200000     0.300000   5.582456E-006   3.540013E-006   2.917776E-006   8.753329E-007   2.042443E-006   2.042443E-006  -9.500338E-015
   58701       2     0.300000     0.345000   2.557270E-003   1.374824E-003   1.689209E-003   5.067628E-004   1.182447E-003   1.182447E-003  -8.478984E-013
   58701       3     0.345000     0.385000   2.512764E-003   1.152240E-003   1.943607E-003   5.830820E-004   1.360525E-003   1.360525E-003  -2.940259E-013
   58701       4     0.385000     0.420000   1.293223E-002   5.311610E-003   1.088660E-002   3.265979E-003   7.620618E-003   7.620618E-003  -1.510808E-012
   58701       5     0.420000     0.450000   2.349464E-002   8.965829E-003   2.075544E-002   6.226633E-003   1.452881E-002   1.452881E-002  -1.267805E-013
   58701       6     0.450000     0.500000   1.310848E-001   4.710132E-002   1.199763E-001   3.599290E-002   8.398344E-002   8.398344E-002   1.380776E-011
   58701       7     0.500000     0.550000   1.748537E-001   5.938044E-002   1.649618E-001   4.948854E-002   1.154733E-001   1.154733E-001  -4.330178E-011
   58701       8     0.550000     0.610000   2.295775E-001   7.513487E-002   2.206276E-001   6.618828E-002   1.544427E-001   1.544393E-001   3.333598E-006
   58701       9     0.610000     0.690000   5.693172E-001   1.805386E-001   5.553268E-001   1.665980E-001   3.887786E-001   3.887287E-001   4.981366E-005
   58701      10     0.690000     0.780000   2.472789E+000   7.670126E-001   2.436465E+000   7.309394E-001   1.705777E+000   1.705525E+000   2.512447E-004
   58701      11     0.780000     0.800000   1.063069E+000   3.220333E-001   1.044912E+000   3.134735E-001   7.410361E-001   7.314382E-001   9.597890E-003
   58701      12     0.800000     0.870000   5.878988E+000   1.794586E+000   5.814739E+000   1.744422E+000   4.084402E+000   4.070318E+000   1.408497E-002
   58701      13     0.870000     0.880000   8.736691E-001   2.568033E-001   8.543817E-001   2.563145E-001   6.168658E-001   5.980672E-001   1.879862E-002
   58701      14     0.880000     1.030000   2.249240E+001   6.814144E+000   2.235666E+001   6.706999E+000   1.567826E+001   1.564967E+001   2.859595E-002
   58701      15     1.030000     1.080000   9.248799E+000   2.381692E+000   8.586824E+000   2.576047E+000   6.867106E+000   6.010777E+000   8.563293E-001
   58701      16     1.080000     1.140000   1.173685E+001   3.452741E+000   1.159225E+001   3.477675E+000   8.284109E+000   8.114576E+000   1.695332E-001
   58701      17     1.140000     1.200000   1.143670E+001   3.434660E+000   1.139363E+001   3.418088E+000   8.002037E+000   7.975539E+000   2.649730E-002
   58701      18     1.200000     1.240000   8.097833E+000   8.288497E-001   4.478992E+000   1.343698E+000   7.268983E+000   3.135294E+000   4.133689E+000
   58701      19     1.240000     1.280000   7.733813E+000   2.205197E+000   7.569589E+000   2.270877E+000   5.528617E+000   5.298712E+000   2.299043E-001
   58701      20     1.280000     1.340000   1.109154E+001   2.152394E+000   8.987830E+000   2.696349E+000   8.939149E+000   6.291481E+000   2.647668E+000
   58701      21     1.340000     1.420000   1.012492E+001   2.754827E+000   9.684366E+000   2.905310E+000   7.370094E+000   6.779056E+000   5.910377E-001
   58701      22     1.420000     1.460000   4.444646E+000   3.249779E-001   1.694365E+000   5.083096E-001   4.119668E+000   1.186056E+000   2.933612E+000
   58701      23     1.460000     1.490000   3.316959E+000   9.716178E-001   3.284850E+000   9.854551E-001   2.345341E+000   2.299395E+000   4.594596E-002
   58701      24     1.490000     1.520000   3.416012E+000   7.389281E-001   2.928021E+000   8.784062E-001   2.677083E+000   2.049614E+000   6.274690E-001
   58701      25     1.520000     1.680000   2.089115E+001   1.710046E+000   9.493098E+000   2.847929E+000   1.918110E+001   6.645169E+000   1.253593E+001
   58701      26     1.680000     1.740000   7.400301E+000   2.203471E+000   7.375133E+000   2.212540E+000   5.196830E+000   5.162593E+000   3.423760E-002
   58701      27     1.740000     1.820000   6.859941E+000   1.944623E+000   6.716421E+000   2.014926E+000   4.915318E+000   4.701495E+000   2.138232E-001
   58701      28     1.820000     1.940000   7.844991E+000   1.362512E+000   5.830087E+000   1.749026E+000   6.482479E+000   4.081061E+000   2.401418E+000
   58701      29     1.940000     2.200000   1.524385E+001   1.089501E+000   5.108559E+000   1.532568E+000   1.415435E+001   3.575991E+000   1.057836E+001
   58701      30     2.200000     2.300000   5.897529E+000   1.702504E+000   5.815190E+000   1.744557E+000   4.195024E+000   4.070633E+000   1.243909E-001
   58701      31     2.300000     2.450000   6.412228E+000   1.923708E+000   6.410735E+000   1.923220E+000   4.488520E+000   4.487514E+000   1.005364E-003
   58701      32     2.450000     2.550000   2.808749E+000   6.419883E-001   2.495560E+000   7.486679E-001   2.166761E+000   1.746892E+000   4.198691E-001
   58701      33     2.550000     2.650000   2.466453E+000   2.901268E-001   1.311236E+000   3.933709E-001   2.176327E+000   9.178654E-001   1.258461E+000
   58701      34     2.650000     2.900000   5.107089E+000   1.260061E-002   2.014728E-001   6.044183E-002   5.094489E+000   1.410309E-001   4.953458E+000
   58701      35     2.900000     3.200000   4.829501E+000   5.283874E-001   2.880949E+000   8.642846E-001   4.301113E+000   2.016664E+000   2.284449E+000
   58701      36     3.200000     3.500000   4.479548E+000   8.589535E-001   3.825968E+000   1.147790E+000   3.620594E+000   2.678177E+000   9.424170E-001
   58701      37     3.500000     3.900000   5.317470E+000   1.198236E+000   4.801646E+000   1.440494E+000   4.119234E+000   3.361153E+000   7.580818E-001
   58701      38     3.900000     5.500000   8.889375E+000   4.804886E-001   2.456334E+000   7.369001E-001   8.408887E+000   1.719434E+000   6.689453E+000
   58701      39     5.500000     6.500000   2.171822E+000   6.329835E-001   2.150774E+000   6.452321E-001   1.538838E+000   1.505542E+000   3.329645E-002
   58701      40     6.500000     7.000000   6.459457E-001   4.546358E-002   3.631619E-001   1.089486E-001   6.004821E-001   2.542133E-001   3.462688E-001
   58701      41     7.000000     9.000000   1.525571E+000   8.727601E-002   4.878900E-001   1.463670E-001   1.438295E+000   3.415230E-001   1.096772E+000
   58701      42     9.000000    20.000000   1.633159E+000   4.600297E-002   3.358376E-001   1.007513E-001   1.587156E+000   2.350863E-001   1.352070E+000
   58801       1     0.200000     0.300000   5.582456E-006   3.540013E-006   2.917776E-006   8.753329E-007   2.042443E-006   2.042443E-006  -9.500338E-015
   58801       2     0.300000     0.345000   2.557270E-003   1.374824E-003   1.689209E-003   5.067628E-004   1.182447E-003   1.182447E-003  -8.478984E-013
   58801       3     0.345000     0.385000   2.512764E-003   1.152240E-003   1.943607E-003   5.830820E-004   1.360525E-003   1.360525E-003  -2.940259E-013
   58801       4     0.385000     0.420000   1.293223E-002   5.311610E-003   1.088660E-002   3.265979E-003   7.620618E-003   7.620618E-003  -2.022941E-012
   58801       5     0.420000     0.450000   2.349464E-002   8.965829E-003   2.075544E-002   6.226633E-003   1.452881E-002   1.452881E-002  -4.724780E-013
   58801       6     0.450000     0.500000   1.310848E-001   4.710132E-002   1.199763E-001   3.599290E-002   8.398344E-002   8.398344E-002   2.369707E-011
   58801       7     0.500000     0.550000   1.748537E-001   5.938044E-002   1.649618E-001   4.948854E-002   1.154733E-001   1.154733E-001  -5.682987E-011
   58801       8     0.550000     0.610000   2.295775E-001   7.513487E-002   2.206276E-001   6.618828E-002   1.544427E-001   1.544393E-001   3.333835E-006
   58801       9     0.610000     0.690000   5.693172E-001   1.805386E-001   5.553268E-001   1.665980E-001   3.887786E-001   3.887287E-001   4.981442E-005
   58801      10     0.690000     0.780000   2.472789E+000   7.670126E-001   2.436465E+000   7.309394E-001   1.705777E+000   1.705525E+000   2.512380E-004
   58801      11     0.780000     0.800000   1.063069E+000   3.220333E-001   1.044912E+000   3.134735E-001   7.410361E-001   7.314382E-001   9.597843E-003
   58801      12     0.800000     0.870000   5.878988E+000   1.794585E+000   5.814739E+000   1.744422E+000   4.084403E+000   4.070317E+000   1.408605E-002
   58801      13     0.870000     0.880000   8.736691E-001   2.568041E-001   8.543826E-001   2.563148E-001   6.168650E-001   5.980678E-001   1.879717E-002
   58801      14     0.880000     1.030000   2.249240E+001   6.814144E+000   2.235666E+001   6.706999E+000   1.567826E+001   1.564967E+001   2.859582E-002
   58801      15     1.030000     1.080000   9.248799E+000   2.381705E+000   8.586836E+000   2.576051E+000   6.867094E+000   6.010785E+000   8.563088E-001
   58801      16     1.080000     1.140000   1.173685E+001   3.452741E+000   1.159225E+001   3.477676E+000   8.284108E+000   8.114576E+000   1.695320E-001
   58801      17     1.140000     1.200000   1.143670E+001   3.434661E+000   1.139363E+001   3.418088E+000   8.002036E+000   7.975540E+000   2.649636E-002
   58801      18     1.200000     1.240000   8.097833E+000   8.290625E-001   4.479451E+000   1.343835E+000   7.268770E+000   3.135616E+000   4.133155E+000
   58801      19     1.240000     1.280000   7.733813E+000   2.205212E+000   7.569607E+000   2.270882E+000   5.528601E+000   5.298725E+000   2.298767E-001
   58801      20     1.280000     1.340000   1.109154E+001   2.152468E+000   8.987921E+000   2.696376E+000   8.939075E+000   6.291545E+000   2.647530E+000
   58801      21     1.340000     1.420000   1.012492E+001   2.754870E+000   9.684418E+000   2.905326E+000   7.370051E+000   6.779093E+000   5.909579E-001
   58801      22     1.420000     1.460000   4.444646E+000   3.250975E-001   1.694796E+000   5.084388E-001   4.119548E+000   1.186357E+000   2.933191E+000
   58801      23     1.460000     1.490000   3.316959E+000   9.716709E-001   3.284912E+000   9.854736E-001   2.345288E+000   2.299438E+000   4.584962E-002
   58801      24     1.490000     1.520000   3.416012E+000   7.389688E-001   2.928077E+000   8.784232E-001   2.677043E+000   2.049654E+000   6.273887E-001
   58801      25     1.520000     1.680000   2.089115E+001   1.710682E+000   9.494784E+000   2.848435E+000   1.918047E+001   6.646349E+000   1.253412E+001
   58801      26     1.680000     1.740000   7.400301E+000   2.203492E+000   7.375156E+000   2.212547E+000   5.196810E+000   5.162609E+000   3.420065E-002
   58801      27     1.740000     1.820000   6.859941E+000   1.944794E+000   6.716644E+000   2.014993E+000   4.915148E+000   4.701651E+000   2.134969E-001
   58801      28     1.820000     1.940000   7.844991E+000   1.362827E+000   5.830801E+000   1.749240E+000   6.482164E+000   4.081561E+000   2.400604E+000
   58801      29     1.940000     2.200000   1.524385E+001   1.089758E+000   5.109518E+000   1.532855E+000   1.415409E+001   3.576663E+000   1.057743E+001
   58801      30     2.200000     2.300000   5.897529E+000   1.702528E+000   5.815219E+000   1.744566E+000   4.195001E+000   4.070653E+000   1.243479E-001
   58801      31     2.300000     2.450000   6.412228E+000   1.923709E+000   6.410736E+000   1.923221E+000   4.488519E+000   4.487515E+000   1.003850E-003
   58801      32     2.450000     2.550000   2.808749E+000   6.421234E-001   2.495804E+000   7.487411E-001   2.166626E+000   1.747063E+000   4.195633E-001
   58801      33     2.550000     2.650000   2.466453E+000   2.902506E-001   1.311562E+000   3.934685E-001   2.176203E+000   9.180932E-001   1.258110E+000
   58801      34     2.650000     2.900000   5.107089E+000   1.262595E-002   2.017181E-001   6.051542E-002   5.094463E+000   1.412027E-001   4.953261E+000
   58801      35     2.900000     3.200000   4.829501E+000   5.286012E-001   2.881479E+000   8.644437E-001   4.300900E+000   2.017035E+000   2.283864E+000
   58801      36     3.200000     3.500000   4.479548E+000   8.588888E-001   3.825859E+000   1.147758E+000   3.620659E+000   2.678101E+000   9.425580E-001
   58801      37     3.500000     3.900000   5.317470E+000   1.198052E+000   4.801357E+000   1.440407E+000   4.119418E+000   3.360950E+000   7.584685E-001
   58801      38     3.900000     5.500000   8.889375E+000   4.806497E-001   2.457047E+000   7.371141E-001   8.408726E+000   1.719933E+000   6.688793E+000
   58801      39     5.500000     6.500000   2.171822E+000   6.329847E-001   2.150775E+000   6.452325E-001   1.538837E+000   1.505543E+000   3.329437E-002
   58801      40     6.500000     7.000000   6.459457E-001   4.545288E-002   3.631190E-001   1.089357E-001   6.004929E-001   2.541833E-001   3.463095E-001
   58801      41     7.000000     9.000000   1.525571E+000   8.728713E-002   4.878625E-001   1.463588E-001   1.438284E+000   3.415038E-001   1.096780E+000
   58801      42     9.000000    20.000000   1.633159E+000   4.608748E-002   3.361997E-001   1.008599E-001   1.587071E+000   2.353398E-001   1.351732E+000
   58901       1     0.200000     0.300000   5.582456E-006   3.540013E-006   2.917776E-006   8.753329E-007   2.042443E-006   2.042443E-006  -9.500338E-015
   58901       2     0.300000     0.345000   2.557270E-003   1.374824E-003   1.689209E-003   5.067628E-004   1.182447E-003   1.182447E-003  -8.478984E-013
   58901       3     0.345000     0.385000   2.512764E-003   1.152240E-003   1.943607E-003   5.830820E-004   1.360525E-003   1.360525E-003  -2.940259E-013
   58901       4     0.385000     0.420000   1.293223E-002   5.311610E-003   1.088660E-002   3.265979E-003   7.620618E-003   7.620618E-003  -2.022941E-012
   58901       5     0.420000     0.450000   2.349464E-002   8.965829E-003   2.075544E-002   6.226633E-003   1.452881E-002   1.452881E-002   7.427895E-013
   58901       6     0.450000     0.500000   1.310848E-001   4.710132E-002   1.199763E-001   3.599290E-002   8.398344E-002   8.398344E-002   1.854024E-011
   58901       7     0.500000     0.550000   1.748537E-001   5.938044E-002   1.649618E-001   4.948854E-002   1.154733E-001   1.154733E-001  -6.280866E-011
   58901       8     0.550000     0.610000   2.295775E-001   7.513487E-002   2.206276E-001   6.618828E-002   1.544427E-001   1.544393E-001   3.334072E-006
   58901       9     0.610000     0.690000   5.693172E-001   1.805386E-001   5.553268E-001   1.665980E-001   3.887786E-001   3.887287E-001   4.981517E-005
   58901      10     0.690000     0.780000   2.472789E+000   7.670126E-001   2.436465E+000   7.309394E-001   1.705777E+000   1.705525E+000   2.512313E-004
   58901      11     0.780000     0.800000   1.063069E+000   3.220334E-001   1.044912E+000   3.134735E-001   7.410361E-001   7.314383E-001   9.597796E-003
   58901      12     0.800000     0.870000   5.878988E+000   1.794585E+000   5.814738E+000   1.744421E+000   4.084404E+000   4.070316E+000   1.408712E-002
   58901      13     0.870000     0.880000   8.736691E-001   2.568049E-001   8.543835E-001   2.563150E-001   6.168642E-001   5.980684E-001   1.879573E-002
   58901      14     0.880000     1.030000   2.249240E+001   6.814144E+000   2.235666E+001   6.706999E+000   1.567826E+001   1.564967E+001   2.859570E-002
   58901      15     1.030000     1.080000   9.248799E+000   2.381718E+000   8.586847E+000   2.576054E+000   6.867081E+000   6.010793E+000   8.562884E-001
   58901      16     1.080000     1.140000   1.173685E+001   3.452742E+000   1.159225E+001   3.477676E+000   8.284108E+000   8.114577E+000   1.695309E-001
   58901      17     1.140000     1.200000   1.143670E+001   3.434661E+000   1.139363E+001   3.418089E+000   8.002036E+000   7.975540E+000   2.649542E-002
   58901      18     1.200000     1.240000   8.097833E+000   8.292740E-001   4.479907E+000   1.343972E+000   7.268559E+000   3.135935E+000   4.132624E+000
   58901      19     1.240000     1.280000   7.733813E+000   2.205227E+000   7.569624E+000   2.270887E+000   5.528586E+000   5.298737E+000   2.298493E-001
   58901      20     1.280000     1.340000   1.109154E+001   2.152541E+000   8.988011E+000   2.696403E+000   8.939001E+000   6.291608E+000   2.647394E+000
   58901      21     1.340000     1.420000   1.012492E+001   2.754913E+000   9.684471E+000   2.905341E+000   7.370008E+000   6.779130E+000   5.908786E-001
   58901      22     1.420000     1.460000   4.444646E+000   3.252165E-001   1.695224E+000   5.085673E-001   4.119429E+000   1.186657E+000   2.932772E+000
   58901      23     1.460000     1.490000   3.316959E+000   9.717236E-001   3.284973E+000   9.854920E-001   2.345235E+000   2.299481E+000   4.575390E-002
   58901      24     1.490000     1.520000   3.416012E+000   7.390092E-001   2.928133E+000   8.784400E-001   2.677002E+000   2.049693E+000   6.273090E-001
   58901      25     1.520000     1.680000   2.089115E+001   1.711314E+000   9.496459E+000   2.848938E+000   1.917983E+001   6.647521E+000   1.253231E+001
   58901      26     1.680000     1.740000   7.400301E+000   2.203512E+000   7.375179E+000   2.212554E+000   5.196789E+000   5.162625E+000   3.416395E-002
   58901      27     1.740000     1.820000   6.859941E+000   1.944963E+000   6.716866E+000   2.015060E+000   4.914979E+000   4.701806E+000   2.131727E-001
   58901      28     1.820000     1.940000   7.844991E+000   1.363140E+000   5.831511E+000   1.749453E+000   6.481851E+000   4.082058E+000   2.399794E+000
   58901      29     1.940000     2.200000   1.524385E+001   1.090013E+000   5.110472E+000   1.533142E+000   1.415384E+001   3.577331E+000   1.057651E+001
   58901      30     2.200000     2.300000   5.897529E+000   1.702551E+000   5.815246E+000   1.744574E+000   4.194978E+000   4.070673E+000   1.243052E-001
   58901      31     2.300000     2.450000   6.412228E+000   1.923710E+000   6.410737E+000   1.923221E+000   4.488518E+000   4.487516E+000   1.002346E-003
   58901      32     2.450000     2.550000   2.808749E+000   6.422578E-001   2.496046E+000   7.488138E-001   2.166491E+000   1.747232E+000   4.192593E-001
   58901      33     2.550000     2.650000   2.466453E+000   2.903738E-001   1.311885E+000   3.935655E-001   2.176080E+000   9.183196E-001   1.257760E+000
   58901      34     2.650000     2.900000   5.107089E+000   1.265122E-002   2.019623E-001   6.058870E-002   5.094438E+000   1.413736E-001   4.953064E+000
   58901      35     2.900000     3.200000   4.829501E+000   5.288137E-001   2.882006E+000   8.646019E-001   4.300687E+000   2.017404E+000   2.283283E+000
   58901      36     3.200000     3.500000   4.479548E+000   8.588245E-001   3.825750E+000   1.147725E+000   3.620723E+000   2.678025E+000   9.426981E-001
   58901      37     3.500000     3.900000   5.317470E+000   1.197867E+000   4.801064E+000   1.440319E+000   4.119604E+000   3.360745E+000   7.588586E-001
   58901      38     3.900000     5.500000   8.889375E+000   4.808099E-001   2.457756E+000   7.373269E-001   8.408565E+000   1.720429E+000   6.688136E+000
   58901      39     5.500000     6.500000   2.171822E+000   6.329858E-001   2.150776E+000   6.452329E-001   1.538836E+000   1.505543E+000   3.329231E-002
   58901      40     6.500000     7.000000   6.459457E-001   4.544224E-002   3.630764E-001   1.089229E-001   6.005035E-001   2.541535E-001   3.463500E-001
   58901      41     7.000000     9.000000   1.525571E+000   8.729817E-002   4.878353E-001   1.463506E-001   1.438273E+000   3.414847E-001   1.096788E+000
   58901      42     9.000000    20.000000   1.633159E+000   4.617172E-002   3.365603E-001   1.009681E-001   1.586987E+000   2.355922E-001   1.351395E+000
   59001       1     0.200000     0.300000   5.582456E-006   3.540013E-006   2.917776E-006   8.753329E-007   2.042443E-006   2.042443E-006  -9.500338E-015
   59001       2     0.300000     0.345000   2.557270E-003   1.374824E-003   1.689209E-003   5.067628E-004   1.182447E-003   1.182447E-003  -8.478984E-013
   59001       3     0.345000     0.385000   2.512764E-003   1.152240E-003   1.943607E-003   5.830820E-004   1.360525E-003   1.360525E-003  -2.940259E-013
   59001       4     0.385000     0.420000   1.293223E-002   5.311610E-003   1.088660E-002   3.265979E-003   7.620618E-003   7.620618E-003  -2.022941E-012
   59001       5     0.420000     0.450000   2.349464E-002   8.965829E-003   2.075544E-002   6.226633E-003   1.452881E-002   1.452881E-002  -2.539711E-012
   59001       6     0.450000     0.500000   1.310848E-001   4.710132E-002   1.199763E-001   3.599290E-002   8.398344E-002   8.398344E-002   1.019398E-011
   59001       7     0.500000     0.550000   1.748537E-001   5.938044E-002   1.649618E-001   4.948854E-002   1.154733E-001   1.154733E-001  -6.475512E-011
   59001       8     0.550000     0.610000   2.295775E-001   7.513487E-002   2.206276E-001   6.618828E-002   1.544427E-001   1.544393E-001   3.334307E-006
   59001       9     0.610000     0.690000   5.693172E-001   1.805386E-001   5.553268E-001   1.665980E-001   3.887786E-001   3.887287E-001   4.981592E-005
   59001      10     0.690000     0.780000   2.472789E+000   7.670126E-001   2.436465E+000   7.309394E-001   1.705777E+000   1.705525E+000   2.512246E-004
   59001      11     0.780000     0.800000   1.063069E+000   3.220334E-001   1.044912E+000   3.134735E-001   7.410360E-001   7.314383E-001   9.597750E-003
   59001      12     0.800000     0.870000   5.878988E+000   1.794584E+000   5.814737E+000   1.744421E+000   4.084404E+000   4.070316E+000   1.408818E-002
   59001      13     0.870000     0.880000   8.736691E-001   2.568057E-001   8.543844E-001   2.563153E-001   6.168634E-001   5.980691E-001   1.879430E-002
   59001      14     0.880000     1.030000   2.249240E+001   6.814144E+000   2.235666E+001   6.706999E+000   1.567826E+001   1.564967E+001   2.859558E-002
   59001      15     1.030000     1.080000   9.248799E+000   2.381730E+000   8.586858E+000   2.576057E+000   6.867069E+000   6.010800E+000   8.562682E-001
   59001      16     1.080000     1.140000   1.173685E+001   3.452743E+000   1.159225E+001   3.477676E+000   8.284107E+000   8.114577E+000   1.695298E-001
   59001      17     1.140000     1.200000   1.143670E+001   3.434662E+000   1.139363E+001   3.418089E+000   8.002035E+000   7.975541E+000   2.649449E-002
   59001      18     1.200000     1.240000   8.097833E+000   8.294842E-001   4.480360E+000   1.344108E+000   7.268348E+000   3.136252E+000   4.132097E+000
   59001      19     1.240000     1.280000   7.733813E+000   2.205243E+000   7.569641E+000   2.270892E+000   5.528571E+000   5.298749E+000   2.298221E-001
   59001      20     1.280000     1.340000   1.109154E+001   2.152615E+000   8.988101E+000   2.696430E+000   8.938928E+000   6.291670E+000   2.647258E+000
   59001      21     1.340000     1.420000   1.012492E+001   2.754955E+000   9.684523E+000   2.905357E+000   7.369966E+000   6.779166E+000   5.907998E-001
   59001      22     1.420000     1.460000   4.444646E+000   3.253348E-001   1.695650E+000   5.086951E-001   4.119311E+000   1.186955E+000   2.932356E+000
   59001      23     1.460000     1.490000   3.316959E+000   9.717761E-001   3.285034E+000   9.855103E-001   2.345183E+000   2.299524E+000   4.565879E-002
   59001      24     1.490000     1.520000   3.416012E+000   7.390493E-001   2.928189E+000   8.784568E-001   2.676962E+000   2.049733E+000   6.272297E-001
   59001      25     1.520000     1.680000   2.089115E+001   1.711942E+000   9.498124E+000   2.849437E+000   1.917921E+001   6.648687E+000   1.253052E+001
   59001      26     1.680000     1.740000   7.400301E+000   2.203532E+000   7.375202E+000   2.212561E+000   5.196769E+000   5.162641E+000   3.412748E-002
   59001      27     1.740000     1.820000   6.859941E+000   1.945131E+000   6.717086E+000   2.015126E+000   4.914810E+000   4.701960E+000   2.128504E-001
   59001      28     1.820000     1.940000   7.844991E+000   1.363451E+000   5.832217E+000   1.749665E+000   6.481540E+000   4.082552E+000   2.398989E+000
   59001      29     1.940000     2.200000   1.524385E+001   1.090267E+000   5.111422E+000   1.533426E+000   1.415358E+001   3.577995E+000   1.057559E+001
   59001      30     2.200000     2.300000   5.897529E+000   1.702574E+000   5.815274E+000   1.744582E+000   4.194955E+000   4.070692E+000   1.242627E-001
   59001      31     2.300000     2.450000   6.412228E+000   1.923711E+000   6.410738E+000   1.923221E+000   4.488517E+000   4.487516E+000   1.000851E-003
   59001      32     2.450000     2.550000   2.808749E+000   6.423913E-001   2.496287E+000   7.488861E-001   2.166358E+000   1.747401E+000   4.189571E-001
   59001      33     2.550000     2.650000   2.466453E+000   2.904964E-001   1.312207E+000   3.936620E-001   2.175957E+000   9.185448E-001   1.257412E+000
   59001      34     2.650000     2.900000   5.107089E+000   1.267640E-002   2.022055E-001   6.066166E-002   5.094413E+000   1.415439E-001   4.952869E+000
   59001      35     2.900000     3.200000   4.829501E+000   5.290249E-001   2.882530E+000   8.647591E-001   4.300476E+000   2.017771E+000   2.282705E+000
   59001      36     3.200000     3.500000   4.479548E+000   8.587605E-001   3.825643E+000   1.147693E+000   3.620787E+000   2.677950E+000   9.428375E-001
   59001      37     3.500000     3.900000   5.317470E+000   1.197682E+000   4.800774E+000   1.440232E+000   4.119788E+000   3.360542E+000   7.592464E-001
   59001      38     3.900000     5.500000   8.889375E+000   4.809695E-001   2.458462E+000   7.375387E-001   8.408406E+000   1.720924E+000   6.687482E+000
   59001      39     5.500000     6.500000   2.171822E+000   6.329870E-001   2.150778E+000   6.452333E-001   1.538835E+000   1.505544E+000   3.329027E-002
   59001      40     6.500000     7.000000   6.459457E-001   4.543167E-002   3.630341E-001   1.089102E-001   6.005141E-001   2.541239E-001   3.463902E-001
   59001      41     7.000000     9.000000   1.525571E+000   8.730913E-002   4.878082E-001   1.463425E-001   1.438262E+000   3.414657E-001   1.096796E+000
   59001      42     9.000000    20.000000   1.633159E+000   4.625570E-002   3.369194E-001   1.010758E-001   1.586903E+000   2.358436E-001   1.351060E+000
   59101       1     0.200000     0.300000   5.582456E-006   3.540013E-006   2.917776E-006   8.753329E-007   2.042443E-006   2.042443E-006  -9.500338E-015
   59101       2     0.300000     0.345000   2.557270E-003   1.374824E-003   1.689209E-003   5.067628E-004   1.182447E-003   1.182447E-003  -8.478984E-013
   59101       3     0.345000     0.385000   2.512764E-003   1.152240E-003   1.943607E-003   5.830820E-004   1.360525E-003   1.360525E-003  -2.940259E-013
   59101       4     0.385000     0.420000   1.293223E-002   5.311610E-003   1.088660E-002   3.265979E-003   7.620618E-003   7.620618E-003  -2.398035E-012
   59101       5     0.420000     0.450000   2.349464E-002   8.965829E-003   2.075544E-002   6.226633E-003   1.452881E-002   1.452881E-002  -3.349997E-012
   59101       6     0.450000     0.500000   1.310848E-001   4.710132E-002   1.199763E-001   3.599290E-002   8.398344E-002   8.398344E-002   1.971909E-011
   59101       7     0.500000     0.550000   1.748537E-001   5.938044E-002   1.649618E-001   4.948854E-002   1.154733E-001   1.154733E-001  -6.627834E-011
   59101       8     0.550000     0.610000   2.295775E-001   7.513487E-002   2.206276E-001   6.618828E-002   1.544427E-001   1.544393E-001   3.334540E-006
   59101       9     0.610000     0.690000   5.693172E-001   1.805386E-001   5.553268E-001   1.665980E-001   3.887786E-001   3.887287E-001   4.981666E-005
   59101      10     0.690000     0.780000   2.472789E+000   7.670126E-001   2.436465E+000   7.309394E-001   1.705777E+000   1.705525E+000   2.512179E-004
   59101      11     0.780000     0.800000   1.063069E+000   3.220334E-001   1.044912E+000   3.134736E-001   7.410360E-001   7.314383E-001   9.597704E-003
   59101      12     0.800000     0.870000   5.878988E+000   1.794584E+000   5.814736E+000   1.744421E+000   4.084405E+000   4.070315E+000   1.408924E-002
   59101      13     0.870000     0.880000   8.736691E-001   2.568065E-001   8.543853E-001   2.563156E-001   6.168626E-001   5.980697E-001   1.879288E-002
   59101      14     0.880000     1.030000   2.249240E+001   6.814144E+000   2.235666E+001   6.706999E+000   1.567826E+001   1.564967E+001   2.859546E-002
   59101      15     1.030000     1.080000   9.248799E+000   2.381743E+000   8.586869E+000   2.576061E+000   6.867056E+000   6.010808E+000   8.562480E-001
   59101      16     1.080000     1.140000   1.173685E+001   3.452744E+000   1.159225E+001   3.477676E+000   8.284106E+000   8.114578E+000   1.695287E-001
   59101      17     1.140000     1.200000   1.143670E+001   3.434662E+000   1.139363E+001   3.418089E+000   8.002035E+000   7.975541E+000   2.649356E-002
   59101      18     1.200000     1.240000   8.097833E+000   8.296932E-001   4.480810E+000   1.344243E+000   7.268140E+000   3.136567E+000   4.131573E+000
   59101      19     1.240000     1.280000   7.733813E+000   2.205258E+000   7.569658E+000   2.270897E+000   5.528556E+000   5.298761E+000   2.297951E-001
   59101      20     1.280000     1.340000   1.109154E+001   2.152687E+000   8.988190E+000   2.696457E+000   8.938855E+000   6.291733E+000   2.647123E+000
   59101      21     1.340000     1.420000   1.012492E+001   2.754997E+000   9.684575E+000   2.905373E+000   7.369924E+000   6.779203E+000   5.907215E-001
   59101      22     1.420000     1.460000   4.444646E+000   3.254527E-001   1.696074E+000   5.088223E-001   4.119193E+000   1.187252E+000   2.931941E+000
   59101      23     1.460000     1.490000   3.316959E+000   9.718282E-001   3.285095E+000   9.855285E-001   2.345131E+000   2.299566E+000   4.556428E-002
   59101      24     1.490000     1.520000   3.416012E+000   7.390892E-001   2.928245E+000   8.784735E-001   2.676922E+000   2.049771E+000   6.271509E-001
   59101      25     1.520000     1.680000   2.089115E+001   1.712567E+000   9.499779E+000   2.849934E+000   1.917858E+001   6.649845E+000   1.252874E+001
   59101      26     1.680000     1.740000   7.400301E+000   2.203553E+000   7.375225E+000   2.212567E+000   5.196749E+000   5.162657E+000   3.409124E-002
   59101      27     1.740000     1.820000   6.859941E+000   1.945298E+000   6.717305E+000   2.015191E+000   4.914643E+000   4.702113E+000   2.125301E-001
   59101      28     1.820000     1.940000   7.844991E+000   1.363760E+000   5.832918E+000   1.749876E+000   6.481231E+000   4.083043E+000   2.398188E+000
   59101      29     1.940000     2.200000   1.524385E+001   1.090519E+000   5.112366E+000   1.533710E+000   1.415333E+001   3.578656E+000   1.057467E+001
   59101      30     2.200000     2.300000   5.897529E+000   1.702597E+000   5.815302E+000   1.744591E+000   4.194932E+000   4.070711E+000   1.242205E-001
   59101      31     2.300000     2.450000   6.412228E+000   1.923712E+000   6.410739E+000   1.923222E+000   4.488516E+000   4.487517E+000   9.993668E-004
   59101      32     2.450000     2.550000   2.808749E+000   6.425242E-001   2.496526E+000   7.489579E-001   2.166225E+000   1.747568E+000   4.186566E-001
   59101      33     2.550000     2.650000   2.466453E+000   2.906184E-001   1.312527E+000   3.937580E-001   2.175835E+000   9.187688E-001   1.257066E+000
   59101      34     2.650000     2.900000   5.107089E+000   1.270151E-002   2.024478E-001   6.073433E-002   5.094388E+000   1.417134E-001   4.952674E+000
   59101      35     2.900000     3.200000   4.829501E+000   5.292349E-001   2.883051E+000   8.649154E-001   4.300266E+000   2.018136E+000   2.282130E+000
   59101      36     3.200000     3.500000   4.479548E+000   8.586970E-001   3.825536E+000   1.147661E+000   3.620851E+000   2.677875E+000   9.429760E-001
   59101      37     3.500000     3.900000   5.317470E+000   1.197499E+000   4.800485E+000   1.440146E+000   4.119971E+000   3.360340E+000   7.596318E-001
   59101      38     3.900000     5.500000   8.889375E+000   4.811285E-001   2.459165E+000   7.377494E-001   8.408247E+000   1.721415E+000   6.686831E+000
   59101      39     5.500000     6.500000   2.171822E+000   6.329881E-001   2.150779E+000   6.452337E-001   1.538833E+000   1.505545E+000   3.328824E-002
   59101      40     6.500000     7.000000   6.459457E-001   4.542117E-002   3.629920E-001   1.088976E-001   6.005246E-001   2.540944E-001   3.464302E-001
   59101      41     7.000000     9.000000   1.525571E+000   8.732000E-002   4.877813E-001   1.463344E-001   1.438251E+000   3.414469E-001   1.096804E+000
   59101      42     9.000000    20.000000   1.633159E+000   4.633944E-002   3.372773E-001   1.011832E-001   1.586819E+000   2.360941E-001   1.350725E+000
   59201       1     0.200000     0.300000   5.582456E-006   3.540013E-006   2.917776E-006   8.753329E-007   2.042443E-006   2.042443E-006  -9.500338E-015
   59201       2     0.300000     0.345000   2.557270E-003   1.374824E-003   1.689209E-003   5.067628E-004   1.182447E-003   1.182447E-003  -8.478984E-013
   59201       3     0.345000     0.385000   2.512764E-003   1.152240E-003   1.943607E-003   5.830820E-004   1.360525E-003   1.360525E-003  -2.940259E-013
   59201       4     0.385000     0.420000   1.293223E-002   5.311610E-003   1.088660E-002   3.265979E-003   7.620618E-003   7.620618E-003  -2.398035E-012
   59201       5     0.420000     0.450000   2.349464E-002   8.965829E-003   2.075544E-002   6.226633E-003   1.452881E-002   1.452881E-002  -3.788424E-012
   59201       6     0.450000     0.500000   1.310848E-001   4.710132E-002   1.199763E-001   3.599290E-002   8.398344E-002   8.398344E-002   1.636408E-011
   59201       7     0.500000     0.550000   1.748537E-001   5.938044E-002   1.649618E-001   4.948854E-002   1.154733E-001   1.154733E-001  -5.962320E-011
   59201       8     0.550000     0.610000   2.295775E-001   7.513487E-002   2.206276E-001   6.618828E-002   1.544427E-001   1.544393E-001   3.334772E-006
   59201       9     0.610000     0.690000   5.693172E-001   1.805386E-001   5.553268E-001   1.665980E-001   3.887786E-001   3.887287E-001   4.981740E-005
   59201      10     0.690000     0.780000   2.472789E+000   7.670126E-001   2.436465E+000   7.309394E-001   1.705777E+000   1.705525E+000   2.512114E-004
   59201      11     0.780000     0.800000   1.063069E+000   3.220334E-001   1.044912E+000   3.134736E-001   7.410360E-001   7.314383E-001   9.597658E-003
   59201      12     0.800000     0.870000   5.878988E+000   1.794583E+000   5.814736E+000   1.744421E+000   4.084405E+000   4.070315E+000   1.409029E-002
   59201      13     0.870000     0.880000   8.736691E-001   2.568073E-001   8.543862E-001   2.563159E-001   6.168618E-001   5.980703E-001   1.879146E-002
   59201      14     0.880000     1.030000   2.249240E+001   6.814144E+000   2.235666E+001   6.706999E+000   1.567826E+001   1.564967E+001   2.859534E-002
   59201      15     1.030000     1.080000   9.248799E+000   2.381755E+000   8.586880E+000   2.576064E+000   6.867044E+000   6.010816E+000   8.562281E-001
   59201      16     1.080000     1.140000   1.173685E+001   3.452744E+000   1.159225E+001   3.477676E+000   8.284106E+000   8.114578E+000   1.695276E-001
   59201      17     1.140000     1.200000   1.143670E+001   3.434663E+000   1.139363E+001   3.418089E+000   8.002034E+000   7.975541E+000   2.649264E-002
   59201      18     1.200000     1.240000   8.097833E+000   8.299010E-001   4.481257E+000   1.344377E+000   7.267932E+000   3.136880E+000   4.131052E+000
   59201      19     1.240000     1.280000   7.733813E+000   2.205273E+000   7.569675E+000   2.270903E+000   5.528541E+000   5.298773E+000   2.297682E-001
   59201      20     1.280000     1.340000   1.109154E+001   2.152760E+000   8.988278E+000   2.696483E+000   8.938783E+000   6.291795E+000   2.646989E+000
   59201      21     1.340000     1.420000   1.012492E+001   2.755039E+000   9.684627E+000   2.905388E+000   7.369882E+000   6.779239E+000   5.906437E-001
   59201      22     1.420000     1.460000   4.444646E+000   3.255699E-001   1.696496E+000   5.089487E-001   4.119076E+000   1.187547E+000   2.931529E+000
   59201      23     1.460000     1.490000   3.316959E+000   9.718799E-001   3.285155E+000   9.855466E-001   2.345079E+000   2.299609E+000   4.547035E-002
   59201      24     1.490000     1.520000   3.416012E+000   7.391288E-001   2.928300E+000   8.784901E-001   2.676883E+000   2.049810E+000   6.270727E-001
   59201      25     1.520000     1.680000   2.089115E+001   1.713188E+000   9.501424E+000   2.850427E+000   1.917796E+001   6.650997E+000   1.252696E+001
   59201      26     1.680000     1.740000   7.400301E+000   2.203573E+000   7.375248E+000   2.212574E+000   5.196728E+000   5.162673E+000   3.405524E-002
   59201      27     1.740000     1.820000   6.859941E+000   1.945464E+000   6.717522E+000   2.015257E+000   4.914477E+000   4.702266E+000   2.122116E-001
   59201      28     1.820000     1.940000   7.844991E+000   1.364068E+000   5.833616E+000   1.750085E+000   6.480923E+000   4.083531E+000   2.397392E+000
   59201      29     1.940000     2.200000   1.524385E+001   1.090770E+000   5.113305E+000   1.533991E+000   1.415308E+001   3.579313E+000   1.057377E+001
   59201      30     2.200000     2.300000   5.897529E+000   1.702620E+000   5.815329E+000   1.744599E+000   4.194909E+000   4.070730E+000   1.241786E-001
   59201      31     2.300000     2.450000   6.412228E+000   1.923712E+000   6.410739E+000   1.923222E+000   4.488516E+000   4.487518E+000   9.978916E-004
   59201      32     2.450000     2.550000   2.808749E+000   6.426563E-001   2.496765E+000   7.490294E-001   2.166093E+000   1.747735E+000   4.183578E-001
   59201      33     2.550000     2.650000   2.466453E+000   2.907398E-001   1.312845E+000   3.938535E-001   2.175713E+000   9.189915E-001   1.256722E+000
   59201      34     2.650000     2.900000   5.107089E+000   1.272655E-002   2.026890E-001   6.080671E-002   5.094363E+000   1.418823E-001   4.952480E+000
   59201      35     2.900000     3.200000   4.829501E+000   5.294438E-001   2.883569E+000   8.650707E-001   4.300057E+000   2.018498E+000   2.281559E+000
   59201      36     3.200000     3.500000   4.479548E+000   8.586338E-001   3.825429E+000   1.147629E+000   3.620914E+000   2.677800E+000   9.431137E-001
   59201      37     3.500000     3.900000   5.317470E+000   1.197317E+000   4.800198E+000   1.440059E+000   4.120153E+000   3.360139E+000   7.600148E-001
   59201      38     3.900000     5.500000   8.889375E+000   4.812869E-001   2.459864E+000   7.379591E-001   8.408088E+000   1.721905E+000   6.686184E+000
   59201      39     5.500000     6.500000   2.171822E+000   6.329893E-001   2.150780E+000   6.452340E-001   1.538832E+000   1.505546E+000   3.328623E-002
   59201      40     6.500000     7.000000   6.459457E-001   4.541073E-002   3.629502E-001   1.088851E-001   6.005350E-001   2.540651E-001   3.464699E-001
   59201      41     7.000000     9.000000   1.525571E+000   8.733080E-002   4.877546E-001   1.463264E-001   1.438240E+000   3.414282E-001   1.096812E+000
   59201      42     9.000000    20.000000   1.633159E+000   4.642293E-002   3.376338E-001   1.012901E-001   1.586736E+000   2.363437E-001   1.350392E+000
   59301       1     0.200000     0.300000   5.582456E-006   3.540013E-006   2.917776E-006   8.753329E-007   2.042443E-006   2.042443E-006  -9.500338E-015
   59301       2     0.300000     0.345000   2.557270E-003   1.374824E-003   1.689209E-003   5.067628E-004   1.182447E-003   1.182447E-003  -8.478984E-013
   59301       3     0.345000     0.385000   2.512764E-003   1.152240E-003   1.943607E-003   5.830820E-004   1.360525E-003   1.360525E-003  -2.940259E-013
   59301       4     0.385000     0.420000   1.293223E-002   5.311610E-003   1.088660E-002   3.265979E-003   7.620618E-003   7.620618E-003  -2.398035E-012
   59301       5     0.420000     0.450000   2.349464E-002   8.965829E-003   2.075544E-002   6.226633E-003   1.452881E-002   1.452881E-002   7.710117E-013
   59301       6     0.450000     0.500000   1.310848E-001   4.710132E-002   1.199763E-001   3.599290E-002   8.398344E-002   8.398344E-002   2.191819E-011
   59301       7     0.500000     0.550000   1.748537E-001   5.938044E-002   1.649618E-001   4.948854E-002   1.154733E-001   1.154733E-001  -6.998879E-011
   59301       8     0.550000     0.610000   2.295775E-001   7.513487E-002   2.206276E-001   6.618828E-002   1.544427E-001   1.544393E-001   3.335002E-006
   59301       9     0.610000     0.690000   5.693172E-001   1.805386E-001   5.553268E-001   1.665980E-001   3.887786E-001   3.887287E-001   4.981813E-005
   59301      10     0.690000     0.780000   2.472789E+000   7.670126E-001   2.436465E+000   7.309394E-001   1.705777E+000   1.705525E+000   2.512048E-004
   59301      11     0.780000     0.800000   1.063069E+000   3.220335E-001   1.044912E+000   3.134736E-001   7.410359E-001   7.314383E-001   9.597612E-003
   59301      12     0.800000     0.870000   5.878988E+000   1.794583E+000   5.814735E+000   1.744420E+000   4.084406E+000   4.070314E+000   1.409133E-002
   59301      13     0.870000     0.880000   8.736691E-001   2.568080E-001   8.543871E-001   2.563161E-001   6.168610E-001   5.980710E-001   1.879006E-002
   59301      14     0.880000     1.030000   2.249240E+001   6.814144E+000   2.235666E+001   6.706999E+000   1.567826E+001   1.564967E+001   2.859522E-002
   59301      15     1.030000     1.080000   9.248799E+000   2.381767E+000   8.586890E+000   2.576067E+000   6.867032E+000   6.010823E+000   8.562082E-001
   59301      16     1.080000     1.140000   1.173685E+001   3.452745E+000   1.159226E+001   3.477677E+000   8.284105E+000   8.114579E+000   1.695265E-001
   59301      17     1.140000     1.200000   1.143670E+001   3.434663E+000   1.139363E+001   3.418089E+000   8.002034E+000   7.975542E+000   2.649173E-002
   59301      18     1.200000     1.240000   8.097833E+000   8.301074E-001   4.481702E+000   1.344511E+000   7.267725E+000   3.137191E+000   4.130534E+000
   59301      19     1.240000     1.280000   7.733813E+000   2.205287E+000   7.569692E+000   2.270908E+000   5.528526E+000   5.298784E+000   2.297416E-001
   59301      20     1.280000     1.340000   1.109154E+001   2.152831E+000   8.988366E+000   2.696510E+000   8.938711E+000   6.291856E+000   2.646855E+000
   59301      21     1.340000     1.420000   1.012492E+001   2.755080E+000   9.684678E+000   2.905403E+000   7.369841E+000   6.779274E+000   5.905664E-001
   59301      22     1.420000     1.460000   4.444646E+000   3.256865E-001   1.696915E+000   5.090745E-001   4.118959E+000   1.187841E+000   2.931119E+000
   59301      23     1.460000     1.490000   3.316959E+000   9.719314E-001   3.285215E+000   9.855645E-001   2.345028E+000   2.299651E+000   4.537703E-002
   59301      24     1.490000     1.520000   3.416012E+000   7.391681E-001   2.928355E+000   8.785065E-001   2.676843E+000   2.049849E+000   6.269949E-001
   59301      25     1.520000     1.680000   2.089115E+001   1.713806E+000   9.503059E+000   2.850918E+000   1.917734E+001   6.652141E+000   1.252520E+001
   59301      26     1.680000     1.740000   7.400301E+000   2.203593E+000   7.375270E+000   2.212581E+000   5.196708E+000   5.162689E+000   3.401947E-002
   59301      27     1.740000     1.820000   6.859941E+000   1.945629E+000   6.717738E+000   2.015322E+000   4.914312E+000   4.702417E+000   2.118952E-001
   59301      28     1.820000     1.940000   7.844991E+000   1.364374E+000   5.834309E+000   1.750293E+000   6.480617E+000   4.084017E+000   2.396600E+000
   59301      29     1.940000     2.200000   1.524385E+001   1.091020E+000   5.114239E+000   1.534272E+000   1.415283E+001   3.579967E+000   1.057286E+001
   59301      30     2.200000     2.300000   5.897529E+000   1.702642E+000   5.815356E+000   1.744607E+000   4.194887E+000   4.070750E+000   1.241370E-001
   59301      31     2.300000     2.450000   6.412228E+000   1.923713E+000   6.410740E+000   1.923222E+000   4.488515E+000   4.487518E+000   9.964261E-004
   59301      32     2.450000     2.550000   2.808749E+000   6.427876E-001   2.497001E+000   7.491004E-001   2.165962E+000   1.747901E+000   4.180608E-001
   59301      33     2.550000     2.650000   2.466453E+000   2.908607E-001   1.313162E+000   3.939485E-001   2.175593E+000   9.192131E-001   1.256380E+000
   59301      34     2.650000     2.900000   5.107089E+000   1.275150E-002   2.029292E-001   6.087876E-002   5.094338E+000   1.420504E-001   4.952287E+000
   59301      35     2.900000     3.200000   4.829501E+000   5.296514E-001   2.884084E+000   8.652251E-001   4.299850E+000   2.018859E+000   2.280991E+000
   59301      36     3.200000     3.500000   4.479548E+000   8.585710E-001   3.825323E+000   1.147597E+000   3.620977E+000   2.677726E+000   9.432506E-001
   59301      37     3.500000     3.900000   5.317470E+000   1.197136E+000   4.799913E+000   1.439974E+000   4.120334E+000   3.359939E+000   7.603953E-001
   59301      38     3.900000     5.500000   8.889375E+000   4.814446E-001   2.460559E+000   7.381677E-001   8.407931E+000   1.722391E+000   6.685539E+000
   59301      39     5.500000     6.500000   2.171822E+000   6.329904E-001   2.150781E+000   6.452344E-001   1.538831E+000   1.505547E+000   3.328424E-002
   59301      40     6.500000     7.000000   6.459457E-001   4.540036E-002   3.629086E-001   1.088726E-001   6.005454E-001   2.540360E-001   3.465093E-001
   59301      41     7.000000     9.000000   1.525571E+000   8.734151E-002   4.877281E-001   1.463184E-001   1.438230E+000   3.414097E-001   1.096820E+000
   59301      42     9.000000    20.000000   1.633159E+000   4.650617E-002   3.379889E-001   1.013967E-001   1.586653E+000   2.365922E-001   1.350061E+000
   59401       1     0.200000     0.300000   5.582456E-006   3.540013E-006   2.917776E-006   8.753329E-007   2.042443E-006   2.042443E-006  -9.500338E-015
   59401       2     0.300000     0.345000   2.557270E-003   1.374824E-003   1.689209E-003   5.067628E-004   1.182447E-003   1.182447E-003  -8.478984E-013
   59401       3     0.345000     0.385000   2.512764E-003   1.152240E-003   1.943607E-003   5.830820E-004   1.360525E-003   1.360525E-003  -5.522492E-014
   59401       4     0.385000     0.420000   1.293223E-002   5.311610E-003   1.088660E-002   3.265979E-003   7.620618E-003   7.620618E-003  -2.398035E-012
   59401       5     0.420000     0.450000   2.349464E-002   8.965829E-003   2.075544E-002   6.226633E-003   1.452881E-002   1.452881E-002   5.895432E-012
   59401       6     0.450000     0.500000   1.310848E-001   4.710132E-002   1.199763E-001   3.599290E-002   8.398344E-002   8.398344E-002   2.047672E-011
   59401       7     0.500000     0.550000   1.748537E-001   5.938044E-002   1.649618E-001   4.948854E-002   1.154733E-001   1.154733E-001  -6.578588E-011
   59401       8     0.550000     0.610000   2.295775E-001   7.513487E-002   2.206276E-001   6.618828E-002   1.544427E-001   1.544393E-001   3.335231E-006
   59401       9     0.610000     0.690000   5.693172E-001   1.805386E-001   5.553268E-001   1.665980E-001   3.887786E-001   3.887287E-001   4.981886E-005
   59401      10     0.690000     0.780000   2.472789E+000   7.670126E-001   2.436465E+000   7.309394E-001   1.705777E+000   1.705525E+000   2.511983E-004
   59401      11     0.780000     0.800000   1.063069E+000   3.220335E-001   1.044912E+000   3.134736E-001   7.410359E-001   7.314383E-001   9.597567E-003
   59401      12     0.800000     0.870000   5.878988E+000   1.794582E+000   5.814734E+000   1.744420E+000   4.084406E+000   4.070314E+000   1.409237E-002
   59401      13     0.870000     0.880000   8.736691E-001   2.568088E-001   8.543880E-001   2.563164E-001   6.168602E-001   5.980716E-001   1.878866E-002
   59401      14     0.880000     1.030000   2.249240E+001   6.814144E+000   2.235667E+001   6.707000E+000   1.567826E+001   1.564967E+001   2.859510E-002
   59401      15     1.030000     1.080000   9.248799E+000   2.381779E+000   8.586901E+000   2.576070E+000   6.867019E+000   6.010831E+000   8.561885E-001
   59401      16     1.080000     1.140000   1.173685E+001   3.452746E+000   1.159226E+001   3.477677E+000   8.284104E+000   8.114579E+000   1.695254E-001
   59401      17     1.140000     1.200000   1.143670E+001   3.434664E+000   1.139363E+001   3.418090E+000   8.002033E+000   7.975542E+000   2.649082E-002
   59401      18     1.200000     1.240000   8.097833E+000   8.303126E-001   4.482143E+000   1.344643E+000   7.267520E+000   3.137500E+000   4.130020E+000
   59401      19     1.240000     1.280000   7.733813E+000   2.205302E+000   7.569709E+000   2.270913E+000   5.528511E+000   5.298796E+000   2.297150E-001
   59401      20     1.280000     1.340000   1.109154E+001   2.152903E+000   8.988453E+000   2.696536E+000   8.938640E+000   6.291917E+000   2.646723E+000
   59401      21     1.340000     1.420000   1.012492E+001   2.755121E+000   9.684729E+000   2.905419E+000   7.369800E+000   6.779310E+000   5.904896E-001
   59401      22     1.420000     1.460000   4.444646E+000   3.258026E-001   1.697332E+000   5.091996E-001   4.118843E+000   1.188132E+000   2.930711E+000
   59401      23     1.460000     1.490000   3.316959E+000   9.719825E-001   3.285274E+000   9.855823E-001   2.344976E+000   2.299692E+000   4.528432E-002
   59401      24     1.490000     1.520000   3.416012E+000   7.392072E-001   2.928410E+000   8.785229E-001   2.676804E+000   2.049887E+000   6.269176E-001
   59401      25     1.520000     1.680000   2.089115E+001   1.714420E+000   9.504684E+000   2.851405E+000   1.917673E+001   6.653279E+000   1.252345E+001
   59401      26     1.680000     1.740000   7.400301E+000   2.203613E+000   7.375292E+000   2.212588E+000   5.196689E+000   5.162705E+000   3.398393E-002
   59401      27     1.740000     1.820000   6.859941E+000   1.945793E+000   6.717953E+000   2.015386E+000   4.914148E+000   4.702567E+000   2.115806E-001
   59401      28     1.820000     1.940000   7.844991E+000   1.364679E+000   5.834998E+000   1.750500E+000   6.480312E+000   4.084499E+000   2.395813E+000
   59401      29     1.940000     2.200000   1.524385E+001   1.091268E+000   5.115168E+000   1.534550E+000   1.415258E+001   3.580617E+000   1.057196E+001
   59401      30     2.200000     2.300000   5.897529E+000   1.702665E+000   5.815384E+000   1.744615E+000   4.194864E+000   4.070768E+000   1.240956E-001
   59401      31     2.300000     2.450000   6.412228E+000   1.923714E+000   6.410741E+000   1.923222E+000   4.488514E+000   4.487519E+000   9.949702E-004
   59401      32     2.450000     2.550000   2.808749E+000   6.429182E-001   2.497236E+000   7.491709E-001   2.165831E+000   1.748066E+000   4.177656E-001
   59401      33     2.550000     2.650000   2.466453E+000   2.909809E-001   1.313476E+000   3.940429E-001   2.175472E+000   9.194333E-001   1.256039E+000
   59401      34     2.650000     2.900000   5.107089E+000   1.277637E-002   2.031684E-001   6.095051E-002   5.094313E+000   1.422178E-001   4.952095E+000
   59401      35     2.900000     3.200000   4.829501E+000   5.298578E-001   2.884595E+000   8.653785E-001   4.299643E+000   2.019217E+000   2.280427E+000
   59401      36     3.200000     3.500000   4.479548E+000   8.585086E-001   3.825218E+000   1.147565E+000   3.621039E+000   2.677653E+000   9.433866E-001
   59401      37     3.500000     3.900000   5.317470E+000   1.196956E+000   4.799629E+000   1.439889E+000   4.120514E+000   3.359741E+000   7.607734E-001
   59401      38     3.900000     5.500000   8.889375E+000   4.816017E-001   2.461251E+000   7.383753E-001   8.407774E+000   1.722876E+000   6.684898E+000
   59401      39     5.500000     6.500000   2.171822E+000   6.329915E-001   2.150783E+000   6.452348E-001   1.538830E+000   1.505548E+000   3.328226E-002
   59401      40     6.500000     7.000000   6.459457E-001   4.539006E-002   3.628673E-001   1.088602E-001   6.005557E-001   2.540071E-001   3.465485E-001
   59401      41     7.000000     9.000000   1.525571E+000   8.735214E-002   4.877018E-001   1.463105E-001   1.438219E+000   3.413913E-001   1.096828E+000
   59401      42     9.000000    20.000000   1.633159E+000   4.658913E-002   3.383425E-001   1.015028E-001   1.586570E+000   2.368398E-001   1.349730E+000
   59501       1     0.200000     0.300000   5.582456E-006   3.540013E-006   2.917776E-006   8.753329E-007   2.042443E-006   2.042443E-006  -9.500338E-015
   59501       2     0.300000     0.345000   2.557270E-003   1.374824E-003   1.689209E-003   5.067628E-004   1.182447E-003   1.182447E-003  -8.478984E-013
   59501       3     0.345000     0.385000   2.512764E-003   1.152240E-003   1.943607E-003   5.830820E-004   1.360525E-003   1.360525E-003   1.014601E-012
   59501       4     0.385000     0.420000   1.293223E-002   5.311610E-003   1.088660E-002   3.265979E-003   7.620618E-003   7.620618E-003  -2.857149E-012
   59501       5     0.420000     0.450000   2.349464E-002   8.965829E-003   2.075544E-002   6.226633E-003   1.452881E-002   1.452881E-002   6.848473E-012
   59501       6     0.450000     0.500000   1.310848E-001   4.710132E-002   1.199763E-001   3.599290E-002   8.398344E-002   8.398344E-002   2.841379E-011
   59501       7     0.500000     0.550000   1.748537E-001   5.938044E-002   1.649618E-001   4.948854E-002   1.154733E-001   1.154733E-001  -7.537507E-011
   59501       8     0.550000     0.610000   2.295775E-001   7.513487E-002   2.206276E-001   6.618828E-002   1.544427E-001   1.544393E-001   3.335458E-006
   59501       9     0.610000     0.690000   5.693172E-001   1.805386E-001   5.553268E-001   1.665980E-001   3.887786E-001   3.887287E-001   4.981958E-005
   59501      10     0.690000     0.780000   2.472789E+000   7.670126E-001   2.436465E+000   7.309394E-001   1.705777E+000   1.705525E+000   2.511918E-004
   59501      11     0.780000     0.800000   1.063069E+000   3.220335E-001   1.044912E+000   3.134736E-001   7.410359E-001   7.314384E-001   9.597522E-003
   59501      12     0.800000     0.870000   5.878988E+000   1.794581E+000   5.814734E+000   1.744420E+000   4.084407E+000   4.070313E+000   1.409340E-002
   59501      13     0.870000     0.880000   8.736691E-001   2.568096E-001   8.543889E-001   2.563167E-001   6.168595E-001   5.980722E-001   1.878728E-002
   59501      14     0.880000     1.030000   2.249240E+001   6.814144E+000   2.235667E+001   6.707000E+000   1.567826E+001   1.564967E+001   2.859499E-002
   59501      15     1.030000     1.080000   9.248799E+000   2.381792E+000   8.586912E+000   2.576074E+000   6.867007E+000   6.010838E+000   8.561689E-001
   59501      16     1.080000     1.140000   1.173685E+001   3.452746E+000   1.159226E+001   3.477677E+000   8.284104E+000   8.114579E+000   1.695243E-001
   59501      17     1.140000     1.200000   1.143670E+001   3.434664E+000   1.139363E+001   3.418090E+000   8.002033E+000   7.975543E+000   2.648992E-002
   59501      18     1.200000     1.240000   8.097833E+000   8.305165E-001   4.482582E+000   1.344775E+000   7.267316E+000   3.137808E+000   4.129509E+000
   59501      19     1.240000     1.280000   7.733813E+000   2.205317E+000   7.569725E+000   2.270918E+000   5.528496E+000   5.298808E+000   2.296887E-001
   59501      20     1.280000     1.340000   1.109154E+001   2.152974E+000   8.988540E+000   2.696562E+000   8.938569E+000   6.291978E+000   2.646591E+000
   59501      21     1.340000     1.420000   1.012492E+001   2.755162E+000   9.684779E+000   2.905434E+000   7.369759E+000   6.779345E+000   5.904133E-001
   59501      22     1.420000     1.460000   4.444646E+000   3.259181E-001   1.697747E+000   5.093240E-001   4.118728E+000   1.188423E+000   2.930305E+000
   59501      23     1.460000     1.490000   3.316959E+000   9.720332E-001   3.285334E+000   9.856001E-001   2.344926E+000   2.299733E+000   4.519219E-002
   59501      24     1.490000     1.520000   3.416012E+000   7.392461E-001   2.928464E+000   8.785391E-001   2.676765E+000   2.049925E+000   6.268409E-001
   59501      25     1.520000     1.680000   2.089115E+001   1.715030E+000   9.506299E+000   2.851890E+000   1.917612E+001   6.654409E+000   1.252171E+001
   59501      26     1.680000     1.740000   7.400301E+000   2.203632E+000   7.375315E+000   2.212594E+000   5.196669E+000   5.162720E+000   3.394863E-002
   59501      27     1.740000     1.820000   6.859941E+000   1.945956E+000   6.718167E+000   2.015450E+000   4.913985E+000   4.702717E+000   2.112680E-001
   59501      28     1.820000     1.940000   7.844991E+000   1.364982E+000   5.835684E+000   1.750705E+000   6.480009E+000   4.084979E+000   2.395031E+000
   59501      29     1.940000     2.200000   1.524385E+001   1.091515E+000   5.116092E+000   1.534827E+000   1.415234E+001   3.581264E+000   1.057107E+001
   59501      30     2.200000     2.300000   5.897529E+000   1.702687E+000   5.815410E+000   1.744623E+000   4.194842E+000   4.070787E+000   1.240545E-001
   59501      31     2.300000     2.450000   6.412228E+000   1.923715E+000   6.410742E+000   1.923223E+000   4.488513E+000   4.487520E+000   9.935238E-004
   59501      32     2.450000     2.550000   2.808749E+000   6.430480E-001   2.497470E+000   7.492411E-001   2.165701E+000   1.748229E+000   4.174720E-001
   59501      33     2.550000     2.650000   2.466453E+000   2.911005E-001   1.313789E+000   3.941367E-001   2.175353E+000   9.196524E-001   1.255700E+000
   59501      34     2.650000     2.900000   5.107089E+000   1.280116E-002   2.034065E-001   6.102194E-002   5.094288E+000   1.423845E-001   4.951903E+000
   59501      35     2.900000     3.200000   4.829501E+000   5.300629E-001   2.885103E+000   8.655310E-001   4.299438E+000   2.019572E+000   2.279866E+000
   59501      36     3.200000     3.500000   4.479548E+000   8.584465E-001   3.825114E+000   1.147534E+000   3.621101E+000   2.677579E+000   9.435219E-001
   59501      37     3.500000     3.900000   5.317470E+000   1.196778E+000   4.799348E+000   1.439804E+000   4.120693E+000   3.359543E+000   7.611492E-001
   59501      38     3.900000     5.500000   8.889375E+000   4.817581E-001   2.461940E+000   7.385819E-001   8.407617E+000   1.723358E+000   6.684259E+000
   59501      39     5.500000     6.500000   2.171822E+000   6.329926E-001   2.150784E+000   6.452352E-001   1.538829E+000   1.505549E+000   3.328030E-002
   59501      40     6.500000     7.000000   6.459457E-001   4.537982E-002   3.628263E-001   1.088479E-001   6.005659E-001   2.539784E-001   3.465875E-001
   59501      41     7.000000     9.000000   1.525571E+000   8.736269E-002   4.876757E-001   1.463027E-001   1.438208E+000   3.413730E-001   1.096835E+000
   59501      42     9.000000    20.000000   1.633159E+000   4.667184E-002   3.386948E-001   1.016084E-001   1.586487E+000   2.370863E-001   1.349401E+000
   59601       1     0.200000     0.300000   5.582456E-006   3.540013E-006   2.917776E-006   8.753329E-007   2.042443E-006   2.042443E-006  -9.500338E-015
   59601       2     0.300000     0.345000   2.557270E-003   1.374824E-003   1.689209E-003   5.067628E-004   1.182447E-003   1.182447E-003  -8.478984E-013
   59601       3     0.345000     0.385000   2.512764E-003   1.152240E-003   1.943607E-003   5.830820E-004   1.360525E-003   1.360525E-003   1.014601E-012
   59601       4     0.385000     0.420000   1.293223E-002   5.311610E-003   1.088660E-002   3.265979E-003   7.620618E-003   7.620618E-003  -2.857149E-012
   59601       5     0.420000     0.450000   2.349464E-002   8.965829E-003   2.075544E-002   6.226633E-003   1.452881E-002   1.452881E-002   6.597035E-012
   59601       6     0.450000     0.500000   1.310848E-001   4.710132E-002   1.199763E-001   3.599290E-002   8.398344E-002   8.398344E-002   2.218868E-011
   59601       7     0.500000     0.550000   1.748537E-001   5.938044E-002   1.649618E-001   4.948854E-002   1.154733E-001   1.154733E-001  -8.572629E-011
   59601       8     0.550000     0.610000   2.295775E-001   7.513487E-002   2.206276E-001   6.618828E-002   1.544427E-001   1.544393E-001   3.335684E-006
   59601       9     0.610000     0.690000   5.693172E-001   1.805386E-001   5.553268E-001   1.665980E-001   3.887786E-001   3.887287E-001   4.982030E-005
   59601      10     0.690000     0.780000   2.472789E+000   7.670126E-001   2.436465E+000   7.309394E-001   1.705777E+000   1.705525E+000   2.511854E-004
   59601      11     0.780000     0.800000   1.063069E+000   3.220335E-001   1.044912E+000   3.134736E-001   7.410359E-001   7.314384E-001   9.597478E-003
   59601      12     0.800000     0.870000   5.878988E+000   1.794581E+000   5.814733E+000   1.744420E+000   4.084407E+000   4.070313E+000   1.409442E-002
   59601      13     0.870000     0.880000   8.736691E-001   2.568104E-001   8.543897E-001   2.563169E-001   6.168587E-001   5.980728E-001   1.878590E-002
   59601      14     0.880000     1.030000   2.249240E+001   6.814144E+000   2.235667E+001   6.707000E+000   1.567826E+001   1.564967E+001   2.859487E-002
   59601      15     1.030000     1.080000   9.248799E+000   2.381804E+000   8.586922E+000   2.576077E+000   6.866995E+000   6.010846E+000   8.561495E-001
   59601      16     1.080000     1.140000   1.173685E+001   3.452747E+000   1.159226E+001   3.477677E+000   8.284103E+000   8.114580E+000   1.695233E-001
   59601      17     1.140000     1.200000   1.143670E+001   3.434665E+000   1.139363E+001   3.418090E+000   8.002032E+000   7.975543E+000   2.648903E-002
   59601      18     1.200000     1.240000   8.097833E+000   8.307185E-001   4.483017E+000   1.344905E+000   7.267114E+000   3.138112E+000   4.129002E+000
   59601      19     1.240000     1.280000   7.733813E+000   2.205331E+000   7.569742E+000   2.270923E+000   5.528482E+000   5.298819E+000   2.296626E-001
   59601      20     1.280000     1.340000   1.109154E+001   2.153044E+000   8.988625E+000   2.696588E+000   8.938499E+000   6.292038E+000   2.646461E+000
   59601      21     1.340000     1.420000   1.012492E+001   2.755203E+000   9.684829E+000   2.905449E+000   7.369718E+000   6.779380E+000   5.903377E-001
   59601      22     1.420000     1.460000   4.444646E+000   3.260326E-001   1.698158E+000   5.094474E-001   4.118613E+000   1.188711E+000   2.929902E+000
   59601      23     1.460000     1.490000   3.316959E+000   9.720836E-001   3.285392E+000   9.856176E-001   2.344875E+000   2.299774E+000   4.510091E-002
   59601      24     1.490000     1.520000   3.416012E+000   7.392846E-001   2.928517E+000   8.785552E-001   2.676727E+000   2.049962E+000   6.267648E-001
   59601      25     1.520000     1.680000   2.089115E+001   1.715635E+000   9.507899E+000   2.852370E+000   1.917551E+001   6.655530E+000   1.251998E+001
   59601      26     1.680000     1.740000   7.400301E+000   2.203652E+000   7.375337E+000   2.212601E+000   5.196649E+000   5.162736E+000   3.391365E-002
   59601      27     1.740000     1.820000   6.859941E+000   1.946118E+000   6.718379E+000   2.015514E+000   4.913823E+000   4.702865E+000   2.109581E-001
   59601      28     1.820000     1.940000   7.844991E+000   1.365282E+000   5.836363E+000   1.750909E+000   6.479709E+000   4.085454E+000   2.394256E+000
   59601      29     1.940000     2.200000   1.524385E+001   1.091759E+000   5.117008E+000   1.535102E+000   1.415209E+001   3.581905E+000   1.057019E+001
   59601      30     2.200000     2.300000   5.897529E+000   1.702709E+000   5.815437E+000   1.744631E+000   4.194820E+000   4.070806E+000   1.240138E-001
   59601      31     2.300000     2.450000   6.412228E+000   1.923716E+000   6.410743E+000   1.923223E+000   4.488512E+000   4.487520E+000   9.920908E-004
   59601      32     2.450000     2.550000   2.808749E+000   6.431766E-001   2.497702E+000   7.493106E-001   2.165573E+000   1.748391E+000   4.171811E-001
   59601      33     2.550000     2.650000   2.466453E+000   2.912192E-001   1.314099E+000   3.942298E-001   2.175234E+000   9.198696E-001   1.255365E+000
   59601      34     2.650000     2.900000   5.107089E+000   1.282579E-002   2.036428E-001   6.109284E-002   5.094263E+000   1.425500E-001   4.951713E+000
   59601      35     2.900000     3.200000   4.829501E+000   5.302663E-001   2.885607E+000   8.656821E-001   4.299235E+000   2.019925E+000   2.279310E+000
   59601      36     3.200000     3.500000   4.479548E+000   8.583851E-001   3.825010E+000   1.147503E+000   3.621163E+000   2.677507E+000   9.436559E-001
   59601      37     3.500000     3.900000   5.317470E+000   1.196601E+000   4.799068E+000   1.439721E+000   4.120870E+000   3.359348E+000   7.615216E-001
   59601      38     3.900000     5.500000   8.889375E+000   4.819134E-001   2.462623E+000   7.387868E-001   8.407462E+000   1.723836E+000   6.683626E+000
   59601      39     5.500000     6.500000   2.171822E+000   6.329937E-001   2.150785E+000   6.452355E-001   1.538828E+000   1.505550E+000   3.327836E-002
   59601      40     6.500000     7.000000   6.459457E-001   4.536968E-002   3.627856E-001   1.088357E-001   6.005760E-001   2.539499E-001   3.466261E-001
   59601      41     7.000000     9.000000   1.525571E+000   8.737313E-002   4.876498E-001   1.462949E-001   1.438198E+000   3.413549E-001   1.096843E+000
   59601      42     9.000000    20.000000   1.633159E+000   4.675401E-002   3.390445E-001   1.017133E-001   1.586405E+000   2.373311E-001   1.349074E+000
   59701       1     0.200000     0.300000   5.582456E-006   3.540013E-006   2.917776E-006   8.753329E-007   2.042443E-006   2.042443E-006  -9.500338E-015
   59701       2     0.300000     0.345000   2.557270E-003   1.374824E-003   1.689209E-003   5.067628E-004   1.182447E-003   1.182447E-003  -8.478984E-013
   59701       3     0.345000     0.385000   2.512764E-003   1.152240E-003   1.943607E-003   5.830820E-004   1.360525E-003   1.360525E-003   1.014601E-012
   59701       4     0.385000     0.420000   1.293223E-002   5.311610E-003   1.088660E-002   3.265979E-003   7.620618E-003   7.620618E-003  -2.857149E-012
   59701       5     0.420000     0.450000   2.349464E-002   8.965829E-003   2.075544E-002   6.226633E-003   1.452881E-002   1.452881E-002   6.748437E-012
   59701       6     0.450000     0.500000   1.310848E-001   4.710132E-002   1.199763E-001   3.599290E-002   8.398344E-002   8.398344E-002   1.339660E-011
   59701       7     0.500000     0.550000   1.748537E-001   5.938044E-002   1.649618E-001   4.948854E-002   1.154733E-001   1.154733E-001  -8.848246E-011
   59701       8     0.550000     0.610000   2.295775E-001   7.513487E-002   2.206276E-001   6.618828E-002   1.544427E-001   1.544393E-001   3.335907E-006
   59701       9     0.610000     0.690000   5.693172E-001   1.805386E-001   5.553268E-001   1.665980E-001   3.887786E-001   3.887287E-001   4.982101E-005
   59701      10     0.690000     0.780000   2.472789E+000   7.670126E-001   2.436465E+000   7.309394E-001   1.705777E+000   1.705525E+000   2.511791E-004
   59701      11     0.780000     0.800000   1.063069E+000   3.220336E-001   1.044912E+000   3.134736E-001   7.410358E-001   7.314384E-001   9.597434E-003
   59701      12     0.800000     0.870000   5.878988E+000   1.794580E+000   5.814732E+000   1.744420E+000   4.084408E+000   4.070313E+000   1.409543E-002
   59701      13     0.870000     0.880000   8.736691E-001   2.568111E-001   8.543906E-001   2.563172E-001   6.168580E-001   5.980734E-001   1.878454E-002
   59701      14     0.880000     1.030000   2.249240E+001   6.814145E+000   2.235667E+001   6.707000E+000   1.567826E+001   1.564967E+001   2.859475E-002
   59701      15     1.030000     1.080000   9.248799E+000   2.381815E+000   8.586933E+000   2.576080E+000   6.866983E+000   6.010853E+000   8.561302E-001
   59701      16     1.080000     1.140000   1.173685E+001   3.452748E+000   1.159226E+001   3.477677E+000   8.284102E+000   8.114580E+000   1.695222E-001
   59701      17     1.140000     1.200000   1.143670E+001   3.434665E+000   1.139363E+001   3.418090E+000   8.002032E+000   7.975543E+000   2.648815E-002
   59701      18     1.200000     1.240000   8.097833E+000   8.309184E-001   4.483447E+000   1.345034E+000   7.266914E+000   3.138413E+000   4.128501E+000
   59701      19     1.240000     1.280000   7.733813E+000   2.205346E+000   7.569758E+000   2.270927E+000   5.528467E+000   5.298831E+000   2.296368E-001
   59701      20     1.280000     1.340000   1.109154E+001   2.153113E+000   8.988710E+000   2.696613E+000   8.938429E+000   6.292097E+000   2.646332E+000
   59701      21     1.340000     1.420000   1.012492E+001   2.755243E+000   9.684879E+000   2.905464E+000   7.369678E+000   6.779415E+000   5.902630E-001
   59701      22     1.420000     1.460000   4.444646E+000   3.261460E-001   1.698565E+000   5.095695E-001   4.118500E+000   1.188996E+000   2.929504E+000
   59701      23     1.460000     1.490000   3.316959E+000   9.721333E-001   3.285450E+000   9.856350E-001   2.344826E+000   2.299815E+000   4.501064E-002
   59701      24     1.490000     1.520000   3.416012E+000   7.393227E-001   2.928570E+000   8.785711E-001   2.676689E+000   2.049999E+000   6.266896E-001
   59701      25     1.520000     1.680000   2.089115E+001   1.716234E+000   9.509483E+000   2.852845E+000   1.917491E+001   6.656638E+000   1.251828E+001
   59701      26     1.680000     1.740000   7.400301E+000   2.203671E+000   7.375358E+000   2.212608E+000   5.196630E+000   5.162751E+000   3.387906E-002
   59701      27     1.740000     1.820000   6.859941E+000   1.946278E+000   6.718588E+000   2.015576E+000   4.913663E+000   4.703012E+000   2.106516E-001
   59701      28     1.820000     1.940000   7.844991E+000   1.365579E+000   5.837034E+000   1.751110E+000   6.479412E+000   4.085924E+000   2.393488E+000
   59701      29     1.940000     2.200000   1.524385E+001   1.092002E+000   5.117914E+000   1.535374E+000   1.415185E+001   3.582540E+000   1.056931E+001
   59701      30     2.200000     2.300000   5.897529E+000   1.702731E+000   5.815463E+000   1.744639E+000   4.194798E+000   4.070824E+000   1.239735E-001
   59701      31     2.300000     2.450000   6.412228E+000   1.923717E+000   6.410744E+000   1.923223E+000   4.488511E+000   4.487521E+000   9.906734E-004
   59701      32     2.450000     2.550000   2.808749E+000   6.433040E-001   2.497931E+000   7.493794E-001   2.165445E+000   1.748552E+000   4.168932E-001
   59701      33     2.550000     2.650000   2.466453E+000   2.913367E-001   1.314406E+000   3.943219E-001   2.175117E+000   9.200844E-001   1.255032E+000
   59701      34     2.650000     2.900000   5.107089E+000   1.285021E-002   2.038769E-001   6.116308E-002   5.094239E+000   1.427138E-001   4.951525E+000
   59701      35     2.900000     3.200000   4.829501E+000   5.304675E-001   2.886105E+000   8.658316E-001   4.299033E+000   2.020274E+000   2.278760E+000
   59701      36     3.200000     3.500000   4.479548E+000   8.583242E-001   3.824907E+000   1.147472E+000   3.621224E+000   2.677435E+000   9.437885E-001
   59701      37     3.500000     3.900000   5.317470E+000   1.196426E+000   4.798792E+000   1.439638E+000   4.121045E+000   3.359155E+000   7.618900E-001
   59701      38     3.900000     5.500000   8.889375E+000   4.820673E-001   2.463299E+000   7.389896E-001   8.407308E+000   1.724309E+000   6.682999E+000
   59701      39     5.500000     6.500000   2.171822E+000   6.329948E-001   2.150786E+000   6.452359E-001   1.538827E+000   1.505550E+000   3.327644E-002
   59701      40     6.500000     7.000000   6.459457E-001   4.535965E-002   3.627454E-001   1.088236E-001   6.005861E-001   2.539218E-001   3.466643E-001
   59701      41     7.000000     9.000000   1.525571E+000   8.738345E-002   4.876243E-001   1.462873E-001   1.438188E+000   3.413370E-001   1.096851E+000
   59701      42     9.000000    20.000000   1.633159E+000   4.683549E-002   3.393910E-001   1.018173E-001   1.586323E+000   2.375737E-001   1.348750E+000
   59801       1     0.200000     0.300000   5.582456E-006   3.540013E-006   2.917776E-006   8.753329E-007   2.042443E-006   2.042443E-006  -9.500338E-015
   59801       2     0.300000     0.345000   2.557270E-003   1.374824E-003   1.689209E-003   5.067628E-004   1.182447E-003   1.182447E-003  -8.478984E-013
   59801       3     0.345000     0.385000   2.512764E-003   1.152240E-003   1.943607E-003   5.830820E-004   1.360525E-003   1.360525E-003   1.014601E-012
   59801       4     0.385000     0.420000   1.293223E-002   5.311610E-003   1.088660E-002   3.265979E-003   7.620618E-003   7.620618E-003  -2.857149E-012
   59801       5     0.420000     0.450000   2.349464E-002   8.965829E-003   2.075544E-002   6.226633E-003   1.452881E-002   1.452881E-002   6.539312E-012
   59801       6     0.450000     0.500000   1.310848E-001   4.710132E-002   1.199763E-001   3.599290E-002   8.398344E-002   8.398344E-002   2.059224E-011
   59801       7     0.500000     0.550000   1.748537E-001   5.938044E-002   1.649618E-001   4.948854E-002   1.154733E-001   1.154733E-001  -9.540777E-011
   59801       8     0.550000     0.610000   2.295775E-001   7.513487E-002   2.206276E-001   6.618828E-002   1.544427E-001   1.544393E-001   3.336128E-006
   59801       9     0.610000     0.690000   5.693172E-001   1.805386E-001   5.553268E-001   1.665980E-001   3.887786E-001   3.887287E-001   4.982171E-005
   59801      10     0.690000     0.780000   2.472789E+000   7.670126E-001   2.436465E+000   7.309394E-001   1.705777E+000   1.705525E+000   2.511728E-004
   59801      11     0.780000     0.800000   1.063069E+000   3.220336E-001   1.044912E+000   3.134736E-001   7.410358E-001   7.314384E-001   9.597390E-003
   59801      12     0.800000     0.870000   5.878988E+000   1.794580E+000   5.814731E+000   1.744419E+000   4.084408E+000   4.070312E+000   1.409643E-002
   59801      13     0.870000     0.880000   8.736691E-001   2.568119E-001   8.543914E-001   2.563174E-001   6.168572E-001   5.980740E-001   1.878320E-002
   59801      14     0.880000     1.030000   2.249240E+001   6.814145E+000   2.235667E+001   6.707000E+000   1.567826E+001   1.564967E+001   2.859464E-002
   59801      15     1.030000     1.080000   9.248799E+000   2.381827E+000   8.586943E+000   2.576083E+000   6.866972E+000   6.010860E+000   8.561112E-001
   59801      16     1.080000     1.140000   1.173685E+001   3.452748E+000   1.159226E+001   3.477677E+000   8.284102E+000   8.114581E+000   1.695212E-001
   59801      17     1.140000     1.200000   1.143670E+001   3.434666E+000   1.139363E+001   3.418090E+000   8.002031E+000   7.975544E+000   2.648727E-002
   59801      18     1.200000     1.240000   8.097833E+000   8.311164E-001   4.483873E+000   1.345162E+000   7.266716E+000   3.138711E+000   4.128005E+000
   59801      19     1.240000     1.280000   7.733813E+000   2.205360E+000   7.569774E+000   2.270932E+000   5.528453E+000   5.298842E+000   2.296112E-001
   59801      20     1.280000     1.340000   1.109154E+001   2.153182E+000   8.988795E+000   2.696638E+000   8.938360E+000   6.292156E+000   2.646204E+000
   59801      21     1.340000     1.420000   1.012492E+001   2.755283E+000   9.684928E+000   2.905478E+000   7.369638E+000   6.779449E+000   5.901889E-001
   59801      22     1.420000     1.460000   4.444646E+000   3.262585E-001   1.698968E+000   5.096905E-001   4.118387E+000   1.189278E+000   2.929109E+000
   59801      23     1.460000     1.490000   3.316959E+000   9.721826E-001   3.285507E+000   9.856522E-001   2.344776E+000   2.299855E+000   4.492124E-002
   59801      24     1.490000     1.520000   3.416012E+000   7.393604E-001   2.928623E+000   8.785869E-001   2.676651E+000   2.050036E+000   6.266151E-001
   59801      25     1.520000     1.680000   2.089115E+001   1.716827E+000   9.511051E+000   2.853315E+000   1.917432E+001   6.657735E+000   1.251659E+001
   59801      26     1.680000     1.740000   7.400301E+000   2.203691E+000   7.375380E+000   2.212614E+000   5.196611E+000   5.162766E+000   3.384481E-002
   59801      27     1.740000     1.820000   6.859941E+000   1.946437E+000   6.718795E+000   2.015639E+000   4.913505E+000   4.703157E+000   2.103479E-001
   59801      28     1.820000     1.940000   7.844991E+000   1.365873E+000   5.837700E+000   1.751310E+000   6.479118E+000   4.086390E+000   2.392728E+000
   59801      29     1.940000     2.200000   1.524385E+001   1.092242E+000   5.118813E+000   1.535644E+000   1.415161E+001   3.583169E+000   1.056844E+001
   59801      30     2.200000     2.300000   5.897529E+000   1.702752E+000   5.815489E+000   1.744647E+000   4.194776E+000   4.070843E+000   1.239335E-001
   59801      31     2.300000     2.450000   6.412228E+000   1.923717E+000   6.410745E+000   1.923223E+000   4.488511E+000   4.487521E+000   9.892699E-004
   59801      32     2.450000     2.550000   2.808749E+000   6.434302E-001   2.498159E+000   7.494476E-001   2.165319E+000   1.748711E+000   4.166080E-001
   59801      33     2.550000     2.650000   2.466453E+000   2.914532E-001   1.314711E+000   3.944132E-001   2.175000E+000   9.202974E-001   1.254703E+000
   59801      34     2.650000     2.900000   5.107089E+000   1.287446E-002   2.041092E-001   6.123275E-002   5.094215E+000   1.428764E-001   4.951338E+000
   59801      35     2.900000     3.200000   4.829501E+000   5.306668E-001   2.886599E+000   8.659796E-001   4.298834E+000   2.020619E+000   2.278215E+000
   59801      36     3.200000     3.500000   4.479548E+000   8.582640E-001   3.824806E+000   1.147442E+000   3.621284E+000   2.677364E+000   9.439198E-001
   59801      37     3.500000     3.900000   5.317470E+000   1.196253E+000   4.798519E+000   1.439556E+000   4.121218E+000   3.358963E+000   7.622550E-001
   59801      38     3.900000     5.500000   8.889375E+000   4.822201E-001   2.463969E+000   7.391907E-001   8.407155E+000   1.724778E+000   6.682377E+000
   59801      39     5.500000     6.500000   2.171822E+000   6.329959E-001   2.150787E+000   6.452362E-001   1.538826E+000   1.505551E+000   3.327455E-002
   59801      40     6.500000     7.000000   6.459457E-001   4.534973E-002   3.627056E-001   1.088117E-001   6.005960E-001   2.538939E-001   3.467021E-001
   59801      41     7.000000     9.000000   1.525571E+000   8.739366E-002   4.875990E-001   1.462797E-001   1.438177E+000   3.413193E-001   1.096858E+000
   59801      42     9.000000    20.000000   1.633159E+000   4.691640E-002   3.397348E-001   1.019204E-001   1.586243E+000   2.378143E-001   1.348428E+000
   59901       1     0.200000     0.300000   5.582456E-006   3.540013E-006   2.917776E-006   8.753329E-007   2.042443E-006   2.042443E-006  -9.500338E-015
   59901       2     0.300000     0.345000   2.557270E-003   1.374824E-003   1.689209E-003   5.067628E-004   1.182447E-003   1.182447E-003  -8.478984E-013
   59901       3     0.345000     0.385000   2.512764E-003   1.152240E-003   1.943607E-003   5.830820E-004   1.360525E-003   1.360525E-003   1.014601E-012
   59901       4     0.385000     0.420000   1.293223E-002   5.311610E-003   1.088660E-002   3.265979E-003   7.620618E-003   7.620618E-003  -1.370273E-012
   59901       5     0.420000     0.450000   2.349464E-002   8.965829E-003   2.075544E-002   6.226633E-003   1.452881E-002   1.452881E-002   5.411690E-012
   59901       6     0.450000     0.500000   1.310848E-001   4.710132E-002   1.199763E-001   3.599290E-002   8.398344E-002   8.398344E-002   2.568605E-011
   59901       7     0.500000     0.550000   1.748537E-001   5.938044E-002   1.649618E-001   4.948854E-002   1.154733E-001   1.154733E-001  -9.604906E-011
   59901       8     0.550000     0.610000   2.295775E-001   7.513487E-002   2.206276E-001   6.618828E-002   1.544427E-001   1.544393E-001   3.336346E-006
   59901       9     0.610000     0.690000   5.693172E-001   1.805386E-001   5.553268E-001   1.665980E-001   3.887786E-001   3.887287E-001   4.982240E-005
   59901      10     0.690000     0.780000   2.472789E+000   7.670126E-001   2.436465E+000   7.309394E-001   1.705777E+000   1.705525E+000   2.511666E-004
   59901      11     0.780000     0.800000   1.063069E+000   3.220336E-001   1.044912E+000   3.134736E-001   7.410358E-001   7.314384E-001   9.597347E-003
   59901      12     0.800000     0.870000   5.878988E+000   1.794579E+000   5.814731E+000   1.744419E+000   4.084409E+000   4.070312E+000   1.409743E-002
   59901      13     0.870000     0.880000   8.736691E-001   2.568126E-001   8.543923E-001   2.563177E-001   6.168565E-001   5.980746E-001   1.878187E-002
   59901      14     0.880000     1.030000   2.249240E+001   6.814145E+000   2.235667E+001   6.707000E+000   1.567826E+001   1.564967E+001   2.859453E-002
   59901      15     1.030000     1.080000   9.248799E+000   2.381839E+000   8.586954E+000   2.576086E+000   6.866960E+000   6.010868E+000   8.560925E-001
   59901      16     1.080000     1.140000   1.173685E+001   3.452749E+000   1.159226E+001   3.477678E+000   8.284101E+000   8.114581E+000   1.695201E-001
   59901      17     1.140000     1.200000   1.143670E+001   3.434666E+000   1.139363E+001   3.418090E+000   8.002031E+000   7.975544E+000   2.648642E-002
   59901      18     1.200000     1.240000   8.097833E+000   8.313125E-001   4.484295E+000   1.345289E+000   7.266520E+000   3.139007E+000   4.127514E+000
   59901      19     1.240000     1.280000   7.733813E+000   2.205374E+000   7.569790E+000   2.270937E+000   5.528439E+000   5.298853E+000   2.295861E-001
   59901      20     1.280000     1.340000   1.109154E+001   2.153250E+000   8.988878E+000   2.696663E+000   8.938292E+000   6.292214E+000   2.646078E+000
   59901      21     1.340000     1.420000   1.012492E+001   2.755322E+000   9.684976E+000   2.905493E+000   7.369599E+000   6.779483E+000   5.901157E-001
   59901      22     1.420000     1.460000   4.444646E+000   3.263694E-001   1.699366E+000   5.098099E-001   4.118276E+000   1.189556E+000   2.928720E+000
   59901      23     1.460000     1.490000   3.316959E+000   9.722309E-001   3.285563E+000   9.856690E-001   2.344728E+000   2.299894E+000   4.483367E-002
   59901      24     1.490000     1.520000   3.416012E+000   7.393976E-001   2.928675E+000   8.786025E-001   2.676614E+000   2.050072E+000   6.265415E-001
   59901      25     1.520000     1.680000   2.089115E+001   1.717413E+000   9.512601E+000   2.853780E+000   1.917374E+001   6.658821E+000   1.251491E+001
   59901      26     1.680000     1.740000   7.400301E+000   2.203709E+000   7.375401E+000   2.212620E+000   5.196592E+000   5.162781E+000   3.381118E-002
   59901      27     1.740000     1.820000   6.859941E+000   1.946593E+000   6.718999E+000   2.015700E+000   4.913349E+000   4.703299E+000   2.100493E-001
   59901      28     1.820000     1.940000   7.844991E+000   1.366163E+000   5.838357E+000   1.751507E+000   6.478828E+000   4.086850E+000   2.391978E+000
   59901      29     1.940000     2.200000   1.524385E+001   1.092478E+000   5.119698E+000   1.535909E+000   1.415137E+001   3.583789E+000   1.056758E+001
   59901      30     2.200000     2.300000   5.897529E+000   1.702774E+000   5.815515E+000   1.744655E+000   4.194755E+000   4.070861E+000   1.238941E-001
   59901      31     2.300000     2.450000   6.412228E+000   1.923718E+000   6.410746E+000   1.923224E+000   4.488510E+000   4.487522E+000   9.878901E-004
   59901      32     2.450000     2.550000   2.808749E+000   6.435545E-001   2.498383E+000   7.495148E-001   2.165195E+000   1.748868E+000   4.163268E-001
   59901      33     2.550000     2.650000   2.466453E+000   2.915675E-001   1.315010E+000   3.945029E-001   2.174886E+000   9.205067E-001   1.254379E+000
   59901      34     2.650000     2.900000   5.107089E+000   1.289842E-002   2.043379E-001   6.130136E-002   5.094191E+000   1.430365E-001   4.951154E+000
   59901      35     2.900000     3.200000   4.829501E+000   5.308636E-001   2.887086E+000   8.661258E-001   4.298637E+000   2.020960E+000   2.277677E+000
   59901      36     3.200000     3.500000   4.479548E+000   8.582042E-001   3.824705E+000   1.147411E+000   3.621344E+000   2.677293E+000   9.440502E-001
   59901      37     3.500000     3.900000   5.317470E+000   1.196081E+000   4.798247E+000   1.439474E+000   4.121390E+000   3.358773E+000   7.626167E-001
   59901      38     3.900000     5.500000   8.889375E+000   4.823706E-001   2.464630E+000   7.393889E-001   8.407005E+000   1.725241E+000   6.681764E+000
   59901      39     5.500000     6.500000   2.171822E+000   6.329969E-001   2.150789E+000   6.452366E-001   1.538825E+000   1.505552E+000   3.327276E-002
   59901      40     6.500000     7.000000   6.459457E-001   4.533992E-002   3.626662E-001   1.087999E-001   6.006058E-001   2.538664E-001   3.467394E-001
   59901      41     7.000000     9.000000   1.525571E+000   8.740379E-002   4.875737E-001   1.462721E-001   1.438167E+000   3.413016E-001   1.096866E+000
   59901      42     9.000000    20.000000   1.633159E+000   4.699575E-002   3.400721E-001   1.020216E-001   1.586163E+000   2.380505E-001   1.348113E+000
