221   11.833113 2.595E-39 6.351E-18.06630.066 2329.91160.810.000000              1              1                    S  0q     344440 4 3 2 1 1 0    30.0    6.0
221   11.937345 2.286E-34 6.813E-18.06630.066    0.00000.810.000000              0              0                    S  0q     344440 4 3 2 1 1 0    30.0    6.0
221   19.721395 1.734E-38 1.050E-16.06210.062 2333.85600.790.000000              1              1                    S  1q     344440 4 3 2 1 1 0    21.0    9.0
221   19.895115 1.527E-33 1.126E-16.06210.062    3.97920.790.000000              0              0                    S  1q     344440 4 3 2 1 1 0    21.0    9.0
221   27.608986 1.798E-37 6.274E-16.05880.059 2341.74470.780.000000              1              1                    S  2q     344440 4 3 2 1 1 0    54.0   30.0
221   27.852196 1.582E-32 6.727E-16.05880.059   11.93730.780.000000              0              0                    S  2q     344440 4 3 2 1 1 0    54.0   30.0
221   35.495612 2.949E-37 2.336E-15.05620.056 2353.57740.770.000000              1              1                    S  3q     344440 4 3 2 1 1 0    33.0   21.0
221   35.808313 2.594E-32 2.506E-15.05620.056   23.87430.770.000000              0              0                    S  3q     344440 4 3 2 1 1 0    33.0   21.0
221   43.380995 1.468E-36 6.615E-15.05420.054 2369.35370.760.000000              1              1                    S  4q     344440 4 3 2 1 1 0    78.0   54.0
221   43.763189 1.290E-31 7.094E-15.05420.054   39.78950.760.000000              0              0                    S  4q     344440 4 3 2 1 1 0    78.0   54.0
221   51.264860 1.513E-36 1.565E-14.05250.052 2389.07300.760.000000              1              1                    S  5q     344440 4 3 2 1 1 0    45.0   33.0
221   51.716550 1.328E-31 1.679E-14.05250.052   59.68260.760.000000              0              0                    S  5q     344440 4 3 2 1 1 0    45.0   33.0
221   59.146931 5.421E-36 3.262E-14.05120.051 2412.73470.750.000000              1              1                    S  6q     344440 4 3 2 1 1 0   102.0   78.0
221   59.668120 4.754E-31 3.499E-14.05120.051   83.55270.750.000000              0              0                    S  6q     344440 4 3 2 1 1 0   102.0   78.0
221   67.026932 4.353E-36 6.186E-14.04990.050 2440.33790.740.000000              1              1                    S  7q     344440 4 3 2 1 1 0    57.0   45.0
221   67.617623 3.813E-31 6.637E-14.04990.050  111.39910.740.000000              0              0                    S  7q     344440 4 3 2 1 1 0    57.0   45.0
221   74.904588 1.279E-35 1.091E-13.04880.049 2471.88160.730.000000              1              1                    S  8q     344440 4 3 2 1 1 0   126.0  102.0
221   75.564784 1.119E-30 1.170E-13.04880.049  143.22090.730.000000              0              0                    S  8q     344440 4 3 2 1 1 0   126.0  102.0
221   82.779621 8.720E-36 1.815E-13.04760.048 2507.36480.710.000000              1              1                    S  9q     344440 4 3 2 1 1 0    69.0   57.0
221   83.509328 7.614E-31 1.948E-13.04760.048  179.01680.710.000000              0              0                    S  9q     344440 4 3 2 1 1 0    69.0   57.0
221   90.651758 2.228E-35 2.881E-13.04630.046 2546.78620.680.000000              1              1                    S 10q     344440 4 3 2 1 1 0   150.0  126.0
221   91.450979 1.942E-30 3.091E-13.04630.046  218.78560.680.000000              0              0                    S 10q     344440 4 3 2 1 1 0   150.0  126.0
221   98.520721 1.345E-35 4.398E-13.04480.045 2590.14440.650.000000              1              1                    S 11q     344440 4 3 2 1 1 0    81.0   69.0
221   99.389462 1.169E-30 4.715E-13.04480.045  262.52610.650.000000              0              0                    S 11q     344440 4 3 2 1 1 0    81.0   69.0
221  106.386236 3.083E-35 6.491E-13.04330.043 2637.43790.620.000000              1              1                    S 12q     344440 4 3 2 1 1 0   174.0  150.0
221  107.324503 2.676E-30 6.963E-13.04330.043  310.23660.620.000000              0              0                    S 12q     344440 4 3 2 1 1 0   174.0  150.0
221  114.248026 1.687E-35 9.314E-13.04150.042 2688.66510.570.000000              1              1                    S 13q     344440 4 3 2 1 1 0    93.0   81.0
221  115.255825 1.461E-30 9.994E-13.04150.042  361.91560.570.000000              0              0                    S 13q     344440 4 3 2 1 1 0    93.0   81.0
221  122.105817 3.537E-35 1.304E-12.03960.040 2743.82420.520.000000              1              1                    S 14q     344440 4 3 2 1 1 0   198.0  174.0
221  123.183154 3.055E-30 1.399E-12.03960.040  417.56110.520.000000              0              0                    S 14q     344440 4 3 2 1 1 0   198.0  174.0
221  129.959333 1.781E-35 1.787E-12.03750.037 2802.91320.470.000000              1              1                    S 15q     344440 4 3 2 1 1 0   105.0   93.0
221  131.106216 1.535E-30 1.918E-12.03750.037  477.17140.470.000000              0              0                    S 15q     344440 4 3 2 1 1 0   105.0   93.0
221  137.808299 3.457E-35 2.404E-12.03540.035 2865.93000.410.000000              1              1                    S 16q     344440 4 3 2 1 1 0   222.0  198.0
221  139.024735 2.970E-30 2.579E-12.03540.035  540.74430.410.000000              0              0                    S 16q     344440 4 3 2 1 1 0   222.0  198.0
221  145.652440 1.619E-35 3.179E-12.03320.033 2932.87250.340.000000              1              1                    S 17q     344440 4 3 2 1 1 0   117.0  105.0
221  146.938437 1.386E-30 3.409E-12.03320.033  608.27760.340.000000              0              0                    S 17q     344440 4 3 2 1 1 0   117.0  105.0
221  153.491480 2.932E-35 4.141E-12.03110.031 3003.73830.270.000000              1              1                    S 18q     344440 4 3 2 1 1 0   246.0  222.0
221  154.847047 2.503E-30 4.442E-12.03110.031  679.76900.270.000000              0              0                    S 18q     344440 4 3 2 1 1 0   246.0  222.0
221  161.325146 1.285E-35 5.319E-12.02910.029 3078.52490.200.000000              1              1                    S 19q     344440 4 3 2 1 1 0   129.0  117.0
221  162.750292 1.094E-30 5.710E-12.02910.029  755.21600.200.000000              0              0                    S 19q     344440 4 3 2 1 1 0   129.0  117.0
221  169.153161 2.185E-35 6.754E-12.02740.027 3157.22980.200.000000              1              1                    S 20q     344440 4 3 2 1 1 0   270.0  246.0
221  170.647896 1.853E-30 7.247E-12.02740.027  834.61610.200.000000              0              0                    S 20q     344440 4 3 2 1 1 0   270.0  246.0
221  176.975252 9.017E-36 8.481E-12.02730.027 3239.85010.200.000000              1              1                    S 21q     344440 4 3 2 1 1 0   141.0  129.0
221  178.539585 7.619E-31 9.100E-12.02730.027  917.96630.200.000000              0              0                    S 21q     344440 4 3 2 1 1 0   141.0  129.0
221  184.791144 1.446E-35 1.054E-11.02730.027 3326.38290.200.000000              1              1                    S 22q     344440 4 3 2 1 1 0   294.0  270.0
221  186.425086 1.217E-30 1.131E-11.02730.027 1005.26390.200.000000              0              0                    S 22q     344440 4 3 2 1 1 0   294.0  270.0
221  192.600563 5.636E-36 1.298E-11.02730.027 3416.82530.200.000000              1              1                    S 23q     344440 4 3 2 1 1 0   153.0  141.0
221  194.304125 4.725E-31 1.393E-11.02730.027 1096.50590.200.000000              0              0                    S 23q     344440 4 3 2 1 1 0   153.0  141.0
221  200.403234 8.551E-36 1.585E-11.02730.027 3511.17410.200.000000              1              1                    S 24q     344440 4 3 2 1 1 0   318.0  294.0
221  202.176428 7.140E-31 1.701E-11.02730.027 1191.68900.200.000000              0              0                    S 24q     344440 4 3 2 1 1 0   318.0  294.0
221  208.198883 3.158E-36 1.919E-11.02730.027 3609.42590.200.000000              1              1                    S 25q     344440 4 3 2 1 1 0   165.0  153.0
221  210.041721 2.626E-31 2.060E-11.02730.027 1290.81000.200.000000              0              0                    S 25q     344440 4 3 2 1 1 0   165.0  153.0
221  215.987236 4.546E-36 2.308E-11.02730.027 3711.57730.200.000000              1              1                    S 26q     344440 4 3 2 1 1 0   342.0  318.0
221  217.899732 3.763E-31 2.477E-11.02730.027 1393.86550.200.000000              0              0                    S 26q     344440 4 3 2 1 1 0   342.0  318.0
221  223.768021 1.595E-36 2.757E-11.02730.027 3817.62480.200.000000              1              1                    S 27q     344440 4 3 2 1 1 0   177.0  165.0
221  225.750187 1.314E-31 2.959E-11.02730.027 1500.85180.200.000000              0              0                    S 27q     344440 4 3 2 1 1 0   177.0  165.0
221  231.540962 2.183E-36 3.272E-11.02730.027 3927.56450.200.000000              1              1                    S 28q     344440 4 3 2 1 1 0   366.0  342.0
221  233.592812 1.789E-31 3.511E-11.02730.027 1611.76520.200.000000              0              0                    S 28q     344440 4 3 2 1 1 0   366.0  342.0
221  239.305788 7.286E-37 3.860E-11.02730.027 4041.39280.200.000000              1              1                    S 29q     344440 4 3 2 1 1 0   189.0  177.0
221  241.427336 5.944E-32 4.143E-11.02730.027 1726.60190.200.000000              0              0                    S 29q     344440 4 3 2 1 1 0   189.0  177.0
221  247.062223 9.496E-37 4.529E-11.02730.027 4159.10550.200.000000              1              1                    S 30q     344440 4 3 2 1 1 0   390.0  366.0
221  249.253485 7.707E-32 4.861E-11.02730.027 1845.35800.200.000000              0              0                    S 30q     344440 4 3 2 1 1 0   390.0  366.0
221  254.809997 3.021E-37 5.286E-11.02730.027 4280.69860.200.000000              1              1                    S 31q     344440 4 3 2 1 1 0   201.0  189.0
221  257.070988 2.439E-32 5.674E-11.02730.027 1968.02930.200.000000              0              0                    S 31q     344440 4 3 2 1 1 0   201.0  189.0
221  262.548835 3.756E-37 6.141E-11.02730.027 4406.16770.200.000000              1              1                    S 32q     344440 4 3 2 1 1 0   414.0  390.0
221  264.879571 3.016E-32 6.593E-11.02730.027 2094.61150.200.000000              0              0                    S 32q     344440 4 3 2 1 1 0   414.0  390.0
221  270.278465 1.140E-37 7.098E-11.02730.027 4535.50860.200.000000              1              1                    S 33q     344440 4 3 2 1 1 0   213.0  201.0
221  272.678963 9.105E-33 7.623E-11.02730.027 2225.10030.200.000000              0              0                    S 33q     344440 4 3 2 1 1 0   213.0  201.0
221  277.998614 1.354E-37 8.177E-11.02730.027 4668.71660.200.000000              1              1                    S 34q     344440 4 3 2 1 1 0   438.0  414.0
221  280.468893 1.074E-32 8.772E-11.02730.027 2359.49110.200.000000              0              0                    S 34q     344440 4 3 2 1 1 0   438.0  414.0
221  285.709011 3.926E-38 9.371E-11.02730.027 4805.78700.200.000000              1              1                    S 35q     344440 4 3 2 1 1 0   225.0  213.0
221  288.249088 3.098E-33 1.006E-10.02730.027 2497.77920.200.000000              0              0                    S 35q     344440 4 3 2 1 1 0   225.0  213.0
221  293.409383 4.455E-38 1.070E-10.02730.027 4946.71520.200.000000              1              1                    S 36q     344440 4 3 2 1 1 0   462.0  438.0
221  296.019276 3.494E-33 1.149E-10.02730.027 2639.96000.200.000000              0              0                    S 36q     344440 4 3 2 1 1 0   462.0  438.0
221  301.099459 1.236E-38 1.218E-10.02730.027 5091.49610.200.000000              1              1                    S 37q     344440 4 3 2 1 1 0   237.0  225.0
221  303.779188 9.632E-34 1.308E-10.02730.027 2786.02830.200.000000              0              0                    S 37q     344440 4 3 2 1 1 0   237.0  225.0
221  308.778967 1.341E-38 1.381E-10.02730.027 5240.12460.200.000000              1              1                    S 38q     344440 4 3 2 1 1 0   486.0  462.0
221  311.528552 1.039E-33 1.484E-10.02730.027 2935.97920.200.000000              0              0                    S 38q     344440 4 3 2 1 1 0   486.0  462.0
221  316.447635 3.562E-39 1.561E-10.02730.027 5392.59550.200.000000              1              1                    S 39q     344440 4 3 2 1 1 0   249.0  237.0
221  319.267097 2.740E-34 1.677E-10.02730.027 3089.80750.200.000000              0              0                    S 39q     344440 4 3 2 1 1 0   249.0  237.0
221  324.105193 3.702E-39 1.759E-10.02730.027 5548.90350.200.000000              1              1                    S 40q     344440 4 3 2 1 1 0   510.0  486.0
221  326.994553 2.828E-34 1.889E-10.02730.027 3247.50780.200.000000              0              0                    S 40q     344440 4 3 2 1 1 0   510.0  486.0
221  334.710650 7.142E-35 2.122E-10.02730.027 3409.07460.200.000000              0              0                    S 41q     344440 4 3 2 1 1 0   261.0  249.0
221  342.415117 7.061E-35 2.376E-10.02730.027 3574.50230.200.000000              0              0                    S 42q     344440 4 3 2 1 1 0   534.0  510.0
221  350.107686 1.708E-35 2.654E-10.02730.027 3743.78520.200.000000              0              0                    S 43q     344440 4 3 2 1 1 0   273.0  261.0
221  357.788086 1.619E-35 2.958E-10.02730.027 3916.91750.200.000000              0              0                    S 44q     344440 4 3 2 1 1 0   558.0  534.0
221  365.456049 3.755E-36 3.287E-10.02730.027 4093.89290.200.000000              0              0                    S 45q     344440 4 3 2 1 1 0   285.0  273.0
221  373.111305 3.412E-36 3.644E-10.02730.027 4274.70550.200.000000              0              0                    S 46q     344440 4 3 2 1 1 0   582.0  558.0
221  380.753586 7.590E-37 4.030E-10.02730.027 4459.34900.200.000000              0              0                    S 47q     344440 4 3 2 1 1 0   297.0  285.0
221  388.382623 6.616E-37 4.447E-10.02730.027 4647.81680.200.000000              0              0                    S 48q     344440 4 3 2 1 1 0   606.0  582.0
221  395.998149 1.413E-37 4.899E-10.02730.027 4840.10260.200.000000              0              0                    S 49q     344440 4 3 2 1 1 0   309.0  297.0
221  403.599896 1.182E-37 5.382E-10.02730.027 5036.19950.200.000000              0              0                    S 50q     344440 4 3 2 1 1 0   630.0  606.0
221  411.187596 2.422E-38 5.901E-10.02730.027 5236.10070.200.000000              0              0                    S 51q     344440 4 3 2 1 1 0   321.0  309.0
221  418.760981 1.946E-38 6.460E-10.02730.027 5439.79940.200.000000              0              0                    S 52q     344440 4 3 2 1 1 0   654.0  630.0
221  426.319785 3.831E-39 7.059E-10.02730.027 5647.28830.200.000000              0              0                    S 53q     344440 4 3 2 1 1 0   333.0  321.0
221  433.863742 2.957E-39 7.700E-10.02730.027 5858.56030.200.000000              0              0                    S 54q     344440 4 3 2 1 1 0   678.0  654.0
221 1881.949441 3.674E-39 2.311E-09.02730.027 5439.79940.200.000000              1              0                    O 52q     344440 4 3 2 1 1 0   606.0  630.0
221 1891.293418 4.959E-39 2.389E-09.02730.027 5236.10070.200.000000              1              0                    O 51q     344440 4 3 2 1 1 0   297.0  309.0
221 1900.616119 2.628E-38 2.469E-09.02730.027 5036.19950.200.000000              1              0                    O 50q     344440 4 3 2 1 1 0   582.0  606.0
221 1909.917291 3.415E-38 2.551E-09.02730.027 4840.10260.200.000000              1              0                    O 49q     344440 4 3 2 1 1 0   285.0  297.0
221 1919.196678 1.742E-37 2.635E-09.02730.027 4647.81680.200.000000              1              0                    O 48q     344440 4 3 2 1 1 0   558.0  582.0
221 1928.454026 2.179E-37 2.721E-09.02730.027 4459.34900.200.000000              1              0                    O 47q     344440 4 3 2 1 1 0   273.0  285.0
221 1937.689078 1.070E-36 2.811E-09.02730.027 4274.70550.200.000000              1              0                    O 46q     344440 4 3 2 1 1 0   534.0  558.0
221 1946.901579 1.288E-36 2.902E-09.02730.027 4093.89290.200.000000              1              0                    O 45q     344440 4 3 2 1 1 0   261.0  273.0
221 1956.091271 6.082E-36 2.995E-09.02730.027 3916.91750.200.000000              1              0                    O 44q     344440 4 3 2 1 1 0   510.0  534.0
221 1965.257896 7.045E-36 3.092E-09.02730.027 3743.78520.200.000000              1              0                    O 43q     344440 4 3 2 1 1 0   249.0  261.0
221 1966.628494 4.218E-39 6.460E-09.02730.027 5548.90350.200.000000              2              1                    O 40q     344440 4 3 2 1 1 0   462.0  486.0
221 1974.401195 3.202E-35 3.192E-09.02730.027 3574.50230.200.000000              1              0                    O 42q     344440 4 3 2 1 1 0   486.0  510.0
221 1975.634647 4.490E-39 6.665E-09.02730.027 5392.59550.200.000000              2              1                    O 39q     344440 4 3 2 1 1 0   225.0  237.0
221 1983.520910 3.567E-35 3.293E-09.02730.027 3409.07460.200.000000              1              0                    O 41q     344440 4 3 2 1 1 0   237.0  249.0
221 1984.616333 1.875E-38 6.876E-09.02730.027 5240.12460.200.000000              2              1                    O 38q     344440 4 3 2 1 1 0   438.0  462.0
221 1992.616781 1.559E-34 3.397E-09.02730.027 3247.50780.200.000000              1              0                    O 40q     344440 4 3 2 1 1 0   462.0  486.0
221 1993.573291 1.919E-38 7.091E-09.02730.027 5091.49610.200.000000              2              1                    O 37q     344440 4 3 2 1 1 0   213.0  225.0
221 2001.688548 1.671E-34 3.506E-09.02730.027 3089.80750.200.000000              1              0                    O 39q     344440 4 3 2 1 1 0   225.0  237.0
221 2002.505259 7.706E-38 7.313E-09.02730.027 4946.71520.200.000000              2              1                    O 36q     344440 4 3 2 1 1 0   414.0  438.0
221 2010.735950 7.024E-34 3.616E-09.02730.027 2935.97920.200.000000              1              0                    O 38q     344440 4 3 2 1 1 0   438.0  462.0
221 2011.411974 7.586E-38 7.541E-09.02730.027 4805.78700.200.000000              2              1                    O 35q     344440 4 3 2 1 1 0   201.0  213.0
221 2019.758725 7.237E-34 3.730E-09.02730.027 2786.02830.200.000000              1              0                    O 37q     344440 4 3 2 1 1 0   213.0  225.0
221 2020.293175 2.929E-37 7.775E-09.02730.027 4668.71660.200.000000              2              1                    O 34q     344440 4 3 2 1 1 0   390.0  414.0
221 2028.756612 2.924E-33 3.846E-09.02730.027 2639.96000.200.000000              1              0                    O 36q     344440 4 3 2 1 1 0   414.0  438.0
221 2029.148597 2.771E-37 8.014E-09.02730.027 4535.50860.200.000000              2              1                    O 33q     344440 4 3 2 1 1 0   189.0  201.0
221 2037.729348 2.897E-33 3.967E-09.02730.027 2497.77920.200.000000              1              0                    O 35q     344440 4 3 2 1 1 0   201.0  213.0
221 2037.977976 1.028E-36 8.259E-09.02730.027 4406.16770.200.000000              2              1                    O 32q     344440 4 3 2 1 1 0   366.0  390.0
221 2046.676670 1.125E-32 4.090E-09.02730.027 2359.49110.200.000000              1              0                    O 34q     344440 4 3 2 1 1 0   390.0  414.0
221 2046.781048 9.352E-37 8.516E-09.02730.027 4280.69860.200.000000              2              1                    O 31q     344440 4 3 2 1 1 0   177.0  189.0
221 2055.557548 3.335E-36 8.778E-09.02730.027 4159.10550.200.000000              2              1                    O 30q     344440 4 3 2 1 1 0   342.0  366.0
221 2055.598315 1.071E-32 4.217E-09.02730.027 2225.10030.200.000000              1              0                    O 33q     344440 4 3 2 1 1 0   189.0  201.0
221 2064.307210 2.913E-36 9.044E-09.02730.027 4041.39280.200.000000              2              1                    O 29q     344440 4 3 2 1 1 0   165.0  177.0
221 2064.494018 3.996E-32 4.346E-09.02730.027 2094.61150.200.000000              1              0                    O 32q     344440 4 3 2 1 1 0   366.0  390.0
221 2073.029769 9.976E-36 9.320E-09.02730.027 3927.56450.200.000000              2              1                    O 28q     344440 4 3 2 1 1 0   318.0  342.0
221 2073.363515 3.654E-32 4.480E-09.02730.027 1968.02930.200.000000              1              0                    O 31q     344440 4 3 2 1 1 0   177.0  189.0
221 2080.557540 1.490E-39 1.495E-08.02730.027 5801.96980.200.000000              3              2                    O 24q     344440 4 3 2 1 1 0   270.0  294.0
221 2081.724958 8.369E-36 9.603E-09.02730.027 3817.62480.200.000000              2              1                    O 27q     344440 4 3 2 1 1 0   153.0  165.0
221 2082.206541 1.310E-31 4.618E-09.02730.027 1845.35800.200.000000              1              0                    O 30q     344440 4 3 2 1 1 0   342.0  366.0
221 2089.073101 1.146E-39 1.540E-08.02730.027 5708.45800.200.000000              3              2                    O 23q     344440 4 3 2 1 1 0   129.0  141.0
221 2090.392510 2.752E-35 9.897E-09.02730.027 3711.57730.200.000000              2              1                    O 26q     344440 4 3 2 1 1 0   294.0  318.0
221 2091.022830 1.150E-31 4.758E-09.02730.027 1726.60190.200.000000              1              0                    O 29q     344440 4 3 2 1 1 0   165.0  177.0
221 2097.559855 3.454E-39 1.587E-08.02730.027 5618.81770.200.000000              3              2                    O 22q     344440 4 3 2 1 1 0   246.0  270.0
221 2099.032157 2.216E-35 1.020E-08.02730.027 3609.42590.200.000000              2              1                    O 25q     344440 4 3 2 1 1 0   141.0  153.0
221 2099.812117 3.958E-31 4.903E-09.02730.027 1611.76520.200.000000              1              0                    O 28q     344440 4 3 2 1 1 0   318.0  342.0
221 2106.017530 2.548E-39 1.636E-08.02730.027 5533.05200.200.000000              3              2                    O 21q     344440 4 3 2 1 1 0   117.0  129.0
221 2107.643632 6.990E-35 1.050E-08.02730.027 3511.17410.200.000000              2              1                    O 24q     344440 4 3 2 1 1 0   270.0  294.0
221 2108.574134 3.337E-31 5.053E-09.02730.027 1500.85180.200.000000              1              0                    O 27q     344440 4 3 2 1 1 0   153.0  165.0
221 2114.445859 7.357E-39 1.685E-08.02740.027 5451.16390.200.000000              3              2                    O 20q     344440 4 3 2 1 1 0   222.0  246.0
221 2116.226667 5.399E-35 1.082E-08.02730.027 3416.82530.200.000000              2              1                    O 23q     344440 4 3 2 1 1 0   129.0  141.0
221 2117.308615 1.102E-30 5.206E-09.02730.027 1393.86550.200.000000              1              0                    O 26q     344440 4 3 2 1 1 0   294.0  318.0
221 2122.844571 5.198E-39 1.737E-08.02910.029 5373.15640.200.000000              3              2                    O 19q     344440 4 3 2 1 1 0   105.0  117.0
221 2124.780993 1.633E-34 1.115E-08.02730.027 3326.38290.200.000000              2              1                    O 22q     344440 4 3 2 1 1 0   246.0  270.0
221 2126.015293 8.914E-31 5.364E-09.02730.027 1290.81000.200.000000              1              0                    O 25q     344440 4 3 2 1 1 0   141.0  153.0
221 2131.213395 1.437E-38 1.790E-08.03110.031 5299.03220.270.000000              3              2                    O 18q     344440 4 3 2 1 1 0   198.0  222.0
221 2133.306341 1.209E-34 1.149E-08.02730.027 3239.85010.200.000000              2              1                    O 21q     344440 4 3 2 1 1 0   117.0  129.0
221 2134.693899 2.824E-30 5.526E-09.02730.027 1191.68900.200.000000              1              0                    O 24q     344440 4 3 2 1 1 0   270.0  294.0
221 2139.552061 9.717E-39 1.846E-08.03320.033 5228.79400.340.000000              3              2                    O 17q     344440 4 3 2 1 1 0    93.0  105.0
221 2141.802441 3.505E-34 1.184E-08.02740.027 3157.22980.200.000000              2              1                    O 20q     344440 4 3 2 1 1 0   222.0  246.0
221 2143.344166 2.190E-30 5.693E-09.02730.027 1096.50590.200.000000              1              0                    O 23q     344440 4 3 2 1 1 0   129.0  141.0
221 2147.860298 2.569E-38 1.904E-08.03540.035 5162.44410.410.000000              3              2                    O 16q     344440 4 3 2 1 1 0   174.0  198.0
221 2150.269023 2.485E-34 1.220E-08.02910.029 3078.52490.200.000000              2              1                    O 19q     344440 4 3 2 1 1 0   105.0  117.0
221 2151.965824 6.652E-30 5.867E-09.02730.027 1005.26390.200.000000              1              0                    O 22q     344440 4 3 2 1 1 0   246.0  270.0
221 2156.137833 1.659E-38 1.965E-08.03750.037 5099.98500.470.000000              3              2                    O 15q     344440 4 3 2 1 1 0    81.0   93.0
221 2158.705818 6.894E-34 1.258E-08.03110.031 3003.73830.270.000000              2              1                    O 18q     344440 4 3 2 1 1 0   198.0  222.0
221 2160.558605 4.944E-30 6.046E-09.02730.027  917.96630.200.000000              1              0                    O 21q     344440 4 3 2 1 1 0   117.0  129.0
221 2164.384394 4.183E-38 2.028E-08.03960.040 5041.41900.520.000000              3              2                    O 14q     344440 4 3 2 1 1 0   150.0  174.0
221 2167.112553 4.675E-34 1.297E-08.03320.033 2932.87250.340.000000              2              1                    O 17q     344440 4 3 2 1 1 0    93.0  105.0
221 2169.122240 1.438E-29 6.230E-09.02740.027  834.61610.200.000000              1              0                    O 20q     344440 4 3 2 1 1 0   222.0  246.0
221 2172.599710 2.574E-38 2.096E-08.04150.042 4986.74790.570.000000              3              2                    O 13q     344440 4 3 2 1 1 0    69.0   81.0
221 2175.488959 1.239E-33 1.337E-08.03540.035 2865.93000.410.000000              2              1                    O 16q     344440 4 3 2 1 1 0   174.0  198.0
221 2177.656457 1.023E-29 6.420E-09.02910.029  755.21600.200.000000              1              0                    O 19q     344440 4 3 2 1 1 0   105.0  117.0
221 2180.783508 6.174E-38 2.167E-08.04330.043 4935.97390.620.000000              3              2                    O 12q     344440 4 3 2 1 1 0   126.0  150.0
221 2183.834763 8.026E-34 1.380E-08.03750.037 2802.91320.470.000000              2              1                    O 15q     344440 4 3 2 1 1 0    81.0   93.0
221 2186.160988 2.848E-29 6.620E-09.03110.031  679.76900.270.000000              1              0                    O 18q     344440 4 3 2 1 1 0   198.0  222.0
221 2188.935514 3.605E-38 2.244E-08.04480.045 4889.09860.650.000000              3              2                    O 11q     344440 4 3 2 1 1 0    57.0   69.0
221 2192.149695 2.029E-33 1.425E-08.03960.040 2743.82420.520.000000              2              1                    O 14q     344440 4 3 2 1 1 0   150.0  174.0
221 2194.635561 1.937E-29 6.824E-09.03320.033  608.27760.340.000000              1              0                    O 17q     344440 4 3 2 1 1 0    93.0  105.0
221 2197.055455 8.184E-38 2.327E-08.04630.046 4846.12380.680.000000              3              2                    O 10q     344440 4 3 2 1 1 0   102.0  126.0
221 2200.433481 1.252E-33 1.473E-08.04150.042 2688.66510.570.000000              2              1                    O 13q     344440 4 3 2 1 1 0    69.0   81.0
221 2203.079906 5.151E-29 7.039E-09.03540.035  540.74430.410.000000              1              0                    O 16q     344440 4 3 2 1 1 0   174.0  198.0
221 2205.143057 4.506E-38 2.419E-08.04760.048 4807.05090.710.000000              3              2                    O  9q     344440 4 3 2 1 1 0    45.0   57.0
221 2208.685849 3.009E-33 1.522E-08.04330.043 2637.43790.620.000000              2              1                    O 12q     344440 4 3 2 1 1 0   126.0  150.0
221 2211.493751 3.345E-29 7.265E-09.03750.037  477.17140.470.000000              1              0                    O 15q     344440 4 3 2 1 1 0    81.0   93.0
221 2213.198046 9.600E-38 2.525E-08.04880.049 4771.88140.730.000000              3              2                    O  8q     344440 4 3 2 1 1 0    78.0  102.0
221 2216.906527 1.761E-33 1.577E-08.04480.045 2590.14440.650.000000              2              1                    O 11q     344440 4 3 2 1 1 0    57.0   69.0
221 2219.876825 8.480E-29 7.500E-09.03960.040  417.56110.520.000000              1              0                    O 14q     344440 4 3 2 1 1 0   150.0  174.0
221 2221.220147 4.925E-38 2.649E-08.04990.050 4740.61650.740.000000              3              2                    O  7q     344440 4 3 2 1 1 0    33.0   45.0
221 2225.095241 4.005E-33 1.635E-08.04630.046 2546.78620.680.000000              2              1                    O 10q     344440 4 3 2 1 1 0   102.0  126.0
221 2228.228855 5.242E-29 7.748E-09.04150.042  361.91560.570.000000              1              0                    O 13q     344440 4 3 2 1 1 0    69.0   81.0
221 2229.209086 9.671E-38 2.803E-08.05120.051 4713.25730.750.000000              3              2                    O  6q     344440 4 3 2 1 1 0    54.0   78.0
221 2233.251717 2.209E-33 1.700E-08.04760.048 2507.36480.710.000000              2              1                    O  9q     344440 4 3 2 1 1 0    45.0   57.0
221 2236.549570 1.263E-28 8.012E-09.04330.043  310.23660.620.000000              1              0                    O 12q     344440 4 3 2 1 1 0   126.0  150.0
221 2237.164588 4.496E-38 3.011E-08.05250.052 4689.80470.760.000000              3              2                    O  5q     344440 4 3 2 1 1 0    21.0   33.0
221 2241.375683 4.714E-33 1.774E-08.04880.049 2471.88160.730.000000              2              1                    O  8q     344440 4 3 2 1 1 0    78.0  102.0
221 2244.838696 7.407E-29 8.298E-09.04480.045  262.52610.650.000000              1              0                    O 11q     344440 4 3 2 1 1 0    57.0   69.0
221 2245.086377 7.767E-38 3.335E-08.05420.054 4670.25960.760.000000              3              2                    O  4q     344440 4 3 2 1 1 0    30.0   54.0
221 2249.466863 2.422E-33 1.862E-08.04990.050 2440.33790.740.000000              2              1                    O  7q     344440 4 3 2 1 1 0    33.0   45.0
221 2252.974178 2.986E-38 3.989E-08.05620.056 4654.62280.770.000000              3              2                    O  3q     344440 4 3 2 1 1 0     9.0   21.0
221 2253.095961 1.688E-28 8.606E-09.04630.046  218.78560.680.000000              1              0                    O 10q     344440 4 3 2 1 1 0   102.0  126.0
221 2257.524983 4.762E-33 1.970E-08.05120.051 2412.73470.750.000000              2              1                    O  6q     344440 4 3 2 1 1 0    54.0   78.0
221 2260.827714 3.575E-38 6.814E-08.05880.059 4642.89460.780.000000              3              2                    O  2q     344440 4 3 2 1 1 0     6.0   30.0
221 2261.321091 9.329E-29 8.951E-09.04760.048  179.01680.710.000000              1              0                    O  9q     344440 4 3 2 1 1 0    45.0   57.0
221 2262.065563 1.596E-39 1.739E-08.02000.020 5801.96980.200.000000              3              2                    Q 24q     344440 4 3 2 1 1 0   294.0  294.0
221 2262.905123 1.207E-39 1.742E-08.02140.021 5708.45800.200.000000              3              2                    Q 23q     344440 4 3 2 1 1 0   141.0  141.0
221 2263.709651 3.576E-39 1.744E-08.02300.023 5618.81770.200.000000              3              2                    Q 22q     344440 4 3 2 1 1 0   270.0  270.0
221 2264.479154 2.594E-39 1.746E-08.02500.025 5533.05200.200.000000              3              2                    Q 21q     344440 4 3 2 1 1 0   129.0  129.0
221 2265.213638 7.372E-39 1.749E-08.02730.027 5451.16390.200.000000              3              2                    Q 20q     344440 4 3 2 1 1 0   246.0  246.0
221 2265.549769 2.216E-33 2.117E-08.05250.052 2389.07300.760.000000              2              1                    O  5q     344440 4 3 2 1 1 0    21.0   33.0
221 2265.913109 5.126E-39 1.751E-08.02990.030 5373.15640.200.000000              3              2                    Q 19q     344440 4 3 2 1 1 0   117.0  117.0
221 2266.577573 1.396E-38 1.754E-08.03270.033 5299.03220.270.000000              3              2                    Q 18q     344440 4 3 2 1 1 0   222.0  222.0
221 2267.207035 9.294E-39 1.756E-08.03320.033 5228.79400.340.000000              3              2                    Q 17q     344440 4 3 2 1 1 0   105.0  105.0
221 2267.801499 2.422E-38 1.759E-08.03390.034 5162.44410.410.000000              3              2                    Q 16q     344440 4 3 2 1 1 0   198.0  198.0
221 2268.360971 1.542E-38 1.761E-08.03300.033 5099.98500.470.000000              3              2                    Q 15q     344440 4 3 2 1 1 0    93.0   93.0
221 2268.885455 3.839E-38 1.763E-08.03570.036 5041.41900.520.000000              3              2                    Q 14q     344440 4 3 2 1 1 0   174.0  174.0
221 2269.374956 2.333E-38 1.765E-08.03560.036 4986.74790.570.000000              3              2                    Q 13q     344440 4 3 2 1 1 0    81.0   81.0
221 2269.513814 1.994E-28 9.342E-09.04880.049  143.22090.730.000000              1              0                    O  8q     344440 4 3 2 1 1 0    78.0  102.0
221 2269.750311 1.322E-39 1.181E-08.02000.020 5873.00870.200.000000              2              1                    Q 42q     344440 4 3 2 1 1 0   510.0  510.0
221 2269.829476 5.536E-38 1.768E-08.03740.037 4935.97390.620.000000              3              2                    Q 12q     344440 4 3 2 1 1 0   150.0  150.0
221 2270.249019 3.202E-38 1.771E-08.04320.043 4889.09860.650.000000              3              2                    Q 11q     344440 4 3 2 1 1 0    69.0   69.0
221 2270.633589 7.216E-38 1.774E-08.04660.047 4846.12380.680.000000              3              2                    Q 10q     344440 4 3 2 1 1 0   126.0  126.0
221 2270.983189 3.954E-38 1.778E-08.04720.047 4807.05090.710.000000              3              2                    Q  9q     344440 4 3 2 1 1 0    57.0   57.0
221 2271.217207 1.433E-39 1.183E-08.02000.020 5709.04310.200.000000              2              1                    Q 41q     344440 4 3 2 1 1 0   249.0  249.0
221 2271.297821 8.415E-38 1.782E-08.04690.047 4771.88140.730.000000              3              2                    Q  8q     344440 4 3 2 1 1 0   102.0  102.0
221 2271.577488 4.336E-38 1.789E-08.04760.048 4740.61650.740.000000              3              2                    Q  7q     344440 4 3 2 1 1 0    45.0   45.0
221 2271.822191 8.625E-38 1.797E-08.04690.047 4713.25730.750.000000              3              2                    Q  6q     344440 4 3 2 1 1 0    78.0   78.0
221 2272.031934 4.120E-38 1.811E-08.04770.048 4689.80470.760.000000              3              2                    Q  5q     344440 4 3 2 1 1 0    33.0   33.0
221 2272.206717 7.512E-38 1.835E-08.04900.049 4670.25960.760.000000              3              2                    Q  4q     344440 4 3 2 1 1 0    54.0   54.0
221 2272.346542 3.236E-38 1.885E-08.05090.051 4654.62280.770.000000              3              2                    Q  3q     344440 4 3 2 1 1 0    21.0   21.0
221 2272.451410 5.245E-38 2.020E-08.05350.053 4642.89460.780.000000              3              2                    Q  2q     344440 4 3 2 1 1 0    30.0   30.0
221 2272.521321 2.288E-38 2.828E-08.05670.057 4635.07560.790.000000              3              2                    Q  1q     344440 4 3 2 1 1 0     9.0    9.0
221 2272.649023 6.101E-39 1.186E-08.02000.020 5548.90350.200.000000              2              1                    Q 40q     344440 4 3 2 1 1 0   486.0  486.0
221 2273.540946 3.832E-33 2.344E-08.05420.054 2369.35370.760.000000              2              1                    O  4q     344440 4 3 2 1 1 0    30.0   54.0
221 2274.045770 6.367E-39 1.189E-08.02000.020 5392.59550.200.000000              2              1                    Q 39q     344440 4 3 2 1 1 0   237.0  237.0
221 2275.407461 2.607E-38 1.191E-08.02000.020 5240.12460.200.000000              2              1                    Q 38q     344440 4 3 2 1 1 0   462.0  462.0
221 2276.734106 2.618E-38 1.194E-08.02000.020 5091.49610.200.000000              2              1                    Q 37q     344440 4 3 2 1 1 0   225.0  225.0
221 2277.673854 1.026E-28 9.804E-09.04990.050  111.39910.740.000000              1              0                    O  7q     344440 4 3 2 1 1 0    33.0   45.0
221 2278.025716 1.031E-37 1.197E-08.02000.020 4946.71520.200.000000              2              1                    Q 36q     344440 4 3 2 1 1 0   438.0  438.0
221 2279.282302 9.957E-38 1.199E-08.02000.020 4805.78700.200.000000              2              1                    Q 35q     344440 4 3 2 1 1 0   213.0  213.0
221 2280.112167 1.263E-39 6.037E-09.02000.020 5647.28830.200.000000              1              0                    Q 53q     344440 4 3 2 1 1 0   321.0  321.0
221 2280.503873 3.772E-37 1.202E-08.02000.020 4668.71660.200.000000              2              1                    Q 34q     344440 4 3 2 1 1 0   414.0  414.0
221 2281.498238 1.474E-33 2.803E-08.05620.056 2353.57740.770.000000              2              1                    O  3q     344440 4 3 2 1 1 0     9.0   21.0
221 2281.690439 3.502E-37 1.204E-08.02000.020 4535.50860.200.000000              2              1                    Q 33q     344440 4 3 2 1 1 0   201.0  201.0
221 2281.959652 6.806E-39 6.055E-09.02000.020 5439.79940.200.000000              1              0                    Q 52q     344440 4 3 2 1 1 0   630.0  630.0
221 2282.842009 1.275E-36 1.206E-08.02000.020 4406.16770.200.000000              2              1                    Q 32q     344440 4 3 2 1 1 0   390.0  390.0
221 2283.772036 8.998E-39 6.074E-09.02000.020 5236.10070.200.000000              1              0                    Q 51q     344440 4 3 2 1 1 0   309.0  309.0
221 2283.958593 1.138E-36 1.208E-08.02000.020 4280.69860.200.000000              2              1                    Q 31q     344440 4 3 2 1 1 0   189.0  189.0
221 2284.179972 3.990E-38 1.466E-08.06630.066 4631.16610.810.000000              3              2                    S  0q     344440 4 3 2 1 1 0    30.0    6.0
221 2285.040199 3.985E-36 1.211E-08.02000.020 4159.10550.200.000000              2              1                    Q 30q     344440 4 3 2 1 1 0   366.0  366.0
221 2285.549336 4.669E-38 6.091E-09.02000.020 5036.19950.200.000000              1              0                    Q 50q     344440 4 3 2 1 1 0   606.0  606.0
221 2285.800938 2.019E-28 1.037E-08.05120.051   83.55270.750.000000              1              0                    O  6q     344440 4 3 2 1 1 0    54.0   78.0
221 2286.086835 3.418E-36 1.213E-08.02000.020 4041.39280.200.000000              2              1                    Q 29q     344440 4 3 2 1 1 0   177.0  177.0
221 2287.098510 1.149E-35 1.215E-08.02000.020 3927.56450.200.000000              2              1                    Q 28q     344440 4 3 2 1 1 0   342.0  342.0
221 2287.291567 5.944E-38 6.109E-09.02000.020 4840.10260.200.000000              1              0                    Q 49q     344440 4 3 2 1 1 0   297.0  297.0
221 2288.075231 9.470E-36 1.217E-08.02000.020 3817.62480.200.000000              2              1                    Q 27q     344440 4 3 2 1 1 0   165.0  165.0
221 2288.998742 2.970E-37 6.127E-09.02000.020 4647.81680.200.000000              1              0                    Q 48q     344440 4 3 2 1 1 0   582.0  582.0
221 2289.017005 3.058E-35 1.219E-08.02000.020 3711.57730.200.000000              2              1                    Q 26q     344440 4 3 2 1 1 0   318.0  318.0
221 2289.421370 1.766E-33 4.790E-08.05880.059 2341.74470.780.000000              2              1                    O  2q     344440 4 3 2 1 1 0     6.0   30.0
221 2289.923840 2.420E-35 1.221E-08.02000.020 3609.42590.200.000000              2              1                    Q 25q     344440 4 3 2 1 1 0   153.0  153.0
221 2290.670876 3.640E-37 6.144E-09.02000.020 4459.34900.200.000000              1              0                    Q 47q     344440 4 3 2 1 1 0   285.0  285.0
221 2290.795743 7.502E-35 1.223E-08.02000.020 3511.17410.200.000000              2              1                    Q 24q     344440 4 3 2 1 1 0   294.0  294.0
221 2291.632720 5.695E-35 1.225E-08.02140.021 3416.82530.200.000000              2              1                    Q 23q     344440 4 3 2 1 1 0   141.0  141.0
221 2291.893685 3.586E-38 1.932E-08.06210.062 4635.07560.790.000000              3              2                    S  1q     344440 4 3 2 1 1 0    21.0    9.0
221 2292.307983 1.751E-36 6.161E-09.02000.020 4274.70550.200.000000              1              0                    Q 46q     344440 4 3 2 1 1 0   558.0  558.0
221 2292.434777 1.694E-34 1.227E-08.02300.023 3326.38290.200.000000              2              1                    Q 22q     344440 4 3 2 1 1 0   270.0  270.0
221 2293.201920 1.233E-34 1.228E-08.02500.025 3239.85010.200.000000              2              1                    Q 21q     344440 4 3 2 1 1 0   129.0  129.0
221 2293.894793 9.408E-29 1.114E-08.05250.052   59.68260.760.000000              1              0                    O  5q     344440 4 3 2 1 1 0    21.0   33.0
221 2293.910075 2.065E-36 6.176E-09.02000.020 4093.89290.200.000000              1              0                    Q 45q     344440 4 3 2 1 1 0   273.0  273.0
221 2293.934155 3.517E-34 1.230E-08.02730.027 3157.22980.200.000000              2              1                    Q 20q     344440 4 3 2 1 1 0   246.0  246.0
221 2294.631487 2.454E-34 1.232E-08.02990.030 3078.52490.200.000000              2              1                    Q 19q     344440 4 3 2 1 1 0   117.0  117.0
221 2295.293921 6.703E-34 1.233E-08.03270.033 3003.73830.270.000000              2              1                    Q 18q     344440 4 3 2 1 1 0   222.0  222.0
221 2295.477165 9.559E-36 6.192E-09.02000.020 3916.91750.200.000000              1              0                    Q 44q     344440 4 3 2 1 1 0   534.0  534.0
221 2295.921463 4.477E-34 1.235E-08.03320.033 2932.87250.340.000000              2              1                    Q 17q     344440 4 3 2 1 1 0   105.0  105.0
221 2296.514117 1.170E-33 1.237E-08.03390.034 2865.93000.410.000000              2              1                    Q 16q     344440 4 3 2 1 1 0   198.0  198.0
221 2297.009265 1.085E-35 6.206E-09.02000.020 3743.78520.200.000000              1              0                    Q 43q     344440 4 3 2 1 1 0   261.0  261.0
221 2297.071886 7.470E-34 1.238E-08.03300.033 2802.91320.470.000000              2              1                    Q 15q     344440 4 3 2 1 1 0    93.0   93.0
221 2297.594776 1.864E-33 1.239E-08.03570.036 2743.82420.520.000000              2              1                    Q 14q     344440 4 3 2 1 1 0   174.0  174.0
221 2298.082789 1.136E-33 1.242E-08.03560.036 2688.66510.570.000000              2              1                    Q 13q     344440 4 3 2 1 1 0    81.0   81.0
221 2298.506388 4.834E-35 6.223E-09.02000.020 3574.50230.200.000000              1              0                    Q 42q     344440 4 3 2 1 1 0   510.0  510.0
221 2298.535930 2.701E-33 1.243E-08.03740.037 2637.43790.620.000000              2              1                    Q 12q     344440 4 3 2 1 1 0   150.0  150.0
221 2298.954202 1.565E-33 1.245E-08.04320.043 2590.14440.650.000000              2              1                    Q 11q     344440 4 3 2 1 1 0    69.0   69.0
221 2299.337607 3.534E-33 1.247E-08.04660.047 2546.78620.680.000000              2              1                    Q 10q     344440 4 3 2 1 1 0   126.0  126.0
221 2299.571749 1.004E-37 2.200E-08.05880.059 4642.89460.780.000000              3              2                    S  2q     344440 4 3 2 1 1 0    54.0   30.0
221 2299.686148 1.940E-33 1.250E-08.04720.047 2507.36480.710.000000              2              1                    Q  9q     344440 4 3 2 1 1 0    57.0   57.0
221 2299.968546 5.280E-35 6.238E-09.02000.020 3409.07460.200.000000              1              0                    Q 41q     344440 4 3 2 1 1 0   249.0  249.0
221 2299.999829 4.134E-33 1.253E-08.04690.047 2471.88160.730.000000              2              1                    Q  8q     344440 4 3 2 1 1 0   102.0  102.0
221 2300.278650 2.133E-33 1.257E-08.04760.048 2440.33790.740.000000              2              1                    Q  7q     344440 4 3 2 1 1 0    45.0   45.0
221 2300.522614 4.248E-33 1.264E-08.04690.047 2412.73470.750.000000              2              1                    Q  6q     344440 4 3 2 1 1 0    78.0   78.0
221 2300.731723 2.032E-33 1.274E-08.04770.048 2389.07300.760.000000              2              1                    Q  5q     344440 4 3 2 1 1 0    33.0   33.0
221 2300.905978 3.707E-33 1.290E-08.04900.049 2369.35370.760.000000              2              1                    Q  4q     344440 4 3 2 1 1 0    54.0   54.0
221 2301.045381 1.598E-33 1.325E-08.05090.051 2353.57740.770.000000              2              1                    Q  3q     344440 4 3 2 1 1 0    21.0   21.0
221 2301.149932 2.591E-33 1.420E-08.05350.053 2341.74470.780.000000              2              1                    Q  2q     344440 4 3 2 1 1 0    30.0   30.0
221 2301.219633 1.131E-33 1.988E-08.05670.057 2333.85600.790.000000              2              1                    Q  1q     344440 4 3 2 1 1 0     9.0    9.0
221 2301.395748 2.263E-34 6.253E-09.02000.020 3247.50780.200.000000              1              0                    Q 40q     344440 4 3 2 1 1 0   486.0  486.0
221 2301.955142 1.628E-28 1.234E-08.05420.054   39.78950.760.000000              1              0                    O  4q     344440 4 3 2 1 1 0    30.0   54.0
221 2302.788007 2.377E-34 6.265E-09.02000.020 3089.80750.200.000000              1              0                    Q 39q     344440 4 3 2 1 1 0   237.0  237.0
221 2304.145333 9.799E-34 6.281E-09.02000.020 2935.97920.200.000000              1              0                    Q 38q     344440 4 3 2 1 1 0   462.0  462.0
221 2305.467736 9.901E-34 6.294E-09.02000.020 2786.02830.200.000000              1              0                    Q 37q     344440 4 3 2 1 1 0   225.0  225.0
221 2306.755226 3.924E-33 6.307E-09.02000.020 2639.96000.200.000000              1              0                    Q 36q     344440 4 3 2 1 1 0   438.0  438.0
221 2307.213888 6.251E-38 2.388E-08.05620.056 4654.62280.770.000000              3              2                    S  3q     344440 4 3 2 1 1 0    33.0   21.0
221 2308.007813 3.813E-33 6.321E-09.02000.020 2497.77920.200.000000              1              0                    Q 35q     344440 4 3 2 1 1 0   213.0  213.0
221 2309.225505 1.453E-32 6.334E-09.02000.020 2359.49110.200.000000              1              0                    Q 34q     344440 4 3 2 1 1 0   414.0  414.0
221 2309.981711 6.269E-29 1.476E-08.05620.056   23.87430.770.000000              1              0                    O  3q     344440 4 3 2 1 1 0     9.0   21.0
221 2310.408312 1.357E-32 6.347E-09.02000.020 2225.10030.200.000000              1              0                    Q 33q     344440 4 3 2 1 1 0   201.0  201.0
221 2311.556242 4.969E-32 6.358E-09.02000.020 2094.61150.200.000000              1              0                    Q 32q     344440 4 3 2 1 1 0   390.0  390.0
221 2312.669303 4.459E-32 6.370E-09.02000.020 1968.02930.200.000000              1              0                    Q 31q     344440 4 3 2 1 1 0   189.0  189.0
221 2312.983045 1.973E-33 1.031E-08.06630.066 2329.91160.810.000000              2              1                    S  0q     344440 4 3 2 1 1 0    30.0    6.0
221 2313.747503 1.569E-31 6.381E-09.02000.020 1845.35800.200.000000              1              0                    Q 30q     344440 4 3 2 1 1 0   366.0  366.0
221 2314.790851 1.352E-31 6.390E-09.02000.020 1726.60190.200.000000              1              0                    Q 29q     344440 4 3 2 1 1 0   177.0  177.0
221 2314.819822 1.447E-37 2.540E-08.05420.054 4670.25960.760.000000              3              2                    S  4q     344440 4 3 2 1 1 0    78.0   54.0
221 2315.799353 4.570E-31 6.402E-09.02000.020 1611.76520.200.000000              1              0                    Q 28q     344440 4 3 2 1 1 0   342.0  342.0
221 2316.773017 3.783E-31 6.412E-09.02000.020 1500.85180.200.000000              1              0                    Q 27q     344440 4 3 2 1 1 0   165.0  165.0
221 2317.711849 1.227E-30 6.421E-09.02000.020 1393.86550.200.000000              1              0                    Q 26q     344440 4 3 2 1 1 0   318.0  318.0
221 2317.974225 7.515E-29 2.522E-08.05880.059   11.93730.780.000000              1              0                    O  2q     344440 4 3 2 1 1 0     6.0   30.0
221 2318.615855 9.754E-31 6.434E-09.02000.020 1290.81000.200.000000              1              0                    Q 25q     344440 4 3 2 1 1 0   153.0  153.0
221 2319.485043 3.037E-30 6.444E-09.02000.020 1191.68900.200.000000              1              0                    Q 24q     344440 4 3 2 1 1 0   294.0  294.0
221 2320.319418 2.315E-30 6.453E-09.02140.021 1096.50590.200.000000              1              0                    Q 23q     344440 4 3 2 1 1 0   141.0  141.0
221 2320.766776 1.772E-33 1.358E-08.06210.062 2333.85600.790.000000              2              1                    S  1q     344440 4 3 2 1 1 0    21.0    9.0
221 2321.118985 6.912E-30 6.462E-09.02300.023 1005.26390.200.000000              1              0                    Q 22q     344440 4 3 2 1 1 0   270.0  270.0
221 2321.883751 5.051E-30 6.470E-09.02500.025  917.96630.200.000000              1              0                    Q 21q     344440 4 3 2 1 1 0   129.0  129.0
221 2322.389274 7.926E-38 2.670E-08.05250.052 4689.80470.760.000000              3              2                    S  5q     344440 4 3 2 1 1 0    45.0   33.0
221 2322.613720 1.445E-29 6.477E-09.02730.027  834.61610.200.000000              1              0                    Q 20q     344440 4 3 2 1 1 0   246.0  246.0
221 2323.308897 1.012E-29 6.488E-09.02990.030  755.21600.200.000000              1              0                    Q 19q     344440 4 3 2 1 1 0   117.0  117.0
221 2323.969287 2.773E-29 6.496E-09.03270.033  679.76900.270.000000              1              0                    Q 18q     344440 4 3 2 1 1 0   222.0  222.0
221 2324.594894 1.858E-29 6.505E-09.03320.033  608.27760.340.000000              1              0                    Q 17q     344440 4 3 2 1 1 0   105.0  105.0
221 2325.185723 4.868E-29 6.512E-09.03390.034  540.74430.410.000000              1              0                    Q 16q     344440 4 3 2 1 1 0   198.0  198.0
221 2325.741777 3.117E-29 6.521E-09.03300.033  477.17140.470.000000              1              0                    Q 15q     344440 4 3 2 1 1 0    93.0   93.0
221 2326.263060 7.798E-29 6.529E-09.03570.036  417.56110.520.000000              1              0                    Q 14q     344440 4 3 2 1 1 0   174.0  174.0
221 2326.749576 4.762E-29 6.538E-09.03560.036  361.91560.570.000000              1              0                    Q 13q     344440 4 3 2 1 1 0    81.0   81.0
221 2327.201327 1.135E-28 6.548E-09.03740.037  310.23660.620.000000              1              0                    Q 12q     344440 4 3 2 1 1 0   150.0  150.0
221 2327.618317 6.590E-29 6.556E-09.04320.043  262.52610.650.000000              1              0                    Q 11q     344440 4 3 2 1 1 0    69.0   69.0
221 2328.000549 1.491E-28 6.570E-09.04660.047  218.78560.680.000000              1              0                    Q 10q     344440 4 3 2 1 1 0   126.0  126.0
221 2328.348024 8.196E-29 6.582E-09.04720.047  179.01680.710.000000              1              0                    Q  9q     344440 4 3 2 1 1 0    57.0   57.0
221 2328.514965 4.959E-33 1.546E-08.05880.059 2341.74470.780.000000              2              1                    S  2q     344440 4 3 2 1 1 0    54.0   30.0
221 2328.660745 1.750E-28 6.601E-09.04690.047  143.22090.730.000000              1              0                    Q  8q     344440 4 3 2 1 1 0   102.0  102.0
221 2328.938714 9.039E-29 6.622E-09.04760.048  111.39910.740.000000              1              0                    Q  7q     344440 4 3 2 1 1 0    45.0   45.0
221 2329.181934 1.802E-28 6.654E-09.04690.047   83.55270.750.000000              1              0                    Q  6q     344440 4 3 2 1 1 0    78.0   78.0
221 2329.390404 8.627E-29 6.706E-09.04770.048   59.68260.760.000000              1              0                    Q  5q     344440 4 3 2 1 1 0    33.0   33.0
221 2329.564128 1.575E-28 6.793E-09.04900.049   39.78950.760.000000              1              0                    Q  4q     344440 4 3 2 1 1 0    54.0   54.0
221 2329.703105 6.797E-29 6.978E-09.05090.051   23.87430.770.000000              1              0                    Q  3q     344440 4 3 2 1 1 0    21.0   21.0
221 2329.807338 1.103E-28 7.480E-09.05350.053   11.93730.780.000000              1              0                    Q  2q     344440 4 3 2 1 1 0    30.0   30.0
221 2329.876826 4.814E-29 1.047E-08.05670.057    3.97920.790.000000              1              0                    Q  1q     344440 4 3 2 1 1 0     9.0    9.0
221 2329.921966 1.662E-37 2.786E-08.05120.051 4713.25730.750.000000              3              2                    S  6q     344440 4 3 2 1 1 0   102.0   78.0
221 2336.227335 3.088E-33 1.680E-08.05620.056 2353.57740.770.000000              2              1                    S  3q     344440 4 3 2 1 1 0    33.0   21.0
221 2337.417620 8.396E-38 2.895E-08.04990.050 4740.61650.740.000000              3              2                    S  7q     344440 4 3 2 1 1 0    57.0   45.0
221 2341.744682 8.400E-29 5.431E-09.06630.066    0.00000.810.000000              1              0                    S  0q     344440 4 3 2 1 1 0    30.0    6.0
221 2343.903609 7.141E-33 1.786E-08.05420.054 2369.35370.760.000000              2              1                    S  4q     344440 4 3 2 1 1 0    78.0   54.0
221 2344.875955 1.641E-37 2.999E-08.04880.049 4771.88140.730.000000              3              2                    S  8q     344440 4 3 2 1 1 0   126.0  102.0
221 2349.598220 7.546E-29 7.153E-09.06210.062    3.97920.790.000000              1              0                    S  1q     344440 4 3 2 1 1 0    21.0    9.0
221 2351.543510 3.910E-33 1.878E-08.05250.052 2389.07300.760.000000              2              1                    S  5q     344440 4 3 2 1 1 0    45.0   33.0
221 2352.296694 7.775E-38 3.098E-08.04760.048 4807.05090.710.000000              3              2                    S  9q     344440 4 3 2 1 1 0    69.0   57.0
221 2357.416324 2.111E-28 8.143E-09.05880.059   11.93730.780.000000              1              0                    S  2q     344440 4 3 2 1 1 0    54.0   30.0
221 2359.146760 8.193E-33 1.960E-08.05120.051 2412.73470.750.000000              2              1                    S  6q     344440 4 3 2 1 1 0   102.0   78.0
221 2359.679557 1.433E-37 3.196E-08.04630.046 4846.12380.680.000000              3              2                    S 10q     344440 4 3 2 1 1 0   150.0  126.0
221 2365.198717 1.314E-28 8.848E-09.05620.056   23.87430.770.000000              1              0                    S  3q     344440 4 3 2 1 1 0    33.0   21.0
221 2366.713081 4.133E-33 2.036E-08.04990.050 2440.33790.740.000000              2              1                    S  7q     344440 4 3 2 1 1 0    57.0   45.0
221 2367.024264 6.425E-38 3.290E-08.04480.045 4889.09860.650.000000              3              2                    S 11q     344440 4 3 2 1 1 0    81.0   69.0
221 2372.945123 3.037E-28 9.409E-09.05420.054   39.78950.760.000000              1              0                    S  4q     344440 4 3 2 1 1 0    78.0   54.0
221 2374.242195 8.066E-33 2.109E-08.04880.049 2471.88160.730.000000              2              1                    S  8q     344440 4 3 2 1 1 0   126.0  102.0
221 2374.330537 1.124E-37 3.386E-08.04330.043 4935.97390.620.000000              3              2                    S 12q     344440 4 3 2 1 1 0   174.0  150.0
221 2380.655265 1.661E-28 9.889E-09.05250.052   59.68260.760.000000              1              0                    S  5q     344440 4 3 2 1 1 0    45.0   33.0
221 2381.598094 4.793E-38 3.479E-08.04150.042 4986.74790.570.000000              3              2                    S 13q     344440 4 3 2 1 1 0    93.0   81.0
221 2381.733823 3.817E-33 2.179E-08.04760.048 2507.36480.710.000000              2              1                    S  9q     344440 4 3 2 1 1 0    69.0   57.0
221 2388.328865 3.478E-28 1.033E-08.05120.051   83.55270.750.000000              1              0                    S  6q     344440 4 3 2 1 1 0   102.0   78.0
221 2388.826657 7.987E-38 3.573E-08.03960.040 5041.41900.520.000000              3              2                    S 14q     344440 4 3 2 1 1 0   198.0  174.0
221 2389.187688 7.022E-33 2.248E-08.04630.046 2546.78620.680.000000              2              1                    S 10q     344440 4 3 2 1 1 0   150.0  126.0
221 2395.965647 1.753E-28 1.073E-08.04990.050  111.39910.740.000000              1              0                    S  7q     344440 4 3 2 1 1 0    57.0   45.0
221 2396.015945 3.250E-38 3.667E-08.03750.037 5099.98500.470.000000              3              2                    S 15q     344440 4 3 2 1 1 0   105.0   93.0
221 2396.603510 3.144E-33 2.315E-08.04480.045 2590.14440.650.000000              2              1                    S 11q     344440 4 3 2 1 1 0    81.0   69.0
221 2403.165677 5.173E-38 3.762E-08.03540.035 5162.44410.410.000000              3              2                    S 16q     344440 4 3 2 1 1 0   222.0  198.0
221 2403.565333 3.416E-28 1.111E-08.04880.049  143.22090.730.000000              1              0                    S  8q     344440 4 3 2 1 1 0   126.0  102.0
221 2403.981011 5.487E-33 2.382E-08.04330.043 2637.43790.620.000000              2              1                    S 12q     344440 4 3 2 1 1 0   174.0  150.0
221 2410.275572 2.012E-38 3.856E-08.03320.033 5228.79400.340.000000              3              2                    S 17q     344440 4 3 2 1 1 0   117.0  105.0
221 2411.127645 1.614E-28 1.148E-08.04760.048  179.01680.710.000000              1              0                    S  9q     344440 4 3 2 1 1 0    69.0   57.0
221 2411.319912 2.336E-33 2.448E-08.04150.042 2688.66510.570.000000              2              1                    S 13q     344440 4 3 2 1 1 0    93.0   81.0
221 2417.345351 3.064E-38 3.952E-08.03110.031 5299.03220.270.000000              3              2                    S 18q     344440 4 3 2 1 1 0   246.0  222.0
221 2418.619934 3.883E-33 2.514E-08.03960.040 2743.82420.520.000000              2              1                    S 14q     344440 4 3 2 1 1 0   198.0  174.0
221 2418.652306 2.964E-28 1.184E-08.04630.046  218.78560.680.000000              1              0                    S 10q     344440 4 3 2 1 1 0   150.0  126.0
221 2424.374732 1.141E-38 4.047E-08.02910.029 5373.15640.200.000000              3              2                    S 19q     344440 4 3 2 1 1 0   129.0  117.0
221 2425.880796 1.576E-33 2.580E-08.03750.037 2802.91320.470.000000              2              1                    S 15q     344440 4 3 2 1 1 0   105.0   93.0
221 2426.139038 1.325E-28 1.220E-08.04480.045  262.52610.650.000000              1              0                    S 11q     344440 4 3 2 1 1 0    81.0   69.0
221 2431.363434 1.665E-38 4.147E-08.02740.027 5451.16390.200.000000              3              2                    S 20q     344440 4 3 2 1 1 0   270.0  246.0
221 2433.102220 2.502E-33 2.647E-08.03540.035 2865.93000.410.000000              2              1                    S 16q     344440 4 3 2 1 1 0   222.0  198.0
221 2433.587563 2.308E-28 1.255E-08.04330.043  310.23660.620.000000              1              0                    S 12q     344440 4 3 2 1 1 0   174.0  150.0
221 2438.311175 5.943E-39 4.244E-08.02730.027 5533.05200.200.000000              3              2                    S 21q     344440 4 3 2 1 1 0   141.0  129.0
221 2440.283927 9.707E-34 2.714E-08.03320.033 2932.87250.340.000000              2              1                    S 17q     344440 4 3 2 1 1 0   117.0  105.0
221 2440.997602 9.804E-29 1.290E-08.04150.042  361.91560.570.000000              1              0                    S 13q     344440 4 3 2 1 1 0    93.0   81.0
221 2445.217674 8.311E-39 4.343E-08.02730.027 5618.81770.200.000000              3              2                    S 22q     344440 4 3 2 1 1 0   294.0  270.0
221 2447.425635 1.474E-33 2.783E-08.03110.031 3003.73830.270.000000              2              1                    S 18q     344440 4 3 2 1 1 0   246.0  222.0
221 2448.368877 1.626E-28 1.325E-08.03960.040  417.56110.520.000000              1              0                    S 14q     344440 4 3 2 1 1 0   198.0  174.0
221 2452.082649 2.846E-39 4.443E-08.02730.027 5708.45800.200.000000              3              2                    S 23q     344440 4 3 2 1 1 0   153.0  141.0
221 2454.527065 5.472E-34 2.850E-08.02910.029 3078.52490.200.000000              2              1                    S 19q     344440 4 3 2 1 1 0   129.0  117.0
221 2455.701110 6.585E-29 1.360E-08.03750.037  477.17140.470.000000              1              0                    S 15q     344440 4 3 2 1 1 0   105.0   93.0
221 2458.905819 3.819E-39 4.545E-08.02730.027 5801.96980.200.000000              3              2                    S 24q     344440 4 3 2 1 1 0   318.0  294.0
221 2461.587938 7.954E-34 2.918E-08.02740.027 3157.22980.200.000000              2              1                    S 20q     344440 4 3 2 1 1 0   270.0  246.0
221 2462.994022 1.042E-28 1.395E-08.03540.035  540.74430.410.000000              1              0                    S 16q     344440 4 3 2 1 1 0   222.0  198.0
221 2465.686900 1.255E-39 4.646E-08.02730.027 5899.34970.200.000000              3              2                    S 25q     344440 4 3 2 1 1 0   165.0  153.0
221 2468.607972 2.830E-34 2.988E-08.02730.027 3239.85010.200.000000              2              1                    S 21q     344440 4 3 2 1 1 0   141.0  129.0
221 2470.247334 4.033E-29 1.431E-08.03320.033  608.27760.340.000000              1              0                    S 17q     344440 4 3 2 1 1 0   117.0  105.0
221 2472.425612 1.617E-39 4.750E-08.02730.027 6000.59430.200.000000              3              2                    S 26q     344440 4 3 2 1 1 0   342.0  318.0
221 2475.586887 3.943E-34 3.058E-08.02730.027 3326.38290.200.000000              2              1                    S 22q     344440 4 3 2 1 1 0   294.0  270.0
221 2477.460767 6.104E-29 1.467E-08.03110.031  679.76900.270.000000              1              0                    S 18q     344440 4 3 2 1 1 0   246.0  222.0
221 2482.524403 1.345E-34 3.128E-08.02730.027 3416.82530.200.000000              2              1                    S 23q     344440 4 3 2 1 1 0   153.0  141.0
221 2484.634043 2.260E-29 1.503E-08.02910.029  755.21600.200.000000              1              0                    S 19q     344440 4 3 2 1 1 0   129.0  117.0
221 2489.420239 1.798E-34 3.201E-08.02730.027 3511.17410.200.000000              2              1                    S 24q     344440 4 3 2 1 1 0   318.0  294.0
221 2491.766881 3.274E-29 1.539E-08.02740.027  834.61610.200.000000              1              0                    S 20q     344440 4 3 2 1 1 0   270.0  246.0
221 2496.274114 5.885E-35 3.273E-08.02730.027 3609.42590.200.000000              2              1                    S 25q     344440 4 3 2 1 1 0   165.0  153.0
221 2498.859003 1.161E-29 1.576E-08.02730.027  917.96630.200.000000              1              0                    S 21q     344440 4 3 2 1 1 0   141.0  129.0
221 2503.085747 7.549E-35 3.346E-08.02730.027 3711.57730.200.000000              2              1                    S 26q     344440 4 3 2 1 1 0   342.0  318.0
221 2505.910129 1.612E-29 1.613E-08.02730.027 1005.26390.200.000000              1              0                    S 22q     344440 4 3 2 1 1 0   294.0  270.0
221 2509.854856 2.372E-35 3.420E-08.02730.027 3817.62480.200.000000              2              1                    S 27q     344440 4 3 2 1 1 0   177.0  165.0
221 2512.919981 5.477E-30 1.650E-08.02730.027 1096.50590.200.000000              1              0                    S 23q     344440 4 3 2 1 1 0   153.0  141.0
221 2516.581162 2.922E-35 3.495E-08.02730.027 3927.56450.200.000000              2              1                    S 28q     344440 4 3 2 1 1 0   366.0  342.0
221 2519.888277 7.291E-30 1.688E-08.02730.027 1191.68900.200.000000              1              0                    S 24q     344440 4 3 2 1 1 0   318.0  294.0
221 2523.264381 8.817E-36 3.571E-08.02730.027 4041.39280.200.000000              2              1                    S 29q     344440 4 3 2 1 1 0   189.0  177.0
221 2526.814738 2.377E-30 1.727E-08.02730.027 1290.81000.200.000000              1              0                    S 25q     344440 4 3 2 1 1 0   165.0  153.0
221 2529.904233 1.043E-35 3.646E-08.02730.027 4159.10550.200.000000              2              1                    S 30q     344440 4 3 2 1 1 0   390.0  366.0
221 2533.699085 3.035E-30 1.765E-08.02730.027 1393.86550.200.000000              1              0                    S 26q     344440 4 3 2 1 1 0   342.0  318.0
221 2536.500436 3.025E-36 3.725E-08.02730.027 4280.69860.200.000000              2              1                    S 31q     344440 4 3 2 1 1 0   201.0  189.0
221 2540.541038 9.496E-31 1.804E-08.02730.027 1500.85180.200.000000              1              0                    S 27q     344440 4 3 2 1 1 0   177.0  165.0
221 2543.052708 3.440E-36 3.804E-08.02730.027 4406.16770.200.000000              2              1                    S 32q     344440 4 3 2 1 1 0   414.0  390.0
221 2547.340316 1.164E-30 1.844E-08.02730.027 1611.76520.200.000000              1              0                    S 28q     344440 4 3 2 1 1 0   366.0  342.0
221 2549.560767 9.586E-37 3.883E-08.02730.027 4535.50860.200.000000              2              1                    S 33q     344440 4 3 2 1 1 0   213.0  201.0
221 2554.096639 3.497E-31 1.884E-08.02730.027 1726.60190.200.000000              1              0                    S 29q     344440 4 3 2 1 1 0   189.0  177.0
221 2556.024331 1.048E-36 3.965E-08.02730.027 4668.71660.200.000000              2              1                    S 34q     344440 4 3 2 1 1 0   438.0  414.0
221 2560.809727 4.117E-31 1.925E-08.02730.027 1845.35800.200.000000              1              0                    S 30q     344440 4 3 2 1 1 0   390.0  366.0
221 2562.443117 2.807E-37 4.045E-08.02730.027 4805.78700.200.000000              2              1                    S 35q     344440 4 3 2 1 1 0   225.0  213.0
221 2567.479299 1.188E-31 1.967E-08.02730.027 1968.02930.200.000000              1              0                    S 31q     344440 4 3 2 1 1 0   201.0  189.0
221 2568.816844 2.950E-37 4.128E-08.02730.027 4946.71520.200.000000              2              1                    S 36q     344440 4 3 2 1 1 0   462.0  438.0
221 2574.105076 1.343E-31 2.007E-08.02730.027 2094.61150.200.000000              1              0                    S 32q     344440 4 3 2 1 1 0   414.0  390.0
221 2575.145229 7.600E-38 4.211E-08.02730.027 5091.49610.200.000000              2              1                    S 37q     344440 4 3 2 1 1 0   237.0  225.0
221 2580.686776 3.722E-32 2.049E-08.02730.027 2225.10030.200.000000              1              0                    S 33q     344440 4 3 2 1 1 0   213.0  201.0
221 2581.427990 7.682E-38 4.295E-08.02730.027 5240.12460.200.000000              2              1                    S 38q     344440 4 3 2 1 1 0   486.0  462.0
221 2587.224119 4.046E-32 2.093E-08.02730.027 2359.49110.200.000000              1              0                    S 34q     344440 4 3 2 1 1 0   438.0  414.0
221 2587.664842 1.904E-38 4.381E-08.02730.027 5392.59550.200.000000              2              1                    S 39q     344440 4 3 2 1 1 0   249.0  237.0
221 2593.716824 1.078E-32 2.136E-08.02730.027 2497.77920.200.000000              1              0                    S 35q     344440 4 3 2 1 1 0   225.0  213.0
221 2593.855504 1.851E-38 4.467E-08.02730.027 5548.90350.200.000000              2              1                    S 40q     344440 4 3 2 1 1 0   510.0  486.0
221 2599.999693 4.414E-39 4.555E-08.02730.027 5709.04310.200.000000              2              1                    S 41q     344440 4 3 2 1 1 0   261.0  249.0
221 2600.164610 1.126E-32 2.180E-08.02730.027 2639.96000.200.000000              1              0                    S 36q     344440 4 3 2 1 1 0   462.0  438.0
221 2606.097125 4.129E-39 4.642E-08.02730.027 5873.00870.200.000000              2              1                    S 42q     344440 4 3 2 1 1 0   534.0  510.0
221 2606.567196 2.883E-33 2.224E-08.02730.027 2786.02830.200.000000              1              0                    S 37q     344440 4 3 2 1 1 0   237.0  225.0
221 2612.924300 2.895E-33 2.268E-08.02730.027 2935.97920.200.000000              1              0                    S 38q     344440 4 3 2 1 1 0   486.0  462.0
221 2619.235643 7.128E-34 2.314E-08.02730.027 3089.80750.200.000000              1              0                    S 39q     344440 4 3 2 1 1 0   249.0  237.0
221 2625.500941 6.885E-34 2.360E-08.02730.027 3247.50780.200.000000              1              0                    S 40q     344440 4 3 2 1 1 0   510.0  486.0
221 2631.719915 1.630E-34 2.405E-08.02730.027 3409.07460.200.000000              1              0                    S 41q     344440 4 3 2 1 1 0   261.0  249.0
221 2637.892282 1.515E-34 2.453E-08.02730.027 3574.50230.200.000000              1              0                    S 42q     344440 4 3 2 1 1 0   534.0  510.0
221 2644.017760 3.451E-35 2.500E-08.02730.027 3743.78520.200.000000              1              0                    S 43q     344440 4 3 2 1 1 0   273.0  261.0
221 2650.096069 3.084E-35 2.548E-08.02730.027 3916.91750.200.000000              1              0                    S 44q     344440 4 3 2 1 1 0   558.0  534.0
221 2656.126925 6.760E-36 2.596E-08.02730.027 4093.89290.200.000000              1              0                    S 45q     344440 4 3 2 1 1 0   285.0  273.0
221 2662.110047 5.815E-36 2.646E-08.02730.027 4274.70550.200.000000              1              0                    S 46q     344440 4 3 2 1 1 0   582.0  558.0
221 2668.045153 1.227E-36 2.696E-08.02730.027 4459.34900.200.000000              1              0                    S 47q     344440 4 3 2 1 1 0   297.0  285.0
221 2673.931960 1.015E-36 2.744E-08.02730.027 4647.81680.200.000000              1              0                    S 48q     344440 4 3 2 1 1 0   606.0  582.0
221 2679.770185 2.062E-37 2.796E-08.02730.027 4840.10260.200.000000              1              0                    S 49q     344440 4 3 2 1 1 0   309.0  297.0
221 2685.559547 1.643E-37 2.847E-08.02730.027 5036.19950.200.000000              1              0                    S 50q     344440 4 3 2 1 1 0   630.0  606.0
221 2691.299763 3.212E-38 2.898E-08.02730.027 5236.10070.200.000000              1              0                    S 51q     344440 4 3 2 1 1 0   321.0  309.0
221 2696.990549 2.465E-38 2.951E-08.02730.027 5439.79940.200.000000              1              0                    S 52q     344440 4 3 2 1 1 0   654.0  630.0
221 2702.631622 4.640E-39 3.003E-08.02730.027 5647.28830.200.000000              1              0                    S 53q     344440 4 3 2 1 1 0   333.0  321.0
221 2708.222700 3.429E-39 3.057E-08.02730.027 5858.56030.200.000000              1              0                    S 54q     344440 4 3 2 1 1 0   678.0  654.0
221 4182.728358 1.877E-39 1.348E-10.02730.027 4647.81680.200.000000              2              0                    O 48q     344440 4 3 2 1 1 0   558.0  582.0
221 4193.593047 2.387E-39 1.410E-10.02730.027 4459.34900.200.000000              2              0                    O 47q     344440 4 3 2 1 1 0   273.0  285.0
221 4204.400310 1.191E-38 1.473E-10.02730.027 4274.70550.200.000000              2              0                    O 46q     344440 4 3 2 1 1 0   534.0  558.0
221 4215.149903 1.457E-38 1.539E-10.02730.027 4093.89290.200.000000              2              0                    O 45q     344440 4 3 2 1 1 0   261.0  273.0
221 4225.841582 6.992E-38 1.607E-10.02730.027 3916.91750.200.000000              2              0                    O 44q     344440 4 3 2 1 1 0   510.0  534.0
221 4236.475102 8.225E-38 1.677E-10.02730.027 3743.78520.200.000000              2              0                    O 43q     344440 4 3 2 1 1 0   249.0  261.0
221 4247.050218 3.795E-37 1.750E-10.02730.027 3574.50230.200.000000              2              0                    O 42q     344440 4 3 2 1 1 0   486.0  510.0
221 4254.246848 1.542E-39 6.604E-10.02730.027 4946.71520.200.000000              3              1                    O 36q     344440 4 3 2 1 1 0   414.0  438.0
221 4257.566680 4.292E-37 1.825E-10.02730.027 3409.07460.200.000000              2              0                    O 41q     344440 4 3 2 1 1 0   237.0  249.0
221 4264.343864 1.537E-39 6.867E-10.02730.027 4805.78700.200.000000              3              1                    O 35q     344440 4 3 2 1 1 0   201.0  213.0
221 4268.024242 1.904E-36 1.903E-10.02730.027 3247.50780.200.000000              2              0                    O 40q     344440 4 3 2 1 1 0   462.0  486.0
221 4274.380250 6.009E-39 7.140E-10.02730.027 4668.71660.200.000000              3              1                    O 34q     344440 4 3 2 1 1 0   390.0  414.0
221 4278.422654 2.070E-36 1.984E-10.02730.027 3089.80750.200.000000              2              0                    O 39q     344440 4 3 2 1 1 0   225.0  237.0
221 4284.355754 5.757E-39 7.422E-10.02730.027 4535.50860.200.000000              3              1                    O 33q     344440 4 3 2 1 1 0   189.0  201.0
221 4288.761666 8.822E-36 2.066E-10.02730.027 2935.97920.200.000000              2              0                    O 38q     344440 4 3 2 1 1 0   438.0  462.0
221 4294.270121 2.163E-38 7.715E-10.02730.027 4406.16770.200.000000              3              1                    O 32q     344440 4 3 2 1 1 0   366.0  390.0
221 4299.041027 9.217E-36 2.152E-10.02730.027 2786.02830.200.000000              2              0                    O 37q     344440 4 3 2 1 1 0   213.0  225.0
221 4304.123094 1.990E-38 8.012E-10.02730.027 4280.69860.200.000000              3              1                    O 31q     344440 4 3 2 1 1 0   177.0  189.0
221 4309.260485 3.776E-35 2.241E-10.02730.027 2639.96000.200.000000              2              0                    O 36q     344440 4 3 2 1 1 0   414.0  438.0
221 4313.914419 7.181E-38 8.324E-10.02730.027 4159.10550.200.000000              3              1                    O 30q     344440 4 3 2 1 1 0   342.0  366.0
221 4319.419787 3.790E-35 2.332E-10.02730.027 2497.77920.200.000000              2              0                    O 35q     344440 4 3 2 1 1 0   201.0  213.0
221 4323.643837 6.346E-38 8.643E-10.02730.027 4041.39280.200.000000              3              1                    O 29q     344440 4 3 2 1 1 0   165.0  177.0
221 4329.518680 1.491E-34 2.425E-10.02730.027 2359.49110.200.000000              2              0                    O 34q     344440 4 3 2 1 1 0   390.0  414.0
221 4333.311092 2.198E-37 8.972E-10.02730.027 3927.56450.200.000000              3              1                    O 28q     344440 4 3 2 1 1 0   318.0  342.0
221 4339.556908 1.438E-34 2.523E-10.02730.027 2225.10030.200.000000              2              0                    O 33q     344440 4 3 2 1 1 0   189.0  201.0
221 4342.915923 1.865E-37 9.314E-10.02730.027 3817.62480.200.000000              3              1                    O 27q     344440 4 3 2 1 1 0   153.0  165.0
221 4349.534217 5.435E-34 2.624E-10.02730.027 2094.61150.200.000000              2              0                    O 32q     344440 4 3 2 1 1 0   366.0  390.0
221 4352.458073 6.200E-37 9.665E-10.02730.027 3711.57730.200.000000              3              1                    O 26q     344440 4 3 2 1 1 0   294.0  318.0
221 4359.450351 5.032E-34 2.727E-10.02730.027 1968.02930.200.000000              2              0                    O 31q     344440 4 3 2 1 1 0   177.0  189.0
221 4361.937280 5.047E-37 1.003E-09.02730.027 3609.42590.200.000000              3              1                    O 25q     344440 4 3 2 1 1 0   141.0  153.0
221 4369.305051 1.826E-33 2.834E-10.02730.027 1845.35800.200.000000              2              0                    O 30q     344440 4 3 2 1 1 0   342.0  366.0
221 4371.353283 1.609E-36 1.040E-09.02730.027 3511.17410.200.000000              3              1                    O 24q     344440 4 3 2 1 1 0   270.0  294.0
221 4379.098061 1.623E-33 2.945E-10.02730.027 1726.60190.200.000000              2              0                    O 29q     344440 4 3 2 1 1 0   165.0  177.0
221 4380.705821 1.256E-36 1.079E-09.02730.027 3416.82530.200.000000              3              1                    O 23q     344440 4 3 2 1 1 0   129.0  141.0
221 4388.829122 5.652E-33 3.058E-10.02730.027 1611.76520.200.000000              2              0                    O 28q     344440 4 3 2 1 1 0   318.0  342.0
221 4389.994631 3.840E-36 1.119E-09.02730.027 3326.38290.200.000000              3              1                    O 22q     344440 4 3 2 1 1 0   246.0  270.0
221 4398.497975 4.821E-33 3.177E-10.02730.027 1500.85180.200.000000              2              0                    O 27q     344440 4 3 2 1 1 0   153.0  165.0
221 4399.219450 2.873E-36 1.161E-09.02730.027 3239.85010.200.000000              3              1                    O 21q     344440 4 3 2 1 1 0   117.0  129.0
221 4405.469420 1.454E-39 2.920E-09.03960.040 5041.41900.520.000000              4              2                    O 14q     344440 4 3 2 1 1 0   150.0  174.0
221 4408.104358 1.611E-32 3.298E-10.02730.027 1393.86550.200.000000              2              0                    O 26q     344440 4 3 2 1 1 0   294.0  318.0
221 4408.380014 8.411E-36 1.204E-09.02740.027 3157.22980.200.000000              3              1                    O 20q     344440 4 3 2 1 1 0   222.0  246.0
221 4417.476058 6.024E-36 1.248E-09.02910.029 3078.52490.200.000000              3              1                    O 19q     344440 4 3 2 1 1 0   105.0  117.0
221 4417.648013 1.318E-32 3.424E-10.02730.027 1290.81000.200.000000              2              0                    O 25q     344440 4 3 2 1 1 0   141.0  153.0
221 4422.675150 2.184E-39 3.152E-09.04330.043 4935.97390.620.000000              4              2                    O 12q     344440 4 3 2 1 1 0   126.0  150.0
221 4426.507317 1.688E-35 1.295E-09.03110.031 3003.73830.270.000000              3              1                    O 18q     344440 4 3 2 1 1 0   198.0  222.0
221 4427.128676 4.221E-32 3.553E-10.02730.027 1191.68900.200.000000              2              0                    O 24q     344440 4 3 2 1 1 0   270.0  294.0
221 4431.177843 1.286E-39 3.280E-09.04480.045 4889.09860.650.000000              4              2                    O 11q     344440 4 3 2 1 1 0    57.0   69.0
221 4435.473524 1.156E-35 1.343E-09.03320.033 2932.87250.340.000000              3              1                    O 17q     344440 4 3 2 1 1 0    93.0  105.0
221 4436.546085 3.310E-32 3.687E-10.02730.027 1096.50590.200.000000              2              0                    O 23q     344440 4 3 2 1 1 0   129.0  141.0
221 4439.613394 2.945E-39 3.419E-09.04630.046 4846.12380.680.000000              4              2                    O 10q     344440 4 3 2 1 1 0   102.0  126.0
221 4444.374414 3.093E-35 1.393E-09.03540.035 2865.93000.410.000000              3              1                    O 16q     344440 4 3 2 1 1 0   174.0  198.0
221 4445.899979 1.016E-31 3.825E-10.02730.027 1005.26390.200.000000              2              0                    O 22q     344440 4 3 2 1 1 0   246.0  270.0
221 4447.981531 1.635E-39 3.572E-09.04760.048 4807.05090.710.000000              4              2                    O  9q     344440 4 3 2 1 1 0    45.0   57.0
221 4453.209719 2.022E-35 1.446E-09.03750.037 2802.91320.470.000000              3              1                    O 15q     344440 4 3 2 1 1 0    81.0   93.0
221 4455.190092 7.633E-32 3.969E-10.02730.027  917.96630.200.000000              2              0                    O 21q     344440 4 3 2 1 1 0   117.0  129.0
221 4456.281984 3.513E-39 3.746E-09.04880.049 4771.88140.730.000000              4              2                    O  8q     344440 4 3 2 1 1 0    78.0  102.0
221 4461.979170 5.160E-35 1.501E-09.03960.040 2743.82420.520.000000              3              1                    O 14q     344440 4 3 2 1 1 0   150.0  174.0
221 4464.416161 2.244E-31 4.118E-10.02740.027  834.61610.200.000000              2              0                    O 20q     344440 4 3 2 1 1 0   222.0  246.0
221 4464.514479 1.817E-39 3.948E-09.04990.050 4740.61650.740.000000              4              2                    O  7q     344440 4 3 2 1 1 0    33.0   45.0
221 4470.682500 3.212E-35 1.560E-09.04150.042 2688.66510.570.000000              3              1                    O 13q     344440 4 3 2 1 1 0    69.0   81.0
221 4472.678743 3.597E-39 4.197E-09.05120.051 4713.25730.750.000000              4              2                    O  6q     344440 4 3 2 1 1 0    54.0   78.0
221 4473.577920 1.613E-31 4.272E-10.02910.029  755.21600.200.000000              2              0                    O 19q     344440 4 3 2 1 1 0   105.0  117.0
221 4479.319438 7.792E-35 1.621E-09.04330.043 2637.43790.620.000000              3              1                    O 12q     344440 4 3 2 1 1 0   126.0  150.0
221 4480.774503 1.686E-39 4.530E-09.05250.052 4689.80470.760.000000              4              2                    O  5q     344440 4 3 2 1 1 0    21.0   33.0
221 4482.675104 4.535E-31 4.432E-10.03110.031  679.76900.270.000000              2              0                    O 18q     344440 4 3 2 1 1 0   198.0  222.0
221 4487.889716 4.600E-35 1.688E-09.04480.045 2590.14440.650.000000              3              1                    O 11q     344440 4 3 2 1 1 0    57.0   69.0
221 4488.801485 2.935E-39 5.038E-09.05420.054 4670.25960.760.000000              4              2                    O  4q     344440 4 3 2 1 1 0    30.0   54.0
221 4491.707447 3.116E-31 4.599E-10.03320.033  608.27760.340.000000              2              0                    O 17q     344440 4 3 2 1 1 0    93.0  105.0
221 4496.393061 1.056E-34 1.761E-09.04630.046 2546.78620.680.000000              3              1                    O 10q     344440 4 3 2 1 1 0   102.0  126.0
221 4496.759414 1.137E-39 6.050E-09.05620.056 4654.62280.770.000000              4              2                    O  3q     344440 4 3 2 1 1 0     9.0   21.0
221 4500.674682 8.369E-31 4.773E-10.03540.035  540.74430.410.000000              2              0                    O 16q     344440 4 3 2 1 1 0   174.0  198.0
221 4504.648014 1.372E-39 1.038E-08.05880.059 4642.89460.780.000000              4              2                    O  2q     344440 4 3 2 1 1 0     6.0   30.0
221 4504.829205 5.874E-35 1.840E-09.04760.048 2507.36480.710.000000              3              1                    O  9q     344440 4 3 2 1 1 0    45.0   57.0
221 4509.023516 1.494E-39 2.710E-09.03570.036 5041.41900.520.000000              4              2                    Q 14q     344440 4 3 2 1 1 0   174.0  174.0
221 4509.576540 5.487E-31 4.955E-10.03750.037  477.17140.470.000000              2              0                    O 15q     344440 4 3 2 1 1 0    81.0   93.0
221 4510.914501 2.153E-39 2.716E-09.03740.037 4935.97390.620.000000              4              2                    Q 12q     344440 4 3 2 1 1 0   150.0  150.0
221 4511.754895 1.245E-39 2.719E-09.04320.043 4889.09860.650.000000              4              2                    Q 11q     344440 4 3 2 1 1 0    69.0   69.0
221 4512.525232 2.805E-39 2.723E-09.04660.047 4846.12380.680.000000              4              2                    Q 10q     344440 4 3 2 1 1 0   126.0  126.0
221 4513.197874 1.264E-34 1.929E-09.04880.049 2471.88160.730.000000              3              1                    O  8q     344440 4 3 2 1 1 0    78.0  102.0
221 4513.225518 1.537E-39 2.729E-09.04720.047 4807.05090.710.000000              4              2                    Q  9q     344440 4 3 2 1 1 0    57.0   57.0
221 4513.855760 3.270E-39 2.736E-09.04690.047 4771.88140.730.000000              4              2                    Q  8q     344440 4 3 2 1 1 0   102.0  102.0
221 4514.415962 1.684E-39 2.744E-09.04760.048 4740.61650.740.000000              4              2                    Q  7q     344440 4 3 2 1 1 0    45.0   45.0
221 4514.906130 3.350E-39 2.757E-09.04690.047 4713.25730.750.000000              4              2                    Q  6q     344440 4 3 2 1 1 0    78.0   78.0
221 4515.326266 1.600E-39 2.778E-09.04770.048 4689.80470.760.000000              4              2                    Q  5q     344440 4 3 2 1 1 0    33.0   33.0
221 4515.676374 2.917E-39 2.815E-09.04900.049 4670.25960.760.000000              4              2                    Q  4q     344440 4 3 2 1 1 0    54.0   54.0
221 4515.956457 1.257E-39 2.891E-09.05090.051 4654.62280.770.000000              4              2                    Q  3q     344440 4 3 2 1 1 0    21.0   21.0
221 4516.166518 2.036E-39 3.097E-09.05350.053 4642.89460.780.000000              4              2                    Q  2q     344440 4 3 2 1 1 0    30.0   30.0
221 4518.412755 1.405E-30 5.148E-10.03960.040  417.56110.520.000000              2              0                    O 14q     344440 4 3 2 1 1 0   150.0  174.0
221 4521.498797 6.549E-35 2.034E-09.04990.050 2440.33790.740.000000              3              1                    O  7q     344440 4 3 2 1 1 0    33.0   45.0
221 4527.183057 8.766E-31 5.348E-10.04150.042  361.91560.570.000000              2              0                    O 13q     344440 4 3 2 1 1 0    69.0   81.0
221 4527.281323 2.977E-39 1.365E-09.02000.020 4946.71520.200.000000              3              1                    Q 36q     344440 4 3 2 1 1 0   438.0  438.0
221 4527.895080 1.567E-39 2.263E-09.06630.066 4631.16610.810.000000              4              2                    S  0q     344440 4 3 2 1 1 0    30.0    6.0
221 4529.731700 1.299E-34 2.164E-09.05120.051 2412.73470.750.000000              3              1                    O  6q     344440 4 3 2 1 1 0    54.0   78.0
221 4529.798467 2.873E-39 1.367E-09.02000.020 4805.78700.200.000000              3              1                    Q 35q     344440 4 3 2 1 1 0   213.0  213.0
221 4532.245462 1.087E-38 1.368E-09.02000.020 4668.71660.200.000000              3              1                    Q 34q     344440 4 3 2 1 1 0   414.0  414.0
221 4534.622328 1.009E-38 1.370E-09.02000.020 4535.50860.200.000000              3              1                    Q 33q     344440 4 3 2 1 1 0   201.0  201.0
221 4535.503600 1.418E-39 2.992E-09.06210.062 4635.07560.790.000000              4              2                    S  1q     344440 4 3 2 1 1 0    21.0    9.0
221 4535.887176 2.132E-30 5.562E-10.04330.043  310.23660.620.000000              2              0                    O 12q     344440 4 3 2 1 1 0   126.0  150.0
221 4536.929085 3.672E-38 1.372E-09.02000.020 4406.16770.200.000000              3              1                    Q 32q     344440 4 3 2 1 1 0   390.0  390.0
221 4537.896311 6.094E-35 2.335E-09.05250.052 2389.07300.760.000000              3              1                    O  5q     344440 4 3 2 1 1 0    21.0   33.0
221 4539.165751 3.276E-38 1.374E-09.02000.020 4280.69860.200.000000              3              1                    Q 31q     344440 4 3 2 1 1 0   189.0  189.0
221 4541.332344 1.146E-37 1.376E-09.02000.020 4159.10550.200.000000              3              1                    Q 30q     344440 4 3 2 1 1 0   366.0  366.0
221 4543.041406 3.999E-39 3.419E-09.05880.059 4642.89460.780.000000              4              2                    S  2q     344440 4 3 2 1 1 0    54.0   30.0
221 4543.428882 9.823E-38 1.377E-09.02000.020 4041.39280.200.000000              3              1                    Q 29q     344440 4 3 2 1 1 0   177.0  177.0
221 4544.524844 1.262E-30 5.794E-10.04480.045  262.52610.650.000000              2              0                    O 11q     344440 4 3 2 1 1 0    57.0   69.0
221 4545.455381 3.302E-37 1.379E-09.02000.020 3927.56450.200.000000              3              1                    Q 28q     344440 4 3 2 1 1 0   342.0  342.0
221 4545.790299 1.132E-39 4.595E-10.02000.020 4840.10260.200.000000              2              0                    Q 49q     344440 4 3 2 1 1 0   297.0  297.0
221 4545.992356 1.062E-34 2.597E-09.05420.054 2369.35370.760.000000              3              1                    O  4q     344440 4 3 2 1 1 0    30.0   54.0
221 4547.411858 2.719E-37 1.380E-09.02000.020 3817.62480.200.000000              3              1                    Q 27q     344440 4 3 2 1 1 0   165.0  165.0
221 4549.210292 5.651E-39 4.604E-10.02000.020 4647.81680.200.000000              2              0                    Q 48q     344440 4 3 2 1 1 0   582.0  582.0
221 4549.298328 8.776E-37 1.382E-09.02000.020 3711.57730.200.000000              3              1                    Q 26q     344440 4 3 2 1 1 0   318.0  318.0
221 4550.508219 2.509E-39 3.729E-09.05620.056 4654.62280.770.000000              4              2                    S  3q     344440 4 3 2 1 1 0    33.0   21.0
221 4551.114806 6.940E-37 1.383E-09.02000.020 3609.42590.200.000000              3              1                    Q 25q     344440 4 3 2 1 1 0   153.0  153.0
221 4552.560071 6.919E-39 4.613E-10.02000.020 4459.34900.200.000000              2              0                    Q 47q     344440 4 3 2 1 1 0   285.0  285.0
221 4552.861306 2.150E-36 1.385E-09.02000.020 3511.17410.200.000000              3              1                    Q 24q     344440 4 3 2 1 1 0   294.0  294.0
221 4553.095789 2.902E-30 6.042E-10.04630.046  218.78560.680.000000              2              0                    O 10q     344440 4 3 2 1 1 0   102.0  126.0
221 4554.019559 4.120E-35 3.122E-09.05620.056 2353.57740.770.000000              3              1                    O  3q     344440 4 3 2 1 1 0     9.0   21.0
221 4554.537842 1.632E-36 1.386E-09.02140.021 3416.82530.200.000000              3              1                    Q 23q     344440 4 3 2 1 1 0   141.0  141.0
221 4555.839663 3.325E-38 4.621E-10.02000.020 4274.70550.200.000000              2              0                    Q 46q     344440 4 3 2 1 1 0   558.0  558.0
221 4556.144427 4.852E-36 1.388E-09.02300.023 3326.38290.200.000000              3              1                    Q 22q     344440 4 3 2 1 1 0   270.0  270.0
221 4557.681073 3.531E-36 1.389E-09.02500.025 3239.85010.200.000000              3              1                    Q 21q     344440 4 3 2 1 1 0   129.0  129.0
221 4557.903760 5.848E-39 3.980E-09.05420.054 4670.25960.760.000000              4              2                    S  4q     344440 4 3 2 1 1 0    78.0   54.0
221 4559.049096 3.919E-38 4.629E-10.02000.020 4093.89290.200.000000              2              0                    Q 45q     344440 4 3 2 1 1 0   273.0  273.0
221 4559.147792 1.006E-35 1.390E-09.02730.027 3157.22980.200.000000              3              1                    Q 20q     344440 4 3 2 1 1 0   246.0  246.0
221 4560.544596 7.020E-36 1.392E-09.02990.030 3078.52490.200.000000              3              1                    Q 19q     344440 4 3 2 1 1 0   117.0  117.0
221 4561.599741 1.618E-30 6.317E-10.04760.048  179.01680.710.000000              2              0                    O  9q     344440 4 3 2 1 1 0    45.0   57.0
221 4561.871494 1.917E-35 1.393E-09.03270.033 3003.73830.270.000000              3              1                    Q 18q     344440 4 3 2 1 1 0   222.0  222.0
221 4561.977647 4.975E-35 5.357E-09.05880.059 2341.74470.780.000000              3              1                    O  2q     344440 4 3 2 1 1 0     6.0   30.0
221 4562.188396 1.813E-37 4.639E-10.02000.020 3916.91750.200.000000              2              0                    Q 44q     344440 4 3 2 1 1 0   534.0  534.0
221 4563.128498 1.280E-35 1.395E-09.03320.033 2932.87250.340.000000              3              1                    Q 17q     344440 4 3 2 1 1 0   105.0  105.0
221 4564.315616 3.343E-35 1.396E-09.03390.034 2865.93000.410.000000              3              1                    Q 16q     344440 4 3 2 1 1 0   198.0  198.0
221 4565.227749 3.227E-39 4.200E-09.05250.052 4689.80470.760.000000              4              2                    S  5q     344440 4 3 2 1 1 0    45.0   33.0
221 4565.257589 2.056E-37 4.645E-10.02000.020 3743.78520.200.000000              2              0                    Q 43q     344440 4 3 2 1 1 0   261.0  261.0
221 4565.432858 2.134E-35 1.397E-09.03300.033 2802.91320.470.000000              3              1                    Q 15q     344440 4 3 2 1 1 0    93.0   93.0
221 4566.480231 5.324E-35 1.398E-09.03570.036 2743.82420.520.000000              3              1                    Q 14q     344440 4 3 2 1 1 0   174.0  174.0
221 4567.457745 3.243E-35 1.400E-09.03560.036 2688.66510.570.000000              3              1                    Q 13q     344440 4 3 2 1 1 0    81.0   81.0
221 4568.256699 9.151E-37 4.653E-10.02000.020 3574.50230.200.000000              2              0                    Q 42q     344440 4 3 2 1 1 0   510.0  510.0
221 4568.365406 7.709E-35 1.402E-09.03740.037 2637.43790.620.000000              3              1                    Q 12q     344440 4 3 2 1 1 0   150.0  150.0
221 4569.203221 4.467E-35 1.404E-09.04320.043 2590.14440.650.000000              3              1                    Q 11q     344440 4 3 2 1 1 0    69.0   69.0
221 4569.971196 1.008E-34 1.405E-09.04660.047 2546.78620.680.000000              3              1                    Q 10q     344440 4 3 2 1 1 0   126.0  126.0
221 4570.036428 3.488E-30 6.626E-10.04880.049  143.22090.730.000000              2              0                    O  8q     344440 4 3 2 1 1 0    78.0  102.0
221 4570.669337 5.534E-35 1.408E-09.04720.047 2507.36480.710.000000              3              1                    Q  9q     344440 4 3 2 1 1 0    57.0   57.0
221 4571.185752 9.987E-37 4.660E-10.02000.020 3409.07460.200.000000              2              0                    Q 41q     344440 4 3 2 1 1 0   249.0  249.0
221 4571.297649 1.179E-34 1.412E-09.04690.047 2471.88160.730.000000              3              1                    Q  8q     344440 4 3 2 1 1 0   102.0  102.0
221 4571.856137 6.083E-35 1.417E-09.04760.048 2440.33790.740.000000              3              1                    Q  7q     344440 4 3 2 1 1 0    45.0   45.0
221 4572.344805 1.211E-34 1.423E-09.04690.047 2412.73470.750.000000              3              1                    Q  6q     344440 4 3 2 1 1 0    78.0   78.0
221 4572.479906 6.815E-39 4.400E-09.05120.051 4713.25730.750.000000              4              2                    S  6q     344440 4 3 2 1 1 0   102.0   78.0
221 4572.763657 5.792E-35 1.434E-09.04770.048 2389.07300.760.000000              3              1                    Q  5q     344440 4 3 2 1 1 0    33.0   33.0
221 4573.112695 1.057E-34 1.453E-09.04900.049 2369.35370.760.000000              3              1                    Q  4q     344440 4 3 2 1 1 0    54.0   54.0
221 4573.391923 4.556E-35 1.492E-09.05090.051 2353.57740.770.000000              3              1                    Q  3q     344440 4 3 2 1 1 0    21.0   21.0
221 4573.601342 7.386E-35 1.599E-09.05350.053 2341.74470.780.000000              3              1                    Q  2q     344440 4 3 2 1 1 0    30.0   30.0
221 4573.740954 3.223E-35 2.238E-09.05670.057 2333.85600.790.000000              3              1                    Q  1q     344440 4 3 2 1 1 0     9.0    9.0
221 4574.044771 4.277E-36 4.668E-10.02000.020 3247.50780.200.000000              2              0                    Q 40q     344440 4 3 2 1 1 0   486.0  486.0
221 4576.833777 4.490E-36 4.675E-10.02000.020 3089.80750.200.000000              2              0                    Q 39q     344440 4 3 2 1 1 0   237.0  237.0
221 4578.405577 1.810E-30 6.988E-10.04990.050  111.39910.740.000000              2              0                    O  7q     344440 4 3 2 1 1 0    33.0   45.0
221 4579.552794 1.849E-35 4.681E-10.02000.020 2935.97920.200.000000              2              0                    Q 38q     344440 4 3 2 1 1 0   462.0  462.0
221 4579.659949 3.466E-39 4.588E-09.04990.050 4740.61650.740.000000              4              2                    S  7q     344440 4 3 2 1 1 0    57.0   45.0
221 4582.201842 1.867E-35 4.688E-10.02000.020 2786.02830.200.000000              2              0                    Q 37q     344440 4 3 2 1 1 0   225.0  225.0
221 4584.780943 7.397E-35 4.696E-10.02000.020 2639.96000.200.000000              2              0                    Q 36q     344440 4 3 2 1 1 0   438.0  438.0
221 4585.434455 5.688E-35 1.169E-09.06630.066 2329.91160.810.000000              3              1                    S  0q     344440 4 3 2 1 1 0    30.0    6.0
221 4586.706917 3.595E-30 7.435E-10.05120.051   83.55270.750.000000              2              0                    O  6q     344440 4 3 2 1 1 0    54.0   78.0
221 4586.767598 6.820E-39 4.769E-09.04880.049 4771.88140.730.000000              4              2                    S  8q     344440 4 3 2 1 1 0   126.0  102.0
221 4587.290115 7.182E-35 4.703E-10.02000.020 2497.77920.200.000000              2              0                    Q 35q     344440 4 3 2 1 1 0   213.0  213.0
221 4589.729378 2.735E-34 4.710E-10.02000.020 2359.49110.200.000000              2              0                    Q 34q     344440 4 3 2 1 1 0   414.0  414.0
221 4592.098751 2.552E-34 4.715E-10.02000.020 2225.10030.200.000000              2              0                    Q 33q     344440 4 3 2 1 1 0   201.0  201.0
221 4593.113318 5.150E-35 1.546E-09.06210.062 2333.85600.790.000000              3              1                    S  1q     344440 4 3 2 1 1 0    21.0    9.0
221 4593.802569 3.254E-39 4.945E-09.04760.048 4807.05090.710.000000              4              2                    S  9q     344440 4 3 2 1 1 0    69.0   57.0
221 4594.398251 9.341E-34 4.722E-10.02000.020 2094.61150.200.000000              2              0                    Q 32q     344440 4 3 2 1 1 0   390.0  390.0
221 4594.940174 1.689E-30 8.027E-10.05250.052   59.68260.760.000000              2              0                    O  5q     344440 4 3 2 1 1 0    21.0   33.0
221 4596.627896 8.378E-34 4.728E-10.02000.020 1968.02930.200.000000              2              0                    Q 31q     344440 4 3 2 1 1 0   189.0  189.0
221 4598.787703 2.946E-33 4.733E-10.02000.020 1845.35800.200.000000              2              0                    Q 30q     344440 4 3 2 1 1 0   366.0  366.0
221 4600.721682 1.452E-34 1.767E-09.05880.059 2341.74470.780.000000              3              1                    S  2q     344440 4 3 2 1 1 0    54.0   30.0
221 4600.764582 6.036E-39 5.117E-09.04630.046 4846.12380.680.000000              4              2                    S 10q     344440 4 3 2 1 1 0   150.0  126.0
221 4600.877687 2.539E-33 4.740E-10.02000.020 1726.60190.200.000000              2              0                    Q 29q     344440 4 3 2 1 1 0   177.0  177.0
221 4602.897863 8.574E-33 4.745E-10.02000.020 1611.76520.200.000000              2              0                    Q 28q     344440 4 3 2 1 1 0   342.0  342.0
221 4603.105074 2.948E-30 8.935E-10.05420.054   39.78950.760.000000              2              0                    O  4q     344440 4 3 2 1 1 0    30.0   54.0
221 4604.848248 7.094E-33 4.750E-10.02000.020 1500.85180.200.000000              2              0                    Q 27q     344440 4 3 2 1 1 0   165.0  165.0
221 4606.728854 2.301E-32 4.757E-10.02000.020 1393.86550.200.000000              2              0                    Q 26q     344440 4 3 2 1 1 0   318.0  318.0
221 4607.653353 2.725E-39 5.288E-09.04480.045 4889.09860.650.000000              4              2                    S 11q     344440 4 3 2 1 1 0    81.0   69.0
221 4608.259269 9.106E-35 1.927E-09.05620.056 2353.57740.770.000000              3              1                    S  3q     344440 4 3 2 1 1 0    33.0   21.0
221 4608.539696 1.827E-32 4.761E-10.02000.020 1290.81000.200.000000              2              0                    Q 25q     344440 4 3 2 1 1 0   153.0  153.0
221 4610.280786 5.686E-32 4.766E-10.02000.020 1191.68900.200.000000              2              0                    Q 24q     344440 4 3 2 1 1 0   294.0  294.0
221 4611.201344 1.144E-30 1.074E-09.05620.056   23.87430.770.000000              2              0                    O  3q     344440 4 3 2 1 1 0     9.0   21.0
221 4611.952138 4.333E-32 4.772E-10.02140.021 1096.50590.200.000000              2              0                    Q 23q     344440 4 3 2 1 1 0   141.0  141.0
221 4613.553762 1.293E-31 4.776E-10.02300.023 1005.26390.200.000000              2              0                    Q 22q     344440 4 3 2 1 1 0   270.0  270.0
221 4614.468598 4.797E-39 5.458E-09.04330.043 4935.97390.620.000000              4              2                    S 12q     344440 4 3 2 1 1 0   174.0  150.0
221 4615.085671 9.447E-32 4.781E-10.02500.025  917.96630.200.000000              2              0                    Q 21q     344440 4 3 2 1 1 0   129.0  129.0
221 4615.725801 2.122E-34 2.058E-09.05420.054 2369.35370.760.000000              3              1                    S  4q     344440 4 3 2 1 1 0    78.0   54.0
221 4616.547874 2.702E-31 4.785E-10.02730.027  834.61610.200.000000              2              0                    Q 20q     344440 4 3 2 1 1 0   246.0  246.0
221 4617.940384 1.891E-31 4.789E-10.02990.030  755.21600.200.000000              2              0                    Q 19q     344440 4 3 2 1 1 0   117.0  117.0
221 4619.228708 1.383E-30 1.843E-09.05880.059   11.93730.780.000000              2              0                    O  2q     344440 4 3 2 1 1 0     6.0   30.0
221 4619.263208 5.181E-31 4.795E-10.03270.033  679.76900.270.000000              2              0                    Q 18q     344440 4 3 2 1 1 0   222.0  222.0
221 4620.516357 3.470E-31 4.800E-10.03320.033  608.27760.340.000000              2              0                    Q 17q     344440 4 3 2 1 1 0   105.0  105.0
221 4621.210033 2.060E-39 5.630E-09.04150.042 4986.74790.570.000000              4              2                    S 13q     344440 4 3 2 1 1 0    93.0   81.0
221 4621.699840 9.090E-31 4.804E-10.03390.034  540.74430.410.000000              2              0                    Q 16q     344440 4 3 2 1 1 0   198.0  198.0
221 4622.813663 5.818E-31 4.809E-10.03300.033  477.17140.470.000000              2              0                    Q 15q     344440 4 3 2 1 1 0    93.0   93.0
221 4623.120998 1.170E-34 2.172E-09.05250.052 2389.07300.760.000000              3              1                    S  5q     344440 4 3 2 1 1 0    45.0   33.0
221 4623.857836 1.455E-30 4.813E-10.03570.036  417.56110.520.000000              2              0                    Q 14q     344440 4 3 2 1 1 0   174.0  174.0
221 4624.832365 8.885E-31 4.819E-10.03560.036  361.91560.570.000000              2              0                    Q 13q     344440 4 3 2 1 1 0    81.0   81.0
221 4625.737258 2.117E-30 4.825E-10.03740.037  310.23660.620.000000              2              0                    Q 12q     344440 4 3 2 1 1 0   150.0  150.0
221 4626.572519 1.229E-30 4.831E-10.04320.043  262.52610.650.000000              2              0                    Q 11q     344440 4 3 2 1 1 0    69.0   69.0
221 4627.338155 2.780E-30 4.840E-10.04660.047  218.78560.680.000000              2              0                    Q 10q     344440 4 3 2 1 1 0   126.0  126.0
221 4627.877374 3.454E-39 5.800E-09.03960.040 5041.41900.520.000000              4              2                    S 14q     344440 4 3 2 1 1 0   198.0  174.0
221 4628.034172 1.528E-30 4.848E-10.04720.047  179.01680.710.000000              2              0                    Q  9q     344440 4 3 2 1 1 0    57.0   57.0
221 4628.660573 3.261E-30 4.860E-10.04690.047  143.22090.730.000000              2              0                    Q  8q     344440 4 3 2 1 1 0   102.0  102.0
221 4629.217364 1.685E-30 4.877E-10.04760.048  111.39910.740.000000              2              0                    Q  7q     344440 4 3 2 1 1 0    45.0   45.0
221 4629.704548 3.359E-30 4.900E-10.04690.047   83.55270.750.000000              2              0                    Q  6q     344440 4 3 2 1 1 0    78.0   78.0
221 4630.122127 1.608E-30 4.938E-10.04770.048   59.68260.760.000000              2              0                    Q  5q     344440 4 3 2 1 1 0    33.0   33.0
221 4630.444581 2.469E-34 2.275E-09.05120.051 2412.73470.750.000000              3              1                    S  6q     344440 4 3 2 1 1 0   102.0   78.0
221 4630.470106 2.936E-30 5.003E-10.04900.049   39.78950.760.000000              2              0                    Q  4q     344440 4 3 2 1 1 0    54.0   54.0
221 4630.748487 1.266E-30 5.135E-10.05090.051   23.87430.770.000000              2              0                    Q  3q     344440 4 3 2 1 1 0    21.0   21.0
221 4630.957270 2.054E-30 5.503E-10.05350.053   11.93730.780.000000              2              0                    Q  2q     344440 4 3 2 1 1 0    30.0   30.0
221 4631.096458 8.968E-31 7.706E-10.05670.057    3.97920.790.000000              2              0                    Q  1q     344440 4 3 2 1 1 0     9.0    9.0
221 4634.470336 1.415E-39 5.973E-09.03750.037 5099.98500.470.000000              4              2                    S 15q     344440 4 3 2 1 1 0   105.0   93.0
221 4637.696269 1.255E-34 2.374E-09.04990.050 2440.33790.740.000000              3              1                    S  7q     344440 4 3 2 1 1 0    57.0   45.0
221 4640.988633 2.266E-39 6.146E-09.03540.035 5162.44410.410.000000              4              2                    S 16q     344440 4 3 2 1 1 0   222.0  198.0
221 4642.894615 1.583E-30 4.023E-10.06630.066    0.00000.810.000000              2              0                    S  0q     344440 4 3 2 1 1 0    30.0    6.0
221 4644.875784 2.466E-34 2.468E-09.04880.049 2471.88160.730.000000              3              1                    S  8q     344440 4 3 2 1 1 0   126.0  102.0
221 4650.643601 1.434E-30 5.326E-10.06210.062    3.97920.790.000000              2              0                    S  1q     344440 4 3 2 1 1 0    21.0    9.0
221 4651.982842 1.175E-34 2.559E-09.04760.048 2507.36480.710.000000              3              1                    S  9q     344440 4 3 2 1 1 0    69.0   57.0
221 4653.800089 1.359E-39 6.497E-09.03110.031 5299.03220.270.000000              4              2                    S 18q     344440 4 3 2 1 1 0   246.0  222.0
221 4658.322302 4.041E-30 6.087E-10.05880.059   11.93730.780.000000              2              0                    S  2q     344440 4 3 2 1 1 0    54.0   30.0
221 4659.017163 2.176E-34 2.649E-09.04630.046 2546.78620.680.000000              3              1                    S 10q     344440 4 3 2 1 1 0   150.0  126.0
221 4665.930440 2.534E-30 6.640E-10.05620.056   23.87430.770.000000              2              0                    S  3q     344440 4 3 2 1 1 0    33.0   21.0
221 4665.978466 9.810E-35 2.738E-09.04480.045 2590.14440.650.000000              3              1                    S 11q     344440 4 3 2 1 1 0    81.0   69.0
221 4672.866467 1.724E-34 2.827E-09.04330.043 2637.43790.620.000000              3              1                    S 12q     344440 4 3 2 1 1 0   174.0  150.0
221 4673.467737 5.902E-30 7.092E-10.05420.054   39.78950.760.000000              2              0                    S  4q     344440 4 3 2 1 1 0    78.0   54.0
221 4679.680884 7.387E-35 2.916E-09.04150.042 2688.66510.570.000000              3              1                    S 13q     344440 4 3 2 1 1 0    93.0   81.0
221 4680.933914 3.253E-30 7.488E-10.05250.052   59.68260.760.000000              2              0                    S  5q     344440 4 3 2 1 1 0    45.0   33.0
221 4686.421433 1.236E-34 3.005E-09.03960.040 2743.82420.520.000000              3              1                    S 14q     344440 4 3 2 1 1 0   198.0  174.0
221 4688.328693 6.860E-30 7.848E-10.05120.051   83.55270.750.000000              2              0                    S  6q     344440 4 3 2 1 1 0   102.0   78.0
221 4693.087831 5.052E-35 3.095E-09.03750.037 2802.91320.470.000000              3              1                    S 15q     344440 4 3 2 1 1 0   105.0   93.0
221 4695.651795 3.482E-30 8.187E-10.04990.050  111.39910.740.000000              2              0                    S  7q     344440 4 3 2 1 1 0    57.0   45.0
221 4699.679793 8.070E-35 3.186E-09.03540.035 2865.93000.410.000000              3              1                    S 16q     344440 4 3 2 1 1 0   222.0  198.0
221 4702.902940 6.836E-30 8.514E-10.04880.049  143.22090.730.000000              2              0                    S  8q     344440 4 3 2 1 1 0   126.0  102.0
221 4706.197036 3.151E-35 3.277E-09.03320.033 2932.87250.340.000000              3              1                    S 17q     344440 4 3 2 1 1 0   117.0  105.0
221 4710.081847 3.253E-30 8.831E-10.04760.048  179.01680.710.000000              2              0                    S  9q     344440 4 3 2 1 1 0    69.0   57.0
221 4712.639273 4.814E-35 3.370E-09.03110.031 3003.73830.270.000000              3              1                    S 18q     344440 4 3 2 1 1 0   246.0  222.0
221 4717.188236 6.017E-30 9.144E-10.04630.046  218.78560.680.000000              2              0                    S 10q     344440 4 3 2 1 1 0   150.0  126.0
221 4719.006219 1.799E-35 3.463E-09.02910.029 3078.52490.200.000000              3              1                    S 19q     344440 4 3 2 1 1 0   129.0  117.0
221 4724.221828 2.708E-30 9.454E-10.04480.045  262.52610.650.000000              2              0                    S 11q     344440 4 3 2 1 1 0    81.0   69.0
221 4725.297588 2.631E-35 3.557E-09.02740.027 3157.22980.200.000000              3              1                    S 20q     344440 4 3 2 1 1 0   270.0  246.0
221 4731.182339 4.749E-30 9.761E-10.04330.043  310.23660.620.000000              2              0                    S 12q     344440 4 3 2 1 1 0   174.0  150.0
221 4731.513095 9.419E-36 3.653E-09.02730.027 3239.85010.200.000000              3              1                    S 21q     344440 4 3 2 1 1 0   141.0  129.0
221 4737.652450 1.321E-35 3.752E-09.02730.027 3326.38290.200.000000              3              1                    S 22q     344440 4 3 2 1 1 0   294.0  270.0
221 4738.069488 2.031E-30 1.007E-09.04150.042  361.91560.570.000000              2              0                    S 13q     344440 4 3 2 1 1 0    93.0   81.0
221 4743.715369 4.532E-36 3.849E-09.02730.027 3416.82530.200.000000              3              1                    S 23q     344440 4 3 2 1 1 0   153.0  141.0
221 4744.882994 3.392E-30 1.038E-09.03960.040  417.56110.520.000000              2              0                    S 14q     344440 4 3 2 1 1 0   198.0  174.0
221 4749.701562 6.094E-36 3.949E-09.02730.027 3511.17410.200.000000              3              1                    S 24q     344440 4 3 2 1 1 0   318.0  294.0
221 4751.622573 1.383E-30 1.070E-09.03750.037  477.17140.470.000000              2              0                    S 15q     344440 4 3 2 1 1 0   105.0   93.0
221 4755.610741 2.007E-36 4.051E-09.02730.027 3609.42590.200.000000              3              1                    S 25q     344440 4 3 2 1 1 0   165.0  153.0
221 4758.287943 2.203E-30 1.101E-09.03540.035  540.74430.410.000000              2              0                    S 16q     344440 4 3 2 1 1 0   222.0  198.0
221 4761.442618 2.589E-36 4.152E-09.02730.027 3711.57730.200.000000              3              1                    S 26q     344440 4 3 2 1 1 0   342.0  318.0
221 4764.878821 8.581E-31 1.133E-09.03320.033  608.27760.340.000000              2              0                    S 17q     344440 4 3 2 1 1 0   117.0  105.0
221 4767.196903 8.185E-37 4.257E-09.02730.027 3817.62480.200.000000              3              1                    S 27q     344440 4 3 2 1 1 0   177.0  165.0
221 4771.394922 1.307E-30 1.165E-09.03110.031  679.76900.270.000000              2              0                    S 18q     344440 4 3 2 1 1 0   246.0  222.0
221 4772.873306 1.014E-36 4.363E-09.02730.027 3927.56450.200.000000              3              1                    S 28q     344440 4 3 2 1 1 0   366.0  342.0
221 4777.835962 4.870E-31 1.197E-09.02910.029  755.21600.200.000000              2              0                    S 19q     344440 4 3 2 1 1 0   129.0  117.0
221 4778.471538 3.078E-37 4.470E-09.02730.027 4041.39280.200.000000              3              1                    S 29q     344440 4 3 2 1 1 0   189.0  177.0
221 4783.991308 3.663E-37 4.579E-09.02730.027 4159.10550.200.000000              3              1                    S 30q     344440 4 3 2 1 1 0   390.0  366.0
221 4784.201658 7.101E-31 1.230E-09.02740.027  834.61610.200.000000              2              0                    S 20q     344440 4 3 2 1 1 0   270.0  246.0
221 4789.432325 1.068E-37 4.689E-09.02730.027 4280.69860.200.000000              3              1                    S 31q     344440 4 3 2 1 1 0   201.0  189.0
221 4790.491723 2.533E-31 1.264E-09.02730.027  917.96630.200.000000              2              0                    S 21q     344440 4 3 2 1 1 0   141.0  129.0
221 4794.794297 1.221E-37 4.800E-09.02730.027 4406.16770.200.000000              3              1                    S 32q     344440 4 3 2 1 1 0   414.0  390.0
221 4796.705872 3.539E-31 1.298E-09.02730.027 1005.26390.200.000000              2              0                    S 22q     344440 4 3 2 1 1 0   294.0  270.0
221 4800.076932 3.423E-38 4.915E-09.02730.027 4535.50860.200.000000              3              1                    S 33q     344440 4 3 2 1 1 0   213.0  201.0
221 4802.843821 1.210E-31 1.332E-09.02730.027 1096.50590.200.000000              2              0                    S 23q     344440 4 3 2 1 1 0   153.0  141.0
221 4805.279937 3.762E-38 5.030E-09.02730.027 4668.71660.200.000000              3              1                    S 34q     344440 4 3 2 1 1 0   438.0  414.0
221 4808.905282 1.621E-31 1.367E-09.02730.027 1191.68900.200.000000              2              0                    S 24q     344440 4 3 2 1 1 0   318.0  294.0
221 4810.403019 1.014E-38 5.150E-09.02730.027 4805.78700.200.000000              3              1                    S 35q     344440 4 3 2 1 1 0   225.0  213.0
221 4814.889969 5.316E-32 1.402E-09.02730.027 1290.81000.200.000000              2              0                    S 25q     344440 4 3 2 1 1 0   165.0  153.0
221 4815.445886 1.071E-38 5.266E-09.02730.027 4946.71520.200.000000              3              1                    S 36q     344440 4 3 2 1 1 0   462.0  438.0
221 4820.408242 2.775E-39 5.387E-09.02730.027 5091.49610.200.000000              3              1                    S 37q     344440 4 3 2 1 1 0   237.0  225.0
221 4820.797595 6.830E-32 1.438E-09.02730.027 1393.86550.200.000000              2              0                    S 26q     344440 4 3 2 1 1 0   342.0  318.0
221 4825.289793 2.820E-39 5.510E-09.02730.027 5240.12460.200.000000              3              1                    S 38q     344440 4 3 2 1 1 0   486.0  462.0
221 4826.627873 2.149E-32 1.474E-09.02730.027 1500.85180.200.000000              2              0                    S 27q     344440 4 3 2 1 1 0   177.0  165.0
221 4832.380515 2.651E-32 1.511E-09.02730.027 1611.76520.200.000000              2              0                    S 28q     344440 4 3 2 1 1 0   366.0  342.0
221 4838.055232 8.008E-33 1.548E-09.02730.027 1726.60190.200.000000              2              0                    S 29q     344440 4 3 2 1 1 0   189.0  177.0
221 4843.651736 9.483E-33 1.586E-09.02730.027 1845.35800.200.000000              2              0                    S 30q     344440 4 3 2 1 1 0   390.0  366.0
221 4849.169739 2.752E-33 1.625E-09.02730.027 1968.02930.200.000000              2              0                    S 31q     344440 4 3 2 1 1 0   201.0  189.0
221 4854.608949 3.130E-33 1.664E-09.02730.027 2094.61150.200.000000              2              0                    S 32q     344440 4 3 2 1 1 0   414.0  390.0
221 4859.969078 8.724E-34 1.704E-09.02730.027 2225.10030.200.000000              2              0                    S 33q     344440 4 3 2 1 1 0   213.0  201.0
221 4865.249835 9.534E-34 1.744E-09.02730.027 2359.49110.200.000000              2              0                    S 34q     344440 4 3 2 1 1 0   438.0  414.0
221 4870.450930 2.554E-34 1.785E-09.02730.027 2497.77920.200.000000              2              0                    S 35q     344440 4 3 2 1 1 0   225.0  213.0
221 4875.572071 2.683E-34 1.826E-09.02730.027 2639.96000.200.000000              2              0                    S 36q     344440 4 3 2 1 1 0   462.0  438.0
221 4880.612966 6.907E-35 1.868E-09.02730.027 2786.02830.200.000000              2              0                    S 37q     344440 4 3 2 1 1 0   237.0  225.0
221 4885.573323 6.975E-35 1.911E-09.02730.027 2935.97920.200.000000              2              0                    S 38q     344440 4 3 2 1 1 0   486.0  462.0
221 4890.452850 1.727E-35 1.954E-09.02730.027 3089.80750.200.000000              2              0                    S 39q     344440 4 3 2 1 1 0   249.0  237.0
221 4895.251253 1.677E-35 1.998E-09.02730.027 3247.50780.200.000000              2              0                    S 40q     344440 4 3 2 1 1 0   510.0  486.0
221 4899.968239 3.992E-36 2.042E-09.02730.027 3409.07460.200.000000              2              0                    S 41q     344440 4 3 2 1 1 0   261.0  249.0
221 4904.603513 3.729E-36 2.087E-09.02730.027 3574.50230.200.000000              2              0                    S 42q     344440 4 3 2 1 1 0   534.0  510.0
221 4909.156782 8.539E-37 2.133E-09.02730.027 3743.78520.200.000000              2              0                    S 43q     344440 4 3 2 1 1 0   273.0  261.0
221 4913.627749 7.673E-37 2.179E-09.02730.027 3916.91750.200.000000              2              0                    S 44q     344440 4 3 2 1 1 0   558.0  534.0
221 4918.016120 1.691E-37 2.227E-09.02730.027 4093.89290.200.000000              2              0                    S 45q     344440 4 3 2 1 1 0   285.0  273.0
221 4922.321597 1.462E-37 2.274E-09.02730.027 4274.70550.200.000000              2              0                    S 46q     344440 4 3 2 1 1 0   582.0  558.0
221 4926.543885 3.099E-38 2.322E-09.02730.027 4459.34900.200.000000              2              0                    S 47q     344440 4 3 2 1 1 0   297.0  285.0
221 4930.682685 2.579E-38 2.371E-09.02730.027 4647.81680.200.000000              2              0                    S 48q     344440 4 3 2 1 1 0   606.0  582.0
221 4934.737700 5.263E-39 2.420E-09.02730.027 4840.10260.200.000000              2              0                    S 49q     344440 4 3 2 1 1 0   309.0  297.0
221 4938.708632 4.216E-39 2.470E-09.02730.027 5036.19950.200.000000              2              0                    S 50q     344440 4 3 2 1 1 0   630.0  606.0
221 6478.900504 1.188E-39 5.667E-12.02730.027 3743.78520.200.000000              3              0                    O 43q     344440 4 3 2 1 1 0   249.0  261.0
221 6490.912021 5.612E-39 6.046E-12.02730.027 3574.50230.200.000000              3              0                    O 42q     344440 4 3 2 1 1 0   486.0  510.0
221 6502.829693 6.494E-39 6.443E-12.02730.027 3409.07460.200.000000              3              0                    O 41q     344440 4 3 2 1 1 0   237.0  249.0
221 6514.653284 2.944E-38 6.857E-12.02730.027 3247.50780.200.000000              3              0                    O 40q     344440 4 3 2 1 1 0   462.0  486.0
221 6526.382556 3.268E-38 7.288E-12.02730.027 3089.80750.200.000000              3              0                    O 39q     344440 4 3 2 1 1 0   225.0  237.0
221 6538.017273 1.422E-37 7.740E-12.02730.027 2935.97920.200.000000              3              0                    O 38q     344440 4 3 2 1 1 0   438.0  462.0
221 6543.490677 1.662E-39 4.433E-11.02730.027 4159.10550.200.000000              4              1                    O 30q     344440 4 3 2 1 1 0   342.0  366.0
221 6549.557192 1.514E-37 8.205E-12.02730.027 2786.02830.200.000000              3              0                    O 37q     344440 4 3 2 1 1 0   213.0  225.0
221 6554.202972 1.491E-39 4.666E-11.02730.027 4041.39280.200.000000              4              1                    O 29q     344440 4 3 2 1 1 0   165.0  177.0
221 6561.002074 6.320E-37 8.694E-12.02730.027 2639.96000.200.000000              3              0                    O 36q     344440 4 3 2 1 1 0   414.0  438.0
221 6564.817926 5.244E-39 4.913E-11.02730.027 3927.56450.200.000000              4              1                    O 28q     344440 4 3 2 1 1 0   318.0  342.0
221 6572.351677 6.458E-37 9.199E-12.02730.027 2497.77920.200.000000              3              0                    O 35q     344440 4 3 2 1 1 0   201.0  213.0
221 6575.335287 4.514E-39 5.167E-11.02730.027 3817.62480.200.000000              4              1                    O 27q     344440 4 3 2 1 1 0   153.0  165.0
221 6583.605755 2.585E-36 9.723E-12.02730.027 2359.49110.200.000000              3              0                    O 34q     344440 4 3 2 1 1 0   390.0  414.0
221 6585.754805 1.522E-38 5.432E-11.02730.027 3711.57730.200.000000              4              1                    O 26q     344440 4 3 2 1 1 0   294.0  318.0
221 6594.764066 2.535E-36 1.027E-11.02730.027 2225.10030.200.000000              3              0                    O 33q     344440 4 3 2 1 1 0   189.0  201.0
221 6596.076226 1.255E-38 5.702E-11.02730.027 3609.42590.200.000000              4              1                    O 25q     344440 4 3 2 1 1 0   141.0  153.0
221 6605.826362 9.733E-36 1.084E-11.02730.027 2094.61150.200.000000              3              0                    O 32q     344440 4 3 2 1 1 0   366.0  390.0
221 6606.299297 4.056E-38 5.988E-11.02730.027 3511.17410.200.000000              4              1                    O 24q     344440 4 3 2 1 1 0   270.0  294.0
221 6616.423763 3.206E-38 6.282E-11.02730.027 3416.82530.200.000000              4              1                    O 23q     344440 4 3 2 1 1 0   129.0  141.0
221 6616.792397 9.151E-36 1.143E-11.02730.027 1968.02930.200.000000              3              0                    O 31q     344440 4 3 2 1 1 0   177.0  189.0
221 6626.449369 9.922E-38 6.589E-11.02730.027 3326.38290.200.000000              4              1                    O 22q     344440 4 3 2 1 1 0   246.0  270.0
221 6627.661922 3.370E-35 1.204E-11.02730.027 1845.35800.200.000000              3              0                    O 30q     344440 4 3 2 1 1 0   342.0  366.0
221 6636.375857 7.510E-38 6.906E-11.02730.027 3239.85010.200.000000              4              1                    O 21q     344440 4 3 2 1 1 0   117.0  129.0
221 6638.434689 3.039E-35 1.267E-11.02730.027 1726.60190.200.000000              3              0                    O 29q     344440 4 3 2 1 1 0   165.0  177.0
221 6646.202971 2.224E-37 7.235E-11.02740.027 3157.22980.200.000000              4              1                    O 20q     344440 4 3 2 1 1 0   222.0  246.0
221 6649.110445 1.073E-34 1.333E-11.02730.027 1611.76520.200.000000              3              0                    O 28q     344440 4 3 2 1 1 0   318.0  342.0
221 6655.930449 1.611E-37 7.580E-11.02910.029 3078.52490.200.000000              4              1                    O 19q     344440 4 3 2 1 1 0   105.0  117.0
221 6659.688940 9.274E-35 1.401E-11.02730.027 1500.85180.200.000000              3              0                    O 27q     344440 4 3 2 1 1 0   153.0  165.0
221 6665.558034 4.562E-37 7.937E-11.03110.031 3003.73830.270.000000              4              1                    O 18q     344440 4 3 2 1 1 0   198.0  222.0
221 6670.169922 3.139E-34 1.472E-11.02730.027 1393.86550.200.000000              3              0                    O 26q     344440 4 3 2 1 1 0   294.0  318.0
221 6675.085463 3.157E-37 8.310E-11.03320.033 2932.87250.340.000000              4              1                    O 17q     344440 4 3 2 1 1 0    93.0  105.0
221 6680.553135 2.600E-34 1.545E-11.02730.027 1290.81000.200.000000              3              0                    O 25q     344440 4 3 2 1 1 0   141.0  153.0
221 6684.512475 8.536E-37 8.698E-11.03540.035 2865.93000.410.000000              4              1                    O 16q     344440 4 3 2 1 1 0   174.0  198.0
221 6690.838326 8.431E-34 1.621E-11.02730.027 1191.68900.200.000000              3              0                    O 24q     344440 4 3 2 1 1 0   270.0  294.0
221 6693.838807 5.634E-37 9.104E-11.03750.037 2802.91320.470.000000              4              1                    O 15q     344440 4 3 2 1 1 0    81.0   93.0
221 6701.025239 6.689E-34 1.700E-11.02730.027 1096.50590.200.000000              3              0                    O 23q     344440 4 3 2 1 1 0   129.0  141.0
221 6703.064196 1.452E-36 9.533E-11.03960.040 2743.82420.520.000000              4              1                    O 14q     344440 4 3 2 1 1 0   150.0  174.0
221 6711.113616 2.077E-33 1.782E-11.02730.027 1005.26390.200.000000              3              0                    O 22q     344440 4 3 2 1 1 0   246.0  270.0
221 6712.188375 9.121E-37 9.983E-11.04150.042 2688.66510.570.000000              4              1                    O 13q     344440 4 3 2 1 1 0    69.0   81.0
221 6721.103201 1.577E-33 1.866E-11.02730.027  917.96630.200.000000              3              0                    O 21q     344440 4 3 2 1 1 0   117.0  129.0
221 6721.211081 2.233E-36 1.046E-10.04330.043 2637.43790.620.000000              4              1                    O 12q     344440 4 3 2 1 1 0   126.0  150.0
221 6730.132045 1.330E-36 1.097E-10.04480.045 2590.14440.650.000000              4              1                    O 11q     344440 4 3 2 1 1 0    57.0   69.0
221 6730.993734 4.685E-33 1.954E-11.02740.027  834.61610.200.000000              3              0                    O 20q     344440 4 3 2 1 1 0   222.0  246.0
221 6738.951001 3.079E-36 1.153E-10.04630.046 2546.78620.680.000000              4              1                    O 10q     344440 4 3 2 1 1 0   102.0  126.0
221 6740.784955 3.403E-33 2.046E-11.02910.029  755.21600.200.000000              3              0                    O 19q     344440 4 3 2 1 1 0   105.0  117.0
221 6747.667680 1.727E-36 1.213E-10.04760.048 2507.36480.710.000000              4              1                    O  9q     344440 4 3 2 1 1 0    45.0   57.0
221 6750.476604 9.664E-33 2.142E-11.03110.031  679.76900.270.000000              3              0                    O 18q     344440 4 3 2 1 1 0   198.0  222.0
221 6756.281812 3.748E-36 1.282E-10.04880.049 2471.88160.730.000000              4              1                    O  8q     344440 4 3 2 1 1 0    78.0  102.0
221 6760.068419 6.704E-33 2.241E-11.03320.033  608.27760.340.000000              3              0                    O 17q     344440 4 3 2 1 1 0    93.0  105.0
221 6762.221874 1.127E-39 9.354E-11.02000.020 4406.16770.200.000000              4              1                    Q 32q     344440 4 3 2 1 1 0   390.0  390.0
221 6764.793129 1.957E-36 1.361E-10.04990.050 2440.33790.740.000000              4              1                    O  7q     344440 4 3 2 1 1 0    33.0   45.0
221 6765.582220 1.006E-39 9.373E-11.02000.020 4280.69860.200.000000              4              1                    Q 31q     344440 4 3 2 1 1 0   189.0  189.0
221 6768.837279 3.524E-39 9.398E-11.02000.020 4159.10550.200.000000              4              1                    Q 30q     344440 4 3 2 1 1 0   366.0  366.0
221 6769.560137 1.817E-32 2.344E-11.03540.035  540.74430.410.000000              3              0                    O 16q     344440 4 3 2 1 1 0   174.0  198.0
221 6771.987076 3.024E-39 9.419E-11.02000.020 4041.39280.200.000000              4              1                    Q 29q     344440 4 3 2 1 1 0   177.0  177.0
221 6773.201357 3.910E-36 1.456E-10.05120.051 2412.73470.750.000000              4              1                    O  6q     344440 4 3 2 1 1 0    54.0   78.0
221 6775.031639 1.018E-38 9.445E-11.02000.020 3927.56450.200.000000              4              1                    Q 28q     344440 4 3 2 1 1 0   342.0  342.0
221 6777.970993 8.389E-39 9.462E-11.02000.020 3817.62480.200.000000              4              1                    Q 27q     344440 4 3 2 1 1 0   165.0  165.0
221 6778.951496 1.202E-32 2.453E-11.03750.037  477.17140.470.000000              3              0                    O 15q     344440 4 3 2 1 1 0    81.0   93.0
221 6780.805162 2.711E-38 9.484E-11.02000.020 3711.57730.200.000000              4              1                    Q 26q     344440 4 3 2 1 1 0   318.0  318.0
221 6781.506227 1.849E-36 1.582E-10.05250.052 2389.07300.760.000000              4              1                    O  5q     344440 4 3 2 1 1 0    21.0   33.0
221 6783.534170 2.146E-38 9.504E-11.02000.020 3609.42590.200.000000              4              1                    Q 25q     344440 4 3 2 1 1 0   153.0  153.0
221 6786.158038 6.655E-38 9.522E-11.02000.020 3511.17410.200.000000              4              1                    Q 24q     344440 4 3 2 1 1 0   294.0  294.0
221 6788.242231 3.105E-32 2.568E-11.03960.040  417.56110.520.000000              3              0                    O 14q     344440 4 3 2 1 1 0   150.0  174.0
221 6788.676788 5.055E-38 9.540E-11.02140.021 3416.82530.200.000000              4              1                    Q 23q     344440 4 3 2 1 1 0   141.0  141.0
221 6789.707464 3.246E-36 1.771E-10.05420.054 2369.35370.760.000000              4              1                    O  4q     344440 4 3 2 1 1 0    30.0   54.0
221 6791.090441 1.504E-37 9.557E-11.02300.023 3326.38290.200.000000              4              1                    Q 22q     344440 4 3 2 1 1 0   270.0  270.0
221 6793.399015 1.096E-37 9.578E-11.02500.025 3239.85010.200.000000              4              1                    Q 21q     344440 4 3 2 1 1 0   129.0  129.0
221 6795.602530 3.126E-37 9.594E-11.02730.027 3157.22980.200.000000              4              1                    Q 20q     344440 4 3 2 1 1 0   246.0  246.0
221 6797.432076 1.955E-32 2.689E-11.04150.042  361.91560.570.000000              3              0                    O 13q     344440 4 3 2 1 1 0    69.0   81.0
221 6797.701003 2.182E-37 9.610E-11.02990.030 3078.52490.200.000000              4              1                    Q 19q     344440 4 3 2 1 1 0   117.0  117.0
221 6797.804795 1.268E-36 2.141E-10.05620.056 2353.57740.770.000000              4              1                    O  3q     344440 4 3 2 1 1 0     9.0   21.0
221 6799.694451 5.962E-37 9.627E-11.03270.033 3003.73830.270.000000              4              1                    Q 18q     344440 4 3 2 1 1 0   222.0  222.0
221 6800.093306 4.254E-39 2.418E-11.02000.020 3916.91750.200.000000              3              0                    Q 44q     344440 4 3 2 1 1 0   534.0  534.0
221 6801.582889 3.984E-37 9.643E-11.03320.033 2932.87250.340.000000              4              1                    Q 17q     344440 4 3 2 1 1 0   105.0  105.0
221 6803.366333 1.041E-36 9.656E-11.03390.034 2865.93000.410.000000              4              1                    Q 16q     344440 4 3 2 1 1 0   198.0  198.0
221 6804.704557 4.834E-39 2.427E-11.02000.020 3743.78520.200.000000              3              0                    Q 43q     344440 4 3 2 1 1 0   261.0  261.0
221 6805.044796 6.651E-37 9.674E-11.03300.033 2802.91320.470.000000              4              1                    Q 15q     344440 4 3 2 1 1 0    93.0   93.0
221 6805.797946 1.542E-36 3.696E-10.05880.059 2341.74470.780.000000              4              1                    O  2q     344440 4 3 2 1 1 0     6.0   30.0
221 6806.520765 4.794E-32 2.816E-11.04330.043  310.23660.620.000000              3              0                    O 12q     344440 4 3 2 1 1 0   126.0  150.0
221 6806.618292 1.660E-36 9.688E-11.03570.036 2743.82420.520.000000              4              1                    Q 14q     344440 4 3 2 1 1 0   174.0  174.0
221 6808.086833 1.012E-36 9.707E-11.03560.036 2688.66510.570.000000              4              1                    Q 13q     344440 4 3 2 1 1 0    81.0   81.0
221 6809.210494 2.155E-38 2.435E-11.02000.020 3574.50230.200.000000              3              0                    Q 42q     344440 4 3 2 1 1 0   510.0  510.0
221 6809.450431 2.406E-36 9.719E-11.03740.037 2637.43790.620.000000              4              1                    Q 12q     344440 4 3 2 1 1 0   150.0  150.0
221 6810.709096 1.395E-36 9.738E-11.04320.043 2590.14440.650.000000              4              1                    Q 11q     344440 4 3 2 1 1 0    69.0   69.0
221 6811.862838 3.150E-36 9.757E-11.04660.047 2546.78620.680.000000              4              1                    Q 10q     344440 4 3 2 1 1 0   126.0  126.0
221 6812.911666 1.730E-36 9.783E-11.04720.047 2507.36480.710.000000              4              1                    Q  9q     344440 4 3 2 1 1 0    57.0   57.0
221 6813.611154 2.356E-38 2.443E-11.02000.020 3409.07460.200.000000              3              0                    Q 41q     344440 4 3 2 1 1 0   249.0  249.0
221 6813.855589 3.687E-36 9.808E-11.04690.047 2471.88160.730.000000              4              1                    Q  8q     344440 4 3 2 1 1 0   102.0  102.0
221 6814.694612 1.903E-36 9.846E-11.04760.048 2440.33790.740.000000              4              1                    Q  7q     344440 4 3 2 1 1 0    45.0   45.0
221 6815.428744 3.790E-36 9.895E-11.04690.047 2412.73470.750.000000              4              1                    Q  6q     344440 4 3 2 1 1 0    78.0   78.0
221 6815.508033 2.860E-32 2.953E-11.04480.045  262.52610.650.000000              3              0                    O 11q     344440 4 3 2 1 1 0    57.0   69.0
221 6816.057989 1.812E-36 9.968E-11.04770.048 2389.07300.760.000000              4              1                    Q  5q     344440 4 3 2 1 1 0    33.0   33.0
221 6816.582352 3.307E-36 1.010E-10.04900.049 2369.35370.760.000000              4              1                    Q  4q     344440 4 3 2 1 1 0    54.0   54.0
221 6817.001838 1.426E-36 1.038E-10.05090.051 2353.57740.770.000000              4              1                    Q  3q     344440 4 3 2 1 1 0    21.0   21.0
221 6817.316450 2.312E-36 1.112E-10.05350.053 2341.74470.780.000000              4              1                    Q  2q     344440 4 3 2 1 1 0    30.0   30.0
221 6817.526190 1.009E-36 1.557E-10.05670.057 2333.85600.790.000000              4              1                    Q  1q     344440 4 3 2 1 1 0     9.0    9.0
221 6817.906574 1.010E-37 2.449E-11.02000.020 3247.50780.200.000000              3              0                    Q 40q     344440 4 3 2 1 1 0   486.0  486.0
221 6822.096790 1.063E-37 2.459E-11.02000.020 3089.80750.200.000000              3              0                    Q 39q     344440 4 3 2 1 1 0   237.0  237.0
221 6824.393610 6.630E-32 3.101E-11.04630.046  218.78560.680.000000              3              0                    O 10q     344440 4 3 2 1 1 0   102.0  126.0
221 6826.181836 4.383E-37 2.466E-11.02000.020 2935.97920.200.000000              3              0                    Q 38q     344440 4 3 2 1 1 0   462.0  462.0
221 6829.149563 1.798E-36 8.193E-11.06630.066 2329.91160.810.000000              4              1                    S  0q     344440 4 3 2 1 1 0    30.0    6.0
221 6830.161745 4.432E-37 2.473E-11.02000.020 2786.02830.200.000000              3              0                    Q 37q     344440 4 3 2 1 1 0   225.0  225.0
221 6833.177229 3.725E-32 3.263E-11.04760.048  179.01680.710.000000              3              0                    O  9q     344440 4 3 2 1 1 0    45.0   57.0
221 6834.036549 1.758E-36 2.480E-11.02000.020 2639.96000.200.000000              3              0                    Q 36q     344440 4 3 2 1 1 0   438.0  438.0
221 6836.723233 1.638E-36 1.089E-10.06210.062 2333.85600.790.000000              4              1                    S  1q     344440 4 3 2 1 1 0    21.0    9.0
221 6837.806280 1.709E-36 2.487E-11.02000.020 2497.77920.200.000000              3              0                    Q 35q     344440 4 3 2 1 1 0   213.0  213.0
221 6841.470967 6.518E-36 2.494E-11.02000.020 2359.49110.200.000000              3              0                    Q 34q     344440 4 3 2 1 1 0   414.0  414.0
221 6841.858619 8.092E-32 3.446E-11.04880.049  143.22090.730.000000              3              0                    O  8q     344440 4 3 2 1 1 0    78.0  102.0
221 6844.191339 4.647E-36 1.252E-10.05880.059 2341.74470.780.000000              4              1                    S  2q     344440 4 3 2 1 1 0    54.0   30.0
221 6845.030640 6.091E-36 2.500E-11.02000.020 2225.10030.200.000000              3              0                    Q 33q     344440 4 3 2 1 1 0   201.0  201.0
221 6848.485327 2.232E-35 2.507E-11.02000.020 2094.61150.200.000000              3              0                    Q 32q     344440 4 3 2 1 1 0   390.0  390.0
221 6850.437511 4.230E-32 3.656E-11.04990.050  111.39910.740.000000              3              0                    O  7q     344440 4 3 2 1 1 0    33.0   45.0
221 6851.553601 2.933E-36 1.372E-10.05620.056 2353.57740.770.000000              4              1                    S  3q     344440 4 3 2 1 1 0    33.0   21.0
221 6851.835054 2.004E-35 2.513E-11.02000.020 1968.02930.200.000000              3              0                    Q 31q     344440 4 3 2 1 1 0   189.0  189.0
221 6855.079847 7.057E-35 2.519E-11.02000.020 1845.35800.200.000000              3              0                    Q 30q     344440 4 3 2 1 1 0   366.0  366.0
221 6858.219733 6.088E-35 2.526E-11.02000.020 1726.60190.200.000000              3              0                    Q 29q     344440 4 3 2 1 1 0   177.0  177.0
221 6858.809739 6.873E-36 1.472E-10.05420.054 2369.35370.760.000000              4              1                    S  4q     344440 4 3 2 1 1 0    78.0   54.0
221 6858.913634 8.459E-32 3.912E-11.05120.051   83.55270.750.000000              3              0                    O  6q     344440 4 3 2 1 1 0    54.0   78.0
221 6861.254735 2.059E-34 2.532E-11.02000.020 1611.76520.200.000000              3              0                    Q 28q     344440 4 3 2 1 1 0   342.0  342.0
221 6864.184875 1.705E-34 2.537E-11.02000.020 1500.85180.200.000000              3              0                    Q 27q     344440 4 3 2 1 1 0   165.0  165.0
221 6865.959472 3.812E-36 1.560E-10.05250.052 2389.07300.760.000000              4              1                    S  5q     344440 4 3 2 1 1 0    45.0   33.0
221 6867.010177 5.535E-34 2.543E-11.02000.020 1393.86550.200.000000              3              0                    Q 26q     344440 4 3 2 1 1 0   318.0  318.0
221 6867.286716 4.002E-32 4.248E-11.05250.052   59.68260.760.000000              3              0                    O  5q     344440 4 3 2 1 1 0    21.0   33.0
221 6869.730662 4.401E-34 2.548E-11.02000.020 1290.81000.200.000000              3              0                    Q 25q     344440 4 3 2 1 1 0   153.0  153.0
221 6872.346350 1.371E-33 2.554E-11.02000.020 1191.68900.200.000000              3              0                    Q 24q     344440 4 3 2 1 1 0   294.0  294.0
221 6873.002520 8.091E-36 1.643E-10.05120.051 2412.73470.750.000000              4              1                    S  6q     344440 4 3 2 1 1 0   102.0   78.0
221 6874.857260 1.045E-33 2.557E-11.02140.021 1096.50590.200.000000              3              0                    Q 23q     344440 4 3 2 1 1 0   141.0  141.0
221 6875.556484 7.032E-32 4.755E-11.05420.054   39.78950.760.000000              3              0                    O  4q     344440 4 3 2 1 1 0    30.0   54.0
221 6877.263412 3.123E-33 2.563E-11.02300.023 1005.26390.200.000000              3              0                    Q 22q     344440 4 3 2 1 1 0   270.0  270.0
221 6879.564824 2.284E-33 2.568E-11.02500.025  917.96630.200.000000              3              0                    Q 21q     344440 4 3 2 1 1 0   129.0  129.0
221 6879.938599 4.133E-36 1.721E-10.04990.050 2440.33790.740.000000              4              1                    S  7q     344440 4 3 2 1 1 0    57.0   45.0
221 6881.761512 6.538E-33 2.573E-11.02730.027  834.61610.200.000000              3              0                    Q 20q     344440 4 3 2 1 1 0   246.0  246.0
221 6883.722664 2.748E-32 5.747E-11.05620.056   23.87430.770.000000              3              0                    O  3q     344440 4 3 2 1 1 0     9.0   21.0
221 6883.853493 4.579E-33 2.577E-11.02990.030  755.21600.200.000000              3              0                    Q 19q     344440 4 3 2 1 1 0   117.0  117.0
221 6885.840781 1.255E-32 2.581E-11.03270.033  679.76900.270.000000              3              0                    Q 18q     344440 4 3 2 1 1 0   222.0  222.0
221 6886.767426 8.167E-36 1.797E-10.04880.049 2471.88160.730.000000              4              1                    S  8q     344440 4 3 2 1 1 0   126.0  102.0
221 6887.723392 8.413E-33 2.586E-11.03320.033  608.27760.340.000000              3              0                    Q 17q     344440 4 3 2 1 1 0   105.0  105.0
221 6889.501339 2.205E-32 2.590E-11.03390.034  540.74430.410.000000              3              0                    Q 16q     344440 4 3 2 1 1 0   198.0  198.0
221 6891.174635 1.412E-32 2.593E-11.03300.033  477.17140.470.000000              3              0                    Q 15q     344440 4 3 2 1 1 0    93.0   93.0
221 6891.784984 3.342E-32 9.916E-11.05880.059   11.93730.780.000000              3              0                    O  2q     344440 4 3 2 1 1 0     6.0   30.0
221 6892.743292 3.535E-32 2.598E-11.03570.036  417.56110.520.000000              3              0                    Q 14q     344440 4 3 2 1 1 0   174.0  174.0
221 6893.488718 3.912E-36 1.871E-10.04760.048 2507.36480.710.000000              4              1                    S  9q     344440 4 3 2 1 1 0    69.0   57.0
221 6894.207321 2.159E-32 2.602E-11.03560.036  361.91560.570.000000              3              0                    Q 13q     344440 4 3 2 1 1 0    81.0   81.0
221 6895.566733 5.147E-32 2.607E-11.03740.037  310.23660.620.000000              3              0                    Q 12q     344440 4 3 2 1 1 0   150.0  150.0
221 6896.821538 2.990E-32 2.612E-11.04320.043  262.52610.650.000000              3              0                    Q 11q     344440 4 3 2 1 1 0    69.0   69.0
221 6897.971744 6.765E-32 2.617E-11.04660.047  218.78560.680.000000              3              0                    Q 10q     344440 4 3 2 1 1 0   126.0  126.0
221 6899.017361 3.720E-32 2.623E-11.04720.047  179.01680.710.000000              3              0                    Q  9q     344440 4 3 2 1 1 0    57.0   57.0
221 6899.958394 7.943E-32 2.630E-11.04690.047  143.22090.730.000000              3              0                    Q  8q     344440 4 3 2 1 1 0   102.0  102.0
221 6900.102189 7.284E-36 1.945E-10.04630.046 2546.78620.680.000000              4              1                    S 10q     344440 4 3 2 1 1 0   150.0  126.0
221 6900.794852 4.104E-32 2.640E-11.04760.048  111.39910.740.000000              3              0                    Q  7q     344440 4 3 2 1 1 0    45.0   45.0
221 6901.526739 8.185E-32 2.653E-11.04690.047   83.55270.750.000000              3              0                    Q  6q     344440 4 3 2 1 1 0    78.0   78.0
221 6902.154061 3.919E-32 2.674E-11.04770.048   59.68260.760.000000              3              0                    Q  5q     344440 4 3 2 1 1 0    33.0   33.0
221 6902.676823 7.157E-32 2.710E-11.04900.049   39.78950.760.000000              3              0                    Q  4q     344440 4 3 2 1 1 0    54.0   54.0
221 6903.095028 3.088E-32 2.783E-11.05090.051   23.87430.770.000000              3              0                    Q  3q     344440 4 3 2 1 1 0    21.0   21.0
221 6903.408680 5.009E-32 2.982E-11.05350.053   11.93730.780.000000              3              0                    Q  2q     344440 4 3 2 1 1 0    30.0   30.0
221 6903.617779 2.187E-32 4.176E-11.05670.057    3.97920.790.000000              3              0                    Q  1q     344440 4 3 2 1 1 0     9.0    9.0
221 6906.607554 3.300E-36 2.018E-10.04480.045 2590.14440.650.000000              4              1                    S 11q     344440 4 3 2 1 1 0    81.0   69.0
221 6913.004528 5.827E-36 2.091E-10.04330.043 2637.43790.620.000000              4              1                    S 12q     344440 4 3 2 1 1 0   174.0  150.0
221 6915.346024 3.897E-32 2.197E-11.06630.066    0.00000.810.000000              3              0                    S  0q     344440 4 3 2 1 1 0    30.0    6.0
221 6919.292822 2.509E-36 2.165E-10.04150.042 2688.66510.570.000000              4              1                    S 13q     344440 4 3 2 1 1 0    93.0   81.0
221 6922.990143 3.548E-32 2.920E-11.06210.062    3.97920.790.000000              3              0                    S  1q     344440 4 3 2 1 1 0    21.0    9.0
221 6925.472150 4.219E-36 2.240E-10.03960.040 2743.82420.520.000000              4              1                    S 14q     344440 4 3 2 1 1 0   198.0  174.0
221 6930.529019 1.006E-31 3.354E-11.05880.059   11.93730.780.000000              3              0                    S  2q     344440 4 3 2 1 1 0    54.0   30.0
221 6931.542222 1.732E-36 2.315E-10.03750.037 2802.91320.470.000000              4              1                    S 15q     344440 4 3 2 1 1 0   105.0   93.0
221 6937.502750 2.780E-36 2.391E-10.03540.035 2865.93000.410.000000              4              1                    S 16q     344440 4 3 2 1 1 0   222.0  198.0
221 6937.962374 6.343E-32 3.675E-11.05620.056   23.87430.770.000000              3              0                    S  3q     344440 4 3 2 1 1 0    33.0   21.0
221 6943.353443 1.090E-36 2.467E-10.03320.033 2932.87250.340.000000              4              1                    S 17q     344440 4 3 2 1 1 0   117.0  105.0
221 6945.289928 1.485E-31 3.941E-11.05420.054   39.78950.760.000000              3              0                    S  4q     344440 4 3 2 1 1 0    78.0   54.0
221 6949.094011 1.673E-36 2.546E-10.03110.031 3003.73830.270.000000              4              1                    S 18q     344440 4 3 2 1 1 0   246.0  222.0
221 6952.511402 8.228E-32 4.178E-11.05250.052   59.68260.760.000000              3              0                    S  5q     344440 4 3 2 1 1 0    45.0   33.0
221 6954.724161 6.278E-37 2.625E-10.02910.029 3078.52490.200.000000              4              1                    S 19q     344440 4 3 2 1 1 0   129.0  117.0
221 6959.626514 1.744E-31 4.397E-11.05120.051   83.55270.750.000000              3              0                    S  6q     344440 4 3 2 1 1 0   102.0   78.0
221 6960.243602 9.223E-37 2.705E-10.02740.027 3157.22980.200.000000              4              1                    S 20q     344440 4 3 2 1 1 0   270.0  246.0
221 6965.652040 3.315E-37 2.787E-10.02730.027 3239.85010.200.000000              4              1                    S 21q     344440 4 3 2 1 1 0   141.0  129.0
221 6966.634984 8.899E-32 4.606E-11.04990.050  111.39910.740.000000              3              0                    S  7q     344440 4 3 2 1 1 0    57.0   45.0
221 6970.949182 4.667E-37 2.870E-10.02730.027 3326.38290.200.000000              4              1                    S 22q     344440 4 3 2 1 1 0   294.0  270.0
221 6973.536528 1.755E-31 4.806E-11.04880.049  143.22090.730.000000              3              0                    S  8q     344440 4 3 2 1 1 0   126.0  102.0
221 6976.134732 1.608E-37 2.953E-10.02730.027 3416.82530.200.000000              4              1                    S 23q     344440 4 3 2 1 1 0   153.0  141.0
221 6980.330866 8.394E-32 5.005E-11.04760.048  179.01680.710.000000              3              0                    S  9q     344440 4 3 2 1 1 0    69.0   57.0
221 6981.208396 2.171E-37 3.039E-10.02730.027 3511.17410.200.000000              4              1                    S 24q     344440 4 3 2 1 1 0   318.0  294.0
221 6986.169876 7.176E-38 3.126E-10.02730.027 3609.42590.200.000000              4              1                    S 25q     344440 4 3 2 1 1 0   165.0  153.0
221 6987.017712 1.560E-31 5.201E-11.04630.046  218.78560.680.000000              3              0                    S 10q     344440 4 3 2 1 1 0   150.0  126.0
221 6991.018876 9.295E-38 3.214E-10.02730.027 3711.57730.200.000000              4              1                    S 26q     344440 4 3 2 1 1 0   342.0  318.0
221 6993.596783 7.053E-32 5.396E-11.04480.045  262.52610.650.000000              3              0                    S 11q     344440 4 3 2 1 1 0    81.0   69.0
221 6995.755097 2.949E-38 3.303E-10.02730.027 3817.62480.200.000000              4              1                    S 27q     344440 4 3 2 1 1 0   177.0  165.0
221 7000.067794 1.243E-31 5.593E-11.04330.043  310.23660.620.000000              3              0                    S 12q     344440 4 3 2 1 1 0   174.0  150.0
221 7000.378241 3.667E-38 3.394E-10.02730.027 3927.56450.200.000000              4              1                    S 28q     344440 4 3 2 1 1 0   366.0  342.0
221 7004.888008 1.117E-38 3.486E-10.02730.027 4041.39280.200.000000              4              1                    S 29q     344440 4 3 2 1 1 0   189.0  177.0
221 7006.430460 5.338E-32 5.788E-11.04150.042  361.91560.570.000000              3              0                    S 13q     344440 4 3 2 1 1 0    93.0   81.0
221 7009.284098 1.334E-38 3.580E-10.02730.027 4159.10550.200.000000              4              1                    S 30q     344440 4 3 2 1 1 0   390.0  366.0
221 7012.684493 8.952E-32 5.986E-11.03960.040  417.56110.520.000000              3              0                    S 14q     344440 4 3 2 1 1 0   198.0  174.0
221 7013.566209 3.904E-39 3.675E-10.02730.027 4280.69860.200.000000              4              1                    S 31q     344440 4 3 2 1 1 0   201.0  189.0
221 7017.734039 4.480E-39 3.773E-10.02730.027 4406.16770.200.000000              4              1                    S 32q     344440 4 3 2 1 1 0   414.0  390.0
221 7018.829608 3.665E-32 6.185E-11.03750.037  477.17140.470.000000              3              0                    S 15q     344440 4 3 2 1 1 0   105.0   93.0
221 7021.787285 1.260E-39 3.872E-10.02730.027 4535.50860.200.000000              4              1                    S 33q     344440 4 3 2 1 1 0   213.0  201.0
221 7024.865516 5.865E-32 6.387E-11.03540.035  540.74430.410.000000              3              0                    S 16q     344440 4 3 2 1 1 0   222.0  198.0
221 7025.725643 1.389E-39 3.970E-10.02730.027 4668.71660.200.000000              4              1                    S 34q     344440 4 3 2 1 1 0   438.0  414.0
221 7030.791930 2.293E-32 6.590E-11.03320.033  608.27760.340.000000              3              0                    S 17q     344440 4 3 2 1 1 0   117.0  105.0
221 7036.608560 3.508E-32 6.799E-11.03110.031  679.76900.270.000000              3              0                    S 18q     344440 4 3 2 1 1 0   246.0  222.0
221 7042.315116 1.312E-32 7.009E-11.02910.029  755.21600.200.000000              3              0                    S 19q     344440 4 3 2 1 1 0   129.0  117.0
221 7047.911308 1.920E-32 7.220E-11.02740.027  834.61610.200.000000              3              0                    S 20q     344440 4 3 2 1 1 0   270.0  246.0
221 7053.396845 6.878E-33 7.438E-11.02730.027  917.96630.200.000000              3              0                    S 21q     344440 4 3 2 1 1 0   141.0  129.0
221 7058.771436 9.644E-33 7.657E-11.02730.027 1005.26390.200.000000              3              0                    S 22q     344440 4 3 2 1 1 0   294.0  270.0
221 7064.034787 3.310E-33 7.881E-11.02730.027 1096.50590.200.000000              3              0                    S 23q     344440 4 3 2 1 1 0   153.0  141.0
221 7069.186605 4.449E-33 8.106E-11.02730.027 1191.68900.200.000000              3              0                    S 24q     344440 4 3 2 1 1 0   318.0  294.0
221 7074.226596 1.464E-33 8.335E-11.02730.027 1290.81000.200.000000              3              0                    S 25q     344440 4 3 2 1 1 0   165.0  153.0
221 7079.154466 1.888E-33 8.570E-11.02730.027 1393.86550.200.000000              3              0                    S 26q     344440 4 3 2 1 1 0   342.0  318.0
221 7083.969920 5.961E-34 8.806E-11.02730.027 1500.85180.200.000000              3              0                    S 27q     344440 4 3 2 1 1 0   177.0  165.0
221 7088.672660 7.377E-34 9.048E-11.02730.027 1611.76520.200.000000              3              0                    S 28q     344440 4 3 2 1 1 0   366.0  342.0
221 7093.262390 2.236E-34 9.293E-11.02730.027 1726.60190.200.000000              3              0                    S 29q     344440 4 3 2 1 1 0   189.0  177.0
221 7097.738812 2.657E-34 9.544E-11.02730.027 1845.35800.200.000000              3              0                    S 30q     344440 4 3 2 1 1 0   390.0  366.0
221 7102.101628 7.732E-35 9.794E-11.02730.027 1968.02930.200.000000              3              0                    S 31q     344440 4 3 2 1 1 0   201.0  189.0
221 7106.350538 8.823E-35 1.005E-10.02730.027 2094.61150.200.000000              3              0                    S 32q     344440 4 3 2 1 1 0   414.0  390.0
221 7110.485243 2.467E-35 1.031E-10.02730.027 2225.10030.200.000000              3              0                    S 33q     344440 4 3 2 1 1 0   213.0  201.0
221 7114.505442 2.704E-35 1.058E-10.02730.027 2359.49110.200.000000              3              0                    S 34q     344440 4 3 2 1 1 0   438.0  414.0
221 7118.410832 7.266E-36 1.085E-10.02730.027 2497.77920.200.000000              3              0                    S 35q     344440 4 3 2 1 1 0   225.0  213.0
221 7122.201112 7.655E-36 1.112E-10.02730.027 2639.96000.200.000000              3              0                    S 36q     344440 4 3 2 1 1 0   462.0  438.0
221 7125.875978 1.977E-36 1.140E-10.02730.027 2786.02830.200.000000              3              0                    S 37q     344440 4 3 2 1 1 0   237.0  225.0
221 7129.435126 2.002E-36 1.168E-10.02730.027 2935.97920.200.000000              3              0                    S 38q     344440 4 3 2 1 1 0   486.0  462.0
221 7132.878251 4.971E-37 1.197E-10.02730.027 3089.80750.200.000000              3              0                    S 39q     344440 4 3 2 1 1 0   249.0  237.0
221 7136.205047 4.841E-37 1.226E-10.02730.027 3247.50780.200.000000              3              0                    S 40q     344440 4 3 2 1 1 0   510.0  486.0
221 7139.415207 1.156E-37 1.255E-10.02730.027 3409.07460.200.000000              3              0                    S 41q     344440 4 3 2 1 1 0   261.0  249.0
221 7142.508424 1.082E-37 1.284E-10.02730.027 3574.50230.200.000000              3              0                    S 42q     344440 4 3 2 1 1 0   534.0  510.0
221 7145.484388 2.486E-38 1.316E-10.02730.027 3743.78520.200.000000              3              0                    S 43q     344440 4 3 2 1 1 0   273.0  261.0
221 7148.342791 2.239E-38 1.346E-10.02730.027 3916.91750.200.000000              3              0                    S 44q     344440 4 3 2 1 1 0   558.0  534.0
221 7151.083321 4.947E-39 1.377E-10.02730.027 4093.89290.200.000000              3              0                    S 45q     344440 4 3 2 1 1 0   285.0  273.0
221 7153.705667 4.289E-39 1.409E-10.02730.027 4274.70550.200.000000              3              0                    S 46q     344440 4 3 2 1 1 0   582.0  558.0
221 8732.463873 3.656E-39 1.530E-12.02730.027 3247.50780.200.000000              4              0                    O 40q     344440 4 3 2 1 1 0   462.0  486.0
221 8745.528345 3.974E-39 1.591E-12.02730.027 3089.80750.200.000000              4              0                    O 39q     344440 4 3 2 1 1 0   225.0  237.0
221 8758.462979 1.694E-38 1.655E-12.02730.027 2935.97920.200.000000              4              0                    O 38q     344440 4 3 2 1 1 0   438.0  462.0
221 8771.267545 1.769E-38 1.719E-12.02730.027 2786.02830.200.000000              4              0                    O 37q     344440 4 3 2 1 1 0   213.0  225.0
221 8783.941816 7.243E-38 1.786E-12.02730.027 2639.96000.200.000000              4              0                    O 36q     344440 4 3 2 1 1 0   414.0  438.0
221 8796.485560 7.267E-38 1.854E-12.02730.027 2497.77920.200.000000              4              0                    O 35q     344440 4 3 2 1 1 0   201.0  213.0
221 8808.898545 2.858E-37 1.924E-12.02730.027 2359.49110.200.000000              4              0                    O 34q     344440 4 3 2 1 1 0   390.0  414.0
221 8821.180535 2.754E-37 1.997E-12.02730.027 2225.10030.200.000000              4              0                    O 33q     344440 4 3 2 1 1 0   189.0  201.0
221 8833.331297 1.040E-36 2.071E-12.02730.027 2094.61150.200.000000              4              0                    O 32q     344440 4 3 2 1 1 0   366.0  390.0
221 8845.350591 9.626E-37 2.148E-12.02730.027 1968.02930.200.000000              4              0                    O 31q     344440 4 3 2 1 1 0   177.0  189.0
221 8857.238180 3.491E-36 2.227E-12.02730.027 1845.35800.200.000000              4              0                    O 30q     344440 4 3 2 1 1 0   342.0  366.0
221 8868.993824 3.100E-36 2.307E-12.02730.027 1726.60190.200.000000              4              0                    O 29q     344440 4 3 2 1 1 0   165.0  177.0
221 8880.617279 1.079E-35 2.391E-12.02730.027 1611.76520.200.000000              4              0                    O 28q     344440 4 3 2 1 1 0   318.0  342.0
221 8892.108304 9.195E-36 2.476E-12.02730.027 1500.85180.200.000000              4              0                    O 27q     344440 4 3 2 1 1 0   153.0  165.0
221 8903.466653 3.070E-35 2.564E-12.02730.027 1393.86550.200.000000              4              0                    O 26q     344440 4 3 2 1 1 0   294.0  318.0
221 8914.692081 2.509E-35 2.655E-12.02730.027 1290.81000.200.000000              4              0                    O 25q     344440 4 3 2 1 1 0   141.0  153.0
221 8925.784340 8.032E-35 2.748E-12.02730.027 1191.68900.200.000000              4              0                    O 24q     344440 4 3 2 1 1 0   270.0  294.0
221 8936.743181 6.292E-35 2.844E-12.02730.027 1096.50590.200.000000              4              0                    O 23q     344440 4 3 2 1 1 0   129.0  141.0
221 8947.568354 1.930E-34 2.943E-12.02730.027 1005.26390.200.000000              4              0                    O 22q     344440 4 3 2 1 1 0   246.0  270.0
221 8958.259608 1.448E-34 3.044E-12.02730.027  917.96630.200.000000              4              0                    O 21q     344440 4 3 2 1 1 0   117.0  129.0
221 8968.816690 4.254E-34 3.151E-12.02740.027  834.61610.200.000000              4              0                    O 20q     344440 4 3 2 1 1 0   222.0  246.0
221 8979.239346 3.055E-34 3.260E-12.02910.029  755.21600.200.000000              4              0                    O 19q     344440 4 3 2 1 1 0   105.0  117.0
221 8989.527321 8.581E-34 3.372E-12.03110.031  679.76900.270.000000              4              0                    O 18q     344440 4 3 2 1 1 0   198.0  222.0
221 8999.680357 5.890E-34 3.490E-12.03320.033  608.27760.340.000000              4              0                    O 17q     344440 4 3 2 1 1 0    93.0  105.0
221 9009.698198 1.580E-33 3.611E-12.03540.035  540.74430.410.000000              4              0                    O 16q     344440 4 3 2 1 1 0   174.0  198.0
221 9019.580585 1.035E-33 3.739E-12.03750.037  477.17140.470.000000              4              0                    O 15q     344440 4 3 2 1 1 0    81.0   93.0
221 9021.327201 1.625E-39 3.222E-12.02000.020 3574.50230.200.000000              4              0                    Q 42q     344440 4 3 2 1 1 0   510.0  510.0
221 9027.204321 1.777E-39 3.234E-12.02000.020 3409.07460.200.000000              4              0                    Q 41q     344440 4 3 2 1 1 0   249.0  249.0
221 9029.327256 2.647E-33 3.873E-12.03960.040  417.56110.520.000000              4              0                    O 14q     344440 4 3 2 1 1 0   150.0  174.0
221 9032.940866 7.626E-39 3.246E-12.02000.020 3247.50780.200.000000              4              0                    Q 40q     344440 4 3 2 1 1 0   486.0  486.0
221 9038.536884 8.023E-39 3.258E-12.02000.020 3089.80750.200.000000              4              0                    Q 39q     344440 4 3 2 1 1 0   237.0  237.0
221 9038.937951 1.650E-33 4.013E-12.04150.042  361.91560.570.000000              4              0                    O 13q     344440 4 3 2 1 1 0    69.0   81.0
221 9043.992425 3.311E-38 3.269E-12.02000.020 2935.97920.200.000000              4              0                    Q 38q     344440 4 3 2 1 1 0   462.0  462.0
221 9048.412408 4.009E-33 4.162E-12.04330.043  310.23660.620.000000              4              0                    O 12q     344440 4 3 2 1 1 0   126.0  150.0
221 9049.307533 3.350E-38 3.281E-12.02000.020 2786.02830.200.000000              4              0                    Q 37q     344440 4 3 2 1 1 0   225.0  225.0
221 9054.482255 1.329E-37 3.291E-12.02000.020 2639.96000.200.000000              4              0                    Q 36q     344440 4 3 2 1 1 0   438.0  438.0
221 9057.750362 2.370E-33 4.322E-12.04480.045  262.52610.650.000000              4              0                    O 11q     344440 4 3 2 1 1 0    57.0   69.0
221 9059.516633 1.293E-37 3.302E-12.02000.020 2497.77920.200.000000              4              0                    Q 35q     344440 4 3 2 1 1 0   213.0  213.0
221 9064.410709 4.932E-37 3.313E-12.02000.020 2359.49110.200.000000              4              0                    Q 34q     344440 4 3 2 1 1 0   414.0  414.0
221 9066.951549 5.445E-33 4.496E-12.04630.046  218.78560.680.000000              4              0                    O 10q     344440 4 3 2 1 1 0   102.0  126.0
221 9069.164524 4.611E-37 3.323E-12.02000.020 2225.10030.200.000000              4              0                    Q 33q     344440 4 3 2 1 1 0   201.0  201.0
221 9073.778116 1.691E-36 3.334E-12.02000.020 2094.61150.200.000000              4              0                    Q 32q     344440 4 3 2 1 1 0   390.0  390.0
221 9076.015703 3.033E-33 4.688E-12.04760.048  179.01680.710.000000              4              0                    O  9q     344440 4 3 2 1 1 0    45.0   57.0
221 9078.251523 1.519E-36 3.343E-12.02000.020 1968.02930.200.000000              4              0                    Q 31q     344440 4 3 2 1 1 0   189.0  189.0
221 9082.584782 5.349E-36 3.352E-12.02000.020 1845.35800.200.000000              4              0                    Q 30q     344440 4 3 2 1 1 0   366.0  366.0
221 9084.942557 6.532E-33 4.904E-12.04880.049  143.22090.730.000000              4              0                    O  8q     344440 4 3 2 1 1 0    78.0  102.0
221 9086.777927 4.616E-36 3.362E-12.02000.020 1726.60190.200.000000              4              0                    Q 29q     344440 4 3 2 1 1 0   177.0  177.0
221 9090.830992 1.561E-35 3.370E-12.02000.020 1611.76520.200.000000              4              0                    Q 28q     344440 4 3 2 1 1 0   342.0  342.0
221 9093.731843 3.386E-33 5.157E-12.04990.050  111.39910.740.000000              4              0                    O  7q     344440 4 3 2 1 1 0    33.0   45.0
221 9094.744010 1.294E-35 3.380E-12.02000.020 1500.85180.200.000000              4              0                    Q 27q     344440 4 3 2 1 1 0   165.0  165.0
221 9098.517011 4.200E-35 3.387E-12.02000.020 1393.86550.200.000000              4              0                    Q 26q     344440 4 3 2 1 1 0   318.0  318.0
221 9102.150025 3.340E-35 3.395E-12.02000.020 1290.81000.200.000000              4              0                    Q 25q     344440 4 3 2 1 1 0   153.0  153.0
221 9102.383291 6.717E-33 5.471E-12.05120.051   83.55270.750.000000              4              0                    O  6q     344440 4 3 2 1 1 0    54.0   78.0
221 9105.643081 1.041E-34 3.404E-12.02000.020 1191.68900.200.000000              4              0                    Q 24q     344440 4 3 2 1 1 0   294.0  294.0
221 9108.996206 7.940E-35 3.411E-12.02140.021 1096.50590.200.000000              4              0                    Q 23q     344440 4 3 2 1 1 0   141.0  141.0
221 9110.896631 3.153E-33 5.892E-12.05250.052   59.68260.760.000000              4              0                    O  5q     344440 4 3 2 1 1 0    21.0   33.0
221 9112.209426 2.373E-34 3.419E-12.02300.023 1005.26390.200.000000              4              0                    Q 22q     344440 4 3 2 1 1 0   270.0  270.0
221 9115.282766 1.735E-34 3.425E-12.02500.025  917.96630.200.000000              4              0                    Q 21q     344440 4 3 2 1 1 0   129.0  129.0
221 9118.216250 4.969E-34 3.433E-12.02730.027  834.61610.200.000000              4              0                    Q 20q     344440 4 3 2 1 1 0   246.0  246.0
221 9119.271592 5.497E-33 6.539E-12.05420.054   39.78950.760.000000              4              0                    O  4q     344440 4 3 2 1 1 0    30.0   54.0
221 9121.009900 3.481E-34 3.439E-12.02990.030  755.21600.200.000000              4              0                    Q 19q     344440 4 3 2 1 1 0   117.0  117.0
221 9123.663738 9.544E-34 3.446E-12.03270.033  679.76900.270.000000              4              0                    Q 18q     344440 4 3 2 1 1 0   222.0  222.0
221 9126.177783 6.398E-34 3.452E-12.03320.033  608.27760.340.000000              4              0                    Q 17q     344440 4 3 2 1 1 0   105.0  105.0
221 9127.507901 2.132E-33 7.839E-12.05620.056   23.87430.770.000000              4              0                    O  3q     344440 4 3 2 1 1 0     9.0   21.0
221 9128.552056 1.677E-33 3.458E-12.03390.034  540.74430.410.000000              4              0                    Q 16q     344440 4 3 2 1 1 0   198.0  198.0
221 9130.786573 1.075E-33 3.466E-12.03300.033  477.17140.470.000000              4              0                    Q 15q     344440 4 3 2 1 1 0    93.0   93.0
221 9132.881353 2.690E-33 3.471E-12.03570.036  417.56110.520.000000              4              0                    Q 14q     344440 4 3 2 1 1 0   174.0  174.0
221 9134.836409 1.643E-33 3.477E-12.03560.036  361.91560.570.000000              4              0                    Q 13q     344440 4 3 2 1 1 0    81.0   81.0
221 9135.605284 2.574E-33 1.342E-11.05880.059   11.93730.780.000000              4              0                    O  2q     344440 4 3 2 1 1 0     6.0   30.0
221 9136.651759 3.918E-33 3.484E-12.03740.037  310.23660.620.000000              4              0                    Q 12q     344440 4 3 2 1 1 0   150.0  150.0
221 9138.327414 2.276E-33 3.490E-12.04320.043  262.52610.650.000000              4              0                    Q 11q     344440 4 3 2 1 1 0    69.0   69.0
221 9139.863387 5.150E-33 3.498E-12.04660.047  218.78560.680.000000              4              0                    Q 10q     344440 4 3 2 1 1 0   126.0  126.0
221 9141.259690 2.833E-33 3.507E-12.04720.047  179.01680.710.000000              4              0                    Q  9q     344440 4 3 2 1 1 0    57.0   57.0
221 9142.516334 6.049E-33 3.517E-12.04690.047  143.22090.730.000000              4              0                    Q  8q     344440 4 3 2 1 1 0   102.0  102.0
221 9143.633326 3.126E-33 3.530E-12.04760.048  111.39910.740.000000              4              0                    Q  7q     344440 4 3 2 1 1 0    45.0   45.0
221 9144.610677 6.234E-33 3.548E-12.04690.047   83.55270.750.000000              4              0                    Q  6q     344440 4 3 2 1 1 0    78.0   78.0
221 9145.448393 2.985E-33 3.576E-12.04770.048   59.68260.760.000000              4              0                    Q  5q     344440 4 3 2 1 1 0    33.0   33.0
221 9146.146480 5.451E-33 3.624E-12.04900.049   39.78950.760.000000              4              0                    Q  4q     344440 4 3 2 1 1 0    54.0   54.0
221 9146.704944 2.352E-33 3.722E-12.05090.051   23.87430.770.000000              4              0                    Q  3q     344440 4 3 2 1 1 0    21.0   21.0
221 9147.123788 3.816E-33 3.989E-12.05350.053   11.93730.780.000000              4              0                    Q  2q     344440 4 3 2 1 1 0    30.0   30.0
221 9147.403015 1.666E-33 5.585E-12.05670.057    3.97920.790.000000              4              0                    Q  1q     344440 4 3 2 1 1 0     9.0    9.0
221 9159.061132 2.937E-33 2.905E-12.06630.066    0.00000.810.000000              4              0                    S  0q     344440 4 3 2 1 1 0    30.0    6.0
221 9166.600059 2.657E-33 3.834E-12.06210.062    3.97920.790.000000              4              0                    S  1q     344440 4 3 2 1 1 0    21.0    9.0
221 9173.998676 7.481E-33 4.370E-12.05880.059   11.93730.780.000000              4              0                    S  2q     344440 4 3 2 1 1 0    54.0   30.0
221 9181.256706 4.687E-33 4.756E-12.05620.056   23.87430.770.000000              4              0                    S  3q     344440 4 3 2 1 1 0    33.0   21.0
221 9188.373867 1.090E-32 5.063E-12.05420.054   39.78950.760.000000              4              0                    S  4q     344440 4 3 2 1 1 0    78.0   54.0
221 9195.349877 6.003E-33 5.332E-12.05250.052   59.68260.760.000000              4              0                    S  5q     344440 4 3 2 1 1 0    45.0   33.0
221 9202.184453 1.265E-32 5.575E-12.05120.051   83.55270.750.000000              4              0                    S  6q     344440 4 3 2 1 1 0   102.0   78.0
221 9208.877313 6.414E-33 5.800E-12.04990.050  111.39910.740.000000              4              0                    S  7q     344440 4 3 2 1 1 0    57.0   45.0
221 9215.428171 1.258E-32 6.016E-12.04880.049  143.22090.730.000000              4              0                    S  8q     344440 4 3 2 1 1 0   126.0  102.0
221 9221.836741 5.980E-33 6.223E-12.04760.048  179.01680.710.000000              4              0                    S  9q     344440 4 3 2 1 1 0    69.0   57.0
221 9228.102737 1.105E-32 6.426E-12.04630.046  218.78560.680.000000              4              0                    S 10q     344440 4 3 2 1 1 0   150.0  126.0
221 9234.225872 4.969E-33 6.628E-12.04480.045  262.52610.650.000000              4              0                    S 11q     344440 4 3 2 1 1 0    81.0   69.0
221 9240.205855 8.707E-33 6.827E-12.04330.043  310.23660.620.000000              4              0                    S 12q     344440 4 3 2 1 1 0   174.0  150.0
221 9246.042398 3.720E-33 7.024E-12.04150.042  361.91560.570.000000              4              0                    S 13q     344440 4 3 2 1 1 0    93.0   81.0
221 9251.735210 6.207E-33 7.223E-12.03960.040  417.56110.520.000000              4              0                    S 14q     344440 4 3 2 1 1 0   198.0  174.0
221 9257.283999 2.528E-33 7.421E-12.03750.037  477.17140.470.000000              4              0                    S 15q     344440 4 3 2 1 1 0   105.0   93.0
221 9262.688473 4.025E-33 7.621E-12.03540.035  540.74430.410.000000              4              0                    S 16q     344440 4 3 2 1 1 0   222.0  198.0
221 9267.948337 1.566E-33 7.821E-12.03320.033  608.27760.340.000000              4              0                    S 17q     344440 4 3 2 1 1 0   117.0  105.0
221 9273.063298 2.384E-33 8.024E-12.03110.031  679.76900.270.000000              4              0                    S 18q     344440 4 3 2 1 1 0   246.0  222.0
221 9278.033058 8.873E-34 8.227E-12.02910.029  755.21600.200.000000              4              0                    S 19q     344440 4 3 2 1 1 0   129.0  117.0
221 9282.857322 1.293E-33 8.435E-12.02740.027  834.61610.200.000000              4              0                    S 20q     344440 4 3 2 1 1 0   270.0  246.0
221 9287.535791 4.609E-34 8.642E-12.02730.027  917.96630.200.000000              4              0                    S 21q     344440 4 3 2 1 1 0   141.0  129.0
221 9292.068167 6.433E-34 8.851E-12.02730.027 1005.26390.200.000000              4              0                    S 22q     344440 4 3 2 1 1 0   294.0  270.0
221 9296.454150 2.198E-34 9.064E-12.02730.027 1096.50590.200.000000              4              0                    S 23q     344440 4 3 2 1 1 0   153.0  141.0
221 9300.693439 2.942E-34 9.279E-12.02730.027 1191.68900.200.000000              4              0                    S 24q     344440 4 3 2 1 1 0   318.0  294.0
221 9304.785731 9.641E-35 9.496E-12.02730.027 1290.81000.200.000000              4              0                    S 25q     344440 4 3 2 1 1 0   165.0  153.0
221 9308.730724 1.238E-34 9.717E-12.02730.027 1393.86550.200.000000              4              0                    S 26q     344440 4 3 2 1 1 0   342.0  318.0
221 9312.528114 3.893E-35 9.939E-12.02730.027 1500.85180.200.000000              4              0                    S 27q     344440 4 3 2 1 1 0   177.0  165.0
221 9316.177594 4.798E-35 1.016E-11.02730.027 1611.76520.200.000000              4              0                    S 28q     344440 4 3 2 1 1 0   366.0  342.0
221 9319.678859 1.448E-35 1.039E-11.02730.027 1726.60190.200.000000              4              0                    S 29q     344440 4 3 2 1 1 0   189.0  177.0
221 9323.031601 1.714E-35 1.062E-11.02730.027 1845.35800.200.000000              4              0                    S 30q     344440 4 3 2 1 1 0   390.0  366.0
221 9326.235512 4.970E-36 1.086E-11.02730.027 1968.02930.200.000000              4              0                    S 31q     344440 4 3 2 1 1 0   201.0  189.0
221 9329.290280 5.650E-36 1.109E-11.02730.027 2094.61150.200.000000              4              0                    S 32q     344440 4 3 2 1 1 0   414.0  390.0
221 9332.195597 1.574E-36 1.133E-11.02730.027 2225.10030.200.000000              4              0                    S 33q     344440 4 3 2 1 1 0   213.0  201.0
221 9334.951148 1.719E-36 1.157E-11.02730.027 2359.49110.200.000000              4              0                    S 34q     344440 4 3 2 1 1 0   438.0  414.0
221 9337.556621 4.602E-37 1.182E-11.02730.027 2497.77920.200.000000              4              0                    S 35q     344440 4 3 2 1 1 0   225.0  213.0
221 9340.011701 4.832E-37 1.207E-11.02730.027 2639.96000.200.000000              4              0                    S 36q     344440 4 3 2 1 1 0   462.0  438.0
221 9342.316072 1.243E-37 1.232E-11.02730.027 2786.02830.200.000000              4              0                    S 37q     344440 4 3 2 1 1 0   237.0  225.0
221 9344.469418 1.255E-37 1.258E-11.02730.027 2935.97920.200.000000              4              0                    S 38q     344440 4 3 2 1 1 0   486.0  462.0
221 9346.471418 3.106E-38 1.284E-11.02730.027 3089.80750.200.000000              4              0                    S 39q     344440 4 3 2 1 1 0   249.0  237.0
221 9348.321754 3.014E-38 1.309E-11.02730.027 3247.50780.200.000000              4              0                    S 40q     344440 4 3 2 1 1 0   510.0  486.0
221 9350.020105 7.174E-39 1.336E-11.02730.027 3409.07460.200.000000              4              0                    S 41q     344440 4 3 2 1 1 0   261.0  249.0
221 9351.566148 6.697E-39 1.363E-11.02730.027 3574.50230.200.000000              4              0                    S 42q     344440 4 3 2 1 1 0   534.0  510.0
221 9352.959559 1.533E-39 1.390E-11.02730.027 3743.78520.200.000000              4              0                    S 43q     344440 4 3 2 1 1 0   273.0  261.0
221 9354.200013 1.377E-39 1.417E-11.02730.027 3916.91750.200.000000              4              0                    S 44q     344440 4 3 2 1 1 0   558.0  534.0
